ISO-10303-21;
HEADER;
/* Generated by software containing ST-Developer
 * from STEP Tools, Inc. (www.steptools.com) 
 */

FILE_DESCRIPTION(
/* description */ (''),
/* implementation_level */ '2;1');

FILE_NAME(
/* name */ 
'C:\\Users\\SvenW\\Documents\\inventor\\B-Automaten\\Export_B_Automate
n\\ExportGithub\\Gehaeuse.stp',
/* time_stamp */ '2026-05-14T07:48:56+02:00',
/* author */ ('SvenW'),
/* organization */ (''),
/* preprocessor_version */ 'ST-DEVELOPER v15.2',
/* originating_system */ 'Autodesk Inventor 2014',
/* authorisation */ '');

FILE_SCHEMA (('AUTOMOTIVE_DESIGN { 1 0 10303 214 3 1 1 }'));
ENDSEC;

DATA;
#10=MECHANICAL_DESIGN_GEOMETRIC_PRESENTATION_REPRESENTATION('',(#13),#10175);
#11=SHAPE_REPRESENTATION_RELATIONSHIP('SRR','None',#10184,#12);
#12=ADVANCED_BREP_SHAPE_REPRESENTATION($,(#5577),#10174);
#13=STYLED_ITEM('',(#10193),#5577);
#14=(
BOUNDED_SURFACE()
B_SPLINE_SURFACE(2,2,((#9814,#9815,#9816),(#9817,#9818,#9819),(#9820,#9821,
#9822)),.UNSPECIFIED.,.F.,.F.,.F.)
B_SPLINE_SURFACE_WITH_KNOTS((3,3),(3,3),(-1.5707963267949,0.),(-1.5707963267949,
0.),.UNSPECIFIED.)
GEOMETRIC_REPRESENTATION_ITEM()
RATIONAL_B_SPLINE_SURFACE(((1.,0.707106781186548,1.),(0.707106781186539,
0.499999999999994,0.707106781186539),(1.,0.707106781186548,1.)))
REPRESENTATION_ITEM('')
SURFACE()
);
#15=(
BOUNDED_SURFACE()
B_SPLINE_SURFACE(2,2,((#9830,#9831,#9832),(#9833,#9834,#9835),(#9836,#9837,
#9838)),.UNSPECIFIED.,.F.,.F.,.F.)
B_SPLINE_SURFACE_WITH_KNOTS((3,3),(3,3),(-1.5707963267949,0.),(0.,1.5707963267949),
 .UNSPECIFIED.)
GEOMETRIC_REPRESENTATION_ITEM()
RATIONAL_B_SPLINE_SURFACE(((1.,0.707106781186545,1.),(0.707106781186548,
0.499999999999999,0.707106781186548),(1.,0.707106781186545,1.)))
REPRESENTATION_ITEM('')
SURFACE()
);
#16=(
BOUNDED_SURFACE()
B_SPLINE_SURFACE(2,2,((#10025,#10026,#10027),(#10028,#10029,#10030),(#10031,
#10032,#10033)),.UNSPECIFIED.,.F.,.F.,.F.)
B_SPLINE_SURFACE_WITH_KNOTS((3,3),(3,3),(-1.5707963267949,0.),(1.5707963267949,
3.14159265358979),.UNSPECIFIED.)
GEOMETRIC_REPRESENTATION_ITEM()
RATIONAL_B_SPLINE_SURFACE(((1.,0.707106781186548,1.),(0.707106781186539,
0.499999999999994,0.707106781186539),(1.,0.707106781186548,1.)))
REPRESENTATION_ITEM('')
SURFACE()
);
#17=(
BOUNDED_SURFACE()
B_SPLINE_SURFACE(2,2,((#10043,#10044,#10045),(#10046,#10047,#10048),(#10049,
#10050,#10051)),.UNSPECIFIED.,.F.,.F.,.F.)
B_SPLINE_SURFACE_WITH_KNOTS((3,3),(3,3),(-1.5707963267949,0.),(-3.14159265358979,
-1.5707963267949),.UNSPECIFIED.)
GEOMETRIC_REPRESENTATION_ITEM()
RATIONAL_B_SPLINE_SURFACE(((1.,0.707106781186548,1.),(0.707106781186539,
0.499999999999994,0.707106781186539),(1.,0.707106781186548,1.)))
REPRESENTATION_ITEM('')
SURFACE()
);
#18=(
BOUNDED_SURFACE()
B_SPLINE_SURFACE(2,2,((#10069,#10070,#10071),(#10072,#10073,#10074),(#10075,
#10076,#10077)),.UNSPECIFIED.,.F.,.F.,.F.)
B_SPLINE_SURFACE_WITH_KNOTS((3,3),(3,3),(-1.5707963267949,0.),(-3.14159265358979,
-1.5707963267949),.UNSPECIFIED.)
GEOMETRIC_REPRESENTATION_ITEM()
RATIONAL_B_SPLINE_SURFACE(((1.,0.707106781186548,1.),(0.707106781186544,
0.499999999999997,0.707106781186544),(1.,0.707106781186548,1.)))
REPRESENTATION_ITEM('')
SURFACE()
);
#19=(
BOUNDED_SURFACE()
B_SPLINE_SURFACE(2,2,((#10082,#10083,#10084),(#10085,#10086,#10087),(#10088,
#10089,#10090)),.UNSPECIFIED.,.F.,.F.,.F.)
B_SPLINE_SURFACE_WITH_KNOTS((3,3),(3,3),(-1.5707963267949,0.),(-1.5707963267949,
0.),.UNSPECIFIED.)
GEOMETRIC_REPRESENTATION_ITEM()
RATIONAL_B_SPLINE_SURFACE(((1.,0.707106781186548,1.),(0.707106781186546,
0.499999999999999,0.707106781186546),(1.,0.707106781186548,1.)))
REPRESENTATION_ITEM('')
SURFACE()
);
#20=(
BOUNDED_SURFACE()
B_SPLINE_SURFACE(2,2,((#10094,#10095,#10096),(#10097,#10098,#10099),(#10100,
#10101,#10102)),.UNSPECIFIED.,.F.,.F.,.F.)
B_SPLINE_SURFACE_WITH_KNOTS((3,3),(3,3),(-1.5707963267949,0.),(0.,1.5707963267949),
 .UNSPECIFIED.)
GEOMETRIC_REPRESENTATION_ITEM()
RATIONAL_B_SPLINE_SURFACE(((1.,0.707106781186548,1.),(0.707106781186546,
0.499999999999999,0.707106781186546),(1.,0.707106781186548,1.)))
REPRESENTATION_ITEM('')
SURFACE()
);
#21=(
BOUNDED_SURFACE()
B_SPLINE_SURFACE(2,2,((#10108,#10109,#10110),(#10111,#10112,#10113),(#10114,
#10115,#10116)),.UNSPECIFIED.,.F.,.F.,.F.)
B_SPLINE_SURFACE_WITH_KNOTS((3,3),(3,3),(-1.5707963267949,0.),(1.5707963267949,
3.14159265358979),.UNSPECIFIED.)
GEOMETRIC_REPRESENTATION_ITEM()
RATIONAL_B_SPLINE_SURFACE(((1.,0.707106781186548,1.),(0.707106781186546,
0.499999999999999,0.707106781186546),(1.,0.707106781186548,1.)))
REPRESENTATION_ITEM('')
SURFACE()
);
#22=TOROIDAL_SURFACE('',#5905,15.,5.);
#23=TOROIDAL_SURFACE('',#6064,8.,2.);
#24=TOROIDAL_SURFACE('',#6070,8.,2.);
#25=TOROIDAL_SURFACE('',#6075,8.,2.);
#26=TOROIDAL_SURFACE('',#6077,8.,2.);
#27=TOROIDAL_SURFACE('',#6089,8.,2.);
#28=TOROIDAL_SURFACE('',#6096,8.,2.);
#29=TOROIDAL_SURFACE('',#6102,8.,2.);
#30=TOROIDAL_SURFACE('',#6107,8.,2.);
#31=TOROIDAL_SURFACE('',#6150,15.,5.);
#32=TOROIDAL_SURFACE('',#6152,15.,5.);
#33=B_SPLINE_CURVE_WITH_KNOTS('',4,(#8588,#8589,#8590,#8591,#8592,#8593,
#8594,#8595,#8596,#8597),.UNSPECIFIED.,.F.,.F.,(5,1,1,1,1,1,5),(-7.,-6.,
-5.,-4.,-3.,-2.,-1.00146460138152),.UNSPECIFIED.);
#34=B_SPLINE_CURVE_WITH_KNOTS('',4,(#8601,#8602,#8603,#8604,#8605,#8606,
#8607,#8608,#8609,#8610),.UNSPECIFIED.,.F.,.F.,(5,1,1,1,1,1,5),(-7.,-6.,
-5.,-4.,-3.,-2.,-1.00146460138152),.UNSPECIFIED.);
#35=B_SPLINE_CURVE_WITH_KNOTS('',3,(#8779,#8780,#8781,#8782,#8783,#8784,
#8785,#8786,#8787,#8788,#8789,#8790,#8791,#8792,#8793,#8794,#8795,#8796,
#8797,#8798,#8799,#8800,#8801,#8802,#8803,#8804,#8805,#8806,#8807,#8808,
#8809,#8810,#8811,#8812,#8813,#8814,#8815,#8816,#8817,#8818,#8819,#8820,
#8821,#8822,#8823,#8824,#8825,#8826,#8827,#8828,#8829,#8830,#8831,#8832,
#8833,#8834,#8835,#8836,#8837,#8838,#8839,#8840,#8841,#8842,#8843,#8844,
#8845,#8846,#8847,#8848,#8849,#8850,#8851,#8852,#8853,#8854,#8855,#8856,
#8857,#8858),.UNSPECIFIED.,.F.,.F.,(4,1,1,1,1,1,1,1,1,1,1,1,1,1,1,1,1,1,
1,1,1,1,1,1,1,1,1,1,1,1,1,1,1,1,1,1,1,1,1,1,1,1,1,1,1,1,1,1,1,1,1,1,1,1,
1,1,1,1,1,1,1,1,1,1,1,1,1,1,1,1,1,1,1,1,1,1,1,4),(-6.99784964744638,-6.87289444645791,
-6.77917804571656,-6.74793924546944,-6.68546164497521,-6.65422284472809,
-6.59174524423386,-6.56050644398674,-6.49802884349251,-6.46679004324539,
-6.40431244275116,-6.37307364250404,-6.31059604200981,-6.27935724176269,
-6.18564084102134,-6.12316324052711,-6.02944683978576,-5.99820803953865,
-5.93573043904441,-5.9044916387973,-5.81077523805595,-5.74829763756171,
-5.62334243657325,-5.56086483607901,-5.43590963509055,-5.37343203459632,
-5.24847683360785,-5.18599923311362,-4.99856643163092,-4.87361123064245,
-4.68617842915975,-4.62370082866552,-4.49874562767705,-4.43626802718282,
-4.31131282619435,-4.24883522570012,-4.12388002471165,-4.06140242421742,
-3.93644722322896,-3.87396962273472,-3.74901442174626,-3.68653682125202,
-3.56158162026356,-3.49910401976932,-3.37414881878086,-3.31167121828662,
-3.18671601729816,-3.12423841680392,-2.99928321581546,-2.93680561532123,
-2.81185041433276,-2.74937281383853,-2.62441761285006,-2.56194001235583,
-2.43698481136736,-2.37450721087313,-2.24955200988466,-2.18707440939043,
-2.06211920840196,-1.99964160790773,-1.87468640691926,-1.81220880642503,
-1.71849240568368,-1.68725360543656,-1.62477600494233,-1.59353720469521,
-1.49982080395387,-1.43734320345963,-1.34362680271828,-1.31238800247117,
-1.24991040197693,-1.21867160172982,-1.15619400123558,-1.12495520098847,
-1.07809700061779,-1.06247760049423,-1.03123880024712,-1.),
 .UNSPECIFIED.);
#36=B_SPLINE_CURVE_WITH_KNOTS('',3,(#8861,#8862,#8863,#8864,#8865,#8866,
#8867,#8868,#8869,#8870,#8871,#8872,#8873,#8874,#8875,#8876,#8877,#8878,
#8879,#8880,#8881,#8882,#8883,#8884,#8885,#8886,#8887,#8888,#8889,#8890,
#8891,#8892,#8893,#8894,#8895,#8896,#8897,#8898,#8899,#8900,#8901,#8902,
#8903,#8904,#8905,#8906,#8907,#8908,#8909,#8910,#8911,#8912,#8913,#8914,
#8915,#8916,#8917,#8918,#8919,#8920,#8921,#8922,#8923,#8924,#8925,#8926,
#8927,#8928,#8929,#8930,#8931,#8932,#8933,#8934,#8935,#8936,#8937,#8938,
#8939,#8940),.UNSPECIFIED.,.F.,.F.,(4,1,1,1,1,1,1,1,1,1,1,1,1,1,1,1,1,1,
1,1,1,1,1,1,1,1,1,1,1,1,1,1,1,1,1,1,1,1,1,1,1,1,1,1,1,1,1,1,1,1,1,1,1,1,
1,1,1,1,1,1,1,1,1,1,1,1,1,1,1,1,1,1,1,1,1,1,1,4),(-6.99784964744638,-6.87289444645791,
-6.77917804571656,-6.74793924546944,-6.68546164497521,-6.65422284472809,
-6.59174524423386,-6.56050644398674,-6.49802884349251,-6.46679004324539,
-6.40431244275116,-6.37307364250404,-6.31059604200981,-6.27935724176269,
-6.18564084102134,-6.12316324052711,-6.02944683978576,-5.99820803953865,
-5.93573043904441,-5.9044916387973,-5.81077523805595,-5.74829763756171,
-5.62334243657325,-5.56086483607901,-5.43590963509055,-5.37343203459632,
-5.24847683360785,-5.18599923311362,-4.99856643163092,-4.87361123064245,
-4.68617842915975,-4.62370082866552,-4.49874562767705,-4.43626802718282,
-4.31131282619435,-4.24883522570012,-4.12388002471165,-4.06140242421742,
-3.93644722322896,-3.87396962273472,-3.74901442174626,-3.68653682125202,
-3.56158162026356,-3.49910401976932,-3.37414881878086,-3.31167121828662,
-3.18671601729816,-3.12423841680392,-2.99928321581546,-2.93680561532123,
-2.81185041433276,-2.74937281383853,-2.62441761285006,-2.56194001235583,
-2.43698481136736,-2.37450721087313,-2.24955200988466,-2.18707440939043,
-2.06211920840196,-1.99964160790773,-1.87468640691926,-1.81220880642503,
-1.71849240568368,-1.68725360543656,-1.62477600494233,-1.59353720469521,
-1.49982080395387,-1.43734320345963,-1.34362680271828,-1.31238800247117,
-1.24991040197693,-1.21867160172982,-1.15619400123558,-1.12495520098847,
-1.07809700061779,-1.06247760049423,-1.03123880024712,-1.),
 .UNSPECIFIED.);
#37=B_SPLINE_CURVE_WITH_KNOTS('',4,(#8957,#8958,#8959,#8960,#8961),
 .UNSPECIFIED.,.F.,.F.,(5,5),(-1.00146460138152,-1.),.UNSPECIFIED.);
#38=B_SPLINE_CURVE_WITH_KNOTS('',4,(#8962,#8963,#8964,#8965,#8966),
 .UNSPECIFIED.,.F.,.F.,(5,5),(-1.00146460138152,-1.),.UNSPECIFIED.);
#39=B_SPLINE_CURVE_WITH_KNOTS('',2,(#9039,#9040,#9041,#9042),
 .UNSPECIFIED.,.F.,.F.,(3,1,3),(0.,1.,2.),.UNSPECIFIED.);
#40=B_SPLINE_CURVE_WITH_KNOTS('',2,(#9046,#9047,#9048,#9049),
 .UNSPECIFIED.,.F.,.F.,(3,1,3),(0.,1.,2.),.UNSPECIFIED.);
#41=B_SPLINE_CURVE_WITH_KNOTS('',2,(#9060,#9061,#9062,#9063),
 .UNSPECIFIED.,.F.,.F.,(3,1,3),(0.,1.,2.),.UNSPECIFIED.);
#42=B_SPLINE_CURVE_WITH_KNOTS('',2,(#9066,#9067,#9068,#9069),
 .UNSPECIFIED.,.F.,.F.,(3,1,3),(0.,1.,2.),.UNSPECIFIED.);
#43=B_SPLINE_CURVE_WITH_KNOTS('',2,(#9091,#9092,#9093,#9094),
 .UNSPECIFIED.,.F.,.F.,(3,1,3),(0.,1.,2.),.UNSPECIFIED.);
#44=B_SPLINE_CURVE_WITH_KNOTS('',2,(#9097,#9098,#9099,#9100),
 .UNSPECIFIED.,.F.,.F.,(3,1,3),(0.,1.,2.),.UNSPECIFIED.);
#45=B_SPLINE_CURVE_WITH_KNOTS('',2,(#9110,#9111,#9112,#9113),
 .UNSPECIFIED.,.F.,.F.,(3,1,3),(0.,1.,2.),.UNSPECIFIED.);
#46=B_SPLINE_CURVE_WITH_KNOTS('',2,(#9116,#9117,#9118,#9119),
 .UNSPECIFIED.,.F.,.F.,(3,1,3),(0.,1.,2.),.UNSPECIFIED.);
#47=B_SPLINE_CURVE_WITH_KNOTS('',2,(#9129,#9130,#9131,#9132),
 .UNSPECIFIED.,.F.,.F.,(3,1,3),(0.,1.,2.),.UNSPECIFIED.);
#48=B_SPLINE_CURVE_WITH_KNOTS('',2,(#9135,#9136,#9137,#9138),
 .UNSPECIFIED.,.F.,.F.,(3,1,3),(0.,1.,2.),.UNSPECIFIED.);
#49=B_SPLINE_CURVE_WITH_KNOTS('',2,(#9148,#9149,#9150,#9151),
 .UNSPECIFIED.,.F.,.F.,(3,1,3),(0.,1.,2.),.UNSPECIFIED.);
#50=B_SPLINE_CURVE_WITH_KNOTS('',2,(#9154,#9155,#9156,#9157),
 .UNSPECIFIED.,.F.,.F.,(3,1,3),(0.,1.,2.),.UNSPECIFIED.);
#51=B_SPLINE_CURVE_WITH_KNOTS('',2,(#9167,#9168,#9169,#9170),
 .UNSPECIFIED.,.F.,.F.,(3,1,3),(0.,1.,2.),.UNSPECIFIED.);
#52=B_SPLINE_CURVE_WITH_KNOTS('',2,(#9173,#9174,#9175,#9176),
 .UNSPECIFIED.,.F.,.F.,(3,1,3),(0.,1.,2.),.UNSPECIFIED.);
#53=B_SPLINE_CURVE_WITH_KNOTS('',2,(#9186,#9187,#9188,#9189),
 .UNSPECIFIED.,.F.,.F.,(3,1,3),(0.,1.,2.),.UNSPECIFIED.);
#54=B_SPLINE_CURVE_WITH_KNOTS('',2,(#9192,#9193,#9194,#9195),
 .UNSPECIFIED.,.F.,.F.,(3,1,3),(0.,1.,2.),.UNSPECIFIED.);
#55=B_SPLINE_CURVE_WITH_KNOTS('',2,(#9205,#9206,#9207,#9208),
 .UNSPECIFIED.,.F.,.F.,(3,1,3),(0.,1.,2.),.UNSPECIFIED.);
#56=B_SPLINE_CURVE_WITH_KNOTS('',2,(#9211,#9212,#9213,#9214),
 .UNSPECIFIED.,.F.,.F.,(3,1,3),(0.,1.,2.),.UNSPECIFIED.);
#57=B_SPLINE_CURVE_WITH_KNOTS('',2,(#9224,#9225,#9226,#9227),
 .UNSPECIFIED.,.F.,.F.,(3,1,3),(0.,1.,2.),.UNSPECIFIED.);
#58=B_SPLINE_CURVE_WITH_KNOTS('',2,(#9230,#9231,#9232,#9233),
 .UNSPECIFIED.,.F.,.F.,(3,1,3),(0.,1.,2.),.UNSPECIFIED.);
#59=B_SPLINE_CURVE_WITH_KNOTS('',2,(#9255,#9256,#9257,#9258),
 .UNSPECIFIED.,.F.,.F.,(3,1,3),(0.,1.,2.),.UNSPECIFIED.);
#60=B_SPLINE_CURVE_WITH_KNOTS('',2,(#9261,#9262,#9263,#9264),
 .UNSPECIFIED.,.F.,.F.,(3,1,3),(0.,1.,2.),.UNSPECIFIED.);
#61=B_SPLINE_CURVE_WITH_KNOTS('',2,(#9274,#9275,#9276,#9277),
 .UNSPECIFIED.,.F.,.F.,(3,1,3),(0.,1.,2.),.UNSPECIFIED.);
#62=B_SPLINE_CURVE_WITH_KNOTS('',2,(#9280,#9281,#9282,#9283),
 .UNSPECIFIED.,.F.,.F.,(3,1,3),(0.,1.,2.),.UNSPECIFIED.);
#63=B_SPLINE_CURVE_WITH_KNOTS('',2,(#9293,#9294,#9295,#9296),
 .UNSPECIFIED.,.F.,.F.,(3,1,3),(0.,1.,2.),.UNSPECIFIED.);
#64=B_SPLINE_CURVE_WITH_KNOTS('',2,(#9299,#9300,#9301,#9302),
 .UNSPECIFIED.,.F.,.F.,(3,1,3),(0.,1.,2.),.UNSPECIFIED.);
#65=B_SPLINE_CURVE_WITH_KNOTS('',2,(#9311,#9312,#9313,#9314),
 .UNSPECIFIED.,.F.,.F.,(3,1,3),(0.,1.,2.),.UNSPECIFIED.);
#66=B_SPLINE_CURVE_WITH_KNOTS('',2,(#9315,#9316,#9317,#9318),
 .UNSPECIFIED.,.F.,.F.,(3,1,3),(0.,1.,2.),.UNSPECIFIED.);
#67=B_SPLINE_CURVE_WITH_KNOTS('',3,(#9349,#9350,#9351,#9352,#9353,#9354,
#9355,#9356,#9357,#9358,#9359,#9360,#9361,#9362,#9363,#9364,#9365,#9366,
#9367,#9368,#9369,#9370,#9371,#9372,#9373,#9374,#9375,#9376,#9377,#9378,
#9379,#9380,#9381,#9382,#9383,#9384,#9385,#9386,#9387,#9388),
 .UNSPECIFIED.,.F.,.F.,(4,2,2,2,2,2,2,2,2,2,2,2,2,2,2,2,2,2,2,4),(-1.0858321512075,
-1.06968662035185,-1.050594823539,-0.956233767023829,-0.821176107871982,
-0.766616322212826,-0.725208677772745,-0.681497001183865,-0.631133542475736,
-0.585361558789915,-0.54283378998148,-0.501062526926511,-0.457382511471514,
-0.407384575882571,-0.363606414374051,-0.32217036542252,-0.267633333779993,
-0.108861618720278,-0.032720964513367,0.),.UNSPECIFIED.);
#68=B_SPLINE_CURVE_WITH_KNOTS('',3,(#9492,#9493,#9494,#9495,#9496,#9497,
#9498,#9499),.UNSPECIFIED.,.F.,.F.,(4,2,2,4),(4.81967990074728,4.99265134148462,
5.22968823635543,5.46672513122623),.UNSPECIFIED.);
#69=B_SPLINE_CURVE_WITH_KNOTS('',3,(#9552,#9553,#9554,#9555,#9556,#9557,
#9558,#9559),.UNSPECIFIED.,.F.,.F.,(4,2,2,4),(0.,0.237036894870805,0.47407378974161,
0.647045230478948),.UNSPECIFIED.);
#70=B_SPLINE_CURVE_WITH_KNOTS('',3,(#9717,#9718,#9719,#9720,#9721,#9722,
#9723,#9724,#9725,#9726,#9727,#9728,#9729,#9730,#9731,#9732,#9733,#9734),
 .UNSPECIFIED.,.F.,.F.,(4,2,2,2,2,2,2,2,4),(0.,0.0351647723935412,0.0756781400233585,
0.121834827587318,0.173757925712338,0.221738075557685,0.275341303556013,
0.329810513587405,0.385212226050863),.UNSPECIFIED.);
#71=B_SPLINE_CURVE_WITH_KNOTS('',3,(#9742,#9743,#9744,#9745,#9746,#9747,
#9748,#9749,#9750,#9751,#9752,#9753,#9754,#9755,#9756,#9757,#9758,#9759,
#9760,#9761,#9762,#9763),.UNSPECIFIED.,.F.,.F.,(4,2,2,2,2,2,2,2,2,2,4),
(-1.00291655550651,-0.929836118539558,-0.860735294325932,-0.778648453639779,
-0.69775045634012,-0.616316157758373,-0.533995572274433,-0.452715175230063,
-0.375446635938807,-0.293606870963348,-0.273161103390045),.UNSPECIFIED.);
#72=B_SPLINE_CURVE_WITH_KNOTS('',3,(#9764,#9765,#9766,#9767,#9768,#9769),
 .UNSPECIFIED.,.F.,.F.,(4,2,4),(0.567632662698665,0.614932077477379,0.644734371523885),
 .UNSPECIFIED.);
#73=B_SPLINE_CURVE_WITH_KNOTS('',3,(#9776,#9777,#9778,#9779,#9780,#9781,
#9782,#9783,#9784,#9785,#9786,#9787,#9788,#9789,#9790,#9791,#9792,#9793,
#9794),.UNSPECIFIED.,.F.,.F.,(4,2,2,2,3,2,2,2,4),(-0.189210887566221,-0.141911472787507,
-0.0946120580087927,-0.0473060290043964,0.,0.0473060290043963,0.0946120580087927,
0.141911472787507,0.189210887566221),.UNSPECIFIED.);
#74=B_SPLINE_CURVE_WITH_KNOTS('',3,(#9801,#9802,#9803,#9804,#9805,#9806,
#9807,#9808,#9809,#9810,#9811),.UNSPECIFIED.,.F.,.F.,(4,2,3,2,4),(-0.0768234951038061,
-0.0471564752722201,0.,0.0471564752722201,0.0768234951038054),
 .UNSPECIFIED.);
#75=B_SPLINE_SURFACE_WITH_KNOTS('',4,1,((#8566,#8567),(#8568,#8569),(#8570,
#8571),(#8572,#8573),(#8574,#8575),(#8576,#8577),(#8578,#8579),(#8580,#8581),
(#8582,#8583),(#8584,#8585)),.UNSPECIFIED.,.F.,.F.,.F.,(5,1,1,1,1,1,5),
(2,2),(-7.,-6.,-5.,-4.,-3.,-2.,-1.00146460138152),(0.,0.0999999999999996),
 .UNSPECIFIED.);
#76=B_SPLINE_SURFACE_WITH_KNOTS('',3,1,((#8618,#8619),(#8620,#8621),(#8622,
#8623),(#8624,#8625),(#8626,#8627),(#8628,#8629),(#8630,#8631),(#8632,#8633),
(#8634,#8635),(#8636,#8637),(#8638,#8639),(#8640,#8641),(#8642,#8643),(#8644,
#8645),(#8646,#8647),(#8648,#8649),(#8650,#8651),(#8652,#8653),(#8654,#8655),
(#8656,#8657),(#8658,#8659),(#8660,#8661),(#8662,#8663),(#8664,#8665),(#8666,
#8667),(#8668,#8669),(#8670,#8671),(#8672,#8673),(#8674,#8675),(#8676,#8677),
(#8678,#8679),(#8680,#8681),(#8682,#8683),(#8684,#8685),(#8686,#8687),(#8688,
#8689),(#8690,#8691),(#8692,#8693),(#8694,#8695),(#8696,#8697),(#8698,#8699),
(#8700,#8701),(#8702,#8703),(#8704,#8705),(#8706,#8707),(#8708,#8709),(#8710,
#8711),(#8712,#8713),(#8714,#8715),(#8716,#8717),(#8718,#8719),(#8720,#8721),
(#8722,#8723),(#8724,#8725),(#8726,#8727),(#8728,#8729),(#8730,#8731),(#8732,
#8733),(#8734,#8735),(#8736,#8737),(#8738,#8739),(#8740,#8741),(#8742,#8743),
(#8744,#8745),(#8746,#8747),(#8748,#8749),(#8750,#8751),(#8752,#8753),(#8754,
#8755),(#8756,#8757),(#8758,#8759),(#8760,#8761),(#8762,#8763),(#8764,#8765),
(#8766,#8767),(#8768,#8769),(#8770,#8771),(#8772,#8773),(#8774,#8775),(#8776,
#8777)),.UNSPECIFIED.,.F.,.F.,.F.,(4,1,1,1,1,1,1,1,1,1,1,1,1,1,1,1,1,1,
1,1,1,1,1,1,1,1,1,1,1,1,1,1,1,1,1,1,1,1,1,1,1,1,1,1,1,1,1,1,1,1,1,1,1,1,
1,1,1,1,1,1,1,1,1,1,1,1,1,1,1,1,1,1,1,1,1,1,1,4),(2,2),(-6.99784964744638,
-6.87289444645791,-6.77917804571656,-6.74793924546944,-6.68546164497521,
-6.65422284472809,-6.59174524423386,-6.56050644398674,-6.49802884349251,
-6.46679004324539,-6.40431244275116,-6.37307364250404,-6.31059604200981,
-6.27935724176269,-6.18564084102134,-6.12316324052711,-6.02944683978576,
-5.99820803953865,-5.93573043904441,-5.9044916387973,-5.81077523805595,
-5.74829763756171,-5.62334243657325,-5.56086483607901,-5.43590963509055,
-5.37343203459632,-5.24847683360785,-5.18599923311362,-4.99856643163092,
-4.87361123064245,-4.68617842915975,-4.62370082866552,-4.49874562767705,
-4.43626802718282,-4.31131282619435,-4.24883522570012,-4.12388002471165,
-4.06140242421742,-3.93644722322896,-3.87396962273472,-3.74901442174626,
-3.68653682125202,-3.56158162026356,-3.49910401976932,-3.37414881878086,
-3.31167121828662,-3.18671601729816,-3.12423841680392,-2.99928321581546,
-2.93680561532123,-2.81185041433276,-2.74937281383853,-2.62441761285006,
-2.56194001235583,-2.43698481136736,-2.37450721087313,-2.24955200988466,
-2.18707440939043,-2.06211920840196,-1.99964160790773,-1.87468640691926,
-1.81220880642503,-1.71849240568368,-1.68725360543656,-1.62477600494233,
-1.59353720469521,-1.49982080395387,-1.43734320345963,-1.34362680271828,
-1.31238800247117,-1.24991040197693,-1.21867160172982,-1.15619400123558,
-1.12495520098847,-1.07809700061779,-1.06247760049423,-1.03123880024712,
-1.),(0.,0.0999999999999996),.UNSPECIFIED.);
#77=B_SPLINE_SURFACE_WITH_KNOTS('',4,1,((#8947,#8948),(#8949,#8950),(#8951,
#8952),(#8953,#8954),(#8955,#8956)),.UNSPECIFIED.,.F.,.F.,.F.,(5,5),(2,
2),(-1.00146460138152,-1.),(0.,0.0999999999999996),.UNSPECIFIED.);
#78=B_SPLINE_SURFACE_WITH_KNOTS('',2,1,((#9029,#9030),(#9031,#9032),(#9033,
#9034),(#9035,#9036)),.UNSPECIFIED.,.F.,.F.,.F.,(3,1,3),(2,2),(0.,1.,2.),
(0.,0.0999999999999996),.UNSPECIFIED.);
#79=B_SPLINE_SURFACE_WITH_KNOTS('',2,1,((#9051,#9052),(#9053,#9054),(#9055,
#9056),(#9057,#9058)),.UNSPECIFIED.,.F.,.F.,.F.,(3,1,3),(2,2),(0.,1.,2.),
(0.,0.0999999999999996),.UNSPECIFIED.);
#80=B_SPLINE_SURFACE_WITH_KNOTS('',2,1,((#9082,#9083),(#9084,#9085),(#9086,
#9087),(#9088,#9089)),.UNSPECIFIED.,.F.,.F.,.F.,(3,1,3),(2,2),(0.,1.,2.),
(0.,0.0999999999999996),.UNSPECIFIED.);
#81=B_SPLINE_SURFACE_WITH_KNOTS('',2,1,((#9101,#9102),(#9103,#9104),(#9105,
#9106),(#9107,#9108)),.UNSPECIFIED.,.F.,.F.,.F.,(3,1,3),(2,2),(0.,1.,2.),
(0.,0.0999999999999996),.UNSPECIFIED.);
#82=B_SPLINE_SURFACE_WITH_KNOTS('',2,1,((#9120,#9121),(#9122,#9123),(#9124,
#9125),(#9126,#9127)),.UNSPECIFIED.,.F.,.F.,.F.,(3,1,3),(2,2),(0.,1.,2.),
(0.,0.0999999999999996),.UNSPECIFIED.);
#83=B_SPLINE_SURFACE_WITH_KNOTS('',2,1,((#9139,#9140),(#9141,#9142),(#9143,
#9144),(#9145,#9146)),.UNSPECIFIED.,.F.,.F.,.F.,(3,1,3),(2,2),(0.,1.,2.),
(0.,0.0999999999999996),.UNSPECIFIED.);
#84=B_SPLINE_SURFACE_WITH_KNOTS('',2,1,((#9158,#9159),(#9160,#9161),(#9162,
#9163),(#9164,#9165)),.UNSPECIFIED.,.F.,.F.,.F.,(3,1,3),(2,2),(0.,1.,2.),
(0.,0.0999999999999996),.UNSPECIFIED.);
#85=B_SPLINE_SURFACE_WITH_KNOTS('',2,1,((#9177,#9178),(#9179,#9180),(#9181,
#9182),(#9183,#9184)),.UNSPECIFIED.,.F.,.F.,.F.,(3,1,3),(2,2),(0.,1.,2.),
(0.,0.0999999999999996),.UNSPECIFIED.);
#86=B_SPLINE_SURFACE_WITH_KNOTS('',2,1,((#9196,#9197),(#9198,#9199),(#9200,
#9201),(#9202,#9203)),.UNSPECIFIED.,.F.,.F.,.F.,(3,1,3),(2,2),(0.,1.,2.),
(0.,0.0999999999999996),.UNSPECIFIED.);
#87=B_SPLINE_SURFACE_WITH_KNOTS('',2,1,((#9215,#9216),(#9217,#9218),(#9219,
#9220),(#9221,#9222)),.UNSPECIFIED.,.F.,.F.,.F.,(3,1,3),(2,2),(0.,1.,2.),
(0.,0.0999999999999996),.UNSPECIFIED.);
#88=B_SPLINE_SURFACE_WITH_KNOTS('',2,1,((#9246,#9247),(#9248,#9249),(#9250,
#9251),(#9252,#9253)),.UNSPECIFIED.,.F.,.F.,.F.,(3,1,3),(2,2),(0.,1.,2.),
(0.,0.0999999999999996),.UNSPECIFIED.);
#89=B_SPLINE_SURFACE_WITH_KNOTS('',2,1,((#9265,#9266),(#9267,#9268),(#9269,
#9270),(#9271,#9272)),.UNSPECIFIED.,.F.,.F.,.F.,(3,1,3),(2,2),(0.,1.,2.),
(0.,0.0999999999999996),.UNSPECIFIED.);
#90=B_SPLINE_SURFACE_WITH_KNOTS('',2,1,((#9284,#9285),(#9286,#9287),(#9288,
#9289),(#9290,#9291)),.UNSPECIFIED.,.F.,.F.,.F.,(3,1,3),(2,2),(0.,1.,2.),
(0.,0.0999999999999996),.UNSPECIFIED.);
#91=B_SPLINE_SURFACE_WITH_KNOTS('',2,1,((#9303,#9304),(#9305,#9306),(#9307,
#9308),(#9309,#9310)),.UNSPECIFIED.,.F.,.F.,.F.,(3,1,3),(2,2),(0.,1.,2.),
(0.,0.0999999999999996),.UNSPECIFIED.);
#92=PLANE('',#5616);
#93=PLANE('',#5619);
#94=PLANE('',#5620);
#95=PLANE('',#5635);
#96=PLANE('',#5636);
#97=PLANE('',#5637);
#98=PLANE('',#5640);
#99=PLANE('',#5641);
#100=PLANE('',#5642);
#101=PLANE('',#5646);
#102=PLANE('',#5648);
#103=PLANE('',#5654);
#104=PLANE('',#5657);
#105=PLANE('',#5662);
#106=PLANE('',#5665);
#107=PLANE('',#5668);
#108=PLANE('',#5671);
#109=PLANE('',#5672);
#110=PLANE('',#5673);
#111=PLANE('',#5674);
#112=PLANE('',#5675);
#113=PLANE('',#5676);
#114=PLANE('',#5677);
#115=PLANE('',#5678);
#116=PLANE('',#5679);
#117=PLANE('',#5680);
#118=PLANE('',#5681);
#119=PLANE('',#5682);
#120=PLANE('',#5683);
#121=PLANE('',#5687);
#122=PLANE('',#5691);
#123=PLANE('',#5692);
#124=PLANE('',#5705);
#125=PLANE('',#5709);
#126=PLANE('',#5710);
#127=PLANE('',#5711);
#128=PLANE('',#5712);
#129=PLANE('',#5713);
#130=PLANE('',#5744);
#131=PLANE('',#5745);
#132=PLANE('',#5749);
#133=PLANE('',#5774);
#134=PLANE('',#5775);
#135=PLANE('',#5776);
#136=PLANE('',#5777);
#137=PLANE('',#5799);
#138=PLANE('',#5800);
#139=PLANE('',#5804);
#140=PLANE('',#5808);
#141=PLANE('',#5812);
#142=PLANE('',#5816);
#143=PLANE('',#5817);
#144=PLANE('',#5830);
#145=PLANE('',#5843);
#146=PLANE('',#5856);
#147=PLANE('',#5869);
#148=PLANE('',#5876);
#149=PLANE('',#5877);
#150=PLANE('',#5878);
#151=PLANE('',#5879);
#152=PLANE('',#5880);
#153=PLANE('',#5881);
#154=PLANE('',#5882);
#155=PLANE('',#5883);
#156=PLANE('',#5884);
#157=PLANE('',#5885);
#158=PLANE('',#5886);
#159=PLANE('',#5887);
#160=PLANE('',#5888);
#161=PLANE('',#5889);
#162=PLANE('',#5890);
#163=PLANE('',#5891);
#164=PLANE('',#5892);
#165=PLANE('',#5893);
#166=PLANE('',#5898);
#167=PLANE('',#5899);
#168=PLANE('',#5900);
#169=PLANE('',#5901);
#170=PLANE('',#5902);
#171=PLANE('',#5913);
#172=PLANE('',#5920);
#173=PLANE('',#5926);
#174=PLANE('',#5933);
#175=PLANE('',#5940);
#176=PLANE('',#5941);
#177=PLANE('',#5944);
#178=PLANE('',#5947);
#179=PLANE('',#5950);
#180=PLANE('',#5953);
#181=PLANE('',#5954);
#182=PLANE('',#5958);
#183=PLANE('',#5959);
#184=PLANE('',#5963);
#185=PLANE('',#5967);
#186=PLANE('',#5974);
#187=PLANE('',#5979);
#188=PLANE('',#5980);
#189=PLANE('',#5982);
#190=PLANE('',#5984);
#191=PLANE('',#5985);
#192=PLANE('',#5988);
#193=PLANE('',#5991);
#194=PLANE('',#5992);
#195=PLANE('',#5994);
#196=PLANE('',#5995);
#197=PLANE('',#5997);
#198=PLANE('',#6011);
#199=PLANE('',#6012);
#200=PLANE('',#6014);
#201=PLANE('',#6048);
#202=PLANE('',#6055);
#203=PLANE('',#6056);
#204=PLANE('',#6063);
#205=PLANE('',#6081);
#206=PLANE('',#6086);
#207=PLANE('',#6112);
#208=PLANE('',#6114);
#209=PLANE('',#6129);
#210=PLANE('',#6132);
#211=PLANE('',#6146);
#212=PLANE('',#6147);
#213=PLANE('',#6148);
#214=PLANE('',#6149);
#215=PLANE('',#6154);
#216=PLANE('',#6155);
#217=PLANE('',#6157);
#218=PLANE('',#6159);
#219=PLANE('',#6161);
#220=PLANE('',#6163);
#221=PLANE('',#6165);
#222=PLANE('',#6167);
#223=PLANE('',#6169);
#224=PLANE('',#6171);
#225=PLANE('',#6173);
#226=PLANE('',#6174);
#227=ELLIPSE('',#5610,7.07106781186548,5.);
#228=ELLIPSE('',#5611,7.07106781186548,5.);
#229=ELLIPSE('',#5613,7.07106781186548,5.);
#230=ELLIPSE('',#5615,7.07106781186548,5.);
#231=ELLIPSE('',#5659,20.7055236082017,20.);
#232=LINE('',#7857,#666);
#233=LINE('',#7861,#667);
#234=LINE('',#7865,#668);
#235=LINE('',#7867,#669);
#236=LINE('',#7871,#670);
#237=LINE('',#7874,#671);
#238=LINE('',#7877,#672);
#239=LINE('',#7881,#673);
#240=LINE('',#7883,#674);
#241=LINE('',#7885,#675);
#242=LINE('',#7889,#676);
#243=LINE('',#7890,#677);
#244=LINE('',#7894,#678);
#245=LINE('',#7896,#679);
#246=LINE('',#7898,#680);
#247=LINE('',#7900,#681);
#248=LINE('',#7904,#682);
#249=LINE('',#7908,#683);
#250=LINE('',#7912,#684);
#251=LINE('',#7916,#685);
#252=LINE('',#7918,#686);
#253=LINE('',#7920,#687);
#254=LINE('',#7922,#688);
#255=LINE('',#7926,#689);
#256=LINE('',#7930,#690);
#257=LINE('',#7934,#691);
#258=LINE('',#7940,#692);
#259=LINE('',#7944,#693);
#260=LINE('',#7948,#694);
#261=LINE('',#7951,#695);
#262=LINE('',#7952,#696);
#263=LINE('',#7956,#697);
#264=LINE('',#7959,#698);
#265=LINE('',#7960,#699);
#266=LINE('',#7963,#700);
#267=LINE('',#7964,#701);
#268=LINE('',#7967,#702);
#269=LINE('',#7968,#703);
#270=LINE('',#7975,#704);
#271=LINE('',#7977,#705);
#272=LINE('',#7979,#706);
#273=LINE('',#7980,#707);
#274=LINE('',#7984,#708);
#275=LINE('',#7986,#709);
#276=LINE('',#7988,#710);
#277=LINE('',#7989,#711);
#278=LINE('',#8014,#712);
#279=LINE('',#8017,#713);
#280=LINE('',#8020,#714);
#281=LINE('',#8021,#715);
#282=LINE('',#8025,#716);
#283=LINE('',#8028,#717);
#284=LINE('',#8029,#718);
#285=LINE('',#8033,#719);
#286=LINE('',#8036,#720);
#287=LINE('',#8037,#721);
#288=LINE('',#8041,#722);
#289=LINE('',#8043,#723);
#290=LINE('',#8047,#724);
#291=LINE('',#8049,#725);
#292=LINE('',#8051,#726);
#293=LINE('',#8052,#727);
#294=LINE('',#8055,#728);
#295=LINE('',#8057,#729);
#296=LINE('',#8058,#730);
#297=LINE('',#8061,#731);
#298=LINE('',#8063,#732);
#299=LINE('',#8064,#733);
#300=LINE('',#8067,#734);
#301=LINE('',#8069,#735);
#302=LINE('',#8070,#736);
#303=LINE('',#8073,#737);
#304=LINE('',#8075,#738);
#305=LINE('',#8076,#739);
#306=LINE('',#8079,#740);
#307=LINE('',#8081,#741);
#308=LINE('',#8082,#742);
#309=LINE('',#8085,#743);
#310=LINE('',#8087,#744);
#311=LINE('',#8088,#745);
#312=LINE('',#8091,#746);
#313=LINE('',#8093,#747);
#314=LINE('',#8094,#748);
#315=LINE('',#8097,#749);
#316=LINE('',#8099,#750);
#317=LINE('',#8100,#751);
#318=LINE('',#8102,#752);
#319=LINE('',#8103,#753);
#320=LINE('',#8108,#754);
#321=LINE('',#8110,#755);
#322=LINE('',#8112,#756);
#323=LINE('',#8113,#757);
#324=LINE('',#8119,#758);
#325=LINE('',#8122,#759);
#326=LINE('',#8124,#760);
#327=LINE('',#8125,#761);
#328=LINE('',#8131,#762);
#329=LINE('',#8134,#763);
#330=LINE('',#8136,#764);
#331=LINE('',#8137,#765);
#332=LINE('',#8141,#766);
#333=LINE('',#8143,#767);
#334=LINE('',#8145,#768);
#335=LINE('',#8146,#769);
#336=LINE('',#8152,#770);
#337=LINE('',#8158,#771);
#338=LINE('',#8164,#772);
#339=LINE('',#8170,#773);
#340=LINE('',#8173,#774);
#341=LINE('',#8175,#775);
#342=LINE('',#8176,#776);
#343=LINE('',#8183,#777);
#344=LINE('',#8185,#778);
#345=LINE('',#8187,#779);
#346=LINE('',#8188,#780);
#347=LINE('',#8191,#781);
#348=LINE('',#8193,#782);
#349=LINE('',#8194,#783);
#350=LINE('',#8197,#784);
#351=LINE('',#8199,#785);
#352=LINE('',#8200,#786);
#353=LINE('',#8203,#787);
#354=LINE('',#8205,#788);
#355=LINE('',#8206,#789);
#356=LINE('',#8209,#790);
#357=LINE('',#8211,#791);
#358=LINE('',#8212,#792);
#359=LINE('',#8218,#793);
#360=LINE('',#8224,#794);
#361=LINE('',#8230,#795);
#362=LINE('',#8236,#796);
#363=LINE('',#8242,#797);
#364=LINE('',#8248,#798);
#365=LINE('',#8254,#799);
#366=LINE('',#8260,#800);
#367=LINE('',#8266,#801);
#368=LINE('',#8272,#802);
#369=LINE('',#8275,#803);
#370=LINE('',#8277,#804);
#371=LINE('',#8278,#805);
#372=LINE('',#8281,#806);
#373=LINE('',#8283,#807);
#374=LINE('',#8284,#808);
#375=LINE('',#8290,#809);
#376=LINE('',#8293,#810);
#377=LINE('',#8295,#811);
#378=LINE('',#8296,#812);
#379=LINE('',#8305,#813);
#380=LINE('',#8308,#814);
#381=LINE('',#8314,#815);
#382=LINE('',#8320,#816);
#383=LINE('',#8329,#817);
#384=LINE('',#8332,#818);
#385=LINE('',#8341,#819);
#386=LINE('',#8344,#820);
#387=LINE('',#8347,#821);
#388=LINE('',#8349,#822);
#389=LINE('',#8350,#823);
#390=LINE('',#8353,#824);
#391=LINE('',#8355,#825);
#392=LINE('',#8356,#826);
#393=LINE('',#8359,#827);
#394=LINE('',#8361,#828);
#395=LINE('',#8362,#829);
#396=LINE('',#8364,#830);
#397=LINE('',#8365,#831);
#398=LINE('',#8374,#832);
#399=LINE('',#8377,#833);
#400=LINE('',#8382,#834);
#401=LINE('',#8388,#835);
#402=LINE('',#8394,#836);
#403=LINE('',#8400,#837);
#404=LINE('',#8406,#838);
#405=LINE('',#8410,#839);
#406=LINE('',#8412,#840);
#407=LINE('',#8413,#841);
#408=LINE('',#8416,#842);
#409=LINE('',#8418,#843);
#410=LINE('',#8419,#844);
#411=LINE('',#8424,#845);
#412=LINE('',#8428,#846);
#413=LINE('',#8430,#847);
#414=LINE('',#8431,#848);
#415=LINE('',#8436,#849);
#416=LINE('',#8440,#850);
#417=LINE('',#8442,#851);
#418=LINE('',#8443,#852);
#419=LINE('',#8448,#853);
#420=LINE('',#8452,#854);
#421=LINE('',#8454,#855);
#422=LINE('',#8455,#856);
#423=LINE('',#8460,#857);
#424=LINE('',#8463,#858);
#425=LINE('',#8464,#859);
#426=LINE('',#8471,#860);
#427=LINE('',#8474,#861);
#428=LINE('',#8479,#862);
#429=LINE('',#8485,#863);
#430=LINE('',#8496,#864);
#431=LINE('',#8499,#865);
#432=LINE('',#8504,#866);
#433=LINE('',#8510,#867);
#434=LINE('',#8521,#868);
#435=LINE('',#8524,#869);
#436=LINE('',#8529,#870);
#437=LINE('',#8535,#871);
#438=LINE('',#8546,#872);
#439=LINE('',#8549,#873);
#440=LINE('',#8554,#874);
#441=LINE('',#8560,#875);
#442=LINE('',#8599,#876);
#443=LINE('',#8611,#877);
#444=LINE('',#8616,#878);
#445=LINE('',#8860,#879);
#446=LINE('',#8945,#880);
#447=LINE('',#8971,#881);
#448=LINE('',#8973,#882);
#449=LINE('',#8975,#883);
#450=LINE('',#8976,#884);
#451=LINE('',#8979,#885);
#452=LINE('',#8981,#886);
#453=LINE('',#8982,#887);
#454=LINE('',#8985,#888);
#455=LINE('',#8987,#889);
#456=LINE('',#8988,#890);
#457=LINE('',#8991,#891);
#458=LINE('',#8993,#892);
#459=LINE('',#8994,#893);
#460=LINE('',#8997,#894);
#461=LINE('',#8999,#895);
#462=LINE('',#9000,#896);
#463=LINE('',#9003,#897);
#464=LINE('',#9005,#898);
#465=LINE('',#9006,#899);
#466=LINE('',#9009,#900);
#467=LINE('',#9011,#901);
#468=LINE('',#9012,#902);
#469=LINE('',#9015,#903);
#470=LINE('',#9017,#904);
#471=LINE('',#9018,#905);
#472=LINE('',#9021,#906);
#473=LINE('',#9023,#907);
#474=LINE('',#9024,#908);
#475=LINE('',#9026,#909);
#476=LINE('',#9027,#910);
#477=LINE('',#9044,#911);
#478=LINE('',#9050,#912);
#479=LINE('',#9065,#913);
#480=LINE('',#9072,#914);
#481=LINE('',#9074,#915);
#482=LINE('',#9075,#916);
#483=LINE('',#9078,#917);
#484=LINE('',#9080,#918);
#485=LINE('',#9081,#919);
#486=LINE('',#9096,#920);
#487=LINE('',#9115,#921);
#488=LINE('',#9134,#922);
#489=LINE('',#9153,#923);
#490=LINE('',#9172,#924);
#491=LINE('',#9191,#925);
#492=LINE('',#9210,#926);
#493=LINE('',#9229,#927);
#494=LINE('',#9236,#928);
#495=LINE('',#9238,#929);
#496=LINE('',#9239,#930);
#497=LINE('',#9242,#931);
#498=LINE('',#9244,#932);
#499=LINE('',#9245,#933);
#500=LINE('',#9260,#934);
#501=LINE('',#9279,#935);
#502=LINE('',#9298,#936);
#503=LINE('',#9323,#937);
#504=LINE('',#9327,#938);
#505=LINE('',#9331,#939);
#506=LINE('',#9335,#940);
#507=LINE('',#9445,#941);
#508=LINE('',#9447,#942);
#509=LINE('',#9449,#943);
#510=LINE('',#9450,#944);
#511=LINE('',#9455,#945);
#512=LINE('',#9456,#946);
#513=LINE('',#9459,#947);
#514=LINE('',#9460,#948);
#515=LINE('',#9464,#949);
#516=LINE('',#9467,#950);
#517=LINE('',#9468,#951);
#518=LINE('',#9472,#952);
#519=LINE('',#9475,#953);
#520=LINE('',#9476,#954);
#521=LINE('',#9480,#955);
#522=LINE('',#9482,#956);
#523=LINE('',#9489,#957);
#524=LINE('',#9500,#958);
#525=LINE('',#9504,#959);
#526=LINE('',#9506,#960);
#527=LINE('',#9508,#961);
#528=LINE('',#9509,#962);
#529=LINE('',#9512,#963);
#530=LINE('',#9514,#964);
#531=LINE('',#9515,#965);
#532=LINE('',#9521,#966);
#533=LINE('',#9524,#967);
#534=LINE('',#9527,#968);
#535=LINE('',#9529,#969);
#536=LINE('',#9530,#970);
#537=LINE('',#9536,#971);
#538=LINE('',#9539,#972);
#539=LINE('',#9542,#973);
#540=LINE('',#9544,#974);
#541=LINE('',#9545,#975);
#542=LINE('',#9551,#976);
#543=LINE('',#9562,#977);
#544=LINE('',#9568,#978);
#545=LINE('',#9572,#979);
#546=LINE('',#9573,#980);
#547=LINE('',#9579,#981);
#548=LINE('',#9582,#982);
#549=LINE('',#9584,#983);
#550=LINE('',#9585,#984);
#551=LINE('',#9588,#985);
#552=LINE('',#9590,#986);
#553=LINE('',#9592,#987);
#554=LINE('',#9595,#988);
#555=LINE('',#9597,#989);
#556=LINE('',#9599,#990);
#557=LINE('',#9603,#991);
#558=LINE('',#9604,#992);
#559=LINE('',#9605,#993);
#560=LINE('',#9609,#994);
#561=LINE('',#9612,#995);
#562=LINE('',#9615,#996);
#563=LINE('',#9617,#997);
#564=LINE('',#9621,#998);
#565=LINE('',#9622,#999);
#566=LINE('',#9626,#1000);
#567=LINE('',#9628,#1001);
#568=LINE('',#9629,#1002);
#569=LINE('',#9633,#1003);
#570=LINE('',#9636,#1004);
#571=LINE('',#9637,#1005);
#572=LINE('',#9639,#1006);
#573=LINE('',#9644,#1007);
#574=LINE('',#9645,#1008);
#575=LINE('',#9648,#1009);
#576=LINE('',#9652,#1010);
#577=LINE('',#9656,#1011);
#578=LINE('',#9660,#1012);
#579=LINE('',#9663,#1013);
#580=LINE('',#9664,#1014);
#581=LINE('',#9669,#1015);
#582=LINE('',#9673,#1016);
#583=LINE('',#9677,#1017);
#584=LINE('',#9680,#1018);
#585=LINE('',#9684,#1019);
#586=LINE('',#9687,#1020);
#587=LINE('',#9690,#1021);
#588=LINE('',#9692,#1022);
#589=LINE('',#9694,#1023);
#590=LINE('',#9697,#1024);
#591=LINE('',#9699,#1025);
#592=LINE('',#9701,#1026);
#593=LINE('',#9703,#1027);
#594=LINE('',#9705,#1028);
#595=LINE('',#9707,#1029);
#596=LINE('',#9708,#1030);
#597=LINE('',#9847,#1031);
#598=LINE('',#9849,#1032);
#599=LINE('',#9873,#1033);
#600=LINE('',#9874,#1034);
#601=LINE('',#9876,#1035);
#602=LINE('',#9880,#1036);
#603=LINE('',#9886,#1037);
#604=LINE('',#9890,#1038);
#605=LINE('',#9894,#1039);
#606=LINE('',#9897,#1040);
#607=LINE('',#9900,#1041);
#608=LINE('',#9902,#1042);
#609=LINE('',#9904,#1043);
#610=LINE('',#9905,#1044);
#611=LINE('',#9916,#1045);
#612=LINE('',#9924,#1046);
#613=LINE('',#9932,#1047);
#614=LINE('',#9935,#1048);
#615=LINE('',#9937,#1049);
#616=LINE('',#9938,#1050);
#617=LINE('',#9945,#1051);
#618=LINE('',#9949,#1052);
#619=LINE('',#9950,#1053);
#620=LINE('',#9953,#1054);
#621=LINE('',#9968,#1055);
#622=LINE('',#9969,#1056);
#623=LINE('',#9978,#1057);
#624=LINE('',#9986,#1058);
#625=LINE('',#9992,#1059);
#626=LINE('',#9993,#1060);
#627=LINE('',#9995,#1061);
#628=LINE('',#9997,#1062);
#629=LINE('',#9999,#1063);
#630=LINE('',#10005,#1064);
#631=LINE('',#10009,#1065);
#632=LINE('',#10013,#1066);
#633=LINE('',#10016,#1067);
#634=LINE('',#10019,#1068);
#635=LINE('',#10021,#1069);
#636=LINE('',#10023,#1070);
#637=LINE('',#10024,#1071);
#638=LINE('',#10042,#1072);
#639=LINE('',#10055,#1073);
#640=LINE('',#10058,#1074);
#641=LINE('',#10062,#1075);
#642=LINE('',#10063,#1076);
#643=LINE('',#10066,#1077);
#644=LINE('',#10107,#1078);
#645=LINE('',#10121,#1079);
#646=LINE('',#10122,#1080);
#647=LINE('',#10124,#1081);
#648=LINE('',#10126,#1082);
#649=LINE('',#10137,#1083);
#650=LINE('',#10138,#1084);
#651=LINE('',#10140,#1085);
#652=LINE('',#10142,#1086);
#653=LINE('',#10144,#1087);
#654=LINE('',#10146,#1088);
#655=LINE('',#10148,#1089);
#656=LINE('',#10150,#1090);
#657=LINE('',#10153,#1091);
#658=LINE('',#10156,#1092);
#659=LINE('',#10157,#1093);
#660=LINE('',#10159,#1094);
#661=LINE('',#10161,#1095);
#662=LINE('',#10163,#1096);
#663=LINE('',#10165,#1097);
#664=LINE('',#10167,#1098);
#665=LINE('',#10169,#1099);
#666=VECTOR('',#6239,10.);
#667=VECTOR('',#6242,20.);
#668=VECTOR('',#6247,18.);
#669=VECTOR('',#6248,8.00000000000001);
#670=VECTOR('',#6253,18.);
#671=VECTOR('',#6256,8.00000000000001);
#672=VECTOR('',#6259,5.00000000000001);
#673=VECTOR('',#6262,15.);
#674=VECTOR('',#6263,5.);
#675=VECTOR('',#6264,6.99999999999999);
#676=VECTOR('',#6269,5.00000000000001);
#677=VECTOR('',#6270,10.);
#678=VECTOR('',#6273,8.99999999999994);
#679=VECTOR('',#6274,7.00000000000001);
#680=VECTOR('',#6275,12.);
#681=VECTOR('',#6276,5.);
#682=VECTOR('',#6279,230.);
#683=VECTOR('',#6282,180.);
#684=VECTOR('',#6285,230.);
#685=VECTOR('',#6288,10.);
#686=VECTOR('',#6289,12.);
#687=VECTOR('',#6290,6.99999999999999);
#688=VECTOR('',#6291,3.99999999999999);
#689=VECTOR('',#6294,110.);
#690=VECTOR('',#6297,140.);
#691=VECTOR('',#6300,110.);
#692=VECTOR('',#6305,6.00000000000001);
#693=VECTOR('',#6308,16.);
#694=VECTOR('',#6311,6.00000000000001);
#695=VECTOR('',#6314,16.);
#696=VECTOR('',#6315,20.);
#697=VECTOR('',#6320,10.);
#698=VECTOR('',#6323,15.);
#699=VECTOR('',#6324,10.);
#700=VECTOR('',#6327,5.);
#701=VECTOR('',#6328,10.);
#702=VECTOR('',#6331,6.99999999999998);
#703=VECTOR('',#6332,10.);
#704=VECTOR('',#6341,3.);
#705=VECTOR('',#6342,11.4660577681911);
#706=VECTOR('',#6343,3.);
#707=VECTOR('',#6344,11.4660577681911);
#708=VECTOR('',#6347,3.);
#709=VECTOR('',#6348,11.4660577681911);
#710=VECTOR('',#6349,3.);
#711=VECTOR('',#6350,11.4660577681911);
#712=VECTOR('',#6387,3.);
#713=VECTOR('',#6390,3.);
#714=VECTOR('',#6393,6.00000000000001);
#715=VECTOR('',#6394,3.);
#716=VECTOR('',#6399,3.);
#717=VECTOR('',#6402,16.);
#718=VECTOR('',#6403,3.);
#719=VECTOR('',#6408,3.);
#720=VECTOR('',#6411,6.00000000000001);
#721=VECTOR('',#6412,3.);
#722=VECTOR('',#6417,3.);
#723=VECTOR('',#6420,16.);
#724=VECTOR('',#6423,0.342787695955034);
#725=VECTOR('',#6424,0.999999999999996);
#726=VECTOR('',#6425,0.342787695955034);
#727=VECTOR('',#6426,0.999999999999996);
#728=VECTOR('',#6429,1.20486228450577);
#729=VECTOR('',#6430,0.999999999999996);
#730=VECTOR('',#6431,1.20486228450577);
#731=VECTOR('',#6434,1.80000007152557);
#732=VECTOR('',#6435,0.999999999999996);
#733=VECTOR('',#6436,1.80000007152557);
#734=VECTOR('',#6439,0.449270682358076);
#735=VECTOR('',#6440,0.999999999999996);
#736=VECTOR('',#6441,0.449270682358076);
#737=VECTOR('',#6444,0.774554325753707);
#738=VECTOR('',#6445,0.999999999999996);
#739=VECTOR('',#6446,0.774554325753707);
#740=VECTOR('',#6449,0.695786089236385);
#741=VECTOR('',#6450,0.999999999999996);
#742=VECTOR('',#6451,0.695786089236385);
#743=VECTOR('',#6454,0.342787695955034);
#744=VECTOR('',#6455,0.999999999999996);
#745=VECTOR('',#6456,0.342787695955034);
#746=VECTOR('',#6459,0.695786089236385);
#747=VECTOR('',#6460,0.999999999999996);
#748=VECTOR('',#6461,0.695786089236385);
#749=VECTOR('',#6464,0.3398703538618);
#750=VECTOR('',#6465,0.999999999999996);
#751=VECTOR('',#6466,0.3398703538618);
#752=VECTOR('',#6469,0.755591602147696);
#753=VECTOR('',#6470,0.755591602147696);
#754=VECTOR('',#6475,10.);
#755=VECTOR('',#6476,0.999999999999996);
#756=VECTOR('',#6477,10.);
#757=VECTOR('',#6478,0.999999999999996);
#758=VECTOR('',#6485,0.999999999999996);
#759=VECTOR('',#6488,6.31518470050151);
#760=VECTOR('',#6489,6.31518470050151);
#761=VECTOR('',#6490,0.999999999999996);
#762=VECTOR('',#6497,0.999999999999996);
#763=VECTOR('',#6500,9.99999999999998);
#764=VECTOR('',#6501,9.99999999999998);
#765=VECTOR('',#6502,0.999999999999996);
#766=VECTOR('',#6505,0.911510741933555);
#767=VECTOR('',#6506,0.999999999999996);
#768=VECTOR('',#6507,0.911510741933555);
#769=VECTOR('',#6508,0.999999999999996);
#770=VECTOR('',#6515,0.999999999999996);
#771=VECTOR('',#6522,0.999999999999996);
#772=VECTOR('',#6529,0.999999999999996);
#773=VECTOR('',#6536,0.999999999999996);
#774=VECTOR('',#6539,2.57786339176374);
#775=VECTOR('',#6540,2.57786339176374);
#776=VECTOR('',#6541,0.999999999999996);
#777=VECTOR('',#6550,0.656155148124066);
#778=VECTOR('',#6551,0.999999999999996);
#779=VECTOR('',#6552,0.656155148124067);
#780=VECTOR('',#6553,0.999999999999996);
#781=VECTOR('',#6556,0.803378756885124);
#782=VECTOR('',#6557,0.803378756885124);
#783=VECTOR('',#6558,0.999999999999996);
#784=VECTOR('',#6561,0.875165310684611);
#785=VECTOR('',#6562,0.875165310684611);
#786=VECTOR('',#6563,0.999999999999996);
#787=VECTOR('',#6566,0.376704343659067);
#788=VECTOR('',#6567,0.376704343659067);
#789=VECTOR('',#6568,0.999999999999996);
#790=VECTOR('',#6571,2.02607701612063);
#791=VECTOR('',#6572,2.02607701612063);
#792=VECTOR('',#6573,0.999999999999996);
#793=VECTOR('',#6580,0.999999999999996);
#794=VECTOR('',#6587,0.999999999999996);
#795=VECTOR('',#6594,0.999999999999996);
#796=VECTOR('',#6601,0.999999999999996);
#797=VECTOR('',#6608,0.999999999999996);
#798=VECTOR('',#6615,0.999999999999996);
#799=VECTOR('',#6622,0.999999999999996);
#800=VECTOR('',#6629,0.999999999999996);
#801=VECTOR('',#6636,0.999999999999996);
#802=VECTOR('',#6643,0.999999999999996);
#803=VECTOR('',#6646,1.72223015755827);
#804=VECTOR('',#6647,1.72223015755827);
#805=VECTOR('',#6648,0.999999999999996);
#806=VECTOR('',#6651,5.13843324644064);
#807=VECTOR('',#6652,5.13843324644064);
#808=VECTOR('',#6653,0.999999999999996);
#809=VECTOR('',#6660,0.999999999999996);
#810=VECTOR('',#6663,0.743111168836595);
#811=VECTOR('',#6664,0.743111168836595);
#812=VECTOR('',#6665,0.999999999999996);
#813=VECTOR('',#6676,0.999999999999996);
#814=VECTOR('',#6679,0.999999999999996);
#815=VECTOR('',#6686,0.999999999999996);
#816=VECTOR('',#6693,0.999999999999996);
#817=VECTOR('',#6704,0.999999999999996);
#818=VECTOR('',#6707,0.999999999999996);
#819=VECTOR('',#6718,0.999999999999996);
#820=VECTOR('',#6721,0.999999999999996);
#821=VECTOR('',#6724,1.07391949856666);
#822=VECTOR('',#6725,1.07391949856666);
#823=VECTOR('',#6726,0.999999999999996);
#824=VECTOR('',#6729,0.347795715289401);
#825=VECTOR('',#6730,0.347795715289401);
#826=VECTOR('',#6731,0.999999999999996);
#827=VECTOR('',#6734,1.26306365801862);
#828=VECTOR('',#6735,1.26306365801862);
#829=VECTOR('',#6736,0.999999999999996);
#830=VECTOR('',#6739,1.29637760696141);
#831=VECTOR('',#6740,1.29637760696141);
#832=VECTOR('',#6751,0.999999999999996);
#833=VECTOR('',#6754,0.999999999999996);
#834=VECTOR('',#6759,0.999999999999996);
#835=VECTOR('',#6766,0.999999999999996);
#836=VECTOR('',#6773,0.999999999999996);
#837=VECTOR('',#6780,0.999999999999996);
#838=VECTOR('',#6787,0.999999999999996);
#839=VECTOR('',#6792,1.83072195754263);
#840=VECTOR('',#6793,0.999999999999996);
#841=VECTOR('',#6794,1.83072195754263);
#842=VECTOR('',#6797,4.98709440306602);
#843=VECTOR('',#6798,0.999999999999996);
#844=VECTOR('',#6799,4.98709440306602);
#845=VECTOR('',#6804,0.999999999999996);
#846=VECTOR('',#6809,0.881619821520142);
#847=VECTOR('',#6810,0.999999999999996);
#848=VECTOR('',#6811,0.881619821520142);
#849=VECTOR('',#6816,0.999999999999996);
#850=VECTOR('',#6821,10.);
#851=VECTOR('',#6822,0.999999999999996);
#852=VECTOR('',#6823,10.);
#853=VECTOR('',#6828,0.999999999999996);
#854=VECTOR('',#6833,6.3151847005015);
#855=VECTOR('',#6834,0.999999999999996);
#856=VECTOR('',#6835,6.3151847005015);
#857=VECTOR('',#6840,0.999999999999996);
#858=VECTOR('',#6845,9.35421965402155);
#859=VECTOR('',#6846,9.35421965402155);
#860=VECTOR('',#6853,0.999999999999996);
#861=VECTOR('',#6856,0.999999999999996);
#862=VECTOR('',#6861,0.999999999999996);
#863=VECTOR('',#6868,0.999999999999996);
#864=VECTOR('',#6883,0.999999999999996);
#865=VECTOR('',#6886,0.999999999999996);
#866=VECTOR('',#6891,0.999999999999996);
#867=VECTOR('',#6898,0.999999999999996);
#868=VECTOR('',#6913,0.999999999999996);
#869=VECTOR('',#6916,0.999999999999996);
#870=VECTOR('',#6921,0.999999999999996);
#871=VECTOR('',#6928,0.999999999999996);
#872=VECTOR('',#6943,0.999999999999996);
#873=VECTOR('',#6946,0.999999999999996);
#874=VECTOR('',#6951,0.999999999999996);
#875=VECTOR('',#6958,0.999999999999996);
#876=VECTOR('',#6969,0.999999999999996);
#877=VECTOR('',#6970,0.999999999999996);
#878=VECTOR('',#6975,0.999999999999996);
#879=VECTOR('',#6978,0.999999999999996);
#880=VECTOR('',#6983,0.999999999999996);
#881=VECTOR('',#6990,1.80000007152557);
#882=VECTOR('',#6991,0.999999999999996);
#883=VECTOR('',#6992,1.80000007152557);
#884=VECTOR('',#6993,0.999999999999996);
#885=VECTOR('',#6996,0.412803906192654);
#886=VECTOR('',#6997,0.999999999999996);
#887=VECTOR('',#6998,0.412803906192654);
#888=VECTOR('',#7001,1.03128042995833);
#889=VECTOR('',#7002,0.999999999999996);
#890=VECTOR('',#7003,1.03128042995833);
#891=VECTOR('',#7006,1.18060927358317);
#892=VECTOR('',#7007,0.999999999999996);
#893=VECTOR('',#7008,1.18060927358317);
#894=VECTOR('',#7011,0.554294997714511);
#895=VECTOR('',#7012,0.999999999999996);
#896=VECTOR('',#7013,0.554294997714511);
#897=VECTOR('',#7016,1.80000007152557);
#898=VECTOR('',#7017,0.999999999999996);
#899=VECTOR('',#7018,1.80000007152557);
#900=VECTOR('',#7021,0.412803906192654);
#901=VECTOR('',#7022,0.999999999999996);
#902=VECTOR('',#7023,0.412803906192654);
#903=VECTOR('',#7026,1.25445710009076);
#904=VECTOR('',#7027,0.999999999999996);
#905=VECTOR('',#7028,1.25445710009076);
#906=VECTOR('',#7031,1.43378979617592);
#907=VECTOR('',#7032,0.999999999999996);
#908=VECTOR('',#7033,1.43378979617592);
#909=VECTOR('',#7036,0.434683971891907);
#910=VECTOR('',#7037,0.434683971891907);
#911=VECTOR('',#7040,0.999999999999996);
#912=VECTOR('',#7041,0.999999999999996);
#913=VECTOR('',#7042,0.999999999999996);
#914=VECTOR('',#7045,0.423014603518981);
#915=VECTOR('',#7046,0.999999999999996);
#916=VECTOR('',#7047,0.423014603518981);
#917=VECTOR('',#7050,0.0408427893053087);
#918=VECTOR('',#7051,0.999999999999996);
#919=VECTOR('',#7052,0.040842789305291);
#920=VECTOR('',#7053,0.999999999999996);
#921=VECTOR('',#7054,0.999999999999996);
#922=VECTOR('',#7055,0.999999999999996);
#923=VECTOR('',#7056,0.999999999999996);
#924=VECTOR('',#7057,0.999999999999996);
#925=VECTOR('',#7058,0.999999999999996);
#926=VECTOR('',#7059,0.999999999999996);
#927=VECTOR('',#7060,0.999999999999996);
#928=VECTOR('',#7063,0.0452188024451416);
#929=VECTOR('',#7064,0.999999999999996);
#930=VECTOR('',#7065,0.0452188024451416);
#931=VECTOR('',#7068,0.428849287705448);
#932=VECTOR('',#7069,0.999999999999996);
#933=VECTOR('',#7070,0.428849287705448);
#934=VECTOR('',#7071,0.999999999999996);
#935=VECTOR('',#7072,0.999999999999996);
#936=VECTOR('',#7073,0.999999999999996);
#937=VECTOR('',#7078,40.);
#938=VECTOR('',#7081,40.);
#939=VECTOR('',#7084,40.);
#940=VECTOR('',#7087,40.);
#941=VECTOR('',#7178,230.);
#942=VECTOR('',#7179,125.);
#943=VECTOR('',#7180,230.);
#944=VECTOR('',#7181,125.);
#945=VECTOR('',#7186,1.99999999999999);
#946=VECTOR('',#7187,1.99999999999999);
#947=VECTOR('',#7190,40.);
#948=VECTOR('',#7191,1.99999999999999);
#949=VECTOR('',#7196,1.99999999999999);
#950=VECTOR('',#7199,40.);
#951=VECTOR('',#7200,1.99999999999999);
#952=VECTOR('',#7205,1.99999999999999);
#953=VECTOR('',#7208,40.);
#954=VECTOR('',#7209,1.99999999999999);
#955=VECTOR('',#7214,1.99999999999999);
#956=VECTOR('',#7217,40.);
#957=VECTOR('',#7224,70.);
#958=VECTOR('',#7227,55.);
#959=VECTOR('',#7230,17.);
#960=VECTOR('',#7231,25.);
#961=VECTOR('',#7232,17.);
#962=VECTOR('',#7233,25.);
#963=VECTOR('',#7236,2.00000000000001);
#964=VECTOR('',#7237,70.);
#965=VECTOR('',#7238,1.99999999999999);
#966=VECTOR('',#7243,70.);
#967=VECTOR('',#7246,70.);
#968=VECTOR('',#7249,12.);
#969=VECTOR('',#7250,70.);
#970=VECTOR('',#7251,12.);
#971=VECTOR('',#7256,65.);
#972=VECTOR('',#7259,65.);
#973=VECTOR('',#7262,16.);
#974=VECTOR('',#7263,65.);
#975=VECTOR('',#7264,16.);
#976=VECTOR('',#7269,60.);
#977=VECTOR('',#7272,70.);
#978=VECTOR('',#7281,8.99999999999999);
#979=VECTOR('',#7284,16.);
#980=VECTOR('',#7285,2.);
#981=VECTOR('',#7290,70.);
#982=VECTOR('',#7293,70.);
#983=VECTOR('',#7296,2.00000000000001);
#984=VECTOR('',#7297,2.00000000000002);
#985=VECTOR('',#7300,16.);
#986=VECTOR('',#7301,5.00000000000002);
#987=VECTOR('',#7304,0.535898384862242);
#988=VECTOR('',#7307,7.);
#989=VECTOR('',#7308,5.);
#990=VECTOR('',#7309,18.);
#991=VECTOR('',#7314,65.);
#992=VECTOR('',#7315,2.);
#993=VECTOR('',#7316,3.);
#994=VECTOR('',#7321,7.);
#995=VECTOR('',#7324,18.);
#996=VECTOR('',#7327,3.);
#997=VECTOR('',#7328,18.);
#998=VECTOR('',#7331,3.);
#999=VECTOR('',#7332,4.00000000000002);
#1000=VECTOR('',#7337,65.);
#1001=VECTOR('',#7338,65.);
#1002=VECTOR('',#7339,5.);
#1003=VECTOR('',#7342,3.);
#1004=VECTOR('',#7345,18.);
#1005=VECTOR('',#7346,20.);
#1006=VECTOR('',#7349,65.);
#1007=VECTOR('',#7354,5.00000000000001);
#1008=VECTOR('',#7355,16.);
#1009=VECTOR('',#7358,10.);
#1010=VECTOR('',#7361,230.);
#1011=VECTOR('',#7364,180.);
#1012=VECTOR('',#7367,230.);
#1013=VECTOR('',#7370,5.00000000000002);
#1014=VECTOR('',#7371,35.);
#1015=VECTOR('',#7374,110.);
#1016=VECTOR('',#7377,140.);
#1017=VECTOR('',#7380,110.);
#1018=VECTOR('',#7383,140.);
#1019=VECTOR('',#7388,5.);
#1020=VECTOR('',#7391,10.);
#1021=VECTOR('',#7396,35.);
#1022=VECTOR('',#7399,70.);
#1023=VECTOR('',#7402,0.535898384862252);
#1024=VECTOR('',#7405,9.00000000000001);
#1025=VECTOR('',#7408,25.);
#1026=VECTOR('',#7409,10.);
#1027=VECTOR('',#7410,125.);
#1028=VECTOR('',#7411,180.);
#1029=VECTOR('',#7412,125.);
#1030=VECTOR('',#7413,5.);
#1031=VECTOR('',#7466,66.2500000000002);
#1032=VECTOR('',#7469,162.25);
#1033=VECTOR('',#7500,180.);
#1034=VECTOR('',#7501,161.5);
#1035=VECTOR('',#7502,65.7500000000002);
#1036=VECTOR('',#7505,180.);
#1037=VECTOR('',#7510,145.);
#1038=VECTOR('',#7513,160.);
#1039=VECTOR('',#7516,145.);
#1040=VECTOR('',#7519,160.);
#1041=VECTOR('',#7520,100.);
#1042=VECTOR('',#7521,38.);
#1043=VECTOR('',#7522,100.);
#1044=VECTOR('',#7523,38.);
#1045=VECTOR('',#7538,180.);
#1046=VECTOR('',#7549,230.);
#1047=VECTOR('',#7562,230.);
#1048=VECTOR('',#7565,137.);
#1049=VECTOR('',#7566,230.);
#1050=VECTOR('',#7567,137.);
#1051=VECTOR('',#7574,137.);
#1052=VECTOR('',#7579,137.);
#1053=VECTOR('',#7580,180.);
#1054=VECTOR('',#7583,137.);
#1055=VECTOR('',#7600,180.);
#1056=VECTOR('',#7601,180.);
#1057=VECTOR('',#7614,230.);
#1058=VECTOR('',#7625,180.);
#1059=VECTOR('',#7634,230.);
#1060=VECTOR('',#7635,230.);
#1061=VECTOR('',#7638,137.);
#1062=VECTOR('',#7641,137.);
#1063=VECTOR('',#7644,137.);
#1064=VECTOR('',#7649,160.);
#1065=VECTOR('',#7652,145.);
#1066=VECTOR('',#7655,160.);
#1067=VECTOR('',#7658,145.);
#1068=VECTOR('',#7659,100.);
#1069=VECTOR('',#7660,38.);
#1070=VECTOR('',#7661,100.);
#1071=VECTOR('',#7662,38.);
#1072=VECTOR('',#7673,180.);
#1073=VECTOR('',#7680,230.);
#1074=VECTOR('',#7683,125.);
#1075=VECTOR('',#7688,125.);
#1076=VECTOR('',#7689,180.);
#1077=VECTOR('',#7692,125.);
#1078=VECTOR('',#7717,230.);
#1079=VECTOR('',#7726,3.00000000000001);
#1080=VECTOR('',#7727,3.00000000000001);
#1081=VECTOR('',#7730,3.00000000000001);
#1082=VECTOR('',#7733,3.00000000000001);
#1083=VECTOR('',#7750,3.00000000000001);
#1084=VECTOR('',#7751,3.00000000000001);
#1085=VECTOR('',#7754,3.00000000000001);
#1086=VECTOR('',#7757,3.00000000000001);
#1087=VECTOR('',#7760,3.00000000000001);
#1088=VECTOR('',#7763,3.00000000000001);
#1089=VECTOR('',#7766,3.00000000000001);
#1090=VECTOR('',#7769,3.00000000000001);
#1091=VECTOR('',#7774,125.);
#1092=VECTOR('',#7779,3.);
#1093=VECTOR('',#7780,3.);
#1094=VECTOR('',#7783,3.);
#1095=VECTOR('',#7786,3.);
#1096=VECTOR('',#7789,3.);
#1097=VECTOR('',#7792,3.53589838486225);
#1098=VECTOR('',#7795,3.53589838486224);
#1099=VECTOR('',#7798,3.);
#1100=FACE_BOUND('',#1519,.T.);
#1101=FACE_BOUND('',#1521,.T.);
#1102=FACE_BOUND('',#1523,.T.);
#1103=FACE_BOUND('',#1525,.T.);
#1104=FACE_BOUND('',#1527,.T.);
#1105=FACE_BOUND('',#1529,.T.);
#1106=FACE_BOUND('',#1531,.T.);
#1107=FACE_BOUND('',#1533,.T.);
#1108=FACE_BOUND('',#1535,.T.);
#1109=FACE_BOUND('',#1537,.T.);
#1110=FACE_BOUND('',#1544,.T.);
#1111=FACE_BOUND('',#1545,.T.);
#1112=FACE_BOUND('',#1557,.T.);
#1113=FACE_BOUND('',#1558,.T.);
#1114=FACE_BOUND('',#1560,.T.);
#1115=FACE_BOUND('',#1563,.T.);
#1116=FACE_BOUND('',#1566,.T.);
#1117=FACE_BOUND('',#1646,.T.);
#1118=FACE_BOUND('',#1647,.T.);
#1119=FACE_BOUND('',#1648,.T.);
#1120=FACE_BOUND('',#1649,.T.);
#1121=FACE_BOUND('',#1650,.T.);
#1122=FACE_BOUND('',#1651,.T.);
#1123=FACE_BOUND('',#1709,.T.);
#1124=FACE_BOUND('',#1710,.T.);
#1125=FACE_BOUND('',#1711,.T.);
#1126=FACE_BOUND('',#1712,.T.);
#1127=FACE_BOUND('',#1713,.T.);
#1128=FACE_BOUND('',#1714,.T.);
#1129=FACE_BOUND('',#1721,.T.);
#1130=FACE_BOUND('',#1723,.T.);
#1131=FACE_BOUND('',#1725,.T.);
#1132=FACE_BOUND('',#1726,.T.);
#1133=FACE_BOUND('',#1727,.T.);
#1134=FACE_BOUND('',#1729,.T.);
#1135=FACE_BOUND('',#1731,.T.);
#1136=FACE_BOUND('',#1732,.T.);
#1137=FACE_BOUND('',#1733,.T.);
#1138=FACE_BOUND('',#1735,.T.);
#1139=FACE_BOUND('',#1737,.T.);
#1140=FACE_BOUND('',#1738,.T.);
#1141=FACE_BOUND('',#1739,.T.);
#1142=FACE_BOUND('',#1741,.T.);
#1143=FACE_BOUND('',#1743,.T.);
#1144=FACE_BOUND('',#1744,.T.);
#1145=FACE_BOUND('',#1745,.T.);
#1146=FACE_BOUND('',#1747,.T.);
#1147=FACE_BOUND('',#1749,.T.);
#1148=FACE_BOUND('',#1750,.T.);
#1149=FACE_BOUND('',#1751,.T.);
#1150=FACE_BOUND('',#1753,.T.);
#1151=FACE_BOUND('',#1754,.T.);
#1152=FACE_BOUND('',#1755,.T.);
#1153=FACE_BOUND('',#1756,.T.);
#1154=FACE_BOUND('',#1757,.T.);
#1155=FACE_BOUND('',#1766,.T.);
#1156=FACE_BOUND('',#1767,.T.);
#1157=FACE_BOUND('',#1768,.T.);
#1158=FACE_BOUND('',#1769,.T.);
#1159=FACE_BOUND('',#1774,.T.);
#1160=FACE_BOUND('',#1775,.T.);
#1161=FACE_BOUND('',#1776,.T.);
#1162=FACE_BOUND('',#1777,.T.);
#1163=FACE_BOUND('',#1779,.T.);
#1164=FACE_BOUND('',#1780,.T.);
#1165=FACE_BOUND('',#1781,.T.);
#1166=FACE_BOUND('',#1782,.T.);
#1167=FACE_BOUND('',#1795,.T.);
#1168=FACE_BOUND('',#1796,.T.);
#1169=FACE_BOUND('',#1797,.T.);
#1170=FACE_BOUND('',#1798,.T.);
#1171=FACE_BOUND('',#1800,.T.);
#1172=FACE_BOUND('',#1801,.T.);
#1173=FACE_BOUND('',#1802,.T.);
#1174=FACE_BOUND('',#1806,.T.);
#1175=FACE_BOUND('',#1807,.T.);
#1176=FACE_BOUND('',#1808,.T.);
#1177=FACE_BOUND('',#1809,.T.);
#1178=FACE_BOUND('',#1815,.T.);
#1179=FACE_BOUND('',#1817,.T.);
#1180=FACE_BOUND('',#1819,.T.);
#1181=FACE_BOUND('',#1821,.T.);
#1182=FACE_BOUND('',#1826,.T.);
#1183=FACE_BOUND('',#1828,.T.);
#1184=FACE_BOUND('',#1829,.T.);
#1185=FACE_BOUND('',#1830,.T.);
#1186=FACE_BOUND('',#1832,.T.);
#1187=FACE_BOUND('',#1834,.T.);
#1188=FACE_BOUND('',#1835,.T.);
#1189=FACE_BOUND('',#1836,.T.);
#1190=FACE_BOUND('',#1837,.T.);
#1191=FACE_BOUND('',#1838,.T.);
#1192=FACE_BOUND('',#1839,.T.);
#1193=FACE_BOUND('',#1840,.T.);
#1194=FACE_BOUND('',#1841,.T.);
#1195=FACE_BOUND('',#1842,.T.);
#1196=FACE_BOUND('',#1843,.T.);
#1197=FACE_BOUND('',#1844,.T.);
#1198=FACE_BOUND('',#1845,.T.);
#1199=FACE_BOUND('',#1854,.T.);
#1200=FACE_BOUND('',#1855,.T.);
#1201=FACE_BOUND('',#1856,.T.);
#1202=FACE_BOUND('',#1857,.T.);
#1203=FACE_BOUND('',#1858,.T.);
#1204=FACE_BOUND('',#1859,.T.);
#1205=FACE_BOUND('',#1860,.T.);
#1206=FACE_BOUND('',#1861,.T.);
#1207=FACE_BOUND('',#1876,.T.);
#1208=FACE_BOUND('',#1877,.T.);
#1209=FACE_BOUND('',#1878,.T.);
#1210=FACE_BOUND('',#1879,.T.);
#1211=FACE_BOUND('',#1880,.T.);
#1212=FACE_BOUND('',#1881,.T.);
#1213=FACE_BOUND('',#1882,.T.);
#1214=FACE_BOUND('',#1883,.T.);
#1215=FACE_BOUND('',#1884,.T.);
#1216=FACE_BOUND('',#1885,.T.);
#1217=FACE_BOUND('',#1886,.T.);
#1218=FACE_BOUND('',#1887,.T.);
#1219=FACE_BOUND('',#1911,.T.);
#1220=FACE_BOUND('',#1913,.T.);
#1221=FACE_BOUND('',#1925,.T.);
#1222=FACE_BOUND('',#1926,.T.);
#1223=FACE_OUTER_BOUND('',#1518,.T.);
#1224=FACE_OUTER_BOUND('',#1520,.T.);
#1225=FACE_OUTER_BOUND('',#1522,.T.);
#1226=FACE_OUTER_BOUND('',#1524,.T.);
#1227=FACE_OUTER_BOUND('',#1526,.T.);
#1228=FACE_OUTER_BOUND('',#1528,.T.);
#1229=FACE_OUTER_BOUND('',#1530,.T.);
#1230=FACE_OUTER_BOUND('',#1532,.T.);
#1231=FACE_OUTER_BOUND('',#1534,.T.);
#1232=FACE_OUTER_BOUND('',#1536,.T.);
#1233=FACE_OUTER_BOUND('',#1538,.T.);
#1234=FACE_OUTER_BOUND('',#1539,.T.);
#1235=FACE_OUTER_BOUND('',#1540,.T.);
#1236=FACE_OUTER_BOUND('',#1541,.T.);
#1237=FACE_OUTER_BOUND('',#1542,.T.);
#1238=FACE_OUTER_BOUND('',#1543,.T.);
#1239=FACE_OUTER_BOUND('',#1546,.T.);
#1240=FACE_OUTER_BOUND('',#1547,.T.);
#1241=FACE_OUTER_BOUND('',#1548,.T.);
#1242=FACE_OUTER_BOUND('',#1549,.T.);
#1243=FACE_OUTER_BOUND('',#1550,.T.);
#1244=FACE_OUTER_BOUND('',#1551,.T.);
#1245=FACE_OUTER_BOUND('',#1552,.T.);
#1246=FACE_OUTER_BOUND('',#1553,.T.);
#1247=FACE_OUTER_BOUND('',#1554,.T.);
#1248=FACE_OUTER_BOUND('',#1555,.T.);
#1249=FACE_OUTER_BOUND('',#1556,.T.);
#1250=FACE_OUTER_BOUND('',#1559,.T.);
#1251=FACE_OUTER_BOUND('',#1561,.T.);
#1252=FACE_OUTER_BOUND('',#1562,.T.);
#1253=FACE_OUTER_BOUND('',#1564,.T.);
#1254=FACE_OUTER_BOUND('',#1565,.T.);
#1255=FACE_OUTER_BOUND('',#1567,.T.);
#1256=FACE_OUTER_BOUND('',#1568,.T.);
#1257=FACE_OUTER_BOUND('',#1569,.T.);
#1258=FACE_OUTER_BOUND('',#1570,.T.);
#1259=FACE_OUTER_BOUND('',#1571,.T.);
#1260=FACE_OUTER_BOUND('',#1572,.T.);
#1261=FACE_OUTER_BOUND('',#1573,.T.);
#1262=FACE_OUTER_BOUND('',#1574,.T.);
#1263=FACE_OUTER_BOUND('',#1575,.T.);
#1264=FACE_OUTER_BOUND('',#1576,.T.);
#1265=FACE_OUTER_BOUND('',#1577,.T.);
#1266=FACE_OUTER_BOUND('',#1578,.T.);
#1267=FACE_OUTER_BOUND('',#1579,.T.);
#1268=FACE_OUTER_BOUND('',#1580,.T.);
#1269=FACE_OUTER_BOUND('',#1581,.T.);
#1270=FACE_OUTER_BOUND('',#1582,.T.);
#1271=FACE_OUTER_BOUND('',#1583,.T.);
#1272=FACE_OUTER_BOUND('',#1584,.T.);
#1273=FACE_OUTER_BOUND('',#1585,.T.);
#1274=FACE_OUTER_BOUND('',#1586,.T.);
#1275=FACE_OUTER_BOUND('',#1587,.T.);
#1276=FACE_OUTER_BOUND('',#1588,.T.);
#1277=FACE_OUTER_BOUND('',#1589,.T.);
#1278=FACE_OUTER_BOUND('',#1590,.T.);
#1279=FACE_OUTER_BOUND('',#1591,.T.);
#1280=FACE_OUTER_BOUND('',#1592,.T.);
#1281=FACE_OUTER_BOUND('',#1593,.T.);
#1282=FACE_OUTER_BOUND('',#1594,.T.);
#1283=FACE_OUTER_BOUND('',#1595,.T.);
#1284=FACE_OUTER_BOUND('',#1596,.T.);
#1285=FACE_OUTER_BOUND('',#1597,.T.);
#1286=FACE_OUTER_BOUND('',#1598,.T.);
#1287=FACE_OUTER_BOUND('',#1599,.T.);
#1288=FACE_OUTER_BOUND('',#1600,.T.);
#1289=FACE_OUTER_BOUND('',#1601,.T.);
#1290=FACE_OUTER_BOUND('',#1602,.T.);
#1291=FACE_OUTER_BOUND('',#1603,.T.);
#1292=FACE_OUTER_BOUND('',#1604,.T.);
#1293=FACE_OUTER_BOUND('',#1605,.T.);
#1294=FACE_OUTER_BOUND('',#1606,.T.);
#1295=FACE_OUTER_BOUND('',#1607,.T.);
#1296=FACE_OUTER_BOUND('',#1608,.T.);
#1297=FACE_OUTER_BOUND('',#1609,.T.);
#1298=FACE_OUTER_BOUND('',#1610,.T.);
#1299=FACE_OUTER_BOUND('',#1611,.T.);
#1300=FACE_OUTER_BOUND('',#1612,.T.);
#1301=FACE_OUTER_BOUND('',#1613,.T.);
#1302=FACE_OUTER_BOUND('',#1614,.T.);
#1303=FACE_OUTER_BOUND('',#1615,.T.);
#1304=FACE_OUTER_BOUND('',#1616,.T.);
#1305=FACE_OUTER_BOUND('',#1617,.T.);
#1306=FACE_OUTER_BOUND('',#1618,.T.);
#1307=FACE_OUTER_BOUND('',#1619,.T.);
#1308=FACE_OUTER_BOUND('',#1620,.T.);
#1309=FACE_OUTER_BOUND('',#1621,.T.);
#1310=FACE_OUTER_BOUND('',#1622,.T.);
#1311=FACE_OUTER_BOUND('',#1623,.T.);
#1312=FACE_OUTER_BOUND('',#1624,.T.);
#1313=FACE_OUTER_BOUND('',#1625,.T.);
#1314=FACE_OUTER_BOUND('',#1626,.T.);
#1315=FACE_OUTER_BOUND('',#1627,.T.);
#1316=FACE_OUTER_BOUND('',#1628,.T.);
#1317=FACE_OUTER_BOUND('',#1629,.T.);
#1318=FACE_OUTER_BOUND('',#1630,.T.);
#1319=FACE_OUTER_BOUND('',#1631,.T.);
#1320=FACE_OUTER_BOUND('',#1632,.T.);
#1321=FACE_OUTER_BOUND('',#1633,.T.);
#1322=FACE_OUTER_BOUND('',#1634,.T.);
#1323=FACE_OUTER_BOUND('',#1635,.T.);
#1324=FACE_OUTER_BOUND('',#1636,.T.);
#1325=FACE_OUTER_BOUND('',#1637,.T.);
#1326=FACE_OUTER_BOUND('',#1638,.T.);
#1327=FACE_OUTER_BOUND('',#1639,.T.);
#1328=FACE_OUTER_BOUND('',#1640,.T.);
#1329=FACE_OUTER_BOUND('',#1641,.T.);
#1330=FACE_OUTER_BOUND('',#1642,.T.);
#1331=FACE_OUTER_BOUND('',#1643,.T.);
#1332=FACE_OUTER_BOUND('',#1644,.T.);
#1333=FACE_OUTER_BOUND('',#1645,.T.);
#1334=FACE_OUTER_BOUND('',#1652,.T.);
#1335=FACE_OUTER_BOUND('',#1653,.T.);
#1336=FACE_OUTER_BOUND('',#1654,.T.);
#1337=FACE_OUTER_BOUND('',#1655,.T.);
#1338=FACE_OUTER_BOUND('',#1656,.T.);
#1339=FACE_OUTER_BOUND('',#1657,.T.);
#1340=FACE_OUTER_BOUND('',#1658,.T.);
#1341=FACE_OUTER_BOUND('',#1659,.T.);
#1342=FACE_OUTER_BOUND('',#1660,.T.);
#1343=FACE_OUTER_BOUND('',#1661,.T.);
#1344=FACE_OUTER_BOUND('',#1662,.T.);
#1345=FACE_OUTER_BOUND('',#1663,.T.);
#1346=FACE_OUTER_BOUND('',#1664,.T.);
#1347=FACE_OUTER_BOUND('',#1665,.T.);
#1348=FACE_OUTER_BOUND('',#1666,.T.);
#1349=FACE_OUTER_BOUND('',#1667,.T.);
#1350=FACE_OUTER_BOUND('',#1668,.T.);
#1351=FACE_OUTER_BOUND('',#1669,.T.);
#1352=FACE_OUTER_BOUND('',#1670,.T.);
#1353=FACE_OUTER_BOUND('',#1671,.T.);
#1354=FACE_OUTER_BOUND('',#1672,.T.);
#1355=FACE_OUTER_BOUND('',#1673,.T.);
#1356=FACE_OUTER_BOUND('',#1674,.T.);
#1357=FACE_OUTER_BOUND('',#1675,.T.);
#1358=FACE_OUTER_BOUND('',#1676,.T.);
#1359=FACE_OUTER_BOUND('',#1677,.T.);
#1360=FACE_OUTER_BOUND('',#1678,.T.);
#1361=FACE_OUTER_BOUND('',#1679,.T.);
#1362=FACE_OUTER_BOUND('',#1680,.T.);
#1363=FACE_OUTER_BOUND('',#1681,.T.);
#1364=FACE_OUTER_BOUND('',#1682,.T.);
#1365=FACE_OUTER_BOUND('',#1683,.T.);
#1366=FACE_OUTER_BOUND('',#1684,.T.);
#1367=FACE_OUTER_BOUND('',#1685,.T.);
#1368=FACE_OUTER_BOUND('',#1686,.T.);
#1369=FACE_OUTER_BOUND('',#1687,.T.);
#1370=FACE_OUTER_BOUND('',#1688,.T.);
#1371=FACE_OUTER_BOUND('',#1689,.T.);
#1372=FACE_OUTER_BOUND('',#1690,.T.);
#1373=FACE_OUTER_BOUND('',#1691,.T.);
#1374=FACE_OUTER_BOUND('',#1692,.T.);
#1375=FACE_OUTER_BOUND('',#1693,.T.);
#1376=FACE_OUTER_BOUND('',#1694,.T.);
#1377=FACE_OUTER_BOUND('',#1695,.T.);
#1378=FACE_OUTER_BOUND('',#1696,.T.);
#1379=FACE_OUTER_BOUND('',#1697,.T.);
#1380=FACE_OUTER_BOUND('',#1698,.T.);
#1381=FACE_OUTER_BOUND('',#1699,.T.);
#1382=FACE_OUTER_BOUND('',#1700,.T.);
#1383=FACE_OUTER_BOUND('',#1701,.T.);
#1384=FACE_OUTER_BOUND('',#1702,.T.);
#1385=FACE_OUTER_BOUND('',#1703,.T.);
#1386=FACE_OUTER_BOUND('',#1704,.T.);
#1387=FACE_OUTER_BOUND('',#1705,.T.);
#1388=FACE_OUTER_BOUND('',#1706,.T.);
#1389=FACE_OUTER_BOUND('',#1707,.T.);
#1390=FACE_OUTER_BOUND('',#1708,.T.);
#1391=FACE_OUTER_BOUND('',#1715,.T.);
#1392=FACE_OUTER_BOUND('',#1716,.T.);
#1393=FACE_OUTER_BOUND('',#1717,.T.);
#1394=FACE_OUTER_BOUND('',#1718,.T.);
#1395=FACE_OUTER_BOUND('',#1719,.T.);
#1396=FACE_OUTER_BOUND('',#1720,.T.);
#1397=FACE_OUTER_BOUND('',#1722,.T.);
#1398=FACE_OUTER_BOUND('',#1724,.T.);
#1399=FACE_OUTER_BOUND('',#1728,.T.);
#1400=FACE_OUTER_BOUND('',#1730,.T.);
#1401=FACE_OUTER_BOUND('',#1734,.T.);
#1402=FACE_OUTER_BOUND('',#1736,.T.);
#1403=FACE_OUTER_BOUND('',#1740,.T.);
#1404=FACE_OUTER_BOUND('',#1742,.T.);
#1405=FACE_OUTER_BOUND('',#1746,.T.);
#1406=FACE_OUTER_BOUND('',#1748,.T.);
#1407=FACE_OUTER_BOUND('',#1752,.T.);
#1408=FACE_OUTER_BOUND('',#1758,.T.);
#1409=FACE_OUTER_BOUND('',#1759,.T.);
#1410=FACE_OUTER_BOUND('',#1760,.T.);
#1411=FACE_OUTER_BOUND('',#1761,.T.);
#1412=FACE_OUTER_BOUND('',#1762,.T.);
#1413=FACE_OUTER_BOUND('',#1763,.T.);
#1414=FACE_OUTER_BOUND('',#1764,.T.);
#1415=FACE_OUTER_BOUND('',#1765,.T.);
#1416=FACE_OUTER_BOUND('',#1770,.T.);
#1417=FACE_OUTER_BOUND('',#1771,.T.);
#1418=FACE_OUTER_BOUND('',#1772,.T.);
#1419=FACE_OUTER_BOUND('',#1773,.T.);
#1420=FACE_OUTER_BOUND('',#1778,.T.);
#1421=FACE_OUTER_BOUND('',#1783,.T.);
#1422=FACE_OUTER_BOUND('',#1784,.T.);
#1423=FACE_OUTER_BOUND('',#1785,.T.);
#1424=FACE_OUTER_BOUND('',#1786,.T.);
#1425=FACE_OUTER_BOUND('',#1787,.T.);
#1426=FACE_OUTER_BOUND('',#1788,.T.);
#1427=FACE_OUTER_BOUND('',#1789,.T.);
#1428=FACE_OUTER_BOUND('',#1790,.T.);
#1429=FACE_OUTER_BOUND('',#1791,.T.);
#1430=FACE_OUTER_BOUND('',#1792,.T.);
#1431=FACE_OUTER_BOUND('',#1793,.T.);
#1432=FACE_OUTER_BOUND('',#1794,.T.);
#1433=FACE_OUTER_BOUND('',#1799,.T.);
#1434=FACE_OUTER_BOUND('',#1803,.T.);
#1435=FACE_OUTER_BOUND('',#1804,.T.);
#1436=FACE_OUTER_BOUND('',#1805,.T.);
#1437=FACE_OUTER_BOUND('',#1810,.T.);
#1438=FACE_OUTER_BOUND('',#1811,.T.);
#1439=FACE_OUTER_BOUND('',#1812,.T.);
#1440=FACE_OUTER_BOUND('',#1813,.T.);
#1441=FACE_OUTER_BOUND('',#1814,.T.);
#1442=FACE_OUTER_BOUND('',#1816,.T.);
#1443=FACE_OUTER_BOUND('',#1818,.T.);
#1444=FACE_OUTER_BOUND('',#1820,.T.);
#1445=FACE_OUTER_BOUND('',#1822,.T.);
#1446=FACE_OUTER_BOUND('',#1823,.T.);
#1447=FACE_OUTER_BOUND('',#1824,.T.);
#1448=FACE_OUTER_BOUND('',#1825,.T.);
#1449=FACE_OUTER_BOUND('',#1827,.T.);
#1450=FACE_OUTER_BOUND('',#1831,.T.);
#1451=FACE_OUTER_BOUND('',#1833,.T.);
#1452=FACE_OUTER_BOUND('',#1846,.T.);
#1453=FACE_OUTER_BOUND('',#1847,.T.);
#1454=FACE_OUTER_BOUND('',#1848,.T.);
#1455=FACE_OUTER_BOUND('',#1849,.T.);
#1456=FACE_OUTER_BOUND('',#1850,.T.);
#1457=FACE_OUTER_BOUND('',#1851,.T.);
#1458=FACE_OUTER_BOUND('',#1852,.T.);
#1459=FACE_OUTER_BOUND('',#1853,.T.);
#1460=FACE_OUTER_BOUND('',#1862,.T.);
#1461=FACE_OUTER_BOUND('',#1863,.T.);
#1462=FACE_OUTER_BOUND('',#1864,.T.);
#1463=FACE_OUTER_BOUND('',#1865,.T.);
#1464=FACE_OUTER_BOUND('',#1866,.T.);
#1465=FACE_OUTER_BOUND('',#1867,.T.);
#1466=FACE_OUTER_BOUND('',#1868,.T.);
#1467=FACE_OUTER_BOUND('',#1869,.T.);
#1468=FACE_OUTER_BOUND('',#1870,.T.);
#1469=FACE_OUTER_BOUND('',#1871,.T.);
#1470=FACE_OUTER_BOUND('',#1872,.T.);
#1471=FACE_OUTER_BOUND('',#1873,.T.);
#1472=FACE_OUTER_BOUND('',#1874,.T.);
#1473=FACE_OUTER_BOUND('',#1875,.T.);
#1474=FACE_OUTER_BOUND('',#1888,.T.);
#1475=FACE_OUTER_BOUND('',#1889,.T.);
#1476=FACE_OUTER_BOUND('',#1890,.T.);
#1477=FACE_OUTER_BOUND('',#1891,.T.);
#1478=FACE_OUTER_BOUND('',#1892,.T.);
#1479=FACE_OUTER_BOUND('',#1893,.T.);
#1480=FACE_OUTER_BOUND('',#1894,.T.);
#1481=FACE_OUTER_BOUND('',#1895,.T.);
#1482=FACE_OUTER_BOUND('',#1896,.T.);
#1483=FACE_OUTER_BOUND('',#1897,.T.);
#1484=FACE_OUTER_BOUND('',#1898,.T.);
#1485=FACE_OUTER_BOUND('',#1899,.T.);
#1486=FACE_OUTER_BOUND('',#1900,.T.);
#1487=FACE_OUTER_BOUND('',#1901,.T.);
#1488=FACE_OUTER_BOUND('',#1902,.T.);
#1489=FACE_OUTER_BOUND('',#1903,.T.);
#1490=FACE_OUTER_BOUND('',#1904,.T.);
#1491=FACE_OUTER_BOUND('',#1905,.T.);
#1492=FACE_OUTER_BOUND('',#1906,.T.);
#1493=FACE_OUTER_BOUND('',#1907,.T.);
#1494=FACE_OUTER_BOUND('',#1908,.T.);
#1495=FACE_OUTER_BOUND('',#1909,.T.);
#1496=FACE_OUTER_BOUND('',#1910,.T.);
#1497=FACE_OUTER_BOUND('',#1912,.T.);
#1498=FACE_OUTER_BOUND('',#1914,.T.);
#1499=FACE_OUTER_BOUND('',#1915,.T.);
#1500=FACE_OUTER_BOUND('',#1916,.T.);
#1501=FACE_OUTER_BOUND('',#1917,.T.);
#1502=FACE_OUTER_BOUND('',#1918,.T.);
#1503=FACE_OUTER_BOUND('',#1919,.T.);
#1504=FACE_OUTER_BOUND('',#1920,.T.);
#1505=FACE_OUTER_BOUND('',#1921,.T.);
#1506=FACE_OUTER_BOUND('',#1922,.T.);
#1507=FACE_OUTER_BOUND('',#1923,.T.);
#1508=FACE_OUTER_BOUND('',#1924,.T.);
#1509=FACE_OUTER_BOUND('',#1927,.T.);
#1510=FACE_OUTER_BOUND('',#1928,.T.);
#1511=FACE_OUTER_BOUND('',#1929,.T.);
#1512=FACE_OUTER_BOUND('',#1930,.T.);
#1513=FACE_OUTER_BOUND('',#1931,.T.);
#1514=FACE_OUTER_BOUND('',#1932,.T.);
#1515=FACE_OUTER_BOUND('',#1933,.T.);
#1516=FACE_OUTER_BOUND('',#1934,.T.);
#1517=FACE_OUTER_BOUND('',#1935,.T.);
#1518=EDGE_LOOP('',(#3553));
#1519=EDGE_LOOP('',(#3554));
#1520=EDGE_LOOP('',(#3555));
#1521=EDGE_LOOP('',(#3556));
#1522=EDGE_LOOP('',(#3557));
#1523=EDGE_LOOP('',(#3558));
#1524=EDGE_LOOP('',(#3559));
#1525=EDGE_LOOP('',(#3560));
#1526=EDGE_LOOP('',(#3561));
#1527=EDGE_LOOP('',(#3562));
#1528=EDGE_LOOP('',(#3563));
#1529=EDGE_LOOP('',(#3564));
#1530=EDGE_LOOP('',(#3565));
#1531=EDGE_LOOP('',(#3566));
#1532=EDGE_LOOP('',(#3567));
#1533=EDGE_LOOP('',(#3568));
#1534=EDGE_LOOP('',(#3569));
#1535=EDGE_LOOP('',(#3570));
#1536=EDGE_LOOP('',(#3571));
#1537=EDGE_LOOP('',(#3572));
#1538=EDGE_LOOP('',(#3573,#3574,#3575,#3576));
#1539=EDGE_LOOP('',(#3577,#3578,#3579,#3580));
#1540=EDGE_LOOP('',(#3581,#3582,#3583,#3584));
#1541=EDGE_LOOP('',(#3585,#3586,#3587,#3588,#3589,#3590,#3591));
#1542=EDGE_LOOP('',(#3592,#3593,#3594,#3595));
#1543=EDGE_LOOP('',(#3596,#3597,#3598,#3599,#3600,#3601,#3602,#3603,#3604,
#3605,#3606,#3607,#3608,#3609,#3610,#3611,#3612,#3613,#3614,#3615,#3616,
#3617));
#1544=EDGE_LOOP('',(#3618,#3619,#3620,#3621,#3622,#3623,#3624,#3625));
#1545=EDGE_LOOP('',(#3626,#3627,#3628,#3629));
#1546=EDGE_LOOP('',(#3630,#3631,#3632,#3633));
#1547=EDGE_LOOP('',(#3634,#3635,#3636,#3637));
#1548=EDGE_LOOP('',(#3638,#3639,#3640,#3641));
#1549=EDGE_LOOP('',(#3642,#3643,#3644,#3645));
#1550=EDGE_LOOP('',(#3646,#3647,#3648,#3649,#3650,#3651));
#1551=EDGE_LOOP('',(#3652,#3653,#3654,#3655,#3656,#3657,#3658));
#1552=EDGE_LOOP('',(#3659,#3660,#3661,#3662));
#1553=EDGE_LOOP('',(#3663,#3664,#3665,#3666));
#1554=EDGE_LOOP('',(#3667,#3668,#3669,#3670));
#1555=EDGE_LOOP('',(#3671,#3672,#3673,#3674));
#1556=EDGE_LOOP('',(#3675,#3676,#3677,#3678));
#1557=EDGE_LOOP('',(#3679));
#1558=EDGE_LOOP('',(#3680));
#1559=EDGE_LOOP('',(#3681));
#1560=EDGE_LOOP('',(#3682));
#1561=EDGE_LOOP('',(#3683));
#1562=EDGE_LOOP('',(#3684));
#1563=EDGE_LOOP('',(#3685));
#1564=EDGE_LOOP('',(#3686));
#1565=EDGE_LOOP('',(#3687,#3688,#3689,#3690));
#1566=EDGE_LOOP('',(#3691));
#1567=EDGE_LOOP('',(#3692,#3693,#3694,#3695));
#1568=EDGE_LOOP('',(#3696,#3697,#3698,#3699));
#1569=EDGE_LOOP('',(#3700,#3701,#3702,#3703));
#1570=EDGE_LOOP('',(#3704,#3705,#3706,#3707));
#1571=EDGE_LOOP('',(#3708,#3709,#3710,#3711));
#1572=EDGE_LOOP('',(#3712,#3713,#3714,#3715));
#1573=EDGE_LOOP('',(#3716,#3717,#3718,#3719));
#1574=EDGE_LOOP('',(#3720,#3721,#3722,#3723));
#1575=EDGE_LOOP('',(#3724,#3725,#3726,#3727));
#1576=EDGE_LOOP('',(#3728,#3729,#3730,#3731));
#1577=EDGE_LOOP('',(#3732,#3733,#3734,#3735));
#1578=EDGE_LOOP('',(#3736,#3737,#3738,#3739));
#1579=EDGE_LOOP('',(#3740,#3741,#3742,#3743));
#1580=EDGE_LOOP('',(#3744,#3745,#3746,#3747));
#1581=EDGE_LOOP('',(#3748,#3749,#3750,#3751));
#1582=EDGE_LOOP('',(#3752,#3753,#3754,#3755));
#1583=EDGE_LOOP('',(#3756,#3757,#3758,#3759));
#1584=EDGE_LOOP('',(#3760,#3761,#3762,#3763));
#1585=EDGE_LOOP('',(#3764,#3765,#3766,#3767,#3768,#3769,#3770,#3771,#3772,
#3773));
#1586=EDGE_LOOP('',(#3774,#3775,#3776,#3777));
#1587=EDGE_LOOP('',(#3778,#3779,#3780,#3781));
#1588=EDGE_LOOP('',(#3782,#3783,#3784,#3785));
#1589=EDGE_LOOP('',(#3786,#3787,#3788,#3789));
#1590=EDGE_LOOP('',(#3790,#3791,#3792,#3793));
#1591=EDGE_LOOP('',(#3794,#3795,#3796,#3797));
#1592=EDGE_LOOP('',(#3798,#3799,#3800,#3801));
#1593=EDGE_LOOP('',(#3802,#3803,#3804,#3805));
#1594=EDGE_LOOP('',(#3806,#3807,#3808,#3809));
#1595=EDGE_LOOP('',(#3810,#3811,#3812,#3813));
#1596=EDGE_LOOP('',(#3814,#3815,#3816,#3817));
#1597=EDGE_LOOP('',(#3818,#3819,#3820,#3821));
#1598=EDGE_LOOP('',(#3822,#3823,#3824,#3825));
#1599=EDGE_LOOP('',(#3826,#3827,#3828,#3829));
#1600=EDGE_LOOP('',(#3830,#3831,#3832,#3833));
#1601=EDGE_LOOP('',(#3834,#3835,#3836,#3837));
#1602=EDGE_LOOP('',(#3838,#3839,#3840,#3841));
#1603=EDGE_LOOP('',(#3842,#3843,#3844,#3845));
#1604=EDGE_LOOP('',(#3846,#3847,#3848,#3849));
#1605=EDGE_LOOP('',(#3850,#3851,#3852,#3853));
#1606=EDGE_LOOP('',(#3854,#3855,#3856,#3857));
#1607=EDGE_LOOP('',(#3858,#3859,#3860,#3861));
#1608=EDGE_LOOP('',(#3862,#3863,#3864,#3865));
#1609=EDGE_LOOP('',(#3866,#3867,#3868,#3869));
#1610=EDGE_LOOP('',(#3870,#3871,#3872,#3873));
#1611=EDGE_LOOP('',(#3874,#3875,#3876,#3877));
#1612=EDGE_LOOP('',(#3878,#3879,#3880,#3881));
#1613=EDGE_LOOP('',(#3882,#3883,#3884,#3885));
#1614=EDGE_LOOP('',(#3886,#3887,#3888,#3889));
#1615=EDGE_LOOP('',(#3890,#3891,#3892,#3893));
#1616=EDGE_LOOP('',(#3894,#3895,#3896,#3897));
#1617=EDGE_LOOP('',(#3898,#3899,#3900,#3901));
#1618=EDGE_LOOP('',(#3902,#3903,#3904,#3905));
#1619=EDGE_LOOP('',(#3906,#3907,#3908,#3909));
#1620=EDGE_LOOP('',(#3910,#3911,#3912,#3913));
#1621=EDGE_LOOP('',(#3914,#3915,#3916,#3917));
#1622=EDGE_LOOP('',(#3918,#3919,#3920,#3921));
#1623=EDGE_LOOP('',(#3922,#3923,#3924,#3925));
#1624=EDGE_LOOP('',(#3926,#3927,#3928,#3929));
#1625=EDGE_LOOP('',(#3930,#3931,#3932,#3933));
#1626=EDGE_LOOP('',(#3934,#3935,#3936,#3937));
#1627=EDGE_LOOP('',(#3938,#3939,#3940,#3941));
#1628=EDGE_LOOP('',(#3942,#3943,#3944,#3945));
#1629=EDGE_LOOP('',(#3946,#3947,#3948,#3949));
#1630=EDGE_LOOP('',(#3950,#3951,#3952,#3953));
#1631=EDGE_LOOP('',(#3954,#3955,#3956,#3957));
#1632=EDGE_LOOP('',(#3958,#3959,#3960,#3961));
#1633=EDGE_LOOP('',(#3962,#3963,#3964,#3965));
#1634=EDGE_LOOP('',(#3966,#3967,#3968,#3969));
#1635=EDGE_LOOP('',(#3970,#3971,#3972,#3973));
#1636=EDGE_LOOP('',(#3974,#3975,#3976,#3977));
#1637=EDGE_LOOP('',(#3978,#3979,#3980,#3981));
#1638=EDGE_LOOP('',(#3982,#3983,#3984,#3985));
#1639=EDGE_LOOP('',(#3986,#3987,#3988,#3989));
#1640=EDGE_LOOP('',(#3990,#3991,#3992,#3993));
#1641=EDGE_LOOP('',(#3994,#3995,#3996,#3997));
#1642=EDGE_LOOP('',(#3998,#3999,#4000,#4001));
#1643=EDGE_LOOP('',(#4002,#4003,#4004,#4005));
#1644=EDGE_LOOP('',(#4006,#4007,#4008,#4009));
#1645=EDGE_LOOP('',(#4010,#4011,#4012,#4013));
#1646=EDGE_LOOP('',(#4014,#4015,#4016,#4017,#4018,#4019,#4020,#4021,#4022,
#4023,#4024,#4025,#4026));
#1647=EDGE_LOOP('',(#4027,#4028,#4029,#4030,#4031,#4032,#4033,#4034,#4035,
#4036,#4037,#4038,#4039,#4040,#4041,#4042,#4043,#4044,#4045,#4046));
#1648=EDGE_LOOP('',(#4047,#4048,#4049,#4050));
#1649=EDGE_LOOP('',(#4051,#4052));
#1650=EDGE_LOOP('',(#4053,#4054,#4055,#4056,#4057));
#1651=EDGE_LOOP('',(#4058,#4059,#4060,#4061,#4062,#4063,#4064,#4065,#4066,
#4067,#4068,#4069,#4070,#4071,#4072,#4073));
#1652=EDGE_LOOP('',(#4074,#4075,#4076,#4077));
#1653=EDGE_LOOP('',(#4078,#4079,#4080,#4081));
#1654=EDGE_LOOP('',(#4082,#4083,#4084,#4085));
#1655=EDGE_LOOP('',(#4086,#4087,#4088,#4089));
#1656=EDGE_LOOP('',(#4090,#4091,#4092,#4093));
#1657=EDGE_LOOP('',(#4094,#4095,#4096,#4097));
#1658=EDGE_LOOP('',(#4098,#4099,#4100,#4101));
#1659=EDGE_LOOP('',(#4102,#4103,#4104,#4105));
#1660=EDGE_LOOP('',(#4106,#4107,#4108,#4109));
#1661=EDGE_LOOP('',(#4110,#4111,#4112,#4113));
#1662=EDGE_LOOP('',(#4114,#4115,#4116,#4117));
#1663=EDGE_LOOP('',(#4118,#4119,#4120,#4121));
#1664=EDGE_LOOP('',(#4122,#4123,#4124,#4125));
#1665=EDGE_LOOP('',(#4126,#4127,#4128,#4129));
#1666=EDGE_LOOP('',(#4130,#4131,#4132,#4133));
#1667=EDGE_LOOP('',(#4134,#4135,#4136,#4137));
#1668=EDGE_LOOP('',(#4138,#4139,#4140,#4141));
#1669=EDGE_LOOP('',(#4142,#4143,#4144,#4145));
#1670=EDGE_LOOP('',(#4146,#4147,#4148,#4149));
#1671=EDGE_LOOP('',(#4150,#4151,#4152,#4153));
#1672=EDGE_LOOP('',(#4154,#4155,#4156,#4157));
#1673=EDGE_LOOP('',(#4158,#4159,#4160,#4161));
#1674=EDGE_LOOP('',(#4162,#4163,#4164,#4165));
#1675=EDGE_LOOP('',(#4166,#4167,#4168,#4169));
#1676=EDGE_LOOP('',(#4170,#4171,#4172,#4173));
#1677=EDGE_LOOP('',(#4174,#4175,#4176,#4177,#4178));
#1678=EDGE_LOOP('',(#4179,#4180,#4181,#4182));
#1679=EDGE_LOOP('',(#4183,#4184,#4185,#4186));
#1680=EDGE_LOOP('',(#4187,#4188,#4189,#4190));
#1681=EDGE_LOOP('',(#4191,#4192,#4193,#4194));
#1682=EDGE_LOOP('',(#4195,#4196,#4197,#4198));
#1683=EDGE_LOOP('',(#4199,#4200,#4201,#4202));
#1684=EDGE_LOOP('',(#4203,#4204,#4205,#4206));
#1685=EDGE_LOOP('',(#4207,#4208,#4209,#4210));
#1686=EDGE_LOOP('',(#4211,#4212,#4213,#4214));
#1687=EDGE_LOOP('',(#4215,#4216,#4217,#4218));
#1688=EDGE_LOOP('',(#4219,#4220,#4221,#4222,#4223,#4224,#4225,#4226,#4227,
#4228));
#1689=EDGE_LOOP('',(#4229,#4230,#4231,#4232));
#1690=EDGE_LOOP('',(#4233,#4234,#4235,#4236));
#1691=EDGE_LOOP('',(#4237,#4238,#4239,#4240));
#1692=EDGE_LOOP('',(#4241,#4242,#4243,#4244));
#1693=EDGE_LOOP('',(#4245,#4246,#4247,#4248));
#1694=EDGE_LOOP('',(#4249,#4250,#4251,#4252));
#1695=EDGE_LOOP('',(#4253,#4254,#4255,#4256));
#1696=EDGE_LOOP('',(#4257,#4258,#4259,#4260));
#1697=EDGE_LOOP('',(#4261,#4262,#4263,#4264));
#1698=EDGE_LOOP('',(#4265,#4266,#4267,#4268));
#1699=EDGE_LOOP('',(#4269,#4270,#4271,#4272));
#1700=EDGE_LOOP('',(#4273,#4274,#4275,#4276));
#1701=EDGE_LOOP('',(#4277,#4278,#4279,#4280));
#1702=EDGE_LOOP('',(#4281,#4282,#4283,#4284));
#1703=EDGE_LOOP('',(#4285,#4286,#4287,#4288));
#1704=EDGE_LOOP('',(#4289,#4290,#4291,#4292));
#1705=EDGE_LOOP('',(#4293,#4294,#4295,#4296));
#1706=EDGE_LOOP('',(#4297,#4298,#4299,#4300));
#1707=EDGE_LOOP('',(#4301,#4302,#4303,#4304,#4305,#4306,#4307,#4308,#4309,
#4310,#4311,#4312,#4313,#4314,#4315,#4316,#4317,#4318));
#1708=EDGE_LOOP('',(#4319,#4320,#4321,#4322,#4323,#4324,#4325,#4326));
#1709=EDGE_LOOP('',(#4327,#4328,#4329,#4330,#4331));
#1710=EDGE_LOOP('',(#4332,#4333,#4334,#4335));
#1711=EDGE_LOOP('',(#4336,#4337,#4338,#4339));
#1712=EDGE_LOOP('',(#4340,#4341,#4342,#4343));
#1713=EDGE_LOOP('',(#4344,#4345,#4346,#4347));
#1714=EDGE_LOOP('',(#4348,#4349,#4350,#4351,#4352,#4353,#4354,#4355,#4356,
#4357,#4358,#4359,#4360,#4361,#4362,#4363));
#1715=EDGE_LOOP('',(#4364,#4365,#4366,#4367,#4368));
#1716=EDGE_LOOP('',(#4369,#4370));
#1717=EDGE_LOOP('',(#4371,#4372,#4373,#4374));
#1718=EDGE_LOOP('',(#4375,#4376,#4377,#4378,#4379,#4380,#4381,#4382,#4383,
#4384,#4385,#4386,#4387,#4388,#4389,#4390,#4391,#4392,#4393,#4394));
#1719=EDGE_LOOP('',(#4395,#4396));
#1720=EDGE_LOOP('',(#4397));
#1721=EDGE_LOOP('',(#4398,#4399));
#1722=EDGE_LOOP('',(#4400));
#1723=EDGE_LOOP('',(#4401));
#1724=EDGE_LOOP('',(#4402));
#1725=EDGE_LOOP('',(#4403));
#1726=EDGE_LOOP('',(#4404));
#1727=EDGE_LOOP('',(#4405));
#1728=EDGE_LOOP('',(#4406));
#1729=EDGE_LOOP('',(#4407));
#1730=EDGE_LOOP('',(#4408));
#1731=EDGE_LOOP('',(#4409));
#1732=EDGE_LOOP('',(#4410));
#1733=EDGE_LOOP('',(#4411));
#1734=EDGE_LOOP('',(#4412,#4413));
#1735=EDGE_LOOP('',(#4414));
#1736=EDGE_LOOP('',(#4415));
#1737=EDGE_LOOP('',(#4416));
#1738=EDGE_LOOP('',(#4417));
#1739=EDGE_LOOP('',(#4418));
#1740=EDGE_LOOP('',(#4419));
#1741=EDGE_LOOP('',(#4420));
#1742=EDGE_LOOP('',(#4421));
#1743=EDGE_LOOP('',(#4422));
#1744=EDGE_LOOP('',(#4423));
#1745=EDGE_LOOP('',(#4424));
#1746=EDGE_LOOP('',(#4425));
#1747=EDGE_LOOP('',(#4426));
#1748=EDGE_LOOP('',(#4427));
#1749=EDGE_LOOP('',(#4428));
#1750=EDGE_LOOP('',(#4429));
#1751=EDGE_LOOP('',(#4430));
#1752=EDGE_LOOP('',(#4431,#4432,#4433,#4434));
#1753=EDGE_LOOP('',(#4435));
#1754=EDGE_LOOP('',(#4436));
#1755=EDGE_LOOP('',(#4437));
#1756=EDGE_LOOP('',(#4438));
#1757=EDGE_LOOP('',(#4439));
#1758=EDGE_LOOP('',(#4440,#4441,#4442,#4443));
#1759=EDGE_LOOP('',(#4444,#4445,#4446,#4447));
#1760=EDGE_LOOP('',(#4448,#4449,#4450,#4451));
#1761=EDGE_LOOP('',(#4452,#4453,#4454,#4455));
#1762=EDGE_LOOP('',(#4456,#4457,#4458,#4459));
#1763=EDGE_LOOP('',(#4460,#4461,#4462,#4463));
#1764=EDGE_LOOP('',(#4464,#4465,#4466,#4467));
#1765=EDGE_LOOP('',(#4468,#4469,#4470,#4471));
#1766=EDGE_LOOP('',(#4472,#4473,#4474,#4475,#4476,#4477,#4478,#4479,#4480,
#4481));
#1767=EDGE_LOOP('',(#4482,#4483,#4484,#4485,#4486,#4487,#4488,#4489,#4490,
#4491,#4492,#4493,#4494));
#1768=EDGE_LOOP('',(#4495,#4496,#4497,#4498,#4499,#4500,#4501,#4502,#4503,
#4504));
#1769=EDGE_LOOP('',(#4505,#4506,#4507,#4508,#4509,#4510,#4511,#4512,#4513,
#4514,#4515,#4516,#4517,#4518,#4519,#4520,#4521,#4522));
#1770=EDGE_LOOP('',(#4523,#4524,#4525,#4526,#4527,#4528));
#1771=EDGE_LOOP('',(#4529,#4530,#4531,#4532));
#1772=EDGE_LOOP('',(#4533,#4534,#4535,#4536));
#1773=EDGE_LOOP('',(#4537,#4538,#4539,#4540));
#1774=EDGE_LOOP('',(#4541));
#1775=EDGE_LOOP('',(#4542));
#1776=EDGE_LOOP('',(#4543));
#1777=EDGE_LOOP('',(#4544,#4545,#4546,#4547));
#1778=EDGE_LOOP('',(#4548,#4549,#4550,#4551));
#1779=EDGE_LOOP('',(#4552));
#1780=EDGE_LOOP('',(#4553));
#1781=EDGE_LOOP('',(#4554));
#1782=EDGE_LOOP('',(#4555,#4556,#4557,#4558));
#1783=EDGE_LOOP('',(#4559,#4560,#4561,#4562,#4563,#4564));
#1784=EDGE_LOOP('',(#4565,#4566,#4567,#4568));
#1785=EDGE_LOOP('',(#4569,#4570,#4571,#4572,#4573,#4574,#4575,#4576,#4577,
#4578));
#1786=EDGE_LOOP('',(#4579,#4580,#4581,#4582));
#1787=EDGE_LOOP('',(#4583,#4584,#4585,#4586));
#1788=EDGE_LOOP('',(#4587,#4588,#4589,#4590,#4591,#4592,#4593,#4594));
#1789=EDGE_LOOP('',(#4595,#4596,#4597,#4598,#4599,#4600));
#1790=EDGE_LOOP('',(#4601,#4602,#4603,#4604,#4605));
#1791=EDGE_LOOP('',(#4606,#4607,#4608,#4609,#4610,#4611,#4612));
#1792=EDGE_LOOP('',(#4613,#4614,#4615,#4616,#4617,#4618,#4619));
#1793=EDGE_LOOP('',(#4620,#4621,#4622,#4623,#4624));
#1794=EDGE_LOOP('',(#4625,#4626,#4627,#4628,#4629));
#1795=EDGE_LOOP('',(#4630));
#1796=EDGE_LOOP('',(#4631));
#1797=EDGE_LOOP('',(#4632));
#1798=EDGE_LOOP('',(#4633,#4634,#4635,#4636,#4637));
#1799=EDGE_LOOP('',(#4638,#4639,#4640,#4641,#4642,#4643,#4644,#4645,#4646));
#1800=EDGE_LOOP('',(#4647,#4648,#4649,#4650,#4651,#4652,#4653,#4654));
#1801=EDGE_LOOP('',(#4655,#4656,#4657,#4658,#4659,#4660,#4661,#4662,#4663,
#4664,#4665,#4666,#4667,#4668,#4669,#4670));
#1802=EDGE_LOOP('',(#4671,#4672,#4673,#4674,#4675,#4676,#4677,#4678));
#1803=EDGE_LOOP('',(#4679,#4680,#4681,#4682));
#1804=EDGE_LOOP('',(#4683,#4684,#4685,#4686));
#1805=EDGE_LOOP('',(#4687,#4688,#4689,#4690));
#1806=EDGE_LOOP('',(#4691));
#1807=EDGE_LOOP('',(#4692));
#1808=EDGE_LOOP('',(#4693));
#1809=EDGE_LOOP('',(#4694,#4695,#4696,#4697));
#1810=EDGE_LOOP('',(#4698,#4699,#4700,#4701,#4702,#4703,#4704,#4705,#4706));
#1811=EDGE_LOOP('',(#4707,#4708,#4709,#4710,#4711,#4712,#4713,#4714,#4715,
#4716,#4717,#4718));
#1812=EDGE_LOOP('',(#4719,#4720,#4721,#4722,#4723));
#1813=EDGE_LOOP('',(#4724,#4725,#4726,#4727,#4728));
#1814=EDGE_LOOP('',(#4729,#4730));
#1815=EDGE_LOOP('',(#4731));
#1816=EDGE_LOOP('',(#4732,#4733,#4734));
#1817=EDGE_LOOP('',(#4735));
#1818=EDGE_LOOP('',(#4736,#4737));
#1819=EDGE_LOOP('',(#4738));
#1820=EDGE_LOOP('',(#4739,#4740));
#1821=EDGE_LOOP('',(#4741));
#1822=EDGE_LOOP('',(#4742,#4743,#4744,#4745,#4746,#4747));
#1823=EDGE_LOOP('',(#4748,#4749,#4750,#4751,#4752));
#1824=EDGE_LOOP('',(#4753,#4754,#4755,#4756,#4757,#4758));
#1825=EDGE_LOOP('',(#4759));
#1826=EDGE_LOOP('',(#4760));
#1827=EDGE_LOOP('',(#4761));
#1828=EDGE_LOOP('',(#4762));
#1829=EDGE_LOOP('',(#4763));
#1830=EDGE_LOOP('',(#4764));
#1831=EDGE_LOOP('',(#4765));
#1832=EDGE_LOOP('',(#4766));
#1833=EDGE_LOOP('',(#4767));
#1834=EDGE_LOOP('',(#4768));
#1835=EDGE_LOOP('',(#4769));
#1836=EDGE_LOOP('',(#4770));
#1837=EDGE_LOOP('',(#4771));
#1838=EDGE_LOOP('',(#4772));
#1839=EDGE_LOOP('',(#4773));
#1840=EDGE_LOOP('',(#4774));
#1841=EDGE_LOOP('',(#4775,#4776,#4777,#4778,#4779,#4780,#4781,#4782,#4783,
#4784,#4785,#4786,#4787,#4788,#4789));
#1842=EDGE_LOOP('',(#4790));
#1843=EDGE_LOOP('',(#4791));
#1844=EDGE_LOOP('',(#4792,#4793,#4794,#4795,#4796,#4797,#4798,#4799));
#1845=EDGE_LOOP('',(#4800,#4801,#4802,#4803));
#1846=EDGE_LOOP('',(#4804));
#1847=EDGE_LOOP('',(#4805,#4806,#4807,#4808));
#1848=EDGE_LOOP('',(#4809,#4810,#4811,#4812));
#1849=EDGE_LOOP('',(#4813,#4814,#4815,#4816));
#1850=EDGE_LOOP('',(#4817,#4818,#4819,#4820));
#1851=EDGE_LOOP('',(#4821,#4822,#4823,#4824));
#1852=EDGE_LOOP('',(#4825,#4826,#4827,#4828));
#1853=EDGE_LOOP('',(#4829,#4830,#4831,#4832));
#1854=EDGE_LOOP('',(#4833));
#1855=EDGE_LOOP('',(#4834));
#1856=EDGE_LOOP('',(#4835));
#1857=EDGE_LOOP('',(#4836));
#1858=EDGE_LOOP('',(#4837));
#1859=EDGE_LOOP('',(#4838,#4839,#4840,#4841));
#1860=EDGE_LOOP('',(#4842));
#1861=EDGE_LOOP('',(#4843));
#1862=EDGE_LOOP('',(#4844,#4845,#4846,#4847));
#1863=EDGE_LOOP('',(#4848,#4849,#4850,#4851));
#1864=EDGE_LOOP('',(#4852,#4853,#4854,#4855));
#1865=EDGE_LOOP('',(#4856,#4857,#4858,#4859));
#1866=EDGE_LOOP('',(#4860,#4861,#4862,#4863));
#1867=EDGE_LOOP('',(#4864,#4865,#4866,#4867));
#1868=EDGE_LOOP('',(#4868,#4869,#4870,#4871));
#1869=EDGE_LOOP('',(#4872,#4873,#4874,#4875));
#1870=EDGE_LOOP('',(#4876,#4877,#4878,#4879));
#1871=EDGE_LOOP('',(#4880,#4881,#4882,#4883));
#1872=EDGE_LOOP('',(#4884,#4885,#4886,#4887));
#1873=EDGE_LOOP('',(#4888,#4889,#4890,#4891));
#1874=EDGE_LOOP('',(#4892,#4893,#4894,#4895,#4896,#4897,#4898,#4899,#4900,
#4901,#4902,#4903));
#1875=EDGE_LOOP('',(#4904,#4905,#4906,#4907));
#1876=EDGE_LOOP('',(#4908));
#1877=EDGE_LOOP('',(#4909));
#1878=EDGE_LOOP('',(#4910));
#1879=EDGE_LOOP('',(#4911));
#1880=EDGE_LOOP('',(#4912,#4913,#4914,#4915,#4916,#4917,#4918,#4919));
#1881=EDGE_LOOP('',(#4920));
#1882=EDGE_LOOP('',(#4921));
#1883=EDGE_LOOP('',(#4922));
#1884=EDGE_LOOP('',(#4923));
#1885=EDGE_LOOP('',(#4924,#4925,#4926,#4927,#4928,#4929,#4930,#4931));
#1886=EDGE_LOOP('',(#4932,#4933,#4934,#4935));
#1887=EDGE_LOOP('',(#4936,#4937,#4938,#4939,#4940,#4941,#4942,#4943));
#1888=EDGE_LOOP('',(#4944,#4945,#4946,#4947));
#1889=EDGE_LOOP('',(#4948,#4949,#4950,#4951));
#1890=EDGE_LOOP('',(#4952,#4953,#4954,#4955));
#1891=EDGE_LOOP('',(#4956,#4957,#4958,#4959));
#1892=EDGE_LOOP('',(#4960,#4961,#4962,#4963,#4964,#4965,#4966));
#1893=EDGE_LOOP('',(#4967,#4968,#4969,#4970));
#1894=EDGE_LOOP('',(#4971,#4972,#4973,#4974));
#1895=EDGE_LOOP('',(#4975,#4976,#4977,#4978));
#1896=EDGE_LOOP('',(#4979));
#1897=EDGE_LOOP('',(#4980,#4981,#4982,#4983));
#1898=EDGE_LOOP('',(#4984,#4985,#4986,#4987));
#1899=EDGE_LOOP('',(#4988,#4989,#4990,#4991));
#1900=EDGE_LOOP('',(#4992,#4993,#4994,#4995));
#1901=EDGE_LOOP('',(#4996,#4997,#4998,#4999));
#1902=EDGE_LOOP('',(#5000,#5001,#5002,#5003));
#1903=EDGE_LOOP('',(#5004,#5005,#5006,#5007));
#1904=EDGE_LOOP('',(#5008,#5009,#5010,#5011));
#1905=EDGE_LOOP('',(#5012,#5013,#5014,#5015));
#1906=EDGE_LOOP('',(#5016,#5017,#5018,#5019));
#1907=EDGE_LOOP('',(#5020,#5021,#5022,#5023));
#1908=EDGE_LOOP('',(#5024,#5025,#5026,#5027));
#1909=EDGE_LOOP('',(#5028,#5029,#5030,#5031));
#1910=EDGE_LOOP('',(#5032));
#1911=EDGE_LOOP('',(#5033));
#1912=EDGE_LOOP('',(#5034));
#1913=EDGE_LOOP('',(#5035));
#1914=EDGE_LOOP('',(#5036));
#1915=EDGE_LOOP('',(#5037));
#1916=EDGE_LOOP('',(#5038,#5039,#5040,#5041));
#1917=EDGE_LOOP('',(#5042,#5043,#5044,#5045));
#1918=EDGE_LOOP('',(#5046,#5047,#5048,#5049));
#1919=EDGE_LOOP('',(#5050,#5051,#5052,#5053));
#1920=EDGE_LOOP('',(#5054,#5055,#5056,#5057));
#1921=EDGE_LOOP('',(#5058,#5059,#5060,#5061));
#1922=EDGE_LOOP('',(#5062,#5063,#5064,#5065));
#1923=EDGE_LOOP('',(#5066,#5067,#5068,#5069));
#1924=EDGE_LOOP('',(#5070,#5071,#5072,#5073));
#1925=EDGE_LOOP('',(#5074));
#1926=EDGE_LOOP('',(#5075,#5076,#5077,#5078));
#1927=EDGE_LOOP('',(#5079,#5080,#5081,#5082));
#1928=EDGE_LOOP('',(#5083,#5084,#5085,#5086));
#1929=EDGE_LOOP('',(#5087,#5088,#5089,#5090));
#1930=EDGE_LOOP('',(#5091,#5092,#5093,#5094));
#1931=EDGE_LOOP('',(#5095,#5096,#5097,#5098,#5099));
#1932=EDGE_LOOP('',(#5100,#5101,#5102,#5103,#5104,#5105,#5106,#5107));
#1933=EDGE_LOOP('',(#5108,#5109,#5110,#5111,#5112));
#1934=EDGE_LOOP('',(#5113,#5114,#5115,#5116));
#1935=EDGE_LOOP('',(#5117,#5118,#5119,#5120));
#1936=CIRCLE('',#5580,1.4);
#1937=CIRCLE('',#5581,1.39999999999999);
#1938=CIRCLE('',#5583,1.4);
#1939=CIRCLE('',#5584,1.39999999999999);
#1940=CIRCLE('',#5586,1.4);
#1941=CIRCLE('',#5587,1.39999999999999);
#1942=CIRCLE('',#5589,1.4);
#1943=CIRCLE('',#5590,1.39999999999999);
#1944=CIRCLE('',#5592,1.4);
#1945=CIRCLE('',#5593,1.39999999999999);
#1946=CIRCLE('',#5595,1.4);
#1947=CIRCLE('',#5596,1.39999999999999);
#1948=CIRCLE('',#5598,1.4);
#1949=CIRCLE('',#5599,1.4);
#1950=CIRCLE('',#5601,1.4);
#1951=CIRCLE('',#5602,1.4);
#1952=CIRCLE('',#5604,1.4);
#1953=CIRCLE('',#5605,1.4);
#1954=CIRCLE('',#5607,1.4);
#1955=CIRCLE('',#5608,1.4);
#1956=CIRCLE('',#5617,5.);
#1957=CIRCLE('',#5618,5.);
#1958=CIRCLE('',#5621,1.99999999999999);
#1959=CIRCLE('',#5622,1.99999999999999);
#1960=CIRCLE('',#5623,1.99999999999999);
#1961=CIRCLE('',#5624,1.99999999999999);
#1962=CIRCLE('',#5625,10.);
#1963=CIRCLE('',#5626,10.);
#1964=CIRCLE('',#5627,9.99999999999999);
#1965=CIRCLE('',#5628,10.);
#1966=CIRCLE('',#5629,1.99999999999998);
#1967=CIRCLE('',#5630,1.99999999999998);
#1968=CIRCLE('',#5631,1.99999999999999);
#1969=CIRCLE('',#5632,2.00000000000002);
#1970=CIRCLE('',#5634,5.);
#1971=CIRCLE('',#5639,5.);
#1972=CIRCLE('',#5644,5.10889406329423);
#1973=CIRCLE('',#5645,5.10889406329423);
#1974=CIRCLE('',#5647,20.);
#1975=CIRCLE('',#5649,20.);
#1976=CIRCLE('',#5650,1.);
#1977=CIRCLE('',#5651,1.);
#1978=CIRCLE('',#5653,1.);
#1979=CIRCLE('',#5656,1.);
#1980=CIRCLE('',#5661,1.99999999999999);
#1981=CIRCLE('',#5664,2.00000000000002);
#1982=CIRCLE('',#5667,1.99999999999998);
#1983=CIRCLE('',#5670,1.99999999999998);
#1984=CIRCLE('',#5685,0.500000000000005);
#1985=CIRCLE('',#5686,0.500000000000005);
#1986=CIRCLE('',#5689,0.500000000000005);
#1987=CIRCLE('',#5690,0.500000000000005);
#1988=CIRCLE('',#5694,5.36477908176405);
#1989=CIRCLE('',#5695,5.36477908176405);
#1990=CIRCLE('',#5697,1.);
#1991=CIRCLE('',#5698,1.);
#1992=CIRCLE('',#5700,2.37067063176559);
#1993=CIRCLE('',#5701,2.37067063176559);
#1994=CIRCLE('',#5703,3.28785019539064);
#1995=CIRCLE('',#5704,3.28785019539064);
#1996=CIRCLE('',#5707,0.500000000000064);
#1997=CIRCLE('',#5708,0.500000000000064);
#1998=CIRCLE('',#5715,3.13914059871478);
#1999=CIRCLE('',#5716,3.13914059871478);
#2000=CIRCLE('',#5718,0.4);
#2001=CIRCLE('',#5719,0.4);
#2002=CIRCLE('',#5721,3.9391405987148);
#2003=CIRCLE('',#5722,3.9391405987148);
#2004=CIRCLE('',#5724,1.71938022844143);
#2005=CIRCLE('',#5725,1.71938022844143);
#2006=CIRCLE('',#5727,0.348709596675839);
#2007=CIRCLE('',#5728,0.348709596675839);
#2008=CIRCLE('',#5730,6.01606948508821);
#2009=CIRCLE('',#5731,6.01606948508821);
#2010=CIRCLE('',#5733,1.84822627585729);
#2011=CIRCLE('',#5734,1.84822627585729);
#2012=CIRCLE('',#5736,3.47793329153525);
#2013=CIRCLE('',#5737,3.47793329153525);
#2014=CIRCLE('',#5739,1.54873643620607);
#2015=CIRCLE('',#5740,1.54873643620607);
#2016=CIRCLE('',#5742,3.3);
#2017=CIRCLE('',#5743,3.3);
#2018=CIRCLE('',#5747,1.54174798869085);
#2019=CIRCLE('',#5748,1.54174798869085);
#2020=CIRCLE('',#5751,1.50000000000009);
#2021=CIRCLE('',#5752,1.50000000000009);
#2022=CIRCLE('',#5754,1.03672376123585);
#2023=CIRCLE('',#5755,1.03672376123585);
#2024=CIRCLE('',#5757,5.36477908157768);
#2025=CIRCLE('',#5758,5.36477908157768);
#2026=CIRCLE('',#5760,1.03672376139508);
#2027=CIRCLE('',#5761,1.03672376139508);
#2028=CIRCLE('',#5763,1.55985028854252);
#2029=CIRCLE('',#5764,1.55985028854252);
#2030=CIRCLE('',#5766,1.50000000004426);
#2031=CIRCLE('',#5767,1.50000000004426);
#2032=CIRCLE('',#5769,0.846942672134459);
#2033=CIRCLE('',#5770,0.846942672134459);
#2034=CIRCLE('',#5772,3.13914059871478);
#2035=CIRCLE('',#5773,3.13914059871478);
#2036=CIRCLE('',#5779,0.500000000013594);
#2037=CIRCLE('',#5780,0.500000000013594);
#2038=CIRCLE('',#5782,1.55985027405675);
#2039=CIRCLE('',#5783,1.55985027405675);
#2040=CIRCLE('',#5785,1.84822621020183);
#2041=CIRCLE('',#5786,1.84822621020183);
#2042=CIRCLE('',#5788,6.23014058097088);
#2043=CIRCLE('',#5789,6.23014058097088);
#2044=CIRCLE('',#5791,0.748736436206072);
#2045=CIRCLE('',#5792,0.748736436206072);
#2046=CIRCLE('',#5794,0.1);
#2047=CIRCLE('',#5795,0.1);
#2048=CIRCLE('',#5797,4.1);
#2049=CIRCLE('',#5798,4.1);
#2050=CIRCLE('',#5802,2.34174798869085);
#2051=CIRCLE('',#5803,2.34174798869085);
#2052=CIRCLE('',#5806,1.50000000000002);
#2053=CIRCLE('',#5807,1.50000000000002);
#2054=CIRCLE('',#5810,1.5);
#2055=CIRCLE('',#5811,1.5);
#2056=CIRCLE('',#5814,1.5);
#2057=CIRCLE('',#5815,1.5);
#2058=CIRCLE('',#5819,0.5);
#2059=CIRCLE('',#5820,0.5);
#2060=CIRCLE('',#5822,8.4);
#2061=CIRCLE('',#5823,8.4);
#2062=CIRCLE('',#5825,0.499999999999999);
#2063=CIRCLE('',#5826,0.499999999999999);
#2064=CIRCLE('',#5828,9.4);
#2065=CIRCLE('',#5829,9.4);
#2066=CIRCLE('',#5832,0.5);
#2067=CIRCLE('',#5833,0.5);
#2068=CIRCLE('',#5835,4.69752648717781);
#2069=CIRCLE('',#5836,4.69752648717781);
#2070=CIRCLE('',#5838,0.5);
#2071=CIRCLE('',#5839,0.5);
#2072=CIRCLE('',#5841,5.69752648717781);
#2073=CIRCLE('',#5842,5.69752648717781);
#2074=CIRCLE('',#5845,0.5);
#2075=CIRCLE('',#5846,0.5);
#2076=CIRCLE('',#5848,3.);
#2077=CIRCLE('',#5849,3.);
#2078=CIRCLE('',#5851,0.5);
#2079=CIRCLE('',#5852,0.5);
#2080=CIRCLE('',#5854,4.);
#2081=CIRCLE('',#5855,4.);
#2082=CIRCLE('',#5858,0.5);
#2083=CIRCLE('',#5859,0.5);
#2084=CIRCLE('',#5861,6.55);
#2085=CIRCLE('',#5862,6.55);
#2086=CIRCLE('',#5864,0.499999999999998);
#2087=CIRCLE('',#5865,0.499999999999998);
#2088=CIRCLE('',#5867,7.55000000000001);
#2089=CIRCLE('',#5868,7.55000000000001);
#2090=CIRCLE('',#5871,0.50318114712064);
#2091=CIRCLE('',#5872,0.50318114712064);
#2092=CIRCLE('',#5874,0.50056995602628);
#2093=CIRCLE('',#5875,0.50056995602628);
#2094=CIRCLE('',#5894,5.00000000000003);
#2095=CIRCLE('',#5895,5.00000000000001);
#2096=CIRCLE('',#5896,5.00000000000002);
#2097=CIRCLE('',#5897,5.);
#2098=CIRCLE('',#5903,1.25);
#2099=CIRCLE('',#5904,10.);
#2100=CIRCLE('',#5906,15.);
#2101=CIRCLE('',#5908,1.25);
#2102=CIRCLE('',#5909,1.25);
#2103=CIRCLE('',#5911,5.);
#2104=CIRCLE('',#5912,5.);
#2105=CIRCLE('',#5915,1.25);
#2106=CIRCLE('',#5916,1.25);
#2107=CIRCLE('',#5918,5.);
#2108=CIRCLE('',#5919,5.);
#2109=CIRCLE('',#5922,1.25);
#2110=CIRCLE('',#5924,5.);
#2111=CIRCLE('',#5925,5.);
#2112=CIRCLE('',#5928,1.25);
#2113=CIRCLE('',#5929,1.25);
#2114=CIRCLE('',#5931,5.);
#2115=CIRCLE('',#5932,5.);
#2116=CIRCLE('',#5935,1.25);
#2117=CIRCLE('',#5936,1.25);
#2118=CIRCLE('',#5938,5.);
#2119=CIRCLE('',#5939,5.);
#2120=CIRCLE('',#5943,5.);
#2121=CIRCLE('',#5946,5.00000000000002);
#2122=CIRCLE('',#5949,5.00000000000001);
#2123=CIRCLE('',#5952,5.00000000000003);
#2124=CIRCLE('',#5956,4.);
#2125=CIRCLE('',#5957,4.);
#2126=CIRCLE('',#5961,4.);
#2127=CIRCLE('',#5962,4.);
#2128=CIRCLE('',#5965,4.);
#2129=CIRCLE('',#5966,4.);
#2130=CIRCLE('',#5969,4.);
#2131=CIRCLE('',#5970,4.);
#2132=CIRCLE('',#5972,4.);
#2133=CIRCLE('',#5973,4.);
#2134=CIRCLE('',#5975,5.);
#2135=CIRCLE('',#5977,4.);
#2136=CIRCLE('',#5978,4.);
#2137=CIRCLE('',#5981,5.);
#2138=CIRCLE('',#5983,2.);
#2139=CIRCLE('',#5986,5.);
#2140=CIRCLE('',#5987,2.);
#2141=CIRCLE('',#5989,2.);
#2142=CIRCLE('',#5990,5.);
#2143=CIRCLE('',#5993,2.);
#2144=CIRCLE('',#5996,5.);
#2145=CIRCLE('',#5998,8.);
#2146=CIRCLE('',#5999,8.);
#2147=CIRCLE('',#6000,8.);
#2148=CIRCLE('',#6001,8.);
#2149=CIRCLE('',#6002,10.);
#2150=CIRCLE('',#6003,10.);
#2151=CIRCLE('',#6004,10.);
#2152=CIRCLE('',#6005,9.99999999999999);
#2153=CIRCLE('',#6007,1.99999999999999);
#2154=CIRCLE('',#6009,1.99999999999999);
#2155=CIRCLE('',#6013,5.);
#2156=CIRCLE('',#6016,5.);
#2157=CIRCLE('',#6018,5.);
#2158=CIRCLE('',#6020,1.25);
#2159=CIRCLE('',#6021,1.25);
#2160=CIRCLE('',#6023,1.25);
#2161=CIRCLE('',#6024,1.25);
#2162=CIRCLE('',#6026,1.25);
#2163=CIRCLE('',#6027,1.25);
#2164=CIRCLE('',#6029,1.25);
#2165=CIRCLE('',#6030,1.25);
#2166=CIRCLE('',#6031,1.99999999999999);
#2167=CIRCLE('',#6032,5.);
#2168=CIRCLE('',#6033,6.99999999999999);
#2169=CIRCLE('',#6034,4.99999999999998);
#2170=CIRCLE('',#6035,1.99999999999999);
#2171=CIRCLE('',#6036,1.99999999999999);
#2172=CIRCLE('',#6037,5.);
#2173=CIRCLE('',#6038,6.99999999999999);
#2174=CIRCLE('',#6039,5.);
#2175=CIRCLE('',#6041,5.);
#2176=CIRCLE('',#6043,1.4);
#2177=CIRCLE('',#6044,1.4);
#2178=CIRCLE('',#6046,5.);
#2179=CIRCLE('',#6047,5.);
#2180=CIRCLE('',#6050,1.4);
#2181=CIRCLE('',#6051,1.4);
#2182=CIRCLE('',#6053,5.);
#2183=CIRCLE('',#6054,5.);
#2184=CIRCLE('',#6057,1.99999999999999);
#2185=CIRCLE('',#6058,1.99999999999999);
#2186=CIRCLE('',#6059,10.);
#2187=CIRCLE('',#6060,9.99999999999998);
#2188=CIRCLE('',#6061,9.99999999999998);
#2189=CIRCLE('',#6062,9.99999999999998);
#2190=CIRCLE('',#6065,2.);
#2191=CIRCLE('',#6066,10.);
#2192=CIRCLE('',#6067,1.99999999999999);
#2193=CIRCLE('',#6069,1.99999999999999);
#2194=CIRCLE('',#6071,2.00000000000001);
#2195=CIRCLE('',#6072,10.);
#2196=CIRCLE('',#6074,1.99999999999999);
#2197=CIRCLE('',#6076,10.);
#2198=CIRCLE('',#6078,2.00000000000001);
#2199=CIRCLE('',#6079,10.);
#2200=CIRCLE('',#6082,15.);
#2201=CIRCLE('',#6083,15.);
#2202=CIRCLE('',#6085,10.);
#2203=CIRCLE('',#6088,10.);
#2204=CIRCLE('',#6090,1.99999999999999);
#2205=CIRCLE('',#6091,10.);
#2206=CIRCLE('',#6092,1.99999999999999);
#2207=CIRCLE('',#6093,8.);
#2208=CIRCLE('',#6095,1.99999999999999);
#2209=CIRCLE('',#6097,2.00000000000001);
#2210=CIRCLE('',#6098,8.);
#2211=CIRCLE('',#6099,10.);
#2212=CIRCLE('',#6101,1.99999999999999);
#2213=CIRCLE('',#6103,1.99999999999999);
#2214=CIRCLE('',#6104,8.);
#2215=CIRCLE('',#6106,1.99999999999999);
#2216=CIRCLE('',#6108,2.00000000000001);
#2217=CIRCLE('',#6109,8.);
#2218=CIRCLE('',#6115,10.);
#2219=CIRCLE('',#6116,9.99999999999998);
#2220=CIRCLE('',#6117,9.99999999999998);
#2221=CIRCLE('',#6118,9.99999999999998);
#2222=CIRCLE('',#6119,5.);
#2223=CIRCLE('',#6120,6.99999999999999);
#2224=CIRCLE('',#6121,4.99999999999998);
#2225=CIRCLE('',#6123,5.);
#2226=CIRCLE('',#6124,6.99999999999999);
#2227=CIRCLE('',#6128,6.99999999999999);
#2228=CIRCLE('',#6131,6.99999999999999);
#2229=CIRCLE('',#6133,6.99999999999999);
#2230=CIRCLE('',#6134,5.00000000000002);
#2231=CIRCLE('',#6136,5.00000000000002);
#2232=CIRCLE('',#6137,5.);
#2233=CIRCLE('',#6139,5.);
#2234=CIRCLE('',#6140,5.00000000000002);
#2235=CIRCLE('',#6142,5.00000000000002);
#2236=CIRCLE('',#6143,6.99999999999999);
#2237=CIRCLE('',#6151,10.);
#2238=CIRCLE('',#6153,10.);
#2239=VERTEX_POINT('',#7805);
#2240=VERTEX_POINT('',#7807);
#2241=VERTEX_POINT('',#7810);
#2242=VERTEX_POINT('',#7812);
#2243=VERTEX_POINT('',#7815);
#2244=VERTEX_POINT('',#7817);
#2245=VERTEX_POINT('',#7820);
#2246=VERTEX_POINT('',#7822);
#2247=VERTEX_POINT('',#7825);
#2248=VERTEX_POINT('',#7827);
#2249=VERTEX_POINT('',#7830);
#2250=VERTEX_POINT('',#7832);
#2251=VERTEX_POINT('',#7835);
#2252=VERTEX_POINT('',#7837);
#2253=VERTEX_POINT('',#7840);
#2254=VERTEX_POINT('',#7842);
#2255=VERTEX_POINT('',#7845);
#2256=VERTEX_POINT('',#7847);
#2257=VERTEX_POINT('',#7850);
#2258=VERTEX_POINT('',#7852);
#2259=VERTEX_POINT('',#7855);
#2260=VERTEX_POINT('',#7856);
#2261=VERTEX_POINT('',#7858);
#2262=VERTEX_POINT('',#7860);
#2263=VERTEX_POINT('',#7864);
#2264=VERTEX_POINT('',#7866);
#2265=VERTEX_POINT('',#7870);
#2266=VERTEX_POINT('',#7872);
#2267=VERTEX_POINT('',#7876);
#2268=VERTEX_POINT('',#7878);
#2269=VERTEX_POINT('',#7880);
#2270=VERTEX_POINT('',#7882);
#2271=VERTEX_POINT('',#7884);
#2272=VERTEX_POINT('',#7888);
#2273=VERTEX_POINT('',#7892);
#2274=VERTEX_POINT('',#7893);
#2275=VERTEX_POINT('',#7895);
#2276=VERTEX_POINT('',#7897);
#2277=VERTEX_POINT('',#7899);
#2278=VERTEX_POINT('',#7901);
#2279=VERTEX_POINT('',#7903);
#2280=VERTEX_POINT('',#7905);
#2281=VERTEX_POINT('',#7907);
#2282=VERTEX_POINT('',#7909);
#2283=VERTEX_POINT('',#7911);
#2284=VERTEX_POINT('',#7913);
#2285=VERTEX_POINT('',#7915);
#2286=VERTEX_POINT('',#7917);
#2287=VERTEX_POINT('',#7919);
#2288=VERTEX_POINT('',#7921);
#2289=VERTEX_POINT('',#7923);
#2290=VERTEX_POINT('',#7925);
#2291=VERTEX_POINT('',#7927);
#2292=VERTEX_POINT('',#7929);
#2293=VERTEX_POINT('',#7931);
#2294=VERTEX_POINT('',#7933);
#2295=VERTEX_POINT('',#7936);
#2296=VERTEX_POINT('',#7937);
#2297=VERTEX_POINT('',#7939);
#2298=VERTEX_POINT('',#7941);
#2299=VERTEX_POINT('',#7943);
#2300=VERTEX_POINT('',#7945);
#2301=VERTEX_POINT('',#7947);
#2302=VERTEX_POINT('',#7949);
#2303=VERTEX_POINT('',#7954);
#2304=VERTEX_POINT('',#7958);
#2305=VERTEX_POINT('',#7962);
#2306=VERTEX_POINT('',#7966);
#2307=VERTEX_POINT('',#7973);
#2308=VERTEX_POINT('',#7974);
#2309=VERTEX_POINT('',#7976);
#2310=VERTEX_POINT('',#7978);
#2311=VERTEX_POINT('',#7982);
#2312=VERTEX_POINT('',#7983);
#2313=VERTEX_POINT('',#7985);
#2314=VERTEX_POINT('',#7987);
#2315=VERTEX_POINT('',#7997);
#2316=VERTEX_POINT('',#7999);
#2317=VERTEX_POINT('',#8002);
#2318=VERTEX_POINT('',#8006);
#2319=VERTEX_POINT('',#8010);
#2320=VERTEX_POINT('',#8013);
#2321=VERTEX_POINT('',#8015);
#2322=VERTEX_POINT('',#8019);
#2323=VERTEX_POINT('',#8023);
#2324=VERTEX_POINT('',#8027);
#2325=VERTEX_POINT('',#8031);
#2326=VERTEX_POINT('',#8035);
#2327=VERTEX_POINT('',#8039);
#2328=VERTEX_POINT('',#8045);
#2329=VERTEX_POINT('',#8046);
#2330=VERTEX_POINT('',#8048);
#2331=VERTEX_POINT('',#8050);
#2332=VERTEX_POINT('',#8054);
#2333=VERTEX_POINT('',#8056);
#2334=VERTEX_POINT('',#8060);
#2335=VERTEX_POINT('',#8062);
#2336=VERTEX_POINT('',#8066);
#2337=VERTEX_POINT('',#8068);
#2338=VERTEX_POINT('',#8072);
#2339=VERTEX_POINT('',#8074);
#2340=VERTEX_POINT('',#8078);
#2341=VERTEX_POINT('',#8080);
#2342=VERTEX_POINT('',#8084);
#2343=VERTEX_POINT('',#8086);
#2344=VERTEX_POINT('',#8090);
#2345=VERTEX_POINT('',#8092);
#2346=VERTEX_POINT('',#8096);
#2347=VERTEX_POINT('',#8098);
#2348=VERTEX_POINT('',#8106);
#2349=VERTEX_POINT('',#8107);
#2350=VERTEX_POINT('',#8109);
#2351=VERTEX_POINT('',#8111);
#2352=VERTEX_POINT('',#8115);
#2353=VERTEX_POINT('',#8117);
#2354=VERTEX_POINT('',#8121);
#2355=VERTEX_POINT('',#8123);
#2356=VERTEX_POINT('',#8127);
#2357=VERTEX_POINT('',#8129);
#2358=VERTEX_POINT('',#8133);
#2359=VERTEX_POINT('',#8135);
#2360=VERTEX_POINT('',#8139);
#2361=VERTEX_POINT('',#8140);
#2362=VERTEX_POINT('',#8142);
#2363=VERTEX_POINT('',#8144);
#2364=VERTEX_POINT('',#8148);
#2365=VERTEX_POINT('',#8150);
#2366=VERTEX_POINT('',#8154);
#2367=VERTEX_POINT('',#8156);
#2368=VERTEX_POINT('',#8160);
#2369=VERTEX_POINT('',#8162);
#2370=VERTEX_POINT('',#8166);
#2371=VERTEX_POINT('',#8168);
#2372=VERTEX_POINT('',#8172);
#2373=VERTEX_POINT('',#8174);
#2374=VERTEX_POINT('',#8181);
#2375=VERTEX_POINT('',#8182);
#2376=VERTEX_POINT('',#8184);
#2377=VERTEX_POINT('',#8186);
#2378=VERTEX_POINT('',#8190);
#2379=VERTEX_POINT('',#8192);
#2380=VERTEX_POINT('',#8196);
#2381=VERTEX_POINT('',#8198);
#2382=VERTEX_POINT('',#8202);
#2383=VERTEX_POINT('',#8204);
#2384=VERTEX_POINT('',#8208);
#2385=VERTEX_POINT('',#8210);
#2386=VERTEX_POINT('',#8214);
#2387=VERTEX_POINT('',#8216);
#2388=VERTEX_POINT('',#8220);
#2389=VERTEX_POINT('',#8222);
#2390=VERTEX_POINT('',#8226);
#2391=VERTEX_POINT('',#8228);
#2392=VERTEX_POINT('',#8232);
#2393=VERTEX_POINT('',#8234);
#2394=VERTEX_POINT('',#8238);
#2395=VERTEX_POINT('',#8240);
#2396=VERTEX_POINT('',#8244);
#2397=VERTEX_POINT('',#8246);
#2398=VERTEX_POINT('',#8250);
#2399=VERTEX_POINT('',#8252);
#2400=VERTEX_POINT('',#8256);
#2401=VERTEX_POINT('',#8258);
#2402=VERTEX_POINT('',#8262);
#2403=VERTEX_POINT('',#8264);
#2404=VERTEX_POINT('',#8268);
#2405=VERTEX_POINT('',#8270);
#2406=VERTEX_POINT('',#8274);
#2407=VERTEX_POINT('',#8276);
#2408=VERTEX_POINT('',#8280);
#2409=VERTEX_POINT('',#8282);
#2410=VERTEX_POINT('',#8286);
#2411=VERTEX_POINT('',#8288);
#2412=VERTEX_POINT('',#8292);
#2413=VERTEX_POINT('',#8294);
#2414=VERTEX_POINT('',#8301);
#2415=VERTEX_POINT('',#8302);
#2416=VERTEX_POINT('',#8304);
#2417=VERTEX_POINT('',#8306);
#2418=VERTEX_POINT('',#8310);
#2419=VERTEX_POINT('',#8312);
#2420=VERTEX_POINT('',#8316);
#2421=VERTEX_POINT('',#8318);
#2422=VERTEX_POINT('',#8325);
#2423=VERTEX_POINT('',#8326);
#2424=VERTEX_POINT('',#8328);
#2425=VERTEX_POINT('',#8330);
#2426=VERTEX_POINT('',#8337);
#2427=VERTEX_POINT('',#8338);
#2428=VERTEX_POINT('',#8340);
#2429=VERTEX_POINT('',#8342);
#2430=VERTEX_POINT('',#8346);
#2431=VERTEX_POINT('',#8348);
#2432=VERTEX_POINT('',#8352);
#2433=VERTEX_POINT('',#8354);
#2434=VERTEX_POINT('',#8358);
#2435=VERTEX_POINT('',#8360);
#2436=VERTEX_POINT('',#8370);
#2437=VERTEX_POINT('',#8371);
#2438=VERTEX_POINT('',#8373);
#2439=VERTEX_POINT('',#8375);
#2440=VERTEX_POINT('',#8379);
#2441=VERTEX_POINT('',#8381);
#2442=VERTEX_POINT('',#8385);
#2443=VERTEX_POINT('',#8387);
#2444=VERTEX_POINT('',#8391);
#2445=VERTEX_POINT('',#8393);
#2446=VERTEX_POINT('',#8397);
#2447=VERTEX_POINT('',#8399);
#2448=VERTEX_POINT('',#8403);
#2449=VERTEX_POINT('',#8405);
#2450=VERTEX_POINT('',#8409);
#2451=VERTEX_POINT('',#8411);
#2452=VERTEX_POINT('',#8415);
#2453=VERTEX_POINT('',#8417);
#2454=VERTEX_POINT('',#8421);
#2455=VERTEX_POINT('',#8423);
#2456=VERTEX_POINT('',#8427);
#2457=VERTEX_POINT('',#8429);
#2458=VERTEX_POINT('',#8433);
#2459=VERTEX_POINT('',#8435);
#2460=VERTEX_POINT('',#8439);
#2461=VERTEX_POINT('',#8441);
#2462=VERTEX_POINT('',#8445);
#2463=VERTEX_POINT('',#8447);
#2464=VERTEX_POINT('',#8451);
#2465=VERTEX_POINT('',#8453);
#2466=VERTEX_POINT('',#8457);
#2467=VERTEX_POINT('',#8459);
#2468=VERTEX_POINT('',#8467);
#2469=VERTEX_POINT('',#8468);
#2470=VERTEX_POINT('',#8470);
#2471=VERTEX_POINT('',#8472);
#2472=VERTEX_POINT('',#8476);
#2473=VERTEX_POINT('',#8478);
#2474=VERTEX_POINT('',#8482);
#2475=VERTEX_POINT('',#8484);
#2476=VERTEX_POINT('',#8492);
#2477=VERTEX_POINT('',#8493);
#2478=VERTEX_POINT('',#8495);
#2479=VERTEX_POINT('',#8497);
#2480=VERTEX_POINT('',#8501);
#2481=VERTEX_POINT('',#8503);
#2482=VERTEX_POINT('',#8507);
#2483=VERTEX_POINT('',#8509);
#2484=VERTEX_POINT('',#8517);
#2485=VERTEX_POINT('',#8518);
#2486=VERTEX_POINT('',#8520);
#2487=VERTEX_POINT('',#8522);
#2488=VERTEX_POINT('',#8526);
#2489=VERTEX_POINT('',#8528);
#2490=VERTEX_POINT('',#8532);
#2491=VERTEX_POINT('',#8534);
#2492=VERTEX_POINT('',#8542);
#2493=VERTEX_POINT('',#8543);
#2494=VERTEX_POINT('',#8545);
#2495=VERTEX_POINT('',#8547);
#2496=VERTEX_POINT('',#8551);
#2497=VERTEX_POINT('',#8553);
#2498=VERTEX_POINT('',#8557);
#2499=VERTEX_POINT('',#8559);
#2500=VERTEX_POINT('',#8586);
#2501=VERTEX_POINT('',#8587);
#2502=VERTEX_POINT('',#8598);
#2503=VERTEX_POINT('',#8600);
#2504=VERTEX_POINT('',#8613);
#2505=VERTEX_POINT('',#8615);
#2506=VERTEX_POINT('',#8778);
#2507=VERTEX_POINT('',#8859);
#2508=VERTEX_POINT('',#8942);
#2509=VERTEX_POINT('',#8944);
#2510=VERTEX_POINT('',#8969);
#2511=VERTEX_POINT('',#8970);
#2512=VERTEX_POINT('',#8972);
#2513=VERTEX_POINT('',#8974);
#2514=VERTEX_POINT('',#8978);
#2515=VERTEX_POINT('',#8980);
#2516=VERTEX_POINT('',#8984);
#2517=VERTEX_POINT('',#8986);
#2518=VERTEX_POINT('',#8990);
#2519=VERTEX_POINT('',#8992);
#2520=VERTEX_POINT('',#8996);
#2521=VERTEX_POINT('',#8998);
#2522=VERTEX_POINT('',#9002);
#2523=VERTEX_POINT('',#9004);
#2524=VERTEX_POINT('',#9008);
#2525=VERTEX_POINT('',#9010);
#2526=VERTEX_POINT('',#9014);
#2527=VERTEX_POINT('',#9016);
#2528=VERTEX_POINT('',#9020);
#2529=VERTEX_POINT('',#9022);
#2530=VERTEX_POINT('',#9037);
#2531=VERTEX_POINT('',#9038);
#2532=VERTEX_POINT('',#9043);
#2533=VERTEX_POINT('',#9045);
#2534=VERTEX_POINT('',#9059);
#2535=VERTEX_POINT('',#9064);
#2536=VERTEX_POINT('',#9071);
#2537=VERTEX_POINT('',#9073);
#2538=VERTEX_POINT('',#9077);
#2539=VERTEX_POINT('',#9079);
#2540=VERTEX_POINT('',#9090);
#2541=VERTEX_POINT('',#9095);
#2542=VERTEX_POINT('',#9109);
#2543=VERTEX_POINT('',#9114);
#2544=VERTEX_POINT('',#9128);
#2545=VERTEX_POINT('',#9133);
#2546=VERTEX_POINT('',#9147);
#2547=VERTEX_POINT('',#9152);
#2548=VERTEX_POINT('',#9166);
#2549=VERTEX_POINT('',#9171);
#2550=VERTEX_POINT('',#9185);
#2551=VERTEX_POINT('',#9190);
#2552=VERTEX_POINT('',#9204);
#2553=VERTEX_POINT('',#9209);
#2554=VERTEX_POINT('',#9223);
#2555=VERTEX_POINT('',#9228);
#2556=VERTEX_POINT('',#9235);
#2557=VERTEX_POINT('',#9237);
#2558=VERTEX_POINT('',#9241);
#2559=VERTEX_POINT('',#9243);
#2560=VERTEX_POINT('',#9254);
#2561=VERTEX_POINT('',#9259);
#2562=VERTEX_POINT('',#9273);
#2563=VERTEX_POINT('',#9278);
#2564=VERTEX_POINT('',#9292);
#2565=VERTEX_POINT('',#9297);
#2566=VERTEX_POINT('',#9321);
#2567=VERTEX_POINT('',#9322);
#2568=VERTEX_POINT('',#9324);
#2569=VERTEX_POINT('',#9326);
#2570=VERTEX_POINT('',#9328);
#2571=VERTEX_POINT('',#9330);
#2572=VERTEX_POINT('',#9332);
#2573=VERTEX_POINT('',#9334);
#2574=VERTEX_POINT('',#9342);
#2575=VERTEX_POINT('',#9343);
#2576=VERTEX_POINT('',#9347);
#2577=VERTEX_POINT('',#9390);
#2578=VERTEX_POINT('',#9392);
#2579=VERTEX_POINT('',#9395);
#2580=VERTEX_POINT('',#9397);
#2581=VERTEX_POINT('',#9401);
#2582=VERTEX_POINT('',#9403);
#2583=VERTEX_POINT('',#9406);
#2584=VERTEX_POINT('',#9408);
#2585=VERTEX_POINT('',#9412);
#2586=VERTEX_POINT('',#9415);
#2587=VERTEX_POINT('',#9417);
#2588=VERTEX_POINT('',#9421);
#2589=VERTEX_POINT('',#9423);
#2590=VERTEX_POINT('',#9426);
#2591=VERTEX_POINT('',#9428);
#2592=VERTEX_POINT('',#9432);
#2593=VERTEX_POINT('',#9434);
#2594=VERTEX_POINT('',#9437);
#2595=VERTEX_POINT('',#9439);
#2596=VERTEX_POINT('',#9443);
#2597=VERTEX_POINT('',#9444);
#2598=VERTEX_POINT('',#9446);
#2599=VERTEX_POINT('',#9448);
#2600=VERTEX_POINT('',#9452);
#2601=VERTEX_POINT('',#9453);
#2602=VERTEX_POINT('',#9458);
#2603=VERTEX_POINT('',#9462);
#2604=VERTEX_POINT('',#9466);
#2605=VERTEX_POINT('',#9470);
#2606=VERTEX_POINT('',#9474);
#2607=VERTEX_POINT('',#9478);
#2608=VERTEX_POINT('',#9485);
#2609=VERTEX_POINT('',#9486);
#2610=VERTEX_POINT('',#9488);
#2611=VERTEX_POINT('',#9491);
#2612=VERTEX_POINT('',#9502);
#2613=VERTEX_POINT('',#9503);
#2614=VERTEX_POINT('',#9505);
#2615=VERTEX_POINT('',#9507);
#2616=VERTEX_POINT('',#9511);
#2617=VERTEX_POINT('',#9513);
#2618=VERTEX_POINT('',#9517);
#2619=VERTEX_POINT('',#9518);
#2620=VERTEX_POINT('',#9520);
#2621=VERTEX_POINT('',#9522);
#2622=VERTEX_POINT('',#9526);
#2623=VERTEX_POINT('',#9528);
#2624=VERTEX_POINT('',#9532);
#2625=VERTEX_POINT('',#9533);
#2626=VERTEX_POINT('',#9535);
#2627=VERTEX_POINT('',#9537);
#2628=VERTEX_POINT('',#9541);
#2629=VERTEX_POINT('',#9543);
#2630=VERTEX_POINT('',#9547);
#2631=VERTEX_POINT('',#9548);
#2632=VERTEX_POINT('',#9550);
#2633=VERTEX_POINT('',#9560);
#2634=VERTEX_POINT('',#9567);
#2635=VERTEX_POINT('',#9569);
#2636=VERTEX_POINT('',#9571);
#2637=VERTEX_POINT('',#9575);
#2638=VERTEX_POINT('',#9576);
#2639=VERTEX_POINT('',#9578);
#2640=VERTEX_POINT('',#9580);
#2641=VERTEX_POINT('',#9587);
#2642=VERTEX_POINT('',#9589);
#2643=VERTEX_POINT('',#9594);
#2644=VERTEX_POINT('',#9596);
#2645=VERTEX_POINT('',#9598);
#2646=VERTEX_POINT('',#9602);
#2647=VERTEX_POINT('',#9608);
#2648=VERTEX_POINT('',#9610);
#2649=VERTEX_POINT('',#9614);
#2650=VERTEX_POINT('',#9616);
#2651=VERTEX_POINT('',#9618);
#2652=VERTEX_POINT('',#9620);
#2653=VERTEX_POINT('',#9625);
#2654=VERTEX_POINT('',#9627);
#2655=VERTEX_POINT('',#9631);
#2656=VERTEX_POINT('',#9632);
#2657=VERTEX_POINT('',#9634);
#2658=VERTEX_POINT('',#9641);
#2659=VERTEX_POINT('',#9643);
#2660=VERTEX_POINT('',#9647);
#2661=VERTEX_POINT('',#9649);
#2662=VERTEX_POINT('',#9651);
#2663=VERTEX_POINT('',#9653);
#2664=VERTEX_POINT('',#9655);
#2665=VERTEX_POINT('',#9657);
#2666=VERTEX_POINT('',#9659);
#2667=VERTEX_POINT('',#9661);
#2668=VERTEX_POINT('',#9665);
#2669=VERTEX_POINT('',#9666);
#2670=VERTEX_POINT('',#9668);
#2671=VERTEX_POINT('',#9670);
#2672=VERTEX_POINT('',#9672);
#2673=VERTEX_POINT('',#9674);
#2674=VERTEX_POINT('',#9676);
#2675=VERTEX_POINT('',#9678);
#2676=VERTEX_POINT('',#9682);
#2677=VERTEX_POINT('',#9686);
#2678=VERTEX_POINT('',#9695);
#2679=VERTEX_POINT('',#9700);
#2680=VERTEX_POINT('',#9702);
#2681=VERTEX_POINT('',#9704);
#2682=VERTEX_POINT('',#9706);
#2683=VERTEX_POINT('',#9714);
#2684=VERTEX_POINT('',#9715);
#2685=VERTEX_POINT('',#9735);
#2686=VERTEX_POINT('',#9738);
#2687=VERTEX_POINT('',#9739);
#2688=VERTEX_POINT('',#9741);
#2689=VERTEX_POINT('',#9770);
#2690=VERTEX_POINT('',#9773);
#2691=VERTEX_POINT('',#9774);
#2692=VERTEX_POINT('',#9795);
#2693=VERTEX_POINT('',#9798);
#2694=VERTEX_POINT('',#9799);
#2695=VERTEX_POINT('',#9812);
#2696=VERTEX_POINT('',#9823);
#2697=VERTEX_POINT('',#9827);
#2698=VERTEX_POINT('',#9839);
#2699=VERTEX_POINT('',#9842);
#2700=VERTEX_POINT('',#9846);
#2701=VERTEX_POINT('',#9851);
#2702=VERTEX_POINT('',#9853);
#2703=VERTEX_POINT('',#9856);
#2704=VERTEX_POINT('',#9858);
#2705=VERTEX_POINT('',#9862);
#2706=VERTEX_POINT('',#9864);
#2707=VERTEX_POINT('',#9867);
#2708=VERTEX_POINT('',#9869);
#2709=VERTEX_POINT('',#9875);
#2710=VERTEX_POINT('',#9877);
#2711=VERTEX_POINT('',#9879);
#2712=VERTEX_POINT('',#9882);
#2713=VERTEX_POINT('',#9883);
#2714=VERTEX_POINT('',#9885);
#2715=VERTEX_POINT('',#9887);
#2716=VERTEX_POINT('',#9889);
#2717=VERTEX_POINT('',#9891);
#2718=VERTEX_POINT('',#9893);
#2719=VERTEX_POINT('',#9895);
#2720=VERTEX_POINT('',#9898);
#2721=VERTEX_POINT('',#9899);
#2722=VERTEX_POINT('',#9901);
#2723=VERTEX_POINT('',#9903);
#2724=VERTEX_POINT('',#9908);
#2725=VERTEX_POINT('',#9910);
#2726=VERTEX_POINT('',#9914);
#2727=VERTEX_POINT('',#9918);
#2728=VERTEX_POINT('',#9922);
#2729=VERTEX_POINT('',#9928);
#2730=VERTEX_POINT('',#9934);
#2731=VERTEX_POINT('',#9936);
#2732=VERTEX_POINT('',#9939);
#2733=VERTEX_POINT('',#9941);
#2734=VERTEX_POINT('',#9944);
#2735=VERTEX_POINT('',#9948);
#2736=VERTEX_POINT('',#9952);
#2737=VERTEX_POINT('',#9956);
#2738=VERTEX_POINT('',#9957);
#2739=VERTEX_POINT('',#9959);
#2740=VERTEX_POINT('',#9961);
#2741=VERTEX_POINT('',#9965);
#2742=VERTEX_POINT('',#9966);
#2743=VERTEX_POINT('',#9971);
#2744=VERTEX_POINT('',#9976);
#2745=VERTEX_POINT('',#9980);
#2746=VERTEX_POINT('',#9984);
#2747=VERTEX_POINT('',#9988);
#2748=VERTEX_POINT('',#10001);
#2749=VERTEX_POINT('',#10002);
#2750=VERTEX_POINT('',#10004);
#2751=VERTEX_POINT('',#10006);
#2752=VERTEX_POINT('',#10008);
#2753=VERTEX_POINT('',#10010);
#2754=VERTEX_POINT('',#10012);
#2755=VERTEX_POINT('',#10014);
#2756=VERTEX_POINT('',#10017);
#2757=VERTEX_POINT('',#10018);
#2758=VERTEX_POINT('',#10020);
#2759=VERTEX_POINT('',#10022);
#2760=VERTEX_POINT('',#10034);
#2761=VERTEX_POINT('',#10036);
#2762=VERTEX_POINT('',#10040);
#2763=VERTEX_POINT('',#10057);
#2764=VERTEX_POINT('',#10061);
#2765=VERTEX_POINT('',#10065);
#2766=VERTEX_POINT('',#10105);
#2767=VERTEX_POINT('',#10129);
#2768=VERTEX_POINT('',#10132);
#2769=EDGE_CURVE('',#2239,#2239,#1936,.T.);
#2770=EDGE_CURVE('',#2240,#2240,#1937,.T.);
#2771=EDGE_CURVE('',#2241,#2241,#1938,.T.);
#2772=EDGE_CURVE('',#2242,#2242,#1939,.T.);
#2773=EDGE_CURVE('',#2243,#2243,#1940,.T.);
#2774=EDGE_CURVE('',#2244,#2244,#1941,.T.);
#2775=EDGE_CURVE('',#2245,#2245,#1942,.T.);
#2776=EDGE_CURVE('',#2246,#2246,#1943,.T.);
#2777=EDGE_CURVE('',#2247,#2247,#1944,.T.);
#2778=EDGE_CURVE('',#2248,#2248,#1945,.T.);
#2779=EDGE_CURVE('',#2249,#2249,#1946,.T.);
#2780=EDGE_CURVE('',#2250,#2250,#1947,.T.);
#2781=EDGE_CURVE('',#2251,#2251,#1948,.T.);
#2782=EDGE_CURVE('',#2252,#2252,#1949,.T.);
#2783=EDGE_CURVE('',#2253,#2253,#1950,.T.);
#2784=EDGE_CURVE('',#2254,#2254,#1951,.T.);
#2785=EDGE_CURVE('',#2255,#2255,#1952,.T.);
#2786=EDGE_CURVE('',#2256,#2256,#1953,.T.);
#2787=EDGE_CURVE('',#2257,#2257,#1954,.T.);
#2788=EDGE_CURVE('',#2258,#2258,#1955,.T.);
#2789=EDGE_CURVE('',#2259,#2260,#232,.T.);
#2790=EDGE_CURVE('',#2260,#2261,#227,.T.);
#2791=EDGE_CURVE('',#2261,#2262,#233,.T.);
#2792=EDGE_CURVE('',#2262,#2259,#228,.T.);
#2793=EDGE_CURVE('',#2263,#2261,#234,.T.);
#2794=EDGE_CURVE('',#2260,#2264,#235,.T.);
#2795=EDGE_CURVE('',#2263,#2264,#229,.T.);
#2796=EDGE_CURVE('',#2262,#2265,#236,.T.);
#2797=EDGE_CURVE('',#2266,#2265,#230,.T.);
#2798=EDGE_CURVE('',#2266,#2259,#237,.T.);
#2799=EDGE_CURVE('',#2267,#2260,#238,.T.);
#2800=EDGE_CURVE('',#2268,#2267,#1956,.T.);
#2801=EDGE_CURVE('',#2269,#2268,#239,.T.);
#2802=EDGE_CURVE('',#2270,#2269,#240,.T.);
#2803=EDGE_CURVE('',#2271,#2270,#241,.T.);
#2804=EDGE_CURVE('',#2264,#2271,#1957,.T.);
#2805=EDGE_CURVE('',#2272,#2259,#242,.T.);
#2806=EDGE_CURVE('',#2267,#2272,#243,.T.);
#2807=EDGE_CURVE('',#2273,#2274,#244,.T.);
#2808=EDGE_CURVE('',#2273,#2275,#245,.T.);
#2809=EDGE_CURVE('',#2275,#2276,#246,.T.);
#2810=EDGE_CURVE('',#2277,#2276,#247,.T.);
#2811=EDGE_CURVE('',#2278,#2277,#1958,.T.);
#2812=EDGE_CURVE('',#2279,#2278,#248,.T.);
#2813=EDGE_CURVE('',#2280,#2279,#1959,.T.);
#2814=EDGE_CURVE('',#2281,#2280,#249,.T.);
#2815=EDGE_CURVE('',#2282,#2281,#1960,.T.);
#2816=EDGE_CURVE('',#2283,#2282,#250,.T.);
#2817=EDGE_CURVE('',#2284,#2283,#1961,.T.);
#2818=EDGE_CURVE('',#2285,#2284,#251,.T.);
#2819=EDGE_CURVE('',#2285,#2286,#252,.T.);
#2820=EDGE_CURVE('',#2286,#2287,#253,.T.);
#2821=EDGE_CURVE('',#2288,#2287,#254,.T.);
#2822=EDGE_CURVE('',#2288,#2289,#1962,.T.);
#2823=EDGE_CURVE('',#2289,#2290,#255,.T.);
#2824=EDGE_CURVE('',#2290,#2291,#1963,.T.);
#2825=EDGE_CURVE('',#2291,#2292,#256,.T.);
#2826=EDGE_CURVE('',#2292,#2293,#1964,.T.);
#2827=EDGE_CURVE('',#2293,#2294,#257,.T.);
#2828=EDGE_CURVE('',#2294,#2274,#1965,.T.);
#2829=EDGE_CURVE('',#2295,#2296,#1966,.T.);
#2830=EDGE_CURVE('',#2296,#2297,#258,.T.);
#2831=EDGE_CURVE('',#2297,#2298,#1967,.T.);
#2832=EDGE_CURVE('',#2298,#2299,#259,.T.);
#2833=EDGE_CURVE('',#2299,#2300,#1968,.T.);
#2834=EDGE_CURVE('',#2300,#2301,#260,.T.);
#2835=EDGE_CURVE('',#2301,#2302,#1969,.T.);
#2836=EDGE_CURVE('',#2302,#2295,#261,.T.);
#2837=EDGE_CURVE('',#2265,#2263,#262,.T.);
#2838=EDGE_CURVE('',#2303,#2272,#1970,.T.);
#2839=EDGE_CURVE('',#2268,#2303,#263,.T.);
#2840=EDGE_CURVE('',#2304,#2303,#264,.T.);
#2841=EDGE_CURVE('',#2269,#2304,#265,.T.);
#2842=EDGE_CURVE('',#2305,#2304,#266,.T.);
#2843=EDGE_CURVE('',#2270,#2305,#267,.T.);
#2844=EDGE_CURVE('',#2306,#2305,#268,.T.);
#2845=EDGE_CURVE('',#2271,#2306,#269,.T.);
#2846=EDGE_CURVE('',#2266,#2306,#1971,.T.);
#2847=EDGE_CURVE('',#2307,#2308,#270,.T.);
#2848=EDGE_CURVE('',#2307,#2309,#271,.T.);
#2849=EDGE_CURVE('',#2310,#2309,#272,.T.);
#2850=EDGE_CURVE('',#2308,#2310,#273,.T.);
#2851=EDGE_CURVE('',#2311,#2312,#274,.T.);
#2852=EDGE_CURVE('',#2313,#2311,#275,.T.);
#2853=EDGE_CURVE('',#2313,#2314,#276,.T.);
#2854=EDGE_CURVE('',#2314,#2312,#277,.T.);
#2855=EDGE_CURVE('',#2310,#2313,#1972,.T.);
#2856=EDGE_CURVE('',#2309,#2314,#1973,.T.);
#2857=EDGE_CURVE('',#2312,#2307,#1974,.T.);
#2858=EDGE_CURVE('',#2311,#2308,#1975,.T.);
#2859=EDGE_CURVE('',#2315,#2315,#1976,.T.);
#2860=EDGE_CURVE('',#2316,#2316,#1977,.T.);
#2861=EDGE_CURVE('',#2317,#2317,#1978,.T.);
#2862=EDGE_CURVE('',#2318,#2318,#1979,.T.);
#2863=EDGE_CURVE('',#2319,#2319,#231,.T.);
#2864=EDGE_CURVE('',#2320,#2299,#278,.T.);
#2865=EDGE_CURVE('',#2321,#2320,#1980,.T.);
#2866=EDGE_CURVE('',#2321,#2300,#279,.T.);
#2867=EDGE_CURVE('',#2322,#2321,#280,.T.);
#2868=EDGE_CURVE('',#2322,#2301,#281,.T.);
#2869=EDGE_CURVE('',#2323,#2322,#1981,.T.);
#2870=EDGE_CURVE('',#2323,#2302,#282,.T.);
#2871=EDGE_CURVE('',#2324,#2323,#283,.T.);
#2872=EDGE_CURVE('',#2324,#2295,#284,.T.);
#2873=EDGE_CURVE('',#2325,#2324,#1982,.T.);
#2874=EDGE_CURVE('',#2325,#2296,#285,.T.);
#2875=EDGE_CURVE('',#2326,#2325,#286,.T.);
#2876=EDGE_CURVE('',#2326,#2297,#287,.T.);
#2877=EDGE_CURVE('',#2327,#2326,#1983,.T.);
#2878=EDGE_CURVE('',#2327,#2298,#288,.T.);
#2879=EDGE_CURVE('',#2320,#2327,#289,.T.);
#2880=EDGE_CURVE('',#2328,#2329,#290,.T.);
#2881=EDGE_CURVE('',#2328,#2330,#291,.T.);
#2882=EDGE_CURVE('',#2330,#2331,#292,.T.);
#2883=EDGE_CURVE('',#2329,#2331,#293,.T.);
#2884=EDGE_CURVE('',#2332,#2328,#294,.T.);
#2885=EDGE_CURVE('',#2332,#2333,#295,.T.);
#2886=EDGE_CURVE('',#2333,#2330,#296,.T.);
#2887=EDGE_CURVE('',#2334,#2332,#297,.T.);
#2888=EDGE_CURVE('',#2334,#2335,#298,.T.);
#2889=EDGE_CURVE('',#2335,#2333,#299,.T.);
#2890=EDGE_CURVE('',#2336,#2334,#300,.T.);
#2891=EDGE_CURVE('',#2336,#2337,#301,.T.);
#2892=EDGE_CURVE('',#2337,#2335,#302,.T.);
#2893=EDGE_CURVE('',#2338,#2336,#303,.T.);
#2894=EDGE_CURVE('',#2338,#2339,#304,.T.);
#2895=EDGE_CURVE('',#2339,#2337,#305,.T.);
#2896=EDGE_CURVE('',#2340,#2338,#306,.T.);
#2897=EDGE_CURVE('',#2340,#2341,#307,.T.);
#2898=EDGE_CURVE('',#2341,#2339,#308,.T.);
#2899=EDGE_CURVE('',#2342,#2340,#309,.T.);
#2900=EDGE_CURVE('',#2342,#2343,#310,.T.);
#2901=EDGE_CURVE('',#2343,#2341,#311,.T.);
#2902=EDGE_CURVE('',#2344,#2342,#312,.T.);
#2903=EDGE_CURVE('',#2344,#2345,#313,.T.);
#2904=EDGE_CURVE('',#2345,#2343,#314,.T.);
#2905=EDGE_CURVE('',#2346,#2344,#315,.T.);
#2906=EDGE_CURVE('',#2346,#2347,#316,.T.);
#2907=EDGE_CURVE('',#2347,#2345,#317,.T.);
#2908=EDGE_CURVE('',#2329,#2346,#318,.T.);
#2909=EDGE_CURVE('',#2331,#2347,#319,.T.);
#2910=EDGE_CURVE('',#2348,#2349,#320,.T.);
#2911=EDGE_CURVE('',#2348,#2350,#321,.T.);
#2912=EDGE_CURVE('',#2350,#2351,#322,.T.);
#2913=EDGE_CURVE('',#2349,#2351,#323,.T.);
#2914=EDGE_CURVE('',#2349,#2352,#1984,.T.);
#2915=EDGE_CURVE('',#2351,#2353,#1985,.T.);
#2916=EDGE_CURVE('',#2352,#2353,#324,.T.);
#2917=EDGE_CURVE('',#2352,#2354,#325,.T.);
#2918=EDGE_CURVE('',#2353,#2355,#326,.T.);
#2919=EDGE_CURVE('',#2354,#2355,#327,.T.);
#2920=EDGE_CURVE('',#2354,#2356,#1986,.T.);
#2921=EDGE_CURVE('',#2355,#2357,#1987,.T.);
#2922=EDGE_CURVE('',#2356,#2357,#328,.T.);
#2923=EDGE_CURVE('',#2356,#2358,#329,.T.);
#2924=EDGE_CURVE('',#2357,#2359,#330,.T.);
#2925=EDGE_CURVE('',#2358,#2359,#331,.T.);
#2926=EDGE_CURVE('',#2360,#2361,#332,.T.);
#2927=EDGE_CURVE('',#2360,#2362,#333,.T.);
#2928=EDGE_CURVE('',#2362,#2363,#334,.T.);
#2929=EDGE_CURVE('',#2361,#2363,#335,.T.);
#2930=EDGE_CURVE('',#2361,#2364,#1988,.T.);
#2931=EDGE_CURVE('',#2363,#2365,#1989,.T.);
#2932=EDGE_CURVE('',#2364,#2365,#336,.T.);
#2933=EDGE_CURVE('',#2364,#2366,#1990,.T.);
#2934=EDGE_CURVE('',#2365,#2367,#1991,.T.);
#2935=EDGE_CURVE('',#2366,#2367,#337,.T.);
#2936=EDGE_CURVE('',#2366,#2368,#1992,.T.);
#2937=EDGE_CURVE('',#2367,#2369,#1993,.T.);
#2938=EDGE_CURVE('',#2368,#2369,#338,.T.);
#2939=EDGE_CURVE('',#2368,#2370,#1994,.T.);
#2940=EDGE_CURVE('',#2369,#2371,#1995,.T.);
#2941=EDGE_CURVE('',#2370,#2371,#339,.T.);
#2942=EDGE_CURVE('',#2370,#2372,#340,.T.);
#2943=EDGE_CURVE('',#2371,#2373,#341,.T.);
#2944=EDGE_CURVE('',#2372,#2373,#342,.T.);
#2945=EDGE_CURVE('',#2372,#2348,#1996,.T.);
#2946=EDGE_CURVE('',#2373,#2350,#1997,.T.);
#2947=EDGE_CURVE('',#2374,#2375,#343,.T.);
#2948=EDGE_CURVE('',#2374,#2376,#344,.T.);
#2949=EDGE_CURVE('',#2376,#2377,#345,.T.);
#2950=EDGE_CURVE('',#2375,#2377,#346,.T.);
#2951=EDGE_CURVE('',#2375,#2378,#347,.T.);
#2952=EDGE_CURVE('',#2377,#2379,#348,.T.);
#2953=EDGE_CURVE('',#2378,#2379,#349,.T.);
#2954=EDGE_CURVE('',#2378,#2380,#350,.T.);
#2955=EDGE_CURVE('',#2379,#2381,#351,.T.);
#2956=EDGE_CURVE('',#2380,#2381,#352,.T.);
#2957=EDGE_CURVE('',#2380,#2382,#353,.T.);
#2958=EDGE_CURVE('',#2381,#2383,#354,.T.);
#2959=EDGE_CURVE('',#2382,#2383,#355,.T.);
#2960=EDGE_CURVE('',#2382,#2384,#356,.T.);
#2961=EDGE_CURVE('',#2383,#2385,#357,.T.);
#2962=EDGE_CURVE('',#2384,#2385,#358,.T.);
#2963=EDGE_CURVE('',#2384,#2386,#1998,.T.);
#2964=EDGE_CURVE('',#2385,#2387,#1999,.T.);
#2965=EDGE_CURVE('',#2386,#2387,#359,.T.);
#2966=EDGE_CURVE('',#2386,#2388,#2000,.T.);
#2967=EDGE_CURVE('',#2387,#2389,#2001,.T.);
#2968=EDGE_CURVE('',#2388,#2389,#360,.T.);
#2969=EDGE_CURVE('',#2388,#2390,#2002,.T.);
#2970=EDGE_CURVE('',#2389,#2391,#2003,.T.);
#2971=EDGE_CURVE('',#2390,#2391,#361,.T.);
#2972=EDGE_CURVE('',#2390,#2392,#2004,.T.);
#2973=EDGE_CURVE('',#2391,#2393,#2005,.T.);
#2974=EDGE_CURVE('',#2392,#2393,#362,.T.);
#2975=EDGE_CURVE('',#2392,#2394,#2006,.T.);
#2976=EDGE_CURVE('',#2393,#2395,#2007,.T.);
#2977=EDGE_CURVE('',#2394,#2395,#363,.T.);
#2978=EDGE_CURVE('',#2394,#2396,#2008,.T.);
#2979=EDGE_CURVE('',#2395,#2397,#2009,.T.);
#2980=EDGE_CURVE('',#2396,#2397,#364,.T.);
#2981=EDGE_CURVE('',#2396,#2398,#2010,.T.);
#2982=EDGE_CURVE('',#2397,#2399,#2011,.T.);
#2983=EDGE_CURVE('',#2398,#2399,#365,.T.);
#2984=EDGE_CURVE('',#2398,#2400,#2012,.T.);
#2985=EDGE_CURVE('',#2399,#2401,#2013,.T.);
#2986=EDGE_CURVE('',#2400,#2401,#366,.T.);
#2987=EDGE_CURVE('',#2400,#2402,#2014,.T.);
#2988=EDGE_CURVE('',#2401,#2403,#2015,.T.);
#2989=EDGE_CURVE('',#2402,#2403,#367,.T.);
#2990=EDGE_CURVE('',#2402,#2404,#2016,.T.);
#2991=EDGE_CURVE('',#2403,#2405,#2017,.T.);
#2992=EDGE_CURVE('',#2404,#2405,#368,.T.);
#2993=EDGE_CURVE('',#2404,#2406,#369,.T.);
#2994=EDGE_CURVE('',#2405,#2407,#370,.T.);
#2995=EDGE_CURVE('',#2406,#2407,#371,.T.);
#2996=EDGE_CURVE('',#2406,#2408,#372,.T.);
#2997=EDGE_CURVE('',#2407,#2409,#373,.T.);
#2998=EDGE_CURVE('',#2408,#2409,#374,.T.);
#2999=EDGE_CURVE('',#2408,#2410,#2018,.T.);
#3000=EDGE_CURVE('',#2409,#2411,#2019,.T.);
#3001=EDGE_CURVE('',#2410,#2411,#375,.T.);
#3002=EDGE_CURVE('',#2410,#2412,#376,.T.);
#3003=EDGE_CURVE('',#2411,#2413,#377,.T.);
#3004=EDGE_CURVE('',#2412,#2413,#378,.T.);
#3005=EDGE_CURVE('',#2412,#2374,#2020,.T.);
#3006=EDGE_CURVE('',#2413,#2376,#2021,.T.);
#3007=EDGE_CURVE('',#2414,#2415,#2022,.T.);
#3008=EDGE_CURVE('',#2414,#2416,#379,.T.);
#3009=EDGE_CURVE('',#2416,#2417,#2023,.T.);
#3010=EDGE_CURVE('',#2415,#2417,#380,.T.);
#3011=EDGE_CURVE('',#2415,#2418,#2024,.T.);
#3012=EDGE_CURVE('',#2417,#2419,#2025,.T.);
#3013=EDGE_CURVE('',#2418,#2419,#381,.T.);
#3014=EDGE_CURVE('',#2418,#2420,#2026,.T.);
#3015=EDGE_CURVE('',#2419,#2421,#2027,.T.);
#3016=EDGE_CURVE('',#2420,#2421,#382,.T.);
#3017=EDGE_CURVE('',#2420,#2414,#2028,.T.);
#3018=EDGE_CURVE('',#2421,#2416,#2029,.T.);
#3019=EDGE_CURVE('',#2422,#2423,#2030,.T.);
#3020=EDGE_CURVE('',#2422,#2424,#383,.T.);
#3021=EDGE_CURVE('',#2424,#2425,#2031,.T.);
#3022=EDGE_CURVE('',#2423,#2425,#384,.T.);
#3023=EDGE_CURVE('',#2423,#2422,#2032,.T.);
#3024=EDGE_CURVE('',#2425,#2424,#2033,.T.);
#3025=EDGE_CURVE('',#2426,#2427,#2034,.T.);
#3026=EDGE_CURVE('',#2426,#2428,#385,.T.);
#3027=EDGE_CURVE('',#2428,#2429,#2035,.T.);
#3028=EDGE_CURVE('',#2427,#2429,#386,.T.);
#3029=EDGE_CURVE('',#2427,#2430,#387,.T.);
#3030=EDGE_CURVE('',#2429,#2431,#388,.T.);
#3031=EDGE_CURVE('',#2430,#2431,#389,.T.);
#3032=EDGE_CURVE('',#2430,#2432,#390,.T.);
#3033=EDGE_CURVE('',#2431,#2433,#391,.T.);
#3034=EDGE_CURVE('',#2432,#2433,#392,.T.);
#3035=EDGE_CURVE('',#2432,#2434,#393,.T.);
#3036=EDGE_CURVE('',#2433,#2435,#394,.T.);
#3037=EDGE_CURVE('',#2434,#2435,#395,.T.);
#3038=EDGE_CURVE('',#2434,#2426,#396,.T.);
#3039=EDGE_CURVE('',#2435,#2428,#397,.T.);
#3040=EDGE_CURVE('',#2358,#2360,#2036,.T.);
#3041=EDGE_CURVE('',#2359,#2362,#2037,.T.);
#3042=EDGE_CURVE('',#2436,#2437,#2038,.T.);
#3043=EDGE_CURVE('',#2436,#2438,#398,.T.);
#3044=EDGE_CURVE('',#2438,#2439,#2039,.T.);
#3045=EDGE_CURVE('',#2437,#2439,#399,.T.);
#3046=EDGE_CURVE('',#2440,#2436,#2040,.T.);
#3047=EDGE_CURVE('',#2440,#2441,#400,.T.);
#3048=EDGE_CURVE('',#2441,#2438,#2041,.T.);
#3049=EDGE_CURVE('',#2442,#2440,#2042,.T.);
#3050=EDGE_CURVE('',#2442,#2443,#401,.T.);
#3051=EDGE_CURVE('',#2443,#2441,#2043,.T.);
#3052=EDGE_CURVE('',#2444,#2442,#2044,.T.);
#3053=EDGE_CURVE('',#2444,#2445,#402,.T.);
#3054=EDGE_CURVE('',#2445,#2443,#2045,.T.);
#3055=EDGE_CURVE('',#2446,#2444,#2046,.T.);
#3056=EDGE_CURVE('',#2446,#2447,#403,.T.);
#3057=EDGE_CURVE('',#2447,#2445,#2047,.T.);
#3058=EDGE_CURVE('',#2448,#2446,#2048,.T.);
#3059=EDGE_CURVE('',#2448,#2449,#404,.T.);
#3060=EDGE_CURVE('',#2449,#2447,#2049,.T.);
#3061=EDGE_CURVE('',#2450,#2448,#405,.T.);
#3062=EDGE_CURVE('',#2450,#2451,#406,.T.);
#3063=EDGE_CURVE('',#2451,#2449,#407,.T.);
#3064=EDGE_CURVE('',#2452,#2450,#408,.T.);
#3065=EDGE_CURVE('',#2452,#2453,#409,.T.);
#3066=EDGE_CURVE('',#2453,#2451,#410,.T.);
#3067=EDGE_CURVE('',#2454,#2452,#2050,.T.);
#3068=EDGE_CURVE('',#2454,#2455,#411,.T.);
#3069=EDGE_CURVE('',#2455,#2453,#2051,.T.);
#3070=EDGE_CURVE('',#2456,#2454,#412,.T.);
#3071=EDGE_CURVE('',#2456,#2457,#413,.T.);
#3072=EDGE_CURVE('',#2457,#2455,#414,.T.);
#3073=EDGE_CURVE('',#2458,#2456,#2052,.T.);
#3074=EDGE_CURVE('',#2458,#2459,#415,.T.);
#3075=EDGE_CURVE('',#2459,#2457,#2053,.T.);
#3076=EDGE_CURVE('',#2460,#2458,#416,.T.);
#3077=EDGE_CURVE('',#2460,#2461,#417,.T.);
#3078=EDGE_CURVE('',#2461,#2459,#418,.T.);
#3079=EDGE_CURVE('',#2462,#2460,#2054,.T.);
#3080=EDGE_CURVE('',#2462,#2463,#419,.T.);
#3081=EDGE_CURVE('',#2463,#2461,#2055,.T.);
#3082=EDGE_CURVE('',#2464,#2462,#420,.T.);
#3083=EDGE_CURVE('',#2464,#2465,#421,.T.);
#3084=EDGE_CURVE('',#2465,#2463,#422,.T.);
#3085=EDGE_CURVE('',#2466,#2464,#2056,.T.);
#3086=EDGE_CURVE('',#2466,#2467,#423,.T.);
#3087=EDGE_CURVE('',#2467,#2465,#2057,.T.);
#3088=EDGE_CURVE('',#2437,#2466,#424,.T.);
#3089=EDGE_CURVE('',#2439,#2467,#425,.T.);
#3090=EDGE_CURVE('',#2468,#2469,#2058,.T.);
#3091=EDGE_CURVE('',#2468,#2470,#426,.T.);
#3092=EDGE_CURVE('',#2470,#2471,#2059,.T.);
#3093=EDGE_CURVE('',#2469,#2471,#427,.T.);
#3094=EDGE_CURVE('',#2472,#2468,#2060,.T.);
#3095=EDGE_CURVE('',#2472,#2473,#428,.T.);
#3096=EDGE_CURVE('',#2473,#2470,#2061,.T.);
#3097=EDGE_CURVE('',#2474,#2472,#2062,.T.);
#3098=EDGE_CURVE('',#2474,#2475,#429,.T.);
#3099=EDGE_CURVE('',#2475,#2473,#2063,.T.);
#3100=EDGE_CURVE('',#2469,#2474,#2064,.T.);
#3101=EDGE_CURVE('',#2471,#2475,#2065,.T.);
#3102=EDGE_CURVE('',#2476,#2477,#2066,.T.);
#3103=EDGE_CURVE('',#2476,#2478,#430,.T.);
#3104=EDGE_CURVE('',#2478,#2479,#2067,.T.);
#3105=EDGE_CURVE('',#2477,#2479,#431,.T.);
#3106=EDGE_CURVE('',#2480,#2476,#2068,.T.);
#3107=EDGE_CURVE('',#2480,#2481,#432,.T.);
#3108=EDGE_CURVE('',#2481,#2478,#2069,.T.);
#3109=EDGE_CURVE('',#2482,#2480,#2070,.T.);
#3110=EDGE_CURVE('',#2482,#2483,#433,.T.);
#3111=EDGE_CURVE('',#2483,#2481,#2071,.T.);
#3112=EDGE_CURVE('',#2477,#2482,#2072,.T.);
#3113=EDGE_CURVE('',#2479,#2483,#2073,.T.);
#3114=EDGE_CURVE('',#2484,#2485,#2074,.T.);
#3115=EDGE_CURVE('',#2484,#2486,#434,.T.);
#3116=EDGE_CURVE('',#2486,#2487,#2075,.T.);
#3117=EDGE_CURVE('',#2485,#2487,#435,.T.);
#3118=EDGE_CURVE('',#2488,#2484,#2076,.T.);
#3119=EDGE_CURVE('',#2488,#2489,#436,.T.);
#3120=EDGE_CURVE('',#2489,#2486,#2077,.T.);
#3121=EDGE_CURVE('',#2490,#2488,#2078,.T.);
#3122=EDGE_CURVE('',#2490,#2491,#437,.T.);
#3123=EDGE_CURVE('',#2491,#2489,#2079,.T.);
#3124=EDGE_CURVE('',#2485,#2490,#2080,.T.);
#3125=EDGE_CURVE('',#2487,#2491,#2081,.T.);
#3126=EDGE_CURVE('',#2492,#2493,#2082,.T.);
#3127=EDGE_CURVE('',#2492,#2494,#438,.T.);
#3128=EDGE_CURVE('',#2494,#2495,#2083,.T.);
#3129=EDGE_CURVE('',#2493,#2495,#439,.T.);
#3130=EDGE_CURVE('',#2496,#2492,#2084,.T.);
#3131=EDGE_CURVE('',#2496,#2497,#440,.T.);
#3132=EDGE_CURVE('',#2497,#2494,#2085,.T.);
#3133=EDGE_CURVE('',#2498,#2496,#2086,.T.);
#3134=EDGE_CURVE('',#2498,#2499,#441,.T.);
#3135=EDGE_CURVE('',#2499,#2497,#2087,.T.);
#3136=EDGE_CURVE('',#2493,#2498,#2088,.T.);
#3137=EDGE_CURVE('',#2495,#2499,#2089,.T.);
#3138=EDGE_CURVE('',#2500,#2501,#33,.T.);
#3139=EDGE_CURVE('',#2500,#2502,#442,.T.);
#3140=EDGE_CURVE('',#2502,#2503,#34,.T.);
#3141=EDGE_CURVE('',#2501,#2503,#443,.T.);
#3142=EDGE_CURVE('',#2504,#2500,#2090,.T.);
#3143=EDGE_CURVE('',#2504,#2505,#444,.T.);
#3144=EDGE_CURVE('',#2505,#2502,#2091,.T.);
#3145=EDGE_CURVE('',#2506,#2504,#35,.T.);
#3146=EDGE_CURVE('',#2506,#2507,#445,.T.);
#3147=EDGE_CURVE('',#2507,#2505,#36,.T.);
#3148=EDGE_CURVE('',#2508,#2506,#2092,.T.);
#3149=EDGE_CURVE('',#2508,#2509,#446,.T.);
#3150=EDGE_CURVE('',#2509,#2507,#2093,.T.);
#3151=EDGE_CURVE('',#2501,#2508,#37,.T.);
#3152=EDGE_CURVE('',#2503,#2509,#38,.T.);
#3153=EDGE_CURVE('',#2510,#2511,#447,.T.);
#3154=EDGE_CURVE('',#2510,#2512,#448,.T.);
#3155=EDGE_CURVE('',#2512,#2513,#449,.T.);
#3156=EDGE_CURVE('',#2511,#2513,#450,.T.);
#3157=EDGE_CURVE('',#2514,#2510,#451,.T.);
#3158=EDGE_CURVE('',#2514,#2515,#452,.T.);
#3159=EDGE_CURVE('',#2515,#2512,#453,.T.);
#3160=EDGE_CURVE('',#2516,#2514,#454,.T.);
#3161=EDGE_CURVE('',#2516,#2517,#455,.T.);
#3162=EDGE_CURVE('',#2517,#2515,#456,.T.);
#3163=EDGE_CURVE('',#2518,#2516,#457,.T.);
#3164=EDGE_CURVE('',#2518,#2519,#458,.T.);
#3165=EDGE_CURVE('',#2519,#2517,#459,.T.);
#3166=EDGE_CURVE('',#2520,#2518,#460,.T.);
#3167=EDGE_CURVE('',#2520,#2521,#461,.T.);
#3168=EDGE_CURVE('',#2521,#2519,#462,.T.);
#3169=EDGE_CURVE('',#2522,#2520,#463,.T.);
#3170=EDGE_CURVE('',#2522,#2523,#464,.T.);
#3171=EDGE_CURVE('',#2523,#2521,#465,.T.);
#3172=EDGE_CURVE('',#2524,#2522,#466,.T.);
#3173=EDGE_CURVE('',#2524,#2525,#467,.T.);
#3174=EDGE_CURVE('',#2525,#2523,#468,.T.);
#3175=EDGE_CURVE('',#2526,#2524,#469,.T.);
#3176=EDGE_CURVE('',#2526,#2527,#470,.T.);
#3177=EDGE_CURVE('',#2527,#2525,#471,.T.);
#3178=EDGE_CURVE('',#2528,#2526,#472,.T.);
#3179=EDGE_CURVE('',#2528,#2529,#473,.T.);
#3180=EDGE_CURVE('',#2529,#2527,#474,.T.);
#3181=EDGE_CURVE('',#2511,#2528,#475,.T.);
#3182=EDGE_CURVE('',#2513,#2529,#476,.T.);
#3183=EDGE_CURVE('',#2530,#2531,#39,.T.);
#3184=EDGE_CURVE('',#2530,#2532,#477,.T.);
#3185=EDGE_CURVE('',#2532,#2533,#40,.T.);
#3186=EDGE_CURVE('',#2531,#2533,#478,.T.);
#3187=EDGE_CURVE('',#2534,#2530,#41,.T.);
#3188=EDGE_CURVE('',#2534,#2535,#479,.T.);
#3189=EDGE_CURVE('',#2535,#2532,#42,.T.);
#3190=EDGE_CURVE('',#2536,#2534,#480,.T.);
#3191=EDGE_CURVE('',#2536,#2537,#481,.T.);
#3192=EDGE_CURVE('',#2537,#2535,#482,.T.);
#3193=EDGE_CURVE('',#2538,#2536,#483,.T.);
#3194=EDGE_CURVE('',#2538,#2539,#484,.T.);
#3195=EDGE_CURVE('',#2539,#2537,#485,.T.);
#3196=EDGE_CURVE('',#2540,#2538,#43,.T.);
#3197=EDGE_CURVE('',#2540,#2541,#486,.T.);
#3198=EDGE_CURVE('',#2541,#2539,#44,.T.);
#3199=EDGE_CURVE('',#2542,#2540,#45,.T.);
#3200=EDGE_CURVE('',#2542,#2543,#487,.T.);
#3201=EDGE_CURVE('',#2543,#2541,#46,.T.);
#3202=EDGE_CURVE('',#2544,#2542,#47,.T.);
#3203=EDGE_CURVE('',#2544,#2545,#488,.T.);
#3204=EDGE_CURVE('',#2545,#2543,#48,.T.);
#3205=EDGE_CURVE('',#2546,#2544,#49,.T.);
#3206=EDGE_CURVE('',#2546,#2547,#489,.T.);
#3207=EDGE_CURVE('',#2547,#2545,#50,.T.);
#3208=EDGE_CURVE('',#2548,#2546,#51,.T.);
#3209=EDGE_CURVE('',#2548,#2549,#490,.T.);
#3210=EDGE_CURVE('',#2549,#2547,#52,.T.);
#3211=EDGE_CURVE('',#2550,#2548,#53,.T.);
#3212=EDGE_CURVE('',#2550,#2551,#491,.T.);
#3213=EDGE_CURVE('',#2551,#2549,#54,.T.);
#3214=EDGE_CURVE('',#2552,#2550,#55,.T.);
#3215=EDGE_CURVE('',#2552,#2553,#492,.T.);
#3216=EDGE_CURVE('',#2553,#2551,#56,.T.);
#3217=EDGE_CURVE('',#2554,#2552,#57,.T.);
#3218=EDGE_CURVE('',#2554,#2555,#493,.T.);
#3219=EDGE_CURVE('',#2555,#2553,#58,.T.);
#3220=EDGE_CURVE('',#2556,#2554,#494,.T.);
#3221=EDGE_CURVE('',#2556,#2557,#495,.T.);
#3222=EDGE_CURVE('',#2557,#2555,#496,.T.);
#3223=EDGE_CURVE('',#2558,#2556,#497,.T.);
#3224=EDGE_CURVE('',#2558,#2559,#498,.T.);
#3225=EDGE_CURVE('',#2559,#2557,#499,.T.);
#3226=EDGE_CURVE('',#2560,#2558,#59,.T.);
#3227=EDGE_CURVE('',#2560,#2561,#500,.T.);
#3228=EDGE_CURVE('',#2561,#2559,#60,.T.);
#3229=EDGE_CURVE('',#2562,#2560,#61,.T.);
#3230=EDGE_CURVE('',#2562,#2563,#501,.T.);
#3231=EDGE_CURVE('',#2563,#2561,#62,.T.);
#3232=EDGE_CURVE('',#2564,#2562,#63,.T.);
#3233=EDGE_CURVE('',#2564,#2565,#502,.T.);
#3234=EDGE_CURVE('',#2565,#2563,#64,.T.);
#3235=EDGE_CURVE('',#2531,#2564,#65,.T.);
#3236=EDGE_CURVE('',#2533,#2565,#66,.T.);
#3237=EDGE_CURVE('',#2566,#2567,#503,.T.);
#3238=EDGE_CURVE('',#2567,#2568,#2094,.T.);
#3239=EDGE_CURVE('',#2568,#2569,#504,.T.);
#3240=EDGE_CURVE('',#2569,#2570,#2095,.T.);
#3241=EDGE_CURVE('',#2570,#2571,#505,.T.);
#3242=EDGE_CURVE('',#2571,#2572,#2096,.T.);
#3243=EDGE_CURVE('',#2572,#2573,#506,.T.);
#3244=EDGE_CURVE('',#2573,#2566,#2097,.T.);
#3245=EDGE_CURVE('',#2574,#2575,#2098,.T.);
#3246=EDGE_CURVE('',#2575,#2574,#2099,.T.);
#3247=EDGE_CURVE('',#2576,#2576,#2100,.T.);
#3248=EDGE_CURVE('',#2575,#2574,#67,.T.);
#3249=EDGE_CURVE('',#2577,#2577,#2101,.T.);
#3250=EDGE_CURVE('',#2578,#2578,#2102,.T.);
#3251=EDGE_CURVE('',#2579,#2579,#2103,.T.);
#3252=EDGE_CURVE('',#2580,#2580,#2104,.T.);
#3253=EDGE_CURVE('',#2581,#2581,#2105,.T.);
#3254=EDGE_CURVE('',#2582,#2582,#2106,.T.);
#3255=EDGE_CURVE('',#2583,#2583,#2107,.T.);
#3256=EDGE_CURVE('',#2584,#2584,#2108,.T.);
#3257=EDGE_CURVE('',#2585,#2585,#2109,.T.);
#3258=EDGE_CURVE('',#2586,#2586,#2110,.T.);
#3259=EDGE_CURVE('',#2587,#2587,#2111,.T.);
#3260=EDGE_CURVE('',#2588,#2588,#2112,.T.);
#3261=EDGE_CURVE('',#2589,#2589,#2113,.T.);
#3262=EDGE_CURVE('',#2590,#2590,#2114,.T.);
#3263=EDGE_CURVE('',#2591,#2591,#2115,.T.);
#3264=EDGE_CURVE('',#2592,#2592,#2116,.T.);
#3265=EDGE_CURVE('',#2593,#2593,#2117,.T.);
#3266=EDGE_CURVE('',#2594,#2594,#2118,.T.);
#3267=EDGE_CURVE('',#2595,#2595,#2119,.T.);
#3268=EDGE_CURVE('',#2596,#2597,#507,.T.);
#3269=EDGE_CURVE('',#2598,#2596,#508,.T.);
#3270=EDGE_CURVE('',#2599,#2598,#509,.T.);
#3271=EDGE_CURVE('',#2599,#2597,#510,.T.);
#3272=EDGE_CURVE('',#2600,#2601,#2120,.T.);
#3273=EDGE_CURVE('',#2600,#2566,#511,.T.);
#3274=EDGE_CURVE('',#2601,#2573,#512,.T.);
#3275=EDGE_CURVE('',#2601,#2602,#513,.T.);
#3276=EDGE_CURVE('',#2602,#2572,#514,.T.);
#3277=EDGE_CURVE('',#2602,#2603,#2121,.T.);
#3278=EDGE_CURVE('',#2603,#2571,#515,.T.);
#3279=EDGE_CURVE('',#2603,#2604,#516,.T.);
#3280=EDGE_CURVE('',#2604,#2570,#517,.T.);
#3281=EDGE_CURVE('',#2604,#2605,#2122,.T.);
#3282=EDGE_CURVE('',#2605,#2569,#518,.T.);
#3283=EDGE_CURVE('',#2605,#2606,#519,.T.);
#3284=EDGE_CURVE('',#2606,#2568,#520,.T.);
#3285=EDGE_CURVE('',#2606,#2607,#2123,.T.);
#3286=EDGE_CURVE('',#2607,#2567,#521,.T.);
#3287=EDGE_CURVE('',#2607,#2600,#522,.T.);
#3288=EDGE_CURVE('',#2608,#2609,#2124,.F.);
#3289=EDGE_CURVE('',#2608,#2610,#523,.T.);
#3290=EDGE_CURVE('',#2610,#2273,#2125,.T.);
#3291=EDGE_CURVE('',#2274,#2611,#68,.T.);
#3292=EDGE_CURVE('',#2609,#2611,#524,.F.);
#3293=EDGE_CURVE('',#2612,#2613,#525,.T.);
#3294=EDGE_CURVE('',#2613,#2614,#526,.T.);
#3295=EDGE_CURVE('',#2614,#2615,#527,.T.);
#3296=EDGE_CURVE('',#2612,#2615,#528,.T.);
#3297=EDGE_CURVE('',#2608,#2616,#529,.T.);
#3298=EDGE_CURVE('',#2617,#2616,#530,.T.);
#3299=EDGE_CURVE('',#2617,#2610,#531,.T.);
#3300=EDGE_CURVE('',#2618,#2619,#2126,.T.);
#3301=EDGE_CURVE('',#2619,#2620,#532,.T.);
#3302=EDGE_CURVE('',#2620,#2621,#2127,.T.);
#3303=EDGE_CURVE('',#2621,#2618,#533,.T.);
#3304=EDGE_CURVE('',#2619,#2622,#534,.T.);
#3305=EDGE_CURVE('',#2623,#2622,#535,.T.);
#3306=EDGE_CURVE('',#2620,#2623,#536,.T.);
#3307=EDGE_CURVE('',#2624,#2625,#2128,.F.);
#3308=EDGE_CURVE('',#2625,#2626,#537,.T.);
#3309=EDGE_CURVE('',#2626,#2627,#2129,.F.);
#3310=EDGE_CURVE('',#2627,#2624,#538,.T.);
#3311=EDGE_CURVE('',#2628,#2625,#539,.T.);
#3312=EDGE_CURVE('',#2629,#2628,#540,.T.);
#3313=EDGE_CURVE('',#2626,#2629,#541,.T.);
#3314=EDGE_CURVE('',#2630,#2631,#2130,.T.);
#3315=EDGE_CURVE('',#2631,#2632,#542,.T.);
#3316=EDGE_CURVE('',#2288,#2632,#69,.F.);
#3317=EDGE_CURVE('',#2287,#2633,#2131,.T.);
#3318=EDGE_CURVE('',#2633,#2630,#543,.T.);
#3319=EDGE_CURVE('',#2622,#2617,#2132,.T.);
#3320=EDGE_CURVE('',#2616,#2623,#2133,.T.);
#3321=EDGE_CURVE('',#2634,#2618,#544,.T.);
#3322=EDGE_CURVE('',#2635,#2634,#2134,.T.);
#3323=EDGE_CURVE('',#2635,#2636,#545,.T.);
#3324=EDGE_CURVE('',#2636,#2275,#546,.T.);
#3325=EDGE_CURVE('',#2637,#2638,#2135,.T.);
#3326=EDGE_CURVE('',#2638,#2639,#547,.T.);
#3327=EDGE_CURVE('',#2639,#2640,#2136,.T.);
#3328=EDGE_CURVE('',#2640,#2637,#548,.T.);
#3329=EDGE_CURVE('',#2633,#2639,#549,.T.);
#3330=EDGE_CURVE('',#2638,#2630,#550,.T.);
#3331=EDGE_CURVE('',#2641,#2637,#551,.T.);
#3332=EDGE_CURVE('',#2642,#2641,#552,.T.);
#3333=EDGE_CURVE('',#2615,#2642,#2137,.T.);
#3334=EDGE_CURVE('',#2614,#2631,#553,.T.);
#3335=EDGE_CURVE('',#2627,#2643,#554,.T.);
#3336=EDGE_CURVE('',#2644,#2629,#555,.T.);
#3337=EDGE_CURVE('',#2645,#2644,#556,.T.);
#3338=EDGE_CURVE('',#2643,#2645,#2138,.T.);
#3339=EDGE_CURVE('',#2644,#2646,#557,.T.);
#3340=EDGE_CURVE('',#2286,#2628,#558,.T.);
#3341=EDGE_CURVE('',#2646,#2286,#559,.T.);
#3342=EDGE_CURVE('',#2625,#2285,#2139,.T.);
#3343=EDGE_CURVE('',#2647,#2624,#560,.T.);
#3344=EDGE_CURVE('',#2648,#2647,#2140,.T.);
#3345=EDGE_CURVE('',#2646,#2648,#561,.T.);
#3346=EDGE_CURVE('',#2649,#2275,#562,.T.);
#3347=EDGE_CURVE('',#2650,#2649,#563,.T.);
#3348=EDGE_CURVE('',#2651,#2650,#2141,.T.);
#3349=EDGE_CURVE('',#2652,#2651,#564,.T.);
#3350=EDGE_CURVE('',#2652,#2635,#565,.T.);
#3351=EDGE_CURVE('',#2276,#2635,#2142,.T.);
#3352=EDGE_CURVE('',#2649,#2653,#566,.T.);
#3353=EDGE_CURVE('',#2636,#2654,#567,.T.);
#3354=EDGE_CURVE('',#2653,#2654,#568,.T.);
#3355=EDGE_CURVE('',#2655,#2656,#569,.T.);
#3356=EDGE_CURVE('',#2657,#2655,#2143,.T.);
#3357=EDGE_CURVE('',#2653,#2657,#570,.T.);
#3358=EDGE_CURVE('',#2654,#2656,#571,.T.);
#3359=EDGE_CURVE('',#2656,#2652,#572,.T.);
#3360=EDGE_CURVE('',#2658,#2625,#2144,.T.);
#3361=EDGE_CURVE('',#2659,#2658,#573,.T.);
#3362=EDGE_CURVE('',#2659,#2640,#574,.T.);
#3363=EDGE_CURVE('',#2660,#2648,#575,.T.);
#3364=EDGE_CURVE('',#2661,#2660,#2145,.T.);
#3365=EDGE_CURVE('',#2662,#2661,#576,.T.);
#3366=EDGE_CURVE('',#2663,#2662,#2146,.T.);
#3367=EDGE_CURVE('',#2664,#2663,#577,.T.);
#3368=EDGE_CURVE('',#2665,#2664,#2147,.T.);
#3369=EDGE_CURVE('',#2666,#2665,#578,.T.);
#3370=EDGE_CURVE('',#2667,#2666,#2148,.T.);
#3371=EDGE_CURVE('',#2650,#2667,#579,.T.);
#3372=EDGE_CURVE('',#2645,#2657,#580,.T.);
#3373=EDGE_CURVE('',#2668,#2669,#2149,.T.);
#3374=EDGE_CURVE('',#2669,#2670,#581,.T.);
#3375=EDGE_CURVE('',#2670,#2671,#2150,.T.);
#3376=EDGE_CURVE('',#2671,#2672,#582,.T.);
#3377=EDGE_CURVE('',#2672,#2673,#2151,.T.);
#3378=EDGE_CURVE('',#2673,#2674,#583,.T.);
#3379=EDGE_CURVE('',#2674,#2675,#2152,.T.);
#3380=EDGE_CURVE('',#2675,#2668,#584,.T.);
#3381=EDGE_CURVE('',#2676,#2667,#2153,.T.);
#3382=EDGE_CURVE('',#2676,#2651,#585,.T.);
#3383=EDGE_CURVE('',#2647,#2677,#586,.T.);
#3384=EDGE_CURVE('',#2677,#2660,#2154,.T.);
#3385=EDGE_CURVE('',#2655,#2643,#587,.T.);
#3386=EDGE_CURVE('',#2641,#2659,#588,.T.);
#3387=EDGE_CURVE('',#2613,#2609,#589,.F.);
#3388=EDGE_CURVE('',#2678,#2612,#2155,.T.);
#3389=EDGE_CURVE('',#2621,#2678,#590,.T.);
#3390=EDGE_CURVE('',#2642,#2678,#591,.T.);
#3391=EDGE_CURVE('',#2679,#2658,#592,.T.);
#3392=EDGE_CURVE('',#2679,#2680,#593,.T.);
#3393=EDGE_CURVE('',#2681,#2680,#594,.T.);
#3394=EDGE_CURVE('',#2682,#2681,#595,.T.);
#3395=EDGE_CURVE('',#2634,#2682,#596,.T.);
#3396=EDGE_CURVE('',#2277,#2682,#2156,.T.);
#3397=EDGE_CURVE('',#2679,#2284,#2157,.T.);
#3398=EDGE_CURVE('',#2683,#2684,#2158,.T.);
#3399=EDGE_CURVE('',#2684,#2683,#70,.T.);
#3400=EDGE_CURVE('',#2685,#2685,#2159,.T.);
#3401=EDGE_CURVE('',#2686,#2687,#2160,.T.);
#3402=EDGE_CURVE('',#2688,#2686,#71,.T.);
#3403=EDGE_CURVE('',#2687,#2688,#72,.T.);
#3404=EDGE_CURVE('',#2689,#2689,#2161,.T.);
#3405=EDGE_CURVE('',#2690,#2691,#2162,.T.);
#3406=EDGE_CURVE('',#2691,#2690,#73,.T.);
#3407=EDGE_CURVE('',#2692,#2692,#2163,.T.);
#3408=EDGE_CURVE('',#2693,#2694,#2164,.T.);
#3409=EDGE_CURVE('',#2694,#2693,#74,.T.);
#3410=EDGE_CURVE('',#2695,#2695,#2165,.T.);
#3411=EDGE_CURVE('',#2683,#2696,#2166,.T.);
#3412=EDGE_CURVE('',#2597,#2696,#2167,.T.);
#3413=EDGE_CURVE('',#2597,#2681,#2168,.T.);
#3414=EDGE_CURVE('',#2681,#2697,#2169,.T.);
#3415=EDGE_CURVE('',#2697,#2684,#2170,.T.);
#3416=EDGE_CURVE('',#2686,#2698,#2171,.T.);
#3417=EDGE_CURVE('',#2680,#2698,#2172,.T.);
#3418=EDGE_CURVE('',#2680,#2699,#2173,.T.);
#3419=EDGE_CURVE('',#2699,#2688,#2174,.T.);
#3420=EDGE_CURVE('',#2693,#2700,#597,.T.);
#3421=EDGE_CURVE('',#2596,#2700,#2175,.T.);
#3422=EDGE_CURVE('',#2696,#2694,#598,.T.);
#3423=EDGE_CURVE('',#2701,#2701,#2176,.T.);
#3424=EDGE_CURVE('',#2702,#2702,#2177,.T.);
#3425=EDGE_CURVE('',#2703,#2703,#2178,.T.);
#3426=EDGE_CURVE('',#2704,#2704,#2179,.T.);
#3427=EDGE_CURVE('',#2705,#2705,#2180,.T.);
#3428=EDGE_CURVE('',#2706,#2706,#2181,.T.);
#3429=EDGE_CURVE('',#2707,#2707,#2182,.T.);
#3430=EDGE_CURVE('',#2708,#2708,#2183,.T.);
#3431=EDGE_CURVE('',#2698,#2697,#599,.T.);
#3432=EDGE_CURVE('',#2690,#2687,#600,.T.);
#3433=EDGE_CURVE('',#2709,#2691,#601,.T.);
#3434=EDGE_CURVE('',#2710,#2709,#2184,.T.);
#3435=EDGE_CURVE('',#2711,#2710,#602,.T.);
#3436=EDGE_CURVE('',#2700,#2711,#2185,.T.);
#3437=EDGE_CURVE('',#2712,#2713,#2186,.T.);
#3438=EDGE_CURVE('',#2713,#2714,#603,.T.);
#3439=EDGE_CURVE('',#2714,#2715,#2187,.T.);
#3440=EDGE_CURVE('',#2715,#2716,#604,.T.);
#3441=EDGE_CURVE('',#2716,#2717,#2188,.T.);
#3442=EDGE_CURVE('',#2717,#2718,#605,.T.);
#3443=EDGE_CURVE('',#2718,#2719,#2189,.T.);
#3444=EDGE_CURVE('',#2719,#2712,#606,.T.);
#3445=EDGE_CURVE('',#2720,#2721,#607,.T.);
#3446=EDGE_CURVE('',#2721,#2722,#608,.T.);
#3447=EDGE_CURVE('',#2722,#2723,#609,.T.);
#3448=EDGE_CURVE('',#2723,#2720,#610,.T.);
#3449=EDGE_CURVE('',#2662,#2724,#2190,.T.);
#3450=EDGE_CURVE('',#2724,#2725,#2191,.T.);
#3451=EDGE_CURVE('',#2725,#2663,#2192,.T.);
#3452=EDGE_CURVE('',#2726,#2664,#2193,.T.);
#3453=EDGE_CURVE('',#2725,#2726,#611,.T.);
#3454=EDGE_CURVE('',#2727,#2665,#2194,.T.);
#3455=EDGE_CURVE('',#2726,#2727,#2195,.T.);
#3456=EDGE_CURVE('',#2728,#2666,#2196,.T.);
#3457=EDGE_CURVE('',#2727,#2728,#612,.T.);
#3458=EDGE_CURVE('',#2728,#2676,#2197,.T.);
#3459=EDGE_CURVE('',#2729,#2661,#2198,.T.);
#3460=EDGE_CURVE('',#2677,#2729,#2199,.T.);
#3461=EDGE_CURVE('',#2729,#2724,#613,.T.);
#3462=EDGE_CURVE('',#2727,#2730,#614,.T.);
#3463=EDGE_CURVE('',#2731,#2730,#615,.T.);
#3464=EDGE_CURVE('',#2728,#2731,#616,.T.);
#3465=EDGE_CURVE('',#2732,#2732,#2200,.T.);
#3466=EDGE_CURVE('',#2733,#2733,#2201,.T.);
#3467=EDGE_CURVE('',#2726,#2734,#617,.T.);
#3468=EDGE_CURVE('',#2730,#2734,#2202,.T.);
#3469=EDGE_CURVE('',#2725,#2735,#618,.T.);
#3470=EDGE_CURVE('',#2734,#2735,#619,.T.);
#3471=EDGE_CURVE('',#2724,#2736,#620,.T.);
#3472=EDGE_CURVE('',#2735,#2736,#2203,.T.);
#3473=EDGE_CURVE('',#2737,#2738,#2204,.T.);
#3474=EDGE_CURVE('',#2738,#2739,#2205,.T.);
#3475=EDGE_CURVE('',#2739,#2740,#2206,.T.);
#3476=EDGE_CURVE('',#2740,#2737,#2207,.T.);
#3477=EDGE_CURVE('',#2741,#2742,#2208,.T.);
#3478=EDGE_CURVE('',#2742,#2740,#621,.T.);
#3479=EDGE_CURVE('',#2739,#2741,#622,.T.);
#3480=EDGE_CURVE('',#2731,#2743,#2209,.T.);
#3481=EDGE_CURVE('',#2743,#2742,#2210,.T.);
#3482=EDGE_CURVE('',#2741,#2731,#2211,.T.);
#3483=EDGE_CURVE('',#2730,#2744,#2212,.T.);
#3484=EDGE_CURVE('',#2744,#2743,#623,.T.);
#3485=EDGE_CURVE('',#2734,#2745,#2213,.T.);
#3486=EDGE_CURVE('',#2745,#2744,#2214,.T.);
#3487=EDGE_CURVE('',#2735,#2746,#2215,.T.);
#3488=EDGE_CURVE('',#2746,#2745,#624,.T.);
#3489=EDGE_CURVE('',#2736,#2747,#2216,.T.);
#3490=EDGE_CURVE('',#2747,#2746,#2217,.T.);
#3491=EDGE_CURVE('',#2737,#2747,#625,.T.);
#3492=EDGE_CURVE('',#2736,#2738,#626,.T.);
#3493=EDGE_CURVE('',#2676,#2741,#627,.T.);
#3494=EDGE_CURVE('',#2677,#2739,#628,.T.);
#3495=EDGE_CURVE('',#2729,#2738,#629,.T.);
#3496=EDGE_CURVE('',#2748,#2749,#2218,.T.);
#3497=EDGE_CURVE('',#2749,#2750,#630,.T.);
#3498=EDGE_CURVE('',#2750,#2751,#2219,.T.);
#3499=EDGE_CURVE('',#2751,#2752,#631,.T.);
#3500=EDGE_CURVE('',#2752,#2753,#2220,.T.);
#3501=EDGE_CURVE('',#2753,#2754,#632,.T.);
#3502=EDGE_CURVE('',#2754,#2755,#2221,.T.);
#3503=EDGE_CURVE('',#2755,#2748,#633,.T.);
#3504=EDGE_CURVE('',#2756,#2757,#634,.T.);
#3505=EDGE_CURVE('',#2757,#2758,#635,.T.);
#3506=EDGE_CURVE('',#2758,#2759,#636,.T.);
#3507=EDGE_CURVE('',#2759,#2756,#637,.T.);
#3508=EDGE_CURVE('',#2709,#2760,#2222,.T.);
#3509=EDGE_CURVE('',#2760,#2761,#2223,.T.);
#3510=EDGE_CURVE('',#2761,#2710,#2224,.T.);
#3511=EDGE_CURVE('',#2762,#2711,#2225,.T.);
#3512=EDGE_CURVE('',#2761,#2762,#638,.T.);
#3513=EDGE_CURVE('',#2762,#2596,#2226,.T.);
#3514=EDGE_CURVE('',#2699,#2760,#639,.T.);
#3515=EDGE_CURVE('',#2763,#2762,#640,.T.);
#3516=EDGE_CURVE('',#2598,#2763,#2227,.T.);
#3517=EDGE_CURVE('',#2764,#2761,#641,.T.);
#3518=EDGE_CURVE('',#2763,#2764,#642,.T.);
#3519=EDGE_CURVE('',#2765,#2760,#643,.T.);
#3520=EDGE_CURVE('',#2764,#2765,#2228,.T.);
#3521=EDGE_CURVE('',#2682,#2599,#2229,.T.);
#3522=EDGE_CURVE('',#2599,#2278,#2230,.T.);
#3523=EDGE_CURVE('',#2598,#2279,#2231,.T.);
#3524=EDGE_CURVE('',#2763,#2280,#2232,.T.);
#3525=EDGE_CURVE('',#2764,#2281,#2233,.T.);
#3526=EDGE_CURVE('',#2765,#2282,#2234,.T.);
#3527=EDGE_CURVE('',#2766,#2283,#2235,.T.);
#3528=EDGE_CURVE('',#2765,#2766,#644,.T.);
#3529=EDGE_CURVE('',#2766,#2679,#2236,.T.);
#3530=EDGE_CURVE('',#2759,#2722,#645,.T.);
#3531=EDGE_CURVE('',#2758,#2723,#646,.T.);
#3532=EDGE_CURVE('',#2757,#2720,#647,.T.);
#3533=EDGE_CURVE('',#2756,#2721,#648,.T.);
#3534=EDGE_CURVE('',#2767,#2767,#2237,.T.);
#3535=EDGE_CURVE('',#2768,#2768,#2238,.T.);
#3536=EDGE_CURVE('',#2712,#2749,#649,.T.);
#3537=EDGE_CURVE('',#2713,#2748,#650,.T.);
#3538=EDGE_CURVE('',#2719,#2750,#651,.T.);
#3539=EDGE_CURVE('',#2718,#2751,#652,.T.);
#3540=EDGE_CURVE('',#2717,#2752,#653,.T.);
#3541=EDGE_CURVE('',#2716,#2753,#654,.T.);
#3542=EDGE_CURVE('',#2715,#2754,#655,.T.);
#3543=EDGE_CURVE('',#2714,#2755,#656,.T.);
#3544=EDGE_CURVE('',#2766,#2699,#657,.T.);
#3545=EDGE_CURVE('',#2668,#2291,#658,.T.);
#3546=EDGE_CURVE('',#2669,#2290,#659,.T.);
#3547=EDGE_CURVE('',#2675,#2292,#660,.T.);
#3548=EDGE_CURVE('',#2674,#2293,#661,.T.);
#3549=EDGE_CURVE('',#2673,#2294,#662,.T.);
#3550=EDGE_CURVE('',#2611,#2672,#663,.T.);
#3551=EDGE_CURVE('',#2632,#2671,#664,.T.);
#3552=EDGE_CURVE('',#2670,#2289,#665,.T.);
#3553=ORIENTED_EDGE('',*,*,#2769,.F.);
#3554=ORIENTED_EDGE('',*,*,#2770,.F.);
#3555=ORIENTED_EDGE('',*,*,#2771,.F.);
#3556=ORIENTED_EDGE('',*,*,#2772,.F.);
#3557=ORIENTED_EDGE('',*,*,#2773,.F.);
#3558=ORIENTED_EDGE('',*,*,#2774,.F.);
#3559=ORIENTED_EDGE('',*,*,#2775,.F.);
#3560=ORIENTED_EDGE('',*,*,#2776,.F.);
#3561=ORIENTED_EDGE('',*,*,#2777,.F.);
#3562=ORIENTED_EDGE('',*,*,#2778,.F.);
#3563=ORIENTED_EDGE('',*,*,#2779,.F.);
#3564=ORIENTED_EDGE('',*,*,#2780,.F.);
#3565=ORIENTED_EDGE('',*,*,#2781,.F.);
#3566=ORIENTED_EDGE('',*,*,#2782,.F.);
#3567=ORIENTED_EDGE('',*,*,#2783,.F.);
#3568=ORIENTED_EDGE('',*,*,#2784,.F.);
#3569=ORIENTED_EDGE('',*,*,#2785,.F.);
#3570=ORIENTED_EDGE('',*,*,#2786,.F.);
#3571=ORIENTED_EDGE('',*,*,#2787,.F.);
#3572=ORIENTED_EDGE('',*,*,#2788,.F.);
#3573=ORIENTED_EDGE('',*,*,#2789,.T.);
#3574=ORIENTED_EDGE('',*,*,#2790,.T.);
#3575=ORIENTED_EDGE('',*,*,#2791,.T.);
#3576=ORIENTED_EDGE('',*,*,#2792,.T.);
#3577=ORIENTED_EDGE('',*,*,#2793,.T.);
#3578=ORIENTED_EDGE('',*,*,#2790,.F.);
#3579=ORIENTED_EDGE('',*,*,#2794,.T.);
#3580=ORIENTED_EDGE('',*,*,#2795,.F.);
#3581=ORIENTED_EDGE('',*,*,#2796,.T.);
#3582=ORIENTED_EDGE('',*,*,#2797,.F.);
#3583=ORIENTED_EDGE('',*,*,#2798,.T.);
#3584=ORIENTED_EDGE('',*,*,#2792,.F.);
#3585=ORIENTED_EDGE('',*,*,#2794,.F.);
#3586=ORIENTED_EDGE('',*,*,#2799,.F.);
#3587=ORIENTED_EDGE('',*,*,#2800,.F.);
#3588=ORIENTED_EDGE('',*,*,#2801,.F.);
#3589=ORIENTED_EDGE('',*,*,#2802,.F.);
#3590=ORIENTED_EDGE('',*,*,#2803,.F.);
#3591=ORIENTED_EDGE('',*,*,#2804,.F.);
#3592=ORIENTED_EDGE('',*,*,#2789,.F.);
#3593=ORIENTED_EDGE('',*,*,#2805,.F.);
#3594=ORIENTED_EDGE('',*,*,#2806,.F.);
#3595=ORIENTED_EDGE('',*,*,#2799,.T.);
#3596=ORIENTED_EDGE('',*,*,#2807,.F.);
#3597=ORIENTED_EDGE('',*,*,#2808,.T.);
#3598=ORIENTED_EDGE('',*,*,#2809,.T.);
#3599=ORIENTED_EDGE('',*,*,#2810,.F.);
#3600=ORIENTED_EDGE('',*,*,#2811,.F.);
#3601=ORIENTED_EDGE('',*,*,#2812,.F.);
#3602=ORIENTED_EDGE('',*,*,#2813,.F.);
#3603=ORIENTED_EDGE('',*,*,#2814,.F.);
#3604=ORIENTED_EDGE('',*,*,#2815,.F.);
#3605=ORIENTED_EDGE('',*,*,#2816,.F.);
#3606=ORIENTED_EDGE('',*,*,#2817,.F.);
#3607=ORIENTED_EDGE('',*,*,#2818,.F.);
#3608=ORIENTED_EDGE('',*,*,#2819,.T.);
#3609=ORIENTED_EDGE('',*,*,#2820,.T.);
#3610=ORIENTED_EDGE('',*,*,#2821,.F.);
#3611=ORIENTED_EDGE('',*,*,#2822,.T.);
#3612=ORIENTED_EDGE('',*,*,#2823,.T.);
#3613=ORIENTED_EDGE('',*,*,#2824,.T.);
#3614=ORIENTED_EDGE('',*,*,#2825,.T.);
#3615=ORIENTED_EDGE('',*,*,#2826,.T.);
#3616=ORIENTED_EDGE('',*,*,#2827,.T.);
#3617=ORIENTED_EDGE('',*,*,#2828,.T.);
#3618=ORIENTED_EDGE('',*,*,#2829,.T.);
#3619=ORIENTED_EDGE('',*,*,#2830,.T.);
#3620=ORIENTED_EDGE('',*,*,#2831,.T.);
#3621=ORIENTED_EDGE('',*,*,#2832,.T.);
#3622=ORIENTED_EDGE('',*,*,#2833,.T.);
#3623=ORIENTED_EDGE('',*,*,#2834,.T.);
#3624=ORIENTED_EDGE('',*,*,#2835,.T.);
#3625=ORIENTED_EDGE('',*,*,#2836,.T.);
#3626=ORIENTED_EDGE('',*,*,#2791,.F.);
#3627=ORIENTED_EDGE('',*,*,#2793,.F.);
#3628=ORIENTED_EDGE('',*,*,#2837,.F.);
#3629=ORIENTED_EDGE('',*,*,#2796,.F.);
#3630=ORIENTED_EDGE('',*,*,#2800,.T.);
#3631=ORIENTED_EDGE('',*,*,#2806,.T.);
#3632=ORIENTED_EDGE('',*,*,#2838,.F.);
#3633=ORIENTED_EDGE('',*,*,#2839,.F.);
#3634=ORIENTED_EDGE('',*,*,#2801,.T.);
#3635=ORIENTED_EDGE('',*,*,#2839,.T.);
#3636=ORIENTED_EDGE('',*,*,#2840,.F.);
#3637=ORIENTED_EDGE('',*,*,#2841,.F.);
#3638=ORIENTED_EDGE('',*,*,#2802,.T.);
#3639=ORIENTED_EDGE('',*,*,#2841,.T.);
#3640=ORIENTED_EDGE('',*,*,#2842,.F.);
#3641=ORIENTED_EDGE('',*,*,#2843,.F.);
#3642=ORIENTED_EDGE('',*,*,#2803,.T.);
#3643=ORIENTED_EDGE('',*,*,#2843,.T.);
#3644=ORIENTED_EDGE('',*,*,#2844,.F.);
#3645=ORIENTED_EDGE('',*,*,#2845,.F.);
#3646=ORIENTED_EDGE('',*,*,#2804,.T.);
#3647=ORIENTED_EDGE('',*,*,#2845,.T.);
#3648=ORIENTED_EDGE('',*,*,#2846,.F.);
#3649=ORIENTED_EDGE('',*,*,#2797,.T.);
#3650=ORIENTED_EDGE('',*,*,#2837,.T.);
#3651=ORIENTED_EDGE('',*,*,#2795,.T.);
#3652=ORIENTED_EDGE('',*,*,#2798,.F.);
#3653=ORIENTED_EDGE('',*,*,#2846,.T.);
#3654=ORIENTED_EDGE('',*,*,#2844,.T.);
#3655=ORIENTED_EDGE('',*,*,#2842,.T.);
#3656=ORIENTED_EDGE('',*,*,#2840,.T.);
#3657=ORIENTED_EDGE('',*,*,#2838,.T.);
#3658=ORIENTED_EDGE('',*,*,#2805,.T.);
#3659=ORIENTED_EDGE('',*,*,#2847,.F.);
#3660=ORIENTED_EDGE('',*,*,#2848,.T.);
#3661=ORIENTED_EDGE('',*,*,#2849,.F.);
#3662=ORIENTED_EDGE('',*,*,#2850,.F.);
#3663=ORIENTED_EDGE('',*,*,#2851,.F.);
#3664=ORIENTED_EDGE('',*,*,#2852,.F.);
#3665=ORIENTED_EDGE('',*,*,#2853,.T.);
#3666=ORIENTED_EDGE('',*,*,#2854,.T.);
#3667=ORIENTED_EDGE('',*,*,#2855,.F.);
#3668=ORIENTED_EDGE('',*,*,#2849,.T.);
#3669=ORIENTED_EDGE('',*,*,#2856,.T.);
#3670=ORIENTED_EDGE('',*,*,#2853,.F.);
#3671=ORIENTED_EDGE('',*,*,#2857,.F.);
#3672=ORIENTED_EDGE('',*,*,#2854,.F.);
#3673=ORIENTED_EDGE('',*,*,#2856,.F.);
#3674=ORIENTED_EDGE('',*,*,#2848,.F.);
#3675=ORIENTED_EDGE('',*,*,#2850,.T.);
#3676=ORIENTED_EDGE('',*,*,#2855,.T.);
#3677=ORIENTED_EDGE('',*,*,#2852,.T.);
#3678=ORIENTED_EDGE('',*,*,#2858,.T.);
#3679=ORIENTED_EDGE('',*,*,#2859,.T.);
#3680=ORIENTED_EDGE('',*,*,#2860,.T.);
#3681=ORIENTED_EDGE('',*,*,#2861,.T.);
#3682=ORIENTED_EDGE('',*,*,#2860,.F.);
#3683=ORIENTED_EDGE('',*,*,#2861,.F.);
#3684=ORIENTED_EDGE('',*,*,#2862,.T.);
#3685=ORIENTED_EDGE('',*,*,#2859,.F.);
#3686=ORIENTED_EDGE('',*,*,#2862,.F.);
#3687=ORIENTED_EDGE('',*,*,#2847,.T.);
#3688=ORIENTED_EDGE('',*,*,#2858,.F.);
#3689=ORIENTED_EDGE('',*,*,#2851,.T.);
#3690=ORIENTED_EDGE('',*,*,#2857,.T.);
#3691=ORIENTED_EDGE('',*,*,#2863,.F.);
#3692=ORIENTED_EDGE('',*,*,#2833,.F.);
#3693=ORIENTED_EDGE('',*,*,#2864,.F.);
#3694=ORIENTED_EDGE('',*,*,#2865,.F.);
#3695=ORIENTED_EDGE('',*,*,#2866,.T.);
#3696=ORIENTED_EDGE('',*,*,#2834,.F.);
#3697=ORIENTED_EDGE('',*,*,#2866,.F.);
#3698=ORIENTED_EDGE('',*,*,#2867,.F.);
#3699=ORIENTED_EDGE('',*,*,#2868,.T.);
#3700=ORIENTED_EDGE('',*,*,#2835,.F.);
#3701=ORIENTED_EDGE('',*,*,#2868,.F.);
#3702=ORIENTED_EDGE('',*,*,#2869,.F.);
#3703=ORIENTED_EDGE('',*,*,#2870,.T.);
#3704=ORIENTED_EDGE('',*,*,#2836,.F.);
#3705=ORIENTED_EDGE('',*,*,#2870,.F.);
#3706=ORIENTED_EDGE('',*,*,#2871,.F.);
#3707=ORIENTED_EDGE('',*,*,#2872,.T.);
#3708=ORIENTED_EDGE('',*,*,#2829,.F.);
#3709=ORIENTED_EDGE('',*,*,#2872,.F.);
#3710=ORIENTED_EDGE('',*,*,#2873,.F.);
#3711=ORIENTED_EDGE('',*,*,#2874,.T.);
#3712=ORIENTED_EDGE('',*,*,#2830,.F.);
#3713=ORIENTED_EDGE('',*,*,#2874,.F.);
#3714=ORIENTED_EDGE('',*,*,#2875,.F.);
#3715=ORIENTED_EDGE('',*,*,#2876,.T.);
#3716=ORIENTED_EDGE('',*,*,#2831,.F.);
#3717=ORIENTED_EDGE('',*,*,#2876,.F.);
#3718=ORIENTED_EDGE('',*,*,#2877,.F.);
#3719=ORIENTED_EDGE('',*,*,#2878,.T.);
#3720=ORIENTED_EDGE('',*,*,#2832,.F.);
#3721=ORIENTED_EDGE('',*,*,#2878,.F.);
#3722=ORIENTED_EDGE('',*,*,#2879,.F.);
#3723=ORIENTED_EDGE('',*,*,#2864,.T.);
#3724=ORIENTED_EDGE('',*,*,#2880,.F.);
#3725=ORIENTED_EDGE('',*,*,#2881,.T.);
#3726=ORIENTED_EDGE('',*,*,#2882,.T.);
#3727=ORIENTED_EDGE('',*,*,#2883,.F.);
#3728=ORIENTED_EDGE('',*,*,#2884,.F.);
#3729=ORIENTED_EDGE('',*,*,#2885,.T.);
#3730=ORIENTED_EDGE('',*,*,#2886,.T.);
#3731=ORIENTED_EDGE('',*,*,#2881,.F.);
#3732=ORIENTED_EDGE('',*,*,#2887,.F.);
#3733=ORIENTED_EDGE('',*,*,#2888,.T.);
#3734=ORIENTED_EDGE('',*,*,#2889,.T.);
#3735=ORIENTED_EDGE('',*,*,#2885,.F.);
#3736=ORIENTED_EDGE('',*,*,#2890,.F.);
#3737=ORIENTED_EDGE('',*,*,#2891,.T.);
#3738=ORIENTED_EDGE('',*,*,#2892,.T.);
#3739=ORIENTED_EDGE('',*,*,#2888,.F.);
#3740=ORIENTED_EDGE('',*,*,#2893,.F.);
#3741=ORIENTED_EDGE('',*,*,#2894,.T.);
#3742=ORIENTED_EDGE('',*,*,#2895,.T.);
#3743=ORIENTED_EDGE('',*,*,#2891,.F.);
#3744=ORIENTED_EDGE('',*,*,#2896,.F.);
#3745=ORIENTED_EDGE('',*,*,#2897,.T.);
#3746=ORIENTED_EDGE('',*,*,#2898,.T.);
#3747=ORIENTED_EDGE('',*,*,#2894,.F.);
#3748=ORIENTED_EDGE('',*,*,#2899,.F.);
#3749=ORIENTED_EDGE('',*,*,#2900,.T.);
#3750=ORIENTED_EDGE('',*,*,#2901,.T.);
#3751=ORIENTED_EDGE('',*,*,#2897,.F.);
#3752=ORIENTED_EDGE('',*,*,#2902,.F.);
#3753=ORIENTED_EDGE('',*,*,#2903,.T.);
#3754=ORIENTED_EDGE('',*,*,#2904,.T.);
#3755=ORIENTED_EDGE('',*,*,#2900,.F.);
#3756=ORIENTED_EDGE('',*,*,#2905,.F.);
#3757=ORIENTED_EDGE('',*,*,#2906,.T.);
#3758=ORIENTED_EDGE('',*,*,#2907,.T.);
#3759=ORIENTED_EDGE('',*,*,#2903,.F.);
#3760=ORIENTED_EDGE('',*,*,#2908,.F.);
#3761=ORIENTED_EDGE('',*,*,#2883,.T.);
#3762=ORIENTED_EDGE('',*,*,#2909,.T.);
#3763=ORIENTED_EDGE('',*,*,#2906,.F.);
#3764=ORIENTED_EDGE('',*,*,#2909,.F.);
#3765=ORIENTED_EDGE('',*,*,#2882,.F.);
#3766=ORIENTED_EDGE('',*,*,#2886,.F.);
#3767=ORIENTED_EDGE('',*,*,#2889,.F.);
#3768=ORIENTED_EDGE('',*,*,#2892,.F.);
#3769=ORIENTED_EDGE('',*,*,#2895,.F.);
#3770=ORIENTED_EDGE('',*,*,#2898,.F.);
#3771=ORIENTED_EDGE('',*,*,#2901,.F.);
#3772=ORIENTED_EDGE('',*,*,#2904,.F.);
#3773=ORIENTED_EDGE('',*,*,#2907,.F.);
#3774=ORIENTED_EDGE('',*,*,#2910,.F.);
#3775=ORIENTED_EDGE('',*,*,#2911,.T.);
#3776=ORIENTED_EDGE('',*,*,#2912,.T.);
#3777=ORIENTED_EDGE('',*,*,#2913,.F.);
#3778=ORIENTED_EDGE('',*,*,#2914,.F.);
#3779=ORIENTED_EDGE('',*,*,#2913,.T.);
#3780=ORIENTED_EDGE('',*,*,#2915,.T.);
#3781=ORIENTED_EDGE('',*,*,#2916,.F.);
#3782=ORIENTED_EDGE('',*,*,#2917,.F.);
#3783=ORIENTED_EDGE('',*,*,#2916,.T.);
#3784=ORIENTED_EDGE('',*,*,#2918,.T.);
#3785=ORIENTED_EDGE('',*,*,#2919,.F.);
#3786=ORIENTED_EDGE('',*,*,#2920,.F.);
#3787=ORIENTED_EDGE('',*,*,#2919,.T.);
#3788=ORIENTED_EDGE('',*,*,#2921,.T.);
#3789=ORIENTED_EDGE('',*,*,#2922,.F.);
#3790=ORIENTED_EDGE('',*,*,#2923,.F.);
#3791=ORIENTED_EDGE('',*,*,#2922,.T.);
#3792=ORIENTED_EDGE('',*,*,#2924,.T.);
#3793=ORIENTED_EDGE('',*,*,#2925,.F.);
#3794=ORIENTED_EDGE('',*,*,#2926,.F.);
#3795=ORIENTED_EDGE('',*,*,#2927,.T.);
#3796=ORIENTED_EDGE('',*,*,#2928,.T.);
#3797=ORIENTED_EDGE('',*,*,#2929,.F.);
#3798=ORIENTED_EDGE('',*,*,#2930,.F.);
#3799=ORIENTED_EDGE('',*,*,#2929,.T.);
#3800=ORIENTED_EDGE('',*,*,#2931,.T.);
#3801=ORIENTED_EDGE('',*,*,#2932,.F.);
#3802=ORIENTED_EDGE('',*,*,#2933,.F.);
#3803=ORIENTED_EDGE('',*,*,#2932,.T.);
#3804=ORIENTED_EDGE('',*,*,#2934,.T.);
#3805=ORIENTED_EDGE('',*,*,#2935,.F.);
#3806=ORIENTED_EDGE('',*,*,#2936,.F.);
#3807=ORIENTED_EDGE('',*,*,#2935,.T.);
#3808=ORIENTED_EDGE('',*,*,#2937,.T.);
#3809=ORIENTED_EDGE('',*,*,#2938,.F.);
#3810=ORIENTED_EDGE('',*,*,#2939,.F.);
#3811=ORIENTED_EDGE('',*,*,#2938,.T.);
#3812=ORIENTED_EDGE('',*,*,#2940,.T.);
#3813=ORIENTED_EDGE('',*,*,#2941,.F.);
#3814=ORIENTED_EDGE('',*,*,#2942,.F.);
#3815=ORIENTED_EDGE('',*,*,#2941,.T.);
#3816=ORIENTED_EDGE('',*,*,#2943,.T.);
#3817=ORIENTED_EDGE('',*,*,#2944,.F.);
#3818=ORIENTED_EDGE('',*,*,#2945,.F.);
#3819=ORIENTED_EDGE('',*,*,#2944,.T.);
#3820=ORIENTED_EDGE('',*,*,#2946,.T.);
#3821=ORIENTED_EDGE('',*,*,#2911,.F.);
#3822=ORIENTED_EDGE('',*,*,#2947,.F.);
#3823=ORIENTED_EDGE('',*,*,#2948,.T.);
#3824=ORIENTED_EDGE('',*,*,#2949,.T.);
#3825=ORIENTED_EDGE('',*,*,#2950,.F.);
#3826=ORIENTED_EDGE('',*,*,#2951,.F.);
#3827=ORIENTED_EDGE('',*,*,#2950,.T.);
#3828=ORIENTED_EDGE('',*,*,#2952,.T.);
#3829=ORIENTED_EDGE('',*,*,#2953,.F.);
#3830=ORIENTED_EDGE('',*,*,#2954,.F.);
#3831=ORIENTED_EDGE('',*,*,#2953,.T.);
#3832=ORIENTED_EDGE('',*,*,#2955,.T.);
#3833=ORIENTED_EDGE('',*,*,#2956,.F.);
#3834=ORIENTED_EDGE('',*,*,#2957,.F.);
#3835=ORIENTED_EDGE('',*,*,#2956,.T.);
#3836=ORIENTED_EDGE('',*,*,#2958,.T.);
#3837=ORIENTED_EDGE('',*,*,#2959,.F.);
#3838=ORIENTED_EDGE('',*,*,#2960,.F.);
#3839=ORIENTED_EDGE('',*,*,#2959,.T.);
#3840=ORIENTED_EDGE('',*,*,#2961,.T.);
#3841=ORIENTED_EDGE('',*,*,#2962,.F.);
#3842=ORIENTED_EDGE('',*,*,#2963,.F.);
#3843=ORIENTED_EDGE('',*,*,#2962,.T.);
#3844=ORIENTED_EDGE('',*,*,#2964,.T.);
#3845=ORIENTED_EDGE('',*,*,#2965,.F.);
#3846=ORIENTED_EDGE('',*,*,#2966,.F.);
#3847=ORIENTED_EDGE('',*,*,#2965,.T.);
#3848=ORIENTED_EDGE('',*,*,#2967,.T.);
#3849=ORIENTED_EDGE('',*,*,#2968,.F.);
#3850=ORIENTED_EDGE('',*,*,#2969,.F.);
#3851=ORIENTED_EDGE('',*,*,#2968,.T.);
#3852=ORIENTED_EDGE('',*,*,#2970,.T.);
#3853=ORIENTED_EDGE('',*,*,#2971,.F.);
#3854=ORIENTED_EDGE('',*,*,#2972,.F.);
#3855=ORIENTED_EDGE('',*,*,#2971,.T.);
#3856=ORIENTED_EDGE('',*,*,#2973,.T.);
#3857=ORIENTED_EDGE('',*,*,#2974,.F.);
#3858=ORIENTED_EDGE('',*,*,#2975,.F.);
#3859=ORIENTED_EDGE('',*,*,#2974,.T.);
#3860=ORIENTED_EDGE('',*,*,#2976,.T.);
#3861=ORIENTED_EDGE('',*,*,#2977,.F.);
#3862=ORIENTED_EDGE('',*,*,#2978,.F.);
#3863=ORIENTED_EDGE('',*,*,#2977,.T.);
#3864=ORIENTED_EDGE('',*,*,#2979,.T.);
#3865=ORIENTED_EDGE('',*,*,#2980,.F.);
#3866=ORIENTED_EDGE('',*,*,#2981,.F.);
#3867=ORIENTED_EDGE('',*,*,#2980,.T.);
#3868=ORIENTED_EDGE('',*,*,#2982,.T.);
#3869=ORIENTED_EDGE('',*,*,#2983,.F.);
#3870=ORIENTED_EDGE('',*,*,#2984,.F.);
#3871=ORIENTED_EDGE('',*,*,#2983,.T.);
#3872=ORIENTED_EDGE('',*,*,#2985,.T.);
#3873=ORIENTED_EDGE('',*,*,#2986,.F.);
#3874=ORIENTED_EDGE('',*,*,#2987,.F.);
#3875=ORIENTED_EDGE('',*,*,#2986,.T.);
#3876=ORIENTED_EDGE('',*,*,#2988,.T.);
#3877=ORIENTED_EDGE('',*,*,#2989,.F.);
#3878=ORIENTED_EDGE('',*,*,#2990,.F.);
#3879=ORIENTED_EDGE('',*,*,#2989,.T.);
#3880=ORIENTED_EDGE('',*,*,#2991,.T.);
#3881=ORIENTED_EDGE('',*,*,#2992,.F.);
#3882=ORIENTED_EDGE('',*,*,#2993,.F.);
#3883=ORIENTED_EDGE('',*,*,#2992,.T.);
#3884=ORIENTED_EDGE('',*,*,#2994,.T.);
#3885=ORIENTED_EDGE('',*,*,#2995,.F.);
#3886=ORIENTED_EDGE('',*,*,#2996,.F.);
#3887=ORIENTED_EDGE('',*,*,#2995,.T.);
#3888=ORIENTED_EDGE('',*,*,#2997,.T.);
#3889=ORIENTED_EDGE('',*,*,#2998,.F.);
#3890=ORIENTED_EDGE('',*,*,#2999,.F.);
#3891=ORIENTED_EDGE('',*,*,#2998,.T.);
#3892=ORIENTED_EDGE('',*,*,#3000,.T.);
#3893=ORIENTED_EDGE('',*,*,#3001,.F.);
#3894=ORIENTED_EDGE('',*,*,#3002,.F.);
#3895=ORIENTED_EDGE('',*,*,#3001,.T.);
#3896=ORIENTED_EDGE('',*,*,#3003,.T.);
#3897=ORIENTED_EDGE('',*,*,#3004,.F.);
#3898=ORIENTED_EDGE('',*,*,#3005,.F.);
#3899=ORIENTED_EDGE('',*,*,#3004,.T.);
#3900=ORIENTED_EDGE('',*,*,#3006,.T.);
#3901=ORIENTED_EDGE('',*,*,#2948,.F.);
#3902=ORIENTED_EDGE('',*,*,#3007,.F.);
#3903=ORIENTED_EDGE('',*,*,#3008,.T.);
#3904=ORIENTED_EDGE('',*,*,#3009,.T.);
#3905=ORIENTED_EDGE('',*,*,#3010,.F.);
#3906=ORIENTED_EDGE('',*,*,#3011,.F.);
#3907=ORIENTED_EDGE('',*,*,#3010,.T.);
#3908=ORIENTED_EDGE('',*,*,#3012,.T.);
#3909=ORIENTED_EDGE('',*,*,#3013,.F.);
#3910=ORIENTED_EDGE('',*,*,#3014,.F.);
#3911=ORIENTED_EDGE('',*,*,#3013,.T.);
#3912=ORIENTED_EDGE('',*,*,#3015,.T.);
#3913=ORIENTED_EDGE('',*,*,#3016,.F.);
#3914=ORIENTED_EDGE('',*,*,#3017,.F.);
#3915=ORIENTED_EDGE('',*,*,#3016,.T.);
#3916=ORIENTED_EDGE('',*,*,#3018,.T.);
#3917=ORIENTED_EDGE('',*,*,#3008,.F.);
#3918=ORIENTED_EDGE('',*,*,#3019,.F.);
#3919=ORIENTED_EDGE('',*,*,#3020,.T.);
#3920=ORIENTED_EDGE('',*,*,#3021,.T.);
#3921=ORIENTED_EDGE('',*,*,#3022,.F.);
#3922=ORIENTED_EDGE('',*,*,#3023,.F.);
#3923=ORIENTED_EDGE('',*,*,#3022,.T.);
#3924=ORIENTED_EDGE('',*,*,#3024,.T.);
#3925=ORIENTED_EDGE('',*,*,#3020,.F.);
#3926=ORIENTED_EDGE('',*,*,#3025,.F.);
#3927=ORIENTED_EDGE('',*,*,#3026,.T.);
#3928=ORIENTED_EDGE('',*,*,#3027,.T.);
#3929=ORIENTED_EDGE('',*,*,#3028,.F.);
#3930=ORIENTED_EDGE('',*,*,#3029,.F.);
#3931=ORIENTED_EDGE('',*,*,#3028,.T.);
#3932=ORIENTED_EDGE('',*,*,#3030,.T.);
#3933=ORIENTED_EDGE('',*,*,#3031,.F.);
#3934=ORIENTED_EDGE('',*,*,#3032,.F.);
#3935=ORIENTED_EDGE('',*,*,#3031,.T.);
#3936=ORIENTED_EDGE('',*,*,#3033,.T.);
#3937=ORIENTED_EDGE('',*,*,#3034,.F.);
#3938=ORIENTED_EDGE('',*,*,#3035,.F.);
#3939=ORIENTED_EDGE('',*,*,#3034,.T.);
#3940=ORIENTED_EDGE('',*,*,#3036,.T.);
#3941=ORIENTED_EDGE('',*,*,#3037,.F.);
#3942=ORIENTED_EDGE('',*,*,#3038,.F.);
#3943=ORIENTED_EDGE('',*,*,#3037,.T.);
#3944=ORIENTED_EDGE('',*,*,#3039,.T.);
#3945=ORIENTED_EDGE('',*,*,#3026,.F.);
#3946=ORIENTED_EDGE('',*,*,#3040,.F.);
#3947=ORIENTED_EDGE('',*,*,#2925,.T.);
#3948=ORIENTED_EDGE('',*,*,#3041,.T.);
#3949=ORIENTED_EDGE('',*,*,#2927,.F.);
#3950=ORIENTED_EDGE('',*,*,#3042,.F.);
#3951=ORIENTED_EDGE('',*,*,#3043,.T.);
#3952=ORIENTED_EDGE('',*,*,#3044,.T.);
#3953=ORIENTED_EDGE('',*,*,#3045,.F.);
#3954=ORIENTED_EDGE('',*,*,#3046,.F.);
#3955=ORIENTED_EDGE('',*,*,#3047,.T.);
#3956=ORIENTED_EDGE('',*,*,#3048,.T.);
#3957=ORIENTED_EDGE('',*,*,#3043,.F.);
#3958=ORIENTED_EDGE('',*,*,#3049,.F.);
#3959=ORIENTED_EDGE('',*,*,#3050,.T.);
#3960=ORIENTED_EDGE('',*,*,#3051,.T.);
#3961=ORIENTED_EDGE('',*,*,#3047,.F.);
#3962=ORIENTED_EDGE('',*,*,#3052,.F.);
#3963=ORIENTED_EDGE('',*,*,#3053,.T.);
#3964=ORIENTED_EDGE('',*,*,#3054,.T.);
#3965=ORIENTED_EDGE('',*,*,#3050,.F.);
#3966=ORIENTED_EDGE('',*,*,#3055,.F.);
#3967=ORIENTED_EDGE('',*,*,#3056,.T.);
#3968=ORIENTED_EDGE('',*,*,#3057,.T.);
#3969=ORIENTED_EDGE('',*,*,#3053,.F.);
#3970=ORIENTED_EDGE('',*,*,#3058,.F.);
#3971=ORIENTED_EDGE('',*,*,#3059,.T.);
#3972=ORIENTED_EDGE('',*,*,#3060,.T.);
#3973=ORIENTED_EDGE('',*,*,#3056,.F.);
#3974=ORIENTED_EDGE('',*,*,#3061,.F.);
#3975=ORIENTED_EDGE('',*,*,#3062,.T.);
#3976=ORIENTED_EDGE('',*,*,#3063,.T.);
#3977=ORIENTED_EDGE('',*,*,#3059,.F.);
#3978=ORIENTED_EDGE('',*,*,#3064,.F.);
#3979=ORIENTED_EDGE('',*,*,#3065,.T.);
#3980=ORIENTED_EDGE('',*,*,#3066,.T.);
#3981=ORIENTED_EDGE('',*,*,#3062,.F.);
#3982=ORIENTED_EDGE('',*,*,#3067,.F.);
#3983=ORIENTED_EDGE('',*,*,#3068,.T.);
#3984=ORIENTED_EDGE('',*,*,#3069,.T.);
#3985=ORIENTED_EDGE('',*,*,#3065,.F.);
#3986=ORIENTED_EDGE('',*,*,#3070,.F.);
#3987=ORIENTED_EDGE('',*,*,#3071,.T.);
#3988=ORIENTED_EDGE('',*,*,#3072,.T.);
#3989=ORIENTED_EDGE('',*,*,#3068,.F.);
#3990=ORIENTED_EDGE('',*,*,#3073,.F.);
#3991=ORIENTED_EDGE('',*,*,#3074,.T.);
#3992=ORIENTED_EDGE('',*,*,#3075,.T.);
#3993=ORIENTED_EDGE('',*,*,#3071,.F.);
#3994=ORIENTED_EDGE('',*,*,#3076,.F.);
#3995=ORIENTED_EDGE('',*,*,#3077,.T.);
#3996=ORIENTED_EDGE('',*,*,#3078,.T.);
#3997=ORIENTED_EDGE('',*,*,#3074,.F.);
#3998=ORIENTED_EDGE('',*,*,#3079,.F.);
#3999=ORIENTED_EDGE('',*,*,#3080,.T.);
#4000=ORIENTED_EDGE('',*,*,#3081,.T.);
#4001=ORIENTED_EDGE('',*,*,#3077,.F.);
#4002=ORIENTED_EDGE('',*,*,#3082,.F.);
#4003=ORIENTED_EDGE('',*,*,#3083,.T.);
#4004=ORIENTED_EDGE('',*,*,#3084,.T.);
#4005=ORIENTED_EDGE('',*,*,#3080,.F.);
#4006=ORIENTED_EDGE('',*,*,#3085,.F.);
#4007=ORIENTED_EDGE('',*,*,#3086,.T.);
#4008=ORIENTED_EDGE('',*,*,#3087,.T.);
#4009=ORIENTED_EDGE('',*,*,#3083,.F.);
#4010=ORIENTED_EDGE('',*,*,#3088,.F.);
#4011=ORIENTED_EDGE('',*,*,#3045,.T.);
#4012=ORIENTED_EDGE('',*,*,#3089,.T.);
#4013=ORIENTED_EDGE('',*,*,#3086,.F.);
#4014=ORIENTED_EDGE('',*,*,#3041,.F.);
#4015=ORIENTED_EDGE('',*,*,#2924,.F.);
#4016=ORIENTED_EDGE('',*,*,#2921,.F.);
#4017=ORIENTED_EDGE('',*,*,#2918,.F.);
#4018=ORIENTED_EDGE('',*,*,#2915,.F.);
#4019=ORIENTED_EDGE('',*,*,#2912,.F.);
#4020=ORIENTED_EDGE('',*,*,#2946,.F.);
#4021=ORIENTED_EDGE('',*,*,#2943,.F.);
#4022=ORIENTED_EDGE('',*,*,#2940,.F.);
#4023=ORIENTED_EDGE('',*,*,#2937,.F.);
#4024=ORIENTED_EDGE('',*,*,#2934,.F.);
#4025=ORIENTED_EDGE('',*,*,#2931,.F.);
#4026=ORIENTED_EDGE('',*,*,#2928,.F.);
#4027=ORIENTED_EDGE('',*,*,#2949,.F.);
#4028=ORIENTED_EDGE('',*,*,#3006,.F.);
#4029=ORIENTED_EDGE('',*,*,#3003,.F.);
#4030=ORIENTED_EDGE('',*,*,#3000,.F.);
#4031=ORIENTED_EDGE('',*,*,#2997,.F.);
#4032=ORIENTED_EDGE('',*,*,#2994,.F.);
#4033=ORIENTED_EDGE('',*,*,#2991,.F.);
#4034=ORIENTED_EDGE('',*,*,#2988,.F.);
#4035=ORIENTED_EDGE('',*,*,#2985,.F.);
#4036=ORIENTED_EDGE('',*,*,#2982,.F.);
#4037=ORIENTED_EDGE('',*,*,#2979,.F.);
#4038=ORIENTED_EDGE('',*,*,#2976,.F.);
#4039=ORIENTED_EDGE('',*,*,#2973,.F.);
#4040=ORIENTED_EDGE('',*,*,#2970,.F.);
#4041=ORIENTED_EDGE('',*,*,#2967,.F.);
#4042=ORIENTED_EDGE('',*,*,#2964,.F.);
#4043=ORIENTED_EDGE('',*,*,#2961,.F.);
#4044=ORIENTED_EDGE('',*,*,#2958,.F.);
#4045=ORIENTED_EDGE('',*,*,#2955,.F.);
#4046=ORIENTED_EDGE('',*,*,#2952,.F.);
#4047=ORIENTED_EDGE('',*,*,#3009,.F.);
#4048=ORIENTED_EDGE('',*,*,#3018,.F.);
#4049=ORIENTED_EDGE('',*,*,#3015,.F.);
#4050=ORIENTED_EDGE('',*,*,#3012,.F.);
#4051=ORIENTED_EDGE('',*,*,#3021,.F.);
#4052=ORIENTED_EDGE('',*,*,#3024,.F.);
#4053=ORIENTED_EDGE('',*,*,#3027,.F.);
#4054=ORIENTED_EDGE('',*,*,#3039,.F.);
#4055=ORIENTED_EDGE('',*,*,#3036,.F.);
#4056=ORIENTED_EDGE('',*,*,#3033,.F.);
#4057=ORIENTED_EDGE('',*,*,#3030,.F.);
#4058=ORIENTED_EDGE('',*,*,#3089,.F.);
#4059=ORIENTED_EDGE('',*,*,#3044,.F.);
#4060=ORIENTED_EDGE('',*,*,#3048,.F.);
#4061=ORIENTED_EDGE('',*,*,#3051,.F.);
#4062=ORIENTED_EDGE('',*,*,#3054,.F.);
#4063=ORIENTED_EDGE('',*,*,#3057,.F.);
#4064=ORIENTED_EDGE('',*,*,#3060,.F.);
#4065=ORIENTED_EDGE('',*,*,#3063,.F.);
#4066=ORIENTED_EDGE('',*,*,#3066,.F.);
#4067=ORIENTED_EDGE('',*,*,#3069,.F.);
#4068=ORIENTED_EDGE('',*,*,#3072,.F.);
#4069=ORIENTED_EDGE('',*,*,#3075,.F.);
#4070=ORIENTED_EDGE('',*,*,#3078,.F.);
#4071=ORIENTED_EDGE('',*,*,#3081,.F.);
#4072=ORIENTED_EDGE('',*,*,#3084,.F.);
#4073=ORIENTED_EDGE('',*,*,#3087,.F.);
#4074=ORIENTED_EDGE('',*,*,#3090,.F.);
#4075=ORIENTED_EDGE('',*,*,#3091,.T.);
#4076=ORIENTED_EDGE('',*,*,#3092,.T.);
#4077=ORIENTED_EDGE('',*,*,#3093,.F.);
#4078=ORIENTED_EDGE('',*,*,#3094,.F.);
#4079=ORIENTED_EDGE('',*,*,#3095,.T.);
#4080=ORIENTED_EDGE('',*,*,#3096,.T.);
#4081=ORIENTED_EDGE('',*,*,#3091,.F.);
#4082=ORIENTED_EDGE('',*,*,#3097,.F.);
#4083=ORIENTED_EDGE('',*,*,#3098,.T.);
#4084=ORIENTED_EDGE('',*,*,#3099,.T.);
#4085=ORIENTED_EDGE('',*,*,#3095,.F.);
#4086=ORIENTED_EDGE('',*,*,#3100,.F.);
#4087=ORIENTED_EDGE('',*,*,#3093,.T.);
#4088=ORIENTED_EDGE('',*,*,#3101,.T.);
#4089=ORIENTED_EDGE('',*,*,#3098,.F.);
#4090=ORIENTED_EDGE('',*,*,#3101,.F.);
#4091=ORIENTED_EDGE('',*,*,#3092,.F.);
#4092=ORIENTED_EDGE('',*,*,#3096,.F.);
#4093=ORIENTED_EDGE('',*,*,#3099,.F.);
#4094=ORIENTED_EDGE('',*,*,#3102,.F.);
#4095=ORIENTED_EDGE('',*,*,#3103,.T.);
#4096=ORIENTED_EDGE('',*,*,#3104,.T.);
#4097=ORIENTED_EDGE('',*,*,#3105,.F.);
#4098=ORIENTED_EDGE('',*,*,#3106,.F.);
#4099=ORIENTED_EDGE('',*,*,#3107,.T.);
#4100=ORIENTED_EDGE('',*,*,#3108,.T.);
#4101=ORIENTED_EDGE('',*,*,#3103,.F.);
#4102=ORIENTED_EDGE('',*,*,#3109,.F.);
#4103=ORIENTED_EDGE('',*,*,#3110,.T.);
#4104=ORIENTED_EDGE('',*,*,#3111,.T.);
#4105=ORIENTED_EDGE('',*,*,#3107,.F.);
#4106=ORIENTED_EDGE('',*,*,#3112,.F.);
#4107=ORIENTED_EDGE('',*,*,#3105,.T.);
#4108=ORIENTED_EDGE('',*,*,#3113,.T.);
#4109=ORIENTED_EDGE('',*,*,#3110,.F.);
#4110=ORIENTED_EDGE('',*,*,#3113,.F.);
#4111=ORIENTED_EDGE('',*,*,#3104,.F.);
#4112=ORIENTED_EDGE('',*,*,#3108,.F.);
#4113=ORIENTED_EDGE('',*,*,#3111,.F.);
#4114=ORIENTED_EDGE('',*,*,#3114,.F.);
#4115=ORIENTED_EDGE('',*,*,#3115,.T.);
#4116=ORIENTED_EDGE('',*,*,#3116,.T.);
#4117=ORIENTED_EDGE('',*,*,#3117,.F.);
#4118=ORIENTED_EDGE('',*,*,#3118,.F.);
#4119=ORIENTED_EDGE('',*,*,#3119,.T.);
#4120=ORIENTED_EDGE('',*,*,#3120,.T.);
#4121=ORIENTED_EDGE('',*,*,#3115,.F.);
#4122=ORIENTED_EDGE('',*,*,#3121,.F.);
#4123=ORIENTED_EDGE('',*,*,#3122,.T.);
#4124=ORIENTED_EDGE('',*,*,#3123,.T.);
#4125=ORIENTED_EDGE('',*,*,#3119,.F.);
#4126=ORIENTED_EDGE('',*,*,#3124,.F.);
#4127=ORIENTED_EDGE('',*,*,#3117,.T.);
#4128=ORIENTED_EDGE('',*,*,#3125,.T.);
#4129=ORIENTED_EDGE('',*,*,#3122,.F.);
#4130=ORIENTED_EDGE('',*,*,#3125,.F.);
#4131=ORIENTED_EDGE('',*,*,#3116,.F.);
#4132=ORIENTED_EDGE('',*,*,#3120,.F.);
#4133=ORIENTED_EDGE('',*,*,#3123,.F.);
#4134=ORIENTED_EDGE('',*,*,#3126,.F.);
#4135=ORIENTED_EDGE('',*,*,#3127,.T.);
#4136=ORIENTED_EDGE('',*,*,#3128,.T.);
#4137=ORIENTED_EDGE('',*,*,#3129,.F.);
#4138=ORIENTED_EDGE('',*,*,#3130,.F.);
#4139=ORIENTED_EDGE('',*,*,#3131,.T.);
#4140=ORIENTED_EDGE('',*,*,#3132,.T.);
#4141=ORIENTED_EDGE('',*,*,#3127,.F.);
#4142=ORIENTED_EDGE('',*,*,#3133,.F.);
#4143=ORIENTED_EDGE('',*,*,#3134,.T.);
#4144=ORIENTED_EDGE('',*,*,#3135,.T.);
#4145=ORIENTED_EDGE('',*,*,#3131,.F.);
#4146=ORIENTED_EDGE('',*,*,#3136,.F.);
#4147=ORIENTED_EDGE('',*,*,#3129,.T.);
#4148=ORIENTED_EDGE('',*,*,#3137,.T.);
#4149=ORIENTED_EDGE('',*,*,#3134,.F.);
#4150=ORIENTED_EDGE('',*,*,#3137,.F.);
#4151=ORIENTED_EDGE('',*,*,#3128,.F.);
#4152=ORIENTED_EDGE('',*,*,#3132,.F.);
#4153=ORIENTED_EDGE('',*,*,#3135,.F.);
#4154=ORIENTED_EDGE('',*,*,#3138,.F.);
#4155=ORIENTED_EDGE('',*,*,#3139,.T.);
#4156=ORIENTED_EDGE('',*,*,#3140,.T.);
#4157=ORIENTED_EDGE('',*,*,#3141,.F.);
#4158=ORIENTED_EDGE('',*,*,#3142,.F.);
#4159=ORIENTED_EDGE('',*,*,#3143,.T.);
#4160=ORIENTED_EDGE('',*,*,#3144,.T.);
#4161=ORIENTED_EDGE('',*,*,#3139,.F.);
#4162=ORIENTED_EDGE('',*,*,#3145,.F.);
#4163=ORIENTED_EDGE('',*,*,#3146,.T.);
#4164=ORIENTED_EDGE('',*,*,#3147,.T.);
#4165=ORIENTED_EDGE('',*,*,#3143,.F.);
#4166=ORIENTED_EDGE('',*,*,#3148,.F.);
#4167=ORIENTED_EDGE('',*,*,#3149,.T.);
#4168=ORIENTED_EDGE('',*,*,#3150,.T.);
#4169=ORIENTED_EDGE('',*,*,#3146,.F.);
#4170=ORIENTED_EDGE('',*,*,#3151,.F.);
#4171=ORIENTED_EDGE('',*,*,#3141,.T.);
#4172=ORIENTED_EDGE('',*,*,#3152,.T.);
#4173=ORIENTED_EDGE('',*,*,#3149,.F.);
#4174=ORIENTED_EDGE('',*,*,#3152,.F.);
#4175=ORIENTED_EDGE('',*,*,#3140,.F.);
#4176=ORIENTED_EDGE('',*,*,#3144,.F.);
#4177=ORIENTED_EDGE('',*,*,#3147,.F.);
#4178=ORIENTED_EDGE('',*,*,#3150,.F.);
#4179=ORIENTED_EDGE('',*,*,#3153,.F.);
#4180=ORIENTED_EDGE('',*,*,#3154,.T.);
#4181=ORIENTED_EDGE('',*,*,#3155,.T.);
#4182=ORIENTED_EDGE('',*,*,#3156,.F.);
#4183=ORIENTED_EDGE('',*,*,#3157,.F.);
#4184=ORIENTED_EDGE('',*,*,#3158,.T.);
#4185=ORIENTED_EDGE('',*,*,#3159,.T.);
#4186=ORIENTED_EDGE('',*,*,#3154,.F.);
#4187=ORIENTED_EDGE('',*,*,#3160,.F.);
#4188=ORIENTED_EDGE('',*,*,#3161,.T.);
#4189=ORIENTED_EDGE('',*,*,#3162,.T.);
#4190=ORIENTED_EDGE('',*,*,#3158,.F.);
#4191=ORIENTED_EDGE('',*,*,#3163,.F.);
#4192=ORIENTED_EDGE('',*,*,#3164,.T.);
#4193=ORIENTED_EDGE('',*,*,#3165,.T.);
#4194=ORIENTED_EDGE('',*,*,#3161,.F.);
#4195=ORIENTED_EDGE('',*,*,#3166,.F.);
#4196=ORIENTED_EDGE('',*,*,#3167,.T.);
#4197=ORIENTED_EDGE('',*,*,#3168,.T.);
#4198=ORIENTED_EDGE('',*,*,#3164,.F.);
#4199=ORIENTED_EDGE('',*,*,#3169,.F.);
#4200=ORIENTED_EDGE('',*,*,#3170,.T.);
#4201=ORIENTED_EDGE('',*,*,#3171,.T.);
#4202=ORIENTED_EDGE('',*,*,#3167,.F.);
#4203=ORIENTED_EDGE('',*,*,#3172,.F.);
#4204=ORIENTED_EDGE('',*,*,#3173,.T.);
#4205=ORIENTED_EDGE('',*,*,#3174,.T.);
#4206=ORIENTED_EDGE('',*,*,#3170,.F.);
#4207=ORIENTED_EDGE('',*,*,#3175,.F.);
#4208=ORIENTED_EDGE('',*,*,#3176,.T.);
#4209=ORIENTED_EDGE('',*,*,#3177,.T.);
#4210=ORIENTED_EDGE('',*,*,#3173,.F.);
#4211=ORIENTED_EDGE('',*,*,#3178,.F.);
#4212=ORIENTED_EDGE('',*,*,#3179,.T.);
#4213=ORIENTED_EDGE('',*,*,#3180,.T.);
#4214=ORIENTED_EDGE('',*,*,#3176,.F.);
#4215=ORIENTED_EDGE('',*,*,#3181,.F.);
#4216=ORIENTED_EDGE('',*,*,#3156,.T.);
#4217=ORIENTED_EDGE('',*,*,#3182,.T.);
#4218=ORIENTED_EDGE('',*,*,#3179,.F.);
#4219=ORIENTED_EDGE('',*,*,#3182,.F.);
#4220=ORIENTED_EDGE('',*,*,#3155,.F.);
#4221=ORIENTED_EDGE('',*,*,#3159,.F.);
#4222=ORIENTED_EDGE('',*,*,#3162,.F.);
#4223=ORIENTED_EDGE('',*,*,#3165,.F.);
#4224=ORIENTED_EDGE('',*,*,#3168,.F.);
#4225=ORIENTED_EDGE('',*,*,#3171,.F.);
#4226=ORIENTED_EDGE('',*,*,#3174,.F.);
#4227=ORIENTED_EDGE('',*,*,#3177,.F.);
#4228=ORIENTED_EDGE('',*,*,#3180,.F.);
#4229=ORIENTED_EDGE('',*,*,#3183,.F.);
#4230=ORIENTED_EDGE('',*,*,#3184,.T.);
#4231=ORIENTED_EDGE('',*,*,#3185,.T.);
#4232=ORIENTED_EDGE('',*,*,#3186,.F.);
#4233=ORIENTED_EDGE('',*,*,#3187,.F.);
#4234=ORIENTED_EDGE('',*,*,#3188,.T.);
#4235=ORIENTED_EDGE('',*,*,#3189,.T.);
#4236=ORIENTED_EDGE('',*,*,#3184,.F.);
#4237=ORIENTED_EDGE('',*,*,#3190,.F.);
#4238=ORIENTED_EDGE('',*,*,#3191,.T.);
#4239=ORIENTED_EDGE('',*,*,#3192,.T.);
#4240=ORIENTED_EDGE('',*,*,#3188,.F.);
#4241=ORIENTED_EDGE('',*,*,#3193,.F.);
#4242=ORIENTED_EDGE('',*,*,#3194,.T.);
#4243=ORIENTED_EDGE('',*,*,#3195,.T.);
#4244=ORIENTED_EDGE('',*,*,#3191,.F.);
#4245=ORIENTED_EDGE('',*,*,#3196,.F.);
#4246=ORIENTED_EDGE('',*,*,#3197,.T.);
#4247=ORIENTED_EDGE('',*,*,#3198,.T.);
#4248=ORIENTED_EDGE('',*,*,#3194,.F.);
#4249=ORIENTED_EDGE('',*,*,#3199,.F.);
#4250=ORIENTED_EDGE('',*,*,#3200,.T.);
#4251=ORIENTED_EDGE('',*,*,#3201,.T.);
#4252=ORIENTED_EDGE('',*,*,#3197,.F.);
#4253=ORIENTED_EDGE('',*,*,#3202,.F.);
#4254=ORIENTED_EDGE('',*,*,#3203,.T.);
#4255=ORIENTED_EDGE('',*,*,#3204,.T.);
#4256=ORIENTED_EDGE('',*,*,#3200,.F.);
#4257=ORIENTED_EDGE('',*,*,#3205,.F.);
#4258=ORIENTED_EDGE('',*,*,#3206,.T.);
#4259=ORIENTED_EDGE('',*,*,#3207,.T.);
#4260=ORIENTED_EDGE('',*,*,#3203,.F.);
#4261=ORIENTED_EDGE('',*,*,#3208,.F.);
#4262=ORIENTED_EDGE('',*,*,#3209,.T.);
#4263=ORIENTED_EDGE('',*,*,#3210,.T.);
#4264=ORIENTED_EDGE('',*,*,#3206,.F.);
#4265=ORIENTED_EDGE('',*,*,#3211,.F.);
#4266=ORIENTED_EDGE('',*,*,#3212,.T.);
#4267=ORIENTED_EDGE('',*,*,#3213,.T.);
#4268=ORIENTED_EDGE('',*,*,#3209,.F.);
#4269=ORIENTED_EDGE('',*,*,#3214,.F.);
#4270=ORIENTED_EDGE('',*,*,#3215,.T.);
#4271=ORIENTED_EDGE('',*,*,#3216,.T.);
#4272=ORIENTED_EDGE('',*,*,#3212,.F.);
#4273=ORIENTED_EDGE('',*,*,#3217,.F.);
#4274=ORIENTED_EDGE('',*,*,#3218,.T.);
#4275=ORIENTED_EDGE('',*,*,#3219,.T.);
#4276=ORIENTED_EDGE('',*,*,#3215,.F.);
#4277=ORIENTED_EDGE('',*,*,#3220,.F.);
#4278=ORIENTED_EDGE('',*,*,#3221,.T.);
#4279=ORIENTED_EDGE('',*,*,#3222,.T.);
#4280=ORIENTED_EDGE('',*,*,#3218,.F.);
#4281=ORIENTED_EDGE('',*,*,#3223,.F.);
#4282=ORIENTED_EDGE('',*,*,#3224,.T.);
#4283=ORIENTED_EDGE('',*,*,#3225,.T.);
#4284=ORIENTED_EDGE('',*,*,#3221,.F.);
#4285=ORIENTED_EDGE('',*,*,#3226,.F.);
#4286=ORIENTED_EDGE('',*,*,#3227,.T.);
#4287=ORIENTED_EDGE('',*,*,#3228,.T.);
#4288=ORIENTED_EDGE('',*,*,#3224,.F.);
#4289=ORIENTED_EDGE('',*,*,#3229,.F.);
#4290=ORIENTED_EDGE('',*,*,#3230,.T.);
#4291=ORIENTED_EDGE('',*,*,#3231,.T.);
#4292=ORIENTED_EDGE('',*,*,#3227,.F.);
#4293=ORIENTED_EDGE('',*,*,#3232,.F.);
#4294=ORIENTED_EDGE('',*,*,#3233,.T.);
#4295=ORIENTED_EDGE('',*,*,#3234,.T.);
#4296=ORIENTED_EDGE('',*,*,#3230,.F.);
#4297=ORIENTED_EDGE('',*,*,#3235,.F.);
#4298=ORIENTED_EDGE('',*,*,#3186,.T.);
#4299=ORIENTED_EDGE('',*,*,#3236,.T.);
#4300=ORIENTED_EDGE('',*,*,#3233,.F.);
#4301=ORIENTED_EDGE('',*,*,#3236,.F.);
#4302=ORIENTED_EDGE('',*,*,#3185,.F.);
#4303=ORIENTED_EDGE('',*,*,#3189,.F.);
#4304=ORIENTED_EDGE('',*,*,#3192,.F.);
#4305=ORIENTED_EDGE('',*,*,#3195,.F.);
#4306=ORIENTED_EDGE('',*,*,#3198,.F.);
#4307=ORIENTED_EDGE('',*,*,#3201,.F.);
#4308=ORIENTED_EDGE('',*,*,#3204,.F.);
#4309=ORIENTED_EDGE('',*,*,#3207,.F.);
#4310=ORIENTED_EDGE('',*,*,#3210,.F.);
#4311=ORIENTED_EDGE('',*,*,#3213,.F.);
#4312=ORIENTED_EDGE('',*,*,#3216,.F.);
#4313=ORIENTED_EDGE('',*,*,#3219,.F.);
#4314=ORIENTED_EDGE('',*,*,#3222,.F.);
#4315=ORIENTED_EDGE('',*,*,#3225,.F.);
#4316=ORIENTED_EDGE('',*,*,#3228,.F.);
#4317=ORIENTED_EDGE('',*,*,#3231,.F.);
#4318=ORIENTED_EDGE('',*,*,#3234,.F.);
#4319=ORIENTED_EDGE('',*,*,#3237,.T.);
#4320=ORIENTED_EDGE('',*,*,#3238,.T.);
#4321=ORIENTED_EDGE('',*,*,#3239,.T.);
#4322=ORIENTED_EDGE('',*,*,#3240,.T.);
#4323=ORIENTED_EDGE('',*,*,#3241,.T.);
#4324=ORIENTED_EDGE('',*,*,#3242,.T.);
#4325=ORIENTED_EDGE('',*,*,#3243,.T.);
#4326=ORIENTED_EDGE('',*,*,#3244,.T.);
#4327=ORIENTED_EDGE('',*,*,#3138,.T.);
#4328=ORIENTED_EDGE('',*,*,#3151,.T.);
#4329=ORIENTED_EDGE('',*,*,#3148,.T.);
#4330=ORIENTED_EDGE('',*,*,#3145,.T.);
#4331=ORIENTED_EDGE('',*,*,#3142,.T.);
#4332=ORIENTED_EDGE('',*,*,#3126,.T.);
#4333=ORIENTED_EDGE('',*,*,#3136,.T.);
#4334=ORIENTED_EDGE('',*,*,#3133,.T.);
#4335=ORIENTED_EDGE('',*,*,#3130,.T.);
#4336=ORIENTED_EDGE('',*,*,#3114,.T.);
#4337=ORIENTED_EDGE('',*,*,#3124,.T.);
#4338=ORIENTED_EDGE('',*,*,#3121,.T.);
#4339=ORIENTED_EDGE('',*,*,#3118,.T.);
#4340=ORIENTED_EDGE('',*,*,#3102,.T.);
#4341=ORIENTED_EDGE('',*,*,#3112,.T.);
#4342=ORIENTED_EDGE('',*,*,#3109,.T.);
#4343=ORIENTED_EDGE('',*,*,#3106,.T.);
#4344=ORIENTED_EDGE('',*,*,#3090,.T.);
#4345=ORIENTED_EDGE('',*,*,#3100,.T.);
#4346=ORIENTED_EDGE('',*,*,#3097,.T.);
#4347=ORIENTED_EDGE('',*,*,#3094,.T.);
#4348=ORIENTED_EDGE('',*,*,#3042,.T.);
#4349=ORIENTED_EDGE('',*,*,#3088,.T.);
#4350=ORIENTED_EDGE('',*,*,#3085,.T.);
#4351=ORIENTED_EDGE('',*,*,#3082,.T.);
#4352=ORIENTED_EDGE('',*,*,#3079,.T.);
#4353=ORIENTED_EDGE('',*,*,#3076,.T.);
#4354=ORIENTED_EDGE('',*,*,#3073,.T.);
#4355=ORIENTED_EDGE('',*,*,#3070,.T.);
#4356=ORIENTED_EDGE('',*,*,#3067,.T.);
#4357=ORIENTED_EDGE('',*,*,#3064,.T.);
#4358=ORIENTED_EDGE('',*,*,#3061,.T.);
#4359=ORIENTED_EDGE('',*,*,#3058,.T.);
#4360=ORIENTED_EDGE('',*,*,#3055,.T.);
#4361=ORIENTED_EDGE('',*,*,#3052,.T.);
#4362=ORIENTED_EDGE('',*,*,#3049,.T.);
#4363=ORIENTED_EDGE('',*,*,#3046,.T.);
#4364=ORIENTED_EDGE('',*,*,#3025,.T.);
#4365=ORIENTED_EDGE('',*,*,#3029,.T.);
#4366=ORIENTED_EDGE('',*,*,#3032,.T.);
#4367=ORIENTED_EDGE('',*,*,#3035,.T.);
#4368=ORIENTED_EDGE('',*,*,#3038,.T.);
#4369=ORIENTED_EDGE('',*,*,#3019,.T.);
#4370=ORIENTED_EDGE('',*,*,#3023,.T.);
#4371=ORIENTED_EDGE('',*,*,#3007,.T.);
#4372=ORIENTED_EDGE('',*,*,#3011,.T.);
#4373=ORIENTED_EDGE('',*,*,#3014,.T.);
#4374=ORIENTED_EDGE('',*,*,#3017,.T.);
#4375=ORIENTED_EDGE('',*,*,#2947,.T.);
#4376=ORIENTED_EDGE('',*,*,#2951,.T.);
#4377=ORIENTED_EDGE('',*,*,#2954,.T.);
#4378=ORIENTED_EDGE('',*,*,#2957,.T.);
#4379=ORIENTED_EDGE('',*,*,#2960,.T.);
#4380=ORIENTED_EDGE('',*,*,#2963,.T.);
#4381=ORIENTED_EDGE('',*,*,#2966,.T.);
#4382=ORIENTED_EDGE('',*,*,#2969,.T.);
#4383=ORIENTED_EDGE('',*,*,#2972,.T.);
#4384=ORIENTED_EDGE('',*,*,#2975,.T.);
#4385=ORIENTED_EDGE('',*,*,#2978,.T.);
#4386=ORIENTED_EDGE('',*,*,#2981,.T.);
#4387=ORIENTED_EDGE('',*,*,#2984,.T.);
#4388=ORIENTED_EDGE('',*,*,#2987,.T.);
#4389=ORIENTED_EDGE('',*,*,#2990,.T.);
#4390=ORIENTED_EDGE('',*,*,#2993,.T.);
#4391=ORIENTED_EDGE('',*,*,#2996,.T.);
#4392=ORIENTED_EDGE('',*,*,#2999,.T.);
#4393=ORIENTED_EDGE('',*,*,#3002,.T.);
#4394=ORIENTED_EDGE('',*,*,#3005,.T.);
#4395=ORIENTED_EDGE('',*,*,#3245,.T.);
#4396=ORIENTED_EDGE('',*,*,#3246,.T.);
#4397=ORIENTED_EDGE('',*,*,#3247,.T.);
#4398=ORIENTED_EDGE('',*,*,#3248,.T.);
#4399=ORIENTED_EDGE('',*,*,#3246,.F.);
#4400=ORIENTED_EDGE('',*,*,#3249,.F.);
#4401=ORIENTED_EDGE('',*,*,#3250,.F.);
#4402=ORIENTED_EDGE('',*,*,#3251,.F.);
#4403=ORIENTED_EDGE('',*,*,#3252,.F.);
#4404=ORIENTED_EDGE('',*,*,#3250,.T.);
#4405=ORIENTED_EDGE('',*,*,#3251,.T.);
#4406=ORIENTED_EDGE('',*,*,#3253,.F.);
#4407=ORIENTED_EDGE('',*,*,#3254,.F.);
#4408=ORIENTED_EDGE('',*,*,#3255,.F.);
#4409=ORIENTED_EDGE('',*,*,#3256,.F.);
#4410=ORIENTED_EDGE('',*,*,#3254,.T.);
#4411=ORIENTED_EDGE('',*,*,#3255,.T.);
#4412=ORIENTED_EDGE('',*,*,#3248,.F.);
#4413=ORIENTED_EDGE('',*,*,#3245,.F.);
#4414=ORIENTED_EDGE('',*,*,#3257,.F.);
#4415=ORIENTED_EDGE('',*,*,#3258,.F.);
#4416=ORIENTED_EDGE('',*,*,#3259,.F.);
#4417=ORIENTED_EDGE('',*,*,#3257,.T.);
#4418=ORIENTED_EDGE('',*,*,#3258,.T.);
#4419=ORIENTED_EDGE('',*,*,#3260,.F.);
#4420=ORIENTED_EDGE('',*,*,#3261,.F.);
#4421=ORIENTED_EDGE('',*,*,#3262,.F.);
#4422=ORIENTED_EDGE('',*,*,#3263,.F.);
#4423=ORIENTED_EDGE('',*,*,#3261,.T.);
#4424=ORIENTED_EDGE('',*,*,#3262,.T.);
#4425=ORIENTED_EDGE('',*,*,#3264,.F.);
#4426=ORIENTED_EDGE('',*,*,#3265,.F.);
#4427=ORIENTED_EDGE('',*,*,#3266,.F.);
#4428=ORIENTED_EDGE('',*,*,#3267,.F.);
#4429=ORIENTED_EDGE('',*,*,#3265,.T.);
#4430=ORIENTED_EDGE('',*,*,#3266,.T.);
#4431=ORIENTED_EDGE('',*,*,#3268,.F.);
#4432=ORIENTED_EDGE('',*,*,#3269,.F.);
#4433=ORIENTED_EDGE('',*,*,#3270,.F.);
#4434=ORIENTED_EDGE('',*,*,#3271,.T.);
#4435=ORIENTED_EDGE('',*,*,#3267,.T.);
#4436=ORIENTED_EDGE('',*,*,#3263,.T.);
#4437=ORIENTED_EDGE('',*,*,#3259,.T.);
#4438=ORIENTED_EDGE('',*,*,#3256,.T.);
#4439=ORIENTED_EDGE('',*,*,#3252,.T.);
#4440=ORIENTED_EDGE('',*,*,#3272,.F.);
#4441=ORIENTED_EDGE('',*,*,#3273,.T.);
#4442=ORIENTED_EDGE('',*,*,#3244,.F.);
#4443=ORIENTED_EDGE('',*,*,#3274,.F.);
#4444=ORIENTED_EDGE('',*,*,#3275,.F.);
#4445=ORIENTED_EDGE('',*,*,#3274,.T.);
#4446=ORIENTED_EDGE('',*,*,#3243,.F.);
#4447=ORIENTED_EDGE('',*,*,#3276,.F.);
#4448=ORIENTED_EDGE('',*,*,#3277,.F.);
#4449=ORIENTED_EDGE('',*,*,#3276,.T.);
#4450=ORIENTED_EDGE('',*,*,#3242,.F.);
#4451=ORIENTED_EDGE('',*,*,#3278,.F.);
#4452=ORIENTED_EDGE('',*,*,#3279,.F.);
#4453=ORIENTED_EDGE('',*,*,#3278,.T.);
#4454=ORIENTED_EDGE('',*,*,#3241,.F.);
#4455=ORIENTED_EDGE('',*,*,#3280,.F.);
#4456=ORIENTED_EDGE('',*,*,#3281,.F.);
#4457=ORIENTED_EDGE('',*,*,#3280,.T.);
#4458=ORIENTED_EDGE('',*,*,#3240,.F.);
#4459=ORIENTED_EDGE('',*,*,#3282,.F.);
#4460=ORIENTED_EDGE('',*,*,#3283,.F.);
#4461=ORIENTED_EDGE('',*,*,#3282,.T.);
#4462=ORIENTED_EDGE('',*,*,#3239,.F.);
#4463=ORIENTED_EDGE('',*,*,#3284,.F.);
#4464=ORIENTED_EDGE('',*,*,#3285,.F.);
#4465=ORIENTED_EDGE('',*,*,#3284,.T.);
#4466=ORIENTED_EDGE('',*,*,#3238,.F.);
#4467=ORIENTED_EDGE('',*,*,#3286,.F.);
#4468=ORIENTED_EDGE('',*,*,#3287,.F.);
#4469=ORIENTED_EDGE('',*,*,#3286,.T.);
#4470=ORIENTED_EDGE('',*,*,#3237,.F.);
#4471=ORIENTED_EDGE('',*,*,#3273,.F.);
#4472=ORIENTED_EDGE('',*,*,#2880,.T.);
#4473=ORIENTED_EDGE('',*,*,#2908,.T.);
#4474=ORIENTED_EDGE('',*,*,#2905,.T.);
#4475=ORIENTED_EDGE('',*,*,#2902,.T.);
#4476=ORIENTED_EDGE('',*,*,#2899,.T.);
#4477=ORIENTED_EDGE('',*,*,#2896,.T.);
#4478=ORIENTED_EDGE('',*,*,#2893,.T.);
#4479=ORIENTED_EDGE('',*,*,#2890,.T.);
#4480=ORIENTED_EDGE('',*,*,#2887,.T.);
#4481=ORIENTED_EDGE('',*,*,#2884,.T.);
#4482=ORIENTED_EDGE('',*,*,#2926,.T.);
#4483=ORIENTED_EDGE('',*,*,#2930,.T.);
#4484=ORIENTED_EDGE('',*,*,#2933,.T.);
#4485=ORIENTED_EDGE('',*,*,#2936,.T.);
#4486=ORIENTED_EDGE('',*,*,#2939,.T.);
#4487=ORIENTED_EDGE('',*,*,#2942,.T.);
#4488=ORIENTED_EDGE('',*,*,#2945,.T.);
#4489=ORIENTED_EDGE('',*,*,#2910,.T.);
#4490=ORIENTED_EDGE('',*,*,#2914,.T.);
#4491=ORIENTED_EDGE('',*,*,#2917,.T.);
#4492=ORIENTED_EDGE('',*,*,#2920,.T.);
#4493=ORIENTED_EDGE('',*,*,#2923,.T.);
#4494=ORIENTED_EDGE('',*,*,#3040,.T.);
#4495=ORIENTED_EDGE('',*,*,#3153,.T.);
#4496=ORIENTED_EDGE('',*,*,#3181,.T.);
#4497=ORIENTED_EDGE('',*,*,#3178,.T.);
#4498=ORIENTED_EDGE('',*,*,#3175,.T.);
#4499=ORIENTED_EDGE('',*,*,#3172,.T.);
#4500=ORIENTED_EDGE('',*,*,#3169,.T.);
#4501=ORIENTED_EDGE('',*,*,#3166,.T.);
#4502=ORIENTED_EDGE('',*,*,#3163,.T.);
#4503=ORIENTED_EDGE('',*,*,#3160,.T.);
#4504=ORIENTED_EDGE('',*,*,#3157,.T.);
#4505=ORIENTED_EDGE('',*,*,#3183,.T.);
#4506=ORIENTED_EDGE('',*,*,#3235,.T.);
#4507=ORIENTED_EDGE('',*,*,#3232,.T.);
#4508=ORIENTED_EDGE('',*,*,#3229,.T.);
#4509=ORIENTED_EDGE('',*,*,#3226,.T.);
#4510=ORIENTED_EDGE('',*,*,#3223,.T.);
#4511=ORIENTED_EDGE('',*,*,#3220,.T.);
#4512=ORIENTED_EDGE('',*,*,#3217,.T.);
#4513=ORIENTED_EDGE('',*,*,#3214,.T.);
#4514=ORIENTED_EDGE('',*,*,#3211,.T.);
#4515=ORIENTED_EDGE('',*,*,#3208,.T.);
#4516=ORIENTED_EDGE('',*,*,#3205,.T.);
#4517=ORIENTED_EDGE('',*,*,#3202,.T.);
#4518=ORIENTED_EDGE('',*,*,#3199,.T.);
#4519=ORIENTED_EDGE('',*,*,#3196,.T.);
#4520=ORIENTED_EDGE('',*,*,#3193,.T.);
#4521=ORIENTED_EDGE('',*,*,#3190,.T.);
#4522=ORIENTED_EDGE('',*,*,#3187,.T.);
#4523=ORIENTED_EDGE('',*,*,#3288,.F.);
#4524=ORIENTED_EDGE('',*,*,#3289,.T.);
#4525=ORIENTED_EDGE('',*,*,#3290,.T.);
#4526=ORIENTED_EDGE('',*,*,#2807,.T.);
#4527=ORIENTED_EDGE('',*,*,#3291,.T.);
#4528=ORIENTED_EDGE('',*,*,#3292,.F.);
#4529=ORIENTED_EDGE('',*,*,#3293,.T.);
#4530=ORIENTED_EDGE('',*,*,#3294,.T.);
#4531=ORIENTED_EDGE('',*,*,#3295,.T.);
#4532=ORIENTED_EDGE('',*,*,#3296,.F.);
#4533=ORIENTED_EDGE('',*,*,#3289,.F.);
#4534=ORIENTED_EDGE('',*,*,#3297,.T.);
#4535=ORIENTED_EDGE('',*,*,#3298,.F.);
#4536=ORIENTED_EDGE('',*,*,#3299,.T.);
#4537=ORIENTED_EDGE('',*,*,#3300,.T.);
#4538=ORIENTED_EDGE('',*,*,#3301,.T.);
#4539=ORIENTED_EDGE('',*,*,#3302,.T.);
#4540=ORIENTED_EDGE('',*,*,#3303,.T.);
#4541=ORIENTED_EDGE('',*,*,#2770,.T.);
#4542=ORIENTED_EDGE('',*,*,#2778,.T.);
#4543=ORIENTED_EDGE('',*,*,#2780,.T.);
#4544=ORIENTED_EDGE('',*,*,#3301,.F.);
#4545=ORIENTED_EDGE('',*,*,#3304,.T.);
#4546=ORIENTED_EDGE('',*,*,#3305,.F.);
#4547=ORIENTED_EDGE('',*,*,#3306,.F.);
#4548=ORIENTED_EDGE('',*,*,#3307,.T.);
#4549=ORIENTED_EDGE('',*,*,#3308,.T.);
#4550=ORIENTED_EDGE('',*,*,#3309,.T.);
#4551=ORIENTED_EDGE('',*,*,#3310,.T.);
#4552=ORIENTED_EDGE('',*,*,#2771,.T.);
#4553=ORIENTED_EDGE('',*,*,#2773,.T.);
#4554=ORIENTED_EDGE('',*,*,#2775,.T.);
#4555=ORIENTED_EDGE('',*,*,#3308,.F.);
#4556=ORIENTED_EDGE('',*,*,#3311,.F.);
#4557=ORIENTED_EDGE('',*,*,#3312,.F.);
#4558=ORIENTED_EDGE('',*,*,#3313,.F.);
#4559=ORIENTED_EDGE('',*,*,#3314,.T.);
#4560=ORIENTED_EDGE('',*,*,#3315,.T.);
#4561=ORIENTED_EDGE('',*,*,#3316,.F.);
#4562=ORIENTED_EDGE('',*,*,#2821,.T.);
#4563=ORIENTED_EDGE('',*,*,#3317,.T.);
#4564=ORIENTED_EDGE('',*,*,#3318,.T.);
#4565=ORIENTED_EDGE('',*,*,#3319,.T.);
#4566=ORIENTED_EDGE('',*,*,#3298,.T.);
#4567=ORIENTED_EDGE('',*,*,#3320,.T.);
#4568=ORIENTED_EDGE('',*,*,#3305,.T.);
#4569=ORIENTED_EDGE('',*,*,#3319,.F.);
#4570=ORIENTED_EDGE('',*,*,#3304,.F.);
#4571=ORIENTED_EDGE('',*,*,#3300,.F.);
#4572=ORIENTED_EDGE('',*,*,#3321,.F.);
#4573=ORIENTED_EDGE('',*,*,#3322,.F.);
#4574=ORIENTED_EDGE('',*,*,#3323,.T.);
#4575=ORIENTED_EDGE('',*,*,#3324,.T.);
#4576=ORIENTED_EDGE('',*,*,#2808,.F.);
#4577=ORIENTED_EDGE('',*,*,#3290,.F.);
#4578=ORIENTED_EDGE('',*,*,#3299,.F.);
#4579=ORIENTED_EDGE('',*,*,#3325,.T.);
#4580=ORIENTED_EDGE('',*,*,#3326,.T.);
#4581=ORIENTED_EDGE('',*,*,#3327,.T.);
#4582=ORIENTED_EDGE('',*,*,#3328,.T.);
#4583=ORIENTED_EDGE('',*,*,#3318,.F.);
#4584=ORIENTED_EDGE('',*,*,#3329,.T.);
#4585=ORIENTED_EDGE('',*,*,#3326,.F.);
#4586=ORIENTED_EDGE('',*,*,#3330,.T.);
#4587=ORIENTED_EDGE('',*,*,#3325,.F.);
#4588=ORIENTED_EDGE('',*,*,#3331,.F.);
#4589=ORIENTED_EDGE('',*,*,#3332,.F.);
#4590=ORIENTED_EDGE('',*,*,#3333,.F.);
#4591=ORIENTED_EDGE('',*,*,#3295,.F.);
#4592=ORIENTED_EDGE('',*,*,#3334,.T.);
#4593=ORIENTED_EDGE('',*,*,#3314,.F.);
#4594=ORIENTED_EDGE('',*,*,#3330,.F.);
#4595=ORIENTED_EDGE('',*,*,#3335,.F.);
#4596=ORIENTED_EDGE('',*,*,#3309,.F.);
#4597=ORIENTED_EDGE('',*,*,#3313,.T.);
#4598=ORIENTED_EDGE('',*,*,#3336,.F.);
#4599=ORIENTED_EDGE('',*,*,#3337,.F.);
#4600=ORIENTED_EDGE('',*,*,#3338,.F.);
#4601=ORIENTED_EDGE('',*,*,#3339,.F.);
#4602=ORIENTED_EDGE('',*,*,#3336,.T.);
#4603=ORIENTED_EDGE('',*,*,#3312,.T.);
#4604=ORIENTED_EDGE('',*,*,#3340,.F.);
#4605=ORIENTED_EDGE('',*,*,#3341,.F.);
#4606=ORIENTED_EDGE('',*,*,#2819,.F.);
#4607=ORIENTED_EDGE('',*,*,#3342,.F.);
#4608=ORIENTED_EDGE('',*,*,#3307,.F.);
#4609=ORIENTED_EDGE('',*,*,#3343,.F.);
#4610=ORIENTED_EDGE('',*,*,#3344,.F.);
#4611=ORIENTED_EDGE('',*,*,#3345,.F.);
#4612=ORIENTED_EDGE('',*,*,#3341,.T.);
#4613=ORIENTED_EDGE('',*,*,#2809,.F.);
#4614=ORIENTED_EDGE('',*,*,#3346,.F.);
#4615=ORIENTED_EDGE('',*,*,#3347,.F.);
#4616=ORIENTED_EDGE('',*,*,#3348,.F.);
#4617=ORIENTED_EDGE('',*,*,#3349,.F.);
#4618=ORIENTED_EDGE('',*,*,#3350,.T.);
#4619=ORIENTED_EDGE('',*,*,#3351,.F.);
#4620=ORIENTED_EDGE('',*,*,#3352,.F.);
#4621=ORIENTED_EDGE('',*,*,#3346,.T.);
#4622=ORIENTED_EDGE('',*,*,#3324,.F.);
#4623=ORIENTED_EDGE('',*,*,#3353,.T.);
#4624=ORIENTED_EDGE('',*,*,#3354,.F.);
#4625=ORIENTED_EDGE('',*,*,#3355,.F.);
#4626=ORIENTED_EDGE('',*,*,#3356,.F.);
#4627=ORIENTED_EDGE('',*,*,#3357,.F.);
#4628=ORIENTED_EDGE('',*,*,#3354,.T.);
#4629=ORIENTED_EDGE('',*,*,#3358,.T.);
#4630=ORIENTED_EDGE('',*,*,#2769,.T.);
#4631=ORIENTED_EDGE('',*,*,#2777,.T.);
#4632=ORIENTED_EDGE('',*,*,#2779,.T.);
#4633=ORIENTED_EDGE('',*,*,#3359,.F.);
#4634=ORIENTED_EDGE('',*,*,#3358,.F.);
#4635=ORIENTED_EDGE('',*,*,#3353,.F.);
#4636=ORIENTED_EDGE('',*,*,#3323,.F.);
#4637=ORIENTED_EDGE('',*,*,#3350,.F.);
#4638=ORIENTED_EDGE('',*,*,#3327,.F.);
#4639=ORIENTED_EDGE('',*,*,#3329,.F.);
#4640=ORIENTED_EDGE('',*,*,#3317,.F.);
#4641=ORIENTED_EDGE('',*,*,#2820,.F.);
#4642=ORIENTED_EDGE('',*,*,#3340,.T.);
#4643=ORIENTED_EDGE('',*,*,#3311,.T.);
#4644=ORIENTED_EDGE('',*,*,#3360,.F.);
#4645=ORIENTED_EDGE('',*,*,#3361,.F.);
#4646=ORIENTED_EDGE('',*,*,#3362,.T.);
#4647=ORIENTED_EDGE('',*,*,#2873,.T.);
#4648=ORIENTED_EDGE('',*,*,#2871,.T.);
#4649=ORIENTED_EDGE('',*,*,#2869,.T.);
#4650=ORIENTED_EDGE('',*,*,#2867,.T.);
#4651=ORIENTED_EDGE('',*,*,#2865,.T.);
#4652=ORIENTED_EDGE('',*,*,#2879,.T.);
#4653=ORIENTED_EDGE('',*,*,#2877,.T.);
#4654=ORIENTED_EDGE('',*,*,#2875,.T.);
#4655=ORIENTED_EDGE('',*,*,#3337,.T.);
#4656=ORIENTED_EDGE('',*,*,#3339,.T.);
#4657=ORIENTED_EDGE('',*,*,#3345,.T.);
#4658=ORIENTED_EDGE('',*,*,#3363,.F.);
#4659=ORIENTED_EDGE('',*,*,#3364,.F.);
#4660=ORIENTED_EDGE('',*,*,#3365,.F.);
#4661=ORIENTED_EDGE('',*,*,#3366,.F.);
#4662=ORIENTED_EDGE('',*,*,#3367,.F.);
#4663=ORIENTED_EDGE('',*,*,#3368,.F.);
#4664=ORIENTED_EDGE('',*,*,#3369,.F.);
#4665=ORIENTED_EDGE('',*,*,#3370,.F.);
#4666=ORIENTED_EDGE('',*,*,#3371,.F.);
#4667=ORIENTED_EDGE('',*,*,#3347,.T.);
#4668=ORIENTED_EDGE('',*,*,#3352,.T.);
#4669=ORIENTED_EDGE('',*,*,#3357,.T.);
#4670=ORIENTED_EDGE('',*,*,#3372,.F.);
#4671=ORIENTED_EDGE('',*,*,#3373,.T.);
#4672=ORIENTED_EDGE('',*,*,#3374,.T.);
#4673=ORIENTED_EDGE('',*,*,#3375,.T.);
#4674=ORIENTED_EDGE('',*,*,#3376,.T.);
#4675=ORIENTED_EDGE('',*,*,#3377,.T.);
#4676=ORIENTED_EDGE('',*,*,#3378,.T.);
#4677=ORIENTED_EDGE('',*,*,#3379,.T.);
#4678=ORIENTED_EDGE('',*,*,#3380,.T.);
#4679=ORIENTED_EDGE('',*,*,#3348,.T.);
#4680=ORIENTED_EDGE('',*,*,#3371,.T.);
#4681=ORIENTED_EDGE('',*,*,#3381,.F.);
#4682=ORIENTED_EDGE('',*,*,#3382,.T.);
#4683=ORIENTED_EDGE('',*,*,#3344,.T.);
#4684=ORIENTED_EDGE('',*,*,#3383,.T.);
#4685=ORIENTED_EDGE('',*,*,#3384,.T.);
#4686=ORIENTED_EDGE('',*,*,#3363,.T.);
#4687=ORIENTED_EDGE('',*,*,#3338,.T.);
#4688=ORIENTED_EDGE('',*,*,#3372,.T.);
#4689=ORIENTED_EDGE('',*,*,#3356,.T.);
#4690=ORIENTED_EDGE('',*,*,#3385,.T.);
#4691=ORIENTED_EDGE('',*,*,#2772,.T.);
#4692=ORIENTED_EDGE('',*,*,#2774,.T.);
#4693=ORIENTED_EDGE('',*,*,#2776,.T.);
#4694=ORIENTED_EDGE('',*,*,#3328,.F.);
#4695=ORIENTED_EDGE('',*,*,#3362,.F.);
#4696=ORIENTED_EDGE('',*,*,#3386,.F.);
#4697=ORIENTED_EDGE('',*,*,#3331,.T.);
#4698=ORIENTED_EDGE('',*,*,#3320,.F.);
#4699=ORIENTED_EDGE('',*,*,#3297,.F.);
#4700=ORIENTED_EDGE('',*,*,#3288,.T.);
#4701=ORIENTED_EDGE('',*,*,#3387,.F.);
#4702=ORIENTED_EDGE('',*,*,#3293,.F.);
#4703=ORIENTED_EDGE('',*,*,#3388,.F.);
#4704=ORIENTED_EDGE('',*,*,#3389,.F.);
#4705=ORIENTED_EDGE('',*,*,#3302,.F.);
#4706=ORIENTED_EDGE('',*,*,#3306,.T.);
#4707=ORIENTED_EDGE('',*,*,#3389,.T.);
#4708=ORIENTED_EDGE('',*,*,#3390,.F.);
#4709=ORIENTED_EDGE('',*,*,#3332,.T.);
#4710=ORIENTED_EDGE('',*,*,#3386,.T.);
#4711=ORIENTED_EDGE('',*,*,#3361,.T.);
#4712=ORIENTED_EDGE('',*,*,#3391,.F.);
#4713=ORIENTED_EDGE('',*,*,#3392,.T.);
#4714=ORIENTED_EDGE('',*,*,#3393,.F.);
#4715=ORIENTED_EDGE('',*,*,#3394,.F.);
#4716=ORIENTED_EDGE('',*,*,#3395,.F.);
#4717=ORIENTED_EDGE('',*,*,#3321,.T.);
#4718=ORIENTED_EDGE('',*,*,#3303,.F.);
#4719=ORIENTED_EDGE('',*,*,#3351,.T.);
#4720=ORIENTED_EDGE('',*,*,#3322,.T.);
#4721=ORIENTED_EDGE('',*,*,#3395,.T.);
#4722=ORIENTED_EDGE('',*,*,#3396,.F.);
#4723=ORIENTED_EDGE('',*,*,#2810,.T.);
#4724=ORIENTED_EDGE('',*,*,#3360,.T.);
#4725=ORIENTED_EDGE('',*,*,#3342,.T.);
#4726=ORIENTED_EDGE('',*,*,#2818,.T.);
#4727=ORIENTED_EDGE('',*,*,#3397,.F.);
#4728=ORIENTED_EDGE('',*,*,#3391,.T.);
#4729=ORIENTED_EDGE('',*,*,#3398,.F.);
#4730=ORIENTED_EDGE('',*,*,#3399,.F.);
#4731=ORIENTED_EDGE('',*,*,#3400,.F.);
#4732=ORIENTED_EDGE('',*,*,#3401,.F.);
#4733=ORIENTED_EDGE('',*,*,#3402,.F.);
#4734=ORIENTED_EDGE('',*,*,#3403,.F.);
#4735=ORIENTED_EDGE('',*,*,#3404,.F.);
#4736=ORIENTED_EDGE('',*,*,#3405,.F.);
#4737=ORIENTED_EDGE('',*,*,#3406,.F.);
#4738=ORIENTED_EDGE('',*,*,#3407,.F.);
#4739=ORIENTED_EDGE('',*,*,#3408,.F.);
#4740=ORIENTED_EDGE('',*,*,#3409,.F.);
#4741=ORIENTED_EDGE('',*,*,#3410,.F.);
#4742=ORIENTED_EDGE('',*,*,#3399,.T.);
#4743=ORIENTED_EDGE('',*,*,#3411,.T.);
#4744=ORIENTED_EDGE('',*,*,#3412,.F.);
#4745=ORIENTED_EDGE('',*,*,#3413,.T.);
#4746=ORIENTED_EDGE('',*,*,#3414,.T.);
#4747=ORIENTED_EDGE('',*,*,#3415,.T.);
#4748=ORIENTED_EDGE('',*,*,#3402,.T.);
#4749=ORIENTED_EDGE('',*,*,#3416,.T.);
#4750=ORIENTED_EDGE('',*,*,#3417,.F.);
#4751=ORIENTED_EDGE('',*,*,#3418,.T.);
#4752=ORIENTED_EDGE('',*,*,#3419,.T.);
#4753=ORIENTED_EDGE('',*,*,#3409,.T.);
#4754=ORIENTED_EDGE('',*,*,#3420,.T.);
#4755=ORIENTED_EDGE('',*,*,#3421,.F.);
#4756=ORIENTED_EDGE('',*,*,#3268,.T.);
#4757=ORIENTED_EDGE('',*,*,#3412,.T.);
#4758=ORIENTED_EDGE('',*,*,#3422,.T.);
#4759=ORIENTED_EDGE('',*,*,#3423,.F.);
#4760=ORIENTED_EDGE('',*,*,#3424,.F.);
#4761=ORIENTED_EDGE('',*,*,#3425,.F.);
#4762=ORIENTED_EDGE('',*,*,#3426,.F.);
#4763=ORIENTED_EDGE('',*,*,#3423,.T.);
#4764=ORIENTED_EDGE('',*,*,#3425,.T.);
#4765=ORIENTED_EDGE('',*,*,#3427,.F.);
#4766=ORIENTED_EDGE('',*,*,#3428,.F.);
#4767=ORIENTED_EDGE('',*,*,#3429,.F.);
#4768=ORIENTED_EDGE('',*,*,#3430,.F.);
#4769=ORIENTED_EDGE('',*,*,#3427,.T.);
#4770=ORIENTED_EDGE('',*,*,#3429,.T.);
#4771=ORIENTED_EDGE('',*,*,#2781,.T.);
#4772=ORIENTED_EDGE('',*,*,#2783,.T.);
#4773=ORIENTED_EDGE('',*,*,#2785,.T.);
#4774=ORIENTED_EDGE('',*,*,#2787,.T.);
#4775=ORIENTED_EDGE('',*,*,#3398,.T.);
#4776=ORIENTED_EDGE('',*,*,#3415,.F.);
#4777=ORIENTED_EDGE('',*,*,#3431,.F.);
#4778=ORIENTED_EDGE('',*,*,#3416,.F.);
#4779=ORIENTED_EDGE('',*,*,#3401,.T.);
#4780=ORIENTED_EDGE('',*,*,#3432,.F.);
#4781=ORIENTED_EDGE('',*,*,#3405,.T.);
#4782=ORIENTED_EDGE('',*,*,#3433,.F.);
#4783=ORIENTED_EDGE('',*,*,#3434,.F.);
#4784=ORIENTED_EDGE('',*,*,#3435,.F.);
#4785=ORIENTED_EDGE('',*,*,#3436,.F.);
#4786=ORIENTED_EDGE('',*,*,#3420,.F.);
#4787=ORIENTED_EDGE('',*,*,#3408,.T.);
#4788=ORIENTED_EDGE('',*,*,#3422,.F.);
#4789=ORIENTED_EDGE('',*,*,#3411,.F.);
#4790=ORIENTED_EDGE('',*,*,#3426,.T.);
#4791=ORIENTED_EDGE('',*,*,#3430,.T.);
#4792=ORIENTED_EDGE('',*,*,#3437,.T.);
#4793=ORIENTED_EDGE('',*,*,#3438,.T.);
#4794=ORIENTED_EDGE('',*,*,#3439,.T.);
#4795=ORIENTED_EDGE('',*,*,#3440,.T.);
#4796=ORIENTED_EDGE('',*,*,#3441,.T.);
#4797=ORIENTED_EDGE('',*,*,#3442,.T.);
#4798=ORIENTED_EDGE('',*,*,#3443,.T.);
#4799=ORIENTED_EDGE('',*,*,#3444,.T.);
#4800=ORIENTED_EDGE('',*,*,#3445,.T.);
#4801=ORIENTED_EDGE('',*,*,#3446,.T.);
#4802=ORIENTED_EDGE('',*,*,#3447,.T.);
#4803=ORIENTED_EDGE('',*,*,#3448,.T.);
#4804=ORIENTED_EDGE('',*,*,#3428,.T.);
#4805=ORIENTED_EDGE('',*,*,#3449,.T.);
#4806=ORIENTED_EDGE('',*,*,#3450,.T.);
#4807=ORIENTED_EDGE('',*,*,#3451,.T.);
#4808=ORIENTED_EDGE('',*,*,#3366,.T.);
#4809=ORIENTED_EDGE('',*,*,#3452,.T.);
#4810=ORIENTED_EDGE('',*,*,#3367,.T.);
#4811=ORIENTED_EDGE('',*,*,#3451,.F.);
#4812=ORIENTED_EDGE('',*,*,#3453,.T.);
#4813=ORIENTED_EDGE('',*,*,#3454,.T.);
#4814=ORIENTED_EDGE('',*,*,#3368,.T.);
#4815=ORIENTED_EDGE('',*,*,#3452,.F.);
#4816=ORIENTED_EDGE('',*,*,#3455,.T.);
#4817=ORIENTED_EDGE('',*,*,#3456,.T.);
#4818=ORIENTED_EDGE('',*,*,#3369,.T.);
#4819=ORIENTED_EDGE('',*,*,#3454,.F.);
#4820=ORIENTED_EDGE('',*,*,#3457,.T.);
#4821=ORIENTED_EDGE('',*,*,#3381,.T.);
#4822=ORIENTED_EDGE('',*,*,#3370,.T.);
#4823=ORIENTED_EDGE('',*,*,#3456,.F.);
#4824=ORIENTED_EDGE('',*,*,#3458,.T.);
#4825=ORIENTED_EDGE('',*,*,#3459,.T.);
#4826=ORIENTED_EDGE('',*,*,#3364,.T.);
#4827=ORIENTED_EDGE('',*,*,#3384,.F.);
#4828=ORIENTED_EDGE('',*,*,#3460,.T.);
#4829=ORIENTED_EDGE('',*,*,#3449,.F.);
#4830=ORIENTED_EDGE('',*,*,#3365,.T.);
#4831=ORIENTED_EDGE('',*,*,#3459,.F.);
#4832=ORIENTED_EDGE('',*,*,#3461,.T.);
#4833=ORIENTED_EDGE('',*,*,#3264,.T.);
#4834=ORIENTED_EDGE('',*,*,#3253,.T.);
#4835=ORIENTED_EDGE('',*,*,#3260,.T.);
#4836=ORIENTED_EDGE('',*,*,#3249,.T.);
#4837=ORIENTED_EDGE('',*,*,#3247,.F.);
#4838=ORIENTED_EDGE('',*,*,#3457,.F.);
#4839=ORIENTED_EDGE('',*,*,#3462,.T.);
#4840=ORIENTED_EDGE('',*,*,#3463,.F.);
#4841=ORIENTED_EDGE('',*,*,#3464,.F.);
#4842=ORIENTED_EDGE('',*,*,#3465,.F.);
#4843=ORIENTED_EDGE('',*,*,#3466,.F.);
#4844=ORIENTED_EDGE('',*,*,#3455,.F.);
#4845=ORIENTED_EDGE('',*,*,#3467,.T.);
#4846=ORIENTED_EDGE('',*,*,#3468,.F.);
#4847=ORIENTED_EDGE('',*,*,#3462,.F.);
#4848=ORIENTED_EDGE('',*,*,#3453,.F.);
#4849=ORIENTED_EDGE('',*,*,#3469,.T.);
#4850=ORIENTED_EDGE('',*,*,#3470,.F.);
#4851=ORIENTED_EDGE('',*,*,#3467,.F.);
#4852=ORIENTED_EDGE('',*,*,#3450,.F.);
#4853=ORIENTED_EDGE('',*,*,#3471,.T.);
#4854=ORIENTED_EDGE('',*,*,#3472,.F.);
#4855=ORIENTED_EDGE('',*,*,#3469,.F.);
#4856=ORIENTED_EDGE('',*,*,#3473,.T.);
#4857=ORIENTED_EDGE('',*,*,#3474,.T.);
#4858=ORIENTED_EDGE('',*,*,#3475,.T.);
#4859=ORIENTED_EDGE('',*,*,#3476,.T.);
#4860=ORIENTED_EDGE('',*,*,#3477,.T.);
#4861=ORIENTED_EDGE('',*,*,#3478,.T.);
#4862=ORIENTED_EDGE('',*,*,#3475,.F.);
#4863=ORIENTED_EDGE('',*,*,#3479,.T.);
#4864=ORIENTED_EDGE('',*,*,#3480,.T.);
#4865=ORIENTED_EDGE('',*,*,#3481,.T.);
#4866=ORIENTED_EDGE('',*,*,#3477,.F.);
#4867=ORIENTED_EDGE('',*,*,#3482,.T.);
#4868=ORIENTED_EDGE('',*,*,#3483,.T.);
#4869=ORIENTED_EDGE('',*,*,#3484,.T.);
#4870=ORIENTED_EDGE('',*,*,#3480,.F.);
#4871=ORIENTED_EDGE('',*,*,#3463,.T.);
#4872=ORIENTED_EDGE('',*,*,#3485,.T.);
#4873=ORIENTED_EDGE('',*,*,#3486,.T.);
#4874=ORIENTED_EDGE('',*,*,#3483,.F.);
#4875=ORIENTED_EDGE('',*,*,#3468,.T.);
#4876=ORIENTED_EDGE('',*,*,#3487,.T.);
#4877=ORIENTED_EDGE('',*,*,#3488,.T.);
#4878=ORIENTED_EDGE('',*,*,#3485,.F.);
#4879=ORIENTED_EDGE('',*,*,#3470,.T.);
#4880=ORIENTED_EDGE('',*,*,#3489,.T.);
#4881=ORIENTED_EDGE('',*,*,#3490,.T.);
#4882=ORIENTED_EDGE('',*,*,#3487,.F.);
#4883=ORIENTED_EDGE('',*,*,#3472,.T.);
#4884=ORIENTED_EDGE('',*,*,#3473,.F.);
#4885=ORIENTED_EDGE('',*,*,#3491,.T.);
#4886=ORIENTED_EDGE('',*,*,#3489,.F.);
#4887=ORIENTED_EDGE('',*,*,#3492,.T.);
#4888=ORIENTED_EDGE('',*,*,#3458,.F.);
#4889=ORIENTED_EDGE('',*,*,#3464,.T.);
#4890=ORIENTED_EDGE('',*,*,#3482,.F.);
#4891=ORIENTED_EDGE('',*,*,#3493,.F.);
#4892=ORIENTED_EDGE('',*,*,#3335,.T.);
#4893=ORIENTED_EDGE('',*,*,#3385,.F.);
#4894=ORIENTED_EDGE('',*,*,#3355,.T.);
#4895=ORIENTED_EDGE('',*,*,#3359,.T.);
#4896=ORIENTED_EDGE('',*,*,#3349,.T.);
#4897=ORIENTED_EDGE('',*,*,#3382,.F.);
#4898=ORIENTED_EDGE('',*,*,#3493,.T.);
#4899=ORIENTED_EDGE('',*,*,#3479,.F.);
#4900=ORIENTED_EDGE('',*,*,#3494,.F.);
#4901=ORIENTED_EDGE('',*,*,#3383,.F.);
#4902=ORIENTED_EDGE('',*,*,#3343,.T.);
#4903=ORIENTED_EDGE('',*,*,#3310,.F.);
#4904=ORIENTED_EDGE('',*,*,#3460,.F.);
#4905=ORIENTED_EDGE('',*,*,#3494,.T.);
#4906=ORIENTED_EDGE('',*,*,#3474,.F.);
#4907=ORIENTED_EDGE('',*,*,#3495,.F.);
#4908=ORIENTED_EDGE('',*,*,#2782,.T.);
#4909=ORIENTED_EDGE('',*,*,#2784,.T.);
#4910=ORIENTED_EDGE('',*,*,#2786,.T.);
#4911=ORIENTED_EDGE('',*,*,#2788,.T.);
#4912=ORIENTED_EDGE('',*,*,#3272,.T.);
#4913=ORIENTED_EDGE('',*,*,#3275,.T.);
#4914=ORIENTED_EDGE('',*,*,#3277,.T.);
#4915=ORIENTED_EDGE('',*,*,#3279,.T.);
#4916=ORIENTED_EDGE('',*,*,#3281,.T.);
#4917=ORIENTED_EDGE('',*,*,#3283,.T.);
#4918=ORIENTED_EDGE('',*,*,#3285,.T.);
#4919=ORIENTED_EDGE('',*,*,#3287,.T.);
#4920=ORIENTED_EDGE('',*,*,#3400,.T.);
#4921=ORIENTED_EDGE('',*,*,#3404,.T.);
#4922=ORIENTED_EDGE('',*,*,#3407,.T.);
#4923=ORIENTED_EDGE('',*,*,#3410,.T.);
#4924=ORIENTED_EDGE('',*,*,#3496,.T.);
#4925=ORIENTED_EDGE('',*,*,#3497,.T.);
#4926=ORIENTED_EDGE('',*,*,#3498,.T.);
#4927=ORIENTED_EDGE('',*,*,#3499,.T.);
#4928=ORIENTED_EDGE('',*,*,#3500,.T.);
#4929=ORIENTED_EDGE('',*,*,#3501,.T.);
#4930=ORIENTED_EDGE('',*,*,#3502,.T.);
#4931=ORIENTED_EDGE('',*,*,#3503,.T.);
#4932=ORIENTED_EDGE('',*,*,#3504,.T.);
#4933=ORIENTED_EDGE('',*,*,#3505,.T.);
#4934=ORIENTED_EDGE('',*,*,#3506,.T.);
#4935=ORIENTED_EDGE('',*,*,#3507,.T.);
#4936=ORIENTED_EDGE('',*,*,#3476,.F.);
#4937=ORIENTED_EDGE('',*,*,#3478,.F.);
#4938=ORIENTED_EDGE('',*,*,#3481,.F.);
#4939=ORIENTED_EDGE('',*,*,#3484,.F.);
#4940=ORIENTED_EDGE('',*,*,#3486,.F.);
#4941=ORIENTED_EDGE('',*,*,#3488,.F.);
#4942=ORIENTED_EDGE('',*,*,#3490,.F.);
#4943=ORIENTED_EDGE('',*,*,#3491,.F.);
#4944=ORIENTED_EDGE('',*,*,#3508,.T.);
#4945=ORIENTED_EDGE('',*,*,#3509,.T.);
#4946=ORIENTED_EDGE('',*,*,#3510,.T.);
#4947=ORIENTED_EDGE('',*,*,#3434,.T.);
#4948=ORIENTED_EDGE('',*,*,#3511,.T.);
#4949=ORIENTED_EDGE('',*,*,#3435,.T.);
#4950=ORIENTED_EDGE('',*,*,#3510,.F.);
#4951=ORIENTED_EDGE('',*,*,#3512,.T.);
#4952=ORIENTED_EDGE('',*,*,#3421,.T.);
#4953=ORIENTED_EDGE('',*,*,#3436,.T.);
#4954=ORIENTED_EDGE('',*,*,#3511,.F.);
#4955=ORIENTED_EDGE('',*,*,#3513,.T.);
#4956=ORIENTED_EDGE('',*,*,#3417,.T.);
#4957=ORIENTED_EDGE('',*,*,#3431,.T.);
#4958=ORIENTED_EDGE('',*,*,#3414,.F.);
#4959=ORIENTED_EDGE('',*,*,#3393,.T.);
#4960=ORIENTED_EDGE('',*,*,#3403,.T.);
#4961=ORIENTED_EDGE('',*,*,#3419,.F.);
#4962=ORIENTED_EDGE('',*,*,#3514,.T.);
#4963=ORIENTED_EDGE('',*,*,#3508,.F.);
#4964=ORIENTED_EDGE('',*,*,#3433,.T.);
#4965=ORIENTED_EDGE('',*,*,#3406,.T.);
#4966=ORIENTED_EDGE('',*,*,#3432,.T.);
#4967=ORIENTED_EDGE('',*,*,#3513,.F.);
#4968=ORIENTED_EDGE('',*,*,#3515,.F.);
#4969=ORIENTED_EDGE('',*,*,#3516,.F.);
#4970=ORIENTED_EDGE('',*,*,#3269,.T.);
#4971=ORIENTED_EDGE('',*,*,#3512,.F.);
#4972=ORIENTED_EDGE('',*,*,#3517,.F.);
#4973=ORIENTED_EDGE('',*,*,#3518,.F.);
#4974=ORIENTED_EDGE('',*,*,#3515,.T.);
#4975=ORIENTED_EDGE('',*,*,#3509,.F.);
#4976=ORIENTED_EDGE('',*,*,#3519,.F.);
#4977=ORIENTED_EDGE('',*,*,#3520,.F.);
#4978=ORIENTED_EDGE('',*,*,#3517,.T.);
#4979=ORIENTED_EDGE('',*,*,#3424,.T.);
#4980=ORIENTED_EDGE('',*,*,#3396,.T.);
#4981=ORIENTED_EDGE('',*,*,#3521,.T.);
#4982=ORIENTED_EDGE('',*,*,#3522,.T.);
#4983=ORIENTED_EDGE('',*,*,#2811,.T.);
#4984=ORIENTED_EDGE('',*,*,#3523,.T.);
#4985=ORIENTED_EDGE('',*,*,#2812,.T.);
#4986=ORIENTED_EDGE('',*,*,#3522,.F.);
#4987=ORIENTED_EDGE('',*,*,#3270,.T.);
#4988=ORIENTED_EDGE('',*,*,#3524,.T.);
#4989=ORIENTED_EDGE('',*,*,#2813,.T.);
#4990=ORIENTED_EDGE('',*,*,#3523,.F.);
#4991=ORIENTED_EDGE('',*,*,#3516,.T.);
#4992=ORIENTED_EDGE('',*,*,#3525,.T.);
#4993=ORIENTED_EDGE('',*,*,#2814,.T.);
#4994=ORIENTED_EDGE('',*,*,#3524,.F.);
#4995=ORIENTED_EDGE('',*,*,#3518,.T.);
#4996=ORIENTED_EDGE('',*,*,#3526,.T.);
#4997=ORIENTED_EDGE('',*,*,#2815,.T.);
#4998=ORIENTED_EDGE('',*,*,#3525,.F.);
#4999=ORIENTED_EDGE('',*,*,#3520,.T.);
#5000=ORIENTED_EDGE('',*,*,#3527,.T.);
#5001=ORIENTED_EDGE('',*,*,#2816,.T.);
#5002=ORIENTED_EDGE('',*,*,#3526,.F.);
#5003=ORIENTED_EDGE('',*,*,#3528,.T.);
#5004=ORIENTED_EDGE('',*,*,#3397,.T.);
#5005=ORIENTED_EDGE('',*,*,#2817,.T.);
#5006=ORIENTED_EDGE('',*,*,#3527,.F.);
#5007=ORIENTED_EDGE('',*,*,#3529,.T.);
#5008=ORIENTED_EDGE('',*,*,#3333,.T.);
#5009=ORIENTED_EDGE('',*,*,#3390,.T.);
#5010=ORIENTED_EDGE('',*,*,#3388,.T.);
#5011=ORIENTED_EDGE('',*,*,#3296,.T.);
#5012=ORIENTED_EDGE('',*,*,#3413,.F.);
#5013=ORIENTED_EDGE('',*,*,#3271,.F.);
#5014=ORIENTED_EDGE('',*,*,#3521,.F.);
#5015=ORIENTED_EDGE('',*,*,#3394,.T.);
#5016=ORIENTED_EDGE('',*,*,#3447,.F.);
#5017=ORIENTED_EDGE('',*,*,#3530,.F.);
#5018=ORIENTED_EDGE('',*,*,#3506,.F.);
#5019=ORIENTED_EDGE('',*,*,#3531,.T.);
#5020=ORIENTED_EDGE('',*,*,#3448,.F.);
#5021=ORIENTED_EDGE('',*,*,#3531,.F.);
#5022=ORIENTED_EDGE('',*,*,#3505,.F.);
#5023=ORIENTED_EDGE('',*,*,#3532,.T.);
#5024=ORIENTED_EDGE('',*,*,#3445,.F.);
#5025=ORIENTED_EDGE('',*,*,#3532,.F.);
#5026=ORIENTED_EDGE('',*,*,#3504,.F.);
#5027=ORIENTED_EDGE('',*,*,#3533,.T.);
#5028=ORIENTED_EDGE('',*,*,#3446,.F.);
#5029=ORIENTED_EDGE('',*,*,#3533,.F.);
#5030=ORIENTED_EDGE('',*,*,#3507,.F.);
#5031=ORIENTED_EDGE('',*,*,#3530,.T.);
#5032=ORIENTED_EDGE('',*,*,#3534,.F.);
#5033=ORIENTED_EDGE('',*,*,#3466,.T.);
#5034=ORIENTED_EDGE('',*,*,#3535,.F.);
#5035=ORIENTED_EDGE('',*,*,#3465,.T.);
#5036=ORIENTED_EDGE('',*,*,#3535,.T.);
#5037=ORIENTED_EDGE('',*,*,#3534,.T.);
#5038=ORIENTED_EDGE('',*,*,#3437,.F.);
#5039=ORIENTED_EDGE('',*,*,#3536,.T.);
#5040=ORIENTED_EDGE('',*,*,#3496,.F.);
#5041=ORIENTED_EDGE('',*,*,#3537,.F.);
#5042=ORIENTED_EDGE('',*,*,#3444,.F.);
#5043=ORIENTED_EDGE('',*,*,#3538,.T.);
#5044=ORIENTED_EDGE('',*,*,#3497,.F.);
#5045=ORIENTED_EDGE('',*,*,#3536,.F.);
#5046=ORIENTED_EDGE('',*,*,#3443,.F.);
#5047=ORIENTED_EDGE('',*,*,#3539,.T.);
#5048=ORIENTED_EDGE('',*,*,#3498,.F.);
#5049=ORIENTED_EDGE('',*,*,#3538,.F.);
#5050=ORIENTED_EDGE('',*,*,#3442,.F.);
#5051=ORIENTED_EDGE('',*,*,#3540,.T.);
#5052=ORIENTED_EDGE('',*,*,#3499,.F.);
#5053=ORIENTED_EDGE('',*,*,#3539,.F.);
#5054=ORIENTED_EDGE('',*,*,#3441,.F.);
#5055=ORIENTED_EDGE('',*,*,#3541,.T.);
#5056=ORIENTED_EDGE('',*,*,#3500,.F.);
#5057=ORIENTED_EDGE('',*,*,#3540,.F.);
#5058=ORIENTED_EDGE('',*,*,#3440,.F.);
#5059=ORIENTED_EDGE('',*,*,#3542,.T.);
#5060=ORIENTED_EDGE('',*,*,#3501,.F.);
#5061=ORIENTED_EDGE('',*,*,#3541,.F.);
#5062=ORIENTED_EDGE('',*,*,#3439,.F.);
#5063=ORIENTED_EDGE('',*,*,#3543,.T.);
#5064=ORIENTED_EDGE('',*,*,#3502,.F.);
#5065=ORIENTED_EDGE('',*,*,#3542,.F.);
#5066=ORIENTED_EDGE('',*,*,#3438,.F.);
#5067=ORIENTED_EDGE('',*,*,#3537,.T.);
#5068=ORIENTED_EDGE('',*,*,#3503,.F.);
#5069=ORIENTED_EDGE('',*,*,#3543,.F.);
#5070=ORIENTED_EDGE('',*,*,#3418,.F.);
#5071=ORIENTED_EDGE('',*,*,#3392,.F.);
#5072=ORIENTED_EDGE('',*,*,#3529,.F.);
#5073=ORIENTED_EDGE('',*,*,#3544,.T.);
#5074=ORIENTED_EDGE('',*,*,#2863,.T.);
#5075=ORIENTED_EDGE('',*,*,#3514,.F.);
#5076=ORIENTED_EDGE('',*,*,#3544,.F.);
#5077=ORIENTED_EDGE('',*,*,#3528,.F.);
#5078=ORIENTED_EDGE('',*,*,#3519,.T.);
#5079=ORIENTED_EDGE('',*,*,#3373,.F.);
#5080=ORIENTED_EDGE('',*,*,#3545,.T.);
#5081=ORIENTED_EDGE('',*,*,#2824,.F.);
#5082=ORIENTED_EDGE('',*,*,#3546,.F.);
#5083=ORIENTED_EDGE('',*,*,#3380,.F.);
#5084=ORIENTED_EDGE('',*,*,#3547,.T.);
#5085=ORIENTED_EDGE('',*,*,#2825,.F.);
#5086=ORIENTED_EDGE('',*,*,#3545,.F.);
#5087=ORIENTED_EDGE('',*,*,#3379,.F.);
#5088=ORIENTED_EDGE('',*,*,#3548,.T.);
#5089=ORIENTED_EDGE('',*,*,#2826,.F.);
#5090=ORIENTED_EDGE('',*,*,#3547,.F.);
#5091=ORIENTED_EDGE('',*,*,#3378,.F.);
#5092=ORIENTED_EDGE('',*,*,#3549,.T.);
#5093=ORIENTED_EDGE('',*,*,#2827,.F.);
#5094=ORIENTED_EDGE('',*,*,#3548,.F.);
#5095=ORIENTED_EDGE('',*,*,#3377,.F.);
#5096=ORIENTED_EDGE('',*,*,#3550,.F.);
#5097=ORIENTED_EDGE('',*,*,#3291,.F.);
#5098=ORIENTED_EDGE('',*,*,#2828,.F.);
#5099=ORIENTED_EDGE('',*,*,#3549,.F.);
#5100=ORIENTED_EDGE('',*,*,#3376,.F.);
#5101=ORIENTED_EDGE('',*,*,#3551,.F.);
#5102=ORIENTED_EDGE('',*,*,#3315,.F.);
#5103=ORIENTED_EDGE('',*,*,#3334,.F.);
#5104=ORIENTED_EDGE('',*,*,#3294,.F.);
#5105=ORIENTED_EDGE('',*,*,#3387,.T.);
#5106=ORIENTED_EDGE('',*,*,#3292,.T.);
#5107=ORIENTED_EDGE('',*,*,#3550,.T.);
#5108=ORIENTED_EDGE('',*,*,#3375,.F.);
#5109=ORIENTED_EDGE('',*,*,#3552,.T.);
#5110=ORIENTED_EDGE('',*,*,#2822,.F.);
#5111=ORIENTED_EDGE('',*,*,#3316,.T.);
#5112=ORIENTED_EDGE('',*,*,#3551,.T.);
#5113=ORIENTED_EDGE('',*,*,#3374,.F.);
#5114=ORIENTED_EDGE('',*,*,#3546,.T.);
#5115=ORIENTED_EDGE('',*,*,#2823,.F.);
#5116=ORIENTED_EDGE('',*,*,#3552,.F.);
#5117=ORIENTED_EDGE('',*,*,#3461,.F.);
#5118=ORIENTED_EDGE('',*,*,#3495,.T.);
#5119=ORIENTED_EDGE('',*,*,#3492,.F.);
#5120=ORIENTED_EDGE('',*,*,#3471,.F.);
#5121=CYLINDRICAL_SURFACE('',#5579,1.4);
#5122=CYLINDRICAL_SURFACE('',#5582,1.4);
#5123=CYLINDRICAL_SURFACE('',#5585,1.4);
#5124=CYLINDRICAL_SURFACE('',#5588,1.4);
#5125=CYLINDRICAL_SURFACE('',#5591,1.4);
#5126=CYLINDRICAL_SURFACE('',#5594,1.4);
#5127=CYLINDRICAL_SURFACE('',#5597,1.4);
#5128=CYLINDRICAL_SURFACE('',#5600,1.4);
#5129=CYLINDRICAL_SURFACE('',#5603,1.4);
#5130=CYLINDRICAL_SURFACE('',#5606,1.4);
#5131=CYLINDRICAL_SURFACE('',#5609,5.);
#5132=CYLINDRICAL_SURFACE('',#5612,5.);
#5133=CYLINDRICAL_SURFACE('',#5614,5.);
#5134=CYLINDRICAL_SURFACE('',#5633,5.);
#5135=CYLINDRICAL_SURFACE('',#5638,5.);
#5136=CYLINDRICAL_SURFACE('',#5643,5.10889406329423);
#5137=CYLINDRICAL_SURFACE('',#5652,1.);
#5138=CYLINDRICAL_SURFACE('',#5655,1.);
#5139=CYLINDRICAL_SURFACE('',#5658,20.);
#5140=CYLINDRICAL_SURFACE('',#5660,1.99999999999999);
#5141=CYLINDRICAL_SURFACE('',#5663,2.00000000000002);
#5142=CYLINDRICAL_SURFACE('',#5666,1.99999999999998);
#5143=CYLINDRICAL_SURFACE('',#5669,1.99999999999998);
#5144=CYLINDRICAL_SURFACE('',#5684,0.500000000000005);
#5145=CYLINDRICAL_SURFACE('',#5688,0.500000000000005);
#5146=CYLINDRICAL_SURFACE('',#5693,5.36477908176405);
#5147=CYLINDRICAL_SURFACE('',#5696,1.);
#5148=CYLINDRICAL_SURFACE('',#5699,2.37067063176559);
#5149=CYLINDRICAL_SURFACE('',#5702,3.28785019539064);
#5150=CYLINDRICAL_SURFACE('',#5706,0.500000000000064);
#5151=CYLINDRICAL_SURFACE('',#5714,3.13914059871478);
#5152=CYLINDRICAL_SURFACE('',#5717,0.4);
#5153=CYLINDRICAL_SURFACE('',#5720,3.9391405987148);
#5154=CYLINDRICAL_SURFACE('',#5723,1.71938022844143);
#5155=CYLINDRICAL_SURFACE('',#5726,0.348709596675839);
#5156=CYLINDRICAL_SURFACE('',#5729,6.01606948508821);
#5157=CYLINDRICAL_SURFACE('',#5732,1.84822627585729);
#5158=CYLINDRICAL_SURFACE('',#5735,3.47793329153525);
#5159=CYLINDRICAL_SURFACE('',#5738,1.54873643620607);
#5160=CYLINDRICAL_SURFACE('',#5741,3.3);
#5161=CYLINDRICAL_SURFACE('',#5746,1.54174798869085);
#5162=CYLINDRICAL_SURFACE('',#5750,1.50000000000009);
#5163=CYLINDRICAL_SURFACE('',#5753,1.03672376123585);
#5164=CYLINDRICAL_SURFACE('',#5756,5.36477908157768);
#5165=CYLINDRICAL_SURFACE('',#5759,1.03672376139508);
#5166=CYLINDRICAL_SURFACE('',#5762,1.55985028854252);
#5167=CYLINDRICAL_SURFACE('',#5765,1.50000000004426);
#5168=CYLINDRICAL_SURFACE('',#5768,0.846942672134459);
#5169=CYLINDRICAL_SURFACE('',#5771,3.13914059871478);
#5170=CYLINDRICAL_SURFACE('',#5778,0.500000000013594);
#5171=CYLINDRICAL_SURFACE('',#5781,1.55985027405675);
#5172=CYLINDRICAL_SURFACE('',#5784,1.84822621020183);
#5173=CYLINDRICAL_SURFACE('',#5787,6.23014058097088);
#5174=CYLINDRICAL_SURFACE('',#5790,0.748736436206072);
#5175=CYLINDRICAL_SURFACE('',#5793,0.1);
#5176=CYLINDRICAL_SURFACE('',#5796,4.1);
#5177=CYLINDRICAL_SURFACE('',#5801,2.34174798869085);
#5178=CYLINDRICAL_SURFACE('',#5805,1.50000000000002);
#5179=CYLINDRICAL_SURFACE('',#5809,1.5);
#5180=CYLINDRICAL_SURFACE('',#5813,1.5);
#5181=CYLINDRICAL_SURFACE('',#5818,0.5);
#5182=CYLINDRICAL_SURFACE('',#5821,8.4);
#5183=CYLINDRICAL_SURFACE('',#5824,0.499999999999999);
#5184=CYLINDRICAL_SURFACE('',#5827,9.4);
#5185=CYLINDRICAL_SURFACE('',#5831,0.5);
#5186=CYLINDRICAL_SURFACE('',#5834,4.69752648717781);
#5187=CYLINDRICAL_SURFACE('',#5837,0.5);
#5188=CYLINDRICAL_SURFACE('',#5840,5.69752648717781);
#5189=CYLINDRICAL_SURFACE('',#5844,0.5);
#5190=CYLINDRICAL_SURFACE('',#5847,3.);
#5191=CYLINDRICAL_SURFACE('',#5850,0.5);
#5192=CYLINDRICAL_SURFACE('',#5853,4.);
#5193=CYLINDRICAL_SURFACE('',#5857,0.5);
#5194=CYLINDRICAL_SURFACE('',#5860,6.55);
#5195=CYLINDRICAL_SURFACE('',#5863,0.499999999999998);
#5196=CYLINDRICAL_SURFACE('',#5866,7.55000000000001);
#5197=CYLINDRICAL_SURFACE('',#5870,0.50318114712064);
#5198=CYLINDRICAL_SURFACE('',#5873,0.50056995602628);
#5199=CYLINDRICAL_SURFACE('',#5907,1.25);
#5200=CYLINDRICAL_SURFACE('',#5910,5.);
#5201=CYLINDRICAL_SURFACE('',#5914,1.25);
#5202=CYLINDRICAL_SURFACE('',#5917,5.);
#5203=CYLINDRICAL_SURFACE('',#5921,1.25);
#5204=CYLINDRICAL_SURFACE('',#5923,5.);
#5205=CYLINDRICAL_SURFACE('',#5927,1.25);
#5206=CYLINDRICAL_SURFACE('',#5930,5.);
#5207=CYLINDRICAL_SURFACE('',#5934,1.25);
#5208=CYLINDRICAL_SURFACE('',#5937,5.);
#5209=CYLINDRICAL_SURFACE('',#5942,5.);
#5210=CYLINDRICAL_SURFACE('',#5945,5.00000000000002);
#5211=CYLINDRICAL_SURFACE('',#5948,5.00000000000001);
#5212=CYLINDRICAL_SURFACE('',#5951,5.00000000000003);
#5213=CYLINDRICAL_SURFACE('',#5955,4.);
#5214=CYLINDRICAL_SURFACE('',#5960,4.);
#5215=CYLINDRICAL_SURFACE('',#5964,4.);
#5216=CYLINDRICAL_SURFACE('',#5968,4.);
#5217=CYLINDRICAL_SURFACE('',#5971,4.);
#5218=CYLINDRICAL_SURFACE('',#5976,4.);
#5219=CYLINDRICAL_SURFACE('',#6006,2.);
#5220=CYLINDRICAL_SURFACE('',#6008,2.);
#5221=CYLINDRICAL_SURFACE('',#6010,2.);
#5222=CYLINDRICAL_SURFACE('',#6015,5.);
#5223=CYLINDRICAL_SURFACE('',#6017,5.);
#5224=CYLINDRICAL_SURFACE('',#6019,1.25);
#5225=CYLINDRICAL_SURFACE('',#6022,1.25);
#5226=CYLINDRICAL_SURFACE('',#6025,1.25);
#5227=CYLINDRICAL_SURFACE('',#6028,1.25);
#5228=CYLINDRICAL_SURFACE('',#6040,5.);
#5229=CYLINDRICAL_SURFACE('',#6042,1.4);
#5230=CYLINDRICAL_SURFACE('',#6045,5.);
#5231=CYLINDRICAL_SURFACE('',#6049,1.4);
#5232=CYLINDRICAL_SURFACE('',#6052,5.);
#5233=CYLINDRICAL_SURFACE('',#6068,2.);
#5234=CYLINDRICAL_SURFACE('',#6073,2.);
#5235=CYLINDRICAL_SURFACE('',#6080,2.);
#5236=CYLINDRICAL_SURFACE('',#6084,10.);
#5237=CYLINDRICAL_SURFACE('',#6087,10.);
#5238=CYLINDRICAL_SURFACE('',#6094,2.);
#5239=CYLINDRICAL_SURFACE('',#6100,2.);
#5240=CYLINDRICAL_SURFACE('',#6105,2.);
#5241=CYLINDRICAL_SURFACE('',#6110,2.);
#5242=CYLINDRICAL_SURFACE('',#6111,10.);
#5243=CYLINDRICAL_SURFACE('',#6113,10.);
#5244=CYLINDRICAL_SURFACE('',#6122,5.);
#5245=CYLINDRICAL_SURFACE('',#6125,5.);
#5246=CYLINDRICAL_SURFACE('',#6126,5.);
#5247=CYLINDRICAL_SURFACE('',#6127,6.99999999999999);
#5248=CYLINDRICAL_SURFACE('',#6130,6.99999999999999);
#5249=CYLINDRICAL_SURFACE('',#6135,5.);
#5250=CYLINDRICAL_SURFACE('',#6138,5.);
#5251=CYLINDRICAL_SURFACE('',#6141,5.);
#5252=CYLINDRICAL_SURFACE('',#6144,5.);
#5253=CYLINDRICAL_SURFACE('',#6145,6.99999999999999);
#5254=CYLINDRICAL_SURFACE('',#6156,10.);
#5255=CYLINDRICAL_SURFACE('',#6158,9.99999999999998);
#5256=CYLINDRICAL_SURFACE('',#6160,9.99999999999998);
#5257=CYLINDRICAL_SURFACE('',#6162,9.99999999999998);
#5258=CYLINDRICAL_SURFACE('',#6164,6.99999999999999);
#5259=CYLINDRICAL_SURFACE('',#6166,10.);
#5260=CYLINDRICAL_SURFACE('',#6168,9.99999999999999);
#5261=CYLINDRICAL_SURFACE('',#6170,10.);
#5262=CYLINDRICAL_SURFACE('',#6172,10.);
#5263=ADVANCED_FACE('',(#1223,#1100),#5121,.F.);
#5264=ADVANCED_FACE('',(#1224,#1101),#5122,.F.);
#5265=ADVANCED_FACE('',(#1225,#1102),#5123,.F.);
#5266=ADVANCED_FACE('',(#1226,#1103),#5124,.F.);
#5267=ADVANCED_FACE('',(#1227,#1104),#5125,.F.);
#5268=ADVANCED_FACE('',(#1228,#1105),#5126,.F.);
#5269=ADVANCED_FACE('',(#1229,#1106),#5127,.F.);
#5270=ADVANCED_FACE('',(#1230,#1107),#5128,.F.);
#5271=ADVANCED_FACE('',(#1231,#1108),#5129,.F.);
#5272=ADVANCED_FACE('',(#1232,#1109),#5130,.F.);
#5273=ADVANCED_FACE('',(#1233),#5131,.F.);
#5274=ADVANCED_FACE('',(#1234),#5132,.F.);
#5275=ADVANCED_FACE('',(#1235),#5133,.F.);
#5276=ADVANCED_FACE('',(#1236),#92,.F.);
#5277=ADVANCED_FACE('',(#1237),#93,.T.);
#5278=ADVANCED_FACE('',(#1238,#1110,#1111),#94,.T.);
#5279=ADVANCED_FACE('',(#1239),#5134,.T.);
#5280=ADVANCED_FACE('',(#1240),#95,.T.);
#5281=ADVANCED_FACE('',(#1241),#96,.T.);
#5282=ADVANCED_FACE('',(#1242),#97,.T.);
#5283=ADVANCED_FACE('',(#1243),#5135,.F.);
#5284=ADVANCED_FACE('',(#1244),#98,.T.);
#5285=ADVANCED_FACE('',(#1245),#99,.F.);
#5286=ADVANCED_FACE('',(#1246),#100,.F.);
#5287=ADVANCED_FACE('',(#1247),#5136,.F.);
#5288=ADVANCED_FACE('',(#1248),#101,.F.);
#5289=ADVANCED_FACE('',(#1249,#1112,#1113),#102,.T.);
#5290=ADVANCED_FACE('',(#1250,#1114),#5137,.F.);
#5291=ADVANCED_FACE('',(#1251),#103,.F.);
#5292=ADVANCED_FACE('',(#1252,#1115),#5138,.F.);
#5293=ADVANCED_FACE('',(#1253),#104,.F.);
#5294=ADVANCED_FACE('',(#1254,#1116),#5139,.T.);
#5295=ADVANCED_FACE('',(#1255),#5140,.F.);
#5296=ADVANCED_FACE('',(#1256),#105,.F.);
#5297=ADVANCED_FACE('',(#1257),#5141,.F.);
#5298=ADVANCED_FACE('',(#1258),#106,.F.);
#5299=ADVANCED_FACE('',(#1259),#5142,.F.);
#5300=ADVANCED_FACE('',(#1260),#107,.F.);
#5301=ADVANCED_FACE('',(#1261),#5143,.F.);
#5302=ADVANCED_FACE('',(#1262),#108,.F.);
#5303=ADVANCED_FACE('',(#1263),#109,.F.);
#5304=ADVANCED_FACE('',(#1264),#110,.F.);
#5305=ADVANCED_FACE('',(#1265),#111,.F.);
#5306=ADVANCED_FACE('',(#1266),#112,.F.);
#5307=ADVANCED_FACE('',(#1267),#113,.F.);
#5308=ADVANCED_FACE('',(#1268),#114,.F.);
#5309=ADVANCED_FACE('',(#1269),#115,.F.);
#5310=ADVANCED_FACE('',(#1270),#116,.F.);
#5311=ADVANCED_FACE('',(#1271),#117,.F.);
#5312=ADVANCED_FACE('',(#1272),#118,.F.);
#5313=ADVANCED_FACE('',(#1273),#119,.F.);
#5314=ADVANCED_FACE('',(#1274),#120,.T.);
#5315=ADVANCED_FACE('',(#1275),#5144,.T.);
#5316=ADVANCED_FACE('',(#1276),#121,.T.);
#5317=ADVANCED_FACE('',(#1277),#5145,.T.);
#5318=ADVANCED_FACE('',(#1278),#122,.T.);
#5319=ADVANCED_FACE('',(#1279),#123,.T.);
#5320=ADVANCED_FACE('',(#1280),#5146,.T.);
#5321=ADVANCED_FACE('',(#1281),#5147,.F.);
#5322=ADVANCED_FACE('',(#1282),#5148,.F.);
#5323=ADVANCED_FACE('',(#1283),#5149,.T.);
#5324=ADVANCED_FACE('',(#1284),#124,.T.);
#5325=ADVANCED_FACE('',(#1285),#5150,.T.);
#5326=ADVANCED_FACE('',(#1286),#125,.T.);
#5327=ADVANCED_FACE('',(#1287),#126,.T.);
#5328=ADVANCED_FACE('',(#1288),#127,.T.);
#5329=ADVANCED_FACE('',(#1289),#128,.T.);
#5330=ADVANCED_FACE('',(#1290),#129,.T.);
#5331=ADVANCED_FACE('',(#1291),#5151,.T.);
#5332=ADVANCED_FACE('',(#1292),#5152,.F.);
#5333=ADVANCED_FACE('',(#1293),#5153,.F.);
#5334=ADVANCED_FACE('',(#1294),#5154,.T.);
#5335=ADVANCED_FACE('',(#1295),#5155,.T.);
#5336=ADVANCED_FACE('',(#1296),#5156,.F.);
#5337=ADVANCED_FACE('',(#1297),#5157,.F.);
#5338=ADVANCED_FACE('',(#1298),#5158,.T.);
#5339=ADVANCED_FACE('',(#1299),#5159,.F.);
#5340=ADVANCED_FACE('',(#1300),#5160,.T.);
#5341=ADVANCED_FACE('',(#1301),#130,.T.);
#5342=ADVANCED_FACE('',(#1302),#131,.T.);
#5343=ADVANCED_FACE('',(#1303),#5161,.T.);
#5344=ADVANCED_FACE('',(#1304),#132,.T.);
#5345=ADVANCED_FACE('',(#1305),#5162,.F.);
#5346=ADVANCED_FACE('',(#1306),#5163,.T.);
#5347=ADVANCED_FACE('',(#1307),#5164,.T.);
#5348=ADVANCED_FACE('',(#1308),#5165,.T.);
#5349=ADVANCED_FACE('',(#1309),#5166,.F.);
#5350=ADVANCED_FACE('',(#1310),#5167,.F.);
#5351=ADVANCED_FACE('',(#1311),#5168,.T.);
#5352=ADVANCED_FACE('',(#1312),#5169,.T.);
#5353=ADVANCED_FACE('',(#1313),#133,.T.);
#5354=ADVANCED_FACE('',(#1314),#134,.T.);
#5355=ADVANCED_FACE('',(#1315),#135,.T.);
#5356=ADVANCED_FACE('',(#1316),#136,.T.);
#5357=ADVANCED_FACE('',(#1317),#5170,.T.);
#5358=ADVANCED_FACE('',(#1318),#5171,.F.);
#5359=ADVANCED_FACE('',(#1319),#5172,.F.);
#5360=ADVANCED_FACE('',(#1320),#5173,.F.);
#5361=ADVANCED_FACE('',(#1321),#5174,.T.);
#5362=ADVANCED_FACE('',(#1322),#5175,.F.);
#5363=ADVANCED_FACE('',(#1323),#5176,.F.);
#5364=ADVANCED_FACE('',(#1324),#137,.F.);
#5365=ADVANCED_FACE('',(#1325),#138,.F.);
#5366=ADVANCED_FACE('',(#1326),#5177,.F.);
#5367=ADVANCED_FACE('',(#1327),#139,.F.);
#5368=ADVANCED_FACE('',(#1328),#5178,.F.);
#5369=ADVANCED_FACE('',(#1329),#140,.F.);
#5370=ADVANCED_FACE('',(#1330),#5179,.F.);
#5371=ADVANCED_FACE('',(#1331),#141,.F.);
#5372=ADVANCED_FACE('',(#1332),#5180,.F.);
#5373=ADVANCED_FACE('',(#1333),#142,.F.);
#5374=ADVANCED_FACE('',(#1117,#1118,#1119,#1120,#1121,#1122),#143,.T.);
#5375=ADVANCED_FACE('',(#1334),#5181,.F.);
#5376=ADVANCED_FACE('',(#1335),#5182,.T.);
#5377=ADVANCED_FACE('',(#1336),#5183,.F.);
#5378=ADVANCED_FACE('',(#1337),#5184,.F.);
#5379=ADVANCED_FACE('',(#1338),#144,.T.);
#5380=ADVANCED_FACE('',(#1339),#5185,.F.);
#5381=ADVANCED_FACE('',(#1340),#5186,.T.);
#5382=ADVANCED_FACE('',(#1341),#5187,.F.);
#5383=ADVANCED_FACE('',(#1342),#5188,.F.);
#5384=ADVANCED_FACE('',(#1343),#145,.T.);
#5385=ADVANCED_FACE('',(#1344),#5189,.F.);
#5386=ADVANCED_FACE('',(#1345),#5190,.T.);
#5387=ADVANCED_FACE('',(#1346),#5191,.F.);
#5388=ADVANCED_FACE('',(#1347),#5192,.F.);
#5389=ADVANCED_FACE('',(#1348),#146,.T.);
#5390=ADVANCED_FACE('',(#1349),#5193,.F.);
#5391=ADVANCED_FACE('',(#1350),#5194,.T.);
#5392=ADVANCED_FACE('',(#1351),#5195,.F.);
#5393=ADVANCED_FACE('',(#1352),#5196,.F.);
#5394=ADVANCED_FACE('',(#1353),#147,.T.);
#5395=ADVANCED_FACE('',(#1354),#75,.F.);
#5396=ADVANCED_FACE('',(#1355),#5197,.F.);
#5397=ADVANCED_FACE('',(#1356),#76,.F.);
#5398=ADVANCED_FACE('',(#1357),#5198,.F.);
#5399=ADVANCED_FACE('',(#1358),#77,.F.);
#5400=ADVANCED_FACE('',(#1359),#148,.T.);
#5401=ADVANCED_FACE('',(#1360),#149,.F.);
#5402=ADVANCED_FACE('',(#1361),#150,.F.);
#5403=ADVANCED_FACE('',(#1362),#151,.F.);
#5404=ADVANCED_FACE('',(#1363),#152,.F.);
#5405=ADVANCED_FACE('',(#1364),#153,.F.);
#5406=ADVANCED_FACE('',(#1365),#154,.F.);
#5407=ADVANCED_FACE('',(#1366),#155,.F.);
#5408=ADVANCED_FACE('',(#1367),#156,.F.);
#5409=ADVANCED_FACE('',(#1368),#157,.F.);
#5410=ADVANCED_FACE('',(#1369),#158,.F.);
#5411=ADVANCED_FACE('',(#1370),#159,.F.);
#5412=ADVANCED_FACE('',(#1371),#78,.F.);
#5413=ADVANCED_FACE('',(#1372),#79,.F.);
#5414=ADVANCED_FACE('',(#1373),#160,.F.);
#5415=ADVANCED_FACE('',(#1374),#161,.F.);
#5416=ADVANCED_FACE('',(#1375),#80,.F.);
#5417=ADVANCED_FACE('',(#1376),#81,.F.);
#5418=ADVANCED_FACE('',(#1377),#82,.F.);
#5419=ADVANCED_FACE('',(#1378),#83,.F.);
#5420=ADVANCED_FACE('',(#1379),#84,.F.);
#5421=ADVANCED_FACE('',(#1380),#85,.F.);
#5422=ADVANCED_FACE('',(#1381),#86,.F.);
#5423=ADVANCED_FACE('',(#1382),#87,.F.);
#5424=ADVANCED_FACE('',(#1383),#162,.F.);
#5425=ADVANCED_FACE('',(#1384),#163,.F.);
#5426=ADVANCED_FACE('',(#1385),#88,.F.);
#5427=ADVANCED_FACE('',(#1386),#89,.F.);
#5428=ADVANCED_FACE('',(#1387),#90,.F.);
#5429=ADVANCED_FACE('',(#1388),#91,.F.);
#5430=ADVANCED_FACE('',(#1389),#164,.T.);
#5431=ADVANCED_FACE('',(#1390,#1123,#1124,#1125,#1126,#1127,#1128),#165,
 .T.);
#5432=ADVANCED_FACE('',(#1391),#166,.T.);
#5433=ADVANCED_FACE('',(#1392),#167,.T.);
#5434=ADVANCED_FACE('',(#1393),#168,.T.);
#5435=ADVANCED_FACE('',(#1394),#169,.T.);
#5436=ADVANCED_FACE('',(#1395),#170,.F.);
#5437=ADVANCED_FACE('',(#1396,#1129),#22,.F.);
#5438=ADVANCED_FACE('',(#1397,#1130),#5199,.F.);
#5439=ADVANCED_FACE('',(#1398,#1131),#5200,.T.);
#5440=ADVANCED_FACE('',(#1132,#1133),#171,.F.);
#5441=ADVANCED_FACE('',(#1399,#1134),#5201,.F.);
#5442=ADVANCED_FACE('',(#1400,#1135),#5202,.T.);
#5443=ADVANCED_FACE('',(#1136,#1137),#172,.F.);
#5444=ADVANCED_FACE('',(#1401,#1138),#5203,.F.);
#5445=ADVANCED_FACE('',(#1402,#1139),#5204,.T.);
#5446=ADVANCED_FACE('',(#1140,#1141),#173,.F.);
#5447=ADVANCED_FACE('',(#1403,#1142),#5205,.F.);
#5448=ADVANCED_FACE('',(#1404,#1143),#5206,.T.);
#5449=ADVANCED_FACE('',(#1144,#1145),#174,.F.);
#5450=ADVANCED_FACE('',(#1405,#1146),#5207,.F.);
#5451=ADVANCED_FACE('',(#1406,#1147),#5208,.T.);
#5452=ADVANCED_FACE('',(#1148,#1149),#175,.F.);
#5453=ADVANCED_FACE('',(#1407,#1150,#1151,#1152,#1153,#1154),#176,.F.);
#5454=ADVANCED_FACE('',(#1408),#5209,.T.);
#5455=ADVANCED_FACE('',(#1409),#177,.T.);
#5456=ADVANCED_FACE('',(#1410),#5210,.T.);
#5457=ADVANCED_FACE('',(#1411),#178,.T.);
#5458=ADVANCED_FACE('',(#1412),#5211,.T.);
#5459=ADVANCED_FACE('',(#1413),#179,.T.);
#5460=ADVANCED_FACE('',(#1414),#5212,.T.);
#5461=ADVANCED_FACE('',(#1415),#180,.T.);
#5462=ADVANCED_FACE('',(#1155,#1156,#1157,#1158),#181,.T.);
#5463=ADVANCED_FACE('',(#1416),#5213,.F.);
#5464=ADVANCED_FACE('',(#1417),#182,.T.);
#5465=ADVANCED_FACE('',(#1418),#183,.T.);
#5466=ADVANCED_FACE('',(#1419),#5214,.F.);
#5467=ADVANCED_FACE('',(#1159,#1160,#1161,#1162),#184,.T.);
#5468=ADVANCED_FACE('',(#1420),#5215,.T.);
#5469=ADVANCED_FACE('',(#1163,#1164,#1165,#1166),#185,.F.);
#5470=ADVANCED_FACE('',(#1421),#5216,.F.);
#5471=ADVANCED_FACE('',(#1422),#5217,.T.);
#5472=ADVANCED_FACE('',(#1423),#186,.T.);
#5473=ADVANCED_FACE('',(#1424),#5218,.T.);
#5474=ADVANCED_FACE('',(#1425),#187,.T.);
#5475=ADVANCED_FACE('',(#1426),#188,.T.);
#5476=ADVANCED_FACE('',(#1427),#189,.F.);
#5477=ADVANCED_FACE('',(#1428),#190,.F.);
#5478=ADVANCED_FACE('',(#1429),#191,.F.);
#5479=ADVANCED_FACE('',(#1430),#192,.F.);
#5480=ADVANCED_FACE('',(#1431),#193,.F.);
#5481=ADVANCED_FACE('',(#1432),#194,.F.);
#5482=ADVANCED_FACE('',(#1167,#1168,#1169,#1170),#195,.F.);
#5483=ADVANCED_FACE('',(#1433),#196,.T.);
#5484=ADVANCED_FACE('',(#1171,#1172,#1173),#197,.F.);
#5485=ADVANCED_FACE('',(#1434),#5219,.T.);
#5486=ADVANCED_FACE('',(#1435),#5220,.T.);
#5487=ADVANCED_FACE('',(#1436),#5221,.T.);
#5488=ADVANCED_FACE('',(#1174,#1175,#1176,#1177),#198,.T.);
#5489=ADVANCED_FACE('',(#1437),#199,.T.);
#5490=ADVANCED_FACE('',(#1438),#200,.F.);
#5491=ADVANCED_FACE('',(#1439),#5222,.F.);
#5492=ADVANCED_FACE('',(#1440),#5223,.F.);
#5493=ADVANCED_FACE('',(#1441,#1178),#5224,.F.);
#5494=ADVANCED_FACE('',(#1442,#1179),#5225,.F.);
#5495=ADVANCED_FACE('',(#1443,#1180),#5226,.F.);
#5496=ADVANCED_FACE('',(#1444,#1181),#5227,.F.);
#5497=ADVANCED_FACE('',(#1445),#14,.T.);
#5498=ADVANCED_FACE('',(#1446),#15,.T.);
#5499=ADVANCED_FACE('',(#1447),#5228,.F.);
#5500=ADVANCED_FACE('',(#1448,#1182),#5229,.F.);
#5501=ADVANCED_FACE('',(#1449,#1183),#5230,.T.);
#5502=ADVANCED_FACE('',(#1184,#1185),#201,.F.);
#5503=ADVANCED_FACE('',(#1450,#1186),#5231,.F.);
#5504=ADVANCED_FACE('',(#1451,#1187),#5232,.T.);
#5505=ADVANCED_FACE('',(#1188,#1189),#202,.F.);
#5506=ADVANCED_FACE('',(#1190,#1191,#1192,#1193,#1194,#1195,#1196,#1197,
#1198),#203,.F.);
#5507=ADVANCED_FACE('',(#1452),#204,.F.);
#5508=ADVANCED_FACE('',(#1453),#23,.T.);
#5509=ADVANCED_FACE('',(#1454),#5233,.T.);
#5510=ADVANCED_FACE('',(#1455),#24,.T.);
#5511=ADVANCED_FACE('',(#1456),#5234,.T.);
#5512=ADVANCED_FACE('',(#1457),#25,.T.);
#5513=ADVANCED_FACE('',(#1458),#26,.T.);
#5514=ADVANCED_FACE('',(#1459),#5235,.T.);
#5515=ADVANCED_FACE('',(#1199,#1200,#1201,#1202,#1203,#1204,#1205,#1206),
#205,.T.);
#5516=ADVANCED_FACE('',(#1460),#5236,.T.);
#5517=ADVANCED_FACE('',(#1461),#206,.T.);
#5518=ADVANCED_FACE('',(#1462),#5237,.T.);
#5519=ADVANCED_FACE('',(#1463),#27,.T.);
#5520=ADVANCED_FACE('',(#1464),#5238,.T.);
#5521=ADVANCED_FACE('',(#1465),#28,.T.);
#5522=ADVANCED_FACE('',(#1466),#5239,.T.);
#5523=ADVANCED_FACE('',(#1467),#29,.T.);
#5524=ADVANCED_FACE('',(#1468),#5240,.T.);
#5525=ADVANCED_FACE('',(#1469),#30,.T.);
#5526=ADVANCED_FACE('',(#1470),#5241,.T.);
#5527=ADVANCED_FACE('',(#1471),#5242,.T.);
#5528=ADVANCED_FACE('',(#1472),#207,.T.);
#5529=ADVANCED_FACE('',(#1473),#5243,.T.);
#5530=ADVANCED_FACE('',(#1207,#1208,#1209,#1210,#1211,#1212,#1213,#1214,
#1215,#1216,#1217,#1218),#208,.T.);
#5531=ADVANCED_FACE('',(#1474),#16,.T.);
#5532=ADVANCED_FACE('',(#1475),#5244,.F.);
#5533=ADVANCED_FACE('',(#1476),#17,.T.);
#5534=ADVANCED_FACE('',(#1477),#5245,.F.);
#5535=ADVANCED_FACE('',(#1478),#5246,.F.);
#5536=ADVANCED_FACE('',(#1479),#5247,.F.);
#5537=ADVANCED_FACE('',(#1480),#209,.F.);
#5538=ADVANCED_FACE('',(#1481),#5248,.F.);
#5539=ADVANCED_FACE('',(#1482),#210,.F.);
#5540=ADVANCED_FACE('',(#1483),#18,.T.);
#5541=ADVANCED_FACE('',(#1484),#5249,.F.);
#5542=ADVANCED_FACE('',(#1485),#19,.T.);
#5543=ADVANCED_FACE('',(#1486),#5250,.F.);
#5544=ADVANCED_FACE('',(#1487),#20,.T.);
#5545=ADVANCED_FACE('',(#1488),#5251,.F.);
#5546=ADVANCED_FACE('',(#1489),#21,.T.);
#5547=ADVANCED_FACE('',(#1490),#5252,.F.);
#5548=ADVANCED_FACE('',(#1491),#5253,.F.);
#5549=ADVANCED_FACE('',(#1492),#211,.F.);
#5550=ADVANCED_FACE('',(#1493),#212,.F.);
#5551=ADVANCED_FACE('',(#1494),#213,.F.);
#5552=ADVANCED_FACE('',(#1495),#214,.F.);
#5553=ADVANCED_FACE('',(#1496,#1219),#31,.F.);
#5554=ADVANCED_FACE('',(#1497,#1220),#32,.F.);
#5555=ADVANCED_FACE('',(#1498),#215,.F.);
#5556=ADVANCED_FACE('',(#1499),#216,.F.);
#5557=ADVANCED_FACE('',(#1500),#5254,.F.);
#5558=ADVANCED_FACE('',(#1501),#217,.F.);
#5559=ADVANCED_FACE('',(#1502),#5255,.F.);
#5560=ADVANCED_FACE('',(#1503),#218,.F.);
#5561=ADVANCED_FACE('',(#1504),#5256,.F.);
#5562=ADVANCED_FACE('',(#1505),#219,.F.);
#5563=ADVANCED_FACE('',(#1506),#5257,.F.);
#5564=ADVANCED_FACE('',(#1507),#220,.F.);
#5565=ADVANCED_FACE('',(#1508),#5258,.F.);
#5566=ADVANCED_FACE('',(#1221,#1222),#221,.F.);
#5567=ADVANCED_FACE('',(#1509),#5259,.F.);
#5568=ADVANCED_FACE('',(#1510),#222,.F.);
#5569=ADVANCED_FACE('',(#1511),#5260,.F.);
#5570=ADVANCED_FACE('',(#1512),#223,.F.);
#5571=ADVANCED_FACE('',(#1513),#5261,.F.);
#5572=ADVANCED_FACE('',(#1514),#224,.F.);
#5573=ADVANCED_FACE('',(#1515),#5262,.F.);
#5574=ADVANCED_FACE('',(#1516),#225,.F.);
#5575=ADVANCED_FACE('',(#1517),#226,.T.);
#5576=CLOSED_SHELL('',(#5263,#5264,#5265,#5266,#5267,#5268,#5269,#5270,
#5271,#5272,#5273,#5274,#5275,#5276,#5277,#5278,#5279,#5280,#5281,#5282,
#5283,#5284,#5285,#5286,#5287,#5288,#5289,#5290,#5291,#5292,#5293,#5294,
#5295,#5296,#5297,#5298,#5299,#5300,#5301,#5302,#5303,#5304,#5305,#5306,
#5307,#5308,#5309,#5310,#5311,#5312,#5313,#5314,#5315,#5316,#5317,#5318,
#5319,#5320,#5321,#5322,#5323,#5324,#5325,#5326,#5327,#5328,#5329,#5330,
#5331,#5332,#5333,#5334,#5335,#5336,#5337,#5338,#5339,#5340,#5341,#5342,
#5343,#5344,#5345,#5346,#5347,#5348,#5349,#5350,#5351,#5352,#5353,#5354,
#5355,#5356,#5357,#5358,#5359,#5360,#5361,#5362,#5363,#5364,#5365,#5366,
#5367,#5368,#5369,#5370,#5371,#5372,#5373,#5374,#5375,#5376,#5377,#5378,
#5379,#5380,#5381,#5382,#5383,#5384,#5385,#5386,#5387,#5388,#5389,#5390,
#5391,#5392,#5393,#5394,#5395,#5396,#5397,#5398,#5399,#5400,#5401,#5402,
#5403,#5404,#5405,#5406,#5407,#5408,#5409,#5410,#5411,#5412,#5413,#5414,
#5415,#5416,#5417,#5418,#5419,#5420,#5421,#5422,#5423,#5424,#5425,#5426,
#5427,#5428,#5429,#5430,#5431,#5432,#5433,#5434,#5435,#5436,#5437,#5438,
#5439,#5440,#5441,#5442,#5443,#5444,#5445,#5446,#5447,#5448,#5449,#5450,
#5451,#5452,#5453,#5454,#5455,#5456,#5457,#5458,#5459,#5460,#5461,#5462,
#5463,#5464,#5465,#5466,#5467,#5468,#5469,#5470,#5471,#5472,#5473,#5474,
#5475,#5476,#5477,#5478,#5479,#5480,#5481,#5482,#5483,#5484,#5485,#5486,
#5487,#5488,#5489,#5490,#5491,#5492,#5493,#5494,#5495,#5496,#5497,#5498,
#5499,#5500,#5501,#5502,#5503,#5504,#5505,#5506,#5507,#5508,#5509,#5510,
#5511,#5512,#5513,#5514,#5515,#5516,#5517,#5518,#5519,#5520,#5521,#5522,
#5523,#5524,#5525,#5526,#5527,#5528,#5529,#5530,#5531,#5532,#5533,#5534,
#5535,#5536,#5537,#5538,#5539,#5540,#5541,#5542,#5543,#5544,#5545,#5546,
#5547,#5548,#5549,#5550,#5551,#5552,#5553,#5554,#5555,#5556,#5557,#5558,
#5559,#5560,#5561,#5562,#5563,#5564,#5565,#5566,#5567,#5568,#5569,#5570,
#5571,#5572,#5573,#5574,#5575));
#5577=MANIFOLD_SOLID_BREP('Volumenk\X\F6rper1',#5576);
#5578=AXIS2_PLACEMENT_3D('placement',#7803,#6175,#6176);
#5579=AXIS2_PLACEMENT_3D('',#7804,#6177,#6178);
#5580=AXIS2_PLACEMENT_3D('',#7806,#6179,#6180);
#5581=AXIS2_PLACEMENT_3D('',#7808,#6181,#6182);
#5582=AXIS2_PLACEMENT_3D('',#7809,#6183,#6184);
#5583=AXIS2_PLACEMENT_3D('',#7811,#6185,#6186);
#5584=AXIS2_PLACEMENT_3D('',#7813,#6187,#6188);
#5585=AXIS2_PLACEMENT_3D('',#7814,#6189,#6190);
#5586=AXIS2_PLACEMENT_3D('',#7816,#6191,#6192);
#5587=AXIS2_PLACEMENT_3D('',#7818,#6193,#6194);
#5588=AXIS2_PLACEMENT_3D('',#7819,#6195,#6196);
#5589=AXIS2_PLACEMENT_3D('',#7821,#6197,#6198);
#5590=AXIS2_PLACEMENT_3D('',#7823,#6199,#6200);
#5591=AXIS2_PLACEMENT_3D('',#7824,#6201,#6202);
#5592=AXIS2_PLACEMENT_3D('',#7826,#6203,#6204);
#5593=AXIS2_PLACEMENT_3D('',#7828,#6205,#6206);
#5594=AXIS2_PLACEMENT_3D('',#7829,#6207,#6208);
#5595=AXIS2_PLACEMENT_3D('',#7831,#6209,#6210);
#5596=AXIS2_PLACEMENT_3D('',#7833,#6211,#6212);
#5597=AXIS2_PLACEMENT_3D('',#7834,#6213,#6214);
#5598=AXIS2_PLACEMENT_3D('',#7836,#6215,#6216);
#5599=AXIS2_PLACEMENT_3D('',#7838,#6217,#6218);
#5600=AXIS2_PLACEMENT_3D('',#7839,#6219,#6220);
#5601=AXIS2_PLACEMENT_3D('',#7841,#6221,#6222);
#5602=AXIS2_PLACEMENT_3D('',#7843,#6223,#6224);
#5603=AXIS2_PLACEMENT_3D('',#7844,#6225,#6226);
#5604=AXIS2_PLACEMENT_3D('',#7846,#6227,#6228);
#5605=AXIS2_PLACEMENT_3D('',#7848,#6229,#6230);
#5606=AXIS2_PLACEMENT_3D('',#7849,#6231,#6232);
#5607=AXIS2_PLACEMENT_3D('',#7851,#6233,#6234);
#5608=AXIS2_PLACEMENT_3D('',#7853,#6235,#6236);
#5609=AXIS2_PLACEMENT_3D('',#7854,#6237,#6238);
#5610=AXIS2_PLACEMENT_3D('',#7859,#6240,#6241);
#5611=AXIS2_PLACEMENT_3D('',#7862,#6243,#6244);
#5612=AXIS2_PLACEMENT_3D('',#7863,#6245,#6246);
#5613=AXIS2_PLACEMENT_3D('',#7868,#6249,#6250);
#5614=AXIS2_PLACEMENT_3D('',#7869,#6251,#6252);
#5615=AXIS2_PLACEMENT_3D('',#7873,#6254,#6255);
#5616=AXIS2_PLACEMENT_3D('',#7875,#6257,#6258);
#5617=AXIS2_PLACEMENT_3D('',#7879,#6260,#6261);
#5618=AXIS2_PLACEMENT_3D('',#7886,#6265,#6266);
#5619=AXIS2_PLACEMENT_3D('',#7887,#6267,#6268);
#5620=AXIS2_PLACEMENT_3D('',#7891,#6271,#6272);
#5621=AXIS2_PLACEMENT_3D('',#7902,#6277,#6278);
#5622=AXIS2_PLACEMENT_3D('',#7906,#6280,#6281);
#5623=AXIS2_PLACEMENT_3D('',#7910,#6283,#6284);
#5624=AXIS2_PLACEMENT_3D('',#7914,#6286,#6287);
#5625=AXIS2_PLACEMENT_3D('',#7924,#6292,#6293);
#5626=AXIS2_PLACEMENT_3D('',#7928,#6295,#6296);
#5627=AXIS2_PLACEMENT_3D('',#7932,#6298,#6299);
#5628=AXIS2_PLACEMENT_3D('',#7935,#6301,#6302);
#5629=AXIS2_PLACEMENT_3D('',#7938,#6303,#6304);
#5630=AXIS2_PLACEMENT_3D('',#7942,#6306,#6307);
#5631=AXIS2_PLACEMENT_3D('',#7946,#6309,#6310);
#5632=AXIS2_PLACEMENT_3D('',#7950,#6312,#6313);
#5633=AXIS2_PLACEMENT_3D('',#7953,#6316,#6317);
#5634=AXIS2_PLACEMENT_3D('',#7955,#6318,#6319);
#5635=AXIS2_PLACEMENT_3D('',#7957,#6321,#6322);
#5636=AXIS2_PLACEMENT_3D('',#7961,#6325,#6326);
#5637=AXIS2_PLACEMENT_3D('',#7965,#6329,#6330);
#5638=AXIS2_PLACEMENT_3D('',#7969,#6333,#6334);
#5639=AXIS2_PLACEMENT_3D('',#7970,#6335,#6336);
#5640=AXIS2_PLACEMENT_3D('',#7971,#6337,#6338);
#5641=AXIS2_PLACEMENT_3D('',#7972,#6339,#6340);
#5642=AXIS2_PLACEMENT_3D('',#7981,#6345,#6346);
#5643=AXIS2_PLACEMENT_3D('',#7990,#6351,#6352);
#5644=AXIS2_PLACEMENT_3D('',#7991,#6353,#6354);
#5645=AXIS2_PLACEMENT_3D('',#7992,#6355,#6356);
#5646=AXIS2_PLACEMENT_3D('',#7993,#6357,#6358);
#5647=AXIS2_PLACEMENT_3D('',#7994,#6359,#6360);
#5648=AXIS2_PLACEMENT_3D('',#7995,#6361,#6362);
#5649=AXIS2_PLACEMENT_3D('',#7996,#6363,#6364);
#5650=AXIS2_PLACEMENT_3D('',#7998,#6365,#6366);
#5651=AXIS2_PLACEMENT_3D('',#8000,#6367,#6368);
#5652=AXIS2_PLACEMENT_3D('',#8001,#6369,#6370);
#5653=AXIS2_PLACEMENT_3D('',#8003,#6371,#6372);
#5654=AXIS2_PLACEMENT_3D('',#8004,#6373,#6374);
#5655=AXIS2_PLACEMENT_3D('',#8005,#6375,#6376);
#5656=AXIS2_PLACEMENT_3D('',#8007,#6377,#6378);
#5657=AXIS2_PLACEMENT_3D('',#8008,#6379,#6380);
#5658=AXIS2_PLACEMENT_3D('',#8009,#6381,#6382);
#5659=AXIS2_PLACEMENT_3D('',#8011,#6383,#6384);
#5660=AXIS2_PLACEMENT_3D('',#8012,#6385,#6386);
#5661=AXIS2_PLACEMENT_3D('',#8016,#6388,#6389);
#5662=AXIS2_PLACEMENT_3D('',#8018,#6391,#6392);
#5663=AXIS2_PLACEMENT_3D('',#8022,#6395,#6396);
#5664=AXIS2_PLACEMENT_3D('',#8024,#6397,#6398);
#5665=AXIS2_PLACEMENT_3D('',#8026,#6400,#6401);
#5666=AXIS2_PLACEMENT_3D('',#8030,#6404,#6405);
#5667=AXIS2_PLACEMENT_3D('',#8032,#6406,#6407);
#5668=AXIS2_PLACEMENT_3D('',#8034,#6409,#6410);
#5669=AXIS2_PLACEMENT_3D('',#8038,#6413,#6414);
#5670=AXIS2_PLACEMENT_3D('',#8040,#6415,#6416);
#5671=AXIS2_PLACEMENT_3D('',#8042,#6418,#6419);
#5672=AXIS2_PLACEMENT_3D('',#8044,#6421,#6422);
#5673=AXIS2_PLACEMENT_3D('',#8053,#6427,#6428);
#5674=AXIS2_PLACEMENT_3D('',#8059,#6432,#6433);
#5675=AXIS2_PLACEMENT_3D('',#8065,#6437,#6438);
#5676=AXIS2_PLACEMENT_3D('',#8071,#6442,#6443);
#5677=AXIS2_PLACEMENT_3D('',#8077,#6447,#6448);
#5678=AXIS2_PLACEMENT_3D('',#8083,#6452,#6453);
#5679=AXIS2_PLACEMENT_3D('',#8089,#6457,#6458);
#5680=AXIS2_PLACEMENT_3D('',#8095,#6462,#6463);
#5681=AXIS2_PLACEMENT_3D('',#8101,#6467,#6468);
#5682=AXIS2_PLACEMENT_3D('',#8104,#6471,#6472);
#5683=AXIS2_PLACEMENT_3D('',#8105,#6473,#6474);
#5684=AXIS2_PLACEMENT_3D('',#8114,#6479,#6480);
#5685=AXIS2_PLACEMENT_3D('',#8116,#6481,#6482);
#5686=AXIS2_PLACEMENT_3D('',#8118,#6483,#6484);
#5687=AXIS2_PLACEMENT_3D('',#8120,#6486,#6487);
#5688=AXIS2_PLACEMENT_3D('',#8126,#6491,#6492);
#5689=AXIS2_PLACEMENT_3D('',#8128,#6493,#6494);
#5690=AXIS2_PLACEMENT_3D('',#8130,#6495,#6496);
#5691=AXIS2_PLACEMENT_3D('',#8132,#6498,#6499);
#5692=AXIS2_PLACEMENT_3D('',#8138,#6503,#6504);
#5693=AXIS2_PLACEMENT_3D('',#8147,#6509,#6510);
#5694=AXIS2_PLACEMENT_3D('',#8149,#6511,#6512);
#5695=AXIS2_PLACEMENT_3D('',#8151,#6513,#6514);
#5696=AXIS2_PLACEMENT_3D('',#8153,#6516,#6517);
#5697=AXIS2_PLACEMENT_3D('',#8155,#6518,#6519);
#5698=AXIS2_PLACEMENT_3D('',#8157,#6520,#6521);
#5699=AXIS2_PLACEMENT_3D('',#8159,#6523,#6524);
#5700=AXIS2_PLACEMENT_3D('',#8161,#6525,#6526);
#5701=AXIS2_PLACEMENT_3D('',#8163,#6527,#6528);
#5702=AXIS2_PLACEMENT_3D('',#8165,#6530,#6531);
#5703=AXIS2_PLACEMENT_3D('',#8167,#6532,#6533);
#5704=AXIS2_PLACEMENT_3D('',#8169,#6534,#6535);
#5705=AXIS2_PLACEMENT_3D('',#8171,#6537,#6538);
#5706=AXIS2_PLACEMENT_3D('',#8177,#6542,#6543);
#5707=AXIS2_PLACEMENT_3D('',#8178,#6544,#6545);
#5708=AXIS2_PLACEMENT_3D('',#8179,#6546,#6547);
#5709=AXIS2_PLACEMENT_3D('',#8180,#6548,#6549);
#5710=AXIS2_PLACEMENT_3D('',#8189,#6554,#6555);
#5711=AXIS2_PLACEMENT_3D('',#8195,#6559,#6560);
#5712=AXIS2_PLACEMENT_3D('',#8201,#6564,#6565);
#5713=AXIS2_PLACEMENT_3D('',#8207,#6569,#6570);
#5714=AXIS2_PLACEMENT_3D('',#8213,#6574,#6575);
#5715=AXIS2_PLACEMENT_3D('',#8215,#6576,#6577);
#5716=AXIS2_PLACEMENT_3D('',#8217,#6578,#6579);
#5717=AXIS2_PLACEMENT_3D('',#8219,#6581,#6582);
#5718=AXIS2_PLACEMENT_3D('',#8221,#6583,#6584);
#5719=AXIS2_PLACEMENT_3D('',#8223,#6585,#6586);
#5720=AXIS2_PLACEMENT_3D('',#8225,#6588,#6589);
#5721=AXIS2_PLACEMENT_3D('',#8227,#6590,#6591);
#5722=AXIS2_PLACEMENT_3D('',#8229,#6592,#6593);
#5723=AXIS2_PLACEMENT_3D('',#8231,#6595,#6596);
#5724=AXIS2_PLACEMENT_3D('',#8233,#6597,#6598);
#5725=AXIS2_PLACEMENT_3D('',#8235,#6599,#6600);
#5726=AXIS2_PLACEMENT_3D('',#8237,#6602,#6603);
#5727=AXIS2_PLACEMENT_3D('',#8239,#6604,#6605);
#5728=AXIS2_PLACEMENT_3D('',#8241,#6606,#6607);
#5729=AXIS2_PLACEMENT_3D('',#8243,#6609,#6610);
#5730=AXIS2_PLACEMENT_3D('',#8245,#6611,#6612);
#5731=AXIS2_PLACEMENT_3D('',#8247,#6613,#6614);
#5732=AXIS2_PLACEMENT_3D('',#8249,#6616,#6617);
#5733=AXIS2_PLACEMENT_3D('',#8251,#6618,#6619);
#5734=AXIS2_PLACEMENT_3D('',#8253,#6620,#6621);
#5735=AXIS2_PLACEMENT_3D('',#8255,#6623,#6624);
#5736=AXIS2_PLACEMENT_3D('',#8257,#6625,#6626);
#5737=AXIS2_PLACEMENT_3D('',#8259,#6627,#6628);
#5738=AXIS2_PLACEMENT_3D('',#8261,#6630,#6631);
#5739=AXIS2_PLACEMENT_3D('',#8263,#6632,#6633);
#5740=AXIS2_PLACEMENT_3D('',#8265,#6634,#6635);
#5741=AXIS2_PLACEMENT_3D('',#8267,#6637,#6638);
#5742=AXIS2_PLACEMENT_3D('',#8269,#6639,#6640);
#5743=AXIS2_PLACEMENT_3D('',#8271,#6641,#6642);
#5744=AXIS2_PLACEMENT_3D('',#8273,#6644,#6645);
#5745=AXIS2_PLACEMENT_3D('',#8279,#6649,#6650);
#5746=AXIS2_PLACEMENT_3D('',#8285,#6654,#6655);
#5747=AXIS2_PLACEMENT_3D('',#8287,#6656,#6657);
#5748=AXIS2_PLACEMENT_3D('',#8289,#6658,#6659);
#5749=AXIS2_PLACEMENT_3D('',#8291,#6661,#6662);
#5750=AXIS2_PLACEMENT_3D('',#8297,#6666,#6667);
#5751=AXIS2_PLACEMENT_3D('',#8298,#6668,#6669);
#5752=AXIS2_PLACEMENT_3D('',#8299,#6670,#6671);
#5753=AXIS2_PLACEMENT_3D('',#8300,#6672,#6673);
#5754=AXIS2_PLACEMENT_3D('',#8303,#6674,#6675);
#5755=AXIS2_PLACEMENT_3D('',#8307,#6677,#6678);
#5756=AXIS2_PLACEMENT_3D('',#8309,#6680,#6681);
#5757=AXIS2_PLACEMENT_3D('',#8311,#6682,#6683);
#5758=AXIS2_PLACEMENT_3D('',#8313,#6684,#6685);
#5759=AXIS2_PLACEMENT_3D('',#8315,#6687,#6688);
#5760=AXIS2_PLACEMENT_3D('',#8317,#6689,#6690);
#5761=AXIS2_PLACEMENT_3D('',#8319,#6691,#6692);
#5762=AXIS2_PLACEMENT_3D('',#8321,#6694,#6695);
#5763=AXIS2_PLACEMENT_3D('',#8322,#6696,#6697);
#5764=AXIS2_PLACEMENT_3D('',#8323,#6698,#6699);
#5765=AXIS2_PLACEMENT_3D('',#8324,#6700,#6701);
#5766=AXIS2_PLACEMENT_3D('',#8327,#6702,#6703);
#5767=AXIS2_PLACEMENT_3D('',#8331,#6705,#6706);
#5768=AXIS2_PLACEMENT_3D('',#8333,#6708,#6709);
#5769=AXIS2_PLACEMENT_3D('',#8334,#6710,#6711);
#5770=AXIS2_PLACEMENT_3D('',#8335,#6712,#6713);
#5771=AXIS2_PLACEMENT_3D('',#8336,#6714,#6715);
#5772=AXIS2_PLACEMENT_3D('',#8339,#6716,#6717);
#5773=AXIS2_PLACEMENT_3D('',#8343,#6719,#6720);
#5774=AXIS2_PLACEMENT_3D('',#8345,#6722,#6723);
#5775=AXIS2_PLACEMENT_3D('',#8351,#6727,#6728);
#5776=AXIS2_PLACEMENT_3D('',#8357,#6732,#6733);
#5777=AXIS2_PLACEMENT_3D('',#8363,#6737,#6738);
#5778=AXIS2_PLACEMENT_3D('',#8366,#6741,#6742);
#5779=AXIS2_PLACEMENT_3D('',#8367,#6743,#6744);
#5780=AXIS2_PLACEMENT_3D('',#8368,#6745,#6746);
#5781=AXIS2_PLACEMENT_3D('',#8369,#6747,#6748);
#5782=AXIS2_PLACEMENT_3D('',#8372,#6749,#6750);
#5783=AXIS2_PLACEMENT_3D('',#8376,#6752,#6753);
#5784=AXIS2_PLACEMENT_3D('',#8378,#6755,#6756);
#5785=AXIS2_PLACEMENT_3D('',#8380,#6757,#6758);
#5786=AXIS2_PLACEMENT_3D('',#8383,#6760,#6761);
#5787=AXIS2_PLACEMENT_3D('',#8384,#6762,#6763);
#5788=AXIS2_PLACEMENT_3D('',#8386,#6764,#6765);
#5789=AXIS2_PLACEMENT_3D('',#8389,#6767,#6768);
#5790=AXIS2_PLACEMENT_3D('',#8390,#6769,#6770);
#5791=AXIS2_PLACEMENT_3D('',#8392,#6771,#6772);
#5792=AXIS2_PLACEMENT_3D('',#8395,#6774,#6775);
#5793=AXIS2_PLACEMENT_3D('',#8396,#6776,#6777);
#5794=AXIS2_PLACEMENT_3D('',#8398,#6778,#6779);
#5795=AXIS2_PLACEMENT_3D('',#8401,#6781,#6782);
#5796=AXIS2_PLACEMENT_3D('',#8402,#6783,#6784);
#5797=AXIS2_PLACEMENT_3D('',#8404,#6785,#6786);
#5798=AXIS2_PLACEMENT_3D('',#8407,#6788,#6789);
#5799=AXIS2_PLACEMENT_3D('',#8408,#6790,#6791);
#5800=AXIS2_PLACEMENT_3D('',#8414,#6795,#6796);
#5801=AXIS2_PLACEMENT_3D('',#8420,#6800,#6801);
#5802=AXIS2_PLACEMENT_3D('',#8422,#6802,#6803);
#5803=AXIS2_PLACEMENT_3D('',#8425,#6805,#6806);
#5804=AXIS2_PLACEMENT_3D('',#8426,#6807,#6808);
#5805=AXIS2_PLACEMENT_3D('',#8432,#6812,#6813);
#5806=AXIS2_PLACEMENT_3D('',#8434,#6814,#6815);
#5807=AXIS2_PLACEMENT_3D('',#8437,#6817,#6818);
#5808=AXIS2_PLACEMENT_3D('',#8438,#6819,#6820);
#5809=AXIS2_PLACEMENT_3D('',#8444,#6824,#6825);
#5810=AXIS2_PLACEMENT_3D('',#8446,#6826,#6827);
#5811=AXIS2_PLACEMENT_3D('',#8449,#6829,#6830);
#5812=AXIS2_PLACEMENT_3D('',#8450,#6831,#6832);
#5813=AXIS2_PLACEMENT_3D('',#8456,#6836,#6837);
#5814=AXIS2_PLACEMENT_3D('',#8458,#6838,#6839);
#5815=AXIS2_PLACEMENT_3D('',#8461,#6841,#6842);
#5816=AXIS2_PLACEMENT_3D('',#8462,#6843,#6844);
#5817=AXIS2_PLACEMENT_3D('',#8465,#6847,#6848);
#5818=AXIS2_PLACEMENT_3D('',#8466,#6849,#6850);
#5819=AXIS2_PLACEMENT_3D('',#8469,#6851,#6852);
#5820=AXIS2_PLACEMENT_3D('',#8473,#6854,#6855);
#5821=AXIS2_PLACEMENT_3D('',#8475,#6857,#6858);
#5822=AXIS2_PLACEMENT_3D('',#8477,#6859,#6860);
#5823=AXIS2_PLACEMENT_3D('',#8480,#6862,#6863);
#5824=AXIS2_PLACEMENT_3D('',#8481,#6864,#6865);
#5825=AXIS2_PLACEMENT_3D('',#8483,#6866,#6867);
#5826=AXIS2_PLACEMENT_3D('',#8486,#6869,#6870);
#5827=AXIS2_PLACEMENT_3D('',#8487,#6871,#6872);
#5828=AXIS2_PLACEMENT_3D('',#8488,#6873,#6874);
#5829=AXIS2_PLACEMENT_3D('',#8489,#6875,#6876);
#5830=AXIS2_PLACEMENT_3D('',#8490,#6877,#6878);
#5831=AXIS2_PLACEMENT_3D('',#8491,#6879,#6880);
#5832=AXIS2_PLACEMENT_3D('',#8494,#6881,#6882);
#5833=AXIS2_PLACEMENT_3D('',#8498,#6884,#6885);
#5834=AXIS2_PLACEMENT_3D('',#8500,#6887,#6888);
#5835=AXIS2_PLACEMENT_3D('',#8502,#6889,#6890);
#5836=AXIS2_PLACEMENT_3D('',#8505,#6892,#6893);
#5837=AXIS2_PLACEMENT_3D('',#8506,#6894,#6895);
#5838=AXIS2_PLACEMENT_3D('',#8508,#6896,#6897);
#5839=AXIS2_PLACEMENT_3D('',#8511,#6899,#6900);
#5840=AXIS2_PLACEMENT_3D('',#8512,#6901,#6902);
#5841=AXIS2_PLACEMENT_3D('',#8513,#6903,#6904);
#5842=AXIS2_PLACEMENT_3D('',#8514,#6905,#6906);
#5843=AXIS2_PLACEMENT_3D('',#8515,#6907,#6908);
#5844=AXIS2_PLACEMENT_3D('',#8516,#6909,#6910);
#5845=AXIS2_PLACEMENT_3D('',#8519,#6911,#6912);
#5846=AXIS2_PLACEMENT_3D('',#8523,#6914,#6915);
#5847=AXIS2_PLACEMENT_3D('',#8525,#6917,#6918);
#5848=AXIS2_PLACEMENT_3D('',#8527,#6919,#6920);
#5849=AXIS2_PLACEMENT_3D('',#8530,#6922,#6923);
#5850=AXIS2_PLACEMENT_3D('',#8531,#6924,#6925);
#5851=AXIS2_PLACEMENT_3D('',#8533,#6926,#6927);
#5852=AXIS2_PLACEMENT_3D('',#8536,#6929,#6930);
#5853=AXIS2_PLACEMENT_3D('',#8537,#6931,#6932);
#5854=AXIS2_PLACEMENT_3D('',#8538,#6933,#6934);
#5855=AXIS2_PLACEMENT_3D('',#8539,#6935,#6936);
#5856=AXIS2_PLACEMENT_3D('',#8540,#6937,#6938);
#5857=AXIS2_PLACEMENT_3D('',#8541,#6939,#6940);
#5858=AXIS2_PLACEMENT_3D('',#8544,#6941,#6942);
#5859=AXIS2_PLACEMENT_3D('',#8548,#6944,#6945);
#5860=AXIS2_PLACEMENT_3D('',#8550,#6947,#6948);
#5861=AXIS2_PLACEMENT_3D('',#8552,#6949,#6950);
#5862=AXIS2_PLACEMENT_3D('',#8555,#6952,#6953);
#5863=AXIS2_PLACEMENT_3D('',#8556,#6954,#6955);
#5864=AXIS2_PLACEMENT_3D('',#8558,#6956,#6957);
#5865=AXIS2_PLACEMENT_3D('',#8561,#6959,#6960);
#5866=AXIS2_PLACEMENT_3D('',#8562,#6961,#6962);
#5867=AXIS2_PLACEMENT_3D('',#8563,#6963,#6964);
#5868=AXIS2_PLACEMENT_3D('',#8564,#6965,#6966);
#5869=AXIS2_PLACEMENT_3D('',#8565,#6967,#6968);
#5870=AXIS2_PLACEMENT_3D('',#8612,#6971,#6972);
#5871=AXIS2_PLACEMENT_3D('',#8614,#6973,#6974);
#5872=AXIS2_PLACEMENT_3D('',#8617,#6976,#6977);
#5873=AXIS2_PLACEMENT_3D('',#8941,#6979,#6980);
#5874=AXIS2_PLACEMENT_3D('',#8943,#6981,#6982);
#5875=AXIS2_PLACEMENT_3D('',#8946,#6984,#6985);
#5876=AXIS2_PLACEMENT_3D('',#8967,#6986,#6987);
#5877=AXIS2_PLACEMENT_3D('',#8968,#6988,#6989);
#5878=AXIS2_PLACEMENT_3D('',#8977,#6994,#6995);
#5879=AXIS2_PLACEMENT_3D('',#8983,#6999,#7000);
#5880=AXIS2_PLACEMENT_3D('',#8989,#7004,#7005);
#5881=AXIS2_PLACEMENT_3D('',#8995,#7009,#7010);
#5882=AXIS2_PLACEMENT_3D('',#9001,#7014,#7015);
#5883=AXIS2_PLACEMENT_3D('',#9007,#7019,#7020);
#5884=AXIS2_PLACEMENT_3D('',#9013,#7024,#7025);
#5885=AXIS2_PLACEMENT_3D('',#9019,#7029,#7030);
#5886=AXIS2_PLACEMENT_3D('',#9025,#7034,#7035);
#5887=AXIS2_PLACEMENT_3D('',#9028,#7038,#7039);
#5888=AXIS2_PLACEMENT_3D('',#9070,#7043,#7044);
#5889=AXIS2_PLACEMENT_3D('',#9076,#7048,#7049);
#5890=AXIS2_PLACEMENT_3D('',#9234,#7061,#7062);
#5891=AXIS2_PLACEMENT_3D('',#9240,#7066,#7067);
#5892=AXIS2_PLACEMENT_3D('',#9319,#7074,#7075);
#5893=AXIS2_PLACEMENT_3D('',#9320,#7076,#7077);
#5894=AXIS2_PLACEMENT_3D('',#9325,#7079,#7080);
#5895=AXIS2_PLACEMENT_3D('',#9329,#7082,#7083);
#5896=AXIS2_PLACEMENT_3D('',#9333,#7085,#7086);
#5897=AXIS2_PLACEMENT_3D('',#9336,#7088,#7089);
#5898=AXIS2_PLACEMENT_3D('',#9337,#7090,#7091);
#5899=AXIS2_PLACEMENT_3D('',#9338,#7092,#7093);
#5900=AXIS2_PLACEMENT_3D('',#9339,#7094,#7095);
#5901=AXIS2_PLACEMENT_3D('',#9340,#7096,#7097);
#5902=AXIS2_PLACEMENT_3D('',#9341,#7098,#7099);
#5903=AXIS2_PLACEMENT_3D('',#9344,#7100,#7101);
#5904=AXIS2_PLACEMENT_3D('',#9345,#7102,#7103);
#5905=AXIS2_PLACEMENT_3D('',#9346,#7104,#7105);
#5906=AXIS2_PLACEMENT_3D('',#9348,#7106,#7107);
#5907=AXIS2_PLACEMENT_3D('',#9389,#7108,#7109);
#5908=AXIS2_PLACEMENT_3D('',#9391,#7110,#7111);
#5909=AXIS2_PLACEMENT_3D('',#9393,#7112,#7113);
#5910=AXIS2_PLACEMENT_3D('',#9394,#7114,#7115);
#5911=AXIS2_PLACEMENT_3D('',#9396,#7116,#7117);
#5912=AXIS2_PLACEMENT_3D('',#9398,#7118,#7119);
#5913=AXIS2_PLACEMENT_3D('',#9399,#7120,#7121);
#5914=AXIS2_PLACEMENT_3D('',#9400,#7122,#7123);
#5915=AXIS2_PLACEMENT_3D('',#9402,#7124,#7125);
#5916=AXIS2_PLACEMENT_3D('',#9404,#7126,#7127);
#5917=AXIS2_PLACEMENT_3D('',#9405,#7128,#7129);
#5918=AXIS2_PLACEMENT_3D('',#9407,#7130,#7131);
#5919=AXIS2_PLACEMENT_3D('',#9409,#7132,#7133);
#5920=AXIS2_PLACEMENT_3D('',#9410,#7134,#7135);
#5921=AXIS2_PLACEMENT_3D('',#9411,#7136,#7137);
#5922=AXIS2_PLACEMENT_3D('',#9413,#7138,#7139);
#5923=AXIS2_PLACEMENT_3D('',#9414,#7140,#7141);
#5924=AXIS2_PLACEMENT_3D('',#9416,#7142,#7143);
#5925=AXIS2_PLACEMENT_3D('',#9418,#7144,#7145);
#5926=AXIS2_PLACEMENT_3D('',#9419,#7146,#7147);
#5927=AXIS2_PLACEMENT_3D('',#9420,#7148,#7149);
#5928=AXIS2_PLACEMENT_3D('',#9422,#7150,#7151);
#5929=AXIS2_PLACEMENT_3D('',#9424,#7152,#7153);
#5930=AXIS2_PLACEMENT_3D('',#9425,#7154,#7155);
#5931=AXIS2_PLACEMENT_3D('',#9427,#7156,#7157);
#5932=AXIS2_PLACEMENT_3D('',#9429,#7158,#7159);
#5933=AXIS2_PLACEMENT_3D('',#9430,#7160,#7161);
#5934=AXIS2_PLACEMENT_3D('',#9431,#7162,#7163);
#5935=AXIS2_PLACEMENT_3D('',#9433,#7164,#7165);
#5936=AXIS2_PLACEMENT_3D('',#9435,#7166,#7167);
#5937=AXIS2_PLACEMENT_3D('',#9436,#7168,#7169);
#5938=AXIS2_PLACEMENT_3D('',#9438,#7170,#7171);
#5939=AXIS2_PLACEMENT_3D('',#9440,#7172,#7173);
#5940=AXIS2_PLACEMENT_3D('',#9441,#7174,#7175);
#5941=AXIS2_PLACEMENT_3D('',#9442,#7176,#7177);
#5942=AXIS2_PLACEMENT_3D('',#9451,#7182,#7183);
#5943=AXIS2_PLACEMENT_3D('',#9454,#7184,#7185);
#5944=AXIS2_PLACEMENT_3D('',#9457,#7188,#7189);
#5945=AXIS2_PLACEMENT_3D('',#9461,#7192,#7193);
#5946=AXIS2_PLACEMENT_3D('',#9463,#7194,#7195);
#5947=AXIS2_PLACEMENT_3D('',#9465,#7197,#7198);
#5948=AXIS2_PLACEMENT_3D('',#9469,#7201,#7202);
#5949=AXIS2_PLACEMENT_3D('',#9471,#7203,#7204);
#5950=AXIS2_PLACEMENT_3D('',#9473,#7206,#7207);
#5951=AXIS2_PLACEMENT_3D('',#9477,#7210,#7211);
#5952=AXIS2_PLACEMENT_3D('',#9479,#7212,#7213);
#5953=AXIS2_PLACEMENT_3D('',#9481,#7215,#7216);
#5954=AXIS2_PLACEMENT_3D('',#9483,#7218,#7219);
#5955=AXIS2_PLACEMENT_3D('',#9484,#7220,#7221);
#5956=AXIS2_PLACEMENT_3D('',#9487,#7222,#7223);
#5957=AXIS2_PLACEMENT_3D('',#9490,#7225,#7226);
#5958=AXIS2_PLACEMENT_3D('',#9501,#7228,#7229);
#5959=AXIS2_PLACEMENT_3D('',#9510,#7234,#7235);
#5960=AXIS2_PLACEMENT_3D('',#9516,#7239,#7240);
#5961=AXIS2_PLACEMENT_3D('',#9519,#7241,#7242);
#5962=AXIS2_PLACEMENT_3D('',#9523,#7244,#7245);
#5963=AXIS2_PLACEMENT_3D('',#9525,#7247,#7248);
#5964=AXIS2_PLACEMENT_3D('',#9531,#7252,#7253);
#5965=AXIS2_PLACEMENT_3D('',#9534,#7254,#7255);
#5966=AXIS2_PLACEMENT_3D('',#9538,#7257,#7258);
#5967=AXIS2_PLACEMENT_3D('',#9540,#7260,#7261);
#5968=AXIS2_PLACEMENT_3D('',#9546,#7265,#7266);
#5969=AXIS2_PLACEMENT_3D('',#9549,#7267,#7268);
#5970=AXIS2_PLACEMENT_3D('',#9561,#7270,#7271);
#5971=AXIS2_PLACEMENT_3D('',#9563,#7273,#7274);
#5972=AXIS2_PLACEMENT_3D('',#9564,#7275,#7276);
#5973=AXIS2_PLACEMENT_3D('',#9565,#7277,#7278);
#5974=AXIS2_PLACEMENT_3D('',#9566,#7279,#7280);
#5975=AXIS2_PLACEMENT_3D('',#9570,#7282,#7283);
#5976=AXIS2_PLACEMENT_3D('',#9574,#7286,#7287);
#5977=AXIS2_PLACEMENT_3D('',#9577,#7288,#7289);
#5978=AXIS2_PLACEMENT_3D('',#9581,#7291,#7292);
#5979=AXIS2_PLACEMENT_3D('',#9583,#7294,#7295);
#5980=AXIS2_PLACEMENT_3D('',#9586,#7298,#7299);
#5981=AXIS2_PLACEMENT_3D('',#9591,#7302,#7303);
#5982=AXIS2_PLACEMENT_3D('',#9593,#7305,#7306);
#5983=AXIS2_PLACEMENT_3D('',#9600,#7310,#7311);
#5984=AXIS2_PLACEMENT_3D('',#9601,#7312,#7313);
#5985=AXIS2_PLACEMENT_3D('',#9606,#7317,#7318);
#5986=AXIS2_PLACEMENT_3D('',#9607,#7319,#7320);
#5987=AXIS2_PLACEMENT_3D('',#9611,#7322,#7323);
#5988=AXIS2_PLACEMENT_3D('',#9613,#7325,#7326);
#5989=AXIS2_PLACEMENT_3D('',#9619,#7329,#7330);
#5990=AXIS2_PLACEMENT_3D('',#9623,#7333,#7334);
#5991=AXIS2_PLACEMENT_3D('',#9624,#7335,#7336);
#5992=AXIS2_PLACEMENT_3D('',#9630,#7340,#7341);
#5993=AXIS2_PLACEMENT_3D('',#9635,#7343,#7344);
#5994=AXIS2_PLACEMENT_3D('',#9638,#7347,#7348);
#5995=AXIS2_PLACEMENT_3D('',#9640,#7350,#7351);
#5996=AXIS2_PLACEMENT_3D('',#9642,#7352,#7353);
#5997=AXIS2_PLACEMENT_3D('',#9646,#7356,#7357);
#5998=AXIS2_PLACEMENT_3D('',#9650,#7359,#7360);
#5999=AXIS2_PLACEMENT_3D('',#9654,#7362,#7363);
#6000=AXIS2_PLACEMENT_3D('',#9658,#7365,#7366);
#6001=AXIS2_PLACEMENT_3D('',#9662,#7368,#7369);
#6002=AXIS2_PLACEMENT_3D('',#9667,#7372,#7373);
#6003=AXIS2_PLACEMENT_3D('',#9671,#7375,#7376);
#6004=AXIS2_PLACEMENT_3D('',#9675,#7378,#7379);
#6005=AXIS2_PLACEMENT_3D('',#9679,#7381,#7382);
#6006=AXIS2_PLACEMENT_3D('',#9681,#7384,#7385);
#6007=AXIS2_PLACEMENT_3D('',#9683,#7386,#7387);
#6008=AXIS2_PLACEMENT_3D('',#9685,#7389,#7390);
#6009=AXIS2_PLACEMENT_3D('',#9688,#7392,#7393);
#6010=AXIS2_PLACEMENT_3D('',#9689,#7394,#7395);
#6011=AXIS2_PLACEMENT_3D('',#9691,#7397,#7398);
#6012=AXIS2_PLACEMENT_3D('',#9693,#7400,#7401);
#6013=AXIS2_PLACEMENT_3D('',#9696,#7403,#7404);
#6014=AXIS2_PLACEMENT_3D('',#9698,#7406,#7407);
#6015=AXIS2_PLACEMENT_3D('',#9709,#7414,#7415);
#6016=AXIS2_PLACEMENT_3D('',#9710,#7416,#7417);
#6017=AXIS2_PLACEMENT_3D('',#9711,#7418,#7419);
#6018=AXIS2_PLACEMENT_3D('',#9712,#7420,#7421);
#6019=AXIS2_PLACEMENT_3D('',#9713,#7422,#7423);
#6020=AXIS2_PLACEMENT_3D('',#9716,#7424,#7425);
#6021=AXIS2_PLACEMENT_3D('',#9736,#7426,#7427);
#6022=AXIS2_PLACEMENT_3D('',#9737,#7428,#7429);
#6023=AXIS2_PLACEMENT_3D('',#9740,#7430,#7431);
#6024=AXIS2_PLACEMENT_3D('',#9771,#7432,#7433);
#6025=AXIS2_PLACEMENT_3D('',#9772,#7434,#7435);
#6026=AXIS2_PLACEMENT_3D('',#9775,#7436,#7437);
#6027=AXIS2_PLACEMENT_3D('',#9796,#7438,#7439);
#6028=AXIS2_PLACEMENT_3D('',#9797,#7440,#7441);
#6029=AXIS2_PLACEMENT_3D('',#9800,#7442,#7443);
#6030=AXIS2_PLACEMENT_3D('',#9813,#7444,#7445);
#6031=AXIS2_PLACEMENT_3D('',#9824,#7446,#7447);
#6032=AXIS2_PLACEMENT_3D('',#9825,#7448,#7449);
#6033=AXIS2_PLACEMENT_3D('',#9826,#7450,#7451);
#6034=AXIS2_PLACEMENT_3D('',#9828,#7452,#7453);
#6035=AXIS2_PLACEMENT_3D('',#9829,#7454,#7455);
#6036=AXIS2_PLACEMENT_3D('',#9840,#7456,#7457);
#6037=AXIS2_PLACEMENT_3D('',#9841,#7458,#7459);
#6038=AXIS2_PLACEMENT_3D('',#9843,#7460,#7461);
#6039=AXIS2_PLACEMENT_3D('',#9844,#7462,#7463);
#6040=AXIS2_PLACEMENT_3D('',#9845,#7464,#7465);
#6041=AXIS2_PLACEMENT_3D('',#9848,#7467,#7468);
#6042=AXIS2_PLACEMENT_3D('',#9850,#7470,#7471);
#6043=AXIS2_PLACEMENT_3D('',#9852,#7472,#7473);
#6044=AXIS2_PLACEMENT_3D('',#9854,#7474,#7475);
#6045=AXIS2_PLACEMENT_3D('',#9855,#7476,#7477);
#6046=AXIS2_PLACEMENT_3D('',#9857,#7478,#7479);
#6047=AXIS2_PLACEMENT_3D('',#9859,#7480,#7481);
#6048=AXIS2_PLACEMENT_3D('',#9860,#7482,#7483);
#6049=AXIS2_PLACEMENT_3D('',#9861,#7484,#7485);
#6050=AXIS2_PLACEMENT_3D('',#9863,#7486,#7487);
#6051=AXIS2_PLACEMENT_3D('',#9865,#7488,#7489);
#6052=AXIS2_PLACEMENT_3D('',#9866,#7490,#7491);
#6053=AXIS2_PLACEMENT_3D('',#9868,#7492,#7493);
#6054=AXIS2_PLACEMENT_3D('',#9870,#7494,#7495);
#6055=AXIS2_PLACEMENT_3D('',#9871,#7496,#7497);
#6056=AXIS2_PLACEMENT_3D('',#9872,#7498,#7499);
#6057=AXIS2_PLACEMENT_3D('',#9878,#7503,#7504);
#6058=AXIS2_PLACEMENT_3D('',#9881,#7506,#7507);
#6059=AXIS2_PLACEMENT_3D('',#9884,#7508,#7509);
#6060=AXIS2_PLACEMENT_3D('',#9888,#7511,#7512);
#6061=AXIS2_PLACEMENT_3D('',#9892,#7514,#7515);
#6062=AXIS2_PLACEMENT_3D('',#9896,#7517,#7518);
#6063=AXIS2_PLACEMENT_3D('',#9906,#7524,#7525);
#6064=AXIS2_PLACEMENT_3D('',#9907,#7526,#7527);
#6065=AXIS2_PLACEMENT_3D('',#9909,#7528,#7529);
#6066=AXIS2_PLACEMENT_3D('',#9911,#7530,#7531);
#6067=AXIS2_PLACEMENT_3D('',#9912,#7532,#7533);
#6068=AXIS2_PLACEMENT_3D('',#9913,#7534,#7535);
#6069=AXIS2_PLACEMENT_3D('',#9915,#7536,#7537);
#6070=AXIS2_PLACEMENT_3D('',#9917,#7539,#7540);
#6071=AXIS2_PLACEMENT_3D('',#9919,#7541,#7542);
#6072=AXIS2_PLACEMENT_3D('',#9920,#7543,#7544);
#6073=AXIS2_PLACEMENT_3D('',#9921,#7545,#7546);
#6074=AXIS2_PLACEMENT_3D('',#9923,#7547,#7548);
#6075=AXIS2_PLACEMENT_3D('',#9925,#7550,#7551);
#6076=AXIS2_PLACEMENT_3D('',#9926,#7552,#7553);
#6077=AXIS2_PLACEMENT_3D('',#9927,#7554,#7555);
#6078=AXIS2_PLACEMENT_3D('',#9929,#7556,#7557);
#6079=AXIS2_PLACEMENT_3D('',#9930,#7558,#7559);
#6080=AXIS2_PLACEMENT_3D('',#9931,#7560,#7561);
#6081=AXIS2_PLACEMENT_3D('',#9933,#7563,#7564);
#6082=AXIS2_PLACEMENT_3D('',#9940,#7568,#7569);
#6083=AXIS2_PLACEMENT_3D('',#9942,#7570,#7571);
#6084=AXIS2_PLACEMENT_3D('',#9943,#7572,#7573);
#6085=AXIS2_PLACEMENT_3D('',#9946,#7575,#7576);
#6086=AXIS2_PLACEMENT_3D('',#9947,#7577,#7578);
#6087=AXIS2_PLACEMENT_3D('',#9951,#7581,#7582);
#6088=AXIS2_PLACEMENT_3D('',#9954,#7584,#7585);
#6089=AXIS2_PLACEMENT_3D('',#9955,#7586,#7587);
#6090=AXIS2_PLACEMENT_3D('',#9958,#7588,#7589);
#6091=AXIS2_PLACEMENT_3D('',#9960,#7590,#7591);
#6092=AXIS2_PLACEMENT_3D('',#9962,#7592,#7593);
#6093=AXIS2_PLACEMENT_3D('',#9963,#7594,#7595);
#6094=AXIS2_PLACEMENT_3D('',#9964,#7596,#7597);
#6095=AXIS2_PLACEMENT_3D('',#9967,#7598,#7599);
#6096=AXIS2_PLACEMENT_3D('',#9970,#7602,#7603);
#6097=AXIS2_PLACEMENT_3D('',#9972,#7604,#7605);
#6098=AXIS2_PLACEMENT_3D('',#9973,#7606,#7607);
#6099=AXIS2_PLACEMENT_3D('',#9974,#7608,#7609);
#6100=AXIS2_PLACEMENT_3D('',#9975,#7610,#7611);
#6101=AXIS2_PLACEMENT_3D('',#9977,#7612,#7613);
#6102=AXIS2_PLACEMENT_3D('',#9979,#7615,#7616);
#6103=AXIS2_PLACEMENT_3D('',#9981,#7617,#7618);
#6104=AXIS2_PLACEMENT_3D('',#9982,#7619,#7620);
#6105=AXIS2_PLACEMENT_3D('',#9983,#7621,#7622);
#6106=AXIS2_PLACEMENT_3D('',#9985,#7623,#7624);
#6107=AXIS2_PLACEMENT_3D('',#9987,#7626,#7627);
#6108=AXIS2_PLACEMENT_3D('',#9989,#7628,#7629);
#6109=AXIS2_PLACEMENT_3D('',#9990,#7630,#7631);
#6110=AXIS2_PLACEMENT_3D('',#9991,#7632,#7633);
#6111=AXIS2_PLACEMENT_3D('',#9994,#7636,#7637);
#6112=AXIS2_PLACEMENT_3D('',#9996,#7639,#7640);
#6113=AXIS2_PLACEMENT_3D('',#9998,#7642,#7643);
#6114=AXIS2_PLACEMENT_3D('',#10000,#7645,#7646);
#6115=AXIS2_PLACEMENT_3D('',#10003,#7647,#7648);
#6116=AXIS2_PLACEMENT_3D('',#10007,#7650,#7651);
#6117=AXIS2_PLACEMENT_3D('',#10011,#7653,#7654);
#6118=AXIS2_PLACEMENT_3D('',#10015,#7656,#7657);
#6119=AXIS2_PLACEMENT_3D('',#10035,#7663,#7664);
#6120=AXIS2_PLACEMENT_3D('',#10037,#7665,#7666);
#6121=AXIS2_PLACEMENT_3D('',#10038,#7667,#7668);
#6122=AXIS2_PLACEMENT_3D('',#10039,#7669,#7670);
#6123=AXIS2_PLACEMENT_3D('',#10041,#7671,#7672);
#6124=AXIS2_PLACEMENT_3D('',#10052,#7674,#7675);
#6125=AXIS2_PLACEMENT_3D('',#10053,#7676,#7677);
#6126=AXIS2_PLACEMENT_3D('',#10054,#7678,#7679);
#6127=AXIS2_PLACEMENT_3D('',#10056,#7681,#7682);
#6128=AXIS2_PLACEMENT_3D('',#10059,#7684,#7685);
#6129=AXIS2_PLACEMENT_3D('',#10060,#7686,#7687);
#6130=AXIS2_PLACEMENT_3D('',#10064,#7690,#7691);
#6131=AXIS2_PLACEMENT_3D('',#10067,#7693,#7694);
#6132=AXIS2_PLACEMENT_3D('',#10068,#7695,#7696);
#6133=AXIS2_PLACEMENT_3D('',#10078,#7697,#7698);
#6134=AXIS2_PLACEMENT_3D('',#10079,#7699,#7700);
#6135=AXIS2_PLACEMENT_3D('',#10080,#7701,#7702);
#6136=AXIS2_PLACEMENT_3D('',#10081,#7703,#7704);
#6137=AXIS2_PLACEMENT_3D('',#10091,#7705,#7706);
#6138=AXIS2_PLACEMENT_3D('',#10092,#7707,#7708);
#6139=AXIS2_PLACEMENT_3D('',#10093,#7709,#7710);
#6140=AXIS2_PLACEMENT_3D('',#10103,#7711,#7712);
#6141=AXIS2_PLACEMENT_3D('',#10104,#7713,#7714);
#6142=AXIS2_PLACEMENT_3D('',#10106,#7715,#7716);
#6143=AXIS2_PLACEMENT_3D('',#10117,#7718,#7719);
#6144=AXIS2_PLACEMENT_3D('',#10118,#7720,#7721);
#6145=AXIS2_PLACEMENT_3D('',#10119,#7722,#7723);
#6146=AXIS2_PLACEMENT_3D('',#10120,#7724,#7725);
#6147=AXIS2_PLACEMENT_3D('',#10123,#7728,#7729);
#6148=AXIS2_PLACEMENT_3D('',#10125,#7731,#7732);
#6149=AXIS2_PLACEMENT_3D('',#10127,#7734,#7735);
#6150=AXIS2_PLACEMENT_3D('',#10128,#7736,#7737);
#6151=AXIS2_PLACEMENT_3D('',#10130,#7738,#7739);
#6152=AXIS2_PLACEMENT_3D('',#10131,#7740,#7741);
#6153=AXIS2_PLACEMENT_3D('',#10133,#7742,#7743);
#6154=AXIS2_PLACEMENT_3D('',#10134,#7744,#7745);
#6155=AXIS2_PLACEMENT_3D('',#10135,#7746,#7747);
#6156=AXIS2_PLACEMENT_3D('',#10136,#7748,#7749);
#6157=AXIS2_PLACEMENT_3D('',#10139,#7752,#7753);
#6158=AXIS2_PLACEMENT_3D('',#10141,#7755,#7756);
#6159=AXIS2_PLACEMENT_3D('',#10143,#7758,#7759);
#6160=AXIS2_PLACEMENT_3D('',#10145,#7761,#7762);
#6161=AXIS2_PLACEMENT_3D('',#10147,#7764,#7765);
#6162=AXIS2_PLACEMENT_3D('',#10149,#7767,#7768);
#6163=AXIS2_PLACEMENT_3D('',#10151,#7770,#7771);
#6164=AXIS2_PLACEMENT_3D('',#10152,#7772,#7773);
#6165=AXIS2_PLACEMENT_3D('',#10154,#7775,#7776);
#6166=AXIS2_PLACEMENT_3D('',#10155,#7777,#7778);
#6167=AXIS2_PLACEMENT_3D('',#10158,#7781,#7782);
#6168=AXIS2_PLACEMENT_3D('',#10160,#7784,#7785);
#6169=AXIS2_PLACEMENT_3D('',#10162,#7787,#7788);
#6170=AXIS2_PLACEMENT_3D('',#10164,#7790,#7791);
#6171=AXIS2_PLACEMENT_3D('',#10166,#7793,#7794);
#6172=AXIS2_PLACEMENT_3D('',#10168,#7796,#7797);
#6173=AXIS2_PLACEMENT_3D('',#10170,#7799,#7800);
#6174=AXIS2_PLACEMENT_3D('',#10171,#7801,#7802);
#6175=DIRECTION('axis',(0.,0.,1.));
#6176=DIRECTION('refdir',(1.,0.,0.));
#6177=DIRECTION('center_axis',(0.,0.,-1.));
#6178=DIRECTION('ref_axis',(-1.,0.,0.));
#6179=DIRECTION('center_axis',(0.,0.,1.));
#6180=DIRECTION('ref_axis',(-1.,0.,0.));
#6181=DIRECTION('center_axis',(-2.81736037578933E-032,2.53765262771464E-016,
-1.));
#6182=DIRECTION('ref_axis',(-1.,0.,0.));
#6183=DIRECTION('center_axis',(0.,0.,-1.));
#6184=DIRECTION('ref_axis',(-1.,0.,0.));
#6185=DIRECTION('center_axis',(0.,0.,1.));
#6186=DIRECTION('ref_axis',(-1.,0.,0.));
#6187=DIRECTION('center_axis',(0.,-2.53765262771464E-016,-1.));
#6188=DIRECTION('ref_axis',(-1.,0.,0.));
#6189=DIRECTION('center_axis',(0.,0.,-1.));
#6190=DIRECTION('ref_axis',(-1.,0.,0.));
#6191=DIRECTION('center_axis',(0.,0.,1.));
#6192=DIRECTION('ref_axis',(-1.,0.,0.));
#6193=DIRECTION('center_axis',(0.,-2.53765262771464E-016,-1.));
#6194=DIRECTION('ref_axis',(-1.,0.,0.));
#6195=DIRECTION('center_axis',(0.,0.,-1.));
#6196=DIRECTION('ref_axis',(-1.,0.,0.));
#6197=DIRECTION('center_axis',(0.,0.,1.));
#6198=DIRECTION('ref_axis',(-1.,0.,0.));
#6199=DIRECTION('center_axis',(0.,-2.53765262771464E-016,-1.));
#6200=DIRECTION('ref_axis',(-1.,0.,0.));
#6201=DIRECTION('center_axis',(0.,0.,-1.));
#6202=DIRECTION('ref_axis',(-1.,0.,0.));
#6203=DIRECTION('center_axis',(0.,0.,1.));
#6204=DIRECTION('ref_axis',(-1.,0.,0.));
#6205=DIRECTION('center_axis',(-2.81736037578933E-032,2.53765262771464E-016,
-1.));
#6206=DIRECTION('ref_axis',(-1.,0.,0.));
#6207=DIRECTION('center_axis',(0.,0.,-1.));
#6208=DIRECTION('ref_axis',(-1.,0.,0.));
#6209=DIRECTION('center_axis',(0.,0.,1.));
#6210=DIRECTION('ref_axis',(-1.,0.,0.));
#6211=DIRECTION('center_axis',(-2.81736037578933E-032,2.53765262771464E-016,
-1.));
#6212=DIRECTION('ref_axis',(-1.,0.,0.));
#6213=DIRECTION('center_axis',(0.,0.,1.));
#6214=DIRECTION('ref_axis',(1.,0.,0.));
#6215=DIRECTION('center_axis',(0.,0.,1.));
#6216=DIRECTION('ref_axis',(1.,0.,0.));
#6217=DIRECTION('center_axis',(0.,0.,-1.));
#6218=DIRECTION('ref_axis',(1.,0.,0.));
#6219=DIRECTION('center_axis',(0.,0.,1.));
#6220=DIRECTION('ref_axis',(1.,0.,0.));
#6221=DIRECTION('center_axis',(0.,0.,1.));
#6222=DIRECTION('ref_axis',(1.,0.,0.));
#6223=DIRECTION('center_axis',(0.,0.,-1.));
#6224=DIRECTION('ref_axis',(1.,0.,0.));
#6225=DIRECTION('center_axis',(0.,0.,1.));
#6226=DIRECTION('ref_axis',(1.,0.,0.));
#6227=DIRECTION('center_axis',(0.,0.,1.));
#6228=DIRECTION('ref_axis',(1.,0.,0.));
#6229=DIRECTION('center_axis',(0.,0.,-1.));
#6230=DIRECTION('ref_axis',(1.,0.,0.));
#6231=DIRECTION('center_axis',(0.,0.,1.));
#6232=DIRECTION('ref_axis',(1.,0.,0.));
#6233=DIRECTION('center_axis',(0.,0.,1.));
#6234=DIRECTION('ref_axis',(1.,0.,0.));
#6235=DIRECTION('center_axis',(0.,0.,-1.));
#6236=DIRECTION('ref_axis',(1.,0.,0.));
#6237=DIRECTION('center_axis',(-1.,0.,0.));
#6238=DIRECTION('ref_axis',(0.,0.707106781186548,-0.707106781186547));
#6239=DIRECTION('',(-1.,0.,0.));
#6240=DIRECTION('center_axis',(-0.707106781186548,0.707106781186548,0.));
#6241=DIRECTION('ref_axis',(0.707106781186548,0.707106781186548,0.));
#6242=DIRECTION('',(1.,0.,0.));
#6243=DIRECTION('center_axis',(0.707106781186548,0.707106781186548,0.));
#6244=DIRECTION('ref_axis',(0.707106781186548,-0.707106781186548,0.));
#6245=DIRECTION('center_axis',(-4.44089209850063E-016,1.,0.));
#6246=DIRECTION('ref_axis',(0.707106781186547,0.,-0.707106781186547));
#6247=DIRECTION('',(4.44089209850063E-016,-1.,0.));
#6248=DIRECTION('',(-4.44089209850063E-016,1.,0.));
#6249=DIRECTION('center_axis',(-0.707106781186548,-0.707106781186548,1.25607396694702E-015));
#6250=DIRECTION('ref_axis',(-0.707106781186547,0.707106781186547,-1.25607396694702E-015));
#6251=DIRECTION('center_axis',(4.44089209850063E-016,-1.,0.));
#6252=DIRECTION('ref_axis',(-0.707106781186547,0.,-0.707106781186547));
#6253=DIRECTION('',(-4.44089209850063E-016,1.,0.));
#6254=DIRECTION('center_axis',(0.707106781186548,-0.707106781186548,0.));
#6255=DIRECTION('ref_axis',(-0.707106781186547,-0.707106781186547,0.));
#6256=DIRECTION('',(4.44089209850063E-016,-1.,0.));
#6257=DIRECTION('center_axis',(1.,4.44089209850063E-016,-8.0509458485611E-033));
#6258=DIRECTION('ref_axis',(0.,0.,-1.));
#6259=DIRECTION('',(0.,0.,-1.));
#6260=DIRECTION('center_axis',(1.,4.44089209850063E-016,0.));
#6261=DIRECTION('ref_axis',(-4.44089209850063E-016,1.,0.));
#6262=DIRECTION('',(4.44089209850062E-016,-1.,-1.1842378929335E-015));
#6263=DIRECTION('',(0.,0.,1.));
#6264=DIRECTION('',(-4.44089209850063E-016,1.,0.));
#6265=DIRECTION('center_axis',(-1.,-4.44089209850063E-016,0.));
#6266=DIRECTION('ref_axis',(4.44089209850063E-016,-1.,0.));
#6267=DIRECTION('center_axis',(0.,-1.,0.));
#6268=DIRECTION('ref_axis',(0.,0.,-1.));
#6269=DIRECTION('',(0.,0.,-1.));
#6270=DIRECTION('',(1.,0.,0.));
#6271=DIRECTION('center_axis',(0.,0.,1.));
#6272=DIRECTION('ref_axis',(1.,0.,0.));
#6273=DIRECTION('',(-1.11022302462516E-016,1.,0.));
#6274=DIRECTION('',(-1.,-1.11022302462516E-016,0.));
#6275=DIRECTION('',(-1.,-1.11022302462516E-016,0.));
#6276=DIRECTION('',(-9.86864910777917E-017,1.,0.));
#6277=DIRECTION('center_axis',(0.,0.,-1.));
#6278=DIRECTION('ref_axis',(-0.707106781186548,-0.707106781186548,0.));
#6279=DIRECTION('',(-1.,-7.72329060608805E-017,0.));
#6280=DIRECTION('center_axis',(0.,0.,-1.));
#6281=DIRECTION('ref_axis',(0.707106781186548,-0.707106781186548,0.));
#6282=DIRECTION('',(9.86864910777917E-017,-1.,0.));
#6283=DIRECTION('center_axis',(0.,0.,-1.));
#6284=DIRECTION('ref_axis',(0.707106781186548,0.707106781186548,0.));
#6285=DIRECTION('',(1.,7.72329060608805E-017,0.));
#6286=DIRECTION('center_axis',(0.,0.,-1.));
#6287=DIRECTION('ref_axis',(-0.707106781186548,0.707106781186548,0.));
#6288=DIRECTION('',(-9.86864910777917E-017,1.,0.));
#6289=DIRECTION('',(1.,0.,0.));
#6290=DIRECTION('',(1.,0.,0.));
#6291=DIRECTION('',(0.,1.,0.));
#6292=DIRECTION('center_axis',(0.,0.,-1.));
#6293=DIRECTION('ref_axis',(0.,-1.,0.));
#6294=DIRECTION('',(1.,0.,0.));
#6295=DIRECTION('center_axis',(0.,0.,-1.));
#6296=DIRECTION('ref_axis',(-1.,0.,0.));
#6297=DIRECTION('',(3.1720657846433E-017,-1.,0.));
#6298=DIRECTION('center_axis',(0.,0.,-1.));
#6299=DIRECTION('ref_axis',(-4.44089209850063E-016,1.,0.));
#6300=DIRECTION('',(-1.,0.,0.));
#6301=DIRECTION('center_axis',(0.,0.,-1.));
#6302=DIRECTION('ref_axis',(1.,0.,0.));
#6303=DIRECTION('center_axis',(0.,0.,-1.));
#6304=DIRECTION('ref_axis',(0.,-1.,0.));
#6305=DIRECTION('',(0.,-1.,0.));
#6306=DIRECTION('center_axis',(0.,0.,-1.));
#6307=DIRECTION('ref_axis',(-1.,0.,0.));
#6308=DIRECTION('',(-1.,0.,0.));
#6309=DIRECTION('center_axis',(0.,0.,-1.));
#6310=DIRECTION('ref_axis',(0.,1.,0.));
#6311=DIRECTION('',(-2.96059473233374E-015,1.,0.));
#6312=DIRECTION('center_axis',(0.,0.,-1.));
#6313=DIRECTION('ref_axis',(1.,0.,0.));
#6314=DIRECTION('',(1.,5.55111512312578E-016,0.));
#6315=DIRECTION('',(-1.,0.,0.));
#6316=DIRECTION('center_axis',(1.,0.,0.));
#6317=DIRECTION('ref_axis',(0.,1.,0.));
#6318=DIRECTION('center_axis',(1.,4.44089209850063E-016,0.));
#6319=DIRECTION('ref_axis',(-4.44089209850063E-016,1.,0.));
#6320=DIRECTION('',(1.,0.,0.));
#6321=DIRECTION('center_axis',(0.,-1.1842378929335E-015,1.));
#6322=DIRECTION('ref_axis',(7.105427357601E-016,-1.,-1.06581410364015E-015));
#6323=DIRECTION('',(4.44089209850062E-016,-1.,-1.1842378929335E-015));
#6324=DIRECTION('',(1.,0.,0.));
#6325=DIRECTION('center_axis',(0.,1.,0.));
#6326=DIRECTION('ref_axis',(0.,0.,1.));
#6327=DIRECTION('',(0.,0.,1.));
#6328=DIRECTION('',(1.,0.,0.));
#6329=DIRECTION('center_axis',(0.,0.,-1.));
#6330=DIRECTION('ref_axis',(-7.105427357601E-016,1.,0.));
#6331=DIRECTION('',(-4.44089209850063E-016,1.,0.));
#6332=DIRECTION('',(1.,0.,0.));
#6333=DIRECTION('center_axis',(1.,0.,0.));
#6334=DIRECTION('ref_axis',(0.,-1.,0.));
#6335=DIRECTION('center_axis',(-1.,-4.44089209850063E-016,0.));
#6336=DIRECTION('ref_axis',(4.44089209850063E-016,-1.,0.));
#6337=DIRECTION('center_axis',(1.,4.44089209850063E-016,-8.0509458485611E-033));
#6338=DIRECTION('ref_axis',(0.,0.,-1.));
#6339=DIRECTION('center_axis',(-1.,-7.61611076487752E-018,-2.84237123305952E-017));
#6340=DIRECTION('ref_axis',(0.,0.258819045102521,0.965925826289068));
#6341=DIRECTION('',(6.12323399573676E-017,-0.965925826289068,0.258819045102521));
#6342=DIRECTION('',(-2.94263923346935E-017,0.258819045102521,0.965925826289068));
#6343=DIRECTION('',(0.,0.965925826289068,-0.258819045102521));
#6344=DIRECTION('',(-2.94263923346935E-017,0.258819045102521,0.965925826289068));
#6345=DIRECTION('center_axis',(1.,7.61611076487752E-018,2.84237123305952E-017));
#6346=DIRECTION('ref_axis',(0.,-0.258819045102521,-0.965925826289068));
#6347=DIRECTION('',(-6.12323399573676E-017,0.965925826289068,-0.258819045102521));
#6348=DIRECTION('',(2.94263923346935E-017,-0.258819045102521,-0.965925826289068));
#6349=DIRECTION('',(0.,0.965925826289068,-0.258819045102521));
#6350=DIRECTION('',(2.94263923346935E-017,-0.258819045102521,-0.965925826289068));
#6351=DIRECTION('center_axis',(0.,0.965925826289068,-0.258819045102521));
#6352=DIRECTION('ref_axis',(1.,7.6161107648775E-018,2.84237123305951E-017));
#6353=DIRECTION('center_axis',(-1.09820791276532E-016,0.965925826289068,
-0.258819045102521));
#6354=DIRECTION('ref_axis',(1.,7.6161107648775E-018,2.84237123305951E-017));
#6355=DIRECTION('center_axis',(-1.09820791276532E-016,0.965925826289068,
-0.258819045102521));
#6356=DIRECTION('ref_axis',(1.,1.13694849322381E-016,0.));
#6357=DIRECTION('center_axis',(-6.96710414673728E-017,0.965925826289068,
-0.258819045102521));
#6358=DIRECTION('ref_axis',(0.,0.258819045102521,0.965925826289068));
#6359=DIRECTION('center_axis',(-6.96710414673728E-017,0.965925826289068,
-0.258819045102521));
#6360=DIRECTION('ref_axis',(-3.39907768361723E-033,0.258819045102521,0.965925826289068));
#6361=DIRECTION('center_axis',(1.09820791276532E-016,-0.965925826289068,
0.258819045102521));
#6362=DIRECTION('ref_axis',(0.,-0.258819045102521,-0.965925826289068));
#6363=DIRECTION('center_axis',(1.11022302462516E-016,-0.965925826289068,
0.258819045102521));
#6364=DIRECTION('ref_axis',(-1.,-1.14938745233726E-016,3.1901910345002E-033));
#6365=DIRECTION('center_axis',(-1.09820791276532E-016,0.965925826289068,
-0.258819045102521));
#6366=DIRECTION('ref_axis',(-1.,-7.61611076487753E-018,-2.84237123305952E-017));
#6367=DIRECTION('center_axis',(-1.09820791276532E-016,0.965925826289068,
-0.258819045102521));
#6368=DIRECTION('ref_axis',(-1.,-7.61611076487753E-018,-2.84237123305952E-017));
#6369=DIRECTION('center_axis',(0.,0.965925826289068,-0.258819045102521));
#6370=DIRECTION('ref_axis',(-1.,-7.61611076487753E-018,-2.84237123305952E-017));
#6371=DIRECTION('center_axis',(-1.09820791276532E-016,0.965925826289068,
-0.258819045102521));
#6372=DIRECTION('ref_axis',(-1.,-1.13694849322381E-016,0.));
#6373=DIRECTION('center_axis',(-1.38777878078145E-016,0.965925826289068,
-0.258819045102521));
#6374=DIRECTION('ref_axis',(0.,0.258819045102521,0.965925826289068));
#6375=DIRECTION('center_axis',(0.,0.965925826289068,-0.258819045102521));
#6376=DIRECTION('ref_axis',(-1.,-7.61611076487753E-018,-2.84237123305952E-017));
#6377=DIRECTION('center_axis',(-1.09820791276532E-016,0.965925826289068,
-0.258819045102521));
#6378=DIRECTION('ref_axis',(-1.,-1.13694849322381E-016,0.));
#6379=DIRECTION('center_axis',(-1.38777878078145E-016,0.965925826289068,
-0.258819045102521));
#6380=DIRECTION('ref_axis',(0.,0.258819045102521,0.965925826289068));
#6381=DIRECTION('center_axis',(-6.12323399573676E-017,0.965925826289068,
-0.258819045102521));
#6382=DIRECTION('ref_axis',(-3.39907768361723E-033,0.258819045102521,0.965925826289068));
#6383=DIRECTION('center_axis',(-7.72329060608805E-017,1.,0.));
#6384=DIRECTION('ref_axis',(1.58480957571589E-017,0.,1.));
#6385=DIRECTION('center_axis',(0.,0.,1.));
#6386=DIRECTION('ref_axis',(0.,1.,0.));
#6387=DIRECTION('',(0.,0.,1.));
#6388=DIRECTION('center_axis',(0.,0.,1.));
#6389=DIRECTION('ref_axis',(0.,1.,0.));
#6390=DIRECTION('',(0.,0.,1.));
#6391=DIRECTION('center_axis',(-1.,-2.96059473233374E-015,0.));
#6392=DIRECTION('ref_axis',(2.8421709430404E-015,-1.,0.));
#6393=DIRECTION('',(2.96059473233374E-015,-1.,0.));
#6394=DIRECTION('',(0.,0.,1.));
#6395=DIRECTION('center_axis',(0.,0.,1.));
#6396=DIRECTION('ref_axis',(1.,0.,0.));
#6397=DIRECTION('center_axis',(0.,0.,1.));
#6398=DIRECTION('ref_axis',(1.,0.,0.));
#6399=DIRECTION('',(0.,0.,1.));
#6400=DIRECTION('center_axis',(-5.55111512312578E-016,1.,0.));
#6401=DIRECTION('ref_axis',(-1.,0.,0.));
#6402=DIRECTION('',(-1.,-5.55111512312578E-016,0.));
#6403=DIRECTION('',(0.,0.,1.));
#6404=DIRECTION('center_axis',(0.,0.,1.));
#6405=DIRECTION('ref_axis',(0.,-1.,0.));
#6406=DIRECTION('center_axis',(0.,0.,1.));
#6407=DIRECTION('ref_axis',(0.,-1.,0.));
#6408=DIRECTION('',(0.,0.,1.));
#6409=DIRECTION('center_axis',(1.,0.,0.));
#6410=DIRECTION('ref_axis',(0.,1.,0.));
#6411=DIRECTION('',(0.,1.,0.));
#6412=DIRECTION('',(0.,0.,1.));
#6413=DIRECTION('center_axis',(0.,0.,1.));
#6414=DIRECTION('ref_axis',(-1.,0.,0.));
#6415=DIRECTION('center_axis',(0.,0.,1.));
#6416=DIRECTION('ref_axis',(-1.,0.,0.));
#6417=DIRECTION('',(0.,0.,1.));
#6418=DIRECTION('center_axis',(0.,-1.,0.));
#6419=DIRECTION('ref_axis',(1.,0.,0.));
#6420=DIRECTION('',(1.,0.,0.));
#6421=DIRECTION('center_axis',(1.,0.,0.));
#6422=DIRECTION('ref_axis',(0.,-1.,0.));
#6423=DIRECTION('',(0.,-1.,0.));
#6424=DIRECTION('',(0.,0.,-1.));
#6425=DIRECTION('',(0.,-1.,0.));
#6426=DIRECTION('',(0.,0.,-1.));
#6427=DIRECTION('center_axis',(0.,1.,0.));
#6428=DIRECTION('ref_axis',(1.,0.,0.));
#6429=DIRECTION('',(1.,0.,0.));
#6430=DIRECTION('',(0.,0.,-1.));
#6431=DIRECTION('',(1.,0.,0.));
#6432=DIRECTION('center_axis',(-1.,0.,0.));
#6433=DIRECTION('ref_axis',(0.,1.,0.));
#6434=DIRECTION('',(0.,1.,0.));
#6435=DIRECTION('',(0.,0.,-1.));
#6436=DIRECTION('',(0.,1.,0.));
#6437=DIRECTION('center_axis',(0.,-1.,0.));
#6438=DIRECTION('ref_axis',(-1.,0.,0.));
#6439=DIRECTION('',(-1.,0.,0.));
#6440=DIRECTION('',(0.,0.,-1.));
#6441=DIRECTION('',(-1.,0.,0.));
#6442=DIRECTION('center_axis',(1.,0.,0.));
#6443=DIRECTION('ref_axis',(0.,-1.,0.));
#6444=DIRECTION('',(0.,-1.,0.));
#6445=DIRECTION('',(0.,0.,-1.));
#6446=DIRECTION('',(0.,-1.,0.));
#6447=DIRECTION('center_axis',(0.,-1.,0.));
#6448=DIRECTION('ref_axis',(-1.,0.,0.));
#6449=DIRECTION('',(-1.,0.,0.));
#6450=DIRECTION('',(0.,0.,-1.));
#6451=DIRECTION('',(-1.,0.,0.));
#6452=DIRECTION('center_axis',(1.,0.,0.));
#6453=DIRECTION('ref_axis',(0.,-1.,0.));
#6454=DIRECTION('',(0.,-1.,0.));
#6455=DIRECTION('',(0.,0.,-1.));
#6456=DIRECTION('',(0.,-1.,0.));
#6457=DIRECTION('center_axis',(0.,1.,0.));
#6458=DIRECTION('ref_axis',(1.,0.,0.));
#6459=DIRECTION('',(1.,0.,0.));
#6460=DIRECTION('',(0.,0.,-1.));
#6461=DIRECTION('',(1.,0.,0.));
#6462=DIRECTION('center_axis',(1.,0.,0.));
#6463=DIRECTION('ref_axis',(0.,-1.,0.));
#6464=DIRECTION('',(0.,-1.,0.));
#6465=DIRECTION('',(0.,0.,-1.));
#6466=DIRECTION('',(0.,-1.,0.));
#6467=DIRECTION('center_axis',(0.,-1.,0.));
#6468=DIRECTION('ref_axis',(-1.,0.,0.));
#6469=DIRECTION('',(-1.,0.,0.));
#6470=DIRECTION('',(-1.,0.,0.));
#6471=DIRECTION('center_axis',(0.,0.,-1.));
#6472=DIRECTION('ref_axis',(-1.,0.,0.));
#6473=DIRECTION('center_axis',(0.965925826289069,0.25881904510252,0.));
#6474=DIRECTION('ref_axis',(0.25881904510252,-0.965925826289069,0.));
#6475=DIRECTION('',(-0.25881904510252,0.965925826289069,0.));
#6476=DIRECTION('',(0.,0.,-1.));
#6477=DIRECTION('',(-0.25881904510252,0.965925826289069,0.));
#6478=DIRECTION('',(0.,0.,-1.));
#6479=DIRECTION('center_axis',(0.,0.,-1.));
#6480=DIRECTION('ref_axis',(0.965925826289068,0.258819045102521,0.));
#6481=DIRECTION('center_axis',(0.,0.,1.));
#6482=DIRECTION('ref_axis',(0.965925826289068,0.258819045102521,0.));
#6483=DIRECTION('center_axis',(0.,0.,1.));
#6484=DIRECTION('ref_axis',(0.965925826289068,0.258819045102521,0.));
#6485=DIRECTION('',(0.,0.,-1.));
#6486=DIRECTION('center_axis',(-0.258819045102525,0.965925826289067,0.));
#6487=DIRECTION('ref_axis',(0.965925826289067,0.258819045102525,0.));
#6488=DIRECTION('',(-0.965925826289067,-0.258819045102525,0.));
#6489=DIRECTION('',(-0.965925826289067,-0.258819045102525,0.));
#6490=DIRECTION('',(0.,0.,-1.));
#6491=DIRECTION('center_axis',(0.,0.,-1.));
#6492=DIRECTION('ref_axis',(-0.25881904510253,0.965925826289066,0.));
#6493=DIRECTION('center_axis',(0.,0.,1.));
#6494=DIRECTION('ref_axis',(-0.25881904510253,0.965925826289066,0.));
#6495=DIRECTION('center_axis',(0.,0.,1.));
#6496=DIRECTION('ref_axis',(-0.25881904510253,0.965925826289066,0.));
#6497=DIRECTION('',(0.,0.,-1.));
#6498=DIRECTION('center_axis',(-0.965925826289068,-0.25881904510252,0.));
#6499=DIRECTION('ref_axis',(-0.25881904510252,0.965925826289069,0.));
#6500=DIRECTION('',(0.25881904510252,-0.965925826289068,0.));
#6501=DIRECTION('',(0.25881904510252,-0.965925826289068,0.));
#6502=DIRECTION('',(0.,0.,-1.));
#6503=DIRECTION('center_axis',(0.258819045102528,-0.965925826289066,0.));
#6504=DIRECTION('ref_axis',(-0.965925826289066,-0.258819045102528,0.));
#6505=DIRECTION('',(0.965925826289066,0.258819045102528,0.));
#6506=DIRECTION('',(0.,0.,-1.));
#6507=DIRECTION('',(0.965925826289066,0.258819045102528,0.));
#6508=DIRECTION('',(0.,0.,-1.));
#6509=DIRECTION('center_axis',(0.,0.,-1.));
#6510=DIRECTION('ref_axis',(0.966995943309381,0.254791769143353,0.));
#6511=DIRECTION('center_axis',(0.,0.,1.));
#6512=DIRECTION('ref_axis',(0.966995943309381,0.254791769143353,0.));
#6513=DIRECTION('center_axis',(0.,0.,1.));
#6514=DIRECTION('ref_axis',(0.966995943309381,0.254791769143353,0.));
#6515=DIRECTION('',(0.,0.,-1.));
#6516=DIRECTION('center_axis',(0.,0.,-1.));
#6517=DIRECTION('ref_axis',(0.179556673432801,-0.983747630759915,0.));
#6518=DIRECTION('center_axis',(0.,0.,-1.));
#6519=DIRECTION('ref_axis',(0.179556673432801,-0.983747630759915,0.));
#6520=DIRECTION('center_axis',(0.,0.,-1.));
#6521=DIRECTION('ref_axis',(0.179556673432801,-0.983747630759915,0.));
#6522=DIRECTION('',(0.,0.,-1.));
#6523=DIRECTION('center_axis',(0.,0.,-1.));
#6524=DIRECTION('ref_axis',(-0.999770340535349,0.0214304966305424,0.));
#6525=DIRECTION('center_axis',(0.,0.,-1.));
#6526=DIRECTION('ref_axis',(-0.999770340535349,0.0214304966305424,0.));
#6527=DIRECTION('center_axis',(0.,0.,-1.));
#6528=DIRECTION('ref_axis',(-0.999770340535349,0.0214304966305424,0.));
#6529=DIRECTION('',(0.,0.,-1.));
#6530=DIRECTION('center_axis',(0.,0.,-1.));
#6531=DIRECTION('ref_axis',(-0.999770340535349,0.0214304966305449,0.));
#6532=DIRECTION('center_axis',(0.,0.,1.));
#6533=DIRECTION('ref_axis',(-0.999770340535349,0.0214304966305449,0.));
#6534=DIRECTION('center_axis',(0.,0.,1.));
#6535=DIRECTION('ref_axis',(-0.999770340535349,0.0214304966305449,0.));
#6536=DIRECTION('',(0.,0.,-1.));
#6537=DIRECTION('center_axis',(0.258819045102522,-0.965925826289068,0.));
#6538=DIRECTION('ref_axis',(-0.965925826289068,-0.258819045102522,0.));
#6539=DIRECTION('',(0.965925826289068,0.258819045102522,0.));
#6540=DIRECTION('',(0.965925826289068,0.258819045102522,0.));
#6541=DIRECTION('',(0.,0.,-1.));
#6542=DIRECTION('center_axis',(0.,0.,-1.));
#6543=DIRECTION('ref_axis',(0.258819045102568,-0.965925826289056,0.));
#6544=DIRECTION('center_axis',(0.,0.,1.));
#6545=DIRECTION('ref_axis',(0.258819045102568,-0.965925826289056,0.));
#6546=DIRECTION('center_axis',(0.,0.,1.));
#6547=DIRECTION('ref_axis',(0.258819045102568,-0.965925826289056,0.));
#6548=DIRECTION('center_axis',(-0.258819045102519,0.965925826289069,0.));
#6549=DIRECTION('ref_axis',(0.965925826289069,0.258819045102518,0.));
#6550=DIRECTION('',(-0.965925826289069,-0.258819045102519,0.));
#6551=DIRECTION('',(0.,0.,-1.));
#6552=DIRECTION('',(-0.965925826289069,-0.258819045102519,0.));
#6553=DIRECTION('',(0.,0.,-1.));
#6554=DIRECTION('center_axis',(-0.965925826289043,-0.258819045102616,0.));
#6555=DIRECTION('ref_axis',(-0.258819045102615,0.965925826289043,0.));
#6556=DIRECTION('',(0.258819045102616,-0.965925826289043,0.));
#6557=DIRECTION('',(0.258819045102616,-0.965925826289043,0.));
#6558=DIRECTION('',(0.,0.,-1.));
#6559=DIRECTION('center_axis',(-2.51444021578919E-010,-1.,0.));
#6560=DIRECTION('ref_axis',(-1.,2.51444021159841E-010,0.));
#6561=DIRECTION('',(1.,-2.51444021578919E-010,0.));
#6562=DIRECTION('',(1.,-2.51444021578919E-010,0.));
#6563=DIRECTION('',(0.,0.,-1.));
#6564=DIRECTION('center_axis',(-0.738940726371716,-0.673770437841585,0.));
#6565=DIRECTION('ref_axis',(-0.673770437841584,0.738940726371716,0.));
#6566=DIRECTION('',(0.673770437841585,-0.738940726371716,0.));
#6567=DIRECTION('',(0.673770437841585,-0.738940726371716,0.));
#6568=DIRECTION('',(0.,0.,-1.));
#6569=DIRECTION('center_axis',(-0.673770437841586,0.738940726371715,0.));
#6570=DIRECTION('ref_axis',(0.738940726371715,0.673770437841586,0.));
#6571=DIRECTION('',(-0.738940726371715,-0.673770437841586,0.));
#6572=DIRECTION('',(-0.738940726371715,-0.673770437841586,0.));
#6573=DIRECTION('',(0.,0.,-1.));
#6574=DIRECTION('center_axis',(0.,0.,-1.));
#6575=DIRECTION('ref_axis',(0.424551709840135,0.905403692101936,0.));
#6576=DIRECTION('center_axis',(0.,0.,1.));
#6577=DIRECTION('ref_axis',(0.424551709840135,0.905403692101936,0.));
#6578=DIRECTION('center_axis',(0.,0.,1.));
#6579=DIRECTION('ref_axis',(0.424551709840135,0.905403692101936,0.));
#6580=DIRECTION('',(0.,0.,-1.));
#6581=DIRECTION('center_axis',(0.,0.,-1.));
#6582=DIRECTION('ref_axis',(-0.150936690361093,-0.988543431267863,0.));
#6583=DIRECTION('center_axis',(0.,0.,-1.));
#6584=DIRECTION('ref_axis',(-0.150936690361093,-0.988543431267863,0.));
#6585=DIRECTION('center_axis',(0.,0.,-1.));
#6586=DIRECTION('ref_axis',(-0.150936690361093,-0.988543431267863,0.));
#6587=DIRECTION('',(0.,0.,-1.));
#6588=DIRECTION('center_axis',(0.,0.,-1.));
#6589=DIRECTION('ref_axis',(-0.999770340535349,0.0214304966305448,0.));
#6590=DIRECTION('center_axis',(0.,0.,-1.));
#6591=DIRECTION('ref_axis',(-0.999770340535349,0.0214304966305448,0.));
#6592=DIRECTION('center_axis',(0.,0.,-1.));
#6593=DIRECTION('ref_axis',(-0.999770340535349,0.0214304966305448,0.));
#6594=DIRECTION('',(0.,0.,-1.));
#6595=DIRECTION('center_axis',(0.,0.,-1.));
#6596=DIRECTION('ref_axis',(-0.999770340535349,0.0214304966305415,0.));
#6597=DIRECTION('center_axis',(0.,0.,1.));
#6598=DIRECTION('ref_axis',(-0.999770340535349,0.0214304966305415,0.));
#6599=DIRECTION('center_axis',(0.,0.,1.));
#6600=DIRECTION('ref_axis',(-0.999770340535349,0.0214304966305415,0.));
#6601=DIRECTION('',(0.,0.,-1.));
#6602=DIRECTION('center_axis',(0.,0.,-1.));
#6603=DIRECTION('ref_axis',(0.179556673432805,-0.983747630759914,0.));
#6604=DIRECTION('center_axis',(0.,0.,1.));
#6605=DIRECTION('ref_axis',(0.179556673432805,-0.983747630759914,0.));
#6606=DIRECTION('center_axis',(0.,0.,1.));
#6607=DIRECTION('ref_axis',(0.179556673432805,-0.983747630759914,0.));
#6608=DIRECTION('',(0.,0.,-1.));
#6609=DIRECTION('center_axis',(0.,0.,-1.));
#6610=DIRECTION('ref_axis',(0.99644462451879,-0.0842502834868127,0.));
#6611=DIRECTION('center_axis',(0.,0.,-1.));
#6612=DIRECTION('ref_axis',(0.99644462451879,-0.0842502834868127,0.));
#6613=DIRECTION('center_axis',(0.,0.,-1.));
#6614=DIRECTION('ref_axis',(0.99644462451879,-0.0842502834868127,0.));
#6615=DIRECTION('',(0.,0.,-1.));
#6616=DIRECTION('center_axis',(0.,0.,-1.));
#6617=DIRECTION('ref_axis',(0.716779783324162,-0.697299607211827,0.));
#6618=DIRECTION('center_axis',(0.,0.,-1.));
#6619=DIRECTION('ref_axis',(0.716779783324162,-0.697299607211827,0.));
#6620=DIRECTION('center_axis',(0.,0.,-1.));
#6621=DIRECTION('ref_axis',(0.716779783324162,-0.697299607211827,0.));
#6622=DIRECTION('',(0.,0.,-1.));
#6623=DIRECTION('center_axis',(0.,0.,-1.));
#6624=DIRECTION('ref_axis',(0.984252484622394,-0.176768341381153,0.));
#6625=DIRECTION('center_axis',(0.,0.,1.));
#6626=DIRECTION('ref_axis',(0.984252484622394,-0.176768341381153,0.));
#6627=DIRECTION('center_axis',(0.,0.,1.));
#6628=DIRECTION('ref_axis',(0.984252484622394,-0.176768341381153,0.));
#6629=DIRECTION('',(0.,0.,-1.));
#6630=DIRECTION('center_axis',(0.,0.,-1.));
#6631=DIRECTION('ref_axis',(0.937184272877974,-0.348834686735972,0.));
#6632=DIRECTION('center_axis',(0.,0.,-1.));
#6633=DIRECTION('ref_axis',(0.937184272877974,-0.348834686735972,0.));
#6634=DIRECTION('center_axis',(0.,0.,-1.));
#6635=DIRECTION('ref_axis',(0.937184272877974,-0.348834686735972,0.));
#6636=DIRECTION('',(0.,0.,-1.));
#6637=DIRECTION('center_axis',(0.,0.,-1.));
#6638=DIRECTION('ref_axis',(0.694950471240208,0.71905760723534,0.));
#6639=DIRECTION('center_axis',(0.,0.,1.));
#6640=DIRECTION('ref_axis',(0.694950471240208,0.71905760723534,0.));
#6641=DIRECTION('center_axis',(0.,0.,1.));
#6642=DIRECTION('ref_axis',(0.694950471240208,0.71905760723534,0.));
#6643=DIRECTION('',(0.,0.,-1.));
#6644=DIRECTION('center_axis',(1.,1.03142825109898E-014,0.));
#6645=DIRECTION('ref_axis',(9.9475983006414E-015,-1.,0.));
#6646=DIRECTION('',(-1.03142825109898E-014,1.,0.));
#6647=DIRECTION('',(-1.03142825109898E-014,1.,0.));
#6648=DIRECTION('',(0.,0.,-1.));
#6649=DIRECTION('center_axis',(0.930899603346623,-0.365275140803614,0.));
#6650=DIRECTION('ref_axis',(-0.365275140803614,-0.930899603346623,0.));
#6651=DIRECTION('',(0.365275140803614,0.930899603346623,0.));
#6652=DIRECTION('',(0.365275140803614,0.930899603346623,0.));
#6653=DIRECTION('',(0.,0.,-1.));
#6654=DIRECTION('center_axis',(0.,0.,-1.));
#6655=DIRECTION('ref_axis',(-0.930899603346624,0.36527514080361,0.));
#6656=DIRECTION('center_axis',(0.,0.,1.));
#6657=DIRECTION('ref_axis',(-0.930899603346624,0.36527514080361,0.));
#6658=DIRECTION('center_axis',(0.,0.,1.));
#6659=DIRECTION('ref_axis',(-0.930899603346624,0.36527514080361,0.));
#6660=DIRECTION('',(0.,0.,-1.));
#6661=DIRECTION('center_axis',(0.365275140803625,0.930899603346619,0.));
#6662=DIRECTION('ref_axis',(0.930899603346619,-0.365275140803625,0.));
#6663=DIRECTION('',(-0.930899603346619,0.365275140803625,0.));
#6664=DIRECTION('',(-0.930899603346619,0.365275140803625,0.));
#6665=DIRECTION('',(0.,0.,-1.));
#6666=DIRECTION('center_axis',(0.,0.,-1.));
#6667=DIRECTION('ref_axis',(0.258819045102522,-0.965925826289068,0.));
#6668=DIRECTION('center_axis',(0.,0.,-1.));
#6669=DIRECTION('ref_axis',(0.258819045102522,-0.965925826289068,0.));
#6670=DIRECTION('center_axis',(0.,0.,-1.));
#6671=DIRECTION('ref_axis',(0.258819045102522,-0.965925826289068,0.));
#6672=DIRECTION('center_axis',(0.,0.,-1.));
#6673=DIRECTION('ref_axis',(-0.999624532030659,-0.0274006379941347,0.));
#6674=DIRECTION('center_axis',(0.,0.,1.));
#6675=DIRECTION('ref_axis',(-0.999624532030659,-0.0274006379941347,0.));
#6676=DIRECTION('',(0.,0.,-1.));
#6677=DIRECTION('center_axis',(0.,0.,1.));
#6678=DIRECTION('ref_axis',(-0.999624532030659,-0.0274006379941347,0.));
#6679=DIRECTION('',(0.,0.,-1.));
#6680=DIRECTION('center_axis',(0.,0.,-1.));
#6681=DIRECTION('ref_axis',(0.942841727704809,-0.33324086858999,0.));
#6682=DIRECTION('center_axis',(0.,0.,1.));
#6683=DIRECTION('ref_axis',(0.942841727704809,-0.33324086858999,0.));
#6684=DIRECTION('center_axis',(0.,0.,1.));
#6685=DIRECTION('ref_axis',(0.942841727704809,-0.33324086858999,0.));
#6686=DIRECTION('',(0.,0.,-1.));
#6687=DIRECTION('center_axis',(0.,0.,-1.));
#6688=DIRECTION('ref_axis',(0.989020898804024,0.147775714272948,0.));
#6689=DIRECTION('center_axis',(0.,0.,1.));
#6690=DIRECTION('ref_axis',(0.989020898804024,0.147775714272948,0.));
#6691=DIRECTION('center_axis',(0.,0.,1.));
#6692=DIRECTION('ref_axis',(0.989020898804024,0.147775714272948,0.));
#6693=DIRECTION('',(0.,0.,-1.));
#6694=DIRECTION('center_axis',(0.,0.,-1.));
#6695=DIRECTION('ref_axis',(-0.384610020886534,0.923079157945655,0.));
#6696=DIRECTION('center_axis',(0.,0.,-1.));
#6697=DIRECTION('ref_axis',(-0.384610020886534,0.923079157945655,0.));
#6698=DIRECTION('center_axis',(0.,0.,-1.));
#6699=DIRECTION('ref_axis',(-0.384610020886534,0.923079157945655,0.));
#6700=DIRECTION('center_axis',(0.,0.,-1.));
#6701=DIRECTION('ref_axis',(0.945396939927823,0.325921195958637,0.));
#6702=DIRECTION('center_axis',(0.,0.,-1.));
#6703=DIRECTION('ref_axis',(0.945396939927823,0.325921195958637,0.));
#6704=DIRECTION('',(0.,0.,-1.));
#6705=DIRECTION('center_axis',(0.,0.,-1.));
#6706=DIRECTION('ref_axis',(0.945396939927823,0.325921195958637,0.));
#6707=DIRECTION('',(0.,0.,-1.));
#6708=DIRECTION('center_axis',(0.,0.,-1.));
#6709=DIRECTION('ref_axis',(0.170722568516183,0.985319138451719,0.));
#6710=DIRECTION('center_axis',(0.,0.,1.));
#6711=DIRECTION('ref_axis',(0.170722568516183,0.985319138451719,0.));
#6712=DIRECTION('center_axis',(0.,0.,1.));
#6713=DIRECTION('ref_axis',(0.170722568516183,0.985319138451719,0.));
#6714=DIRECTION('center_axis',(0.,0.,-1.));
#6715=DIRECTION('ref_axis',(0.956742329829412,0.290936615627166,0.));
#6716=DIRECTION('center_axis',(0.,0.,1.));
#6717=DIRECTION('ref_axis',(0.956742329829412,0.290936615627166,0.));
#6718=DIRECTION('',(0.,0.,-1.));
#6719=DIRECTION('center_axis',(0.,0.,1.));
#6720=DIRECTION('ref_axis',(0.956742329829412,0.290936615627166,0.));
#6721=DIRECTION('',(0.,0.,-1.));
#6722=DIRECTION('center_axis',(0.673770437791855,-0.73894072641706,0.));
#6723=DIRECTION('ref_axis',(-0.738940726417059,-0.673770437791856,0.));
#6724=DIRECTION('',(0.73894072641706,0.673770437791855,0.));
#6725=DIRECTION('',(0.73894072641706,0.673770437791855,0.));
#6726=DIRECTION('',(0.,0.,-1.));
#6727=DIRECTION('center_axis',(1.14509519780065E-010,1.,0.));
#6728=DIRECTION('ref_axis',(1.,-1.14509646209626E-010,0.));
#6729=DIRECTION('',(-1.,1.14509519780065E-010,0.));
#6730=DIRECTION('',(-1.,1.14509519780065E-010,0.));
#6731=DIRECTION('',(0.,0.,-1.));
#6732=DIRECTION('center_axis',(0.965925826289043,0.258819045102616,0.));
#6733=DIRECTION('ref_axis',(0.258819045102616,-0.965925826289043,0.));
#6734=DIRECTION('',(-0.258819045102616,0.965925826289043,0.));
#6735=DIRECTION('',(-0.258819045102616,0.965925826289043,0.));
#6736=DIRECTION('',(0.,0.,-1.));
#6737=DIRECTION('center_axis',(-0.258819045102515,0.96592582628907,0.));
#6738=DIRECTION('ref_axis',(0.96592582628907,0.258819045102515,0.));
#6739=DIRECTION('',(-0.96592582628907,-0.258819045102515,0.));
#6740=DIRECTION('',(-0.96592582628907,-0.258819045102515,0.));
#6741=DIRECTION('center_axis',(0.,0.,-1.));
#6742=DIRECTION('ref_axis',(-0.965925826289068,-0.258819045102521,0.));
#6743=DIRECTION('center_axis',(0.,0.,1.));
#6744=DIRECTION('ref_axis',(-0.965925826289068,-0.258819045102521,0.));
#6745=DIRECTION('center_axis',(0.,0.,1.));
#6746=DIRECTION('ref_axis',(-0.965925826289068,-0.258819045102521,0.));
#6747=DIRECTION('center_axis',(0.,0.,-1.));
#6748=DIRECTION('ref_axis',(-0.0341964575428851,0.999415130109364,0.));
#6749=DIRECTION('center_axis',(0.,0.,-1.));
#6750=DIRECTION('ref_axis',(-0.0341964575428851,0.999415130109364,0.));
#6751=DIRECTION('',(0.,0.,-1.));
#6752=DIRECTION('center_axis',(0.,0.,-1.));
#6753=DIRECTION('ref_axis',(-0.0341964575428851,0.999415130109364,0.));
#6754=DIRECTION('',(0.,0.,-1.));
#6755=DIRECTION('center_axis',(0.,0.,-1.));
#6756=DIRECTION('ref_axis',(-0.997345049279728,-0.0728206885247381,0.));
#6757=DIRECTION('center_axis',(0.,0.,-1.));
#6758=DIRECTION('ref_axis',(-0.997345049279728,-0.0728206885247381,0.));
#6759=DIRECTION('',(0.,0.,-1.));
#6760=DIRECTION('center_axis',(0.,0.,-1.));
#6761=DIRECTION('ref_axis',(-0.997345049279728,-0.0728206885247381,0.));
#6762=DIRECTION('center_axis',(0.,0.,-1.));
#6763=DIRECTION('ref_axis',(-0.998880002913845,0.0473153228757563,0.));
#6764=DIRECTION('center_axis',(0.,0.,-1.));
#6765=DIRECTION('ref_axis',(-0.998880002913845,0.0473153228757563,0.));
#6766=DIRECTION('',(0.,0.,-1.));
#6767=DIRECTION('center_axis',(0.,0.,-1.));
#6768=DIRECTION('ref_axis',(-0.998880002913845,0.0473153228757563,0.));
#6769=DIRECTION('center_axis',(0.,0.,-1.));
#6770=DIRECTION('ref_axis',(-0.686552114672668,0.727080596521794,0.));
#6771=DIRECTION('center_axis',(0.,0.,1.));
#6772=DIRECTION('ref_axis',(-0.686552114672668,0.727080596521794,0.));
#6773=DIRECTION('',(0.,0.,-1.));
#6774=DIRECTION('center_axis',(0.,0.,1.));
#6775=DIRECTION('ref_axis',(-0.686552114672668,0.727080596521794,0.));
#6776=DIRECTION('center_axis',(0.,0.,-1.));
#6777=DIRECTION('ref_axis',(-0.68655211467272,0.727080596521745,0.));
#6778=DIRECTION('center_axis',(0.,0.,-1.));
#6779=DIRECTION('ref_axis',(-0.68655211467272,0.727080596521745,0.));
#6780=DIRECTION('',(0.,0.,-1.));
#6781=DIRECTION('center_axis',(0.,0.,-1.));
#6782=DIRECTION('ref_axis',(-0.68655211467272,0.727080596521745,0.));
#6783=DIRECTION('center_axis',(0.,0.,-1.));
#6784=DIRECTION('ref_axis',(-0.790521547715266,-0.612434227160649,0.));
#6785=DIRECTION('center_axis',(0.,0.,-1.));
#6786=DIRECTION('ref_axis',(-0.790521547715266,-0.612434227160649,0.));
#6787=DIRECTION('',(0.,0.,-1.));
#6788=DIRECTION('center_axis',(0.,0.,-1.));
#6789=DIRECTION('ref_axis',(-0.790521547715266,-0.612434227160649,0.));
#6790=DIRECTION('center_axis',(1.,0.,0.));
#6791=DIRECTION('ref_axis',(0.,-1.,0.));
#6792=DIRECTION('',(0.,-1.,0.));
#6793=DIRECTION('',(0.,0.,-1.));
#6794=DIRECTION('',(0.,-1.,0.));
#6795=DIRECTION('center_axis',(0.930899603346623,-0.365275140803614,0.));
#6796=DIRECTION('ref_axis',(-0.365275140803614,-0.930899603346623,0.));
#6797=DIRECTION('',(-0.365275140803614,-0.930899603346623,0.));
#6798=DIRECTION('',(0.,0.,-1.));
#6799=DIRECTION('',(-0.365275140803614,-0.930899603346623,0.));
#6800=DIRECTION('center_axis',(0.,0.,-1.));
#6801=DIRECTION('ref_axis',(0.930899603346624,-0.36527514080361,0.));
#6802=DIRECTION('center_axis',(0.,0.,-1.));
#6803=DIRECTION('ref_axis',(0.930899603346624,-0.36527514080361,0.));
#6804=DIRECTION('',(0.,0.,-1.));
#6805=DIRECTION('center_axis',(0.,0.,-1.));
#6806=DIRECTION('ref_axis',(0.930899603346624,-0.36527514080361,0.));
#6807=DIRECTION('center_axis',(0.365275140803606,0.930899603346626,0.));
#6808=DIRECTION('ref_axis',(0.930899603346626,-0.365275140803606,0.));
#6809=DIRECTION('',(0.930899603346626,-0.365275140803606,0.));
#6810=DIRECTION('',(0.,0.,-1.));
#6811=DIRECTION('',(0.930899603346626,-0.365275140803606,0.));
#6812=DIRECTION('center_axis',(0.,0.,-1.));
#6813=DIRECTION('ref_axis',(0.997440714420062,0.0714984001023508,0.));
#6814=DIRECTION('center_axis',(0.,0.,-1.));
#6815=DIRECTION('ref_axis',(0.997440714420062,0.0714984001023508,0.));
#6816=DIRECTION('',(0.,0.,-1.));
#6817=DIRECTION('center_axis',(0.,0.,-1.));
#6818=DIRECTION('ref_axis',(0.997440714420062,0.0714984001023508,0.));
#6819=DIRECTION('center_axis',(0.965925826289069,0.25881904510252,0.));
#6820=DIRECTION('ref_axis',(0.25881904510252,-0.965925826289069,0.));
#6821=DIRECTION('',(0.25881904510252,-0.965925826289069,0.));
#6822=DIRECTION('',(0.,0.,-1.));
#6823=DIRECTION('',(0.25881904510252,-0.965925826289069,0.));
#6824=DIRECTION('center_axis',(0.,0.,-1.));
#6825=DIRECTION('ref_axis',(0.965925826289068,0.258819045102522,0.));
#6826=DIRECTION('center_axis',(0.,0.,-1.));
#6827=DIRECTION('ref_axis',(0.965925826289068,0.258819045102522,0.));
#6828=DIRECTION('',(0.,0.,-1.));
#6829=DIRECTION('center_axis',(0.,0.,-1.));
#6830=DIRECTION('ref_axis',(0.965925826289068,0.258819045102522,0.));
#6831=DIRECTION('center_axis',(-0.258819045102521,0.965925826289068,0.));
#6832=DIRECTION('ref_axis',(0.965925826289068,0.258819045102521,0.));
#6833=DIRECTION('',(0.965925826289068,0.258819045102521,0.));
#6834=DIRECTION('',(0.,0.,-1.));
#6835=DIRECTION('',(0.965925826289068,0.258819045102521,0.));
#6836=DIRECTION('center_axis',(0.,0.,-1.));
#6837=DIRECTION('ref_axis',(-0.258819045102519,0.965925826289069,0.));
#6838=DIRECTION('center_axis',(0.,0.,-1.));
#6839=DIRECTION('ref_axis',(-0.258819045102519,0.965925826289069,0.));
#6840=DIRECTION('',(0.,0.,-1.));
#6841=DIRECTION('center_axis',(0.,0.,-1.));
#6842=DIRECTION('ref_axis',(-0.258819045102519,0.965925826289069,0.));
#6843=DIRECTION('center_axis',(-0.965925826289067,-0.258819045102524,0.));
#6844=DIRECTION('ref_axis',(-0.258819045102524,0.965925826289067,0.));
#6845=DIRECTION('',(-0.258819045102524,0.965925826289067,0.));
#6846=DIRECTION('',(-0.258819045102524,0.965925826289067,0.));
#6847=DIRECTION('center_axis',(0.,0.,1.));
#6848=DIRECTION('ref_axis',(1.,0.,0.));
#6849=DIRECTION('center_axis',(0.,0.,-1.));
#6850=DIRECTION('ref_axis',(-0.876404494382026,-0.481575707679473,0.));
#6851=DIRECTION('center_axis',(0.,0.,-1.));
#6852=DIRECTION('ref_axis',(-0.876404494382026,-0.481575707679473,0.));
#6853=DIRECTION('',(0.,0.,-1.));
#6854=DIRECTION('center_axis',(0.,0.,-1.));
#6855=DIRECTION('ref_axis',(-0.876404494382026,-0.481575707679473,0.));
#6856=DIRECTION('',(0.,0.,-1.));
#6857=DIRECTION('center_axis',(0.,0.,-1.));
#6858=DIRECTION('ref_axis',(0.876404494382023,-0.481575707679479,0.));
#6859=DIRECTION('center_axis',(0.,0.,1.));
#6860=DIRECTION('ref_axis',(0.876404494382023,-0.481575707679479,0.));
#6861=DIRECTION('',(0.,0.,-1.));
#6862=DIRECTION('center_axis',(0.,0.,1.));
#6863=DIRECTION('ref_axis',(0.876404494382023,-0.481575707679479,0.));
#6864=DIRECTION('center_axis',(0.,0.,-1.));
#6865=DIRECTION('ref_axis',(0.876404494382018,-0.481575707679488,0.));
#6866=DIRECTION('center_axis',(0.,0.,-1.));
#6867=DIRECTION('ref_axis',(0.876404494382018,-0.481575707679488,0.));
#6868=DIRECTION('',(0.,0.,-1.));
#6869=DIRECTION('center_axis',(0.,0.,-1.));
#6870=DIRECTION('ref_axis',(0.876404494382018,-0.481575707679488,0.));
#6871=DIRECTION('center_axis',(0.,0.,-1.));
#6872=DIRECTION('ref_axis',(-0.876404494382023,0.481575707679479,0.));
#6873=DIRECTION('center_axis',(0.,0.,-1.));
#6874=DIRECTION('ref_axis',(-0.876404494382023,0.481575707679479,0.));
#6875=DIRECTION('center_axis',(0.,0.,-1.));
#6876=DIRECTION('ref_axis',(-0.876404494382023,0.481575707679479,0.));
#6877=DIRECTION('center_axis',(0.,0.,1.));
#6878=DIRECTION('ref_axis',(1.,0.,0.));
#6879=DIRECTION('center_axis',(0.,0.,-1.));
#6880=DIRECTION('ref_axis',(-0.865887979140806,-0.500237950958792,0.));
#6881=DIRECTION('center_axis',(0.,0.,-1.));
#6882=DIRECTION('ref_axis',(-0.865887979140806,-0.500237950958792,0.));
#6883=DIRECTION('',(0.,0.,-1.));
#6884=DIRECTION('center_axis',(0.,0.,-1.));
#6885=DIRECTION('ref_axis',(-0.865887979140806,-0.500237950958792,0.));
#6886=DIRECTION('',(0.,0.,-1.));
#6887=DIRECTION('center_axis',(0.,0.,-1.));
#6888=DIRECTION('ref_axis',(0.865796453582564,-0.500396343875387,0.));
#6889=DIRECTION('center_axis',(0.,0.,1.));
#6890=DIRECTION('ref_axis',(0.865796453582564,-0.500396343875387,0.));
#6891=DIRECTION('',(0.,0.,-1.));
#6892=DIRECTION('center_axis',(0.,0.,1.));
#6893=DIRECTION('ref_axis',(0.865796453582564,-0.500396343875387,0.));
#6894=DIRECTION('center_axis',(0.,0.,-1.));
#6895=DIRECTION('ref_axis',(0.865796453582576,-0.500396343875368,0.));
#6896=DIRECTION('center_axis',(0.,0.,-1.));
#6897=DIRECTION('ref_axis',(0.865796453582576,-0.500396343875368,0.));
#6898=DIRECTION('',(0.,0.,-1.));
#6899=DIRECTION('center_axis',(0.,0.,-1.));
#6900=DIRECTION('ref_axis',(0.865796453582576,-0.500396343875368,0.));
#6901=DIRECTION('center_axis',(0.,0.,-1.));
#6902=DIRECTION('ref_axis',(-0.865796453582566,0.500396343875385,0.));
#6903=DIRECTION('center_axis',(0.,0.,-1.));
#6904=DIRECTION('ref_axis',(-0.865796453582566,0.500396343875385,0.));
#6905=DIRECTION('center_axis',(0.,0.,-1.));
#6906=DIRECTION('ref_axis',(-0.865796453582566,0.500396343875385,0.));
#6907=DIRECTION('center_axis',(0.,0.,1.));
#6908=DIRECTION('ref_axis',(1.,0.,0.));
#6909=DIRECTION('center_axis',(0.,0.,-1.));
#6910=DIRECTION('ref_axis',(0.857142857142845,0.515078753637733,0.));
#6911=DIRECTION('center_axis',(0.,0.,-1.));
#6912=DIRECTION('ref_axis',(0.857142857142845,0.515078753637733,0.));
#6913=DIRECTION('',(0.,0.,-1.));
#6914=DIRECTION('center_axis',(0.,0.,-1.));
#6915=DIRECTION('ref_axis',(0.857142857142845,0.515078753637733,0.));
#6916=DIRECTION('',(0.,0.,-1.));
#6917=DIRECTION('center_axis',(0.,0.,-1.));
#6918=DIRECTION('ref_axis',(-0.857142857142856,0.515078753637715,0.));
#6919=DIRECTION('center_axis',(0.,0.,1.));
#6920=DIRECTION('ref_axis',(-0.857142857142856,0.515078753637715,0.));
#6921=DIRECTION('',(0.,0.,-1.));
#6922=DIRECTION('center_axis',(0.,0.,1.));
#6923=DIRECTION('ref_axis',(-0.857142857142856,0.515078753637715,0.));
#6924=DIRECTION('center_axis',(0.,0.,-1.));
#6925=DIRECTION('ref_axis',(-0.857142857142859,0.515078753637709,0.));
#6926=DIRECTION('center_axis',(0.,0.,-1.));
#6927=DIRECTION('ref_axis',(-0.857142857142859,0.515078753637709,0.));
#6928=DIRECTION('',(0.,0.,-1.));
#6929=DIRECTION('center_axis',(0.,0.,-1.));
#6930=DIRECTION('ref_axis',(-0.857142857142859,0.515078753637709,0.));
#6931=DIRECTION('center_axis',(0.,0.,-1.));
#6932=DIRECTION('ref_axis',(0.857142857142856,-0.515078753637714,0.));
#6933=DIRECTION('center_axis',(0.,0.,-1.));
#6934=DIRECTION('ref_axis',(0.857142857142856,-0.515078753637714,0.));
#6935=DIRECTION('center_axis',(0.,0.,-1.));
#6936=DIRECTION('ref_axis',(0.857142857142856,-0.515078753637714,0.));
#6937=DIRECTION('center_axis',(0.,0.,1.));
#6938=DIRECTION('ref_axis',(1.,0.,0.));
#6939=DIRECTION('center_axis',(0.,0.,-1.));
#6940=DIRECTION('ref_axis',(-0.872340425531916,-0.488898948641532,0.));
#6941=DIRECTION('center_axis',(0.,0.,-1.));
#6942=DIRECTION('ref_axis',(-0.872340425531916,-0.488898948641532,0.));
#6943=DIRECTION('',(0.,0.,-1.));
#6944=DIRECTION('center_axis',(0.,0.,-1.));
#6945=DIRECTION('ref_axis',(-0.872340425531916,-0.488898948641532,0.));
#6946=DIRECTION('',(0.,0.,-1.));
#6947=DIRECTION('center_axis',(0.,0.,-1.));
#6948=DIRECTION('ref_axis',(0.872340425531916,-0.488898948641532,0.));
#6949=DIRECTION('center_axis',(0.,0.,1.));
#6950=DIRECTION('ref_axis',(0.872340425531916,-0.488898948641532,0.));
#6951=DIRECTION('',(0.,0.,-1.));
#6952=DIRECTION('center_axis',(0.,0.,1.));
#6953=DIRECTION('ref_axis',(0.872340425531916,-0.488898948641532,0.));
#6954=DIRECTION('center_axis',(0.,0.,-1.));
#6955=DIRECTION('ref_axis',(0.872340425531915,-0.488898948641533,0.));
#6956=DIRECTION('center_axis',(0.,0.,-1.));
#6957=DIRECTION('ref_axis',(0.872340425531915,-0.488898948641533,0.));
#6958=DIRECTION('',(0.,0.,-1.));
#6959=DIRECTION('center_axis',(0.,0.,-1.));
#6960=DIRECTION('ref_axis',(0.872340425531915,-0.488898948641533,0.));
#6961=DIRECTION('center_axis',(0.,0.,-1.));
#6962=DIRECTION('ref_axis',(-0.872340425531916,0.488898948641533,0.));
#6963=DIRECTION('center_axis',(0.,0.,-1.));
#6964=DIRECTION('ref_axis',(-0.872340425531916,0.488898948641533,0.));
#6965=DIRECTION('center_axis',(0.,0.,-1.));
#6966=DIRECTION('ref_axis',(-0.872340425531916,0.488898948641533,0.));
#6967=DIRECTION('center_axis',(0.,0.,1.));
#6968=DIRECTION('ref_axis',(1.,0.,0.));
#6969=DIRECTION('',(0.,0.,-1.));
#6970=DIRECTION('',(0.,0.,-1.));
#6971=DIRECTION('center_axis',(0.,0.,-1.));
#6972=DIRECTION('ref_axis',(0.000365303373481941,-0.99999993327672,0.));
#6973=DIRECTION('center_axis',(0.,0.,-1.));
#6974=DIRECTION('ref_axis',(0.000365303373481941,-0.99999993327672,0.));
#6975=DIRECTION('',(0.,0.,-1.));
#6976=DIRECTION('center_axis',(0.,0.,-1.));
#6977=DIRECTION('ref_axis',(0.000365303373481941,-0.99999993327672,0.));
#6978=DIRECTION('',(0.,0.,-1.));
#6979=DIRECTION('center_axis',(0.,0.,-1.));
#6980=DIRECTION('ref_axis',(-0.0599758676068301,-0.998199827341604,0.));
#6981=DIRECTION('center_axis',(0.,0.,-1.));
#6982=DIRECTION('ref_axis',(-0.0599758676068301,-0.998199827341604,0.));
#6983=DIRECTION('',(0.,0.,-1.));
#6984=DIRECTION('center_axis',(0.,0.,-1.));
#6985=DIRECTION('ref_axis',(-0.0599758676068301,-0.998199827341604,0.));
#6986=DIRECTION('center_axis',(-5.37959401335198E-016,1.26582503723238E-015,
1.));
#6987=DIRECTION('ref_axis',(1.,0.,0.));
#6988=DIRECTION('center_axis',(1.,0.,0.));
#6989=DIRECTION('ref_axis',(0.,-1.,0.));
#6990=DIRECTION('',(0.,-1.,0.));
#6991=DIRECTION('',(0.,0.,-1.));
#6992=DIRECTION('',(0.,-1.,0.));
#6993=DIRECTION('',(0.,0.,-1.));
#6994=DIRECTION('center_axis',(0.,1.,0.));
#6995=DIRECTION('ref_axis',(1.,0.,0.));
#6996=DIRECTION('',(1.,0.,0.));
#6997=DIRECTION('',(0.,0.,-1.));
#6998=DIRECTION('',(1.,0.,0.));
#6999=DIRECTION('center_axis',(-1.,0.,0.));
#7000=DIRECTION('ref_axis',(0.,1.,0.));
#7001=DIRECTION('',(0.,1.,0.));
#7002=DIRECTION('',(0.,0.,-1.));
#7003=DIRECTION('',(0.,1.,0.));
#7004=DIRECTION('center_axis',(0.873515440742204,0.486796440809661,0.));
#7005=DIRECTION('ref_axis',(0.486796440809661,-0.873515440742204,0.));
#7006=DIRECTION('',(0.48679644080966,-0.873515440742204,0.));
#7007=DIRECTION('',(0.,0.,-1.));
#7008=DIRECTION('',(0.48679644080966,-0.873515440742204,0.));
#7009=DIRECTION('center_axis',(0.,1.,0.));
#7010=DIRECTION('ref_axis',(1.,0.,0.));
#7011=DIRECTION('',(1.,0.,0.));
#7012=DIRECTION('',(0.,0.,-1.));
#7013=DIRECTION('',(1.,0.,0.));
#7014=DIRECTION('center_axis',(-1.,0.,0.));
#7015=DIRECTION('ref_axis',(0.,1.,0.));
#7016=DIRECTION('',(0.,1.,0.));
#7017=DIRECTION('',(0.,0.,-1.));
#7018=DIRECTION('',(0.,1.,0.));
#7019=DIRECTION('center_axis',(0.,-1.,0.));
#7020=DIRECTION('ref_axis',(-1.,0.,0.));
#7021=DIRECTION('',(-1.,0.,0.));
#7022=DIRECTION('',(0.,0.,-1.));
#7023=DIRECTION('',(-1.,0.,0.));
#7024=DIRECTION('center_axis',(1.,0.,0.));
#7025=DIRECTION('ref_axis',(0.,-1.,0.));
#7026=DIRECTION('',(0.,-1.,0.));
#7027=DIRECTION('',(0.,0.,-1.));
#7028=DIRECTION('',(0.,-1.,0.));
#7029=DIRECTION('center_axis',(-0.874923997531952,-0.484260259099081,0.));
#7030=DIRECTION('ref_axis',(-0.484260259099081,0.874923997531952,0.));
#7031=DIRECTION('',(-0.484260259099081,0.874923997531952,0.));
#7032=DIRECTION('',(0.,0.,-1.));
#7033=DIRECTION('',(-0.484260259099081,0.874923997531952,0.));
#7034=DIRECTION('center_axis',(0.,-1.,0.));
#7035=DIRECTION('ref_axis',(-1.,0.,0.));
#7036=DIRECTION('',(-1.,0.,0.));
#7037=DIRECTION('',(-1.,0.,0.));
#7038=DIRECTION('center_axis',(0.,0.,-1.));
#7039=DIRECTION('ref_axis',(-1.,0.,0.));
#7040=DIRECTION('',(0.,0.,-1.));
#7041=DIRECTION('',(0.,0.,-1.));
#7042=DIRECTION('',(0.,0.,-1.));
#7043=DIRECTION('center_axis',(1.,0.,0.));
#7044=DIRECTION('ref_axis',(0.,-1.,0.));
#7045=DIRECTION('',(0.,-1.,0.));
#7046=DIRECTION('',(0.,0.,-1.));
#7047=DIRECTION('',(0.,-1.,0.));
#7048=DIRECTION('center_axis',(0.,1.,0.));
#7049=DIRECTION('ref_axis',(1.,0.,0.));
#7050=DIRECTION('',(1.,0.,0.));
#7051=DIRECTION('',(0.,0.,-1.));
#7052=DIRECTION('',(1.,0.,0.));
#7053=DIRECTION('',(0.,0.,-1.));
#7054=DIRECTION('',(0.,0.,-1.));
#7055=DIRECTION('',(0.,0.,-1.));
#7056=DIRECTION('',(0.,0.,-1.));
#7057=DIRECTION('',(0.,0.,-1.));
#7058=DIRECTION('',(0.,0.,-1.));
#7059=DIRECTION('',(0.,0.,-1.));
#7060=DIRECTION('',(0.,0.,-1.));
#7061=DIRECTION('center_axis',(0.,-1.,0.));
#7062=DIRECTION('ref_axis',(-1.,0.,0.));
#7063=DIRECTION('',(-1.,0.,0.));
#7064=DIRECTION('',(0.,0.,-1.));
#7065=DIRECTION('',(-1.,0.,0.));
#7066=DIRECTION('center_axis',(1.,0.,0.));
#7067=DIRECTION('ref_axis',(0.,-1.,0.));
#7068=DIRECTION('',(0.,-1.,0.));
#7069=DIRECTION('',(0.,0.,-1.));
#7070=DIRECTION('',(0.,-1.,0.));
#7071=DIRECTION('',(0.,0.,-1.));
#7072=DIRECTION('',(0.,0.,-1.));
#7073=DIRECTION('',(0.,0.,-1.));
#7074=DIRECTION('center_axis',(0.,0.,1.));
#7075=DIRECTION('ref_axis',(1.,0.,0.));
#7076=DIRECTION('center_axis',(0.,0.,1.));
#7077=DIRECTION('ref_axis',(1.,0.,0.));
#7078=DIRECTION('',(-1.,0.,0.));
#7079=DIRECTION('center_axis',(0.,0.,1.));
#7080=DIRECTION('ref_axis',(0.,-1.,0.));
#7081=DIRECTION('',(0.,-1.,0.));
#7082=DIRECTION('center_axis',(0.,0.,1.));
#7083=DIRECTION('ref_axis',(1.,0.,0.));
#7084=DIRECTION('',(1.,0.,0.));
#7085=DIRECTION('center_axis',(0.,0.,1.));
#7086=DIRECTION('ref_axis',(0.,1.,0.));
#7087=DIRECTION('',(0.,1.,0.));
#7088=DIRECTION('center_axis',(0.,0.,1.));
#7089=DIRECTION('ref_axis',(-1.,0.,0.));
#7090=DIRECTION('center_axis',(0.,0.,1.));
#7091=DIRECTION('ref_axis',(1.,0.,0.));
#7092=DIRECTION('center_axis',(0.,0.,1.));
#7093=DIRECTION('ref_axis',(1.,0.,0.));
#7094=DIRECTION('center_axis',(0.,0.,1.));
#7095=DIRECTION('ref_axis',(1.,0.,0.));
#7096=DIRECTION('center_axis',(0.,0.,1.));
#7097=DIRECTION('ref_axis',(1.,0.,0.));
#7098=DIRECTION('center_axis',(0.,1.,0.));
#7099=DIRECTION('ref_axis',(0.,0.,1.));
#7100=DIRECTION('center_axis',(0.,1.,0.));
#7101=DIRECTION('ref_axis',(-1.,0.,0.));
#7102=DIRECTION('center_axis',(0.,-1.,0.));
#7103=DIRECTION('ref_axis',(-1.,0.,0.));
#7104=DIRECTION('center_axis',(0.,1.,0.));
#7105=DIRECTION('ref_axis',(0.,0.,1.));
#7106=DIRECTION('center_axis',(0.,-1.,0.));
#7107=DIRECTION('ref_axis',(-1.,0.,0.));
#7108=DIRECTION('center_axis',(0.,1.,0.));
#7109=DIRECTION('ref_axis',(-1.,0.,0.));
#7110=DIRECTION('center_axis',(0.,1.,0.));
#7111=DIRECTION('ref_axis',(-1.,-1.13869028166682E-016,0.));
#7112=DIRECTION('center_axis',(7.72329060608805E-017,-1.,0.));
#7113=DIRECTION('ref_axis',(-1.,0.,0.));
#7114=DIRECTION('center_axis',(0.,1.,0.));
#7115=DIRECTION('ref_axis',(-1.,0.,0.));
#7116=DIRECTION('center_axis',(-7.72329060608805E-017,1.,0.));
#7117=DIRECTION('ref_axis',(-1.,-7.72329060608805E-017,0.));
#7118=DIRECTION('center_axis',(7.72329060608805E-017,-1.,0.));
#7119=DIRECTION('ref_axis',(-1.,0.,0.));
#7120=DIRECTION('center_axis',(7.72329060608805E-017,-1.,0.));
#7121=DIRECTION('ref_axis',(0.,0.,-1.));
#7122=DIRECTION('center_axis',(0.,1.,0.));
#7123=DIRECTION('ref_axis',(-1.,0.,0.));
#7124=DIRECTION('center_axis',(0.,1.,0.));
#7125=DIRECTION('ref_axis',(-1.,-1.13869028166682E-016,0.));
#7126=DIRECTION('center_axis',(7.72329060608805E-017,-1.,0.));
#7127=DIRECTION('ref_axis',(-1.,0.,0.));
#7128=DIRECTION('center_axis',(0.,1.,0.));
#7129=DIRECTION('ref_axis',(-1.,0.,0.));
#7130=DIRECTION('center_axis',(-7.72329060608805E-017,1.,0.));
#7131=DIRECTION('ref_axis',(-1.,-7.72329060608805E-017,0.));
#7132=DIRECTION('center_axis',(7.72329060608805E-017,-1.,0.));
#7133=DIRECTION('ref_axis',(-1.,0.,0.));
#7134=DIRECTION('center_axis',(7.72329060608805E-017,-1.,0.));
#7135=DIRECTION('ref_axis',(0.,0.,-1.));
#7136=DIRECTION('center_axis',(0.,1.,0.));
#7137=DIRECTION('ref_axis',(-1.,0.,0.));
#7138=DIRECTION('center_axis',(7.72329060608805E-017,-1.,0.));
#7139=DIRECTION('ref_axis',(-1.,0.,0.));
#7140=DIRECTION('center_axis',(0.,1.,0.));
#7141=DIRECTION('ref_axis',(-1.,0.,0.));
#7142=DIRECTION('center_axis',(-7.72329060608805E-017,1.,0.));
#7143=DIRECTION('ref_axis',(-1.,-7.72329060608805E-017,0.));
#7144=DIRECTION('center_axis',(7.72329060608805E-017,-1.,0.));
#7145=DIRECTION('ref_axis',(-1.,0.,0.));
#7146=DIRECTION('center_axis',(7.72329060608805E-017,-1.,0.));
#7147=DIRECTION('ref_axis',(0.,0.,-1.));
#7148=DIRECTION('center_axis',(0.,1.,0.));
#7149=DIRECTION('ref_axis',(-1.,0.,0.));
#7150=DIRECTION('center_axis',(0.,1.,0.));
#7151=DIRECTION('ref_axis',(-1.,0.,0.));
#7152=DIRECTION('center_axis',(7.72329060608805E-017,-1.,0.));
#7153=DIRECTION('ref_axis',(-1.,0.,0.));
#7154=DIRECTION('center_axis',(0.,1.,0.));
#7155=DIRECTION('ref_axis',(-1.,0.,0.));
#7156=DIRECTION('center_axis',(-7.72329060608805E-017,1.,0.));
#7157=DIRECTION('ref_axis',(-1.,-7.72329060608805E-017,0.));
#7158=DIRECTION('center_axis',(7.72329060608805E-017,-1.,0.));
#7159=DIRECTION('ref_axis',(-1.,0.,0.));
#7160=DIRECTION('center_axis',(7.72329060608805E-017,-1.,0.));
#7161=DIRECTION('ref_axis',(0.,0.,-1.));
#7162=DIRECTION('center_axis',(0.,1.,0.));
#7163=DIRECTION('ref_axis',(-1.,0.,0.));
#7164=DIRECTION('center_axis',(0.,1.,0.));
#7165=DIRECTION('ref_axis',(-1.,0.,0.));
#7166=DIRECTION('center_axis',(7.72329060608805E-017,-1.,0.));
#7167=DIRECTION('ref_axis',(-1.,0.,0.));
#7168=DIRECTION('center_axis',(0.,1.,0.));
#7169=DIRECTION('ref_axis',(-1.,0.,0.));
#7170=DIRECTION('center_axis',(-7.72329060608805E-017,1.,0.));
#7171=DIRECTION('ref_axis',(-1.,-7.72329060608805E-017,0.));
#7172=DIRECTION('center_axis',(7.72329060608805E-017,-1.,0.));
#7173=DIRECTION('ref_axis',(-1.,0.,0.));
#7174=DIRECTION('center_axis',(7.72329060608805E-017,-1.,0.));
#7175=DIRECTION('ref_axis',(0.,0.,-1.));
#7176=DIRECTION('center_axis',(7.72329060608805E-017,-1.,0.));
#7177=DIRECTION('ref_axis',(1.,0.,0.));
#7178=DIRECTION('',(-1.,-7.72329060608805E-017,0.));
#7179=DIRECTION('',(0.,0.,1.));
#7180=DIRECTION('',(1.,7.72329060608805E-017,0.));
#7181=DIRECTION('',(0.,0.,1.));
#7182=DIRECTION('center_axis',(0.,0.,1.));
#7183=DIRECTION('ref_axis',(-1.,0.,0.));
#7184=DIRECTION('center_axis',(0.,0.,-1.));
#7185=DIRECTION('ref_axis',(-1.,0.,0.));
#7186=DIRECTION('',(0.,0.,1.));
#7187=DIRECTION('',(0.,0.,1.));
#7188=DIRECTION('center_axis',(1.,0.,0.));
#7189=DIRECTION('ref_axis',(0.,1.,0.));
#7190=DIRECTION('',(0.,-1.,0.));
#7191=DIRECTION('',(0.,0.,1.));
#7192=DIRECTION('center_axis',(0.,0.,1.));
#7193=DIRECTION('ref_axis',(0.,1.,0.));
#7194=DIRECTION('center_axis',(0.,0.,-1.));
#7195=DIRECTION('ref_axis',(0.,1.,0.));
#7196=DIRECTION('',(0.,0.,1.));
#7197=DIRECTION('center_axis',(0.,-1.,0.));
#7198=DIRECTION('ref_axis',(1.,0.,0.));
#7199=DIRECTION('',(-1.,0.,0.));
#7200=DIRECTION('',(0.,0.,1.));
#7201=DIRECTION('center_axis',(0.,0.,1.));
#7202=DIRECTION('ref_axis',(1.,0.,0.));
#7203=DIRECTION('center_axis',(0.,0.,-1.));
#7204=DIRECTION('ref_axis',(1.,0.,0.));
#7205=DIRECTION('',(0.,0.,1.));
#7206=DIRECTION('center_axis',(-1.,0.,0.));
#7207=DIRECTION('ref_axis',(0.,-1.,0.));
#7208=DIRECTION('',(0.,1.,0.));
#7209=DIRECTION('',(0.,0.,1.));
#7210=DIRECTION('center_axis',(0.,0.,1.));
#7211=DIRECTION('ref_axis',(0.,-1.,0.));
#7212=DIRECTION('center_axis',(0.,0.,-1.));
#7213=DIRECTION('ref_axis',(0.,-1.,0.));
#7214=DIRECTION('',(0.,0.,1.));
#7215=DIRECTION('center_axis',(0.,1.,0.));
#7216=DIRECTION('ref_axis',(-1.,0.,0.));
#7217=DIRECTION('',(1.,0.,0.));
#7218=DIRECTION('center_axis',(0.,0.,1.));
#7219=DIRECTION('ref_axis',(1.,0.,0.));
#7220=DIRECTION('center_axis',(1.11022302462516E-016,-1.,0.));
#7221=DIRECTION('ref_axis',(-0.707106781186549,0.,-0.707106781186546));
#7222=DIRECTION('center_axis',(-1.11022302462516E-016,1.,0.));
#7223=DIRECTION('ref_axis',(-0.707106781186549,0.,-0.707106781186546));
#7224=DIRECTION('',(1.11022302462516E-016,-1.,0.));
#7225=DIRECTION('center_axis',(1.11022302462516E-016,-1.,-1.66533453693774E-016));
#7226=DIRECTION('ref_axis',(-0.707106781186549,0.,-0.707106781186546));
#7227=DIRECTION('',(-1.11022302462516E-016,1.,0.));
#7228=DIRECTION('center_axis',(0.,0.,1.));
#7229=DIRECTION('ref_axis',(1.,0.,0.));
#7230=DIRECTION('',(1.,1.11022302462516E-016,0.));
#7231=DIRECTION('',(0.,1.,0.));
#7232=DIRECTION('',(-1.,0.,0.));
#7233=DIRECTION('',(-9.86864910777917E-017,1.,0.));
#7234=DIRECTION('center_axis',(1.,1.11022302462516E-016,0.));
#7235=DIRECTION('ref_axis',(0.,0.,-1.));
#7236=DIRECTION('',(0.,0.,1.));
#7237=DIRECTION('',(-1.11022302462516E-016,1.,2.53765262771464E-016));
#7238=DIRECTION('',(-1.64346021921044E-032,1.66533453693774E-016,-1.));
#7239=DIRECTION('center_axis',(-9.86864910777917E-017,1.,2.53765262771464E-016));
#7240=DIRECTION('ref_axis',(-0.707106781186549,0.,-0.707106781186546));
#7241=DIRECTION('center_axis',(1.11022302462516E-016,-1.,-1.66533453693774E-016));
#7242=DIRECTION('ref_axis',(-0.707106781186549,0.,-0.707106781186546));
#7243=DIRECTION('',(-9.86864910777917E-017,1.,2.53765262771464E-016));
#7244=DIRECTION('center_axis',(-1.11022302462516E-016,1.,0.));
#7245=DIRECTION('ref_axis',(-0.707106781186549,0.,-0.707106781186546));
#7246=DIRECTION('',(9.86864910777917E-017,-1.,-2.53765262771464E-016));
#7247=DIRECTION('center_axis',(2.81736037578933E-032,-2.53765262771464E-016,
1.));
#7248=DIRECTION('ref_axis',(0.,-1.,-1.77635683940025E-016));
#7249=DIRECTION('',(1.,1.11022302462516E-016,0.));
#7250=DIRECTION('',(1.11022302462516E-016,-1.,-2.53765262771464E-016));
#7251=DIRECTION('',(1.,1.11022302462516E-016,0.));
#7252=DIRECTION('center_axis',(0.,-1.,0.));
#7253=DIRECTION('ref_axis',(-0.707106781186546,0.,-0.707106781186549));
#7254=DIRECTION('center_axis',(0.,1.,0.));
#7255=DIRECTION('ref_axis',(-0.707106781186546,0.,-0.707106781186549));
#7256=DIRECTION('',(0.,-1.,0.));
#7257=DIRECTION('center_axis',(-1.58603289232165E-016,-1.,0.));
#7258=DIRECTION('ref_axis',(-0.707106781186546,0.,-0.707106781186549));
#7259=DIRECTION('',(0.,1.,0.));
#7260=DIRECTION('center_axis',(0.,0.,1.));
#7261=DIRECTION('ref_axis',(1.,0.,0.));
#7262=DIRECTION('',(-1.,0.,0.));
#7263=DIRECTION('',(0.,1.,0.));
#7264=DIRECTION('',(1.,-1.58603289232165E-016,0.));
#7265=DIRECTION('center_axis',(0.,-1.,0.));
#7266=DIRECTION('ref_axis',(-0.707106781186546,0.,-0.707106781186549));
#7267=DIRECTION('center_axis',(0.,-1.,0.));
#7268=DIRECTION('ref_axis',(-0.707106781186546,0.,-0.707106781186549));
#7269=DIRECTION('',(0.,1.,0.));
#7270=DIRECTION('center_axis',(0.,1.,0.));
#7271=DIRECTION('ref_axis',(-0.707106781186546,0.,-0.707106781186549));
#7272=DIRECTION('',(0.,-1.,0.));
#7273=DIRECTION('center_axis',(1.11022302462516E-016,-1.,-2.53765262771464E-016));
#7274=DIRECTION('ref_axis',(0.707106781186549,0.,0.707106781186546));
#7275=DIRECTION('center_axis',(-1.11022302462516E-016,1.,1.66533453693774E-016));
#7276=DIRECTION('ref_axis',(0.707106781186549,0.,0.707106781186546));
#7277=DIRECTION('center_axis',(1.11022302462516E-016,-1.,0.));
#7278=DIRECTION('ref_axis',(0.707106781186549,0.,0.707106781186546));
#7279=DIRECTION('center_axis',(1.11022302462516E-016,-1.,-1.66533453693774E-016));
#7280=DIRECTION('ref_axis',(0.,0.,-1.));
#7281=DIRECTION('',(1.64346021921044E-032,-1.66533453693774E-016,1.));
#7282=DIRECTION('center_axis',(-1.11022302462516E-016,1.,1.66533453693774E-016));
#7283=DIRECTION('ref_axis',(-0.707106781186547,0.,-0.707106781186547));
#7284=DIRECTION('',(1.,1.11022302462516E-016,0.));
#7285=DIRECTION('',(0.,1.66533453693774E-016,-1.));
#7286=DIRECTION('center_axis',(0.,-1.,2.53765262771464E-016));
#7287=DIRECTION('ref_axis',(0.707106781186546,0.,0.707106781186549));
#7288=DIRECTION('center_axis',(0.,1.,0.));
#7289=DIRECTION('ref_axis',(0.707106781186546,0.,0.707106781186549));
#7290=DIRECTION('',(0.,1.,-2.53765262771464E-016));
#7291=DIRECTION('center_axis',(0.,-1.,0.));
#7292=DIRECTION('ref_axis',(0.707106781186546,0.,0.707106781186549));
#7293=DIRECTION('',(0.,-1.,2.53765262771464E-016));
#7294=DIRECTION('center_axis',(1.,0.,0.));
#7295=DIRECTION('ref_axis',(0.,0.,-1.));
#7296=DIRECTION('',(0.,0.,1.));
#7297=DIRECTION('',(0.,0.,-1.));
#7298=DIRECTION('center_axis',(0.,-1.,0.));
#7299=DIRECTION('ref_axis',(0.,0.,-1.));
#7300=DIRECTION('',(1.,0.,0.));
#7301=DIRECTION('',(0.,0.,1.));
#7302=DIRECTION('center_axis',(0.,1.,0.));
#7303=DIRECTION('ref_axis',(-0.707106781186547,0.,-0.707106781186547));
#7304=DIRECTION('',(0.,0.,1.));
#7305=DIRECTION('center_axis',(-1.58603289232165E-016,-1.,0.));
#7306=DIRECTION('ref_axis',(1.,-1.77635683940025E-016,0.));
#7307=DIRECTION('',(0.,0.,-1.));
#7308=DIRECTION('',(0.,0.,1.));
#7309=DIRECTION('',(1.,-1.58603289232165E-016,0.));
#7310=DIRECTION('center_axis',(-1.58603289232165E-016,-1.,0.));
#7311=DIRECTION('ref_axis',(-0.707106781186546,0.,-0.707106781186549));
#7312=DIRECTION('center_axis',(1.,0.,0.));
#7313=DIRECTION('ref_axis',(0.,1.,0.));
#7314=DIRECTION('',(0.,1.,0.));
#7315=DIRECTION('',(0.,0.,1.));
#7316=DIRECTION('',(0.,0.,1.));
#7317=DIRECTION('center_axis',(0.,1.,0.));
#7318=DIRECTION('ref_axis',(-1.,0.,0.));
#7319=DIRECTION('center_axis',(0.,-1.,0.));
#7320=DIRECTION('ref_axis',(-0.707106781186547,0.,-0.707106781186547));
#7321=DIRECTION('',(0.,0.,1.));
#7322=DIRECTION('center_axis',(0.,1.,0.));
#7323=DIRECTION('ref_axis',(-0.707106781186546,0.,-0.707106781186549));
#7324=DIRECTION('',(-1.,0.,0.));
#7325=DIRECTION('center_axis',(0.,-1.,0.));
#7326=DIRECTION('ref_axis',(1.,0.,0.));
#7327=DIRECTION('',(0.,0.,1.));
#7328=DIRECTION('',(1.,0.,0.));
#7329=DIRECTION('center_axis',(0.,-1.,0.));
#7330=DIRECTION('ref_axis',(-0.707106781186546,0.,-0.707106781186549));
#7331=DIRECTION('',(0.,0.,-1.));
#7332=DIRECTION('',(1.,0.,0.));
#7333=DIRECTION('center_axis',(-1.11022302462516E-016,1.,1.66533453693774E-016));
#7334=DIRECTION('ref_axis',(-0.707106781186547,0.,-0.707106781186547));
#7335=DIRECTION('center_axis',(1.,0.,0.));
#7336=DIRECTION('ref_axis',(0.,1.,0.));
#7337=DIRECTION('',(0.,1.,0.));
#7338=DIRECTION('',(0.,1.,0.));
#7339=DIRECTION('',(0.,0.,1.));
#7340=DIRECTION('center_axis',(0.,1.,0.));
#7341=DIRECTION('ref_axis',(-1.,0.,0.));
#7342=DIRECTION('',(0.,0.,1.));
#7343=DIRECTION('center_axis',(0.,1.,0.));
#7344=DIRECTION('ref_axis',(-0.707106781186546,0.,-0.707106781186549));
#7345=DIRECTION('',(-1.,0.,0.));
#7346=DIRECTION('',(-1.,0.,0.));
#7347=DIRECTION('center_axis',(0.,0.,1.));
#7348=DIRECTION('ref_axis',(1.,0.,0.));
#7349=DIRECTION('',(0.,-1.,0.));
#7350=DIRECTION('center_axis',(0.,1.,0.));
#7351=DIRECTION('ref_axis',(0.,0.,1.));
#7352=DIRECTION('center_axis',(0.,-1.,0.));
#7353=DIRECTION('ref_axis',(-0.707106781186547,0.,-0.707106781186547));
#7354=DIRECTION('',(0.,0.,-1.));
#7355=DIRECTION('',(1.,0.,0.));
#7356=DIRECTION('center_axis',(0.,0.,1.));
#7357=DIRECTION('ref_axis',(1.,0.,0.));
#7358=DIRECTION('',(0.,-1.,0.));
#7359=DIRECTION('center_axis',(0.,0.,1.));
#7360=DIRECTION('ref_axis',(-0.707106781186548,0.707106781186548,0.));
#7361=DIRECTION('',(-1.,0.,0.));
#7362=DIRECTION('center_axis',(0.,0.,1.));
#7363=DIRECTION('ref_axis',(0.707106781186548,0.707106781186548,0.));
#7364=DIRECTION('',(0.,1.,0.));
#7365=DIRECTION('center_axis',(0.,0.,1.));
#7366=DIRECTION('ref_axis',(0.707106781186548,-0.707106781186548,0.));
#7367=DIRECTION('',(1.,0.,0.));
#7368=DIRECTION('center_axis',(0.,0.,1.));
#7369=DIRECTION('ref_axis',(-0.707106781186548,-0.707106781186548,0.));
#7370=DIRECTION('',(0.,-1.,0.));
#7371=DIRECTION('',(0.,-1.,0.));
#7372=DIRECTION('center_axis',(0.,0.,1.));
#7373=DIRECTION('ref_axis',(-1.,0.,0.));
#7374=DIRECTION('',(-1.,0.,0.));
#7375=DIRECTION('center_axis',(0.,0.,1.));
#7376=DIRECTION('ref_axis',(0.,-1.,0.));
#7377=DIRECTION('',(0.,-1.,0.));
#7378=DIRECTION('center_axis',(0.,0.,1.));
#7379=DIRECTION('ref_axis',(1.,0.,0.));
#7380=DIRECTION('',(1.,0.,0.));
#7381=DIRECTION('center_axis',(0.,0.,1.));
#7382=DIRECTION('ref_axis',(-4.44089209850063E-016,1.,0.));
#7383=DIRECTION('',(-3.1720657846433E-017,1.,0.));
#7384=DIRECTION('center_axis',(0.,1.,0.));
#7385=DIRECTION('ref_axis',(-0.707106781186546,0.,-0.707106781186549));
#7386=DIRECTION('center_axis',(0.,-1.,0.));
#7387=DIRECTION('ref_axis',(-1.,0.,0.));
#7388=DIRECTION('',(0.,1.,0.));
#7389=DIRECTION('center_axis',(0.,1.,0.));
#7390=DIRECTION('ref_axis',(-0.707106781186546,0.,-0.707106781186549));
#7391=DIRECTION('',(0.,1.,0.));
#7392=DIRECTION('center_axis',(0.,-1.,0.));
#7393=DIRECTION('ref_axis',(-1.,0.,0.));
#7394=DIRECTION('center_axis',(0.,1.,0.));
#7395=DIRECTION('ref_axis',(-0.707106781186546,0.,-0.707106781186549));
#7396=DIRECTION('',(0.,1.,0.));
#7397=DIRECTION('center_axis',(0.,2.53765262771464E-016,1.));
#7398=DIRECTION('ref_axis',(0.,-1.,1.77635683940025E-016));
#7399=DIRECTION('',(-9.86864910777917E-017,1.,-2.53765262771464E-016));
#7400=DIRECTION('center_axis',(-1.11022302462516E-016,1.,0.));
#7401=DIRECTION('ref_axis',(0.,0.,1.));
#7402=DIRECTION('',(0.,0.,-1.));
#7403=DIRECTION('center_axis',(1.11022302462516E-016,-1.,0.));
#7404=DIRECTION('ref_axis',(-0.707106781186547,0.,-0.707106781186547));
#7405=DIRECTION('',(0.,0.,-1.));
#7406=DIRECTION('center_axis',(-1.,-9.86864910777917E-017,0.));
#7407=DIRECTION('ref_axis',(0.,-1.,0.));
#7408=DIRECTION('',(9.86864910777917E-017,-1.,0.));
#7409=DIRECTION('',(9.86864910777917E-017,-1.,0.));
#7410=DIRECTION('',(0.,0.,1.));
#7411=DIRECTION('',(-9.86864910777917E-017,1.,0.));
#7412=DIRECTION('',(0.,0.,1.));
#7413=DIRECTION('',(9.86864910777917E-017,-1.,0.));
#7414=DIRECTION('center_axis',(9.86864910777917E-017,-1.,0.));
#7415=DIRECTION('ref_axis',(-0.707106781186547,0.,-0.707106781186547));
#7416=DIRECTION('center_axis',(0.,1.,0.));
#7417=DIRECTION('ref_axis',(0.,0.,-1.));
#7418=DIRECTION('center_axis',(9.86864910777917E-017,-1.,0.));
#7419=DIRECTION('ref_axis',(-0.707106781186547,0.,-0.707106781186547));
#7420=DIRECTION('center_axis',(0.,-1.,0.));
#7421=DIRECTION('ref_axis',(-1.,0.,0.));
#7422=DIRECTION('center_axis',(0.,0.,-1.));
#7423=DIRECTION('ref_axis',(-1.,0.,0.));
#7424=DIRECTION('center_axis',(0.,0.,1.));
#7425=DIRECTION('ref_axis',(-1.,0.,0.));
#7426=DIRECTION('center_axis',(0.,0.,-1.));
#7427=DIRECTION('ref_axis',(-1.,0.,0.));
#7428=DIRECTION('center_axis',(0.,0.,-1.));
#7429=DIRECTION('ref_axis',(-1.,0.,0.));
#7430=DIRECTION('center_axis',(0.,0.,1.));
#7431=DIRECTION('ref_axis',(-1.,0.,0.));
#7432=DIRECTION('center_axis',(0.,0.,-1.));
#7433=DIRECTION('ref_axis',(-1.,0.,0.));
#7434=DIRECTION('center_axis',(0.,0.,-1.));
#7435=DIRECTION('ref_axis',(-1.,0.,0.));
#7436=DIRECTION('center_axis',(0.,0.,1.));
#7437=DIRECTION('ref_axis',(-1.,0.,0.));
#7438=DIRECTION('center_axis',(0.,0.,-1.));
#7439=DIRECTION('ref_axis',(-1.,0.,0.));
#7440=DIRECTION('center_axis',(0.,0.,-1.));
#7441=DIRECTION('ref_axis',(-1.,0.,0.));
#7442=DIRECTION('center_axis',(0.,0.,1.));
#7443=DIRECTION('ref_axis',(-1.,0.,0.));
#7444=DIRECTION('center_axis',(0.,0.,-1.));
#7445=DIRECTION('ref_axis',(-1.,0.,0.));
#7446=DIRECTION('center_axis',(0.,0.,1.));
#7447=DIRECTION('ref_axis',(-0.707106781186548,-0.707106781186548,0.));
#7448=DIRECTION('center_axis',(-1.,0.,0.));
#7449=DIRECTION('ref_axis',(0.,-1.,0.));
#7450=DIRECTION('center_axis',(0.,0.,-1.));
#7451=DIRECTION('ref_axis',(-0.707106781186548,-0.707106781186548,0.));
#7452=DIRECTION('center_axis',(0.,1.,0.));
#7453=DIRECTION('ref_axis',(-1.,0.,0.));
#7454=DIRECTION('center_axis',(0.,0.,1.));
#7455=DIRECTION('ref_axis',(-0.707106781186548,-0.707106781186548,0.));
#7456=DIRECTION('center_axis',(0.,0.,1.));
#7457=DIRECTION('ref_axis',(-0.707106781186548,0.707106781186548,0.));
#7458=DIRECTION('center_axis',(0.,1.,0.));
#7459=DIRECTION('ref_axis',(-1.,0.,0.));
#7460=DIRECTION('center_axis',(0.,0.,-1.));
#7461=DIRECTION('ref_axis',(-0.707106781186548,0.707106781186548,0.));
#7462=DIRECTION('center_axis',(1.,0.,0.));
#7463=DIRECTION('ref_axis',(0.,1.,0.));
#7464=DIRECTION('center_axis',(-1.,-7.72329060608805E-017,0.));
#7465=DIRECTION('ref_axis',(0.,-0.707106781186547,0.707106781186547));
#7466=DIRECTION('',(1.,7.72329060608805E-017,0.));
#7467=DIRECTION('center_axis',(-1.,0.,0.));
#7468=DIRECTION('ref_axis',(0.,-1.,0.));
#7469=DIRECTION('',(1.,7.72329060608805E-017,0.));
#7470=DIRECTION('center_axis',(0.,0.,-1.));
#7471=DIRECTION('ref_axis',(1.,0.,0.));
#7472=DIRECTION('center_axis',(0.,0.,1.));
#7473=DIRECTION('ref_axis',(1.,0.,0.));
#7474=DIRECTION('center_axis',(0.,0.,-1.));
#7475=DIRECTION('ref_axis',(1.,0.,0.));
#7476=DIRECTION('center_axis',(0.,0.,-1.));
#7477=DIRECTION('ref_axis',(1.,0.,0.));
#7478=DIRECTION('center_axis',(0.,0.,-1.));
#7479=DIRECTION('ref_axis',(1.,0.,0.));
#7480=DIRECTION('center_axis',(0.,0.,1.));
#7481=DIRECTION('ref_axis',(1.,0.,0.));
#7482=DIRECTION('center_axis',(0.,0.,1.));
#7483=DIRECTION('ref_axis',(1.,0.,0.));
#7484=DIRECTION('center_axis',(0.,0.,-1.));
#7485=DIRECTION('ref_axis',(1.,0.,0.));
#7486=DIRECTION('center_axis',(0.,0.,1.));
#7487=DIRECTION('ref_axis',(1.,0.,0.));
#7488=DIRECTION('center_axis',(0.,0.,-1.));
#7489=DIRECTION('ref_axis',(1.,0.,0.));
#7490=DIRECTION('center_axis',(0.,0.,-1.));
#7491=DIRECTION('ref_axis',(1.,0.,0.));
#7492=DIRECTION('center_axis',(0.,0.,-1.));
#7493=DIRECTION('ref_axis',(1.,0.,0.));
#7494=DIRECTION('center_axis',(0.,0.,1.));
#7495=DIRECTION('ref_axis',(1.,0.,0.));
#7496=DIRECTION('center_axis',(0.,0.,1.));
#7497=DIRECTION('ref_axis',(1.,0.,0.));
#7498=DIRECTION('center_axis',(0.,0.,1.));
#7499=DIRECTION('ref_axis',(1.,0.,0.));
#7500=DIRECTION('',(9.86864910777917E-017,-1.,0.));
#7501=DIRECTION('',(-1.,-7.72329060608805E-017,0.));
#7502=DIRECTION('',(-1.,-7.72329060608805E-017,0.));
#7503=DIRECTION('center_axis',(0.,0.,1.));
#7504=DIRECTION('ref_axis',(0.707106781186548,0.707106781186548,0.));
#7505=DIRECTION('',(-9.86864910777917E-017,1.,0.));
#7506=DIRECTION('center_axis',(0.,0.,1.));
#7507=DIRECTION('ref_axis',(0.707106781186548,-0.707106781186548,0.));
#7508=DIRECTION('center_axis',(0.,0.,1.));
#7509=DIRECTION('ref_axis',(-1.,0.,0.));
#7510=DIRECTION('',(-1.,-3.675221047035E-016,0.));
#7511=DIRECTION('center_axis',(0.,0.,1.));
#7512=DIRECTION('ref_axis',(0.,-1.,0.));
#7513=DIRECTION('',(1.11022302462516E-016,-1.,0.));
#7514=DIRECTION('center_axis',(0.,0.,1.));
#7515=DIRECTION('ref_axis',(1.,1.77635683940025E-015,0.));
#7516=DIRECTION('',(1.,3.675221047035E-016,0.));
#7517=DIRECTION('center_axis',(0.,0.,1.));
#7518=DIRECTION('ref_axis',(0.,1.,0.));
#7519=DIRECTION('',(-4.44089209850063E-016,1.,0.));
#7520=DIRECTION('',(8.88178419700125E-017,-1.,0.));
#7521=DIRECTION('',(1.,0.,0.));
#7522=DIRECTION('',(0.,1.,0.));
#7523=DIRECTION('',(-1.,0.,0.));
#7524=DIRECTION('center_axis',(0.,0.,1.));
#7525=DIRECTION('ref_axis',(1.,0.,0.));
#7526=DIRECTION('center_axis',(0.,0.,-1.));
#7527=DIRECTION('ref_axis',(-1.,0.,0.));
#7528=DIRECTION('center_axis',(1.,0.,0.));
#7529=DIRECTION('ref_axis',(0.,0.,-1.));
#7530=DIRECTION('center_axis',(0.,0.,-1.));
#7531=DIRECTION('ref_axis',(0.707106781186548,0.707106781186548,0.));
#7532=DIRECTION('center_axis',(0.,1.,0.));
#7533=DIRECTION('ref_axis',(1.,0.,0.));
#7534=DIRECTION('center_axis',(0.,-1.,0.));
#7535=DIRECTION('ref_axis',(0.707106781186546,0.,-0.707106781186549));
#7536=DIRECTION('center_axis',(0.,1.,0.));
#7537=DIRECTION('ref_axis',(1.,0.,0.));
#7538=DIRECTION('',(0.,-1.,0.));
#7539=DIRECTION('center_axis',(0.,0.,-1.));
#7540=DIRECTION('ref_axis',(-1.,0.,0.));
#7541=DIRECTION('center_axis',(1.,0.,0.));
#7542=DIRECTION('ref_axis',(0.,-1.,0.));
#7543=DIRECTION('center_axis',(0.,0.,-1.));
#7544=DIRECTION('ref_axis',(0.707106781186548,-0.707106781186548,0.));
#7545=DIRECTION('center_axis',(-1.,0.,0.));
#7546=DIRECTION('ref_axis',(0.,-0.707106781186546,-0.707106781186549));
#7547=DIRECTION('center_axis',(1.,0.,0.));
#7548=DIRECTION('ref_axis',(0.,-1.,0.));
#7549=DIRECTION('',(-1.,0.,0.));
#7550=DIRECTION('center_axis',(0.,0.,-1.));
#7551=DIRECTION('ref_axis',(-1.,0.,0.));
#7552=DIRECTION('center_axis',(0.,0.,-1.));
#7553=DIRECTION('ref_axis',(-0.707106781186548,-0.707106781186548,0.));
#7554=DIRECTION('center_axis',(0.,0.,-1.));
#7555=DIRECTION('ref_axis',(-1.,0.,0.));
#7556=DIRECTION('center_axis',(-1.,0.,0.));
#7557=DIRECTION('ref_axis',(0.,1.,0.));
#7558=DIRECTION('center_axis',(0.,0.,-1.));
#7559=DIRECTION('ref_axis',(-0.707106781186548,0.707106781186548,0.));
#7560=DIRECTION('center_axis',(1.,0.,0.));
#7561=DIRECTION('ref_axis',(0.,0.707106781186546,-0.707106781186549));
#7562=DIRECTION('',(1.,0.,0.));
#7563=DIRECTION('center_axis',(0.,-1.,0.));
#7564=DIRECTION('ref_axis',(1.,0.,0.));
#7565=DIRECTION('',(0.,0.,1.));
#7566=DIRECTION('',(1.,0.,0.));
#7567=DIRECTION('',(0.,0.,1.));
#7568=DIRECTION('center_axis',(0.,-1.,0.));
#7569=DIRECTION('ref_axis',(-1.,0.,0.));
#7570=DIRECTION('center_axis',(0.,-1.,0.));
#7571=DIRECTION('ref_axis',(-1.,0.,0.));
#7572=DIRECTION('center_axis',(0.,0.,1.));
#7573=DIRECTION('ref_axis',(0.,1.,0.));
#7574=DIRECTION('',(0.,0.,1.));
#7575=DIRECTION('center_axis',(0.,0.,1.));
#7576=DIRECTION('ref_axis',(0.707106781186548,-0.707106781186548,0.));
#7577=DIRECTION('center_axis',(1.,0.,0.));
#7578=DIRECTION('ref_axis',(0.,1.,0.));
#7579=DIRECTION('',(0.,0.,1.));
#7580=DIRECTION('',(0.,1.,0.));
#7581=DIRECTION('center_axis',(0.,0.,1.));
#7582=DIRECTION('ref_axis',(-1.,0.,0.));
#7583=DIRECTION('',(0.,0.,1.));
#7584=DIRECTION('center_axis',(0.,0.,1.));
#7585=DIRECTION('ref_axis',(0.707106781186548,0.707106781186548,0.));
#7586=DIRECTION('center_axis',(0.,0.,1.));
#7587=DIRECTION('ref_axis',(1.,0.,0.));
#7588=DIRECTION('center_axis',(-1.,0.,0.));
#7589=DIRECTION('ref_axis',(0.,0.,1.));
#7590=DIRECTION('center_axis',(0.,0.,1.));
#7591=DIRECTION('ref_axis',(-0.707106781186548,0.707106781186548,0.));
#7592=DIRECTION('center_axis',(0.,1.,0.));
#7593=DIRECTION('ref_axis',(-1.,0.,0.));
#7594=DIRECTION('center_axis',(0.,0.,-1.));
#7595=DIRECTION('ref_axis',(-0.707106781186548,0.707106781186548,0.));
#7596=DIRECTION('center_axis',(0.,-1.,0.));
#7597=DIRECTION('ref_axis',(-0.707106781186548,0.,0.707106781186548));
#7598=DIRECTION('center_axis',(0.,1.,0.));
#7599=DIRECTION('ref_axis',(-1.,0.,0.));
#7600=DIRECTION('',(0.,1.,0.));
#7601=DIRECTION('',(0.,-1.,0.));
#7602=DIRECTION('center_axis',(0.,0.,1.));
#7603=DIRECTION('ref_axis',(1.,0.,0.));
#7604=DIRECTION('center_axis',(-1.,0.,0.));
#7605=DIRECTION('ref_axis',(0.,-1.,0.));
#7606=DIRECTION('center_axis',(0.,0.,-1.));
#7607=DIRECTION('ref_axis',(-0.707106781186548,-0.707106781186548,0.));
#7608=DIRECTION('center_axis',(0.,0.,1.));
#7609=DIRECTION('ref_axis',(-0.707106781186548,-0.707106781186548,0.));
#7610=DIRECTION('center_axis',(1.,0.,0.));
#7611=DIRECTION('ref_axis',(0.,-0.707106781186548,0.707106781186548));
#7612=DIRECTION('center_axis',(-1.,0.,0.));
#7613=DIRECTION('ref_axis',(0.,-1.,0.));
#7614=DIRECTION('',(-1.,0.,0.));
#7615=DIRECTION('center_axis',(0.,0.,1.));
#7616=DIRECTION('ref_axis',(1.,0.,0.));
#7617=DIRECTION('center_axis',(0.,-1.,0.));
#7618=DIRECTION('ref_axis',(1.,0.,0.));
#7619=DIRECTION('center_axis',(0.,0.,-1.));
#7620=DIRECTION('ref_axis',(0.707106781186548,-0.707106781186548,0.));
#7621=DIRECTION('center_axis',(0.,1.,0.));
#7622=DIRECTION('ref_axis',(0.707106781186548,0.,0.707106781186548));
#7623=DIRECTION('center_axis',(0.,-1.,0.));
#7624=DIRECTION('ref_axis',(1.,0.,0.));
#7625=DIRECTION('',(0.,-1.,0.));
#7626=DIRECTION('center_axis',(0.,0.,1.));
#7627=DIRECTION('ref_axis',(1.,0.,0.));
#7628=DIRECTION('center_axis',(1.,0.,0.));
#7629=DIRECTION('ref_axis',(0.,1.,0.));
#7630=DIRECTION('center_axis',(0.,0.,-1.));
#7631=DIRECTION('ref_axis',(0.707106781186548,0.707106781186548,0.));
#7632=DIRECTION('center_axis',(-1.,0.,0.));
#7633=DIRECTION('ref_axis',(0.,0.707106781186548,0.707106781186548));
#7634=DIRECTION('',(1.,0.,0.));
#7635=DIRECTION('',(-1.,0.,0.));
#7636=DIRECTION('center_axis',(0.,0.,1.));
#7637=DIRECTION('ref_axis',(1.,0.,0.));
#7638=DIRECTION('',(0.,0.,1.));
#7639=DIRECTION('center_axis',(-1.,0.,0.));
#7640=DIRECTION('ref_axis',(0.,-1.,0.));
#7641=DIRECTION('',(0.,0.,1.));
#7642=DIRECTION('center_axis',(0.,0.,1.));
#7643=DIRECTION('ref_axis',(0.,-1.,0.));
#7644=DIRECTION('',(0.,0.,1.));
#7645=DIRECTION('center_axis',(0.,0.,1.));
#7646=DIRECTION('ref_axis',(1.,0.,0.));
#7647=DIRECTION('center_axis',(0.,0.,-1.));
#7648=DIRECTION('ref_axis',(-1.,0.,0.));
#7649=DIRECTION('',(4.44089209850063E-016,-1.,0.));
#7650=DIRECTION('center_axis',(0.,0.,-1.));
#7651=DIRECTION('ref_axis',(0.,1.,0.));
#7652=DIRECTION('',(-1.,-3.675221047035E-016,0.));
#7653=DIRECTION('center_axis',(0.,0.,-1.));
#7654=DIRECTION('ref_axis',(1.,1.77635683940025E-015,0.));
#7655=DIRECTION('',(-1.11022302462516E-016,1.,0.));
#7656=DIRECTION('center_axis',(0.,0.,-1.));
#7657=DIRECTION('ref_axis',(0.,-1.,0.));
#7658=DIRECTION('',(1.,3.675221047035E-016,0.));
#7659=DIRECTION('',(-8.88178419700125E-017,1.,0.));
#7660=DIRECTION('',(1.,0.,0.));
#7661=DIRECTION('',(0.,-1.,0.));
#7662=DIRECTION('',(-1.,0.,0.));
#7663=DIRECTION('center_axis',(-1.,0.,0.));
#7664=DIRECTION('ref_axis',(0.,0.,1.));
#7665=DIRECTION('center_axis',(0.,0.,-1.));
#7666=DIRECTION('ref_axis',(0.707106781186548,0.707106781186548,0.));
#7667=DIRECTION('center_axis',(0.,-1.,0.));
#7668=DIRECTION('ref_axis',(1.,0.,0.));
#7669=DIRECTION('center_axis',(9.86864910777917E-017,-1.,0.));
#7670=DIRECTION('ref_axis',(0.707106781186547,0.,0.707106781186547));
#7671=DIRECTION('center_axis',(0.,-1.,0.));
#7672=DIRECTION('ref_axis',(1.,0.,0.));
#7673=DIRECTION('',(9.86864910777917E-017,-1.,0.));
#7674=DIRECTION('center_axis',(0.,0.,-1.));
#7675=DIRECTION('ref_axis',(0.707106781186548,-0.707106781186548,0.));
#7676=DIRECTION('center_axis',(-9.86864910777917E-017,1.,0.));
#7677=DIRECTION('ref_axis',(-0.707106781186547,0.,0.707106781186547));
#7678=DIRECTION('center_axis',(1.,7.72329060608805E-017,0.));
#7679=DIRECTION('ref_axis',(0.,0.707106781186547,0.707106781186547));
#7680=DIRECTION('',(1.,7.72329060608805E-017,0.));
#7681=DIRECTION('center_axis',(0.,0.,1.));
#7682=DIRECTION('ref_axis',(0.,1.,0.));
#7683=DIRECTION('',(0.,0.,1.));
#7684=DIRECTION('center_axis',(0.,0.,1.));
#7685=DIRECTION('ref_axis',(0.707106781186548,-0.707106781186548,0.));
#7686=DIRECTION('center_axis',(1.,9.86864910777917E-017,0.));
#7687=DIRECTION('ref_axis',(0.,1.,0.));
#7688=DIRECTION('',(0.,0.,1.));
#7689=DIRECTION('',(-9.86864910777917E-017,1.,0.));
#7690=DIRECTION('center_axis',(0.,0.,1.));
#7691=DIRECTION('ref_axis',(-1.,0.,0.));
#7692=DIRECTION('',(0.,0.,1.));
#7693=DIRECTION('center_axis',(0.,0.,1.));
#7694=DIRECTION('ref_axis',(0.707106781186548,0.707106781186548,0.));
#7695=DIRECTION('center_axis',(0.,0.,1.));
#7696=DIRECTION('ref_axis',(1.,0.,0.));
#7697=DIRECTION('center_axis',(0.,0.,1.));
#7698=DIRECTION('ref_axis',(-0.707106781186548,-0.707106781186548,0.));
#7699=DIRECTION('center_axis',(1.,0.,0.));
#7700=DIRECTION('ref_axis',(0.,-1.,0.));
#7701=DIRECTION('center_axis',(1.,7.72329060608805E-017,0.));
#7702=DIRECTION('ref_axis',(0.,-0.707106781186547,-0.707106781186547));
#7703=DIRECTION('center_axis',(1.,0.,0.));
#7704=DIRECTION('ref_axis',(0.,-1.,0.));
#7705=DIRECTION('center_axis',(0.,1.,0.));
#7706=DIRECTION('ref_axis',(1.,0.,0.));
#7707=DIRECTION('center_axis',(-9.86864910777917E-017,1.,0.));
#7708=DIRECTION('ref_axis',(0.707106781186547,0.,-0.707106781186547));
#7709=DIRECTION('center_axis',(0.,1.,0.));
#7710=DIRECTION('ref_axis',(1.,0.,0.));
#7711=DIRECTION('center_axis',(-1.,0.,0.));
#7712=DIRECTION('ref_axis',(0.,1.,0.));
#7713=DIRECTION('center_axis',(-1.,-7.72329060608805E-017,0.));
#7714=DIRECTION('ref_axis',(0.,0.707106781186547,-0.707106781186547));
#7715=DIRECTION('center_axis',(-1.,0.,0.));
#7716=DIRECTION('ref_axis',(0.,1.,0.));
#7717=DIRECTION('',(-1.,-7.72329060608805E-017,0.));
#7718=DIRECTION('center_axis',(0.,0.,1.));
#7719=DIRECTION('ref_axis',(-0.707106781186548,0.707106781186548,0.));
#7720=DIRECTION('center_axis',(9.86864910777917E-017,-1.,0.));
#7721=DIRECTION('ref_axis',(-0.707106781186547,0.,-0.707106781186547));
#7722=DIRECTION('center_axis',(0.,0.,1.));
#7723=DIRECTION('ref_axis',(1.,0.,0.));
#7724=DIRECTION('center_axis',(1.,0.,0.));
#7725=DIRECTION('ref_axis',(0.,-1.,0.));
#7726=DIRECTION('',(0.,0.,-1.));
#7727=DIRECTION('',(0.,0.,-1.));
#7728=DIRECTION('center_axis',(0.,1.,0.));
#7729=DIRECTION('ref_axis',(1.,0.,0.));
#7730=DIRECTION('',(0.,0.,-1.));
#7731=DIRECTION('center_axis',(-1.,-8.88178419700125E-017,0.));
#7732=DIRECTION('ref_axis',(0.,1.,0.));
#7733=DIRECTION('',(0.,0.,-1.));
#7734=DIRECTION('center_axis',(0.,-1.,0.));
#7735=DIRECTION('ref_axis',(-1.,0.,0.));
#7736=DIRECTION('center_axis',(0.,1.,0.));
#7737=DIRECTION('ref_axis',(0.,0.,1.));
#7738=DIRECTION('center_axis',(0.,-1.,0.));
#7739=DIRECTION('ref_axis',(-1.,0.,0.));
#7740=DIRECTION('center_axis',(0.,1.,0.));
#7741=DIRECTION('ref_axis',(0.,0.,1.));
#7742=DIRECTION('center_axis',(0.,-1.,0.));
#7743=DIRECTION('ref_axis',(-1.,0.,0.));
#7744=DIRECTION('center_axis',(0.,1.,0.));
#7745=DIRECTION('ref_axis',(0.,0.,1.));
#7746=DIRECTION('center_axis',(0.,1.,0.));
#7747=DIRECTION('ref_axis',(0.,0.,1.));
#7748=DIRECTION('center_axis',(0.,0.,1.));
#7749=DIRECTION('ref_axis',(-1.,0.,0.));
#7750=DIRECTION('',(0.,0.,1.));
#7751=DIRECTION('',(0.,0.,1.));
#7752=DIRECTION('center_axis',(1.,4.44089209850063E-016,0.));
#7753=DIRECTION('ref_axis',(-7.105427357601E-016,1.,0.));
#7754=DIRECTION('',(0.,0.,1.));
#7755=DIRECTION('center_axis',(0.,0.,1.));
#7756=DIRECTION('ref_axis',(0.,1.,0.));
#7757=DIRECTION('',(0.,0.,1.));
#7758=DIRECTION('center_axis',(3.675221047035E-016,-1.,0.));
#7759=DIRECTION('ref_axis',(1.,0.,0.));
#7760=DIRECTION('',(0.,0.,1.));
#7761=DIRECTION('center_axis',(0.,0.,1.));
#7762=DIRECTION('ref_axis',(1.,1.77635683940025E-015,0.));
#7763=DIRECTION('',(0.,0.,1.));
#7764=DIRECTION('center_axis',(-1.,-1.11022302462516E-016,0.));
#7765=DIRECTION('ref_axis',(0.,-1.,0.));
#7766=DIRECTION('',(0.,0.,1.));
#7767=DIRECTION('center_axis',(0.,0.,1.));
#7768=DIRECTION('ref_axis',(0.,-1.,0.));
#7769=DIRECTION('',(0.,0.,1.));
#7770=DIRECTION('center_axis',(-3.675221047035E-016,1.,0.));
#7771=DIRECTION('ref_axis',(-1.,0.,0.));
#7772=DIRECTION('center_axis',(0.,0.,1.));
#7773=DIRECTION('ref_axis',(0.,-1.,0.));
#7774=DIRECTION('',(0.,0.,1.));
#7775=DIRECTION('center_axis',(-7.72329060608805E-017,1.,0.));
#7776=DIRECTION('ref_axis',(-1.,0.,0.));
#7777=DIRECTION('center_axis',(0.,0.,1.));
#7778=DIRECTION('ref_axis',(-1.,0.,0.));
#7779=DIRECTION('',(0.,0.,1.));
#7780=DIRECTION('',(0.,0.,1.));
#7781=DIRECTION('center_axis',(1.,3.1720657846433E-017,0.));
#7782=DIRECTION('ref_axis',(0.,1.,0.));
#7783=DIRECTION('',(0.,0.,1.));
#7784=DIRECTION('center_axis',(0.,0.,1.));
#7785=DIRECTION('ref_axis',(-4.44089209850063E-016,1.,0.));
#7786=DIRECTION('',(0.,0.,1.));
#7787=DIRECTION('center_axis',(0.,-1.,0.));
#7788=DIRECTION('ref_axis',(1.,0.,0.));
#7789=DIRECTION('',(0.,0.,1.));
#7790=DIRECTION('center_axis',(0.,0.,1.));
#7791=DIRECTION('ref_axis',(1.,0.,0.));
#7792=DIRECTION('',(0.,0.,-1.));
#7793=DIRECTION('center_axis',(-1.,0.,0.));
#7794=DIRECTION('ref_axis',(0.,-1.,0.));
#7795=DIRECTION('',(0.,0.,-1.));
#7796=DIRECTION('center_axis',(0.,0.,1.));
#7797=DIRECTION('ref_axis',(0.,-1.,0.));
#7798=DIRECTION('',(0.,0.,1.));
#7799=DIRECTION('center_axis',(0.,1.,0.));
#7800=DIRECTION('ref_axis',(-1.,0.,0.));
#7801=DIRECTION('center_axis',(0.,1.,0.));
#7802=DIRECTION('ref_axis',(-1.,0.,0.));
#7803=CARTESIAN_POINT('',(0.,0.,0.));
#7804=CARTESIAN_POINT('Origin',(-112.5,-51.,9.));
#7805=CARTESIAN_POINT('',(-113.9,-51.,5.));
#7806=CARTESIAN_POINT('Origin',(-112.5,-51.,5.));
#7807=CARTESIAN_POINT('',(-113.9,-51.,13.));
#7808=CARTESIAN_POINT('Origin',(-112.5,-51.,13.));
#7809=CARTESIAN_POINT('Origin',(-112.5,28.,9.));
#7810=CARTESIAN_POINT('',(-113.9,28.,5.));
#7811=CARTESIAN_POINT('Origin',(-112.5,28.,5.));
#7812=CARTESIAN_POINT('',(-113.9,28.,13.));
#7813=CARTESIAN_POINT('Origin',(-112.5,28.,13.));
#7814=CARTESIAN_POINT('Origin',(-112.5,70.,9.));
#7815=CARTESIAN_POINT('',(-113.9,70.,5.));
#7816=CARTESIAN_POINT('Origin',(-112.5,70.,5.));
#7817=CARTESIAN_POINT('',(-113.9,70.,13.));
#7818=CARTESIAN_POINT('Origin',(-112.5,70.,13.));
#7819=CARTESIAN_POINT('Origin',(-112.5,49.,9.));
#7820=CARTESIAN_POINT('',(-113.9,49.,5.));
#7821=CARTESIAN_POINT('Origin',(-112.5,49.,5.));
#7822=CARTESIAN_POINT('',(-113.9,49.,13.));
#7823=CARTESIAN_POINT('Origin',(-112.5,49.,13.));
#7824=CARTESIAN_POINT('Origin',(-112.5,-30.,9.));
#7825=CARTESIAN_POINT('',(-113.9,-30.,5.));
#7826=CARTESIAN_POINT('Origin',(-112.5,-30.,5.));
#7827=CARTESIAN_POINT('',(-113.9,-30.,13.));
#7828=CARTESIAN_POINT('Origin',(-112.5,-30.,13.));
#7829=CARTESIAN_POINT('Origin',(-112.5,-72.,9.));
#7830=CARTESIAN_POINT('',(-113.9,-72.,5.));
#7831=CARTESIAN_POINT('Origin',(-112.5,-72.,5.));
#7832=CARTESIAN_POINT('',(-113.9,-72.,13.));
#7833=CARTESIAN_POINT('Origin',(-112.5,-72.,13.));
#7834=CARTESIAN_POINT('Origin',(66.,-23.,137.));
#7835=CARTESIAN_POINT('',(64.6,-23.,138.));
#7836=CARTESIAN_POINT('Origin',(66.,-23.,138.));
#7837=CARTESIAN_POINT('',(67.4,-23.,141.));
#7838=CARTESIAN_POINT('Origin',(66.,-23.,141.));
#7839=CARTESIAN_POINT('Origin',(66.,83.,137.));
#7840=CARTESIAN_POINT('',(64.6,83.,138.));
#7841=CARTESIAN_POINT('Origin',(66.,83.,138.));
#7842=CARTESIAN_POINT('',(67.4,83.,141.));
#7843=CARTESIAN_POINT('Origin',(66.,83.,141.));
#7844=CARTESIAN_POINT('Origin',(111.,83.,137.));
#7845=CARTESIAN_POINT('',(109.6,83.,138.));
#7846=CARTESIAN_POINT('Origin',(111.,83.,138.));
#7847=CARTESIAN_POINT('',(112.4,83.,141.));
#7848=CARTESIAN_POINT('Origin',(111.,83.,141.));
#7849=CARTESIAN_POINT('Origin',(111.,-23.,137.));
#7850=CARTESIAN_POINT('',(109.6,-23.,138.));
#7851=CARTESIAN_POINT('Origin',(111.,-23.,138.));
#7852=CARTESIAN_POINT('',(112.4,-23.,141.));
#7853=CARTESIAN_POINT('Origin',(111.,-23.,141.));
#7854=CARTESIAN_POINT('Origin',(25.,62.,8.));
#7855=CARTESIAN_POINT('',(60.,67.,8.));
#7856=CARTESIAN_POINT('',(50.,67.,8.));
#7857=CARTESIAN_POINT('',(25.,67.,8.));
#7858=CARTESIAN_POINT('',(45.,62.,3.));
#7859=CARTESIAN_POINT('Origin',(45.,62.,8.));
#7860=CARTESIAN_POINT('',(65.,62.,3.));
#7861=CARTESIAN_POINT('',(25.,62.,3.));
#7862=CARTESIAN_POINT('Origin',(65.,62.,8.));
#7863=CARTESIAN_POINT('Origin',(45.,37.8988360098605,8.));
#7864=CARTESIAN_POINT('',(45.,80.,3.));
#7865=CARTESIAN_POINT('',(45.,37.8988360098605,3.));
#7866=CARTESIAN_POINT('',(50.,75.,8.00000000000001));
#7867=CARTESIAN_POINT('',(50.,37.8988360098605,8.));
#7868=CARTESIAN_POINT('Origin',(45.,80.,8.));
#7869=CARTESIAN_POINT('Origin',(65.,37.8988360098605,8.));
#7870=CARTESIAN_POINT('',(65.,80.,3.));
#7871=CARTESIAN_POINT('',(65.,37.8988360098605,3.));
#7872=CARTESIAN_POINT('',(60.,75.,8.00000000000001));
#7873=CARTESIAN_POINT('Origin',(65.,80.,8.));
#7874=CARTESIAN_POINT('',(60.,37.8988360098605,8.));
#7875=CARTESIAN_POINT('Origin',(50.,75.7976720197209,11.835362913576));
#7876=CARTESIAN_POINT('',(50.,67.,13.));
#7877=CARTESIAN_POINT('',(50.,67.,13.));
#7878=CARTESIAN_POINT('',(50.,72.,18.));
#7879=CARTESIAN_POINT('Origin',(50.,72.,13.));
#7880=CARTESIAN_POINT('',(50.,87.,18.));
#7881=CARTESIAN_POINT('',(50.,87.,18.));
#7882=CARTESIAN_POINT('',(50.,87.,13.));
#7883=CARTESIAN_POINT('',(50.,87.,13.));
#7884=CARTESIAN_POINT('',(50.,80.,13.));
#7885=CARTESIAN_POINT('',(50.,80.,13.));
#7886=CARTESIAN_POINT('Origin',(50.,80.,8.00000000000001));
#7887=CARTESIAN_POINT('Origin',(50.,67.,13.));
#7888=CARTESIAN_POINT('',(60.,67.,13.));
#7889=CARTESIAN_POINT('',(60.,67.,13.));
#7890=CARTESIAN_POINT('',(50.,67.,13.));
#7891=CARTESIAN_POINT('Origin',(-3.0728426357889E-016,0.,3.));
#7892=CARTESIAN_POINT('',(-98.,-85.,3.));
#7893=CARTESIAN_POINT('',(-98.,-76.0000000000001,3.));
#7894=CARTESIAN_POINT('',(-98.,-25.,3.));
#7895=CARTESIAN_POINT('',(-105.,-85.,3.));
#7896=CARTESIAN_POINT('',(-61.,-85.,3.));
#7897=CARTESIAN_POINT('',(-117.,-85.,3.00000000000001));
#7898=CARTESIAN_POINT('',(-61.,-85.,3.));
#7899=CARTESIAN_POINT('',(-117.,-90.,3.));
#7900=CARTESIAN_POINT('',(-117.,45.,3.));
#7901=CARTESIAN_POINT('',(-115.,-92.,3.));
#7902=CARTESIAN_POINT('Origin',(-115.,-90.,3.));
#7903=CARTESIAN_POINT('',(115.,-92.,3.));
#7904=CARTESIAN_POINT('',(-57.5,-92.,3.));
#7905=CARTESIAN_POINT('',(117.,-90.,3.));
#7906=CARTESIAN_POINT('Origin',(115.,-90.,3.));
#7907=CARTESIAN_POINT('',(117.,90.,3.));
#7908=CARTESIAN_POINT('',(117.,-45.,3.));
#7909=CARTESIAN_POINT('',(115.,92.,3.));
#7910=CARTESIAN_POINT('Origin',(115.,90.,3.));
#7911=CARTESIAN_POINT('',(-115.,92.,3.));
#7912=CARTESIAN_POINT('',(57.5,92.,3.));
#7913=CARTESIAN_POINT('',(-117.,90.,3.));
#7914=CARTESIAN_POINT('Origin',(-115.,90.,3.));
#7915=CARTESIAN_POINT('',(-117.,80.,3.00000000000001));
#7916=CARTESIAN_POINT('',(-117.,45.,3.));
#7917=CARTESIAN_POINT('',(-105.,80.,3.));
#7918=CARTESIAN_POINT('',(-61.,80.,3.));
#7919=CARTESIAN_POINT('',(-98.,80.,3.));
#7920=CARTESIAN_POINT('',(-61.,80.,3.));
#7921=CARTESIAN_POINT('',(-98.,76.,3.));
#7922=CARTESIAN_POINT('',(-98.,22.5,3.));
#7923=CARTESIAN_POINT('',(-90.,80.,3.));
#7924=CARTESIAN_POINT('Origin',(-90.,70.,3.));
#7925=CARTESIAN_POINT('',(20.,80.,3.));
#7926=CARTESIAN_POINT('',(9.99999999999999,80.,3.));
#7927=CARTESIAN_POINT('',(30.,70.,3.));
#7928=CARTESIAN_POINT('Origin',(20.,70.,3.));
#7929=CARTESIAN_POINT('',(30.,-70.,3.));
#7930=CARTESIAN_POINT('',(30.,-35.,3.));
#7931=CARTESIAN_POINT('',(20.,-80.,3.));
#7932=CARTESIAN_POINT('Origin',(20.,-70.,3.));
#7933=CARTESIAN_POINT('',(-90.,-80.,3.));
#7934=CARTESIAN_POINT('',(-45.,-80.,3.));
#7935=CARTESIAN_POINT('Origin',(-90.,-70.,3.));
#7936=CARTESIAN_POINT('',(98.,-80.,3.));
#7937=CARTESIAN_POINT('',(100.,-82.,3.));
#7938=CARTESIAN_POINT('Origin',(98.,-82.,3.));
#7939=CARTESIAN_POINT('',(100.,-88.,3.));
#7940=CARTESIAN_POINT('',(100.,-44.,3.));
#7941=CARTESIAN_POINT('',(98.,-90.,3.));
#7942=CARTESIAN_POINT('Origin',(98.,-88.,3.));
#7943=CARTESIAN_POINT('',(82.,-90.,3.));
#7944=CARTESIAN_POINT('',(41.,-90.,3.));
#7945=CARTESIAN_POINT('',(80.,-88.,3.));
#7946=CARTESIAN_POINT('Origin',(82.,-88.,3.));
#7947=CARTESIAN_POINT('',(80.,-82.,3.));
#7948=CARTESIAN_POINT('',(79.9999999999999,-40.9999999999999,3.));
#7949=CARTESIAN_POINT('',(82.,-80.,3.));
#7950=CARTESIAN_POINT('Origin',(82.,-82.,3.));
#7951=CARTESIAN_POINT('',(49.,-80.,3.));
#7952=CARTESIAN_POINT('',(25.,80.,3.));
#7953=CARTESIAN_POINT('Origin',(50.,72.,13.));
#7954=CARTESIAN_POINT('',(60.,72.,18.));
#7955=CARTESIAN_POINT('Origin',(60.,72.,13.));
#7956=CARTESIAN_POINT('',(50.,72.,18.));
#7957=CARTESIAN_POINT('Origin',(50.,87.,18.));
#7958=CARTESIAN_POINT('',(60.,87.,18.));
#7959=CARTESIAN_POINT('',(60.,87.,18.));
#7960=CARTESIAN_POINT('',(50.,87.,18.));
#7961=CARTESIAN_POINT('Origin',(50.,87.,13.));
#7962=CARTESIAN_POINT('',(60.,87.,13.));
#7963=CARTESIAN_POINT('',(60.,87.,13.));
#7964=CARTESIAN_POINT('',(50.,87.,13.));
#7965=CARTESIAN_POINT('Origin',(50.,80.,13.));
#7966=CARTESIAN_POINT('',(60.,80.,13.));
#7967=CARTESIAN_POINT('',(60.,80.,13.));
#7968=CARTESIAN_POINT('',(50.,80.,13.));
#7969=CARTESIAN_POINT('Origin',(50.,80.,8.00000000000001));
#7970=CARTESIAN_POINT('Origin',(60.,80.,8.00000000000001));
#7971=CARTESIAN_POINT('Origin',(60.,75.7976720197209,11.835362913576));
#7972=CARTESIAN_POINT('Origin',(-5.10889406329424,80.0913343333784,20.2072203251489));
#7973=CARTESIAN_POINT('',(-5.10889406329424,85.2559849927702,27.8908490738742));
#7974=CARTESIAN_POINT('',(-5.10889406329424,82.358207513903,28.6673062091818));
#7975=CARTESIAN_POINT('',(-5.10889406329424,86.2219108190592,27.6320300287717));
#7976=CARTESIAN_POINT('',(-5.10889406329424,88.2236191154237,38.9662103978924));
#7977=CARTESIAN_POINT('',(-5.10889406329424,88.2236191154237,38.9662103978924));
#7978=CARTESIAN_POINT('',(-5.10889406329424,85.3258416365565,39.7426675331999));
#7979=CARTESIAN_POINT('',(-5.10889406329424,85.3258416365565,39.7426675331999));
#7980=CARTESIAN_POINT('',(-5.10889406329424,83.7270947071365,33.7760627641596));
#7981=CARTESIAN_POINT('Origin',(5.10889406329422,85.3258416365565,39.7426675331999));
#7982=CARTESIAN_POINT('',(5.10889406329422,82.358207513903,28.6673062091818));
#7983=CARTESIAN_POINT('',(5.10889406329422,85.2559849927702,27.8908490738742));
#7984=CARTESIAN_POINT('',(5.10889406329422,86.2219108190592,27.6320300287717));
#7985=CARTESIAN_POINT('',(5.10889406329422,85.3258416365565,39.7426675331999));
#7986=CARTESIAN_POINT('',(5.10889406329422,86.3443483587256,43.5437863681851));
#7987=CARTESIAN_POINT('',(5.10889406329422,88.2236191154237,38.9662103978924));
#7988=CARTESIAN_POINT('',(5.10889406329422,85.3258416365565,39.7426675331999));
#7989=CARTESIAN_POINT('',(5.10889406329422,82.9891118122457,19.4307631898414));
#7990=CARTESIAN_POINT('Origin',(-9.7011087081736E-015,85.3258416365565,
39.7426675331999));
#7991=CARTESIAN_POINT('Origin',(-9.7011087081736E-015,85.3258416365565,
39.7426675331999));
#7992=CARTESIAN_POINT('Origin',(-9.7011087081736E-015,88.2236191154237,
38.9662103978924));
#7993=CARTESIAN_POINT('Origin',(-9.79620902083793E-015,85.606385296693,
29.1985608111016));
#7994=CARTESIAN_POINT('Origin',(6.1232339957366E-017,90.2606325597618,46.5684480678627));
#7995=CARTESIAN_POINT('Origin',(-9.44256482941331E-016,87.3628550808946,
47.3449052031703));
#7996=CARTESIAN_POINT('Origin',(-2.16917110737494E-030,87.3628550808946,
47.3449052031703));
#7997=CARTESIAN_POINT('',(17.5,87.3628550808946,47.3449052031703));
#7998=CARTESIAN_POINT('Origin',(16.5,87.3628550808946,47.3449052031703));
#7999=CARTESIAN_POINT('',(-15.5,87.3628550808946,47.3449052031703));
#8000=CARTESIAN_POINT('Origin',(-16.5,87.3628550808946,47.3449052031703));
#8001=CARTESIAN_POINT('Origin',(-16.5,87.3628550808946,47.3449052031703));
#8002=CARTESIAN_POINT('',(-15.5,96.0561875174962,45.0155337972476));
#8003=CARTESIAN_POINT('Origin',(-16.5,96.0561875174962,45.0155337972476));
#8004=CARTESIAN_POINT('Origin',(-16.5,96.0561875174962,45.0155337972476));
#8005=CARTESIAN_POINT('Origin',(16.5,87.3628550808946,47.3449052031703));
#8006=CARTESIAN_POINT('',(17.5,96.0561875174962,45.0155337972476));
#8007=CARTESIAN_POINT('Origin',(16.5,96.0561875174962,45.0155337972476));
#8008=CARTESIAN_POINT('Origin',(16.5,96.0561875174962,45.0155337972476));
#8009=CARTESIAN_POINT('Origin',(0.,91.2265583860508,46.3096290227602));
#8010=CARTESIAN_POINT('',(1.75515825526489E-015,97.,24.0571163965526));
#8011=CARTESIAN_POINT('Origin',(-3.65992222184929E-016,97.,44.7626400047543));
#8012=CARTESIAN_POINT('Origin',(82.,-88.,0.));
#8013=CARTESIAN_POINT('',(82.,-90.,0.));
#8014=CARTESIAN_POINT('',(82.,-90.,0.));
#8015=CARTESIAN_POINT('',(80.,-88.,0.));
#8016=CARTESIAN_POINT('Origin',(82.,-88.,0.));
#8017=CARTESIAN_POINT('',(80.,-88.,0.));
#8018=CARTESIAN_POINT('Origin',(80.,-82.,0.));
#8019=CARTESIAN_POINT('',(80.,-82.,0.));
#8020=CARTESIAN_POINT('',(79.9999999999999,-40.9999999999999,0.));
#8021=CARTESIAN_POINT('',(80.,-82.,0.));
#8022=CARTESIAN_POINT('Origin',(82.,-82.,0.));
#8023=CARTESIAN_POINT('',(82.,-80.,0.));
#8024=CARTESIAN_POINT('Origin',(82.,-82.,0.));
#8025=CARTESIAN_POINT('',(82.,-80.,0.));
#8026=CARTESIAN_POINT('Origin',(98.,-80.,0.));
#8027=CARTESIAN_POINT('',(98.,-80.,0.));
#8028=CARTESIAN_POINT('',(49.,-80.,0.));
#8029=CARTESIAN_POINT('',(98.,-80.,0.));
#8030=CARTESIAN_POINT('Origin',(98.,-82.,0.));
#8031=CARTESIAN_POINT('',(100.,-82.,0.));
#8032=CARTESIAN_POINT('Origin',(98.,-82.,0.));
#8033=CARTESIAN_POINT('',(100.,-82.,0.));
#8034=CARTESIAN_POINT('Origin',(100.,-88.,0.));
#8035=CARTESIAN_POINT('',(100.,-88.,0.));
#8036=CARTESIAN_POINT('',(100.,-44.,0.));
#8037=CARTESIAN_POINT('',(100.,-88.,0.));
#8038=CARTESIAN_POINT('Origin',(98.,-88.,0.));
#8039=CARTESIAN_POINT('',(98.,-90.,0.));
#8040=CARTESIAN_POINT('Origin',(98.,-88.,0.));
#8041=CARTESIAN_POINT('',(98.,-90.,0.));
#8042=CARTESIAN_POINT('Origin',(82.,-90.,0.));
#8043=CARTESIAN_POINT('',(41.,-90.,0.));
#8044=CARTESIAN_POINT('Origin',(93.2544300126794,-47.0447883314099,143.));
#8045=CARTESIAN_POINT('',(93.2544300126794,-47.0447883314099,143.));
#8046=CARTESIAN_POINT('',(93.2544300126794,-47.3875760273649,143.));
#8047=CARTESIAN_POINT('',(93.2544300126794,-52.522394165705,143.));
#8048=CARTESIAN_POINT('',(93.2544300126794,-47.0447883314099,142.));
#8049=CARTESIAN_POINT('',(93.2544300126794,-47.0447883314099,143.));
#8050=CARTESIAN_POINT('',(93.2544300126794,-47.3875760273649,142.));
#8051=CARTESIAN_POINT('',(93.2544300126794,-47.0447883314099,142.));
#8052=CARTESIAN_POINT('',(93.2544300126794,-47.3875760273649,143.));
#8053=CARTESIAN_POINT('Origin',(92.0495677281736,-47.0447883314099,143.));
#8054=CARTESIAN_POINT('',(92.0495677281736,-47.0447883314099,143.));
#8055=CARTESIAN_POINT('',(91.0247838640868,-47.0447883314099,143.));
#8056=CARTESIAN_POINT('',(92.0495677281736,-47.0447883314099,142.));
#8057=CARTESIAN_POINT('',(92.0495677281736,-47.0447883314099,143.));
#8058=CARTESIAN_POINT('',(92.0495677281736,-47.0447883314099,142.));
#8059=CARTESIAN_POINT('Origin',(92.0495677281736,-48.8447884029355,143.));
#8060=CARTESIAN_POINT('',(92.0495677281736,-48.8447884029355,143.));
#8061=CARTESIAN_POINT('',(92.0495677281736,-53.4223942014677,143.));
#8062=CARTESIAN_POINT('',(92.0495677281736,-48.8447884029355,142.));
#8063=CARTESIAN_POINT('',(92.0495677281736,-48.8447884029355,143.));
#8064=CARTESIAN_POINT('',(92.0495677281736,-48.8447884029355,142.));
#8065=CARTESIAN_POINT('Origin',(92.4988384105317,-48.8447884029355,143.));
#8066=CARTESIAN_POINT('',(92.4988384105317,-48.8447884029355,143.));
#8067=CARTESIAN_POINT('',(91.2494192052658,-48.8447884029355,143.));
#8068=CARTESIAN_POINT('',(92.4988384105317,-48.8447884029355,142.));
#8069=CARTESIAN_POINT('',(92.4988384105317,-48.8447884029355,143.));
#8070=CARTESIAN_POINT('',(92.4988384105317,-48.8447884029355,142.));
#8071=CARTESIAN_POINT('Origin',(92.4988384105317,-48.0702340771818,143.));
#8072=CARTESIAN_POINT('',(92.4988384105317,-48.0702340771818,143.));
#8073=CARTESIAN_POINT('',(92.4988384105317,-53.0351170385909,143.));
#8074=CARTESIAN_POINT('',(92.4988384105317,-48.0702340771818,142.));
#8075=CARTESIAN_POINT('',(92.4988384105317,-48.0702340771818,143.));
#8076=CARTESIAN_POINT('',(92.4988384105317,-48.0702340771818,142.));
#8077=CARTESIAN_POINT('Origin',(93.1946244997681,-48.0702340771818,143.));
#8078=CARTESIAN_POINT('',(93.1946244997681,-48.0702340771818,143.));
#8079=CARTESIAN_POINT('',(91.597312249884,-48.0702340771818,143.));
#8080=CARTESIAN_POINT('',(93.1946244997681,-48.0702340771818,142.));
#8081=CARTESIAN_POINT('',(93.1946244997681,-48.0702340771818,143.));
#8082=CARTESIAN_POINT('',(93.1946244997681,-48.0702340771818,142.));
#8083=CARTESIAN_POINT('Origin',(93.1946244997681,-47.7274463812267,143.));
#8084=CARTESIAN_POINT('',(93.1946244997681,-47.7274463812267,143.));
#8085=CARTESIAN_POINT('',(93.1946244997681,-52.8637231906134,143.));
#8086=CARTESIAN_POINT('',(93.1946244997681,-47.7274463812267,142.));
#8087=CARTESIAN_POINT('',(93.1946244997681,-47.7274463812267,143.));
#8088=CARTESIAN_POINT('',(93.1946244997681,-47.7274463812267,142.));
#8089=CARTESIAN_POINT('Origin',(92.4988384105317,-47.7274463812267,143.));
#8090=CARTESIAN_POINT('',(92.4988384105317,-47.7274463812267,143.));
#8091=CARTESIAN_POINT('',(91.2494192052658,-47.7274463812267,143.));
#8092=CARTESIAN_POINT('',(92.4988384105317,-47.7274463812267,142.));
#8093=CARTESIAN_POINT('',(92.4988384105317,-47.7274463812267,143.));
#8094=CARTESIAN_POINT('',(92.4988384105317,-47.7274463812267,142.));
#8095=CARTESIAN_POINT('Origin',(92.4988384105317,-47.3875760273649,143.));
#8096=CARTESIAN_POINT('',(92.4988384105317,-47.3875760273649,143.));
#8097=CARTESIAN_POINT('',(92.4988384105317,-52.6937880136825,143.));
#8098=CARTESIAN_POINT('',(92.4988384105317,-47.3875760273649,142.));
#8099=CARTESIAN_POINT('',(92.4988384105317,-47.3875760273649,143.));
#8100=CARTESIAN_POINT('',(92.4988384105317,-47.3875760273649,142.));
#8101=CARTESIAN_POINT('Origin',(93.2544300126794,-47.3875760273649,143.));
#8102=CARTESIAN_POINT('',(91.6272150063397,-47.3875760273649,143.));
#8103=CARTESIAN_POINT('',(93.2544300126794,-47.3875760273649,142.));
#8104=CARTESIAN_POINT('Origin',(92.5720715165146,-47.7873838472343,142.));
#8105=CARTESIAN_POINT('Origin',(95.3711914807984,-45.1849891430525,143.));
#8106=CARTESIAN_POINT('',(97.9593819318235,-54.8442474059432,143.));
#8107=CARTESIAN_POINT('',(95.3711914807984,-45.1849891430525,143.));
#8108=CARTESIAN_POINT('',(96.7931670354577,-50.4918741601621,143.));
#8109=CARTESIAN_POINT('',(97.9593819318235,-54.8442474059432,142.));
#8110=CARTESIAN_POINT('',(97.9593819318235,-54.8442474059432,143.));
#8111=CARTESIAN_POINT('',(95.3711914807984,-45.1849891430525,142.));
#8112=CARTESIAN_POINT('',(96.5084323216037,-49.4292297413806,142.));
#8113=CARTESIAN_POINT('',(95.3711914807984,-45.1849891430525,143.));
#8114=CARTESIAN_POINT('Origin',(94.8882285676538,-45.3143986656038,143.));
#8115=CARTESIAN_POINT('',(94.7588190451025,-44.8314357524592,143.));
#8116=CARTESIAN_POINT('Origin',(94.8882285676538,-45.3143986656038,143.));
#8117=CARTESIAN_POINT('',(94.7588190451025,-44.8314357524592,142.));
#8118=CARTESIAN_POINT('Origin',(94.8882285676538,-45.3143986656038,142.));
#8119=CARTESIAN_POINT('',(94.7588190451025,-44.8314357524592,143.));
#8120=CARTESIAN_POINT('Origin',(88.6588190451025,-46.4659258262891,143.));
#8121=CARTESIAN_POINT('',(88.6588190451025,-46.4659258262891,143.));
#8122=CARTESIAN_POINT('',(87.8427292066163,-46.6845964394627,143.));
#8123=CARTESIAN_POINT('',(88.6588190451025,-46.4659258262891,142.));
#8124=CARTESIAN_POINT('',(90.1820580009742,-46.0577751781836,142.));
#8125=CARTESIAN_POINT('',(88.6588190451025,-46.4659258262891,143.));
#8126=CARTESIAN_POINT('Origin',(88.7882285676538,-46.9488887394336,143.));
#8127=CARTESIAN_POINT('',(88.3052656545093,-47.0782982619849,143.));
#8128=CARTESIAN_POINT('Origin',(88.7882285676538,-46.9488887394336,143.));
#8129=CARTESIAN_POINT('',(88.3052656545093,-47.0782982619849,142.));
#8130=CARTESIAN_POINT('Origin',(88.7882285676538,-46.9488887394336,142.));
#8131=CARTESIAN_POINT('',(88.3052656545093,-47.0782982619849,143.));
#8132=CARTESIAN_POINT('Origin',(90.8934561055345,-56.7375565248756,143.));
#8133=CARTESIAN_POINT('',(90.8934561055345,-56.7375565248756,143.));
#8134=CARTESIAN_POINT('',(91.0213364346812,-57.2148124105398,143.));
#8135=CARTESIAN_POINT('',(90.8934561055345,-56.7375565248756,142.));
#8136=CARTESIAN_POINT('',(90.7366017208273,-56.1521679917583,142.));
#8137=CARTESIAN_POINT('',(90.8934561055345,-56.7375565248756,143.));
#8138=CARTESIAN_POINT('Origin',(92.3862803078038,-56.8551935756409,143.));
#8139=CARTESIAN_POINT('',(91.5058285412303,-57.0911099154688,143.));
#8140=CARTESIAN_POINT('',(92.3862803078038,-56.8551935756409,143.));
#8141=CARTESIAN_POINT('',(91.1299645860308,-57.1918223587285,143.));
#8142=CARTESIAN_POINT('',(91.5058285412303,-57.0911099154688,142.));
#8143=CARTESIAN_POINT('',(91.5058285412303,-57.0911099154688,143.));
#8144=CARTESIAN_POINT('',(92.3862803078038,-56.8551935756409,142.));
#8145=CARTESIAN_POINT('',(93.4692933803887,-56.5650010974494,142.));
#8146=CARTESIAN_POINT('',(92.3862803078038,-56.8551935756409,143.));
#8147=CARTESIAN_POINT('Origin',(87.1985606989651,-58.2220951289526,143.));
#8148=CARTESIAN_POINT('',(91.6670662511751,-55.2533727225555,143.));
#8149=CARTESIAN_POINT('Origin',(87.1985606989651,-58.2220951289526,143.));
#8150=CARTESIAN_POINT('',(91.6670662511751,-55.2533727225555,142.));
#8151=CARTESIAN_POINT('Origin',(87.1985606989651,-58.2220951289526,142.));
#8152=CARTESIAN_POINT('',(91.6670662511751,-55.2533727225555,143.));
#8153=CARTESIAN_POINT('Origin',(92.5,-54.7,143.));
#8154=CARTESIAN_POINT('',(92.3204433265672,-53.7162523692401,143.));
#8155=CARTESIAN_POINT('Origin',(92.5,-54.7,143.));
#8156=CARTESIAN_POINT('',(92.3204433265672,-53.7162523692401,142.));
#8157=CARTESIAN_POINT('Origin',(92.5,-54.7,142.));
#8158=CARTESIAN_POINT('',(92.3204433265672,-53.7162523692401,143.));
#8159=CARTESIAN_POINT('Origin',(92.7461130590119,-56.0483939865516,143.));
#8160=CARTESIAN_POINT('',(95.1162392438293,-56.0991986355378,143.));
#8161=CARTESIAN_POINT('Origin',(92.7461130590119,-56.0483939865516,143.));
#8162=CARTESIAN_POINT('',(95.1162392438293,-56.0991986355378,142.));
#8163=CARTESIAN_POINT('Origin',(92.7461130590119,-56.0483939865516,142.));
#8164=CARTESIAN_POINT('',(95.1162392438293,-56.0991986355378,143.));
#8165=CARTESIAN_POINT('Origin',(98.4033343533042,-56.1696588980718,143.));
#8166=CARTESIAN_POINT('',(95.1158037144805,-56.1238199831,143.));
#8167=CARTESIAN_POINT('Origin',(98.4033343533042,-56.1696588980718,143.));
#8168=CARTESIAN_POINT('',(95.1158037144805,-56.1238199831,142.));
#8169=CARTESIAN_POINT('Origin',(98.4033343533042,-56.1696588980718,142.));
#8170=CARTESIAN_POINT('',(95.1158037144805,-56.1238199831,143.));
#8171=CARTESIAN_POINT('Origin',(97.6058285412303,-55.456619841639,143.));
#8172=CARTESIAN_POINT('',(97.6058285412303,-55.456619841639,143.));
#8173=CARTESIAN_POINT('',(93.739738702744,-56.4925354917275,143.));
#8174=CARTESIAN_POINT('',(97.6058285412303,-55.456619841639,142.));
#8175=CARTESIAN_POINT('',(96.079067497102,-55.8657142304484,142.));
#8176=CARTESIAN_POINT('',(97.6058285412303,-55.456619841639,143.));
#8177=CARTESIAN_POINT('Origin',(97.476419018679,-54.9736569284944,143.));
#8178=CARTESIAN_POINT('Origin',(97.476419018679,-54.9736569284944,143.));
#8179=CARTESIAN_POINT('Origin',(97.476419018679,-54.9736569284944,142.));
#8180=CARTESIAN_POINT('Origin',(97.2308503827072,-56.5923711168046,143.));
#8181=CARTESIAN_POINT('',(97.8646475863328,-56.422545667928,143.));
#8182=CARTESIAN_POINT('',(97.2308503827072,-56.5923711168046,143.));
#8183=CARTESIAN_POINT('',(93.6816591460338,-57.5433740424549,143.));
#8184=CARTESIAN_POINT('',(97.8646475863328,-56.422545667928,142.));
#8185=CARTESIAN_POINT('',(97.8646475863328,-56.422545667928,143.));
#8186=CARTESIAN_POINT('',(97.2308503827072,-56.5923711168046,142.));
#8187=CARTESIAN_POINT('',(96.0209879403917,-56.9165527811758,142.));
#8188=CARTESIAN_POINT('',(97.2308503827072,-56.5923711168046,143.));
#8189=CARTESIAN_POINT('Origin',(97.4387801054199,-57.3683754063719,143.));
#8190=CARTESIAN_POINT('',(97.4387801054199,-57.3683754063719,143.));
#8191=CARTESIAN_POINT('',(97.2685812893833,-56.7331847775354,143.));
#8192=CARTESIAN_POINT('',(97.4387801054199,-57.3683754063719,142.));
#8193=CARTESIAN_POINT('',(96.9838465755293,-55.6705403587542,142.));
#8194=CARTESIAN_POINT('',(97.4387801054199,-57.3683754063719,143.));
#8195=CARTESIAN_POINT('Origin',(98.3139454161046,-57.368375406592,143.));
#8196=CARTESIAN_POINT('',(98.3139454161046,-57.368375406592,143.));
#8197=CARTESIAN_POINT('',(94.1569727081317,-57.3683754055468,143.));
#8198=CARTESIAN_POINT('',(98.3139454161046,-57.368375406592,142.));
#8199=CARTESIAN_POINT('',(96.2115667882109,-57.3683754060634,142.));
#8200=CARTESIAN_POINT('',(98.3139454161046,-57.368375406592,143.));
#8201=CARTESIAN_POINT('Origin',(98.5677576666686,-57.6467375879228,143.));
#8202=CARTESIAN_POINT('',(98.5677576666686,-57.6467375879228,143.));
#8203=CARTESIAN_POINT('',(96.7109602573731,-55.6103418820719,143.));
#8204=CARTESIAN_POINT('',(98.5677576666686,-57.6467375879228,142.));
#8205=CARTESIAN_POINT('',(96.8025322334523,-55.71077113619,142.));
#8206=CARTESIAN_POINT('',(98.5677576666686,-57.6467375879228,143.));
#8207=CARTESIAN_POINT('Origin',(97.0706068446913,-59.0118483861752,143.));
#8208=CARTESIAN_POINT('',(97.0706068446913,-59.0118483861752,143.));
#8209=CARTESIAN_POINT('',(95.3921008316411,-60.5423198989385,143.));
#8210=CARTESIAN_POINT('',(97.0706068446913,-59.0118483861752,142.));
#8211=CARTESIAN_POINT('',(97.3551229360659,-58.7524249647599,142.));
#8212=CARTESIAN_POINT('',(97.0706068446913,-59.0118483861752,143.));
#8213=CARTESIAN_POINT('Origin',(98.4033343533042,-56.1696588980718,143.));
#8214=CARTESIAN_POINT('',(97.9295228607561,-59.2728357167576,143.));
#8215=CARTESIAN_POINT('Origin',(98.4033343533042,-56.1696588980718,143.));
#8216=CARTESIAN_POINT('',(97.9295228607561,-59.2728357167576,142.));
#8217=CARTESIAN_POINT('Origin',(98.4033343533042,-56.1696588980718,142.));
#8218=CARTESIAN_POINT('',(97.9295228607561,-59.2728357167576,143.));
#8219=CARTESIAN_POINT('Origin',(97.8691481846117,-59.6682530892647,143.));
#8220=CARTESIAN_POINT('',(97.8087735084673,-60.0636704617719,143.));
#8221=CARTESIAN_POINT('Origin',(97.8691481846117,-59.6682530892647,143.));
#8222=CARTESIAN_POINT('',(97.8087735084673,-60.0636704617719,142.));
#8223=CARTESIAN_POINT('Origin',(97.8691481846117,-59.6682530892647,142.));
#8224=CARTESIAN_POINT('',(97.8087735084673,-60.0636704617719,143.));
#8225=CARTESIAN_POINT('Origin',(98.4033343533042,-56.1696588980718,143.));
#8226=CARTESIAN_POINT('',(94.4650984155105,-56.0852411587438,143.));
#8227=CARTESIAN_POINT('Origin',(98.4033343533042,-56.1696588980718,143.));
#8228=CARTESIAN_POINT('',(94.4650984155105,-56.0852411587438,142.));
#8229=CARTESIAN_POINT('Origin',(98.4033343533042,-56.1696588980718,142.));
#8230=CARTESIAN_POINT('',(94.4650984155105,-56.0852411587438,143.));
#8231=CARTESIAN_POINT('Origin',(92.7461130590119,-56.0483939865516,143.));
#8232=CARTESIAN_POINT('',(92.4373868648268,-54.3569577604469,143.));
#8233=CARTESIAN_POINT('Origin',(92.7461130590119,-56.0483939865516,143.));
#8234=CARTESIAN_POINT('',(92.4373868648268,-54.3569577604469,142.));
#8235=CARTESIAN_POINT('Origin',(92.7461130590119,-56.0483939865516,142.));
#8236=CARTESIAN_POINT('',(92.4373868648268,-54.3569577604469,143.));
#8237=CARTESIAN_POINT('Origin',(92.5,-54.7,143.));
#8238=CARTESIAN_POINT('',(92.2095480083896,-54.8929663788937,143.));
#8239=CARTESIAN_POINT('Origin',(92.5,-54.7,143.));
#8240=CARTESIAN_POINT('',(92.2095480083896,-54.8929663788937,142.));
#8241=CARTESIAN_POINT('Origin',(92.5,-54.7,142.));
#8242=CARTESIAN_POINT('',(92.2095480083896,-54.8929663788937,143.));
#8243=CARTESIAN_POINT('Origin',(87.1985606989651,-58.2220951289526,143.));
#8244=CARTESIAN_POINT('',(93.1932407981353,-58.7289506885495,143.));
#8245=CARTESIAN_POINT('Origin',(87.1985606989651,-58.2220951289526,143.));
#8246=CARTESIAN_POINT('',(93.1932407981353,-58.7289506885495,142.));
#8247=CARTESIAN_POINT('Origin',(87.1985606989651,-58.2220951289526,142.));
#8248=CARTESIAN_POINT('',(93.1932407981353,-58.7289506885495,143.));
#8249=CARTESIAN_POINT('Origin',(91.4499999371644,-59.3429960186651,143.));
#8250=CARTESIAN_POINT('',(92.7747711667125,-60.6317634748639,143.));
#8251=CARTESIAN_POINT('Origin',(91.4499999371644,-59.3429960186651,143.));
#8252=CARTESIAN_POINT('',(92.7747711667125,-60.6317634748639,142.));
#8253=CARTESIAN_POINT('Origin',(91.4499999371644,-59.3429960186651,142.));
#8254=CARTESIAN_POINT('',(92.7747711667125,-60.6317634748639,143.));
#8255=CARTESIAN_POINT('Origin',(96.1979356502576,-61.246551974243,143.));
#8256=CARTESIAN_POINT('',(93.4236700715816,-63.3440434472524,143.));
#8257=CARTESIAN_POINT('Origin',(96.1979356502576,-61.246551974243,143.));
#8258=CARTESIAN_POINT('',(93.4236700715816,-63.3440434472524,142.));
#8259=CARTESIAN_POINT('Origin',(96.1979356502576,-61.246551974243,142.));
#8260=CARTESIAN_POINT('',(93.4236700715816,-63.3440434472524,143.));
#8261=CARTESIAN_POINT('Origin',(92.1552120140619,-64.2326371143161,143.));
#8262=CARTESIAN_POINT('',(93.6066634449073,-64.7728901038766,143.));
#8263=CARTESIAN_POINT('Origin',(92.1552120140619,-64.2326371143161,143.));
#8264=CARTESIAN_POINT('',(93.6066634449073,-64.7728901038766,142.));
#8265=CARTESIAN_POINT('Origin',(92.1552120140619,-64.2326371143161,142.));
#8266=CARTESIAN_POINT('',(93.6066634449073,-64.7728901038766,143.));
#8267=CARTESIAN_POINT('Origin',(95.9,-62.4,143.));
#8268=CARTESIAN_POINT('',(98.4961679696983,-64.4371332487377,143.));
#8269=CARTESIAN_POINT('Origin',(95.9,-62.4,143.));
#8270=CARTESIAN_POINT('',(98.4961679696983,-64.4371332487377,142.));
#8271=CARTESIAN_POINT('Origin',(95.9,-62.4,142.));
#8272=CARTESIAN_POINT('',(98.4961679696983,-64.4371332487377,143.));
#8273=CARTESIAN_POINT('Origin',(98.4961679696983,-62.7149030911794,143.));
#8274=CARTESIAN_POINT('',(98.4961679696983,-62.7149030911794,143.));
#8275=CARTESIAN_POINT('',(98.4961679696983,-60.3574515455897,143.));
#8276=CARTESIAN_POINT('',(98.4961679696983,-62.7149030911794,142.));
#8277=CARTESIAN_POINT('',(98.4961679696983,-58.6679858655292,142.));
#8278=CARTESIAN_POINT('',(98.4961679696983,-62.7149030911794,143.));
#8279=CARTESIAN_POINT('Origin',(100.373109897302,-57.9315376202447,143.));
#8280=CARTESIAN_POINT('',(100.373109897302,-57.9315376202447,143.));
#8281=CARTESIAN_POINT('',(99.6694492026424,-59.7248090159057,143.));
#8282=CARTESIAN_POINT('',(100.373109897302,-57.9315376202447,142.));
#8283=CARTESIAN_POINT('',(100.518061915727,-57.5621290255082,142.));
#8284=CARTESIAN_POINT('',(100.373109897302,-57.9315376202447,143.));
#8285=CARTESIAN_POINT('Origin',(98.937897306169,-57.368375406592,143.));
#8286=CARTESIAN_POINT('',(99.5010595198218,-55.9331628154592,143.));
#8287=CARTESIAN_POINT('Origin',(98.937897306169,-57.368375406592,143.));
#8288=CARTESIAN_POINT('',(99.5010595198218,-55.9331628154592,142.));
#8289=CARTESIAN_POINT('Origin',(98.937897306169,-57.368375406592,142.));
#8290=CARTESIAN_POINT('',(99.5010595198218,-55.9331628154592,143.));
#8291=CARTESIAN_POINT('Origin',(98.8092976275094,-55.6617227786297,143.));
#8292=CARTESIAN_POINT('',(98.8092976275094,-55.6617227786297,143.));
#8293=CARTESIAN_POINT('',(95.3898906152406,-54.3199836980875,143.));
#8294=CARTESIAN_POINT('',(98.8092976275094,-55.6617227786297,142.));
#8295=CARTESIAN_POINT('',(96.5958719826597,-54.7931980084244,142.));
#8296=CARTESIAN_POINT('',(98.8092976275094,-55.6617227786297,143.));
#8297=CARTESIAN_POINT('Origin',(97.476419018679,-54.9736569284944,143.));
#8298=CARTESIAN_POINT('Origin',(97.476419018679,-54.9736569284944,143.));
#8299=CARTESIAN_POINT('Origin',(97.476419018679,-54.9736569284944,142.));
#8300=CARTESIAN_POINT('Origin',(91.4499999371644,-59.3429960186651,143.));
#8301=CARTESIAN_POINT('',(90.4136654324919,-59.3714029111467,143.));
#8302=CARTESIAN_POINT('',(92.2665244505525,-59.9818104488024,143.));
#8303=CARTESIAN_POINT('Origin',(91.4499999371644,-59.3429960186651,143.));
#8304=CARTESIAN_POINT('',(90.4136654324919,-59.3714029111467,142.));
#8305=CARTESIAN_POINT('',(90.4136654324919,-59.3714029111467,143.));
#8306=CARTESIAN_POINT('',(92.2665244505525,-59.9818104488024,142.));
#8307=CARTESIAN_POINT('Origin',(91.4499999371644,-59.3429960186651,142.));
#8308=CARTESIAN_POINT('',(92.2665244505525,-59.9818104488024,143.));
#8309=CARTESIAN_POINT('Origin',(87.1985606989651,-58.2220951289526,143.));
#8310=CARTESIAN_POINT('',(92.4753414034723,-59.189793424321,143.));
#8311=CARTESIAN_POINT('Origin',(87.1985606989651,-58.2220951289526,143.));
#8312=CARTESIAN_POINT('',(92.4753414034723,-59.189793424321,142.));
#8313=CARTESIAN_POINT('Origin',(87.1985606989651,-58.2220951289526,142.));
#8314=CARTESIAN_POINT('',(92.4753414034723,-59.189793424321,143.));
#8315=CARTESIAN_POINT('Origin',(91.4499999371644,-59.3429960186651,143.));
#8316=CARTESIAN_POINT('',(91.3260399918467,-58.3137098148321,143.));
#8317=CARTESIAN_POINT('Origin',(91.4499999371644,-59.3429960186651,143.));
#8318=CARTESIAN_POINT('',(91.3260399918467,-58.3137098148321,142.));
#8319=CARTESIAN_POINT('Origin',(91.4499999371644,-59.3429960186651,142.));
#8320=CARTESIAN_POINT('',(91.3260399918467,-58.3137098148321,143.));
#8321=CARTESIAN_POINT('Origin',(89.813731380422,-57.9315376202447,143.));
#8322=CARTESIAN_POINT('Origin',(89.813731380422,-57.9315376202447,143.));
#8323=CARTESIAN_POINT('Origin',(89.813731380422,-57.9315376202447,142.));
#8324=CARTESIAN_POINT('Origin',(91.376419018679,-56.6081470023243,143.));
#8325=CARTESIAN_POINT('',(90.6606582284564,-57.9263603732092,143.));
#8326=CARTESIAN_POINT('',(89.9583236087873,-57.0970287962622,143.));
#8327=CARTESIAN_POINT('Origin',(91.376419018679,-56.6081470023243,143.));
#8328=CARTESIAN_POINT('',(90.6606582284564,-57.9263603732092,142.));
#8329=CARTESIAN_POINT('',(90.6606582284564,-57.9263603732092,143.));
#8330=CARTESIAN_POINT('',(89.9583236087873,-57.0970287962622,142.));
#8331=CARTESIAN_POINT('Origin',(91.376419018679,-56.6081470023243,142.));
#8332=CARTESIAN_POINT('',(89.9583236087873,-57.0970287962622,143.));
#8333=CARTESIAN_POINT('Origin',(89.813731380422,-57.9315376202447,143.));
#8334=CARTESIAN_POINT('Origin',(89.813731380422,-57.9315376202447,143.));
#8335=CARTESIAN_POINT('Origin',(89.813731380422,-57.9315376202447,142.));
#8336=CARTESIAN_POINT('Origin',(98.4033343533042,-56.1696588980718,143.));
#8337=CARTESIAN_POINT('',(95.3999856632274,-57.0829498398399,143.));
#8338=CARTESIAN_POINT('',(96.5333280651915,-58.6910236437834,143.));
#8339=CARTESIAN_POINT('Origin',(98.4033343533042,-56.1696588980718,143.));
#8340=CARTESIAN_POINT('',(95.3999856632274,-57.0829498398399,142.));
#8341=CARTESIAN_POINT('',(95.3999856632274,-57.0829498398399,143.));
#8342=CARTESIAN_POINT('',(96.5333280651915,-58.6910236437834,142.));
#8343=CARTESIAN_POINT('Origin',(98.4033343533042,-56.1696588980718,142.));
#8344=CARTESIAN_POINT('',(96.5333280651915,-58.6910236437834,143.));
#8345=CARTESIAN_POINT('Origin',(97.3268909195758,-57.967448433081,143.));
#8346=CARTESIAN_POINT('',(97.3268909195758,-57.967448433081,143.));
#8347=CARTESIAN_POINT('',(95.3184240211171,-59.7987801936492,143.));
#8348=CARTESIAN_POINT('',(97.3268909195758,-57.967448433081,142.));
#8349=CARTESIAN_POINT('',(97.2814461256692,-58.0088852595965,142.));
#8350=CARTESIAN_POINT('',(97.3268909195758,-57.967448433081,143.));
#8351=CARTESIAN_POINT('Origin',(96.9790952042864,-57.9674484330411,143.));
#8352=CARTESIAN_POINT('',(96.9790952042864,-57.9674484330411,143.));
#8353=CARTESIAN_POINT('',(93.4895476021451,-57.9674484326415,143.));
#8354=CARTESIAN_POINT('',(96.9790952042864,-57.9674484330411,142.));
#8355=CARTESIAN_POINT('',(95.5441416824556,-57.9674484328768,142.));
#8356=CARTESIAN_POINT('',(96.9790952042864,-57.9674484330411,143.));
#8357=CARTESIAN_POINT('Origin',(96.6521902744142,-56.7474226255138,143.));
#8358=CARTESIAN_POINT('',(96.6521902744142,-56.7474226255138,143.));
#8359=CARTESIAN_POINT('',(96.585956319734,-56.5002341414609,143.));
#8360=CARTESIAN_POINT('',(96.6521902744142,-56.7474226255138,142.));
#8361=CARTESIAN_POINT('',(96.30122160588,-55.4375897226798,142.));
#8362=CARTESIAN_POINT('',(96.6521902744142,-56.7474226255138,143.));
#8363=CARTESIAN_POINT('Origin',(95.3999856632274,-57.0829498398399,143.));
#8364=CARTESIAN_POINT('',(92.7662267862938,-57.7886634039725,143.));
#8365=CARTESIAN_POINT('',(95.1055555806518,-57.1618421426934,142.));
#8366=CARTESIAN_POINT('Origin',(91.376419018679,-56.6081470023243,143.));
#8367=CARTESIAN_POINT('Origin',(91.376419018679,-56.6081470023243,143.));
#8368=CARTESIAN_POINT('Origin',(91.376419018679,-56.6081470023243,142.));
#8369=CARTESIAN_POINT('Origin',(89.813731380422,-57.9315376202447,143.));
#8370=CARTESIAN_POINT('',(89.6066806765264,-59.4775851238374,143.));
#8371=CARTESIAN_POINT('',(89.7603900267533,-56.3725996556876,143.));
#8372=CARTESIAN_POINT('Origin',(89.813731380422,-57.9315376202447,143.));
#8373=CARTESIAN_POINT('',(89.6066806765264,-59.4775851238374,142.));
#8374=CARTESIAN_POINT('',(89.6066806765264,-59.4775851238374,143.));
#8375=CARTESIAN_POINT('',(89.7603900267533,-56.3725996556876,142.));
#8376=CARTESIAN_POINT('Origin',(89.813731380422,-57.9315376202447,142.));
#8377=CARTESIAN_POINT('',(89.7603900267533,-56.3725996556876,143.));
#8378=CARTESIAN_POINT('Origin',(91.4499999371644,-59.3429960186651,143.));
#8379=CARTESIAN_POINT('',(92.1151393626685,-61.0673885693481,143.));
#8380=CARTESIAN_POINT('Origin',(91.4499999371644,-59.3429960186651,143.));
#8381=CARTESIAN_POINT('',(92.1151393626685,-61.0673885693481,142.));
#8382=CARTESIAN_POINT('',(92.1151393626685,-61.0673885693481,143.));
#8383=CARTESIAN_POINT('Origin',(91.4499999371644,-59.3429960186651,142.));
#8384=CARTESIAN_POINT('Origin',(98.3383022043411,-61.362169682498,143.));
#8385=CARTESIAN_POINT('',(92.5147058082828,-63.575849125069,143.));
#8386=CARTESIAN_POINT('Origin',(98.3383022043411,-61.362169682498,143.));
#8387=CARTESIAN_POINT('',(92.5147058082828,-63.575849125069,142.));
#8388=CARTESIAN_POINT('',(92.5147058082828,-63.575849125069,143.));
#8389=CARTESIAN_POINT('Origin',(98.3383022043411,-61.362169682498,142.));
#8390=CARTESIAN_POINT('Origin',(92.1552120140619,-64.2326371143161,143.));
#8391=CARTESIAN_POINT('',(92.6692585976717,-64.7770288489904,143.));
#8392=CARTESIAN_POINT('Origin',(92.1552120140619,-64.2326371143161,143.));
#8393=CARTESIAN_POINT('',(92.6692585976717,-64.7770288489904,142.));
#8394=CARTESIAN_POINT('',(92.6692585976717,-64.7770288489904,143.));
#8395=CARTESIAN_POINT('Origin',(92.1552120140619,-64.2326371143161,142.));
#8396=CARTESIAN_POINT('Origin',(92.7379138091389,-64.8497369086426,143.));
#8397=CARTESIAN_POINT('',(92.6588616543674,-64.9109803313587,143.));
#8398=CARTESIAN_POINT('Origin',(92.7379138091389,-64.8497369086426,143.));
#8399=CARTESIAN_POINT('',(92.6588616543674,-64.9109803313587,142.));
#8400=CARTESIAN_POINT('',(92.6588616543674,-64.9109803313587,143.));
#8401=CARTESIAN_POINT('Origin',(92.7379138091389,-64.8497369086426,142.));
#8402=CARTESIAN_POINT('Origin',(95.9,-62.4,143.));
#8403=CARTESIAN_POINT('',(99.2961679696983,-64.6969638920966,143.));
#8404=CARTESIAN_POINT('Origin',(95.9,-62.4,143.));
#8405=CARTESIAN_POINT('',(99.2961679696983,-64.6969638920966,142.));
#8406=CARTESIAN_POINT('',(99.2961679696983,-64.6969638920966,143.));
#8407=CARTESIAN_POINT('Origin',(95.9,-62.4,142.));
#8408=CARTESIAN_POINT('Origin',(99.2961679696983,-62.866241934554,143.));
#8409=CARTESIAN_POINT('',(99.2961679696983,-62.866241934554,143.));
#8410=CARTESIAN_POINT('',(99.2961679696983,-60.433120967277,143.));
#8411=CARTESIAN_POINT('',(99.2961679696983,-62.866241934554,142.));
#8412=CARTESIAN_POINT('',(99.2961679696983,-62.866241934554,143.));
#8413=CARTESIAN_POINT('',(99.2961679696983,-64.6969638920966,142.));
#8414=CARTESIAN_POINT('Origin',(101.117829579979,-58.2237577328876,143.));
#8415=CARTESIAN_POINT('',(101.117829579979,-58.2237577328876,143.));
#8416=CARTESIAN_POINT('',(100.41416888532,-60.0170291285486,143.));
#8417=CARTESIAN_POINT('',(101.117829579979,-58.2237577328876,142.));
#8418=CARTESIAN_POINT('',(101.117829579979,-58.2237577328876,143.));
#8419=CARTESIAN_POINT('',(99.2961679696983,-62.866241934554,142.));
#8420=CARTESIAN_POINT('Origin',(98.937897306169,-57.368375406592,143.));
#8421=CARTESIAN_POINT('',(99.7932796324647,-55.1884431327819,143.));
#8422=CARTESIAN_POINT('Origin',(98.937897306169,-57.368375406592,143.));
#8423=CARTESIAN_POINT('',(99.7932796324647,-55.1884431327819,142.));
#8424=CARTESIAN_POINT('',(99.7932796324647,-55.1884431327819,143.));
#8425=CARTESIAN_POINT('Origin',(98.937897306169,-57.368375406592,142.));
#8426=CARTESIAN_POINT('Origin',(98.9725800903091,-54.8664093283409,143.));
#8427=CARTESIAN_POINT('',(98.9725800903091,-54.8664093283409,143.));
#8428=CARTESIAN_POINT('',(95.6176419029618,-53.5499671316045,143.));
#8429=CARTESIAN_POINT('',(98.9725800903091,-54.8664093283409,142.));
#8430=CARTESIAN_POINT('',(98.9725800903091,-54.8664093283409,143.));
#8431=CARTESIAN_POINT('',(99.7932796324647,-55.1884431327819,142.));
#8432=CARTESIAN_POINT('Origin',(97.476419018679,-54.9736569284944,143.));
#8433=CARTESIAN_POINT('',(98.9253077581126,-54.5854283608407,143.));
#8434=CARTESIAN_POINT('Origin',(97.476419018679,-54.9736569284944,143.));
#8435=CARTESIAN_POINT('',(98.9253077581126,-54.5854283608407,142.));
#8436=CARTESIAN_POINT('',(98.9253077581126,-54.5854283608407,143.));
#8437=CARTESIAN_POINT('Origin',(97.476419018679,-54.9736569284944,142.));
#8438=CARTESIAN_POINT('Origin',(96.3371173070874,-44.92617009795,143.));
#8439=CARTESIAN_POINT('',(96.3371173070874,-44.92617009795,143.));
#8440=CARTESIAN_POINT('',(97.7590928617467,-50.2330551150595,143.));
#8441=CARTESIAN_POINT('',(96.3371173070874,-44.92617009795,142.));
#8442=CARTESIAN_POINT('',(96.3371173070874,-44.92617009795,143.));
#8443=CARTESIAN_POINT('',(98.9253077581126,-54.5854283608407,142.));
#8444=CARTESIAN_POINT('Origin',(94.8882285676538,-45.3143986656038,143.));
#8445=CARTESIAN_POINT('',(94.5,-43.8655099261701,143.));
#8446=CARTESIAN_POINT('Origin',(94.8882285676538,-45.3143986656038,143.));
#8447=CARTESIAN_POINT('',(94.5,-43.8655099261701,142.));
#8448=CARTESIAN_POINT('',(94.5,-43.8655099261701,143.));
#8449=CARTESIAN_POINT('Origin',(94.8882285676538,-45.3143986656038,142.));
#8450=CARTESIAN_POINT('Origin',(88.4,-45.5,143.));
#8451=CARTESIAN_POINT('',(88.4,-45.5,143.));
#8452=CARTESIAN_POINT('',(87.5839101615138,-45.7186706131736,143.));
#8453=CARTESIAN_POINT('',(88.4,-45.5,142.));
#8454=CARTESIAN_POINT('',(88.4,-45.5,143.));
#8455=CARTESIAN_POINT('',(94.5,-43.8655099261701,142.));
#8456=CARTESIAN_POINT('Origin',(88.7882285676538,-46.9488887394336,143.));
#8457=CARTESIAN_POINT('',(87.3393398282202,-47.3371173070874,143.));
#8458=CARTESIAN_POINT('Origin',(88.7882285676538,-46.9488887394336,143.));
#8459=CARTESIAN_POINT('',(87.3393398282202,-47.3371173070874,142.));
#8460=CARTESIAN_POINT('',(87.3393398282202,-47.3371173070874,143.));
#8461=CARTESIAN_POINT('Origin',(88.7882285676538,-46.9488887394336,142.));
#8462=CARTESIAN_POINT('Origin',(89.7603900267533,-56.3725996556876,143.));
#8463=CARTESIAN_POINT('',(89.9718404821461,-57.1617434984971,143.));
#8464=CARTESIAN_POINT('',(87.3393398282202,-47.3371173070874,142.));
#8465=CARTESIAN_POINT('Origin',(94.109188161008,-54.6210686398789,142.));
#8466=CARTESIAN_POINT('Origin',(84.8,-49.9139762016526,143.));
#8467=CARTESIAN_POINT('',(84.361797752809,-50.1547640554924,143.));
#8468=CARTESIAN_POINT('',(85.238202247191,-49.6731883478129,143.));
#8469=CARTESIAN_POINT('Origin',(84.8,-49.9139762016526,143.));
#8470=CARTESIAN_POINT('',(84.361797752809,-50.1547640554924,142.));
#8471=CARTESIAN_POINT('',(84.361797752809,-50.1547640554924,143.));
#8472=CARTESIAN_POINT('',(85.238202247191,-49.6731883478129,142.));
#8473=CARTESIAN_POINT('Origin',(84.8,-49.9139762016526,142.));
#8474=CARTESIAN_POINT('',(85.238202247191,-49.6731883478129,143.));
#8475=CARTESIAN_POINT('Origin',(77.,-54.2,143.));
#8476=CARTESIAN_POINT('',(84.361797752809,-58.2452359445076,143.));
#8477=CARTESIAN_POINT('Origin',(77.,-54.2,143.));
#8478=CARTESIAN_POINT('',(84.361797752809,-58.2452359445076,142.));
#8479=CARTESIAN_POINT('',(84.361797752809,-58.2452359445076,143.));
#8480=CARTESIAN_POINT('Origin',(77.,-54.2,142.));
#8481=CARTESIAN_POINT('Origin',(84.8,-58.4860237983474,143.));
#8482=CARTESIAN_POINT('',(85.238202247191,-58.7268116521871,143.));
#8483=CARTESIAN_POINT('Origin',(84.8,-58.4860237983474,143.));
#8484=CARTESIAN_POINT('',(85.238202247191,-58.7268116521871,142.));
#8485=CARTESIAN_POINT('',(85.238202247191,-58.7268116521871,143.));
#8486=CARTESIAN_POINT('Origin',(84.8,-58.4860237983474,142.));
#8487=CARTESIAN_POINT('Origin',(77.,-54.2,143.));
#8488=CARTESIAN_POINT('Origin',(77.,-54.2,143.));
#8489=CARTESIAN_POINT('Origin',(77.,-54.2,142.));
#8490=CARTESIAN_POINT('Origin',(85.4211266193486,-54.2,142.));
#8491=CARTESIAN_POINT('Origin',(81.5004757065131,-51.6,143.));
#8492=CARTESIAN_POINT('',(81.0675317169427,-51.8501189754794,143.));
#8493=CARTESIAN_POINT('',(81.9334196960835,-51.3498810245206,143.));
#8494=CARTESIAN_POINT('Origin',(81.5004757065131,-51.6,143.));
#8495=CARTESIAN_POINT('',(81.0675317169427,-51.8501189754794,142.));
#8496=CARTESIAN_POINT('',(81.0675317169427,-51.8501189754794,143.));
#8497=CARTESIAN_POINT('',(81.9334196960835,-51.3498810245206,142.));
#8498=CARTESIAN_POINT('Origin',(81.5004757065131,-51.6,142.));
#8499=CARTESIAN_POINT('',(81.9334196960835,-51.3498810245206,143.));
#8500=CARTESIAN_POINT('Origin',(77.,-54.2,143.));
#8501=CARTESIAN_POINT('',(81.0671017732087,-56.5506250794416,143.));
#8502=CARTESIAN_POINT('Origin',(77.,-54.2,143.));
#8503=CARTESIAN_POINT('',(81.0671017732087,-56.5506250794416,142.));
#8504=CARTESIAN_POINT('',(81.0671017732087,-56.5506250794416,143.));
#8505=CARTESIAN_POINT('Origin',(77.,-54.2,142.));
#8506=CARTESIAN_POINT('Origin',(81.5,-56.8008232513793,143.));
#8507=CARTESIAN_POINT('',(81.9328982267913,-57.051021423317,143.));
#8508=CARTESIAN_POINT('Origin',(81.5,-56.8008232513793,143.));
#8509=CARTESIAN_POINT('',(81.9328982267913,-57.051021423317,142.));
#8510=CARTESIAN_POINT('',(81.9328982267913,-57.051021423317,143.));
#8511=CARTESIAN_POINT('Origin',(81.5,-56.8008232513793,142.));
#8512=CARTESIAN_POINT('Origin',(77.,-54.2,143.));
#8513=CARTESIAN_POINT('Origin',(77.,-54.2,143.));
#8514=CARTESIAN_POINT('Origin',(77.,-54.2,142.));
#8515=CARTESIAN_POINT('Origin',(81.8593703964102,-54.2004444746602,142.));
#8516=CARTESIAN_POINT('Origin',(80.,-52.397224362268,143.));
#8517=CARTESIAN_POINT('',(79.5714285714286,-52.6547637390868,143.));
#8518=CARTESIAN_POINT('',(80.4285714285714,-52.1396849854491,143.));
#8519=CARTESIAN_POINT('Origin',(80.,-52.397224362268,143.));
#8520=CARTESIAN_POINT('',(79.5714285714286,-52.6547637390868,142.));
#8521=CARTESIAN_POINT('',(79.5714285714286,-52.6547637390868,143.));
#8522=CARTESIAN_POINT('',(80.4285714285714,-52.1396849854491,142.));
#8523=CARTESIAN_POINT('Origin',(80.,-52.397224362268,142.));
#8524=CARTESIAN_POINT('',(80.4285714285714,-52.1396849854491,143.));
#8525=CARTESIAN_POINT('Origin',(77.,-54.2,143.));
#8526=CARTESIAN_POINT('',(79.5714285714286,-55.7452362609131,143.));
#8527=CARTESIAN_POINT('Origin',(77.,-54.2,143.));
#8528=CARTESIAN_POINT('',(79.5714285714286,-55.7452362609131,142.));
#8529=CARTESIAN_POINT('',(79.5714285714286,-55.7452362609131,143.));
#8530=CARTESIAN_POINT('Origin',(77.,-54.2,142.));
#8531=CARTESIAN_POINT('Origin',(80.,-56.002775637732,143.));
#8532=CARTESIAN_POINT('',(80.4285714285714,-56.2603150145509,143.));
#8533=CARTESIAN_POINT('Origin',(80.,-56.002775637732,143.));
#8534=CARTESIAN_POINT('',(80.4285714285714,-56.2603150145509,142.));
#8535=CARTESIAN_POINT('',(80.4285714285714,-56.2603150145509,143.));
#8536=CARTESIAN_POINT('Origin',(80.,-56.002775637732,142.));
#8537=CARTESIAN_POINT('Origin',(77.,-54.2,143.));
#8538=CARTESIAN_POINT('Origin',(77.,-54.2,143.));
#8539=CARTESIAN_POINT('Origin',(77.,-54.2,142.));
#8540=CARTESIAN_POINT('Origin',(80.234451412767,-54.2,142.));
#8541=CARTESIAN_POINT('Origin',(83.15,-50.7532624120772,143.));
#8542=CARTESIAN_POINT('',(82.7138297872341,-50.997711886398,143.));
#8543=CARTESIAN_POINT('',(83.586170212766,-50.5088129377564,143.));
#8544=CARTESIAN_POINT('Origin',(83.15,-50.7532624120772,143.));
#8545=CARTESIAN_POINT('',(82.7138297872341,-50.997711886398,142.));
#8546=CARTESIAN_POINT('',(82.7138297872341,-50.997711886398,143.));
#8547=CARTESIAN_POINT('',(83.586170212766,-50.5088129377564,142.));
#8548=CARTESIAN_POINT('Origin',(83.15,-50.7532624120772,142.));
#8549=CARTESIAN_POINT('',(83.586170212766,-50.5088129377564,143.));
#8550=CARTESIAN_POINT('Origin',(77.,-54.2,143.));
#8551=CARTESIAN_POINT('',(82.7138297872341,-57.402288113602,143.));
#8552=CARTESIAN_POINT('Origin',(77.,-54.2,143.));
#8553=CARTESIAN_POINT('',(82.7138297872341,-57.402288113602,142.));
#8554=CARTESIAN_POINT('',(82.7138297872341,-57.402288113602,143.));
#8555=CARTESIAN_POINT('Origin',(77.,-54.2,142.));
#8556=CARTESIAN_POINT('Origin',(83.15,-57.6467375879228,143.));
#8557=CARTESIAN_POINT('',(83.586170212766,-57.8911870622436,143.));
#8558=CARTESIAN_POINT('Origin',(83.15,-57.6467375879228,143.));
#8559=CARTESIAN_POINT('',(83.586170212766,-57.8911870622436,142.));
#8560=CARTESIAN_POINT('',(83.586170212766,-57.8911870622436,143.));
#8561=CARTESIAN_POINT('Origin',(83.15,-57.6467375879228,142.));
#8562=CARTESIAN_POINT('Origin',(77.,-54.2,143.));
#8563=CARTESIAN_POINT('Origin',(77.,-54.2,143.));
#8564=CARTESIAN_POINT('Origin',(77.,-54.2,142.));
#8565=CARTESIAN_POINT('Origin',(83.6404106304483,-54.2,142.));
#8566=CARTESIAN_POINT('Ctrl Pts',(86.3944013934339,-46.8907597745804,143.));
#8567=CARTESIAN_POINT('Ctrl Pts',(86.3944013934339,-46.8907597745804,142.));
#8568=CARTESIAN_POINT('Ctrl Pts',(85.3618907543882,-46.7744860195442,143.));
#8569=CARTESIAN_POINT('Ctrl Pts',(85.3618907543882,-46.7744860195442,142.));
#8570=CARTESIAN_POINT('Ctrl Pts',(79.7426547880372,-48.54660561231,143.));
#8571=CARTESIAN_POINT('Ctrl Pts',(79.7426547880372,-48.54660561231,142.));
#8572=CARTESIAN_POINT('Ctrl Pts',(77.9091327742079,-51.1670456764144,143.));
#8573=CARTESIAN_POINT('Ctrl Pts',(77.9091327742079,-51.1670456764144,142.));
#8574=CARTESIAN_POINT('Ctrl Pts',(76.6,-54.2004295819121,143.));
#8575=CARTESIAN_POINT('Ctrl Pts',(76.6,-54.2004295819121,142.));
#8576=CARTESIAN_POINT('Ctrl Pts',(79.1889821813416,-58.7268116521871,143.));
#8577=CARTESIAN_POINT('Ctrl Pts',(79.1889821813416,-58.7268116521871,142.));
#8578=CARTESIAN_POINT('Ctrl Pts',(80.9993368952002,-59.9587290691774,143.));
#8579=CARTESIAN_POINT('Ctrl Pts',(80.9993368952002,-59.9587290691774,142.));
#8580=CARTESIAN_POINT('Ctrl Pts',(84.0649491905072,-61.3579253494739,143.));
#8581=CARTESIAN_POINT('Ctrl Pts',(84.0649491905072,-61.3579253494739,142.));
#8582=CARTESIAN_POINT('Ctrl Pts',(84.9120083127799,-61.4670281500943,143.));
#8583=CARTESIAN_POINT('Ctrl Pts',(84.9120083127799,-61.4670281500943,142.));
#8584=CARTESIAN_POINT('Ctrl Pts',(90.1842768115789,-61.467265990031,143.));
#8585=CARTESIAN_POINT('Ctrl Pts',(90.1842768115789,-61.467265990031,142.));
#8586=CARTESIAN_POINT('',(86.3944013934339,-46.8907597745804,143.));
#8587=CARTESIAN_POINT('',(90.1842768115789,-61.467265990031,143.));
#8588=CARTESIAN_POINT('Ctrl Pts',(86.3944013934339,-46.8907597745804,143.));
#8589=CARTESIAN_POINT('Ctrl Pts',(85.3618907543882,-46.7744860195442,143.));
#8590=CARTESIAN_POINT('Ctrl Pts',(79.7426547880372,-48.54660561231,143.));
#8591=CARTESIAN_POINT('Ctrl Pts',(77.9091327742079,-51.1670456764144,143.));
#8592=CARTESIAN_POINT('Ctrl Pts',(76.6,-54.2004295819121,143.));
#8593=CARTESIAN_POINT('Ctrl Pts',(79.1889821813416,-58.7268116521871,143.));
#8594=CARTESIAN_POINT('Ctrl Pts',(80.9993368952002,-59.9587290691774,143.));
#8595=CARTESIAN_POINT('Ctrl Pts',(84.0649491905072,-61.3579253494739,143.));
#8596=CARTESIAN_POINT('Ctrl Pts',(84.9120083127799,-61.4670281500943,143.));
#8597=CARTESIAN_POINT('Ctrl Pts',(90.1842768115789,-61.467265990031,143.));
#8598=CARTESIAN_POINT('',(86.3944013934339,-46.8907597745804,142.));
#8599=CARTESIAN_POINT('',(86.3944013934339,-46.8907597745804,143.));
#8600=CARTESIAN_POINT('',(90.1842768115789,-61.467265990031,142.));
#8601=CARTESIAN_POINT('Ctrl Pts',(86.3944013934339,-46.8907597745804,142.));
#8602=CARTESIAN_POINT('Ctrl Pts',(85.3618907543882,-46.7744860195442,142.));
#8603=CARTESIAN_POINT('Ctrl Pts',(79.7426547880372,-48.54660561231,142.));
#8604=CARTESIAN_POINT('Ctrl Pts',(77.9091327742079,-51.1670456764144,142.));
#8605=CARTESIAN_POINT('Ctrl Pts',(76.6,-54.2004295819121,142.));
#8606=CARTESIAN_POINT('Ctrl Pts',(79.1889821813416,-58.7268116521871,142.));
#8607=CARTESIAN_POINT('Ctrl Pts',(80.9993368952002,-59.9587290691774,142.));
#8608=CARTESIAN_POINT('Ctrl Pts',(84.0649491905072,-61.3579253494739,142.));
#8609=CARTESIAN_POINT('Ctrl Pts',(84.9120083127799,-61.4670281500943,142.));
#8610=CARTESIAN_POINT('Ctrl Pts',(90.1842768115789,-61.467265990031,142.));
#8611=CARTESIAN_POINT('',(90.1842768115789,-61.467265990031,143.));
#8612=CARTESIAN_POINT('Origin',(86.3942175796633,-46.3875786610336,143.));
#8613=CARTESIAN_POINT('',(86.5063067052038,-45.8970409002514,143.));
#8614=CARTESIAN_POINT('Origin',(86.3942175796633,-46.3875786610336,143.));
#8615=CARTESIAN_POINT('',(86.5063067052038,-45.8970409002514,142.));
#8616=CARTESIAN_POINT('',(86.5063067052038,-45.8970409002514,143.));
#8617=CARTESIAN_POINT('Origin',(86.3942175796633,-46.3875786610336,142.));
#8618=CARTESIAN_POINT('Ctrl Pts',(90.1697409709314,-62.4672651806879,143.));
#8619=CARTESIAN_POINT('Ctrl Pts',(90.1697409709314,-62.4672651806879,142.));
#8620=CARTESIAN_POINT('Ctrl Pts',(89.2904185454485,-62.4672067174072,143.));
#8621=CARTESIAN_POINT('Ctrl Pts',(89.2904185454485,-62.4672067174072,142.));
#8622=CARTESIAN_POINT('Ctrl Pts',(88.0147223274609,-62.4640736830477,143.));
#8623=CARTESIAN_POINT('Ctrl Pts',(88.0147223274609,-62.4640736830477,142.));
#8624=CARTESIAN_POINT('Ctrl Pts',(86.9481016151002,-62.4506948145731,143.));
#8625=CARTESIAN_POINT('Ctrl Pts',(86.9481016151002,-62.4506948145731,142.));
#8626=CARTESIAN_POINT('Ctrl Pts',(86.2773896446173,-62.4354113856536,143.));
#8627=CARTESIAN_POINT('Ctrl Pts',(86.2773896446173,-62.4354113856536,142.));
#8628=CARTESIAN_POINT('Ctrl Pts',(85.8888421796135,-62.4224253522324,143.));
#8629=CARTESIAN_POINT('Ctrl Pts',(85.8888421796135,-62.4224253522324,142.));
#8630=CARTESIAN_POINT('Ctrl Pts',(85.4621508390871,-62.4022202335241,143.));
#8631=CARTESIAN_POINT('Ctrl Pts',(85.4621508390871,-62.4022202335241,142.));
#8632=CARTESIAN_POINT('Ctrl Pts',(85.1626335056457,-62.3826653198502,143.));
#8633=CARTESIAN_POINT('Ctrl Pts',(85.1626335056457,-62.3826653198502,142.));
#8634=CARTESIAN_POINT('Ctrl Pts',(84.8284359627558,-62.353380260056,143.));
#8635=CARTESIAN_POINT('Ctrl Pts',(84.8284359627558,-62.353380260056,142.));
#8636=CARTESIAN_POINT('Ctrl Pts',(84.5889046535509,-62.3257917444836,143.));
#8637=CARTESIAN_POINT('Ctrl Pts',(84.5889046535509,-62.3257917444836,142.));
#8638=CARTESIAN_POINT('Ctrl Pts',(84.3154311647476,-62.285529533338,143.));
#8639=CARTESIAN_POINT('Ctrl Pts',(84.3154311647476,-62.285529533338,142.));
#8640=CARTESIAN_POINT('Ctrl Pts',(84.1147064849833,-62.2485218972327,143.));
#8641=CARTESIAN_POINT('Ctrl Pts',(84.1147064849833,-62.2485218972327,142.));
#8642=CARTESIAN_POINT('Ctrl Pts',(83.8815197310732,-62.1964582900544,143.));
#8643=CARTESIAN_POINT('Ctrl Pts',(83.8815197310732,-62.1964582900544,142.));
#8644=CARTESIAN_POINT('Ctrl Pts',(83.7079905951496,-62.1505302966031,143.));
#8645=CARTESIAN_POINT('Ctrl Pts',(83.7079905951496,-62.1505302966031,142.));
#8646=CARTESIAN_POINT('Ctrl Pts',(83.4639634146421,-62.0768016830045,143.));
#8647=CARTESIAN_POINT('Ctrl Pts',(83.4639634146421,-62.0768016830045,142.));
#8648=CARTESIAN_POINT('Ctrl Pts',(83.2395955115228,-61.9980288439145,143.));
#8649=CARTESIAN_POINT('Ctrl Pts',(83.2395955115228,-61.9980288439145,142.));
#8650=CARTESIAN_POINT('Ctrl Pts',(82.959912291223,-61.888892230307,143.));
#8651=CARTESIAN_POINT('Ctrl Pts',(82.959912291223,-61.888892230307,142.));
#8652=CARTESIAN_POINT('Ctrl Pts',(82.7567910640563,-61.8041124546391,143.));
#8653=CARTESIAN_POINT('Ctrl Pts',(82.7567910640563,-61.8041124546391,142.));
#8654=CARTESIAN_POINT('Ctrl Pts',(82.5529122091352,-61.7163380999866,143.));
#8655=CARTESIAN_POINT('Ctrl Pts',(82.5529122091352,-61.7163380999866,142.));
#8656=CARTESIAN_POINT('Ctrl Pts',(82.4162047376515,-61.6561691343356,143.));
#8657=CARTESIAN_POINT('Ctrl Pts',(82.4162047376515,-61.6561691343356,142.));
#8658=CARTESIAN_POINT('Ctrl Pts',(82.2106418790801,-61.5638567740798,143.));
#8659=CARTESIAN_POINT('Ctrl Pts',(82.2106418790801,-61.5638567740798,142.));
#8660=CARTESIAN_POINT('Ctrl Pts',(82.0048753595387,-61.4690362615139,143.));
#8661=CARTESIAN_POINT('Ctrl Pts',(82.0048753595387,-61.4690362615139,142.));
#8662=CARTESIAN_POINT('Ctrl Pts',(81.6981022504065,-61.3231479321925,143.));
#8663=CARTESIAN_POINT('Ctrl Pts',(81.6981022504065,-61.3231479321925,142.));
#8664=CARTESIAN_POINT('Ctrl Pts',(81.4288034593704,-61.190070499144,143.));
#8665=CARTESIAN_POINT('Ctrl Pts',(81.4288034593704,-61.190070499144,142.));
#8666=CARTESIAN_POINT('Ctrl Pts',(81.0988449974694,-61.0197610359125,143.));
#8667=CARTESIAN_POINT('Ctrl Pts',(81.0988449974694,-61.0197610359125,142.));
#8668=CARTESIAN_POINT('Ctrl Pts',(80.8408031680614,-60.880102642121,143.));
#8669=CARTESIAN_POINT('Ctrl Pts',(80.8408031680614,-60.880102642121,142.));
#8670=CARTESIAN_POINT('Ctrl Pts',(80.5263511475636,-60.6997723890669,143.));
#8671=CARTESIAN_POINT('Ctrl Pts',(80.5263511475636,-60.6997723890669,142.));
#8672=CARTESIAN_POINT('Ctrl Pts',(80.2812176972045,-60.5499252141404,143.));
#8673=CARTESIAN_POINT('Ctrl Pts',(80.2812176972045,-60.5499252141404,142.));
#8674=CARTESIAN_POINT('Ctrl Pts',(79.9227148125978,-60.3131886227544,143.));
#8675=CARTESIAN_POINT('Ctrl Pts',(79.9227148125978,-60.3131886227544,142.));
#8676=CARTESIAN_POINT('Ctrl Pts',(79.5760040535984,-60.0575741904573,143.));
#8677=CARTESIAN_POINT('Ctrl Pts',(79.5760040535984,-60.0575741904573,142.));
#8678=CARTESIAN_POINT('Ctrl Pts',(79.1316392523054,-59.6719430374985,143.));
#8679=CARTESIAN_POINT('Ctrl Pts',(79.1316392523054,-59.6719430374985,142.));
#8680=CARTESIAN_POINT('Ctrl Pts',(78.8115070243475,-59.3455070566439,143.));
#8681=CARTESIAN_POINT('Ctrl Pts',(78.8115070243475,-59.3455070566439,142.));
#8682=CARTESIAN_POINT('Ctrl Pts',(78.5000505820729,-58.9871588571298,143.));
#8683=CARTESIAN_POINT('Ctrl Pts',(78.5000505820729,-58.9871588571298,142.));
#8684=CARTESIAN_POINT('Ctrl Pts',(78.2963855824072,-58.732070633994,143.));
#8685=CARTESIAN_POINT('Ctrl Pts',(78.2963855824072,-58.732070633994,142.));
#8686=CARTESIAN_POINT('Ctrl Pts',(78.0465256294325,-58.3927657781618,143.));
#8687=CARTESIAN_POINT('Ctrl Pts',(78.0465256294325,-58.3927657781618,142.));
#8688=CARTESIAN_POINT('Ctrl Pts',(77.8505457125586,-58.1050578178797,143.));
#8689=CARTESIAN_POINT('Ctrl Pts',(77.8505457125586,-58.1050578178797,142.));
#8690=CARTESIAN_POINT('Ctrl Pts',(77.6117308568964,-57.7259866077735,143.));
#8691=CARTESIAN_POINT('Ctrl Pts',(77.6117308568964,-57.7259866077735,142.));
#8692=CARTESIAN_POINT('Ctrl Pts',(77.4264631606038,-57.4077843627233,143.));
#8693=CARTESIAN_POINT('Ctrl Pts',(77.4264631606038,-57.4077843627233,142.));
#8694=CARTESIAN_POINT('Ctrl Pts',(77.2052550465753,-56.9935388812762,143.));
#8695=CARTESIAN_POINT('Ctrl Pts',(77.2052550465753,-56.9935388812762,142.));
#8696=CARTESIAN_POINT('Ctrl Pts',(77.0381663440469,-56.6498413088387,143.));
#8697=CARTESIAN_POINT('Ctrl Pts',(77.0381663440469,-56.6498413088387,142.));
#8698=CARTESIAN_POINT('Ctrl Pts',(76.846959970737,-56.2084507275365,143.));
#8699=CARTESIAN_POINT('Ctrl Pts',(76.846959970737,-56.2084507275365,142.));
#8700=CARTESIAN_POINT('Ctrl Pts',(76.7104337909861,-55.8476959881022,143.));
#8701=CARTESIAN_POINT('Ctrl Pts',(76.7104337909861,-55.8476959881022,142.));
#8702=CARTESIAN_POINT('Ctrl Pts',(76.5652116583881,-55.390423190596,143.));
#8703=CARTESIAN_POINT('Ctrl Pts',(76.5652116583881,-55.390423190596,142.));
#8704=CARTESIAN_POINT('Ctrl Pts',(76.4712117421329,-55.0206544725611,143.));
#8705=CARTESIAN_POINT('Ctrl Pts',(76.4712117421329,-55.0206544725611,142.));
#8706=CARTESIAN_POINT('Ctrl Pts',(76.3854472419805,-54.5563152372234,143.));
#8707=CARTESIAN_POINT('Ctrl Pts',(76.3854472419805,-54.5563152372234,142.));
#8708=CARTESIAN_POINT('Ctrl Pts',(76.3436685928851,-54.1842984378974,143.));
#8709=CARTESIAN_POINT('Ctrl Pts',(76.3436685928851,-54.1842984378974,142.));
#8710=CARTESIAN_POINT('Ctrl Pts',(76.3273656301307,-53.722210006132,143.));
#8711=CARTESIAN_POINT('Ctrl Pts',(76.3273656301307,-53.722210006132,142.));
#8712=CARTESIAN_POINT('Ctrl Pts',(76.3435365935154,-53.3566646040132,143.));
#8713=CARTESIAN_POINT('Ctrl Pts',(76.3435365935154,-53.3566646040132,142.));
#8714=CARTESIAN_POINT('Ctrl Pts',(76.3990834534667,-52.9095502549172,143.));
#8715=CARTESIAN_POINT('Ctrl Pts',(76.3990834534667,-52.9095502549172,142.));
#8716=CARTESIAN_POINT('Ctrl Pts',(76.4703117573583,-52.5616617848799,143.));
#8717=CARTESIAN_POINT('Ctrl Pts',(76.4703117573583,-52.5616617848799,142.));
#8718=CARTESIAN_POINT('Ctrl Pts',(76.5870209619918,-52.142409823495,143.));
#8719=CARTESIAN_POINT('Ctrl Pts',(76.5870209619918,-52.142409823495,142.));
#8720=CARTESIAN_POINT('Ctrl Pts',(76.7003839708248,-51.8168694886633,143.));
#8721=CARTESIAN_POINT('Ctrl Pts',(76.7003839708248,-51.8168694886633,142.));
#8722=CARTESIAN_POINT('Ctrl Pts',(76.8660360299669,-51.4165309409779,143.));
#8723=CARTESIAN_POINT('Ctrl Pts',(76.8660360299669,-51.4165309409779,142.));
#8724=CARTESIAN_POINT('Ctrl Pts',(77.0182811261624,-51.0993696069263,143.));
#8725=CARTESIAN_POINT('Ctrl Pts',(77.0182811261624,-51.0993696069263,142.));
#8726=CARTESIAN_POINT('Ctrl Pts',(77.2367390438416,-50.7027137255262,143.));
#8727=CARTESIAN_POINT('Ctrl Pts',(77.2367390438416,-50.7027137255262,142.));
#8728=CARTESIAN_POINT('Ctrl Pts',(77.4362471156016,-50.384063882403,143.));
#8729=CARTESIAN_POINT('Ctrl Pts',(77.4362471156016,-50.384063882403,142.));
#8730=CARTESIAN_POINT('Ctrl Pts',(77.7233858309352,-49.982708315088,143.));
#8731=CARTESIAN_POINT('Ctrl Pts',(77.7233858309352,-49.982708315088,142.));
#8732=CARTESIAN_POINT('Ctrl Pts',(77.9865699582971,-49.6592609556396,143.));
#8733=CARTESIAN_POINT('Ctrl Pts',(77.9865699582971,-49.6592609556396,142.));
#8734=CARTESIAN_POINT('Ctrl Pts',(78.3662453346593,-49.2531997891823,143.));
#8735=CARTESIAN_POINT('Ctrl Pts',(78.3662453346593,-49.2531997891823,142.));
#8736=CARTESIAN_POINT('Ctrl Pts',(78.7144203620443,-48.9278937298705,143.));
#8737=CARTESIAN_POINT('Ctrl Pts',(78.7144203620443,-48.9278937298705,142.));
#8738=CARTESIAN_POINT('Ctrl Pts',(79.2154447243043,-48.5228134594205,143.));
#8739=CARTESIAN_POINT('Ctrl Pts',(79.2154447243043,-48.5228134594205,142.));
#8740=CARTESIAN_POINT('Ctrl Pts',(79.6740721869172,-48.2011323927776,143.));
#8741=CARTESIAN_POINT('Ctrl Pts',(79.6740721869172,-48.2011323927776,142.));
#8742=CARTESIAN_POINT('Ctrl Pts',(80.2570109268634,-47.8463118754142,143.));
#8743=CARTESIAN_POINT('Ctrl Pts',(80.2570109268634,-47.8463118754142,142.));
#8744=CARTESIAN_POINT('Ctrl Pts',(80.6822585419759,-47.6144055012191,143.));
#8745=CARTESIAN_POINT('Ctrl Pts',(80.6822585419759,-47.6144055012191,142.));
#8746=CARTESIAN_POINT('Ctrl Pts',(81.1343327929489,-47.3878146884169,143.));
#8747=CARTESIAN_POINT('Ctrl Pts',(81.1343327929489,-47.3878146884169,142.));
#8748=CARTESIAN_POINT('Ctrl Pts',(81.44846165543,-47.2397497700541,143.));
#8749=CARTESIAN_POINT('Ctrl Pts',(81.44846165543,-47.2397497700541,142.));
#8750=CARTESIAN_POINT('Ctrl Pts',(81.9362325119777,-47.0233822642616,143.));
#8751=CARTESIAN_POINT('Ctrl Pts',(81.9362325119777,-47.0233822642616,142.));
#8752=CARTESIAN_POINT('Ctrl Pts',(82.4440562844942,-46.8156020318202,143.));
#8753=CARTESIAN_POINT('Ctrl Pts',(82.4440562844942,-46.8156020318202,142.));
#8754=CARTESIAN_POINT('Ctrl Pts',(83.1415702243987,-46.5586818717247,143.));
#8755=CARTESIAN_POINT('Ctrl Pts',(83.1415702243987,-46.5586818717247,142.));
#8756=CARTESIAN_POINT('Ctrl Pts',(83.6716777137179,-46.3846297159349,143.));
#8757=CARTESIAN_POINT('Ctrl Pts',(83.6716777137179,-46.3846297159349,142.));
#8758=CARTESIAN_POINT('Ctrl Pts',(84.196093425599,-46.2304870167424,143.));
#8759=CARTESIAN_POINT('Ctrl Pts',(84.196093425599,-46.2304870167424,142.));
#8760=CARTESIAN_POINT('Ctrl Pts',(84.5407844837347,-46.1386042044635,143.));
#8761=CARTESIAN_POINT('Ctrl Pts',(84.5407844837347,-46.1386042044635,142.));
#8762=CARTESIAN_POINT('Ctrl Pts',(84.9608096904127,-46.0398893490318,143.));
#8763=CARTESIAN_POINT('Ctrl Pts',(84.9608096904127,-46.0398893490318,142.));
#8764=CARTESIAN_POINT('Ctrl Pts',(85.2862579479754,-45.9748786180213,143.));
#8765=CARTESIAN_POINT('Ctrl Pts',(85.2862579479754,-45.9748786180213,142.));
#8766=CARTESIAN_POINT('Ctrl Pts',(85.6385953659632,-45.9205601472401,143.));
#8767=CARTESIAN_POINT('Ctrl Pts',(85.6385953659632,-45.9205601472401,142.));
#8768=CARTESIAN_POINT('Ctrl Pts',(85.8658823161164,-45.8957661501751,143.));
#8769=CARTESIAN_POINT('Ctrl Pts',(85.8658823161164,-45.8957661501751,142.));
#8770=CARTESIAN_POINT('Ctrl Pts',(86.0899182651121,-45.8824870455655,143.));
#8771=CARTESIAN_POINT('Ctrl Pts',(86.0899182651121,-45.8824870455655,142.));
#8772=CARTESIAN_POINT('Ctrl Pts',(86.2757443240793,-45.8793829702467,143.));
#8773=CARTESIAN_POINT('Ctrl Pts',(86.2757443240793,-45.8793829702467,142.));
#8774=CARTESIAN_POINT('Ctrl Pts',(86.4276014849954,-45.8881776971535,143.));
#8775=CARTESIAN_POINT('Ctrl Pts',(86.4276014849954,-45.8881776971535,142.));
#8776=CARTESIAN_POINT('Ctrl Pts',(86.5063067052038,-45.8970409002514,143.));
#8777=CARTESIAN_POINT('Ctrl Pts',(86.5063067052038,-45.8970409002514,142.));
#8778=CARTESIAN_POINT('',(90.1697409709314,-62.4672651806879,143.));
#8779=CARTESIAN_POINT('Ctrl Pts',(90.1697409709314,-62.4672651806879,143.));
#8780=CARTESIAN_POINT('Ctrl Pts',(89.2904185454485,-62.4672067174072,143.));
#8781=CARTESIAN_POINT('Ctrl Pts',(88.0147223274609,-62.4640736830477,143.));
#8782=CARTESIAN_POINT('Ctrl Pts',(86.9481016151002,-62.4506948145731,143.));
#8783=CARTESIAN_POINT('Ctrl Pts',(86.2773896446173,-62.4354113856536,143.));
#8784=CARTESIAN_POINT('Ctrl Pts',(85.8888421796135,-62.4224253522324,143.));
#8785=CARTESIAN_POINT('Ctrl Pts',(85.4621508390871,-62.4022202335241,143.));
#8786=CARTESIAN_POINT('Ctrl Pts',(85.1626335056457,-62.3826653198502,143.));
#8787=CARTESIAN_POINT('Ctrl Pts',(84.8284359627558,-62.353380260056,143.));
#8788=CARTESIAN_POINT('Ctrl Pts',(84.5889046535509,-62.3257917444836,143.));
#8789=CARTESIAN_POINT('Ctrl Pts',(84.3154311647476,-62.285529533338,143.));
#8790=CARTESIAN_POINT('Ctrl Pts',(84.1147064849833,-62.2485218972327,143.));
#8791=CARTESIAN_POINT('Ctrl Pts',(83.8815197310732,-62.1964582900544,143.));
#8792=CARTESIAN_POINT('Ctrl Pts',(83.7079905951496,-62.1505302966031,143.));
#8793=CARTESIAN_POINT('Ctrl Pts',(83.4639634146421,-62.0768016830045,143.));
#8794=CARTESIAN_POINT('Ctrl Pts',(83.2395955115228,-61.9980288439145,143.));
#8795=CARTESIAN_POINT('Ctrl Pts',(82.959912291223,-61.888892230307,143.));
#8796=CARTESIAN_POINT('Ctrl Pts',(82.7567910640563,-61.8041124546391,143.));
#8797=CARTESIAN_POINT('Ctrl Pts',(82.5529122091352,-61.7163380999866,143.));
#8798=CARTESIAN_POINT('Ctrl Pts',(82.4162047376515,-61.6561691343356,143.));
#8799=CARTESIAN_POINT('Ctrl Pts',(82.2106418790801,-61.5638567740798,143.));
#8800=CARTESIAN_POINT('Ctrl Pts',(82.0048753595387,-61.4690362615139,143.));
#8801=CARTESIAN_POINT('Ctrl Pts',(81.6981022504065,-61.3231479321925,143.));
#8802=CARTESIAN_POINT('Ctrl Pts',(81.4288034593704,-61.190070499144,143.));
#8803=CARTESIAN_POINT('Ctrl Pts',(81.0988449974694,-61.0197610359125,143.));
#8804=CARTESIAN_POINT('Ctrl Pts',(80.8408031680614,-60.880102642121,143.));
#8805=CARTESIAN_POINT('Ctrl Pts',(80.5263511475636,-60.6997723890669,143.));
#8806=CARTESIAN_POINT('Ctrl Pts',(80.2812176972045,-60.5499252141404,143.));
#8807=CARTESIAN_POINT('Ctrl Pts',(79.9227148125978,-60.3131886227544,143.));
#8808=CARTESIAN_POINT('Ctrl Pts',(79.5760040535984,-60.0575741904573,143.));
#8809=CARTESIAN_POINT('Ctrl Pts',(79.1316392523054,-59.6719430374985,143.));
#8810=CARTESIAN_POINT('Ctrl Pts',(78.8115070243475,-59.3455070566439,143.));
#8811=CARTESIAN_POINT('Ctrl Pts',(78.5000505820729,-58.9871588571298,143.));
#8812=CARTESIAN_POINT('Ctrl Pts',(78.2963855824072,-58.732070633994,143.));
#8813=CARTESIAN_POINT('Ctrl Pts',(78.0465256294325,-58.3927657781618,143.));
#8814=CARTESIAN_POINT('Ctrl Pts',(77.8505457125586,-58.1050578178797,143.));
#8815=CARTESIAN_POINT('Ctrl Pts',(77.6117308568964,-57.7259866077735,143.));
#8816=CARTESIAN_POINT('Ctrl Pts',(77.4264631606038,-57.4077843627233,143.));
#8817=CARTESIAN_POINT('Ctrl Pts',(77.2052550465753,-56.9935388812762,143.));
#8818=CARTESIAN_POINT('Ctrl Pts',(77.0381663440469,-56.6498413088387,143.));
#8819=CARTESIAN_POINT('Ctrl Pts',(76.846959970737,-56.2084507275365,143.));
#8820=CARTESIAN_POINT('Ctrl Pts',(76.7104337909861,-55.8476959881022,143.));
#8821=CARTESIAN_POINT('Ctrl Pts',(76.5652116583881,-55.390423190596,143.));
#8822=CARTESIAN_POINT('Ctrl Pts',(76.4712117421329,-55.0206544725611,143.));
#8823=CARTESIAN_POINT('Ctrl Pts',(76.3854472419805,-54.5563152372234,143.));
#8824=CARTESIAN_POINT('Ctrl Pts',(76.3436685928851,-54.1842984378974,143.));
#8825=CARTESIAN_POINT('Ctrl Pts',(76.3273656301307,-53.722210006132,143.));
#8826=CARTESIAN_POINT('Ctrl Pts',(76.3435365935154,-53.3566646040132,143.));
#8827=CARTESIAN_POINT('Ctrl Pts',(76.3990834534667,-52.9095502549172,143.));
#8828=CARTESIAN_POINT('Ctrl Pts',(76.4703117573583,-52.5616617848799,143.));
#8829=CARTESIAN_POINT('Ctrl Pts',(76.5870209619918,-52.142409823495,143.));
#8830=CARTESIAN_POINT('Ctrl Pts',(76.7003839708248,-51.8168694886633,143.));
#8831=CARTESIAN_POINT('Ctrl Pts',(76.8660360299669,-51.4165309409779,143.));
#8832=CARTESIAN_POINT('Ctrl Pts',(77.0182811261624,-51.0993696069263,143.));
#8833=CARTESIAN_POINT('Ctrl Pts',(77.2367390438416,-50.7027137255262,143.));
#8834=CARTESIAN_POINT('Ctrl Pts',(77.4362471156016,-50.384063882403,143.));
#8835=CARTESIAN_POINT('Ctrl Pts',(77.7233858309352,-49.982708315088,143.));
#8836=CARTESIAN_POINT('Ctrl Pts',(77.9865699582971,-49.6592609556396,143.));
#8837=CARTESIAN_POINT('Ctrl Pts',(78.3662453346593,-49.2531997891823,143.));
#8838=CARTESIAN_POINT('Ctrl Pts',(78.7144203620443,-48.9278937298705,143.));
#8839=CARTESIAN_POINT('Ctrl Pts',(79.2154447243043,-48.5228134594205,143.));
#8840=CARTESIAN_POINT('Ctrl Pts',(79.6740721869172,-48.2011323927776,143.));
#8841=CARTESIAN_POINT('Ctrl Pts',(80.2570109268634,-47.8463118754142,143.));
#8842=CARTESIAN_POINT('Ctrl Pts',(80.6822585419759,-47.6144055012191,143.));
#8843=CARTESIAN_POINT('Ctrl Pts',(81.1343327929489,-47.3878146884169,143.));
#8844=CARTESIAN_POINT('Ctrl Pts',(81.44846165543,-47.2397497700541,143.));
#8845=CARTESIAN_POINT('Ctrl Pts',(81.9362325119777,-47.0233822642616,143.));
#8846=CARTESIAN_POINT('Ctrl Pts',(82.4440562844942,-46.8156020318202,143.));
#8847=CARTESIAN_POINT('Ctrl Pts',(83.1415702243987,-46.5586818717247,143.));
#8848=CARTESIAN_POINT('Ctrl Pts',(83.6716777137179,-46.3846297159349,143.));
#8849=CARTESIAN_POINT('Ctrl Pts',(84.196093425599,-46.2304870167424,143.));
#8850=CARTESIAN_POINT('Ctrl Pts',(84.5407844837347,-46.1386042044635,143.));
#8851=CARTESIAN_POINT('Ctrl Pts',(84.9608096904127,-46.0398893490318,143.));
#8852=CARTESIAN_POINT('Ctrl Pts',(85.2862579479754,-45.9748786180213,143.));
#8853=CARTESIAN_POINT('Ctrl Pts',(85.6385953659632,-45.9205601472401,143.));
#8854=CARTESIAN_POINT('Ctrl Pts',(85.8658823161164,-45.8957661501751,143.));
#8855=CARTESIAN_POINT('Ctrl Pts',(86.0899182651121,-45.8824870455655,143.));
#8856=CARTESIAN_POINT('Ctrl Pts',(86.2757443240793,-45.8793829702467,143.));
#8857=CARTESIAN_POINT('Ctrl Pts',(86.4276014849954,-45.8881776971535,143.));
#8858=CARTESIAN_POINT('Ctrl Pts',(86.5063067052038,-45.8970409002514,143.));
#8859=CARTESIAN_POINT('',(90.1697409709314,-62.4672651806879,142.));
#8860=CARTESIAN_POINT('',(90.1697409709314,-62.4672651806879,143.));
#8861=CARTESIAN_POINT('Ctrl Pts',(90.1697409709314,-62.4672651806879,142.));
#8862=CARTESIAN_POINT('Ctrl Pts',(89.2904185454485,-62.4672067174072,142.));
#8863=CARTESIAN_POINT('Ctrl Pts',(88.0147223274609,-62.4640736830477,142.));
#8864=CARTESIAN_POINT('Ctrl Pts',(86.9481016151002,-62.4506948145731,142.));
#8865=CARTESIAN_POINT('Ctrl Pts',(86.2773896446173,-62.4354113856536,142.));
#8866=CARTESIAN_POINT('Ctrl Pts',(85.8888421796135,-62.4224253522324,142.));
#8867=CARTESIAN_POINT('Ctrl Pts',(85.4621508390871,-62.4022202335241,142.));
#8868=CARTESIAN_POINT('Ctrl Pts',(85.1626335056457,-62.3826653198502,142.));
#8869=CARTESIAN_POINT('Ctrl Pts',(84.8284359627558,-62.353380260056,142.));
#8870=CARTESIAN_POINT('Ctrl Pts',(84.5889046535509,-62.3257917444836,142.));
#8871=CARTESIAN_POINT('Ctrl Pts',(84.3154311647476,-62.285529533338,142.));
#8872=CARTESIAN_POINT('Ctrl Pts',(84.1147064849833,-62.2485218972327,142.));
#8873=CARTESIAN_POINT('Ctrl Pts',(83.8815197310732,-62.1964582900544,142.));
#8874=CARTESIAN_POINT('Ctrl Pts',(83.7079905951496,-62.1505302966031,142.));
#8875=CARTESIAN_POINT('Ctrl Pts',(83.4639634146421,-62.0768016830045,142.));
#8876=CARTESIAN_POINT('Ctrl Pts',(83.2395955115228,-61.9980288439145,142.));
#8877=CARTESIAN_POINT('Ctrl Pts',(82.959912291223,-61.888892230307,142.));
#8878=CARTESIAN_POINT('Ctrl Pts',(82.7567910640563,-61.8041124546391,142.));
#8879=CARTESIAN_POINT('Ctrl Pts',(82.5529122091352,-61.7163380999866,142.));
#8880=CARTESIAN_POINT('Ctrl Pts',(82.4162047376515,-61.6561691343356,142.));
#8881=CARTESIAN_POINT('Ctrl Pts',(82.2106418790801,-61.5638567740798,142.));
#8882=CARTESIAN_POINT('Ctrl Pts',(82.0048753595387,-61.4690362615139,142.));
#8883=CARTESIAN_POINT('Ctrl Pts',(81.6981022504065,-61.3231479321925,142.));
#8884=CARTESIAN_POINT('Ctrl Pts',(81.4288034593704,-61.190070499144,142.));
#8885=CARTESIAN_POINT('Ctrl Pts',(81.0988449974694,-61.0197610359125,142.));
#8886=CARTESIAN_POINT('Ctrl Pts',(80.8408031680614,-60.880102642121,142.));
#8887=CARTESIAN_POINT('Ctrl Pts',(80.5263511475636,-60.6997723890669,142.));
#8888=CARTESIAN_POINT('Ctrl Pts',(80.2812176972045,-60.5499252141404,142.));
#8889=CARTESIAN_POINT('Ctrl Pts',(79.9227148125978,-60.3131886227544,142.));
#8890=CARTESIAN_POINT('Ctrl Pts',(79.5760040535984,-60.0575741904573,142.));
#8891=CARTESIAN_POINT('Ctrl Pts',(79.1316392523054,-59.6719430374985,142.));
#8892=CARTESIAN_POINT('Ctrl Pts',(78.8115070243475,-59.3455070566439,142.));
#8893=CARTESIAN_POINT('Ctrl Pts',(78.5000505820729,-58.9871588571298,142.));
#8894=CARTESIAN_POINT('Ctrl Pts',(78.2963855824072,-58.732070633994,142.));
#8895=CARTESIAN_POINT('Ctrl Pts',(78.0465256294325,-58.3927657781618,142.));
#8896=CARTESIAN_POINT('Ctrl Pts',(77.8505457125586,-58.1050578178797,142.));
#8897=CARTESIAN_POINT('Ctrl Pts',(77.6117308568964,-57.7259866077735,142.));
#8898=CARTESIAN_POINT('Ctrl Pts',(77.4264631606038,-57.4077843627233,142.));
#8899=CARTESIAN_POINT('Ctrl Pts',(77.2052550465753,-56.9935388812762,142.));
#8900=CARTESIAN_POINT('Ctrl Pts',(77.0381663440469,-56.6498413088387,142.));
#8901=CARTESIAN_POINT('Ctrl Pts',(76.846959970737,-56.2084507275365,142.));
#8902=CARTESIAN_POINT('Ctrl Pts',(76.7104337909861,-55.8476959881022,142.));
#8903=CARTESIAN_POINT('Ctrl Pts',(76.5652116583881,-55.390423190596,142.));
#8904=CARTESIAN_POINT('Ctrl Pts',(76.4712117421329,-55.0206544725611,142.));
#8905=CARTESIAN_POINT('Ctrl Pts',(76.3854472419805,-54.5563152372234,142.));
#8906=CARTESIAN_POINT('Ctrl Pts',(76.3436685928851,-54.1842984378974,142.));
#8907=CARTESIAN_POINT('Ctrl Pts',(76.3273656301307,-53.722210006132,142.));
#8908=CARTESIAN_POINT('Ctrl Pts',(76.3435365935154,-53.3566646040132,142.));
#8909=CARTESIAN_POINT('Ctrl Pts',(76.3990834534667,-52.9095502549172,142.));
#8910=CARTESIAN_POINT('Ctrl Pts',(76.4703117573583,-52.5616617848799,142.));
#8911=CARTESIAN_POINT('Ctrl Pts',(76.5870209619918,-52.142409823495,142.));
#8912=CARTESIAN_POINT('Ctrl Pts',(76.7003839708248,-51.8168694886633,142.));
#8913=CARTESIAN_POINT('Ctrl Pts',(76.8660360299669,-51.4165309409779,142.));
#8914=CARTESIAN_POINT('Ctrl Pts',(77.0182811261624,-51.0993696069263,142.));
#8915=CARTESIAN_POINT('Ctrl Pts',(77.2367390438416,-50.7027137255262,142.));
#8916=CARTESIAN_POINT('Ctrl Pts',(77.4362471156016,-50.384063882403,142.));
#8917=CARTESIAN_POINT('Ctrl Pts',(77.7233858309352,-49.982708315088,142.));
#8918=CARTESIAN_POINT('Ctrl Pts',(77.9865699582971,-49.6592609556396,142.));
#8919=CARTESIAN_POINT('Ctrl Pts',(78.3662453346593,-49.2531997891823,142.));
#8920=CARTESIAN_POINT('Ctrl Pts',(78.7144203620443,-48.9278937298705,142.));
#8921=CARTESIAN_POINT('Ctrl Pts',(79.2154447243043,-48.5228134594205,142.));
#8922=CARTESIAN_POINT('Ctrl Pts',(79.6740721869172,-48.2011323927776,142.));
#8923=CARTESIAN_POINT('Ctrl Pts',(80.2570109268634,-47.8463118754142,142.));
#8924=CARTESIAN_POINT('Ctrl Pts',(80.6822585419759,-47.6144055012191,142.));
#8925=CARTESIAN_POINT('Ctrl Pts',(81.1343327929489,-47.3878146884169,142.));
#8926=CARTESIAN_POINT('Ctrl Pts',(81.44846165543,-47.2397497700541,142.));
#8927=CARTESIAN_POINT('Ctrl Pts',(81.9362325119777,-47.0233822642616,142.));
#8928=CARTESIAN_POINT('Ctrl Pts',(82.4440562844942,-46.8156020318202,142.));
#8929=CARTESIAN_POINT('Ctrl Pts',(83.1415702243987,-46.5586818717247,142.));
#8930=CARTESIAN_POINT('Ctrl Pts',(83.6716777137179,-46.3846297159349,142.));
#8931=CARTESIAN_POINT('Ctrl Pts',(84.196093425599,-46.2304870167424,142.));
#8932=CARTESIAN_POINT('Ctrl Pts',(84.5407844837347,-46.1386042044635,142.));
#8933=CARTESIAN_POINT('Ctrl Pts',(84.9608096904127,-46.0398893490318,142.));
#8934=CARTESIAN_POINT('Ctrl Pts',(85.2862579479754,-45.9748786180213,142.));
#8935=CARTESIAN_POINT('Ctrl Pts',(85.6385953659632,-45.9205601472401,142.));
#8936=CARTESIAN_POINT('Ctrl Pts',(85.8658823161164,-45.8957661501751,142.));
#8937=CARTESIAN_POINT('Ctrl Pts',(86.0899182651121,-45.8824870455655,142.));
#8938=CARTESIAN_POINT('Ctrl Pts',(86.2757443240793,-45.8793829702467,142.));
#8939=CARTESIAN_POINT('Ctrl Pts',(86.4276014849954,-45.8881776971535,142.));
#8940=CARTESIAN_POINT('Ctrl Pts',(86.5063067052038,-45.8970409002514,142.));
#8941=CARTESIAN_POINT('Origin',(90.199763088342,-61.9675963370101,143.));
#8942=CARTESIAN_POINT('',(90.2152718592477,-61.4672666867782,143.));
#8943=CARTESIAN_POINT('Origin',(90.199763088342,-61.9675963370101,143.));
#8944=CARTESIAN_POINT('',(90.2152718592477,-61.4672666867782,142.));
#8945=CARTESIAN_POINT('',(90.2152718592477,-61.4672666867782,143.));
#8946=CARTESIAN_POINT('Origin',(90.199763088342,-61.9675963370101,142.));
#8947=CARTESIAN_POINT('Ctrl Pts',(90.1842768115789,-61.467265990031,143.));
#8948=CARTESIAN_POINT('Ctrl Pts',(90.1842768115789,-61.467265990031,142.));
#8949=CARTESIAN_POINT('Ctrl Pts',(90.1920099092115,-61.4672663388827,143.));
#8950=CARTESIAN_POINT('Ctrl Pts',(90.1920099092115,-61.4672663388827,142.));
#8951=CARTESIAN_POINT('Ctrl Pts',(90.1997534388673,-61.4672665709726,143.));
#8952=CARTESIAN_POINT('Ctrl Pts',(90.1997534388673,-61.4672665709726,142.));
#8953=CARTESIAN_POINT('Ctrl Pts',(90.20750741679,-61.4672666867782,143.));
#8954=CARTESIAN_POINT('Ctrl Pts',(90.20750741679,-61.4672666867782,142.));
#8955=CARTESIAN_POINT('Ctrl Pts',(90.2152718592477,-61.4672666867782,143.));
#8956=CARTESIAN_POINT('Ctrl Pts',(90.2152718592477,-61.4672666867782,142.));
#8957=CARTESIAN_POINT('Ctrl Pts',(90.1842768115789,-61.467265990031,143.));
#8958=CARTESIAN_POINT('Ctrl Pts',(90.1920099092115,-61.4672663388827,143.));
#8959=CARTESIAN_POINT('Ctrl Pts',(90.1997534388674,-61.4672665709726,143.));
#8960=CARTESIAN_POINT('Ctrl Pts',(90.20750741679,-61.4672666867782,143.));
#8961=CARTESIAN_POINT('Ctrl Pts',(90.2152718592477,-61.4672666867782,143.));
#8962=CARTESIAN_POINT('Ctrl Pts',(90.1842768115789,-61.467265990031,142.));
#8963=CARTESIAN_POINT('Ctrl Pts',(90.1920099092115,-61.4672663388827,142.));
#8964=CARTESIAN_POINT('Ctrl Pts',(90.1997534388674,-61.4672665709726,142.));
#8965=CARTESIAN_POINT('Ctrl Pts',(90.20750741679,-61.4672666867782,142.));
#8966=CARTESIAN_POINT('Ctrl Pts',(90.2152718592477,-61.4672666867782,142.));
#8967=CARTESIAN_POINT('Origin',(81.8685233021908,-55.0824370467308,142.));
#8968=CARTESIAN_POINT('Origin',(91.6834412954727,-47.0447883314099,143.));
#8969=CARTESIAN_POINT('',(91.6834412954727,-47.0447883314099,143.));
#8970=CARTESIAN_POINT('',(91.6834412954727,-48.8447884029355,143.));
#8971=CARTESIAN_POINT('',(91.6834412954727,-52.522394165705,143.));
#8972=CARTESIAN_POINT('',(91.6834412954727,-47.0447883314099,142.));
#8973=CARTESIAN_POINT('',(91.6834412954727,-47.0447883314099,143.));
#8974=CARTESIAN_POINT('',(91.6834412954727,-48.8447884029355,142.));
#8975=CARTESIAN_POINT('',(91.6834412954727,-47.0447883314099,142.));
#8976=CARTESIAN_POINT('',(91.6834412954727,-48.8447884029355,143.));
#8977=CARTESIAN_POINT('Origin',(91.27063738928,-47.0447883314099,143.));
#8978=CARTESIAN_POINT('',(91.27063738928,-47.0447883314099,143.));
#8979=CARTESIAN_POINT('',(90.63531869464,-47.0447883314099,143.));
#8980=CARTESIAN_POINT('',(91.27063738928,-47.0447883314099,142.));
#8981=CARTESIAN_POINT('',(91.27063738928,-47.0447883314099,143.));
#8982=CARTESIAN_POINT('',(91.27063738928,-47.0447883314099,142.));
#8983=CARTESIAN_POINT('Origin',(91.27063738928,-48.0760687613682,143.));
#8984=CARTESIAN_POINT('',(91.27063738928,-48.0760687613682,143.));
#8985=CARTESIAN_POINT('',(91.27063738928,-53.0380343806841,143.));
#8986=CARTESIAN_POINT('',(91.27063738928,-48.0760687613682,142.));
#8987=CARTESIAN_POINT('',(91.27063738928,-48.0760687613682,143.));
#8988=CARTESIAN_POINT('',(91.27063738928,-48.0760687613682,142.));
#8989=CARTESIAN_POINT('Origin',(90.6959209969129,-47.0447883314099,143.));
#8990=CARTESIAN_POINT('',(90.6959209969129,-47.0447883314099,143.));
#8991=CARTESIAN_POINT('',(92.9426751281343,-51.0764004399722,143.));
#8992=CARTESIAN_POINT('',(90.6959209969129,-47.0447883314099,142.));
#8993=CARTESIAN_POINT('',(90.6959209969129,-47.0447883314099,143.));
#8994=CARTESIAN_POINT('',(90.6959209969129,-47.0447883314099,142.));
#8995=CARTESIAN_POINT('Origin',(90.1416259991984,-47.0447883314099,143.));
#8996=CARTESIAN_POINT('',(90.1416259991984,-47.0447883314099,143.));
#8997=CARTESIAN_POINT('',(90.0708129995992,-47.0447883314099,143.));
#8998=CARTESIAN_POINT('',(90.1416259991984,-47.0447883314099,142.));
#8999=CARTESIAN_POINT('',(90.1416259991984,-47.0447883314099,143.));
#9000=CARTESIAN_POINT('',(90.1416259991984,-47.0447883314099,142.));
#9001=CARTESIAN_POINT('Origin',(90.1416259991984,-48.8447884029355,143.));
#9002=CARTESIAN_POINT('',(90.1416259991984,-48.8447884029355,143.));
#9003=CARTESIAN_POINT('',(90.1416259991984,-53.4223942014677,143.));
#9004=CARTESIAN_POINT('',(90.1416259991984,-48.8447884029355,142.));
#9005=CARTESIAN_POINT('',(90.1416259991984,-48.8447884029355,143.));
#9006=CARTESIAN_POINT('',(90.1416259991984,-48.8447884029355,142.));
#9007=CARTESIAN_POINT('Origin',(90.554429905391,-48.8447884029355,143.));
#9008=CARTESIAN_POINT('',(90.554429905391,-48.8447884029355,143.));
#9009=CARTESIAN_POINT('',(90.2772149526955,-48.8447884029355,143.));
#9010=CARTESIAN_POINT('',(90.554429905391,-48.8447884029355,142.));
#9011=CARTESIAN_POINT('',(90.554429905391,-48.8447884029355,143.));
#9012=CARTESIAN_POINT('',(90.554429905391,-48.8447884029355,142.));
#9013=CARTESIAN_POINT('Origin',(90.554429905391,-47.5903313028447,143.));
#9014=CARTESIAN_POINT('',(90.554429905391,-47.5903313028447,143.));
#9015=CARTESIAN_POINT('',(90.554429905391,-52.7951656514224,143.));
#9016=CARTESIAN_POINT('',(90.554429905391,-47.5903313028447,142.));
#9017=CARTESIAN_POINT('',(90.554429905391,-47.5903313028447,143.));
#9018=CARTESIAN_POINT('',(90.554429905391,-47.5903313028447,142.));
#9019=CARTESIAN_POINT('Origin',(91.2487573235808,-48.8447884029355,143.));
#9020=CARTESIAN_POINT('',(91.2487573235808,-48.8447884029355,143.));
#9021=CARTESIAN_POINT('',(93.0418255533995,-52.0843654568097,143.));
#9022=CARTESIAN_POINT('',(91.2487573235808,-48.8447884029355,142.));
#9023=CARTESIAN_POINT('',(91.2487573235808,-48.8447884029355,143.));
#9024=CARTESIAN_POINT('',(91.2487573235808,-48.8447884029355,142.));
#9025=CARTESIAN_POINT('Origin',(91.6834412954727,-48.8447884029355,143.));
#9026=CARTESIAN_POINT('',(90.8417206477364,-48.8447884029355,143.));
#9027=CARTESIAN_POINT('',(91.6834412954727,-48.8447884029355,142.));
#9028=CARTESIAN_POINT('Origin',(90.908156804783,-47.9230200321171,142.));
#9029=CARTESIAN_POINT('Ctrl Pts',(94.6241221254529,-48.8272843503761,143.));
#9030=CARTESIAN_POINT('Ctrl Pts',(94.6241221254529,-48.8272843503761,142.));
#9031=CARTESIAN_POINT('Ctrl Pts',(94.5395192047491,-48.8535404292152,143.));
#9032=CARTESIAN_POINT('Ctrl Pts',(94.5395192047491,-48.8535404292152,142.));
#9033=CARTESIAN_POINT('Ctrl Pts',(94.3921934290408,-48.8797965080543,143.));
#9034=CARTESIAN_POINT('Ctrl Pts',(94.3921934290408,-48.8797965080543,142.));
#9035=CARTESIAN_POINT('Ctrl Pts',(94.2638303769385,-48.8797965080543,143.));
#9036=CARTESIAN_POINT('Ctrl Pts',(94.2638303769385,-48.8797965080543,142.));
#9037=CARTESIAN_POINT('',(94.6241221254529,-48.8272843503761,143.));
#9038=CARTESIAN_POINT('',(94.2638303769385,-48.8797965080543,143.));
#9039=CARTESIAN_POINT('Ctrl Pts',(94.6241221254529,-48.8272843503761,143.));
#9040=CARTESIAN_POINT('Ctrl Pts',(94.5395192047491,-48.8535404292152,143.));
#9041=CARTESIAN_POINT('Ctrl Pts',(94.3921934290408,-48.8797965080543,143.));
#9042=CARTESIAN_POINT('Ctrl Pts',(94.2638303769385,-48.8797965080543,143.));
#9043=CARTESIAN_POINT('',(94.6241221254529,-48.8272843503761,142.));
#9044=CARTESIAN_POINT('',(94.6241221254529,-48.8272843503761,143.));
#9045=CARTESIAN_POINT('',(94.2638303769385,-48.8797965080543,142.));
#9046=CARTESIAN_POINT('Ctrl Pts',(94.6241221254529,-48.8272843503761,142.));
#9047=CARTESIAN_POINT('Ctrl Pts',(94.5395192047491,-48.8535404292152,142.));
#9048=CARTESIAN_POINT('Ctrl Pts',(94.3921934290408,-48.8797965080543,142.));
#9049=CARTESIAN_POINT('Ctrl Pts',(94.2638303769385,-48.8797965080543,142.));
#9050=CARTESIAN_POINT('',(94.2638303769385,-48.8797965080543,143.));
#9051=CARTESIAN_POINT('Ctrl Pts',(94.8735548744244,-48.7251773771129,143.));
#9052=CARTESIAN_POINT('Ctrl Pts',(94.8735548744244,-48.7251773771129,142.));
#9053=CARTESIAN_POINT('Ctrl Pts',(94.8239600588394,-48.7485161138587,143.));
#9054=CARTESIAN_POINT('Ctrl Pts',(94.8239600588394,-48.7485161138587,142.));
#9055=CARTESIAN_POINT('Ctrl Pts',(94.6941383356905,-48.8068629557234,143.));
#9056=CARTESIAN_POINT('Ctrl Pts',(94.6941383356905,-48.8068629557234,142.));
#9057=CARTESIAN_POINT('Ctrl Pts',(94.6241221254529,-48.8272843503761,143.));
#9058=CARTESIAN_POINT('Ctrl Pts',(94.6241221254529,-48.8272843503761,142.));
#9059=CARTESIAN_POINT('',(94.8735548744244,-48.7251773771129,143.));
#9060=CARTESIAN_POINT('Ctrl Pts',(94.8735548744244,-48.7251773771129,143.));
#9061=CARTESIAN_POINT('Ctrl Pts',(94.8239600588394,-48.7485161138587,143.));
#9062=CARTESIAN_POINT('Ctrl Pts',(94.6941383356905,-48.8068629557234,143.));
#9063=CARTESIAN_POINT('Ctrl Pts',(94.6241221254529,-48.8272843503761,143.));
#9064=CARTESIAN_POINT('',(94.8735548744244,-48.7251773771129,142.));
#9065=CARTESIAN_POINT('',(94.8735548744244,-48.7251773771129,143.));
#9066=CARTESIAN_POINT('Ctrl Pts',(94.8735548744244,-48.7251773771129,142.));
#9067=CARTESIAN_POINT('Ctrl Pts',(94.8239600588394,-48.7485161138587,142.));
#9068=CARTESIAN_POINT('Ctrl Pts',(94.6941383356905,-48.8068629557234,142.));
#9069=CARTESIAN_POINT('Ctrl Pts',(94.6241221254529,-48.8272843503761,142.));
#9070=CARTESIAN_POINT('Origin',(94.8735548744244,-48.3021627735939,143.));
#9071=CARTESIAN_POINT('',(94.8735548744244,-48.3021627735939,143.));
#9072=CARTESIAN_POINT('',(94.8735548744244,-53.1510813867969,143.));
#9073=CARTESIAN_POINT('',(94.8735548744244,-48.3021627735939,142.));
#9074=CARTESIAN_POINT('',(94.8735548744244,-48.3021627735939,143.));
#9075=CARTESIAN_POINT('',(94.8735548744244,-48.3021627735939,142.));
#9076=CARTESIAN_POINT('Origin',(94.8327120851191,-48.3021627735939,143.));
#9077=CARTESIAN_POINT('',(94.8327120851191,-48.3021627735939,143.));
#9078=CARTESIAN_POINT('',(92.4163560425596,-48.3021627735939,143.));
#9079=CARTESIAN_POINT('',(94.8327120851191,-48.3021627735939,142.));
#9080=CARTESIAN_POINT('',(94.8327120851191,-48.3021627735939,143.));
#9081=CARTESIAN_POINT('',(94.8327120851191,-48.3021627735939,142.));
#9082=CARTESIAN_POINT('Ctrl Pts',(94.6460021911521,-48.446571207209,143.));
#9083=CARTESIAN_POINT('Ctrl Pts',(94.6460021911521,-48.446571207209,142.));
#9084=CARTESIAN_POINT('Ctrl Pts',(94.7072663751101,-48.4101044310436,143.));
#9085=CARTESIAN_POINT('Ctrl Pts',(94.7072663751101,-48.4101044310436,142.));
#9086=CARTESIAN_POINT('Ctrl Pts',(94.7991626510469,-48.3327948655728,143.));
#9087=CARTESIAN_POINT('Ctrl Pts',(94.7991626510469,-48.3327948655728,142.));
#9088=CARTESIAN_POINT('Ctrl Pts',(94.8327120851191,-48.3021627735939,143.));
#9089=CARTESIAN_POINT('Ctrl Pts',(94.8327120851191,-48.3021627735939,142.));
#9090=CARTESIAN_POINT('',(94.6460021911521,-48.446571207209,143.));
#9091=CARTESIAN_POINT('Ctrl Pts',(94.6460021911521,-48.446571207209,143.));
#9092=CARTESIAN_POINT('Ctrl Pts',(94.7072663751101,-48.4101044310436,143.));
#9093=CARTESIAN_POINT('Ctrl Pts',(94.7991626510469,-48.3327948655728,143.));
#9094=CARTESIAN_POINT('Ctrl Pts',(94.8327120851191,-48.3021627735939,143.));
#9095=CARTESIAN_POINT('',(94.6460021911521,-48.446571207209,142.));
#9096=CARTESIAN_POINT('',(94.6460021911521,-48.446571207209,143.));
#9097=CARTESIAN_POINT('Ctrl Pts',(94.6460021911521,-48.446571207209,142.));
#9098=CARTESIAN_POINT('Ctrl Pts',(94.7072663751101,-48.4101044310436,142.));
#9099=CARTESIAN_POINT('Ctrl Pts',(94.7991626510469,-48.3327948655728,142.));
#9100=CARTESIAN_POINT('Ctrl Pts',(94.8327120851191,-48.3021627735939,142.));
#9101=CARTESIAN_POINT('Ctrl Pts',(94.3396812713625,-48.5428434962857,143.));
#9102=CARTESIAN_POINT('Ctrl Pts',(94.3396812713625,-48.5428434962857,142.));
#9103=CARTESIAN_POINT('Ctrl Pts',(94.4286602052062,-48.5428434962857,143.));
#9104=CARTESIAN_POINT('Ctrl Pts',(94.4286602052062,-48.5428434962857,142.));
#9105=CARTESIAN_POINT('Ctrl Pts',(94.5905726913807,-48.4830379833744,143.));
#9106=CARTESIAN_POINT('Ctrl Pts',(94.5905726913807,-48.4830379833744,142.));
#9107=CARTESIAN_POINT('Ctrl Pts',(94.6460021911521,-48.446571207209,143.));
#9108=CARTESIAN_POINT('Ctrl Pts',(94.6460021911521,-48.446571207209,142.));
#9109=CARTESIAN_POINT('',(94.3396812713626,-48.5428434962857,143.));
#9110=CARTESIAN_POINT('Ctrl Pts',(94.3396812713625,-48.5428434962857,143.));
#9111=CARTESIAN_POINT('Ctrl Pts',(94.4286602052062,-48.5428434962857,143.));
#9112=CARTESIAN_POINT('Ctrl Pts',(94.5905726913807,-48.4830379833744,143.));
#9113=CARTESIAN_POINT('Ctrl Pts',(94.6460021911521,-48.446571207209,143.));
#9114=CARTESIAN_POINT('',(94.3396812713626,-48.5428434962857,142.));
#9115=CARTESIAN_POINT('',(94.3396812713626,-48.5428434962857,143.));
#9116=CARTESIAN_POINT('Ctrl Pts',(94.3396812713625,-48.5428434962857,142.));
#9117=CARTESIAN_POINT('Ctrl Pts',(94.4286602052062,-48.5428434962857,142.));
#9118=CARTESIAN_POINT('Ctrl Pts',(94.5905726913807,-48.4830379833744,142.));
#9119=CARTESIAN_POINT('Ctrl Pts',(94.6460021911521,-48.446571207209,142.));
#9120=CARTESIAN_POINT('Ctrl Pts',(94.0114802858737,-48.4144804441834,143.));
#9121=CARTESIAN_POINT('Ctrl Pts',(94.0114802858737,-48.4144804441834,142.));
#9122=CARTESIAN_POINT('Ctrl Pts',(94.0814964961113,-48.4830379833744,143.));
#9123=CARTESIAN_POINT('Ctrl Pts',(94.0814964961113,-48.4830379833744,142.));
#9124=CARTESIAN_POINT('Ctrl Pts',(94.2536196796121,-48.5428434962857,143.));
#9125=CARTESIAN_POINT('Ctrl Pts',(94.2536196796121,-48.5428434962857,142.));
#9126=CARTESIAN_POINT('Ctrl Pts',(94.3396812713625,-48.5428434962857,143.));
#9127=CARTESIAN_POINT('Ctrl Pts',(94.3396812713625,-48.5428434962857,142.));
#9128=CARTESIAN_POINT('',(94.0114802858737,-48.4144804441834,143.));
#9129=CARTESIAN_POINT('Ctrl Pts',(94.0114802858737,-48.4144804441834,143.));
#9130=CARTESIAN_POINT('Ctrl Pts',(94.0814964961113,-48.4830379833744,143.));
#9131=CARTESIAN_POINT('Ctrl Pts',(94.2536196796121,-48.5428434962857,143.));
#9132=CARTESIAN_POINT('Ctrl Pts',(94.3396812713625,-48.5428434962857,143.));
#9133=CARTESIAN_POINT('',(94.0114802858737,-48.4144804441834,142.));
#9134=CARTESIAN_POINT('',(94.0114802858737,-48.4144804441834,143.));
#9135=CARTESIAN_POINT('Ctrl Pts',(94.0114802858737,-48.4144804441834,142.));
#9136=CARTESIAN_POINT('Ctrl Pts',(94.0814964961113,-48.4830379833744,142.));
#9137=CARTESIAN_POINT('Ctrl Pts',(94.2536196796121,-48.5428434962857,142.));
#9138=CARTESIAN_POINT('Ctrl Pts',(94.3396812713625,-48.5428434962857,142.));
#9139=CARTESIAN_POINT('Ctrl Pts',(93.8495677996992,-47.9477057092659,143.));
#9140=CARTESIAN_POINT('Ctrl Pts',(93.8495677996992,-47.9477057092659,142.));
#9141=CARTESIAN_POINT('Ctrl Pts',(93.8495677996992,-48.1154528796269,143.));
#9142=CARTESIAN_POINT('Ctrl Pts',(93.8495677996992,-48.1154528796269,142.));
#9143=CARTESIAN_POINT('Ctrl Pts',(93.9385467335428,-48.3444642339458,143.));
#9144=CARTESIAN_POINT('Ctrl Pts',(93.9385467335428,-48.3444642339458,142.));
#9145=CARTESIAN_POINT('Ctrl Pts',(94.0114802858737,-48.4144804441834,143.));
#9146=CARTESIAN_POINT('Ctrl Pts',(94.0114802858737,-48.4144804441834,142.));
#9147=CARTESIAN_POINT('',(93.8495677996992,-47.9477057092659,143.));
#9148=CARTESIAN_POINT('Ctrl Pts',(93.8495677996992,-47.9477057092659,143.));
#9149=CARTESIAN_POINT('Ctrl Pts',(93.8495677996992,-48.1154528796269,143.));
#9150=CARTESIAN_POINT('Ctrl Pts',(93.9385467335428,-48.3444642339458,143.));
#9151=CARTESIAN_POINT('Ctrl Pts',(94.0114802858737,-48.4144804441834,143.));
#9152=CARTESIAN_POINT('',(93.8495677996992,-47.9477057092659,142.));
#9153=CARTESIAN_POINT('',(93.8495677996992,-47.9477057092659,143.));
#9154=CARTESIAN_POINT('Ctrl Pts',(93.8495677996992,-47.9477057092659,142.));
#9155=CARTESIAN_POINT('Ctrl Pts',(93.8495677996992,-48.1154528796269,142.));
#9156=CARTESIAN_POINT('Ctrl Pts',(93.9385467335428,-48.3444642339458,142.));
#9157=CARTESIAN_POINT('Ctrl Pts',(94.0114802858737,-48.4144804441834,142.));
#9158=CARTESIAN_POINT('Ctrl Pts',(94.002728259594,-47.4853069874883,143.));
#9159=CARTESIAN_POINT('Ctrl Pts',(94.002728259594,-47.4853069874883,142.));
#9160=CARTESIAN_POINT('Ctrl Pts',(93.9356293914496,-47.5538645266793,143.));
#9161=CARTESIAN_POINT('Ctrl Pts',(93.9356293914496,-47.5538645266793,142.));
#9162=CARTESIAN_POINT('Ctrl Pts',(93.8495677996992,-47.7887105651846,143.));
#9163=CARTESIAN_POINT('Ctrl Pts',(93.8495677996992,-47.7887105651846,142.));
#9164=CARTESIAN_POINT('Ctrl Pts',(93.8495677996992,-47.9477057092659,143.));
#9165=CARTESIAN_POINT('Ctrl Pts',(93.8495677996992,-47.9477057092659,142.));
#9166=CARTESIAN_POINT('',(94.002728259594,-47.4853069874883,143.));
#9167=CARTESIAN_POINT('Ctrl Pts',(94.002728259594,-47.4853069874883,143.));
#9168=CARTESIAN_POINT('Ctrl Pts',(93.9356293914496,-47.5538645266793,143.));
#9169=CARTESIAN_POINT('Ctrl Pts',(93.8495677996992,-47.7887105651846,143.));
#9170=CARTESIAN_POINT('Ctrl Pts',(93.8495677996992,-47.9477057092659,143.));
#9171=CARTESIAN_POINT('',(94.002728259594,-47.4853069874883,142.));
#9172=CARTESIAN_POINT('',(94.002728259594,-47.4853069874883,143.));
#9173=CARTESIAN_POINT('Ctrl Pts',(94.002728259594,-47.4853069874883,142.));
#9174=CARTESIAN_POINT('Ctrl Pts',(93.9356293914496,-47.5538645266793,142.));
#9175=CARTESIAN_POINT('Ctrl Pts',(93.8495677996992,-47.7887105651846,142.));
#9176=CARTESIAN_POINT('Ctrl Pts',(93.8495677996992,-47.9477057092659,142.));
#9177=CARTESIAN_POINT('Ctrl Pts',(94.3367639292693,-47.3467332380596,143.));
#9178=CARTESIAN_POINT('Ctrl Pts',(94.3367639292693,-47.3467332380596,142.));
#9179=CARTESIAN_POINT('Ctrl Pts',(94.239032969146,-47.3467332380596,143.));
#9180=CARTESIAN_POINT('Ctrl Pts',(94.239032969146,-47.3467332380596,142.));
#9181=CARTESIAN_POINT('Ctrl Pts',(94.0771204829715,-47.4079974220176,143.));
#9182=CARTESIAN_POINT('Ctrl Pts',(94.0771204829715,-47.4079974220176,142.));
#9183=CARTESIAN_POINT('Ctrl Pts',(94.002728259594,-47.4853069874883,143.));
#9184=CARTESIAN_POINT('Ctrl Pts',(94.002728259594,-47.4853069874883,142.));
#9185=CARTESIAN_POINT('',(94.3367639292693,-47.3467332380596,143.));
#9186=CARTESIAN_POINT('Ctrl Pts',(94.3367639292693,-47.3467332380596,143.));
#9187=CARTESIAN_POINT('Ctrl Pts',(94.239032969146,-47.3467332380596,143.));
#9188=CARTESIAN_POINT('Ctrl Pts',(94.0771204829715,-47.4079974220176,143.));
#9189=CARTESIAN_POINT('Ctrl Pts',(94.002728259594,-47.4853069874883,143.));
#9190=CARTESIAN_POINT('',(94.3367639292693,-47.3467332380596,142.));
#9191=CARTESIAN_POINT('',(94.3367639292693,-47.3467332380596,143.));
#9192=CARTESIAN_POINT('Ctrl Pts',(94.3367639292693,-47.3467332380596,142.));
#9193=CARTESIAN_POINT('Ctrl Pts',(94.239032969146,-47.3467332380596,142.));
#9194=CARTESIAN_POINT('Ctrl Pts',(94.0771204829715,-47.4079974220176,142.));
#9195=CARTESIAN_POINT('Ctrl Pts',(94.002728259594,-47.4853069874883,142.));
#9196=CARTESIAN_POINT('Ctrl Pts',(94.6328741517326,-47.4400881850431,143.));
#9197=CARTESIAN_POINT('Ctrl Pts',(94.6328741517326,-47.4400881850431,142.));
#9198=CARTESIAN_POINT('Ctrl Pts',(94.5701512967281,-47.4007040667845,143.));
#9199=CARTESIAN_POINT('Ctrl Pts',(94.5701512967281,-47.4007040667845,142.));
#9200=CARTESIAN_POINT('Ctrl Pts',(94.4199081789265,-47.3467332380596,143.));
#9201=CARTESIAN_POINT('Ctrl Pts',(94.4199081789265,-47.3467332380596,142.));
#9202=CARTESIAN_POINT('Ctrl Pts',(94.3367639292693,-47.3467332380596,143.));
#9203=CARTESIAN_POINT('Ctrl Pts',(94.3367639292693,-47.3467332380596,142.));
#9204=CARTESIAN_POINT('',(94.6328741517326,-47.4400881850431,143.));
#9205=CARTESIAN_POINT('Ctrl Pts',(94.6328741517326,-47.4400881850431,143.));
#9206=CARTESIAN_POINT('Ctrl Pts',(94.5701512967281,-47.4007040667845,143.));
#9207=CARTESIAN_POINT('Ctrl Pts',(94.4199081789265,-47.3467332380596,143.));
#9208=CARTESIAN_POINT('Ctrl Pts',(94.3367639292693,-47.3467332380596,143.));
#9209=CARTESIAN_POINT('',(94.6328741517326,-47.4400881850431,142.));
#9210=CARTESIAN_POINT('',(94.6328741517326,-47.4400881850431,143.));
#9211=CARTESIAN_POINT('Ctrl Pts',(94.6328741517326,-47.4400881850431,142.));
#9212=CARTESIAN_POINT('Ctrl Pts',(94.5701512967281,-47.4007040667845,142.));
#9213=CARTESIAN_POINT('Ctrl Pts',(94.4199081789265,-47.3467332380596,142.));
#9214=CARTESIAN_POINT('Ctrl Pts',(94.3367639292693,-47.3467332380596,142.));
#9215=CARTESIAN_POINT('Ctrl Pts',(94.8283360719793,-47.5888726317981,143.));
#9216=CARTESIAN_POINT('Ctrl Pts',(94.8283360719793,-47.5888726317981,142.));
#9217=CARTESIAN_POINT('Ctrl Pts',(94.7947866379071,-47.5596992108657,143.));
#9218=CARTESIAN_POINT('Ctrl Pts',(94.7947866379071,-47.5596992108657,142.));
#9219=CARTESIAN_POINT('Ctrl Pts',(94.6955970067371,-47.4780136322552,143.));
#9220=CARTESIAN_POINT('Ctrl Pts',(94.6955970067371,-47.4780136322552,142.));
#9221=CARTESIAN_POINT('Ctrl Pts',(94.6328741517326,-47.4400881850431,143.));
#9222=CARTESIAN_POINT('Ctrl Pts',(94.6328741517326,-47.4400881850431,142.));
#9223=CARTESIAN_POINT('',(94.8283360719793,-47.5888726317981,143.));
#9224=CARTESIAN_POINT('Ctrl Pts',(94.8283360719793,-47.5888726317981,143.));
#9225=CARTESIAN_POINT('Ctrl Pts',(94.7947866379071,-47.5596992108657,143.));
#9226=CARTESIAN_POINT('Ctrl Pts',(94.6955970067371,-47.4780136322552,143.));
#9227=CARTESIAN_POINT('Ctrl Pts',(94.6328741517326,-47.4400881850431,143.));
#9228=CARTESIAN_POINT('',(94.8283360719793,-47.5888726317981,142.));
#9229=CARTESIAN_POINT('',(94.8283360719793,-47.5888726317981,143.));
#9230=CARTESIAN_POINT('Ctrl Pts',(94.8283360719793,-47.5888726317981,142.));
#9231=CARTESIAN_POINT('Ctrl Pts',(94.7947866379071,-47.5596992108657,142.));
#9232=CARTESIAN_POINT('Ctrl Pts',(94.6955970067371,-47.4780136322552,142.));
#9233=CARTESIAN_POINT('Ctrl Pts',(94.6328741517326,-47.4400881850431,142.));
#9234=CARTESIAN_POINT('Origin',(94.8735548744244,-47.5888726317981,143.));
#9235=CARTESIAN_POINT('',(94.8735548744244,-47.5888726317981,143.));
#9236=CARTESIAN_POINT('',(92.4367774372122,-47.5888726317981,143.));
#9237=CARTESIAN_POINT('',(94.8735548744244,-47.5888726317981,142.));
#9238=CARTESIAN_POINT('',(94.8735548744244,-47.5888726317981,143.));
#9239=CARTESIAN_POINT('',(94.8735548744244,-47.5888726317981,142.));
#9240=CARTESIAN_POINT('Origin',(94.8735548744244,-47.1600233440926,143.));
#9241=CARTESIAN_POINT('',(94.8735548744244,-47.1600233440926,143.));
#9242=CARTESIAN_POINT('',(94.8735548744244,-52.5800116720463,143.));
#9243=CARTESIAN_POINT('',(94.8735548744244,-47.1600233440926,142.));
#9244=CARTESIAN_POINT('',(94.8735548744244,-47.1600233440926,143.));
#9245=CARTESIAN_POINT('',(94.8735548744244,-47.1600233440926,142.));
#9246=CARTESIAN_POINT('Ctrl Pts',(94.6226634544063,-47.0549990287362,143.));
#9247=CARTESIAN_POINT('Ctrl Pts',(94.6226634544063,-47.0549990287362,142.));
#9248=CARTESIAN_POINT('Ctrl Pts',(94.6839276383642,-47.0739617523422,143.));
#9249=CARTESIAN_POINT('Ctrl Pts',(94.6839276383642,-47.0739617523422,142.));
#9250=CARTESIAN_POINT('Ctrl Pts',(94.8283360719793,-47.1366846073468,143.));
#9251=CARTESIAN_POINT('Ctrl Pts',(94.8283360719793,-47.1366846073468,142.));
#9252=CARTESIAN_POINT('Ctrl Pts',(94.8735548744244,-47.1600233440926,143.));
#9253=CARTESIAN_POINT('Ctrl Pts',(94.8735548744244,-47.1600233440926,142.));
#9254=CARTESIAN_POINT('',(94.6226634544063,-47.0549990287362,143.));
#9255=CARTESIAN_POINT('Ctrl Pts',(94.6226634544063,-47.0549990287362,143.));
#9256=CARTESIAN_POINT('Ctrl Pts',(94.6839276383642,-47.0739617523422,143.));
#9257=CARTESIAN_POINT('Ctrl Pts',(94.8283360719793,-47.1366846073468,143.));
#9258=CARTESIAN_POINT('Ctrl Pts',(94.8735548744244,-47.1600233440926,143.));
#9259=CARTESIAN_POINT('',(94.6226634544063,-47.0549990287362,142.));
#9260=CARTESIAN_POINT('',(94.6226634544063,-47.0549990287362,143.));
#9261=CARTESIAN_POINT('Ctrl Pts',(94.6226634544063,-47.0549990287362,142.));
#9262=CARTESIAN_POINT('Ctrl Pts',(94.6839276383642,-47.0739617523422,142.));
#9263=CARTESIAN_POINT('Ctrl Pts',(94.8283360719793,-47.1366846073468,142.));
#9264=CARTESIAN_POINT('Ctrl Pts',(94.8735548744244,-47.1600233440926,142.));
#9265=CARTESIAN_POINT('Ctrl Pts',(94.2652890479851,-47.0097802262911,143.));
#9266=CARTESIAN_POINT('Ctrl Pts',(94.2652890479851,-47.0097802262911,142.));
#9267=CARTESIAN_POINT('Ctrl Pts',(94.3717720343881,-47.0097802262911,143.));
#9268=CARTESIAN_POINT('Ctrl Pts',(94.3717720343881,-47.0097802262911,142.));
#9269=CARTESIAN_POINT('Ctrl Pts',(94.5438952178889,-47.0345776340836,143.));
#9270=CARTESIAN_POINT('Ctrl Pts',(94.5438952178889,-47.0345776340836,142.));
#9271=CARTESIAN_POINT('Ctrl Pts',(94.6226634544063,-47.0549990287362,143.));
#9272=CARTESIAN_POINT('Ctrl Pts',(94.6226634544063,-47.0549990287362,142.));
#9273=CARTESIAN_POINT('',(94.2652890479851,-47.0097802262911,143.));
#9274=CARTESIAN_POINT('Ctrl Pts',(94.2652890479851,-47.0097802262911,143.));
#9275=CARTESIAN_POINT('Ctrl Pts',(94.3717720343881,-47.0097802262911,143.));
#9276=CARTESIAN_POINT('Ctrl Pts',(94.5438952178889,-47.0345776340836,143.));
#9277=CARTESIAN_POINT('Ctrl Pts',(94.6226634544063,-47.0549990287362,143.));
#9278=CARTESIAN_POINT('',(94.2652890479851,-47.0097802262911,142.));
#9279=CARTESIAN_POINT('',(94.2652890479851,-47.0097802262911,143.));
#9280=CARTESIAN_POINT('Ctrl Pts',(94.2652890479851,-47.0097802262911,142.));
#9281=CARTESIAN_POINT('Ctrl Pts',(94.3717720343881,-47.0097802262911,142.));
#9282=CARTESIAN_POINT('Ctrl Pts',(94.5438952178889,-47.0345776340836,142.));
#9283=CARTESIAN_POINT('Ctrl Pts',(94.6226634544063,-47.0549990287362,142.));
#9284=CARTESIAN_POINT('Ctrl Pts',(93.3827930647817,-47.9462470382193,143.));
#9285=CARTESIAN_POINT('Ctrl Pts',(93.3827930647817,-47.9462470382193,142.));
#9286=CARTESIAN_POINT('Ctrl Pts',(93.3827930647817,-47.5188564215605,143.));
#9287=CARTESIAN_POINT('Ctrl Pts',(93.3827930647817,-47.5188564215605,142.));
#9288=CARTESIAN_POINT('Ctrl Pts',(93.8597784970255,-47.0097802262911,143.));
#9289=CARTESIAN_POINT('Ctrl Pts',(93.8597784970255,-47.0097802262911,142.));
#9290=CARTESIAN_POINT('Ctrl Pts',(94.2652890479851,-47.0097802262911,143.));
#9291=CARTESIAN_POINT('Ctrl Pts',(94.2652890479851,-47.0097802262911,142.));
#9292=CARTESIAN_POINT('',(93.3827930647817,-47.9462470382193,143.));
#9293=CARTESIAN_POINT('Ctrl Pts',(93.3827930647817,-47.9462470382193,143.));
#9294=CARTESIAN_POINT('Ctrl Pts',(93.3827930647817,-47.5188564215605,143.));
#9295=CARTESIAN_POINT('Ctrl Pts',(93.8597784970255,-47.0097802262911,143.));
#9296=CARTESIAN_POINT('Ctrl Pts',(94.2652890479851,-47.0097802262911,143.));
#9297=CARTESIAN_POINT('',(93.3827930647817,-47.9462470382193,142.));
#9298=CARTESIAN_POINT('',(93.3827930647817,-47.9462470382193,143.));
#9299=CARTESIAN_POINT('Ctrl Pts',(93.3827930647817,-47.9462470382193,142.));
#9300=CARTESIAN_POINT('Ctrl Pts',(93.3827930647817,-47.5188564215605,142.));
#9301=CARTESIAN_POINT('Ctrl Pts',(93.8597784970255,-47.0097802262911,142.));
#9302=CARTESIAN_POINT('Ctrl Pts',(94.2652890479851,-47.0097802262911,142.));
#9303=CARTESIAN_POINT('Ctrl Pts',(94.2638303769385,-48.8797965080543,143.));
#9304=CARTESIAN_POINT('Ctrl Pts',(94.2638303769385,-48.8797965080543,142.));
#9305=CARTESIAN_POINT('Ctrl Pts',(93.8583198259789,-48.8797965080543,143.));
#9306=CARTESIAN_POINT('Ctrl Pts',(93.8583198259789,-48.8797965080543,142.));
#9307=CARTESIAN_POINT('Ctrl Pts',(93.3827930647817,-48.3896830363909,143.));
#9308=CARTESIAN_POINT('Ctrl Pts',(93.3827930647817,-48.3896830363909,142.));
#9309=CARTESIAN_POINT('Ctrl Pts',(93.3827930647817,-47.9462470382193,143.));
#9310=CARTESIAN_POINT('Ctrl Pts',(93.3827930647817,-47.9462470382193,142.));
#9311=CARTESIAN_POINT('Ctrl Pts',(94.2638303769385,-48.8797965080543,143.));
#9312=CARTESIAN_POINT('Ctrl Pts',(93.8583198259789,-48.8797965080543,143.));
#9313=CARTESIAN_POINT('Ctrl Pts',(93.3827930647817,-48.3896830363909,143.));
#9314=CARTESIAN_POINT('Ctrl Pts',(93.3827930647817,-47.9462470382193,143.));
#9315=CARTESIAN_POINT('Ctrl Pts',(94.2638303769385,-48.8797965080543,142.));
#9316=CARTESIAN_POINT('Ctrl Pts',(93.8583198259789,-48.8797965080543,142.));
#9317=CARTESIAN_POINT('Ctrl Pts',(93.3827930647817,-48.3896830363909,142.));
#9318=CARTESIAN_POINT('Ctrl Pts',(93.3827930647817,-47.9462470382193,142.));
#9319=CARTESIAN_POINT('Origin',(94.1922965537388,-47.9449717620799,142.));
#9320=CARTESIAN_POINT('Origin',(90.,-58.,143.));
#9321=CARTESIAN_POINT('',(110.,-33.,143.));
#9322=CARTESIAN_POINT('',(70.,-33.,143.));
#9323=CARTESIAN_POINT('',(70.,-33.,143.));
#9324=CARTESIAN_POINT('',(65.,-38.,143.));
#9325=CARTESIAN_POINT('Origin',(70.,-38.,143.));
#9326=CARTESIAN_POINT('',(65.,-78.,143.));
#9327=CARTESIAN_POINT('',(65.,-78.,143.));
#9328=CARTESIAN_POINT('',(70.,-83.,143.));
#9329=CARTESIAN_POINT('Origin',(70.,-78.,143.));
#9330=CARTESIAN_POINT('',(110.,-83.,143.));
#9331=CARTESIAN_POINT('',(110.,-83.,143.));
#9332=CARTESIAN_POINT('',(115.,-78.,143.));
#9333=CARTESIAN_POINT('Origin',(110.,-78.,143.));
#9334=CARTESIAN_POINT('',(115.,-38.,143.));
#9335=CARTESIAN_POINT('',(115.,-38.,143.));
#9336=CARTESIAN_POINT('Origin',(110.,-38.,143.));
#9337=CARTESIAN_POINT('Origin',(90.,-58.,143.));
#9338=CARTESIAN_POINT('Origin',(90.,-58.,143.));
#9339=CARTESIAN_POINT('Origin',(90.,-58.,143.));
#9340=CARTESIAN_POINT('Origin',(90.,-58.,143.));
#9341=CARTESIAN_POINT('Origin',(-95.,-105.,20.));
#9342=CARTESIAN_POINT('',(-86.2364926363385,-105.,15.1832647273231));
#9343=CARTESIAN_POINT('',(-85.8885073636616,-105.,15.8792352726769));
#9344=CARTESIAN_POINT('Origin',(-85.,-105.,15.));
#9345=CARTESIAN_POINT('Origin',(-95.,-105.,20.));
#9346=CARTESIAN_POINT('Origin',(-95.,-105.,20.));
#9347=CARTESIAN_POINT('',(-80.,-100.,20.));
#9348=CARTESIAN_POINT('Origin',(-95.,-100.,20.));
#9349=CARTESIAN_POINT('Ctrl Pts',(-85.8885073636616,-105.,15.8792352726769));
#9350=CARTESIAN_POINT('Ctrl Pts',(-85.8885073636616,-104.947871437812,15.8792352726769));
#9351=CARTESIAN_POINT('Ctrl Pts',(-85.8868634436905,-104.896138460183,15.8809053046317));
#9352=CARTESIAN_POINT('Ctrl Pts',(-85.8798022507745,-104.782833529532,15.8879624181629));
#9353=CARTESIAN_POINT('Ctrl Pts',(-85.8738006282099,-104.722046877487,15.8939200324037));
#9354=CARTESIAN_POINT('Ctrl Pts',(-85.8267416570451,-104.362031061394,15.9391183915564));
#9355=CARTESIAN_POINT('Ctrl Pts',(-85.7366852002807,-104.036755235394,16.0203603426008));
#9356=CARTESIAN_POINT('Ctrl Pts',(-85.4265375346371,-103.219812710318,16.1934333085068));
#9357=CARTESIAN_POINT('Ctrl Pts',(-85.1776255381165,-102.747494636772,16.2703708743133));
#9358=CARTESIAN_POINT('Ctrl Pts',(-84.7749503725242,-102.136139887851,16.2350629083268));
#9359=CARTESIAN_POINT('Ctrl Pts',(-84.6521113314903,-101.965228866836,16.2081234971428));
#9360=CARTESIAN_POINT('Ctrl Pts',(-84.433087604269,-101.680855875468,16.1187177418628));
#9361=CARTESIAN_POINT('Ctrl Pts',(-84.3375867020759,-101.56343565305,16.0663122789322));
#9362=CARTESIAN_POINT('Ctrl Pts',(-84.1484685039426,-101.337653841764,15.9231631242932));
#9363=CARTESIAN_POINT('Ctrl Pts',(-84.0560615172105,-101.231219883689,15.8310444778772));
#9364=CARTESIAN_POINT('Ctrl Pts',(-83.8850330221752,-101.027691959501,15.5871768977743));
#9365=CARTESIAN_POINT('Ctrl Pts',(-83.8189920569578,-100.94359034934,15.4398011844462));
#9366=CARTESIAN_POINT('Ctrl Pts',(-83.7495443125325,-100.820233206811,15.1417469703412));
#9367=CARTESIAN_POINT('Ctrl Pts',(-83.7405603240561,-100.776911814407,14.9906605724517));
#9368=CARTESIAN_POINT('Ctrl Pts',(-83.7791651703163,-100.722423233747,14.6957189289339));
#9369=CARTESIAN_POINT('Ctrl Pts',(-83.8223630586361,-100.709910582894,14.5563098521684));
#9370=CARTESIAN_POINT('Ctrl Pts',(-83.9546453001723,-100.711869625832,14.2998742237082));
#9371=CARTESIAN_POINT('Ctrl Pts',(-84.0411699700112,-100.725849609219,14.1858313539583));
#9372=CARTESIAN_POINT('Ctrl Pts',(-84.2504280111174,-100.78155607326,13.9889553077522));
#9373=CARTESIAN_POINT('Ctrl Pts',(-84.3714174492425,-100.823755070291,13.9106450662018));
#9374=CARTESIAN_POINT('Ctrl Pts',(-84.6444249604377,-100.944265566576,13.7911300045231));
#9375=CARTESIAN_POINT('Ctrl Pts',(-84.8007008185152,-101.027781245969,13.755889392294));
#9376=CARTESIAN_POINT('Ctrl Pts',(-85.097284099529,-101.230294060131,13.7461153522231));
#9377=CARTESIAN_POINT('Ctrl Pts',(-85.2265602284796,-101.33672427904,13.7646727324434));
#9378=CARTESIAN_POINT('Ctrl Pts',(-85.4547149140333,-101.562452508501,13.8299360891599));
#9379=CARTESIAN_POINT('Ctrl Pts',(-85.5539817402422,-101.679802915664,13.8748221829422));
#9380=CARTESIAN_POINT('Ctrl Pts',(-85.7569016768084,-101.963847054235,13.9961812462617));
#9381=CARTESIAN_POINT('Ctrl Pts',(-85.852141149862,-102.13447856783,14.0781218393684));
#9382=CARTESIAN_POINT('Ctrl Pts',(-86.1559154484356,-102.821398830904,14.4162097199769));
#9383=CARTESIAN_POINT('Ctrl Pts',(-86.2337525847363,-103.376810874728,14.7061353036738));
#9384=CARTESIAN_POINT('Ctrl Pts',(-86.2540169375379,-104.168264708048,15.0228245703289));
#9385=CARTESIAN_POINT('Ctrl Pts',(-86.2457505467367,-104.428477693213,15.1117021354657));
#9386=CARTESIAN_POINT('Ctrl Pts',(-86.2380984229351,-104.784678149234,15.1730837280779));
#9387=CARTESIAN_POINT('Ctrl Pts',(-86.2364926363384,-104.890930118289,15.1832647273231));
#9388=CARTESIAN_POINT('Ctrl Pts',(-86.2364926363384,-105.,15.1832647273231));
#9389=CARTESIAN_POINT('Origin',(15.,-97.,98.));
#9390=CARTESIAN_POINT('',(16.25,-100.,98.));
#9391=CARTESIAN_POINT('Origin',(15.,-100.,98.));
#9392=CARTESIAN_POINT('',(16.25,-92.,98.));
#9393=CARTESIAN_POINT('Origin',(15.,-92.,98.));
#9394=CARTESIAN_POINT('Origin',(15.,-97.,98.));
#9395=CARTESIAN_POINT('',(20.,-92.,98.));
#9396=CARTESIAN_POINT('Origin',(15.,-92.,98.));
#9397=CARTESIAN_POINT('',(20.,-97.,98.));
#9398=CARTESIAN_POINT('Origin',(15.,-97.,98.));
#9399=CARTESIAN_POINT('Origin',(15.,-92.,98.));
#9400=CARTESIAN_POINT('Origin',(15.,-97.,15.));
#9401=CARTESIAN_POINT('',(16.25,-100.,15.));
#9402=CARTESIAN_POINT('Origin',(15.,-100.,15.));
#9403=CARTESIAN_POINT('',(16.25,-92.,15.));
#9404=CARTESIAN_POINT('Origin',(15.,-92.,15.));
#9405=CARTESIAN_POINT('Origin',(15.,-97.,15.));
#9406=CARTESIAN_POINT('',(20.,-92.,15.));
#9407=CARTESIAN_POINT('Origin',(15.,-92.,15.));
#9408=CARTESIAN_POINT('',(20.,-97.,15.));
#9409=CARTESIAN_POINT('Origin',(15.,-97.,15.));
#9410=CARTESIAN_POINT('Origin',(15.,-92.,15.));
#9411=CARTESIAN_POINT('Origin',(-85.,-97.,15.));
#9412=CARTESIAN_POINT('',(-83.75,-92.,15.));
#9413=CARTESIAN_POINT('Origin',(-85.,-92.,15.));
#9414=CARTESIAN_POINT('Origin',(-85.,-97.,15.));
#9415=CARTESIAN_POINT('',(-80.,-92.,15.));
#9416=CARTESIAN_POINT('Origin',(-85.,-92.,15.));
#9417=CARTESIAN_POINT('',(-80.,-97.,15.));
#9418=CARTESIAN_POINT('Origin',(-85.,-97.,15.));
#9419=CARTESIAN_POINT('Origin',(-85.,-92.,15.));
#9420=CARTESIAN_POINT('Origin',(-85.,-97.,98.));
#9421=CARTESIAN_POINT('',(-83.75,-100.,98.));
#9422=CARTESIAN_POINT('Origin',(-85.,-100.,98.));
#9423=CARTESIAN_POINT('',(-83.75,-92.,98.));
#9424=CARTESIAN_POINT('Origin',(-85.,-92.,98.));
#9425=CARTESIAN_POINT('Origin',(-85.,-97.,98.));
#9426=CARTESIAN_POINT('',(-80.,-92.,98.));
#9427=CARTESIAN_POINT('Origin',(-85.,-92.,98.));
#9428=CARTESIAN_POINT('',(-80.,-97.,98.));
#9429=CARTESIAN_POINT('Origin',(-85.,-97.,98.));
#9430=CARTESIAN_POINT('Origin',(-85.,-92.,98.));
#9431=CARTESIAN_POINT('Origin',(-25.,-97.,98.));
#9432=CARTESIAN_POINT('',(-23.75,-100.,98.));
#9433=CARTESIAN_POINT('Origin',(-25.,-100.,98.));
#9434=CARTESIAN_POINT('',(-23.75,-92.,98.));
#9435=CARTESIAN_POINT('Origin',(-25.,-92.,98.));
#9436=CARTESIAN_POINT('Origin',(-25.,-97.,98.));
#9437=CARTESIAN_POINT('',(-20.,-92.,98.));
#9438=CARTESIAN_POINT('Origin',(-25.,-92.,98.));
#9439=CARTESIAN_POINT('',(-20.,-97.,98.));
#9440=CARTESIAN_POINT('Origin',(-25.,-97.,98.));
#9441=CARTESIAN_POINT('Origin',(-25.,-92.,98.));
#9442=CARTESIAN_POINT('Origin',(-115.,-97.,3.));
#9443=CARTESIAN_POINT('',(115.,-97.,133.));
#9444=CARTESIAN_POINT('',(-115.,-97.,133.));
#9445=CARTESIAN_POINT('',(-57.5,-97.,133.));
#9446=CARTESIAN_POINT('',(115.,-97.,8.));
#9447=CARTESIAN_POINT('',(115.,-97.,3.));
#9448=CARTESIAN_POINT('',(-115.,-97.,8.));
#9449=CARTESIAN_POINT('',(-57.5,-97.,8.));
#9450=CARTESIAN_POINT('',(-115.,-97.,3.));
#9451=CARTESIAN_POINT('Origin',(110.,-38.,141.));
#9452=CARTESIAN_POINT('',(110.,-33.,141.));
#9453=CARTESIAN_POINT('',(115.,-38.,141.));
#9454=CARTESIAN_POINT('Origin',(110.,-38.,141.));
#9455=CARTESIAN_POINT('',(110.,-33.,141.));
#9456=CARTESIAN_POINT('',(115.,-38.,141.));
#9457=CARTESIAN_POINT('Origin',(115.,-78.,141.));
#9458=CARTESIAN_POINT('',(115.,-78.,141.));
#9459=CARTESIAN_POINT('',(115.,-39.,141.));
#9460=CARTESIAN_POINT('',(115.,-78.,141.));
#9461=CARTESIAN_POINT('Origin',(110.,-78.,141.));
#9462=CARTESIAN_POINT('',(110.,-83.,141.));
#9463=CARTESIAN_POINT('Origin',(110.,-78.,141.));
#9464=CARTESIAN_POINT('',(110.,-83.,141.));
#9465=CARTESIAN_POINT('Origin',(70.,-83.,141.));
#9466=CARTESIAN_POINT('',(70.,-83.,141.));
#9467=CARTESIAN_POINT('',(35.,-83.,141.));
#9468=CARTESIAN_POINT('',(70.,-83.,141.));
#9469=CARTESIAN_POINT('Origin',(70.,-78.,141.));
#9470=CARTESIAN_POINT('',(65.,-78.,141.));
#9471=CARTESIAN_POINT('Origin',(70.,-78.,141.));
#9472=CARTESIAN_POINT('',(65.,-78.,141.));
#9473=CARTESIAN_POINT('Origin',(65.,-38.,141.));
#9474=CARTESIAN_POINT('',(65.,-38.,141.));
#9475=CARTESIAN_POINT('',(65.,-19.,141.));
#9476=CARTESIAN_POINT('',(65.,-38.,141.));
#9477=CARTESIAN_POINT('Origin',(70.,-38.,141.));
#9478=CARTESIAN_POINT('',(70.,-33.,141.));
#9479=CARTESIAN_POINT('Origin',(70.,-38.,141.));
#9480=CARTESIAN_POINT('',(70.,-33.,141.));
#9481=CARTESIAN_POINT('Origin',(110.,-33.,141.));
#9482=CARTESIAN_POINT('',(55.,-33.,141.));
#9483=CARTESIAN_POINT('Origin',(90.,-58.,143.));
#9484=CARTESIAN_POINT('Origin',(-98.,-25.,7.));
#9485=CARTESIAN_POINT('',(-102.,-15.,7.));
#9486=CARTESIAN_POINT('',(-100.,-15.,3.53589838486225));
#9487=CARTESIAN_POINT('Origin',(-98.,-15.,7.));
#9488=CARTESIAN_POINT('',(-102.,-85.,7.));
#9489=CARTESIAN_POINT('',(-102.,-25.,7.));
#9490=CARTESIAN_POINT('Origin',(-98.,-85.,7.));
#9491=CARTESIAN_POINT('',(-100.,-70.,3.53589838486225));
#9492=CARTESIAN_POINT('Ctrl Pts',(-98.,-76.0000000000001,3.));
#9493=CARTESIAN_POINT('Ctrl Pts',(-98.3352393296531,-75.5530142271292,3.));
#9494=CARTESIAN_POINT('Ctrl Pts',(-98.6369041254544,-75.0723561717112,3.04201837569053));
#9495=CARTESIAN_POINT('Ctrl Pts',(-99.2536931101467,-73.8702983996508,3.18395803011876));
#9496=CARTESIAN_POINT('Ctrl Pts',(-99.5320071388681,-73.125456195506,3.29923501869868));
#9497=CARTESIAN_POINT('Ctrl Pts',(-99.9052309530824,-71.585570800472,3.47681908592971));
#9498=CARTESIAN_POINT('Ctrl Pts',(-100.,-70.7901229829027,3.53589838486226));
#9499=CARTESIAN_POINT('Ctrl Pts',(-100.,-70.,3.53589838486226));
#9500=CARTESIAN_POINT('',(-100.,-25.,3.53589838486225));
#9501=CARTESIAN_POINT('Origin',(-3.0728426357889E-016,0.,3.));
#9502=CARTESIAN_POINT('',(-117.,-15.,3.00000000000001));
#9503=CARTESIAN_POINT('',(-100.,-15.,3.));
#9504=CARTESIAN_POINT('',(-61.,-15.,3.));
#9505=CARTESIAN_POINT('',(-100.,10.,3.));
#9506=CARTESIAN_POINT('',(-100.,35.,3.));
#9507=CARTESIAN_POINT('',(-117.,10.,3.00000000000001));
#9508=CARTESIAN_POINT('',(-61.,10.,3.));
#9509=CARTESIAN_POINT('',(-117.,45.,3.));
#9510=CARTESIAN_POINT('Origin',(-102.,-50.,8.));
#9511=CARTESIAN_POINT('',(-102.,-15.,9.00000000000001));
#9512=CARTESIAN_POINT('',(-102.,-15.,13.));
#9513=CARTESIAN_POINT('',(-102.,-85.,8.99999999999999));
#9514=CARTESIAN_POINT('',(-102.,-32.5,9.));
#9515=CARTESIAN_POINT('',(-102.,-85.,3.00000000000001));
#9516=CARTESIAN_POINT('Origin',(-118.,37.5,17.));
#9517=CARTESIAN_POINT('',(-122.,-85.,17.));
#9518=CARTESIAN_POINT('',(-118.,-85.,13.));
#9519=CARTESIAN_POINT('Origin',(-118.,-85.,17.));
#9520=CARTESIAN_POINT('',(-118.,-15.,13.));
#9521=CARTESIAN_POINT('',(-118.,37.5,13.));
#9522=CARTESIAN_POINT('',(-122.,-15.,17.));
#9523=CARTESIAN_POINT('Origin',(-118.,-15.,17.));
#9524=CARTESIAN_POINT('',(-122.,37.5,17.));
#9525=CARTESIAN_POINT('Origin',(-122.,-15.,13.));
#9526=CARTESIAN_POINT('',(-106.,-85.,13.));
#9527=CARTESIAN_POINT('',(-122.,-85.,13.));
#9528=CARTESIAN_POINT('',(-106.,-15.,13.));
#9529=CARTESIAN_POINT('',(-106.,-32.5,13.));
#9530=CARTESIAN_POINT('',(-122.,-15.,13.));
#9531=CARTESIAN_POINT('Origin',(-121.,68.75,9.));
#9532=CARTESIAN_POINT('',(-125.,80.,9.));
#9533=CARTESIAN_POINT('',(-121.,80.,5.));
#9534=CARTESIAN_POINT('Origin',(-121.,80.,9.));
#9535=CARTESIAN_POINT('',(-121.,15.,5.));
#9536=CARTESIAN_POINT('',(-121.,68.75,5.));
#9537=CARTESIAN_POINT('',(-125.,15.,9.));
#9538=CARTESIAN_POINT('Origin',(-121.,15.,9.));
#9539=CARTESIAN_POINT('',(-125.,68.75,9.));
#9540=CARTESIAN_POINT('Origin',(-119.,47.5,5.));
#9541=CARTESIAN_POINT('',(-105.,80.,5.));
#9542=CARTESIAN_POINT('',(-120.5,80.,5.));
#9543=CARTESIAN_POINT('',(-105.,15.,5.));
#9544=CARTESIAN_POINT('',(-105.,15.,5.));
#9545=CARTESIAN_POINT('',(-133.,15.,5.));
#9546=CARTESIAN_POINT('Origin',(-98.,22.5,7.));
#9547=CARTESIAN_POINT('',(-102.,10.,7.));
#9548=CARTESIAN_POINT('',(-100.,10.,3.53589838486224));
#9549=CARTESIAN_POINT('Origin',(-98.,10.,7.));
#9550=CARTESIAN_POINT('',(-100.,70.,3.53589838486224));
#9551=CARTESIAN_POINT('',(-100.,22.5,3.53589838486224));
#9552=CARTESIAN_POINT('Ctrl Pts',(-100.,70.,3.53589838486225));
#9553=CARTESIAN_POINT('Ctrl Pts',(-100.,70.7901229829027,3.53589838486225));
#9554=CARTESIAN_POINT('Ctrl Pts',(-99.9052309530824,71.585570800472,3.4768190859297));
#9555=CARTESIAN_POINT('Ctrl Pts',(-99.5320071388681,73.1254561955059,3.29923501869867));
#9556=CARTESIAN_POINT('Ctrl Pts',(-99.2536931101467,73.8702983996508,3.18395803011875));
#9557=CARTESIAN_POINT('Ctrl Pts',(-98.6369041254544,75.0723561717111,3.04201837569053));
#9558=CARTESIAN_POINT('Ctrl Pts',(-98.3352393296531,75.5530142271292,3.));
#9559=CARTESIAN_POINT('Ctrl Pts',(-98.,76.,3.));
#9560=CARTESIAN_POINT('',(-102.,80.,7.));
#9561=CARTESIAN_POINT('Origin',(-98.,80.,7.));
#9562=CARTESIAN_POINT('',(-102.,22.5,7.));
#9563=CARTESIAN_POINT('Origin',(-106.,-32.5,9.));
#9564=CARTESIAN_POINT('Origin',(-106.,-85.,8.99999999999999));
#9565=CARTESIAN_POINT('Origin',(-106.,-15.,9.00000000000001));
#9566=CARTESIAN_POINT('Origin',(-122.,-85.,13.));
#9567=CARTESIAN_POINT('',(-122.,-85.,8.));
#9568=CARTESIAN_POINT('',(-122.,-85.,7.99999999999998));
#9569=CARTESIAN_POINT('',(-121.,-85.,5.));
#9570=CARTESIAN_POINT('Origin',(-117.,-85.,8.));
#9571=CARTESIAN_POINT('',(-105.,-85.,5.));
#9572=CARTESIAN_POINT('',(-120.5,-85.,5.));
#9573=CARTESIAN_POINT('',(-105.,-85.,6.49999999999999));
#9574=CARTESIAN_POINT('Origin',(-106.,62.5,9.00000000000001));
#9575=CARTESIAN_POINT('',(-106.,10.,13.));
#9576=CARTESIAN_POINT('',(-102.,10.,9.00000000000002));
#9577=CARTESIAN_POINT('Origin',(-106.,10.,9.00000000000002));
#9578=CARTESIAN_POINT('',(-102.,80.,9.00000000000001));
#9579=CARTESIAN_POINT('',(-102.,62.5,9.00000000000001));
#9580=CARTESIAN_POINT('',(-106.,80.,13.));
#9581=CARTESIAN_POINT('Origin',(-106.,80.,9.00000000000001));
#9582=CARTESIAN_POINT('',(-106.,62.5,13.));
#9583=CARTESIAN_POINT('Origin',(-102.,45.,8.00000000000001));
#9584=CARTESIAN_POINT('',(-102.,80.,13.));
#9585=CARTESIAN_POINT('',(-102.,10.,3.00000000000001));
#9586=CARTESIAN_POINT('Origin',(-122.,10.,13.));
#9587=CARTESIAN_POINT('',(-122.,10.,13.));
#9588=CARTESIAN_POINT('',(-122.,10.,13.));
#9589=CARTESIAN_POINT('',(-122.,10.,8.));
#9590=CARTESIAN_POINT('',(-122.,10.,8.00000000000001));
#9591=CARTESIAN_POINT('Origin',(-117.,10.,8.));
#9592=CARTESIAN_POINT('',(-100.,10.,6.50000000000001));
#9593=CARTESIAN_POINT('Origin',(-133.,15.,0.));
#9594=CARTESIAN_POINT('',(-125.,15.,2.));
#9595=CARTESIAN_POINT('',(-125.,15.,0.));
#9596=CARTESIAN_POINT('',(-105.,15.,0.));
#9597=CARTESIAN_POINT('',(-105.,15.,0.));
#9598=CARTESIAN_POINT('',(-123.,15.,0.));
#9599=CARTESIAN_POINT('',(-66.5,15.,0.));
#9600=CARTESIAN_POINT('Origin',(-123.,15.,2.));
#9601=CARTESIAN_POINT('Origin',(-105.,15.,0.));
#9602=CARTESIAN_POINT('',(-105.,80.,0.));
#9603=CARTESIAN_POINT('',(-105.,7.5,0.));
#9604=CARTESIAN_POINT('',(-105.,80.,1.5));
#9605=CARTESIAN_POINT('',(-105.,80.,0.));
#9606=CARTESIAN_POINT('Origin',(-105.,80.,0.));
#9607=CARTESIAN_POINT('Origin',(-117.,80.,8.));
#9608=CARTESIAN_POINT('',(-125.,80.,2.));
#9609=CARTESIAN_POINT('',(-125.,80.,0.));
#9610=CARTESIAN_POINT('',(-123.,80.,0.));
#9611=CARTESIAN_POINT('Origin',(-123.,80.,2.));
#9612=CARTESIAN_POINT('',(-52.5,80.,0.));
#9613=CARTESIAN_POINT('Origin',(-133.,-85.,0.));
#9614=CARTESIAN_POINT('',(-105.,-85.,0.));
#9615=CARTESIAN_POINT('',(-105.,-85.,0.));
#9616=CARTESIAN_POINT('',(-123.,-85.,0.));
#9617=CARTESIAN_POINT('',(-66.5,-85.,0.));
#9618=CARTESIAN_POINT('',(-125.,-85.,2.));
#9619=CARTESIAN_POINT('Origin',(-123.,-85.,2.));
#9620=CARTESIAN_POINT('',(-125.,-85.,5.));
#9621=CARTESIAN_POINT('',(-125.,-85.,0.));
#9622=CARTESIAN_POINT('',(-133.,-85.,5.));
#9623=CARTESIAN_POINT('Origin',(-117.,-85.,8.));
#9624=CARTESIAN_POINT('Origin',(-105.,-85.,0.));
#9625=CARTESIAN_POINT('',(-105.,-20.,0.));
#9626=CARTESIAN_POINT('',(-105.,-42.5,0.));
#9627=CARTESIAN_POINT('',(-105.,-20.,5.));
#9628=CARTESIAN_POINT('',(-105.,-85.,5.));
#9629=CARTESIAN_POINT('',(-105.,-20.,0.));
#9630=CARTESIAN_POINT('Origin',(-105.,-20.,0.));
#9631=CARTESIAN_POINT('',(-125.,-20.,2.));
#9632=CARTESIAN_POINT('',(-125.,-20.,5.));
#9633=CARTESIAN_POINT('',(-125.,-20.,0.));
#9634=CARTESIAN_POINT('',(-123.,-20.,0.));
#9635=CARTESIAN_POINT('Origin',(-123.,-20.,2.));
#9636=CARTESIAN_POINT('',(-52.5,-20.,0.));
#9637=CARTESIAN_POINT('',(-105.,-20.,5.));
#9638=CARTESIAN_POINT('Origin',(-119.,-52.5,5.));
#9639=CARTESIAN_POINT('',(-125.,18.75,5.));
#9640=CARTESIAN_POINT('Origin',(-122.,80.,3.00000000000001));
#9641=CARTESIAN_POINT('',(-122.,80.,8.));
#9642=CARTESIAN_POINT('Origin',(-117.,80.,8.));
#9643=CARTESIAN_POINT('',(-122.,80.,13.));
#9644=CARTESIAN_POINT('',(-122.,80.,3.));
#9645=CARTESIAN_POINT('',(-122.,80.,13.));
#9646=CARTESIAN_POINT('Origin',(-3.0728426357889E-016,0.,0.));
#9647=CARTESIAN_POINT('',(-123.,90.,0.));
#9648=CARTESIAN_POINT('',(-123.,45.,0.));
#9649=CARTESIAN_POINT('',(-115.,98.,0.));
#9650=CARTESIAN_POINT('Origin',(-115.,90.,0.));
#9651=CARTESIAN_POINT('',(115.,98.,0.));
#9652=CARTESIAN_POINT('',(57.5,98.,0.));
#9653=CARTESIAN_POINT('',(123.,90.,0.));
#9654=CARTESIAN_POINT('Origin',(115.,90.,0.));
#9655=CARTESIAN_POINT('',(123.,-90.,0.));
#9656=CARTESIAN_POINT('',(123.,-45.,0.));
#9657=CARTESIAN_POINT('',(115.,-98.,0.));
#9658=CARTESIAN_POINT('Origin',(115.,-90.,0.));
#9659=CARTESIAN_POINT('',(-115.,-98.,0.));
#9660=CARTESIAN_POINT('',(-57.5,-98.,0.));
#9661=CARTESIAN_POINT('',(-123.,-90.,0.));
#9662=CARTESIAN_POINT('Origin',(-115.,-90.,0.));
#9663=CARTESIAN_POINT('',(-123.,45.,0.));
#9664=CARTESIAN_POINT('',(-123.,45.,0.));
#9665=CARTESIAN_POINT('',(30.,70.,0.));
#9666=CARTESIAN_POINT('',(20.,80.,0.));
#9667=CARTESIAN_POINT('Origin',(20.,70.,0.));
#9668=CARTESIAN_POINT('',(-90.,80.,0.));
#9669=CARTESIAN_POINT('',(9.99999999999999,80.,0.));
#9670=CARTESIAN_POINT('',(-100.,70.,0.));
#9671=CARTESIAN_POINT('Origin',(-90.,70.,0.));
#9672=CARTESIAN_POINT('',(-100.,-70.,0.));
#9673=CARTESIAN_POINT('',(-100.,35.,0.));
#9674=CARTESIAN_POINT('',(-90.,-80.,0.));
#9675=CARTESIAN_POINT('Origin',(-90.,-70.,0.));
#9676=CARTESIAN_POINT('',(20.,-80.,0.));
#9677=CARTESIAN_POINT('',(-45.,-80.,0.));
#9678=CARTESIAN_POINT('',(30.,-70.,0.));
#9679=CARTESIAN_POINT('Origin',(20.,-70.,0.));
#9680=CARTESIAN_POINT('',(30.,-35.,0.));
#9681=CARTESIAN_POINT('Origin',(-123.,45.,2.));
#9682=CARTESIAN_POINT('',(-125.,-90.,2.));
#9683=CARTESIAN_POINT('Origin',(-123.,-90.,2.));
#9684=CARTESIAN_POINT('',(-125.,45.,2.));
#9685=CARTESIAN_POINT('Origin',(-123.,45.,2.));
#9686=CARTESIAN_POINT('',(-125.,90.,2.));
#9687=CARTESIAN_POINT('',(-125.,45.,2.));
#9688=CARTESIAN_POINT('Origin',(-123.,90.,2.));
#9689=CARTESIAN_POINT('Origin',(-123.,45.,2.));
#9690=CARTESIAN_POINT('',(-125.,45.,2.));
#9691=CARTESIAN_POINT('Origin',(-122.,80.,13.));
#9692=CARTESIAN_POINT('',(-122.,85.,13.));
#9693=CARTESIAN_POINT('Origin',(-122.,-15.,3.00000000000001));
#9694=CARTESIAN_POINT('',(-100.,-15.,1.5));
#9695=CARTESIAN_POINT('',(-122.,-15.,8.));
#9696=CARTESIAN_POINT('Origin',(-117.,-15.,8.));
#9697=CARTESIAN_POINT('',(-122.,-15.,3.));
#9698=CARTESIAN_POINT('Origin',(-122.,90.,3.));
#9699=CARTESIAN_POINT('',(-122.,45.,8.));
#9700=CARTESIAN_POINT('',(-122.,90.,8.));
#9701=CARTESIAN_POINT('',(-122.,45.,8.));
#9702=CARTESIAN_POINT('',(-122.,90.,133.));
#9703=CARTESIAN_POINT('',(-122.,90.,3.));
#9704=CARTESIAN_POINT('',(-122.,-90.,133.));
#9705=CARTESIAN_POINT('',(-122.,45.,133.));
#9706=CARTESIAN_POINT('',(-122.,-90.,8.));
#9707=CARTESIAN_POINT('',(-122.,-90.,3.));
#9708=CARTESIAN_POINT('',(-122.,45.,8.));
#9709=CARTESIAN_POINT('Origin',(-117.,45.,8.));
#9710=CARTESIAN_POINT('Origin',(-117.,-90.,8.));
#9711=CARTESIAN_POINT('Origin',(-117.,45.,8.));
#9712=CARTESIAN_POINT('Origin',(-117.,90.,8.));
#9713=CARTESIAN_POINT('Origin',(-116.,-91.,141.));
#9714=CARTESIAN_POINT('',(-115.232284862457,-91.9864651375429,138.));
#9715=CARTESIAN_POINT('',(-116.986465137543,-90.232284862457,138.));
#9716=CARTESIAN_POINT('Origin',(-116.,-91.,138.));
#9717=CARTESIAN_POINT('Ctrl Pts',(-116.986465137543,-90.232284862457,138.));
#9718=CARTESIAN_POINT('Ctrl Pts',(-117.058455879076,-90.324788387886,138.));
#9719=CARTESIAN_POINT('Ctrl Pts',(-117.11706954502,-90.4269494091949,137.997985131905));
#9720=CARTESIAN_POINT('Ctrl Pts',(-117.210731332521,-90.6610962360708,137.991321399382));
#9721=CARTESIAN_POINT('Ctrl Pts',(-117.239768724437,-90.7925410485342,137.986414837436));
#9722=CARTESIAN_POINT('Ctrl Pts',(-117.256817694882,-91.0755609558902,137.975743979148));
#9723=CARTESIAN_POINT('Ctrl Pts',(-117.238445073011,-91.2252864148062,137.970045496489));
#9724=CARTESIAN_POINT('Ctrl Pts',(-117.145890378469,-91.5265698408472,137.960522479643));
#9725=CARTESIAN_POINT('Ctrl Pts',(-117.065935144399,-91.6731673735975,137.9571236451));
#9726=CARTESIAN_POINT('Ctrl Pts',(-116.864274695282,-91.9156828193229,137.955074965146));
#9727=CARTESIAN_POINT('Ctrl Pts',(-116.748003502365,-92.0124779191673,137.956085961891));
#9728=CARTESIAN_POINT('Ctrl Pts',(-116.474399780005,-92.16835541733,137.961844739788));
#9729=CARTESIAN_POINT('Ctrl Pts',(-116.316499742728,-92.2202151925315,137.966958451386));
#9730=CARTESIAN_POINT('Ctrl Pts',(-115.990218749009,-92.2608996191254,137.978817320968));
#9731=CARTESIAN_POINT('Ctrl Pts',(-115.824896624527,-92.2483286134742,137.985454270926));
#9732=CARTESIAN_POINT('Ctrl Pts',(-115.508413667805,-92.1611386712742,137.996128404524));
#9733=CARTESIAN_POINT('Ctrl Pts',(-115.360616404979,-92.086338984138,138.));
#9734=CARTESIAN_POINT('Ctrl Pts',(-115.232284862457,-91.9864651375429,138.));
#9735=CARTESIAN_POINT('',(-114.75,-91.,141.));
#9736=CARTESIAN_POINT('Origin',(-116.,-91.,141.));
#9737=CARTESIAN_POINT('Origin',(-116.,91.9999999999998,141.));
#9738=CARTESIAN_POINT('',(-116.7374017247,90.9906741376496,138.));
#9739=CARTESIAN_POINT('',(-114.75,92.,138.));
#9740=CARTESIAN_POINT('Origin',(-116.,91.9999999999998,138.));
#9741=CARTESIAN_POINT('',(-115.,92.7499999999997,137.943429983321));
#9742=CARTESIAN_POINT('Ctrl Pts',(-115.,92.7499999999997,137.943429983321));
#9743=CARTESIAN_POINT('Ctrl Pts',(-115.086123370754,92.8648311610056,137.926008199045));
#9744=CARTESIAN_POINT('Ctrl Pts',(-115.191296503812,92.9638587189015,137.906289828331));
#9745=CARTESIAN_POINT('Ctrl Pts',(-115.423834132854,93.1175344950571,137.868049142531));
#9746=CARTESIAN_POINT('Ctrl Pts',(-115.548368229332,93.1734400381738,137.849744960458));
#9747=CARTESIAN_POINT('Ctrl Pts',(-115.835493701077,93.2495797455108,137.814278476238));
#9748=CARTESIAN_POINT('Ctrl Pts',(-115.99828736632,93.2604623921919,137.798327332303));
#9749=CARTESIAN_POINT('Ctrl Pts',(-116.317475026543,93.2195173700334,137.777572630433));
#9750=CARTESIAN_POINT('Ctrl Pts',(-116.470660560158,93.1690139245254,137.772840926924));
#9751=CARTESIAN_POINT('Ctrl Pts',(-116.750930218798,93.0122052516476,137.775817465583));
#9752=CARTESIAN_POINT('Ctrl Pts',(-116.874732929107,92.9072682638501,137.783573210124));
#9753=CARTESIAN_POINT('Ctrl Pts',(-117.076765885599,92.6553114721542,137.809617293408));
#9754=CARTESIAN_POINT('Ctrl Pts',(-117.152425190221,92.5104156308904,137.827731499722));
#9755=CARTESIAN_POINT('Ctrl Pts',(-117.243753208653,92.2025592980303,137.868751913967));
#9756=CARTESIAN_POINT('Ctrl Pts',(-117.259407230811,92.0424015336487,137.891228902786));
#9757=CARTESIAN_POINT('Ctrl Pts',(-117.230481567726,91.732841570577,137.933106968029));
#9758=CARTESIAN_POINT('Ctrl Pts',(-117.189042930369,91.5854954873123,137.952285643533));
#9759=CARTESIAN_POINT('Ctrl Pts',(-117.050968136532,91.3043552441501,137.983534164858));
#9760=CARTESIAN_POINT('Ctrl Pts',(-116.952506794674,91.1745127196259,137.994768615917));
#9761=CARTESIAN_POINT('Ctrl Pts',(-116.801484092983,91.0399175120828,137.999515904539));
#9762=CARTESIAN_POINT('Ctrl Pts',(-116.770023885117,91.0145075082708,138.));
#9763=CARTESIAN_POINT('Ctrl Pts',(-116.7374017247,90.9906741376496,138.));
#9764=CARTESIAN_POINT('Ctrl Pts',(-114.75,91.9999999999998,138.));
#9765=CARTESIAN_POINT('Ctrl Pts',(-114.75,92.1576647159288,138.));
#9766=CARTESIAN_POINT('Ctrl Pts',(-114.781645786212,92.3253883197704,137.991795751224));
#9767=CARTESIAN_POINT('Ctrl Pts',(-114.885789509904,92.5762442464441,137.96763844864));
#9768=CARTESIAN_POINT('Ctrl Pts',(-114.938495848466,92.6679944646209,137.95587157787));
#9769=CARTESIAN_POINT('Ctrl Pts',(-115.,92.7499999999997,137.943429983321));
#9770=CARTESIAN_POINT('',(-114.75,91.9999999999998,141.));
#9771=CARTESIAN_POINT('Origin',(-116.,91.9999999999998,141.));
#9772=CARTESIAN_POINT('Origin',(47.9999999999998,91.9999999999997,141.));
#9773=CARTESIAN_POINT('',(46.7499999999998,92.,138.));
#9774=CARTESIAN_POINT('',(49.2499999999998,92.,138.));
#9775=CARTESIAN_POINT('Origin',(47.9999999999998,91.9999999999997,138.));
#9776=CARTESIAN_POINT('Ctrl Pts',(49.2499999999998,91.9999999999997,138.));
#9777=CARTESIAN_POINT('Ctrl Pts',(49.2499999999998,92.1576647159288,138.));
#9778=CARTESIAN_POINT('Ctrl Pts',(49.2183542137874,92.3253883197704,137.991795751224));
#9779=CARTESIAN_POINT('Ctrl Pts',(49.0905765741339,92.6331723807523,137.962156297254));
#9780=CARTESIAN_POINT('Ctrl Pts',(48.9944809191267,92.7732860338392,137.941118808347));
#9781=CARTESIAN_POINT('Ctrl Pts',(48.7732705681839,92.994496384782,137.901388256454));
#9782=CARTESIAN_POINT('Ctrl Pts',(48.6331633562878,93.0905799813949,137.880055972237));
#9783=CARTESIAN_POINT('Ctrl Pts',(48.3254021350129,93.2183488176122,137.849735793321));
#9784=CARTESIAN_POINT('Ctrl Pts',(48.1576867633478,93.2499999999997,137.841229182759));
#9785=CARTESIAN_POINT('Ctrl Pts',(47.9999999999998,93.2499999999997,137.841229182759));
#9786=CARTESIAN_POINT('Ctrl Pts',(47.8423132366518,93.2499999999997,137.841229182759));
#9787=CARTESIAN_POINT('Ctrl Pts',(47.6745978649866,93.2183488176122,137.849735793321));
#9788=CARTESIAN_POINT('Ctrl Pts',(47.3668366437117,93.0905799813949,137.880055972237));
#9789=CARTESIAN_POINT('Ctrl Pts',(47.2267294318157,92.994496384782,137.901388256454));
#9790=CARTESIAN_POINT('Ctrl Pts',(47.0055190808728,92.7732860338392,137.941118808347));
#9791=CARTESIAN_POINT('Ctrl Pts',(46.9094234258657,92.6331723807523,137.962156297254));
#9792=CARTESIAN_POINT('Ctrl Pts',(46.7816457862122,92.3253883197704,137.991795751224));
#9793=CARTESIAN_POINT('Ctrl Pts',(46.7499999999998,92.1576647159288,138.));
#9794=CARTESIAN_POINT('Ctrl Pts',(46.7499999999998,91.9999999999997,138.));
#9795=CARTESIAN_POINT('',(49.2499999999998,91.9999999999997,141.));
#9796=CARTESIAN_POINT('Origin',(47.9999999999998,91.9999999999997,141.));
#9797=CARTESIAN_POINT('Origin',(47.9999999999997,-91.0000000000001,141.));
#9798=CARTESIAN_POINT('',(48.7499999999998,-92.,138.));
#9799=CARTESIAN_POINT('',(47.2499999999997,-92.,138.));
#9800=CARTESIAN_POINT('Origin',(47.9999999999997,-91.0000000000001,138.));
#9801=CARTESIAN_POINT('Ctrl Pts',(47.2499999999997,-92.,138.));
#9802=CARTESIAN_POINT('Ctrl Pts',(47.3321954575959,-92.0616465931972,138.));
#9803=CARTESIAN_POINT('Ctrl Pts',(47.4240864337761,-92.1143807868584,137.998853523349));
#9804=CARTESIAN_POINT('Ctrl Pts',(47.6751902744924,-92.2185417948157,137.995631226099));
#9805=CARTESIAN_POINT('Ctrl Pts',(47.8428117490923,-92.2500000000001,137.99374608886));
#9806=CARTESIAN_POINT('Ctrl Pts',(47.9999999999997,-92.2500000000001,137.99374608886));
#9807=CARTESIAN_POINT('Ctrl Pts',(48.1571882509071,-92.2500000000001,137.99374608886));
#9808=CARTESIAN_POINT('Ctrl Pts',(48.3248097255071,-92.2185417948157,137.995631226099));
#9809=CARTESIAN_POINT('Ctrl Pts',(48.5759135662233,-92.1143807868584,137.998853523349));
#9810=CARTESIAN_POINT('Ctrl Pts',(48.6678045424036,-92.0616465931972,138.));
#9811=CARTESIAN_POINT('Ctrl Pts',(48.7499999999998,-92.,138.));
#9812=CARTESIAN_POINT('',(49.2499999999997,-91.0000000000001,141.));
#9813=CARTESIAN_POINT('Origin',(47.9999999999997,-91.0000000000001,141.));
#9814=CARTESIAN_POINT('Ctrl Pts',(-115.,-92.,138.));
#9815=CARTESIAN_POINT('Ctrl Pts',(-117.,-92.,138.));
#9816=CARTESIAN_POINT('Ctrl Pts',(-117.,-90.,138.));
#9817=CARTESIAN_POINT('Ctrl Pts',(-115.,-97.,138.));
#9818=CARTESIAN_POINT('Ctrl Pts',(-122.,-97.,138.));
#9819=CARTESIAN_POINT('Ctrl Pts',(-122.,-90.,138.));
#9820=CARTESIAN_POINT('Ctrl Pts',(-115.,-97.,133.));
#9821=CARTESIAN_POINT('Ctrl Pts',(-122.,-97.,133.));
#9822=CARTESIAN_POINT('Ctrl Pts',(-122.,-90.,133.));
#9823=CARTESIAN_POINT('',(-115.,-92.,138.));
#9824=CARTESIAN_POINT('Origin',(-115.,-90.,138.));
#9825=CARTESIAN_POINT('Origin',(-115.,-92.,133.));
#9826=CARTESIAN_POINT('Origin',(-115.,-90.,133.));
#9827=CARTESIAN_POINT('',(-117.,-90.,138.));
#9828=CARTESIAN_POINT('Origin',(-117.,-90.,133.));
#9829=CARTESIAN_POINT('Origin',(-115.,-90.,138.));
#9830=CARTESIAN_POINT('Ctrl Pts',(-117.,90.,138.));
#9831=CARTESIAN_POINT('Ctrl Pts',(-117.,92.,138.));
#9832=CARTESIAN_POINT('Ctrl Pts',(-115.,92.,138.));
#9833=CARTESIAN_POINT('Ctrl Pts',(-122.,90.,138.));
#9834=CARTESIAN_POINT('Ctrl Pts',(-122.,97.,138.));
#9835=CARTESIAN_POINT('Ctrl Pts',(-115.,97.,138.));
#9836=CARTESIAN_POINT('Ctrl Pts',(-122.,90.,133.));
#9837=CARTESIAN_POINT('Ctrl Pts',(-122.,97.,133.));
#9838=CARTESIAN_POINT('Ctrl Pts',(-115.,97.,133.));
#9839=CARTESIAN_POINT('',(-117.,90.,138.));
#9840=CARTESIAN_POINT('Origin',(-115.,90.,138.));
#9841=CARTESIAN_POINT('Origin',(-117.,90.,133.));
#9842=CARTESIAN_POINT('',(-115.,97.,133.));
#9843=CARTESIAN_POINT('Origin',(-115.,90.,133.));
#9844=CARTESIAN_POINT('Origin',(-115.,92.,133.));
#9845=CARTESIAN_POINT('Origin',(-57.5,-92.,133.));
#9846=CARTESIAN_POINT('',(115.,-92.,138.));
#9847=CARTESIAN_POINT('',(-57.5,-92.,138.));
#9848=CARTESIAN_POINT('Origin',(115.,-92.,133.));
#9849=CARTESIAN_POINT('',(-57.5,-92.,138.));
#9850=CARTESIAN_POINT('Origin',(76.6,-45.,138.));
#9851=CARTESIAN_POINT('',(75.2,-45.,132.));
#9852=CARTESIAN_POINT('Origin',(76.6,-45.,132.));
#9853=CARTESIAN_POINT('',(75.2,-45.,138.));
#9854=CARTESIAN_POINT('Origin',(76.6,-45.,138.));
#9855=CARTESIAN_POINT('Origin',(76.6,-45.,138.));
#9856=CARTESIAN_POINT('',(71.6,-45.,132.));
#9857=CARTESIAN_POINT('Origin',(76.6,-45.,132.));
#9858=CARTESIAN_POINT('',(71.6,-45.,138.));
#9859=CARTESIAN_POINT('Origin',(76.6,-45.,138.));
#9860=CARTESIAN_POINT('Origin',(76.6,-45.,132.));
#9861=CARTESIAN_POINT('Origin',(101.5,-73.3,138.));
#9862=CARTESIAN_POINT('',(100.1,-73.3,132.));
#9863=CARTESIAN_POINT('Origin',(101.5,-73.3,132.));
#9864=CARTESIAN_POINT('',(100.1,-73.3,138.));
#9865=CARTESIAN_POINT('Origin',(101.5,-73.3,138.));
#9866=CARTESIAN_POINT('Origin',(101.5,-73.3,138.));
#9867=CARTESIAN_POINT('',(96.5,-73.3,132.));
#9868=CARTESIAN_POINT('Origin',(101.5,-73.3,132.));
#9869=CARTESIAN_POINT('',(96.5,-73.3,138.));
#9870=CARTESIAN_POINT('Origin',(101.5,-73.3,138.));
#9871=CARTESIAN_POINT('Origin',(101.5,-73.3,132.));
#9872=CARTESIAN_POINT('Origin',(-1.47496446517867E-014,-1.47496446517867E-014,
138.));
#9873=CARTESIAN_POINT('',(-117.,45.,138.));
#9874=CARTESIAN_POINT('',(57.5,92.,138.));
#9875=CARTESIAN_POINT('',(115.,92.,138.));
#9876=CARTESIAN_POINT('',(57.5,92.,138.));
#9877=CARTESIAN_POINT('',(117.,90.,138.));
#9878=CARTESIAN_POINT('Origin',(115.,90.,138.));
#9879=CARTESIAN_POINT('',(117.,-90.,138.));
#9880=CARTESIAN_POINT('',(117.,-45.,138.));
#9881=CARTESIAN_POINT('Origin',(115.,-90.,138.));
#9882=CARTESIAN_POINT('',(50.,80.,138.));
#9883=CARTESIAN_POINT('',(40.,90.,138.));
#9884=CARTESIAN_POINT('Origin',(40.,80.,138.));
#9885=CARTESIAN_POINT('',(-105.,90.,138.));
#9886=CARTESIAN_POINT('',(20.,90.,138.));
#9887=CARTESIAN_POINT('',(-115.,80.,138.));
#9888=CARTESIAN_POINT('Origin',(-105.,80.,138.));
#9889=CARTESIAN_POINT('',(-115.,-80.0000000000001,138.));
#9890=CARTESIAN_POINT('',(-115.,40.,138.));
#9891=CARTESIAN_POINT('',(-105.,-90.0000000000001,138.));
#9892=CARTESIAN_POINT('Origin',(-105.,-80.0000000000001,138.));
#9893=CARTESIAN_POINT('',(40.,-90.,138.));
#9894=CARTESIAN_POINT('',(-52.5,-90.,138.));
#9895=CARTESIAN_POINT('',(50.,-80.,138.));
#9896=CARTESIAN_POINT('Origin',(40.,-80.,138.));
#9897=CARTESIAN_POINT('',(50.,-40.,138.));
#9898=CARTESIAN_POINT('',(70.,80.,138.));
#9899=CARTESIAN_POINT('',(70.,-20.,138.));
#9900=CARTESIAN_POINT('',(70.,-10.,138.));
#9901=CARTESIAN_POINT('',(108.,-20.,138.));
#9902=CARTESIAN_POINT('',(54.,-20.,138.));
#9903=CARTESIAN_POINT('',(108.,80.,138.));
#9904=CARTESIAN_POINT('',(108.,40.,138.));
#9905=CARTESIAN_POINT('',(35.,80.,138.));
#9906=CARTESIAN_POINT('Origin',(-1.47496446517867E-014,-1.47496446517867E-014,
138.));
#9907=CARTESIAN_POINT('Origin',(115.,90.,2.));
#9908=CARTESIAN_POINT('',(115.,100.,2.));
#9909=CARTESIAN_POINT('Origin',(115.,98.,2.));
#9910=CARTESIAN_POINT('',(125.,90.,2.));
#9911=CARTESIAN_POINT('Origin',(115.,90.,2.));
#9912=CARTESIAN_POINT('Origin',(123.,90.,2.));
#9913=CARTESIAN_POINT('Origin',(123.,-45.,2.));
#9914=CARTESIAN_POINT('',(125.,-90.,2.));
#9915=CARTESIAN_POINT('Origin',(123.,-90.,2.));
#9916=CARTESIAN_POINT('',(125.,-45.,2.));
#9917=CARTESIAN_POINT('Origin',(115.,-90.,2.));
#9918=CARTESIAN_POINT('',(115.,-100.,2.));
#9919=CARTESIAN_POINT('Origin',(115.,-98.,2.));
#9920=CARTESIAN_POINT('Origin',(115.,-90.,2.));
#9921=CARTESIAN_POINT('Origin',(-57.5,-98.,2.));
#9922=CARTESIAN_POINT('',(-115.,-100.,2.));
#9923=CARTESIAN_POINT('Origin',(-115.,-98.,2.));
#9924=CARTESIAN_POINT('',(-57.5,-100.,2.));
#9925=CARTESIAN_POINT('Origin',(-115.,-90.,2.));
#9926=CARTESIAN_POINT('Origin',(-115.,-90.,2.));
#9927=CARTESIAN_POINT('Origin',(-115.,90.,2.));
#9928=CARTESIAN_POINT('',(-115.,100.,2.));
#9929=CARTESIAN_POINT('Origin',(-115.,98.,2.));
#9930=CARTESIAN_POINT('Origin',(-115.,90.,2.));
#9931=CARTESIAN_POINT('Origin',(57.5,98.,2.));
#9932=CARTESIAN_POINT('',(57.5,100.,2.));
#9933=CARTESIAN_POINT('Origin',(-115.,-100.,0.));
#9934=CARTESIAN_POINT('',(115.,-100.,139.));
#9935=CARTESIAN_POINT('',(115.,-100.,0.));
#9936=CARTESIAN_POINT('',(-115.,-100.,139.));
#9937=CARTESIAN_POINT('',(-57.5,-100.,139.));
#9938=CARTESIAN_POINT('',(-115.,-100.,0.));
#9939=CARTESIAN_POINT('',(-80.,-100.,121.));
#9940=CARTESIAN_POINT('Origin',(-95.,-100.,121.));
#9941=CARTESIAN_POINT('',(85.,-100.,70.5));
#9942=CARTESIAN_POINT('Origin',(70.,-100.,70.5));
#9943=CARTESIAN_POINT('Origin',(115.,-90.,0.));
#9944=CARTESIAN_POINT('',(125.,-90.,139.));
#9945=CARTESIAN_POINT('',(125.,-90.,0.));
#9946=CARTESIAN_POINT('Origin',(115.,-90.,139.));
#9947=CARTESIAN_POINT('Origin',(125.,-90.,0.));
#9948=CARTESIAN_POINT('',(125.,90.,139.));
#9949=CARTESIAN_POINT('',(125.,90.,0.));
#9950=CARTESIAN_POINT('',(125.,-45.,139.));
#9951=CARTESIAN_POINT('Origin',(115.,90.,0.));
#9952=CARTESIAN_POINT('',(115.,100.,139.));
#9953=CARTESIAN_POINT('',(115.,100.,0.));
#9954=CARTESIAN_POINT('Origin',(115.,90.,139.));
#9955=CARTESIAN_POINT('Origin',(-115.,90.,139.));
#9956=CARTESIAN_POINT('',(-115.,98.,141.));
#9957=CARTESIAN_POINT('',(-115.,100.,139.));
#9958=CARTESIAN_POINT('Origin',(-115.,98.,139.));
#9959=CARTESIAN_POINT('',(-125.,90.,139.));
#9960=CARTESIAN_POINT('Origin',(-115.,90.,139.));
#9961=CARTESIAN_POINT('',(-123.,90.,141.));
#9962=CARTESIAN_POINT('Origin',(-123.,90.,139.));
#9963=CARTESIAN_POINT('Origin',(-115.,90.,141.));
#9964=CARTESIAN_POINT('Origin',(-123.,45.,139.));
#9965=CARTESIAN_POINT('',(-125.,-90.,139.));
#9966=CARTESIAN_POINT('',(-123.,-90.,141.));
#9967=CARTESIAN_POINT('Origin',(-123.,-90.,139.));
#9968=CARTESIAN_POINT('',(-123.,45.,141.));
#9969=CARTESIAN_POINT('',(-125.,45.,139.));
#9970=CARTESIAN_POINT('Origin',(-115.,-90.,139.));
#9971=CARTESIAN_POINT('',(-115.,-98.,141.));
#9972=CARTESIAN_POINT('Origin',(-115.,-98.,139.));
#9973=CARTESIAN_POINT('Origin',(-115.,-90.,141.));
#9974=CARTESIAN_POINT('Origin',(-115.,-90.,139.));
#9975=CARTESIAN_POINT('Origin',(-57.5,-98.,139.));
#9976=CARTESIAN_POINT('',(115.,-98.,141.));
#9977=CARTESIAN_POINT('Origin',(115.,-98.,139.));
#9978=CARTESIAN_POINT('',(-57.5,-98.,141.));
#9979=CARTESIAN_POINT('Origin',(115.,-90.,139.));
#9980=CARTESIAN_POINT('',(123.,-90.,141.));
#9981=CARTESIAN_POINT('Origin',(123.,-90.,139.));
#9982=CARTESIAN_POINT('Origin',(115.,-90.,141.));
#9983=CARTESIAN_POINT('Origin',(123.,-45.,139.));
#9984=CARTESIAN_POINT('',(123.,90.,141.));
#9985=CARTESIAN_POINT('Origin',(123.,90.,139.));
#9986=CARTESIAN_POINT('',(123.,-45.,141.));
#9987=CARTESIAN_POINT('Origin',(115.,90.,139.));
#9988=CARTESIAN_POINT('',(115.,98.,141.));
#9989=CARTESIAN_POINT('Origin',(115.,98.,139.));
#9990=CARTESIAN_POINT('Origin',(115.,90.,141.));
#9991=CARTESIAN_POINT('Origin',(57.5,98.,139.));
#9992=CARTESIAN_POINT('',(57.5,98.,141.));
#9993=CARTESIAN_POINT('',(57.5,100.,139.));
#9994=CARTESIAN_POINT('Origin',(-115.,-90.,0.));
#9995=CARTESIAN_POINT('',(-125.,-90.,0.));
#9996=CARTESIAN_POINT('Origin',(-125.,90.,0.));
#9997=CARTESIAN_POINT('',(-125.,90.,0.));
#9998=CARTESIAN_POINT('Origin',(-115.,90.,0.));
#9999=CARTESIAN_POINT('',(-115.,100.,0.));
#10000=CARTESIAN_POINT('Origin',(-1.47496446517867E-014,-1.47496446517867E-014,
141.));
#10001=CARTESIAN_POINT('',(40.,90.,141.));
#10002=CARTESIAN_POINT('',(50.,80.,141.));
#10003=CARTESIAN_POINT('Origin',(40.,80.,141.));
#10004=CARTESIAN_POINT('',(50.,-80.,141.));
#10005=CARTESIAN_POINT('',(50.,-40.,141.));
#10006=CARTESIAN_POINT('',(40.,-90.,141.));
#10007=CARTESIAN_POINT('Origin',(40.,-80.,141.));
#10008=CARTESIAN_POINT('',(-105.,-90.0000000000001,141.));
#10009=CARTESIAN_POINT('',(-52.5,-90.,141.));
#10010=CARTESIAN_POINT('',(-115.,-80.0000000000001,141.));
#10011=CARTESIAN_POINT('Origin',(-105.,-80.0000000000001,141.));
#10012=CARTESIAN_POINT('',(-115.,80.,141.));
#10013=CARTESIAN_POINT('',(-115.,40.,141.));
#10014=CARTESIAN_POINT('',(-105.,90.,141.));
#10015=CARTESIAN_POINT('Origin',(-105.,80.,141.));
#10016=CARTESIAN_POINT('',(20.,90.,141.));
#10017=CARTESIAN_POINT('',(70.,-20.,141.));
#10018=CARTESIAN_POINT('',(70.,80.,141.));
#10019=CARTESIAN_POINT('',(70.,-10.,141.));
#10020=CARTESIAN_POINT('',(108.,80.,141.));
#10021=CARTESIAN_POINT('',(35.,80.,141.));
#10022=CARTESIAN_POINT('',(108.,-20.,141.));
#10023=CARTESIAN_POINT('',(108.,40.,141.));
#10024=CARTESIAN_POINT('',(54.,-20.,141.));
#10025=CARTESIAN_POINT('Ctrl Pts',(115.,92.,138.));
#10026=CARTESIAN_POINT('Ctrl Pts',(117.,92.,138.));
#10027=CARTESIAN_POINT('Ctrl Pts',(117.,90.,138.));
#10028=CARTESIAN_POINT('Ctrl Pts',(115.,97.,138.));
#10029=CARTESIAN_POINT('Ctrl Pts',(122.,97.,138.));
#10030=CARTESIAN_POINT('Ctrl Pts',(122.,90.,138.));
#10031=CARTESIAN_POINT('Ctrl Pts',(115.,97.,133.));
#10032=CARTESIAN_POINT('Ctrl Pts',(122.,97.,133.));
#10033=CARTESIAN_POINT('Ctrl Pts',(122.,90.,133.));
#10034=CARTESIAN_POINT('',(115.,97.,133.));
#10035=CARTESIAN_POINT('Origin',(115.,92.,133.));
#10036=CARTESIAN_POINT('',(122.,90.,133.));
#10037=CARTESIAN_POINT('Origin',(115.,90.,133.));
#10038=CARTESIAN_POINT('Origin',(117.,90.,133.));
#10039=CARTESIAN_POINT('Origin',(117.,-45.,133.));
#10040=CARTESIAN_POINT('',(122.,-90.,133.));
#10041=CARTESIAN_POINT('Origin',(117.,-90.,133.));
#10042=CARTESIAN_POINT('',(122.,-45.,133.));
#10043=CARTESIAN_POINT('Ctrl Pts',(117.,-90.,138.));
#10044=CARTESIAN_POINT('Ctrl Pts',(117.,-92.,138.));
#10045=CARTESIAN_POINT('Ctrl Pts',(115.,-92.,138.));
#10046=CARTESIAN_POINT('Ctrl Pts',(122.,-90.,138.));
#10047=CARTESIAN_POINT('Ctrl Pts',(122.,-97.,138.));
#10048=CARTESIAN_POINT('Ctrl Pts',(115.,-97.,138.));
#10049=CARTESIAN_POINT('Ctrl Pts',(122.,-90.,133.));
#10050=CARTESIAN_POINT('Ctrl Pts',(122.,-97.,133.));
#10051=CARTESIAN_POINT('Ctrl Pts',(115.,-97.,133.));
#10052=CARTESIAN_POINT('Origin',(115.,-90.,133.));
#10053=CARTESIAN_POINT('Origin',(-117.,45.,133.));
#10054=CARTESIAN_POINT('Origin',(57.5,92.,133.));
#10055=CARTESIAN_POINT('',(57.5,97.,133.));
#10056=CARTESIAN_POINT('Origin',(115.,-90.,3.));
#10057=CARTESIAN_POINT('',(122.,-90.,8.));
#10058=CARTESIAN_POINT('',(122.,-90.,3.));
#10059=CARTESIAN_POINT('Origin',(115.,-90.,8.));
#10060=CARTESIAN_POINT('Origin',(122.,-90.,3.));
#10061=CARTESIAN_POINT('',(122.,90.,8.));
#10062=CARTESIAN_POINT('',(122.,90.,3.));
#10063=CARTESIAN_POINT('',(122.,-45.,8.));
#10064=CARTESIAN_POINT('Origin',(115.,90.,3.));
#10065=CARTESIAN_POINT('',(115.,97.,8.));
#10066=CARTESIAN_POINT('',(115.,97.,3.));
#10067=CARTESIAN_POINT('Origin',(115.,90.,8.));
#10068=CARTESIAN_POINT('Origin',(-1.47496446517867E-014,-1.47496446517867E-014,
138.));
#10069=CARTESIAN_POINT('Ctrl Pts',(-117.,-90.,3.));
#10070=CARTESIAN_POINT('Ctrl Pts',(-117.,-92.,3.));
#10071=CARTESIAN_POINT('Ctrl Pts',(-115.,-92.,3.));
#10072=CARTESIAN_POINT('Ctrl Pts',(-122.,-90.,3.));
#10073=CARTESIAN_POINT('Ctrl Pts',(-122.,-97.,3.));
#10074=CARTESIAN_POINT('Ctrl Pts',(-115.,-97.,3.));
#10075=CARTESIAN_POINT('Ctrl Pts',(-122.,-90.,8.));
#10076=CARTESIAN_POINT('Ctrl Pts',(-122.,-97.,8.));
#10077=CARTESIAN_POINT('Ctrl Pts',(-115.,-97.,8.));
#10078=CARTESIAN_POINT('Origin',(-115.,-90.,8.));
#10079=CARTESIAN_POINT('Origin',(-115.,-92.,8.));
#10080=CARTESIAN_POINT('Origin',(-57.5,-92.,8.));
#10081=CARTESIAN_POINT('Origin',(115.,-92.,8.));
#10082=CARTESIAN_POINT('Ctrl Pts',(115.,-92.,3.));
#10083=CARTESIAN_POINT('Ctrl Pts',(117.,-92.,3.));
#10084=CARTESIAN_POINT('Ctrl Pts',(117.,-90.,3.));
#10085=CARTESIAN_POINT('Ctrl Pts',(115.,-97.,2.99999999999998));
#10086=CARTESIAN_POINT('Ctrl Pts',(122.,-97.,2.99999999999998));
#10087=CARTESIAN_POINT('Ctrl Pts',(122.,-90.,2.99999999999998));
#10088=CARTESIAN_POINT('Ctrl Pts',(115.,-97.,8.));
#10089=CARTESIAN_POINT('Ctrl Pts',(122.,-97.,8.));
#10090=CARTESIAN_POINT('Ctrl Pts',(122.,-90.,8.));
#10091=CARTESIAN_POINT('Origin',(117.,-90.,8.));
#10092=CARTESIAN_POINT('Origin',(117.,-45.,8.));
#10093=CARTESIAN_POINT('Origin',(117.,90.,8.));
#10094=CARTESIAN_POINT('Ctrl Pts',(117.,90.,3.));
#10095=CARTESIAN_POINT('Ctrl Pts',(117.,92.,3.));
#10096=CARTESIAN_POINT('Ctrl Pts',(115.,92.,3.));
#10097=CARTESIAN_POINT('Ctrl Pts',(122.,90.,2.99999999999998));
#10098=CARTESIAN_POINT('Ctrl Pts',(122.,97.,2.99999999999998));
#10099=CARTESIAN_POINT('Ctrl Pts',(115.,97.,2.99999999999998));
#10100=CARTESIAN_POINT('Ctrl Pts',(122.,90.,8.));
#10101=CARTESIAN_POINT('Ctrl Pts',(122.,97.,8.));
#10102=CARTESIAN_POINT('Ctrl Pts',(115.,97.,8.));
#10103=CARTESIAN_POINT('Origin',(115.,92.,8.));
#10104=CARTESIAN_POINT('Origin',(57.5,92.,8.));
#10105=CARTESIAN_POINT('',(-115.,97.,8.));
#10106=CARTESIAN_POINT('Origin',(-115.,92.,8.));
#10107=CARTESIAN_POINT('',(57.5,97.,8.));
#10108=CARTESIAN_POINT('Ctrl Pts',(-115.,92.,3.));
#10109=CARTESIAN_POINT('Ctrl Pts',(-117.,92.,3.));
#10110=CARTESIAN_POINT('Ctrl Pts',(-117.,90.,3.));
#10111=CARTESIAN_POINT('Ctrl Pts',(-115.,97.,2.99999999999998));
#10112=CARTESIAN_POINT('Ctrl Pts',(-122.,97.,2.99999999999998));
#10113=CARTESIAN_POINT('Ctrl Pts',(-122.,90.,2.99999999999998));
#10114=CARTESIAN_POINT('Ctrl Pts',(-115.,97.,8.));
#10115=CARTESIAN_POINT('Ctrl Pts',(-122.,97.,8.));
#10116=CARTESIAN_POINT('Ctrl Pts',(-122.,90.,8.));
#10117=CARTESIAN_POINT('Origin',(-115.,90.,8.));
#10118=CARTESIAN_POINT('Origin',(-117.,45.,8.));
#10119=CARTESIAN_POINT('Origin',(-115.,-90.,3.));
#10120=CARTESIAN_POINT('Origin',(108.,80.,141.));
#10121=CARTESIAN_POINT('',(108.,-20.,141.));
#10122=CARTESIAN_POINT('',(108.,80.,141.));
#10123=CARTESIAN_POINT('Origin',(70.,80.,141.));
#10124=CARTESIAN_POINT('',(70.,80.,141.));
#10125=CARTESIAN_POINT('Origin',(70.,-20.,141.));
#10126=CARTESIAN_POINT('',(70.,-20.,141.));
#10127=CARTESIAN_POINT('Origin',(108.,-20.,141.));
#10128=CARTESIAN_POINT('Origin',(70.,-105.,70.5));
#10129=CARTESIAN_POINT('',(80.,-105.,70.5));
#10130=CARTESIAN_POINT('Origin',(70.,-105.,70.5));
#10131=CARTESIAN_POINT('Origin',(-95.,-105.,121.));
#10132=CARTESIAN_POINT('',(-85.,-105.,121.));
#10133=CARTESIAN_POINT('Origin',(-95.,-105.,121.));
#10134=CARTESIAN_POINT('Origin',(-95.,-105.,121.));
#10135=CARTESIAN_POINT('Origin',(70.,-105.,70.5));
#10136=CARTESIAN_POINT('Origin',(40.,80.,138.));
#10137=CARTESIAN_POINT('',(50.,80.,138.));
#10138=CARTESIAN_POINT('',(40.,90.,138.));
#10139=CARTESIAN_POINT('Origin',(50.,-80.,138.));
#10140=CARTESIAN_POINT('',(50.,-80.,138.));
#10141=CARTESIAN_POINT('Origin',(40.,-80.,138.));
#10142=CARTESIAN_POINT('',(40.,-90.,138.));
#10143=CARTESIAN_POINT('Origin',(-105.,-90.0000000000001,138.));
#10144=CARTESIAN_POINT('',(-105.,-90.0000000000001,138.));
#10145=CARTESIAN_POINT('Origin',(-105.,-80.0000000000001,138.));
#10146=CARTESIAN_POINT('',(-115.,-80.0000000000001,138.));
#10147=CARTESIAN_POINT('Origin',(-115.,80.,138.));
#10148=CARTESIAN_POINT('',(-115.,80.,138.));
#10149=CARTESIAN_POINT('Origin',(-105.,80.,138.));
#10150=CARTESIAN_POINT('',(-105.,90.,138.));
#10151=CARTESIAN_POINT('Origin',(40.,90.,138.));
#10152=CARTESIAN_POINT('Origin',(-115.,90.,3.));
#10153=CARTESIAN_POINT('',(-115.,97.,3.));
#10154=CARTESIAN_POINT('Origin',(115.,97.,3.));
#10155=CARTESIAN_POINT('Origin',(20.,70.,0.));
#10156=CARTESIAN_POINT('',(30.,70.,0.));
#10157=CARTESIAN_POINT('',(20.,80.,0.));
#10158=CARTESIAN_POINT('Origin',(30.,-70.,0.));
#10159=CARTESIAN_POINT('',(30.,-70.,0.));
#10160=CARTESIAN_POINT('Origin',(20.,-70.,0.));
#10161=CARTESIAN_POINT('',(20.,-80.,0.));
#10162=CARTESIAN_POINT('Origin',(-90.,-80.,0.));
#10163=CARTESIAN_POINT('',(-90.,-80.,0.));
#10164=CARTESIAN_POINT('Origin',(-90.,-70.,0.));
#10165=CARTESIAN_POINT('',(-100.,-70.,0.));
#10166=CARTESIAN_POINT('Origin',(-100.,70.,0.));
#10167=CARTESIAN_POINT('',(-100.,70.,0.));
#10168=CARTESIAN_POINT('Origin',(-90.,70.,0.));
#10169=CARTESIAN_POINT('',(-90.,80.,0.));
#10170=CARTESIAN_POINT('Origin',(20.,80.,0.));
#10171=CARTESIAN_POINT('Origin',(115.,100.,0.));
#10172=UNCERTAINTY_MEASURE_WITH_UNIT(LENGTH_MEASURE(0.01),#10176,
'DISTANCE_ACCURACY_VALUE',
'Maximum model space distance between geometric entities at asserted c
onnectivities');
#10173=UNCERTAINTY_MEASURE_WITH_UNIT(LENGTH_MEASURE(1.E-006),#10176,
'DISTANCE_ACCURACY_VALUE',
'Maximum model space distance between geometric entities at asserted c
onnectivities');
#10174=(
GEOMETRIC_REPRESENTATION_CONTEXT(3)
GLOBAL_UNCERTAINTY_ASSIGNED_CONTEXT((#10172))
GLOBAL_UNIT_ASSIGNED_CONTEXT((#10176,#10179,#10177))
REPRESENTATION_CONTEXT('','3D')
);
#10175=(
GEOMETRIC_REPRESENTATION_CONTEXT(3)
GLOBAL_UNCERTAINTY_ASSIGNED_CONTEXT((#10173))
GLOBAL_UNIT_ASSIGNED_CONTEXT((#10176,#10179,#10177))
REPRESENTATION_CONTEXT('','3D')
);
#10176=(
LENGTH_UNIT()
NAMED_UNIT(*)
SI_UNIT(.MILLI.,.METRE.)
);
#10177=(
NAMED_UNIT(*)
SI_UNIT($,.STERADIAN.)
SOLID_ANGLE_UNIT()
);
#10178=DIMENSIONAL_EXPONENTS(0.,0.,0.,0.,0.,0.,0.);
#10179=(
CONVERSION_BASED_UNIT('degree',#10181)
NAMED_UNIT(#10178)
PLANE_ANGLE_UNIT()
);
#10180=(
NAMED_UNIT(*)
PLANE_ANGLE_UNIT()
SI_UNIT($,.RADIAN.)
);
#10181=PLANE_ANGLE_MEASURE_WITH_UNIT(PLANE_ANGLE_MEASURE(0.01745329252),
#10180);
#10182=SHAPE_DEFINITION_REPRESENTATION(#10183,#10184);
#10183=PRODUCT_DEFINITION_SHAPE('',$,#10186);
#10184=SHAPE_REPRESENTATION('',(#5578),#10174);
#10185=PRODUCT_DEFINITION_CONTEXT('part definition',#10190,'design');
#10186=PRODUCT_DEFINITION('Gehaeuse','Gehaeuse',#10187,#10185);
#10187=PRODUCT_DEFINITION_FORMATION('',$,#10192);
#10188=PRODUCT_RELATED_PRODUCT_CATEGORY('Gehaeuse','Gehaeuse',(#10192));
#10189=APPLICATION_PROTOCOL_DEFINITION('international standard',
'automotive_design',2009,#10190);
#10190=APPLICATION_CONTEXT(
'Core Data for Automotive Mechanical Design Process');
#10191=PRODUCT_CONTEXT('part definition',#10190,'mechanical');
#10192=PRODUCT('Gehaeuse','Gehaeuse',$,(#10191));
#10193=PRESENTATION_STYLE_ASSIGNMENT((#10194));
#10194=SURFACE_STYLE_USAGE(.BOTH.,#10195);
#10195=SURFACE_SIDE_STYLE($,(#10196));
#10196=SURFACE_STYLE_FILL_AREA(#10197);
#10197=FILL_AREA_STYLE($,(#10198));
#10198=FILL_AREA_STYLE_COLOUR($,#10199);
#10199=COLOUR_RGB('',0.,0.6,0.8);
ENDSEC;
END-ISO-10303-21;
