ISO-10303-21;
HEADER;
/* Generated by software containing ST-Developer
 * from STEP Tools, Inc. (www.steptools.com) 
 */

FILE_DESCRIPTION(
/* description */ (''),
/* implementation_level */ '2;1');

FILE_NAME(
/* name */ 
'C:\\Users\\SvenW\\Documents\\inventor\\B-Automaten\\Export_B_Automate
n\\ExportGithub\\Sevo_mg996r.stp',
/* time_stamp */ '2026-05-14T07:51:58+02:00',
/* author */ ('SvenW'),
/* organization */ (''),
/* preprocessor_version */ 'ST-DEVELOPER v15.2',
/* originating_system */ 'Autodesk Inventor 2014',
/* authorisation */ '');

FILE_SCHEMA (('AUTOMOTIVE_DESIGN { 1 0 10303 214 3 1 1 }'));
ENDSEC;

DATA;
#10=MECHANICAL_DESIGN_GEOMETRIC_PRESENTATION_REPRESENTATION('',(#80,#81,
#82,#85,#87,#86,#83,#84,#89,#88,#90,#92,#96,#94,#95,#97,#91,#93),#2293);
#11=SHAPE_REPRESENTATION_RELATIONSHIP('SRR','None',#2302,#12);
#12=ADVANCED_BREP_SHAPE_REPRESENTATION($,(#1018),#2292);
#13=B_SPLINE_CURVE_WITH_KNOTS('',3,(#1704,#1705,#1706,#1707,#1708,#1709,
#1710),.UNSPECIFIED.,.F.,.F.,(4,1,1,1,4),(0.,0.897597901025655,1.79519580205131,
2.69279370307697,3.14159265358979),.UNSPECIFIED.);
#14=B_SPLINE_CURVE_WITH_KNOTS('',3,(#1712,#1713,#1714,#1715,#1716,#1717,
#1718,#1719,#1720,#1721,#1722,#1723,#1724,#1725,#1726,#1727,#1728,#1729,
#1730,#1731,#1732,#1733,#1734,#1735,#1736),.UNSPECIFIED.,.F.,.F.,(4,1,1,
1,1,1,1,1,1,1,1,1,1,1,1,1,1,1,1,1,1,1,4),(1.,1.28571428571429,1.42857142857143,
1.57142857142857,1.71428571428571,1.85714285714286,2.,2.14285714285714,
2.28571428571429,2.42857142857143,2.71428571428571,2.85714285714286,3.28571428571429,
3.57142857142857,3.85714285714286,3.92857142857143,4.14285714285714,4.28571428571429,
4.42857142857143,4.57142857142857,4.71428571428571,4.78571428571429,5.),
 .UNSPECIFIED.);
#15=B_SPLINE_CURVE_WITH_KNOTS('',3,(#1739,#1740,#1741,#1742,#1743,#1744,
#1745,#1746,#1747,#1748,#1749,#1750,#1751,#1752,#1753,#1754,#1755,#1756),
 .UNSPECIFIED.,.F.,.F.,(4,1,1,1,1,1,1,1,1,1,1,1,1,1,1,4),(1.,1.28571428571429,
1.57142857142857,1.71428571428571,1.85714285714286,2.14285714285714,2.42857142857143,
2.71428571428571,2.85714285714286,3.28571428571429,3.85714285714286,4.14285714285714,
4.28571428571429,4.42857142857143,4.71428571428571,5.),.UNSPECIFIED.);
#16=B_SPLINE_CURVE_WITH_KNOTS('',3,(#1830,#1831,#1832,#1833),
 .UNSPECIFIED.,.F.,.F.,(4,4),(0.,0.5),.UNSPECIFIED.);
#17=B_SPLINE_CURVE_WITH_KNOTS('',3,(#1836,#1837,#1838,#1839,#1840,#1841,
#1842,#1843,#1844,#1845,#1846,#1847,#1848,#1849,#1850,#1851,#1852,#1853,
#1854,#1855,#1856,#1857,#1858,#1859,#1860,#1861,#1862),.UNSPECIFIED.,.F.,
 .F.,(4,1,1,1,1,1,1,1,1,1,1,1,1,1,1,1,1,1,1,1,1,1,1,1,4),(1.,1.28571428571429,
1.35714285714286,1.42857142857143,1.57142857142857,1.71428571428571,1.85714285714286,
2.,2.14285714285714,2.28571428571429,2.42857142857143,2.71428571428571,
3.,3.28571428571429,3.57142857142857,3.85714285714286,4.,4.14285714285714,
4.28571428571429,4.42857142857143,4.57142857142857,4.71428571428571,4.85714285714286,
4.92857142857143,5.),.UNSPECIFIED.);
#18=B_SPLINE_CURVE_WITH_KNOTS('',3,(#2053,#2054,#2055,#2056,#2057,#2058,
#2059),.UNSPECIFIED.,.F.,.F.,(4,1,1,1,4),(0.,0.897597901025655,1.79519580205131,
2.69279370307697,3.14159265358979),.UNSPECIFIED.);
#19=B_SPLINE_CURVE_WITH_KNOTS('',3,(#2062,#2063,#2064,#2065,#2066,#2067,
#2068,#2069,#2070,#2071,#2072,#2073,#2074,#2075,#2076,#2077,#2078,#2079,
#2080,#2081,#2082,#2083,#2084,#2085,#2086),.UNSPECIFIED.,.F.,.F.,(4,1,1,
1,1,1,1,1,1,1,1,1,1,1,1,1,1,1,1,1,1,1,4),(1.,1.28571428571429,1.42857142857143,
1.57142857142857,1.71428571428571,1.85714285714286,2.,2.14285714285714,
2.28571428571429,2.42857142857143,2.71428571428571,3.,3.28571428571429,
3.57142857142857,3.85714285714286,4.,4.14285714285714,4.28571428571429,
4.42857142857143,4.57142857142857,4.71428571428571,4.85714285714286,5.),
 .UNSPECIFIED.);
#20=B_SPLINE_CURVE_WITH_KNOTS('',3,(#2187,#2188,#2189,#2190),
 .UNSPECIFIED.,.F.,.F.,(4,4),(0.,0.5),.UNSPECIFIED.);
#21=B_SPLINE_SURFACE_WITH_KNOTS('',3,3,((#1527,#1528,#1529,#1530,#1531,
#1532,#1533,#1534,#1535,#1536,#1537,#1538,#1539,#1540,#1541,#1542,#1543,
#1544,#1545,#1546,#1547,#1548,#1549,#1550,#1551),(#1552,#1553,#1554,#1555,
#1556,#1557,#1558,#1559,#1560,#1561,#1562,#1563,#1564,#1565,#1566,#1567,
#1568,#1569,#1570,#1571,#1572,#1573,#1574,#1575,#1576),(#1577,#1578,#1579,
#1580,#1581,#1582,#1583,#1584,#1585,#1586,#1587,#1588,#1589,#1590,#1591,
#1592,#1593,#1594,#1595,#1596,#1597,#1598,#1599,#1600,#1601),(#1602,#1603,
#1604,#1605,#1606,#1607,#1608,#1609,#1610,#1611,#1612,#1613,#1614,#1615,
#1616,#1617,#1618,#1619,#1620,#1621,#1622,#1623,#1624,#1625,#1626),(#1627,
#1628,#1629,#1630,#1631,#1632,#1633,#1634,#1635,#1636,#1637,#1638,#1639,
#1640,#1641,#1642,#1643,#1644,#1645,#1646,#1647,#1648,#1649,#1650,#1651),
(#1652,#1653,#1654,#1655,#1656,#1657,#1658,#1659,#1660,#1661,#1662,#1663,
#1664,#1665,#1666,#1667,#1668,#1669,#1670,#1671,#1672,#1673,#1674,#1675,
#1676),(#1677,#1678,#1679,#1680,#1681,#1682,#1683,#1684,#1685,#1686,#1687,
#1688,#1689,#1690,#1691,#1692,#1693,#1694,#1695,#1696,#1697,#1698,#1699,
#1700,#1701)),.UNSPECIFIED.,.F.,.F.,.F.,(4,1,1,1,4),(4,1,1,1,1,1,1,1,1,
1,1,1,1,1,1,1,1,1,1,1,1,1,4),(-3.14159265358979,-2.69279370307697,-1.79519580205131,
-0.897597901025655,0.),(1.,1.28571428571429,1.42857142857143,1.57142857142857,
1.71428571428571,1.85714285714286,2.,2.14285714285714,2.28571428571429,
2.42857142857143,2.71428571428571,2.85714285714286,3.28571428571429,3.57142857142857,
3.85714285714286,3.92857142857143,4.14285714285714,4.28571428571429,4.42857142857143,
4.57142857142857,4.71428571428571,4.78571428571429,5.),.UNSPECIFIED.);
#22=B_SPLINE_SURFACE_WITH_KNOTS('',3,3,((#1757,#1758,#1759,#1760,#1761,
#1762,#1763,#1764,#1765,#1766,#1767,#1768,#1769,#1770,#1771,#1772,#1773,
#1774),(#1775,#1776,#1777,#1778,#1779,#1780,#1781,#1782,#1783,#1784,#1785,
#1786,#1787,#1788,#1789,#1790,#1791,#1792),(#1793,#1794,#1795,#1796,#1797,
#1798,#1799,#1800,#1801,#1802,#1803,#1804,#1805,#1806,#1807,#1808,#1809,
#1810),(#1811,#1812,#1813,#1814,#1815,#1816,#1817,#1818,#1819,#1820,#1821,
#1822,#1823,#1824,#1825,#1826,#1827,#1828)),.UNSPECIFIED.,.F.,.F.,.F.,(4,
4),(4,1,1,1,1,1,1,1,1,1,1,1,1,1,1,4),(-0.5,0.),(1.,1.28571428571429,1.57142857142857,
1.71428571428571,1.85714285714286,2.14285714285714,2.42857142857143,2.71428571428571,
2.85714285714286,3.28571428571429,3.85714285714286,4.14285714285714,4.28571428571429,
4.42857142857143,4.71428571428571,5.),.UNSPECIFIED.);
#23=B_SPLINE_SURFACE_WITH_KNOTS('',3,3,((#1863,#1864,#1865,#1866,#1867,
#1868,#1869,#1870,#1871,#1872,#1873,#1874,#1875,#1876,#1877,#1878,#1879,
#1880,#1881,#1882,#1883,#1884,#1885,#1886,#1887,#1888,#1889),(#1890,#1891,
#1892,#1893,#1894,#1895,#1896,#1897,#1898,#1899,#1900,#1901,#1902,#1903,
#1904,#1905,#1906,#1907,#1908,#1909,#1910,#1911,#1912,#1913,#1914,#1915,
#1916),(#1917,#1918,#1919,#1920,#1921,#1922,#1923,#1924,#1925,#1926,#1927,
#1928,#1929,#1930,#1931,#1932,#1933,#1934,#1935,#1936,#1937,#1938,#1939,
#1940,#1941,#1942,#1943),(#1944,#1945,#1946,#1947,#1948,#1949,#1950,#1951,
#1952,#1953,#1954,#1955,#1956,#1957,#1958,#1959,#1960,#1961,#1962,#1963,
#1964,#1965,#1966,#1967,#1968,#1969,#1970),(#1971,#1972,#1973,#1974,#1975,
#1976,#1977,#1978,#1979,#1980,#1981,#1982,#1983,#1984,#1985,#1986,#1987,
#1988,#1989,#1990,#1991,#1992,#1993,#1994,#1995,#1996,#1997),(#1998,#1999,
#2000,#2001,#2002,#2003,#2004,#2005,#2006,#2007,#2008,#2009,#2010,#2011,
#2012,#2013,#2014,#2015,#2016,#2017,#2018,#2019,#2020,#2021,#2022,#2023,
#2024),(#2025,#2026,#2027,#2028,#2029,#2030,#2031,#2032,#2033,#2034,#2035,
#2036,#2037,#2038,#2039,#2040,#2041,#2042,#2043,#2044,#2045,#2046,#2047,
#2048,#2049,#2050,#2051)),.UNSPECIFIED.,.F.,.F.,.F.,(4,1,1,1,4),(4,1,1,
1,1,1,1,1,1,1,1,1,1,1,1,1,1,1,1,1,1,1,1,1,4),(-3.14159265358979,-2.69279370307697,
-1.79519580205131,-0.897597901025655,0.),(1.,1.28571428571429,1.35714285714286,
1.42857142857143,1.57142857142857,1.71428571428571,1.85714285714286,2.,
2.14285714285714,2.28571428571429,2.42857142857143,2.71428571428571,3.,
3.28571428571429,3.57142857142857,3.85714285714286,4.,4.14285714285714,
4.28571428571429,4.42857142857143,4.57142857142857,4.71428571428571,4.85714285714286,
4.92857142857143,5.),.UNSPECIFIED.);
#24=B_SPLINE_SURFACE_WITH_KNOTS('',3,3,((#2087,#2088,#2089,#2090,#2091,
#2092,#2093,#2094,#2095,#2096,#2097,#2098,#2099,#2100,#2101,#2102,#2103,
#2104,#2105,#2106,#2107,#2108,#2109,#2110,#2111),(#2112,#2113,#2114,#2115,
#2116,#2117,#2118,#2119,#2120,#2121,#2122,#2123,#2124,#2125,#2126,#2127,
#2128,#2129,#2130,#2131,#2132,#2133,#2134,#2135,#2136),(#2137,#2138,#2139,
#2140,#2141,#2142,#2143,#2144,#2145,#2146,#2147,#2148,#2149,#2150,#2151,
#2152,#2153,#2154,#2155,#2156,#2157,#2158,#2159,#2160,#2161),(#2162,#2163,
#2164,#2165,#2166,#2167,#2168,#2169,#2170,#2171,#2172,#2173,#2174,#2175,
#2176,#2177,#2178,#2179,#2180,#2181,#2182,#2183,#2184,#2185,#2186)),
 .UNSPECIFIED.,.F.,.F.,.F.,(4,4),(4,1,1,1,1,1,1,1,1,1,1,1,1,1,1,1,1,1,1,
1,1,1,4),(-0.5,0.),(1.,1.28571428571429,1.42857142857143,1.57142857142857,
1.71428571428571,1.85714285714286,2.,2.14285714285714,2.28571428571429,
2.42857142857143,2.71428571428571,3.,3.28571428571429,3.57142857142857,
3.85714285714286,4.,4.14285714285714,4.28571428571429,4.42857142857143,
4.57142857142857,4.71428571428571,4.85714285714286,5.),.UNSPECIFIED.);
#25=FACE_BOUND('',#154,.T.);
#26=FACE_BOUND('',#157,.T.);
#27=FACE_BOUND('',#158,.T.);
#28=FACE_BOUND('',#159,.T.);
#29=FACE_BOUND('',#191,.T.);
#30=FACE_BOUND('',#192,.T.);
#31=FACE_BOUND('',#196,.T.);
#32=FACE_BOUND('',#197,.T.);
#33=FACE_BOUND('',#198,.T.);
#34=FACE_BOUND('',#203,.T.);
#35=FACE_BOUND('',#204,.T.);
#36=FACE_BOUND('',#205,.T.);
#37=FACE_BOUND('',#210,.T.);
#38=FACE_BOUND('',#211,.T.);
#39=CIRCLE('',#1026,3.);
#40=CIRCLE('',#1027,3.);
#41=CIRCLE('',#1030,5.25);
#42=CIRCLE('',#1031,5.25);
#43=CIRCLE('',#1036,2.);
#44=CIRCLE('',#1037,2.);
#45=CIRCLE('',#1040,2.);
#46=CIRCLE('',#1041,2.);
#47=CIRCLE('',#1045,2.);
#48=CIRCLE('',#1046,2.);
#49=CIRCLE('',#1050,2.);
#50=CIRCLE('',#1051,2.);
#51=CIRCLE('',#1054,2.00000000000001);
#52=CIRCLE('',#1055,2.);
#53=CIRCLE('',#1059,2.);
#54=CIRCLE('',#1060,2.);
#55=CIRCLE('',#1063,1.25);
#56=CIRCLE('',#1064,1.25);
#57=CIRCLE('',#1067,2.);
#58=CIRCLE('',#1070,2.);
#59=CIRCLE('',#1073,2.);
#60=CIRCLE('',#1076,2.00000000000001);
#61=CIRCLE('',#1082,6.5);
#62=CIRCLE('',#1083,6.5);
#63=CIRCLE('',#1086,9.);
#64=CIRCLE('',#1087,9.);
#65=CIRCLE('',#1090,9.);
#66=CIRCLE('',#1091,9.);
#67=CYLINDRICAL_SURFACE('',#1025,3.);
#68=CYLINDRICAL_SURFACE('',#1029,5.25);
#69=CYLINDRICAL_SURFACE('',#1035,2.);
#70=CYLINDRICAL_SURFACE('',#1039,2.);
#71=CYLINDRICAL_SURFACE('',#1044,2.);
#72=CYLINDRICAL_SURFACE('',#1049,2.);
#73=CYLINDRICAL_SURFACE('',#1066,2.);
#74=CYLINDRICAL_SURFACE('',#1069,2.);
#75=CYLINDRICAL_SURFACE('',#1072,2.);
#76=CYLINDRICAL_SURFACE('',#1075,2.00000000000001);
#77=CYLINDRICAL_SURFACE('',#1081,6.5);
#78=CYLINDRICAL_SURFACE('',#1085,9.);
#79=CYLINDRICAL_SURFACE('',#1089,9.);
#80=STYLED_ITEM('',(#2315),#966);
#81=STYLED_ITEM('',(#2317),#967);
#82=STYLED_ITEM('',(#2317),#968);
#83=STYLED_ITEM('',(#2312),#989);
#84=STYLED_ITEM('',(#2313),#990);
#85=STYLED_ITEM('',(#2314),#991);
#86=STYLED_ITEM('',(#2313),#992);
#87=STYLED_ITEM('',(#2313),#993);
#88=STYLED_ITEM('',(#2316),#1002);
#89=STYLED_ITEM('',(#2316),#1003);
#90=STYLED_ITEM('',(#2316),#1004);
#91=STYLED_ITEM('',(#2316),#1011);
#92=STYLED_ITEM('',(#2316),#1012);
#93=STYLED_ITEM('',(#2316),#1013);
#94=STYLED_ITEM('',(#2316),#1014);
#95=STYLED_ITEM('',(#2316),#1015);
#96=STYLED_ITEM('',(#2316),#1016);
#97=STYLED_ITEM('',(#2311),#1018);
#98=FACE_OUTER_BOUND('',#148,.T.);
#99=FACE_OUTER_BOUND('',#149,.T.);
#100=FACE_OUTER_BOUND('',#150,.T.);
#101=FACE_OUTER_BOUND('',#151,.T.);
#102=FACE_OUTER_BOUND('',#152,.T.);
#103=FACE_OUTER_BOUND('',#153,.T.);
#104=FACE_OUTER_BOUND('',#155,.T.);
#105=FACE_OUTER_BOUND('',#156,.T.);
#106=FACE_OUTER_BOUND('',#160,.T.);
#107=FACE_OUTER_BOUND('',#161,.T.);
#108=FACE_OUTER_BOUND('',#162,.T.);
#109=FACE_OUTER_BOUND('',#163,.T.);
#110=FACE_OUTER_BOUND('',#164,.T.);
#111=FACE_OUTER_BOUND('',#165,.T.);
#112=FACE_OUTER_BOUND('',#166,.T.);
#113=FACE_OUTER_BOUND('',#167,.T.);
#114=FACE_OUTER_BOUND('',#168,.T.);
#115=FACE_OUTER_BOUND('',#169,.T.);
#116=FACE_OUTER_BOUND('',#170,.T.);
#117=FACE_OUTER_BOUND('',#171,.T.);
#118=FACE_OUTER_BOUND('',#172,.T.);
#119=FACE_OUTER_BOUND('',#173,.T.);
#120=FACE_OUTER_BOUND('',#174,.T.);
#121=FACE_OUTER_BOUND('',#175,.T.);
#122=FACE_OUTER_BOUND('',#176,.T.);
#123=FACE_OUTER_BOUND('',#177,.T.);
#124=FACE_OUTER_BOUND('',#178,.T.);
#125=FACE_OUTER_BOUND('',#179,.T.);
#126=FACE_OUTER_BOUND('',#180,.T.);
#127=FACE_OUTER_BOUND('',#181,.T.);
#128=FACE_OUTER_BOUND('',#182,.T.);
#129=FACE_OUTER_BOUND('',#183,.T.);
#130=FACE_OUTER_BOUND('',#184,.T.);
#131=FACE_OUTER_BOUND('',#185,.T.);
#132=FACE_OUTER_BOUND('',#186,.T.);
#133=FACE_OUTER_BOUND('',#187,.T.);
#134=FACE_OUTER_BOUND('',#188,.T.);
#135=FACE_OUTER_BOUND('',#189,.T.);
#136=FACE_OUTER_BOUND('',#190,.T.);
#137=FACE_OUTER_BOUND('',#193,.T.);
#138=FACE_OUTER_BOUND('',#194,.T.);
#139=FACE_OUTER_BOUND('',#195,.T.);
#140=FACE_OUTER_BOUND('',#199,.T.);
#141=FACE_OUTER_BOUND('',#200,.T.);
#142=FACE_OUTER_BOUND('',#201,.T.);
#143=FACE_OUTER_BOUND('',#202,.T.);
#144=FACE_OUTER_BOUND('',#206,.T.);
#145=FACE_OUTER_BOUND('',#207,.T.);
#146=FACE_OUTER_BOUND('',#208,.T.);
#147=FACE_OUTER_BOUND('',#209,.T.);
#148=EDGE_LOOP('',(#648,#649,#650,#651));
#149=EDGE_LOOP('',(#652,#653,#654,#655));
#150=EDGE_LOOP('',(#656,#657,#658,#659));
#151=EDGE_LOOP('',(#660,#661,#662,#663));
#152=EDGE_LOOP('',(#664,#665,#666,#667));
#153=EDGE_LOOP('',(#668));
#154=EDGE_LOOP('',(#669));
#155=EDGE_LOOP('',(#670));
#156=EDGE_LOOP('',(#671));
#157=EDGE_LOOP('',(#672));
#158=EDGE_LOOP('',(#673));
#159=EDGE_LOOP('',(#674));
#160=EDGE_LOOP('',(#675,#676,#677,#678));
#161=EDGE_LOOP('',(#679,#680,#681,#682));
#162=EDGE_LOOP('',(#683,#684,#685,#686));
#163=EDGE_LOOP('',(#687,#688,#689,#690));
#164=EDGE_LOOP('',(#691,#692,#693,#694));
#165=EDGE_LOOP('',(#695,#696,#697,#698));
#166=EDGE_LOOP('',(#699,#700,#701,#702));
#167=EDGE_LOOP('',(#703,#704,#705,#706));
#168=EDGE_LOOP('',(#707,#708,#709,#710));
#169=EDGE_LOOP('',(#711,#712,#713,#714));
#170=EDGE_LOOP('',(#715,#716,#717,#718));
#171=EDGE_LOOP('',(#719,#720,#721,#722));
#172=EDGE_LOOP('',(#723,#724,#725,#726,#727,#728,#729,#730,#731,#732,#733,
#734,#735,#736));
#173=EDGE_LOOP('',(#737,#738,#739,#740));
#174=EDGE_LOOP('',(#741,#742,#743,#744));
#175=EDGE_LOOP('',(#745,#746,#747,#748,#749,#750,#751,#752,#753,#754,#755,
#756,#757,#758));
#176=EDGE_LOOP('',(#759,#760,#761,#762));
#177=EDGE_LOOP('',(#763,#764,#765,#766));
#178=EDGE_LOOP('',(#767,#768,#769,#770));
#179=EDGE_LOOP('',(#771,#772,#773,#774));
#180=EDGE_LOOP('',(#775,#776,#777,#778));
#181=EDGE_LOOP('',(#779,#780,#781,#782));
#182=EDGE_LOOP('',(#783,#784,#785,#786));
#183=EDGE_LOOP('',(#787,#788,#789,#790));
#184=EDGE_LOOP('',(#791,#792,#793,#794));
#185=EDGE_LOOP('',(#795,#796,#797,#798));
#186=EDGE_LOOP('',(#799,#800,#801,#802,#803,#804,#805,#806,#807,#808,#809,
#810,#811,#812));
#187=EDGE_LOOP('',(#813,#814,#815,#816));
#188=EDGE_LOOP('',(#817,#818,#819,#820));
#189=EDGE_LOOP('',(#821,#822,#823,#824));
#190=EDGE_LOOP('',(#825,#826,#827,#828,#829,#830,#831,#832,#833,#834,#835,
#836,#837,#838));
#191=EDGE_LOOP('',(#839,#840,#841,#842));
#192=EDGE_LOOP('',(#843,#844,#845,#846));
#193=EDGE_LOOP('',(#847,#848,#849,#850));
#194=EDGE_LOOP('',(#851,#852,#853,#854));
#195=EDGE_LOOP('',(#855));
#196=EDGE_LOOP('',(#856));
#197=EDGE_LOOP('',(#857));
#198=EDGE_LOOP('',(#858));
#199=EDGE_LOOP('',(#859,#860,#861,#862));
#200=EDGE_LOOP('',(#863,#864,#865,#866));
#201=EDGE_LOOP('',(#867,#868,#869,#870));
#202=EDGE_LOOP('',(#871,#872,#873,#874));
#203=EDGE_LOOP('',(#875,#876,#877,#878));
#204=EDGE_LOOP('',(#879));
#205=EDGE_LOOP('',(#880,#881,#882,#883));
#206=EDGE_LOOP('',(#884,#885,#886,#887,#888,#889,#890,#891,#892,#893,#894,
#895));
#207=EDGE_LOOP('',(#896,#897,#898,#899));
#208=EDGE_LOOP('',(#900,#901,#902,#903,#904,#905,#906,#907,#908,#909,#910,
#911));
#209=EDGE_LOOP('',(#912,#913,#914,#915));
#210=EDGE_LOOP('',(#916,#917,#918,#919));
#211=EDGE_LOOP('',(#920,#921,#922,#923));
#212=LINE('',#1365,#314);
#213=LINE('',#1367,#315);
#214=LINE('',#1369,#316);
#215=LINE('',#1370,#317);
#216=LINE('',#1373,#318);
#217=LINE('',#1375,#319);
#218=LINE('',#1376,#320);
#219=LINE('',#1379,#321);
#220=LINE('',#1381,#322);
#221=LINE('',#1382,#323);
#222=LINE('',#1384,#324);
#223=LINE('',#1385,#325);
#224=LINE('',#1402,#326);
#225=LINE('',#1404,#327);
#226=LINE('',#1406,#328);
#227=LINE('',#1407,#329);
#228=LINE('',#1411,#330);
#229=LINE('',#1413,#331);
#230=LINE('',#1415,#332);
#231=LINE('',#1416,#333);
#232=LINE('',#1423,#334);
#233=LINE('',#1425,#335);
#234=LINE('',#1427,#336);
#235=LINE('',#1428,#337);
#236=LINE('',#1433,#338);
#237=LINE('',#1438,#339);
#238=LINE('',#1439,#340);
#239=LINE('',#1440,#341);
#240=LINE('',#1444,#342);
#241=LINE('',#1446,#343);
#242=LINE('',#1448,#344);
#243=LINE('',#1449,#345);
#244=LINE('',#1455,#346);
#245=LINE('',#1459,#347);
#246=LINE('',#1460,#348);
#247=LINE('',#1461,#349);
#248=LINE('',#1465,#350);
#249=LINE('',#1467,#351);
#250=LINE('',#1469,#352);
#251=LINE('',#1470,#353);
#252=LINE('',#1475,#354);
#253=LINE('',#1480,#355);
#254=LINE('',#1481,#356);
#255=LINE('',#1482,#357);
#256=LINE('',#1484,#358);
#257=LINE('',#1486,#359);
#258=LINE('',#1490,#360);
#259=LINE('',#1492,#361);
#260=LINE('',#1494,#362);
#261=LINE('',#1497,#363);
#262=LINE('',#1500,#364);
#263=LINE('',#1501,#365);
#264=LINE('',#1503,#366);
#265=LINE('',#1506,#367);
#266=LINE('',#1510,#368);
#267=LINE('',#1512,#369);
#268=LINE('',#1514,#370);
#269=LINE('',#1517,#371);
#270=LINE('',#1518,#372);
#271=LINE('',#1521,#373);
#272=LINE('',#1522,#374);
#273=LINE('',#1525,#375);
#274=LINE('',#1526,#376);
#275=LINE('',#1835,#377);
#276=LINE('',#2191,#378);
#277=LINE('',#2196,#379);
#278=LINE('',#2198,#380);
#279=LINE('',#2202,#381);
#280=LINE('',#2205,#382);
#281=LINE('',#2207,#383);
#282=LINE('',#2208,#384);
#283=LINE('',#2211,#385);
#284=LINE('',#2214,#386);
#285=LINE('',#2216,#387);
#286=LINE('',#2220,#388);
#287=LINE('',#2223,#389);
#288=LINE('',#2225,#390);
#289=LINE('',#2226,#391);
#290=LINE('',#2229,#392);
#291=LINE('',#2231,#393);
#292=LINE('',#2232,#394);
#293=LINE('',#2235,#395);
#294=LINE('',#2237,#396);
#295=LINE('',#2238,#397);
#296=LINE('',#2241,#398);
#297=LINE('',#2243,#399);
#298=LINE('',#2244,#400);
#299=LINE('',#2256,#401);
#300=LINE('',#2259,#402);
#301=LINE('',#2262,#403);
#302=LINE('',#2264,#404);
#303=LINE('',#2265,#405);
#304=LINE('',#2271,#406);
#305=LINE('',#2273,#407);
#306=LINE('',#2274,#408);
#307=LINE('',#2277,#409);
#308=LINE('',#2279,#410);
#309=LINE('',#2280,#411);
#310=LINE('',#2283,#412);
#311=LINE('',#2284,#413);
#312=LINE('',#2286,#414);
#313=LINE('',#2287,#415);
#314=VECTOR('',#1103,9.37402231141789);
#315=VECTOR('',#1104,0.5);
#316=VECTOR('',#1105,9.37402231141789);
#317=VECTOR('',#1106,0.5);
#318=VECTOR('',#1109,16.);
#319=VECTOR('',#1110,0.5);
#320=VECTOR('',#1111,16.);
#321=VECTOR('',#1114,9.37402231141789);
#322=VECTOR('',#1115,0.5);
#323=VECTOR('',#1116,9.37402231141789);
#324=VECTOR('',#1119,16.);
#325=VECTOR('',#1120,16.);
#326=VECTOR('',#1141,2.6);
#327=VECTOR('',#1142,0.965950378226093);
#328=VECTOR('',#1143,2.6);
#329=VECTOR('',#1144,0.965950378226093);
#330=VECTOR('',#1147,2.6);
#331=VECTOR('',#1148,0.965950378226093);
#332=VECTOR('',#1149,2.6);
#333=VECTOR('',#1150,0.965950378226093);
#334=VECTOR('',#1159,2.6);
#335=VECTOR('',#1160,1.02595037822609);
#336=VECTOR('',#1161,2.6);
#337=VECTOR('',#1162,1.02595037822609);
#338=VECTOR('',#1167,2.6);
#339=VECTOR('',#1172,2.6);
#340=VECTOR('',#1173,1.02595037822609);
#341=VECTOR('',#1174,1.02595037822609);
#342=VECTOR('',#1177,2.6);
#343=VECTOR('',#1178,0.965950378226088);
#344=VECTOR('',#1179,2.6);
#345=VECTOR('',#1180,0.965950378226088);
#346=VECTOR('',#1187,2.6);
#347=VECTOR('',#1190,2.6);
#348=VECTOR('',#1191,0.965950378226088);
#349=VECTOR('',#1192,0.965950378226088);
#350=VECTOR('',#1195,2.6);
#351=VECTOR('',#1196,1.02595037822608);
#352=VECTOR('',#1197,2.6);
#353=VECTOR('',#1198,1.02595037822608);
#354=VECTOR('',#1203,2.6);
#355=VECTOR('',#1208,2.6);
#356=VECTOR('',#1209,1.02595037822608);
#357=VECTOR('',#1210,1.02595037822608);
#358=VECTOR('',#1213,8.49999999999998);
#359=VECTOR('',#1214,2.25000000000001);
#360=VECTOR('',#1217,5.);
#361=VECTOR('',#1218,20.);
#362=VECTOR('',#1219,5.00000000000001);
#363=VECTOR('',#1222,2.25000000000001);
#364=VECTOR('',#1225,2.25000000000001);
#365=VECTOR('',#1226,2.6);
#366=VECTOR('',#1229,8.49999999999998);
#367=VECTOR('',#1232,2.25);
#368=VECTOR('',#1235,5.);
#369=VECTOR('',#1236,20.);
#370=VECTOR('',#1237,5.);
#371=VECTOR('',#1240,2.25);
#372=VECTOR('',#1241,8.5);
#373=VECTOR('',#1244,2.25);
#374=VECTOR('',#1245,2.6);
#375=VECTOR('',#1248,2.6);
#376=VECTOR('',#1249,2.25);
#377=VECTOR('',#1252,5.);
#378=VECTOR('',#1255,5.);
#379=VECTOR('',#1262,2.6);
#380=VECTOR('',#1265,8.5);
#381=VECTOR('',#1270,2.6);
#382=VECTOR('',#1273,5.);
#383=VECTOR('',#1274,20.);
#384=VECTOR('',#1275,5.);
#385=VECTOR('',#1278,2.6);
#386=VECTOR('',#1281,2.6);
#387=VECTOR('',#1284,2.25000000000001);
#388=VECTOR('',#1289,2.6);
#389=VECTOR('',#1292,5.00000000000001);
#390=VECTOR('',#1293,20.);
#391=VECTOR('',#1294,5.);
#392=VECTOR('',#1297,28.1);
#393=VECTOR('',#1298,20.);
#394=VECTOR('',#1299,28.1);
#395=VECTOR('',#1302,6.);
#396=VECTOR('',#1303,20.);
#397=VECTOR('',#1304,6.);
#398=VECTOR('',#1307,6.);
#399=VECTOR('',#1308,20.);
#400=VECTOR('',#1309,6.);
#401=VECTOR('',#1322,2.5);
#402=VECTOR('',#1325,2.5);
#403=VECTOR('',#1328,20.);
#404=VECTOR('',#1329,20.);
#405=VECTOR('',#1330,2.5);
#406=VECTOR('',#1337,2.5);
#407=VECTOR('',#1340,20.);
#408=VECTOR('',#1341,20.);
#409=VECTOR('',#1346,40.2);
#410=VECTOR('',#1347,40.2);
#411=VECTOR('',#1348,28.1);
#412=VECTOR('',#1351,20.);
#413=VECTOR('',#1352,28.1);
#414=VECTOR('',#1355,40.2);
#415=VECTOR('',#1356,40.2);
#416=VERTEX_POINT('',#1363);
#417=VERTEX_POINT('',#1364);
#418=VERTEX_POINT('',#1366);
#419=VERTEX_POINT('',#1368);
#420=VERTEX_POINT('',#1372);
#421=VERTEX_POINT('',#1374);
#422=VERTEX_POINT('',#1378);
#423=VERTEX_POINT('',#1380);
#424=VERTEX_POINT('',#1388);
#425=VERTEX_POINT('',#1390);
#426=VERTEX_POINT('',#1394);
#427=VERTEX_POINT('',#1396);
#428=VERTEX_POINT('',#1400);
#429=VERTEX_POINT('',#1401);
#430=VERTEX_POINT('',#1403);
#431=VERTEX_POINT('',#1405);
#432=VERTEX_POINT('',#1409);
#433=VERTEX_POINT('',#1410);
#434=VERTEX_POINT('',#1412);
#435=VERTEX_POINT('',#1414);
#436=VERTEX_POINT('',#1421);
#437=VERTEX_POINT('',#1422);
#438=VERTEX_POINT('',#1424);
#439=VERTEX_POINT('',#1426);
#440=VERTEX_POINT('',#1430);
#441=VERTEX_POINT('',#1432);
#442=VERTEX_POINT('',#1436);
#443=VERTEX_POINT('',#1437);
#444=VERTEX_POINT('',#1442);
#445=VERTEX_POINT('',#1443);
#446=VERTEX_POINT('',#1445);
#447=VERTEX_POINT('',#1447);
#448=VERTEX_POINT('',#1451);
#449=VERTEX_POINT('',#1453);
#450=VERTEX_POINT('',#1457);
#451=VERTEX_POINT('',#1458);
#452=VERTEX_POINT('',#1463);
#453=VERTEX_POINT('',#1464);
#454=VERTEX_POINT('',#1466);
#455=VERTEX_POINT('',#1468);
#456=VERTEX_POINT('',#1472);
#457=VERTEX_POINT('',#1474);
#458=VERTEX_POINT('',#1478);
#459=VERTEX_POINT('',#1479);
#460=VERTEX_POINT('',#1485);
#461=VERTEX_POINT('',#1487);
#462=VERTEX_POINT('',#1489);
#463=VERTEX_POINT('',#1491);
#464=VERTEX_POINT('',#1493);
#465=VERTEX_POINT('',#1495);
#466=VERTEX_POINT('',#1499);
#467=VERTEX_POINT('',#1505);
#468=VERTEX_POINT('',#1507);
#469=VERTEX_POINT('',#1509);
#470=VERTEX_POINT('',#1511);
#471=VERTEX_POINT('',#1513);
#472=VERTEX_POINT('',#1515);
#473=VERTEX_POINT('',#1520);
#474=VERTEX_POINT('',#1524);
#475=VERTEX_POINT('',#1702);
#476=VERTEX_POINT('',#1703);
#477=VERTEX_POINT('',#1711);
#478=VERTEX_POINT('',#1737);
#479=VERTEX_POINT('',#1829);
#480=VERTEX_POINT('',#1834);
#481=VERTEX_POINT('',#2052);
#482=VERTEX_POINT('',#2060);
#483=VERTEX_POINT('',#2194);
#484=VERTEX_POINT('',#2200);
#485=VERTEX_POINT('',#2204);
#486=VERTEX_POINT('',#2206);
#487=VERTEX_POINT('',#2210);
#488=VERTEX_POINT('',#2212);
#489=VERTEX_POINT('',#2218);
#490=VERTEX_POINT('',#2222);
#491=VERTEX_POINT('',#2224);
#492=VERTEX_POINT('',#2228);
#493=VERTEX_POINT('',#2230);
#494=VERTEX_POINT('',#2234);
#495=VERTEX_POINT('',#2236);
#496=VERTEX_POINT('',#2240);
#497=VERTEX_POINT('',#2242);
#498=VERTEX_POINT('',#2246);
#499=VERTEX_POINT('',#2248);
#500=VERTEX_POINT('',#2252);
#501=VERTEX_POINT('',#2253);
#502=VERTEX_POINT('',#2255);
#503=VERTEX_POINT('',#2257);
#504=VERTEX_POINT('',#2261);
#505=VERTEX_POINT('',#2263);
#506=VERTEX_POINT('',#2267);
#507=VERTEX_POINT('',#2269);
#508=VERTEX_POINT('',#2278);
#509=VERTEX_POINT('',#2282);
#510=EDGE_CURVE('',#416,#417,#212,.T.);
#511=EDGE_CURVE('',#416,#418,#213,.T.);
#512=EDGE_CURVE('',#418,#419,#214,.T.);
#513=EDGE_CURVE('',#417,#419,#215,.T.);
#514=EDGE_CURVE('',#420,#416,#216,.T.);
#515=EDGE_CURVE('',#420,#421,#217,.T.);
#516=EDGE_CURVE('',#421,#418,#218,.T.);
#517=EDGE_CURVE('',#422,#420,#219,.T.);
#518=EDGE_CURVE('',#422,#423,#220,.T.);
#519=EDGE_CURVE('',#423,#421,#221,.T.);
#520=EDGE_CURVE('',#417,#422,#222,.T.);
#521=EDGE_CURVE('',#419,#423,#223,.T.);
#522=EDGE_CURVE('',#424,#424,#39,.T.);
#523=EDGE_CURVE('',#425,#425,#40,.T.);
#524=EDGE_CURVE('',#426,#426,#41,.T.);
#525=EDGE_CURVE('',#427,#427,#42,.T.);
#526=EDGE_CURVE('',#428,#429,#224,.T.);
#527=EDGE_CURVE('',#430,#428,#225,.T.);
#528=EDGE_CURVE('',#431,#430,#226,.T.);
#529=EDGE_CURVE('',#429,#431,#227,.T.);
#530=EDGE_CURVE('',#432,#433,#228,.T.);
#531=EDGE_CURVE('',#434,#432,#229,.T.);
#532=EDGE_CURVE('',#434,#435,#230,.T.);
#533=EDGE_CURVE('',#433,#435,#231,.T.);
#534=EDGE_CURVE('',#435,#430,#43,.T.);
#535=EDGE_CURVE('',#431,#434,#44,.T.);
#536=EDGE_CURVE('',#436,#437,#232,.T.);
#537=EDGE_CURVE('',#438,#436,#233,.T.);
#538=EDGE_CURVE('',#439,#438,#234,.T.);
#539=EDGE_CURVE('',#437,#439,#235,.T.);
#540=EDGE_CURVE('',#440,#438,#45,.T.);
#541=EDGE_CURVE('',#441,#440,#236,.T.);
#542=EDGE_CURVE('',#439,#441,#46,.T.);
#543=EDGE_CURVE('',#442,#443,#237,.T.);
#544=EDGE_CURVE('',#441,#442,#238,.T.);
#545=EDGE_CURVE('',#443,#440,#239,.T.);
#546=EDGE_CURVE('',#444,#445,#240,.T.);
#547=EDGE_CURVE('',#446,#444,#241,.T.);
#548=EDGE_CURVE('',#446,#447,#242,.T.);
#549=EDGE_CURVE('',#445,#447,#243,.T.);
#550=EDGE_CURVE('',#447,#448,#47,.T.);
#551=EDGE_CURVE('',#449,#446,#48,.T.);
#552=EDGE_CURVE('',#449,#448,#244,.T.);
#553=EDGE_CURVE('',#450,#451,#245,.T.);
#554=EDGE_CURVE('',#448,#450,#246,.T.);
#555=EDGE_CURVE('',#451,#449,#247,.T.);
#556=EDGE_CURVE('',#452,#453,#248,.T.);
#557=EDGE_CURVE('',#454,#452,#249,.T.);
#558=EDGE_CURVE('',#455,#454,#250,.T.);
#559=EDGE_CURVE('',#453,#455,#251,.T.);
#560=EDGE_CURVE('',#456,#454,#49,.T.);
#561=EDGE_CURVE('',#457,#456,#252,.T.);
#562=EDGE_CURVE('',#455,#457,#50,.T.);
#563=EDGE_CURVE('',#458,#459,#253,.T.);
#564=EDGE_CURVE('',#457,#458,#254,.T.);
#565=EDGE_CURVE('',#459,#456,#255,.T.);
#566=EDGE_CURVE('',#451,#432,#256,.T.);
#567=EDGE_CURVE('',#460,#444,#257,.T.);
#568=EDGE_CURVE('',#461,#460,#51,.T.);
#569=EDGE_CURVE('',#462,#461,#258,.T.);
#570=EDGE_CURVE('',#463,#462,#259,.T.);
#571=EDGE_CURVE('',#464,#463,#260,.T.);
#572=EDGE_CURVE('',#465,#464,#52,.T.);
#573=EDGE_CURVE('',#429,#465,#261,.T.);
#574=EDGE_CURVE('',#466,#445,#262,.T.);
#575=EDGE_CURVE('',#460,#466,#263,.T.);
#576=EDGE_CURVE('',#450,#433,#264,.T.);
#577=EDGE_CURVE('',#436,#467,#265,.T.);
#578=EDGE_CURVE('',#467,#468,#53,.T.);
#579=EDGE_CURVE('',#468,#469,#266,.T.);
#580=EDGE_CURVE('',#470,#469,#267,.T.);
#581=EDGE_CURVE('',#470,#471,#268,.T.);
#582=EDGE_CURVE('',#471,#472,#54,.T.);
#583=EDGE_CURVE('',#472,#459,#269,.T.);
#584=EDGE_CURVE('',#452,#443,#270,.T.);
#585=EDGE_CURVE('',#473,#437,#271,.T.);
#586=EDGE_CURVE('',#473,#467,#272,.T.);
#587=EDGE_CURVE('',#474,#472,#273,.T.);
#588=EDGE_CURVE('',#458,#474,#274,.T.);
#589=EDGE_CURVE('',#475,#476,#13,.T.);
#590=EDGE_CURVE('',#475,#477,#14,.T.);
#591=EDGE_CURVE('',#478,#477,#55,.T.);
#592=EDGE_CURVE('',#476,#478,#15,.T.);
#593=EDGE_CURVE('',#476,#479,#16,.T.);
#594=EDGE_CURVE('',#480,#478,#275,.T.);
#595=EDGE_CURVE('',#479,#480,#17,.T.);
#596=EDGE_CURVE('',#479,#481,#18,.T.);
#597=EDGE_CURVE('',#482,#480,#56,.T.);
#598=EDGE_CURVE('',#481,#482,#19,.T.);
#599=EDGE_CURVE('',#481,#475,#20,.T.);
#600=EDGE_CURVE('',#477,#482,#276,.T.);
#601=EDGE_CURVE('',#483,#473,#57,.T.);
#602=EDGE_CURVE('',#483,#468,#277,.T.);
#603=EDGE_CURVE('',#442,#453,#278,.T.);
#604=EDGE_CURVE('',#474,#484,#58,.T.);
#605=EDGE_CURVE('',#484,#471,#279,.T.);
#606=EDGE_CURVE('',#484,#485,#280,.T.);
#607=EDGE_CURVE('',#486,#485,#281,.T.);
#608=EDGE_CURVE('',#486,#483,#282,.T.);
#609=EDGE_CURVE('',#464,#487,#283,.T.);
#610=EDGE_CURVE('',#488,#487,#59,.T.);
#611=EDGE_CURVE('',#465,#488,#284,.T.);
#612=EDGE_CURVE('',#428,#488,#285,.T.);
#613=EDGE_CURVE('',#489,#466,#60,.T.);
#614=EDGE_CURVE('',#461,#489,#286,.T.);
#615=EDGE_CURVE('',#487,#490,#287,.T.);
#616=EDGE_CURVE('',#491,#490,#288,.T.);
#617=EDGE_CURVE('',#491,#489,#289,.T.);
#618=EDGE_CURVE('',#469,#492,#290,.T.);
#619=EDGE_CURVE('',#493,#492,#291,.T.);
#620=EDGE_CURVE('',#470,#493,#292,.T.);
#621=EDGE_CURVE('',#494,#485,#293,.T.);
#622=EDGE_CURVE('',#494,#495,#294,.T.);
#623=EDGE_CURVE('',#495,#486,#295,.T.);
#624=EDGE_CURVE('',#496,#462,#296,.T.);
#625=EDGE_CURVE('',#496,#497,#297,.T.);
#626=EDGE_CURVE('',#497,#463,#298,.T.);
#627=EDGE_CURVE('',#498,#498,#61,.T.);
#628=EDGE_CURVE('',#499,#499,#62,.T.);
#629=EDGE_CURVE('',#500,#501,#63,.T.);
#630=EDGE_CURVE('',#500,#502,#299,.T.);
#631=EDGE_CURVE('',#503,#502,#64,.T.);
#632=EDGE_CURVE('',#501,#503,#300,.T.);
#633=EDGE_CURVE('',#501,#504,#301,.T.);
#634=EDGE_CURVE('',#505,#503,#302,.T.);
#635=EDGE_CURVE('',#504,#505,#303,.T.);
#636=EDGE_CURVE('',#504,#506,#65,.T.);
#637=EDGE_CURVE('',#507,#505,#66,.T.);
#638=EDGE_CURVE('',#506,#507,#304,.T.);
#639=EDGE_CURVE('',#506,#500,#305,.T.);
#640=EDGE_CURVE('',#502,#507,#306,.T.);
#641=EDGE_CURVE('',#497,#494,#307,.T.);
#642=EDGE_CURVE('',#508,#493,#308,.T.);
#643=EDGE_CURVE('',#490,#508,#309,.T.);
#644=EDGE_CURVE('',#509,#508,#310,.T.);
#645=EDGE_CURVE('',#491,#509,#311,.T.);
#646=EDGE_CURVE('',#495,#496,#312,.T.);
#647=EDGE_CURVE('',#492,#509,#313,.T.);
#648=ORIENTED_EDGE('',*,*,#510,.F.);
#649=ORIENTED_EDGE('',*,*,#511,.T.);
#650=ORIENTED_EDGE('',*,*,#512,.T.);
#651=ORIENTED_EDGE('',*,*,#513,.F.);
#652=ORIENTED_EDGE('',*,*,#514,.F.);
#653=ORIENTED_EDGE('',*,*,#515,.T.);
#654=ORIENTED_EDGE('',*,*,#516,.T.);
#655=ORIENTED_EDGE('',*,*,#511,.F.);
#656=ORIENTED_EDGE('',*,*,#517,.F.);
#657=ORIENTED_EDGE('',*,*,#518,.T.);
#658=ORIENTED_EDGE('',*,*,#519,.T.);
#659=ORIENTED_EDGE('',*,*,#515,.F.);
#660=ORIENTED_EDGE('',*,*,#520,.F.);
#661=ORIENTED_EDGE('',*,*,#513,.T.);
#662=ORIENTED_EDGE('',*,*,#521,.T.);
#663=ORIENTED_EDGE('',*,*,#518,.F.);
#664=ORIENTED_EDGE('',*,*,#521,.F.);
#665=ORIENTED_EDGE('',*,*,#512,.F.);
#666=ORIENTED_EDGE('',*,*,#516,.F.);
#667=ORIENTED_EDGE('',*,*,#519,.F.);
#668=ORIENTED_EDGE('',*,*,#522,.F.);
#669=ORIENTED_EDGE('',*,*,#523,.F.);
#670=ORIENTED_EDGE('',*,*,#522,.T.);
#671=ORIENTED_EDGE('',*,*,#524,.F.);
#672=ORIENTED_EDGE('',*,*,#525,.F.);
#673=ORIENTED_EDGE('',*,*,#523,.T.);
#674=ORIENTED_EDGE('',*,*,#524,.T.);
#675=ORIENTED_EDGE('',*,*,#526,.F.);
#676=ORIENTED_EDGE('',*,*,#527,.F.);
#677=ORIENTED_EDGE('',*,*,#528,.F.);
#678=ORIENTED_EDGE('',*,*,#529,.F.);
#679=ORIENTED_EDGE('',*,*,#530,.F.);
#680=ORIENTED_EDGE('',*,*,#531,.F.);
#681=ORIENTED_EDGE('',*,*,#532,.T.);
#682=ORIENTED_EDGE('',*,*,#533,.F.);
#683=ORIENTED_EDGE('',*,*,#534,.F.);
#684=ORIENTED_EDGE('',*,*,#532,.F.);
#685=ORIENTED_EDGE('',*,*,#535,.F.);
#686=ORIENTED_EDGE('',*,*,#528,.T.);
#687=ORIENTED_EDGE('',*,*,#536,.F.);
#688=ORIENTED_EDGE('',*,*,#537,.F.);
#689=ORIENTED_EDGE('',*,*,#538,.F.);
#690=ORIENTED_EDGE('',*,*,#539,.F.);
#691=ORIENTED_EDGE('',*,*,#540,.F.);
#692=ORIENTED_EDGE('',*,*,#541,.F.);
#693=ORIENTED_EDGE('',*,*,#542,.F.);
#694=ORIENTED_EDGE('',*,*,#538,.T.);
#695=ORIENTED_EDGE('',*,*,#543,.F.);
#696=ORIENTED_EDGE('',*,*,#544,.F.);
#697=ORIENTED_EDGE('',*,*,#541,.T.);
#698=ORIENTED_EDGE('',*,*,#545,.F.);
#699=ORIENTED_EDGE('',*,*,#546,.F.);
#700=ORIENTED_EDGE('',*,*,#547,.F.);
#701=ORIENTED_EDGE('',*,*,#548,.T.);
#702=ORIENTED_EDGE('',*,*,#549,.F.);
#703=ORIENTED_EDGE('',*,*,#550,.F.);
#704=ORIENTED_EDGE('',*,*,#548,.F.);
#705=ORIENTED_EDGE('',*,*,#551,.F.);
#706=ORIENTED_EDGE('',*,*,#552,.T.);
#707=ORIENTED_EDGE('',*,*,#553,.F.);
#708=ORIENTED_EDGE('',*,*,#554,.F.);
#709=ORIENTED_EDGE('',*,*,#552,.F.);
#710=ORIENTED_EDGE('',*,*,#555,.F.);
#711=ORIENTED_EDGE('',*,*,#556,.F.);
#712=ORIENTED_EDGE('',*,*,#557,.F.);
#713=ORIENTED_EDGE('',*,*,#558,.F.);
#714=ORIENTED_EDGE('',*,*,#559,.F.);
#715=ORIENTED_EDGE('',*,*,#560,.F.);
#716=ORIENTED_EDGE('',*,*,#561,.F.);
#717=ORIENTED_EDGE('',*,*,#562,.F.);
#718=ORIENTED_EDGE('',*,*,#558,.T.);
#719=ORIENTED_EDGE('',*,*,#563,.F.);
#720=ORIENTED_EDGE('',*,*,#564,.F.);
#721=ORIENTED_EDGE('',*,*,#561,.T.);
#722=ORIENTED_EDGE('',*,*,#565,.F.);
#723=ORIENTED_EDGE('',*,*,#529,.T.);
#724=ORIENTED_EDGE('',*,*,#535,.T.);
#725=ORIENTED_EDGE('',*,*,#531,.T.);
#726=ORIENTED_EDGE('',*,*,#566,.F.);
#727=ORIENTED_EDGE('',*,*,#555,.T.);
#728=ORIENTED_EDGE('',*,*,#551,.T.);
#729=ORIENTED_EDGE('',*,*,#547,.T.);
#730=ORIENTED_EDGE('',*,*,#567,.F.);
#731=ORIENTED_EDGE('',*,*,#568,.F.);
#732=ORIENTED_EDGE('',*,*,#569,.F.);
#733=ORIENTED_EDGE('',*,*,#570,.F.);
#734=ORIENTED_EDGE('',*,*,#571,.F.);
#735=ORIENTED_EDGE('',*,*,#572,.F.);
#736=ORIENTED_EDGE('',*,*,#573,.F.);
#737=ORIENTED_EDGE('',*,*,#546,.T.);
#738=ORIENTED_EDGE('',*,*,#574,.F.);
#739=ORIENTED_EDGE('',*,*,#575,.F.);
#740=ORIENTED_EDGE('',*,*,#567,.T.);
#741=ORIENTED_EDGE('',*,*,#530,.T.);
#742=ORIENTED_EDGE('',*,*,#576,.F.);
#743=ORIENTED_EDGE('',*,*,#553,.T.);
#744=ORIENTED_EDGE('',*,*,#566,.T.);
#745=ORIENTED_EDGE('',*,*,#545,.T.);
#746=ORIENTED_EDGE('',*,*,#540,.T.);
#747=ORIENTED_EDGE('',*,*,#537,.T.);
#748=ORIENTED_EDGE('',*,*,#577,.T.);
#749=ORIENTED_EDGE('',*,*,#578,.T.);
#750=ORIENTED_EDGE('',*,*,#579,.T.);
#751=ORIENTED_EDGE('',*,*,#580,.F.);
#752=ORIENTED_EDGE('',*,*,#581,.T.);
#753=ORIENTED_EDGE('',*,*,#582,.T.);
#754=ORIENTED_EDGE('',*,*,#583,.T.);
#755=ORIENTED_EDGE('',*,*,#565,.T.);
#756=ORIENTED_EDGE('',*,*,#560,.T.);
#757=ORIENTED_EDGE('',*,*,#557,.T.);
#758=ORIENTED_EDGE('',*,*,#584,.T.);
#759=ORIENTED_EDGE('',*,*,#536,.T.);
#760=ORIENTED_EDGE('',*,*,#585,.F.);
#761=ORIENTED_EDGE('',*,*,#586,.T.);
#762=ORIENTED_EDGE('',*,*,#577,.F.);
#763=ORIENTED_EDGE('',*,*,#563,.T.);
#764=ORIENTED_EDGE('',*,*,#583,.F.);
#765=ORIENTED_EDGE('',*,*,#587,.F.);
#766=ORIENTED_EDGE('',*,*,#588,.F.);
#767=ORIENTED_EDGE('',*,*,#589,.F.);
#768=ORIENTED_EDGE('',*,*,#590,.T.);
#769=ORIENTED_EDGE('',*,*,#591,.F.);
#770=ORIENTED_EDGE('',*,*,#592,.F.);
#771=ORIENTED_EDGE('',*,*,#593,.F.);
#772=ORIENTED_EDGE('',*,*,#592,.T.);
#773=ORIENTED_EDGE('',*,*,#594,.F.);
#774=ORIENTED_EDGE('',*,*,#595,.F.);
#775=ORIENTED_EDGE('',*,*,#596,.F.);
#776=ORIENTED_EDGE('',*,*,#595,.T.);
#777=ORIENTED_EDGE('',*,*,#597,.F.);
#778=ORIENTED_EDGE('',*,*,#598,.F.);
#779=ORIENTED_EDGE('',*,*,#599,.F.);
#780=ORIENTED_EDGE('',*,*,#598,.T.);
#781=ORIENTED_EDGE('',*,*,#600,.F.);
#782=ORIENTED_EDGE('',*,*,#590,.F.);
#783=ORIENTED_EDGE('',*,*,#600,.T.);
#784=ORIENTED_EDGE('',*,*,#597,.T.);
#785=ORIENTED_EDGE('',*,*,#594,.T.);
#786=ORIENTED_EDGE('',*,*,#591,.T.);
#787=ORIENTED_EDGE('',*,*,#601,.F.);
#788=ORIENTED_EDGE('',*,*,#602,.T.);
#789=ORIENTED_EDGE('',*,*,#578,.F.);
#790=ORIENTED_EDGE('',*,*,#586,.F.);
#791=ORIENTED_EDGE('',*,*,#543,.T.);
#792=ORIENTED_EDGE('',*,*,#584,.F.);
#793=ORIENTED_EDGE('',*,*,#556,.T.);
#794=ORIENTED_EDGE('',*,*,#603,.F.);
#795=ORIENTED_EDGE('',*,*,#604,.F.);
#796=ORIENTED_EDGE('',*,*,#587,.T.);
#797=ORIENTED_EDGE('',*,*,#582,.F.);
#798=ORIENTED_EDGE('',*,*,#605,.F.);
#799=ORIENTED_EDGE('',*,*,#544,.T.);
#800=ORIENTED_EDGE('',*,*,#603,.T.);
#801=ORIENTED_EDGE('',*,*,#559,.T.);
#802=ORIENTED_EDGE('',*,*,#562,.T.);
#803=ORIENTED_EDGE('',*,*,#564,.T.);
#804=ORIENTED_EDGE('',*,*,#588,.T.);
#805=ORIENTED_EDGE('',*,*,#604,.T.);
#806=ORIENTED_EDGE('',*,*,#606,.T.);
#807=ORIENTED_EDGE('',*,*,#607,.F.);
#808=ORIENTED_EDGE('',*,*,#608,.T.);
#809=ORIENTED_EDGE('',*,*,#601,.T.);
#810=ORIENTED_EDGE('',*,*,#585,.T.);
#811=ORIENTED_EDGE('',*,*,#539,.T.);
#812=ORIENTED_EDGE('',*,*,#542,.T.);
#813=ORIENTED_EDGE('',*,*,#572,.T.);
#814=ORIENTED_EDGE('',*,*,#609,.T.);
#815=ORIENTED_EDGE('',*,*,#610,.F.);
#816=ORIENTED_EDGE('',*,*,#611,.F.);
#817=ORIENTED_EDGE('',*,*,#526,.T.);
#818=ORIENTED_EDGE('',*,*,#573,.T.);
#819=ORIENTED_EDGE('',*,*,#611,.T.);
#820=ORIENTED_EDGE('',*,*,#612,.F.);
#821=ORIENTED_EDGE('',*,*,#568,.T.);
#822=ORIENTED_EDGE('',*,*,#575,.T.);
#823=ORIENTED_EDGE('',*,*,#613,.F.);
#824=ORIENTED_EDGE('',*,*,#614,.F.);
#825=ORIENTED_EDGE('',*,*,#527,.T.);
#826=ORIENTED_EDGE('',*,*,#612,.T.);
#827=ORIENTED_EDGE('',*,*,#610,.T.);
#828=ORIENTED_EDGE('',*,*,#615,.T.);
#829=ORIENTED_EDGE('',*,*,#616,.F.);
#830=ORIENTED_EDGE('',*,*,#617,.T.);
#831=ORIENTED_EDGE('',*,*,#613,.T.);
#832=ORIENTED_EDGE('',*,*,#574,.T.);
#833=ORIENTED_EDGE('',*,*,#549,.T.);
#834=ORIENTED_EDGE('',*,*,#550,.T.);
#835=ORIENTED_EDGE('',*,*,#554,.T.);
#836=ORIENTED_EDGE('',*,*,#576,.T.);
#837=ORIENTED_EDGE('',*,*,#533,.T.);
#838=ORIENTED_EDGE('',*,*,#534,.T.);
#839=ORIENTED_EDGE('',*,*,#589,.T.);
#840=ORIENTED_EDGE('',*,*,#593,.T.);
#841=ORIENTED_EDGE('',*,*,#596,.T.);
#842=ORIENTED_EDGE('',*,*,#599,.T.);
#843=ORIENTED_EDGE('',*,*,#580,.T.);
#844=ORIENTED_EDGE('',*,*,#618,.T.);
#845=ORIENTED_EDGE('',*,*,#619,.F.);
#846=ORIENTED_EDGE('',*,*,#620,.F.);
#847=ORIENTED_EDGE('',*,*,#607,.T.);
#848=ORIENTED_EDGE('',*,*,#621,.F.);
#849=ORIENTED_EDGE('',*,*,#622,.T.);
#850=ORIENTED_EDGE('',*,*,#623,.T.);
#851=ORIENTED_EDGE('',*,*,#570,.T.);
#852=ORIENTED_EDGE('',*,*,#624,.F.);
#853=ORIENTED_EDGE('',*,*,#625,.T.);
#854=ORIENTED_EDGE('',*,*,#626,.T.);
#855=ORIENTED_EDGE('',*,*,#627,.F.);
#856=ORIENTED_EDGE('',*,*,#628,.F.);
#857=ORIENTED_EDGE('',*,*,#525,.T.);
#858=ORIENTED_EDGE('',*,*,#627,.T.);
#859=ORIENTED_EDGE('',*,*,#629,.F.);
#860=ORIENTED_EDGE('',*,*,#630,.T.);
#861=ORIENTED_EDGE('',*,*,#631,.F.);
#862=ORIENTED_EDGE('',*,*,#632,.F.);
#863=ORIENTED_EDGE('',*,*,#633,.F.);
#864=ORIENTED_EDGE('',*,*,#632,.T.);
#865=ORIENTED_EDGE('',*,*,#634,.F.);
#866=ORIENTED_EDGE('',*,*,#635,.F.);
#867=ORIENTED_EDGE('',*,*,#636,.F.);
#868=ORIENTED_EDGE('',*,*,#635,.T.);
#869=ORIENTED_EDGE('',*,*,#637,.F.);
#870=ORIENTED_EDGE('',*,*,#638,.F.);
#871=ORIENTED_EDGE('',*,*,#639,.F.);
#872=ORIENTED_EDGE('',*,*,#638,.T.);
#873=ORIENTED_EDGE('',*,*,#640,.F.);
#874=ORIENTED_EDGE('',*,*,#630,.F.);
#875=ORIENTED_EDGE('',*,*,#510,.T.);
#876=ORIENTED_EDGE('',*,*,#520,.T.);
#877=ORIENTED_EDGE('',*,*,#517,.T.);
#878=ORIENTED_EDGE('',*,*,#514,.T.);
#879=ORIENTED_EDGE('',*,*,#628,.T.);
#880=ORIENTED_EDGE('',*,*,#640,.T.);
#881=ORIENTED_EDGE('',*,*,#637,.T.);
#882=ORIENTED_EDGE('',*,*,#634,.T.);
#883=ORIENTED_EDGE('',*,*,#631,.T.);
#884=ORIENTED_EDGE('',*,*,#641,.T.);
#885=ORIENTED_EDGE('',*,*,#621,.T.);
#886=ORIENTED_EDGE('',*,*,#606,.F.);
#887=ORIENTED_EDGE('',*,*,#605,.T.);
#888=ORIENTED_EDGE('',*,*,#581,.F.);
#889=ORIENTED_EDGE('',*,*,#620,.T.);
#890=ORIENTED_EDGE('',*,*,#642,.F.);
#891=ORIENTED_EDGE('',*,*,#643,.F.);
#892=ORIENTED_EDGE('',*,*,#615,.F.);
#893=ORIENTED_EDGE('',*,*,#609,.F.);
#894=ORIENTED_EDGE('',*,*,#571,.T.);
#895=ORIENTED_EDGE('',*,*,#626,.F.);
#896=ORIENTED_EDGE('',*,*,#616,.T.);
#897=ORIENTED_EDGE('',*,*,#643,.T.);
#898=ORIENTED_EDGE('',*,*,#644,.F.);
#899=ORIENTED_EDGE('',*,*,#645,.F.);
#900=ORIENTED_EDGE('',*,*,#646,.T.);
#901=ORIENTED_EDGE('',*,*,#624,.T.);
#902=ORIENTED_EDGE('',*,*,#569,.T.);
#903=ORIENTED_EDGE('',*,*,#614,.T.);
#904=ORIENTED_EDGE('',*,*,#617,.F.);
#905=ORIENTED_EDGE('',*,*,#645,.T.);
#906=ORIENTED_EDGE('',*,*,#647,.F.);
#907=ORIENTED_EDGE('',*,*,#618,.F.);
#908=ORIENTED_EDGE('',*,*,#579,.F.);
#909=ORIENTED_EDGE('',*,*,#602,.F.);
#910=ORIENTED_EDGE('',*,*,#608,.F.);
#911=ORIENTED_EDGE('',*,*,#623,.F.);
#912=ORIENTED_EDGE('',*,*,#619,.T.);
#913=ORIENTED_EDGE('',*,*,#647,.T.);
#914=ORIENTED_EDGE('',*,*,#644,.T.);
#915=ORIENTED_EDGE('',*,*,#642,.T.);
#916=ORIENTED_EDGE('',*,*,#629,.T.);
#917=ORIENTED_EDGE('',*,*,#633,.T.);
#918=ORIENTED_EDGE('',*,*,#636,.T.);
#919=ORIENTED_EDGE('',*,*,#639,.T.);
#920=ORIENTED_EDGE('',*,*,#622,.F.);
#921=ORIENTED_EDGE('',*,*,#641,.F.);
#922=ORIENTED_EDGE('',*,*,#625,.F.);
#923=ORIENTED_EDGE('',*,*,#646,.F.);
#924=PLANE('',#1020);
#925=PLANE('',#1021);
#926=PLANE('',#1022);
#927=PLANE('',#1023);
#928=PLANE('',#1024);
#929=PLANE('',#1028);
#930=PLANE('',#1032);
#931=PLANE('',#1033);
#932=PLANE('',#1034);
#933=PLANE('',#1038);
#934=PLANE('',#1042);
#935=PLANE('',#1043);
#936=PLANE('',#1047);
#937=PLANE('',#1048);
#938=PLANE('',#1052);
#939=PLANE('',#1053);
#940=PLANE('',#1056);
#941=PLANE('',#1057);
#942=PLANE('',#1058);
#943=PLANE('',#1061);
#944=PLANE('',#1062);
#945=PLANE('',#1065);
#946=PLANE('',#1068);
#947=PLANE('',#1071);
#948=PLANE('',#1074);
#949=PLANE('',#1077);
#950=PLANE('',#1078);
#951=PLANE('',#1079);
#952=PLANE('',#1080);
#953=PLANE('',#1084);
#954=PLANE('',#1088);
#955=PLANE('',#1092);
#956=PLANE('',#1093);
#957=PLANE('',#1094);
#958=PLANE('',#1095);
#959=PLANE('',#1096);
#960=PLANE('',#1097);
#961=PLANE('',#1098);
#962=ADVANCED_FACE('',(#98),#924,.F.);
#963=ADVANCED_FACE('',(#99),#925,.F.);
#964=ADVANCED_FACE('',(#100),#926,.F.);
#965=ADVANCED_FACE('',(#101),#927,.F.);
#966=ADVANCED_FACE('',(#102),#928,.F.);
#967=ADVANCED_FACE('',(#103,#25),#67,.T.);
#968=ADVANCED_FACE('',(#104),#929,.T.);
#969=ADVANCED_FACE('',(#105,#26),#68,.T.);
#970=ADVANCED_FACE('',(#27,#28),#930,.T.);
#971=ADVANCED_FACE('',(#106),#931,.F.);
#972=ADVANCED_FACE('',(#107),#932,.F.);
#973=ADVANCED_FACE('',(#108),#69,.F.);
#974=ADVANCED_FACE('',(#109),#933,.F.);
#975=ADVANCED_FACE('',(#110),#70,.F.);
#976=ADVANCED_FACE('',(#111),#934,.F.);
#977=ADVANCED_FACE('',(#112),#935,.F.);
#978=ADVANCED_FACE('',(#113),#71,.F.);
#979=ADVANCED_FACE('',(#114),#936,.F.);
#980=ADVANCED_FACE('',(#115),#937,.F.);
#981=ADVANCED_FACE('',(#116),#72,.F.);
#982=ADVANCED_FACE('',(#117),#938,.F.);
#983=ADVANCED_FACE('',(#118),#939,.T.);
#984=ADVANCED_FACE('',(#119),#940,.T.);
#985=ADVANCED_FACE('',(#120),#941,.T.);
#986=ADVANCED_FACE('',(#121),#942,.F.);
#987=ADVANCED_FACE('',(#122),#943,.T.);
#988=ADVANCED_FACE('',(#123),#944,.T.);
#989=ADVANCED_FACE('',(#124),#21,.T.);
#990=ADVANCED_FACE('',(#125),#22,.T.);
#991=ADVANCED_FACE('',(#126),#23,.T.);
#992=ADVANCED_FACE('',(#127),#24,.T.);
#993=ADVANCED_FACE('',(#128),#945,.T.);
#994=ADVANCED_FACE('',(#129),#73,.T.);
#995=ADVANCED_FACE('',(#130),#946,.T.);
#996=ADVANCED_FACE('',(#131),#74,.T.);
#997=ADVANCED_FACE('',(#132),#947,.T.);
#998=ADVANCED_FACE('',(#133),#75,.T.);
#999=ADVANCED_FACE('',(#134),#948,.T.);
#1000=ADVANCED_FACE('',(#135),#76,.T.);
#1001=ADVANCED_FACE('',(#136),#949,.F.);
#1002=ADVANCED_FACE('',(#29,#30),#950,.T.);
#1003=ADVANCED_FACE('',(#137),#951,.T.);
#1004=ADVANCED_FACE('',(#138),#952,.T.);
#1005=ADVANCED_FACE('',(#139,#31),#77,.T.);
#1006=ADVANCED_FACE('',(#32,#33),#953,.T.);
#1007=ADVANCED_FACE('',(#140),#78,.T.);
#1008=ADVANCED_FACE('',(#141),#954,.T.);
#1009=ADVANCED_FACE('',(#142),#79,.T.);
#1010=ADVANCED_FACE('',(#143),#955,.T.);
#1011=ADVANCED_FACE('',(#34,#35,#36),#956,.T.);
#1012=ADVANCED_FACE('',(#144),#957,.T.);
#1013=ADVANCED_FACE('',(#145),#958,.T.);
#1014=ADVANCED_FACE('',(#146),#959,.T.);
#1015=ADVANCED_FACE('',(#147),#960,.T.);
#1016=ADVANCED_FACE('',(#37,#38),#961,.T.);
#1017=CLOSED_SHELL('',(#962,#963,#964,#965,#966,#967,#968,#969,#970,#971,
#972,#973,#974,#975,#976,#977,#978,#979,#980,#981,#982,#983,#984,#985,#986,
#987,#988,#989,#990,#991,#992,#993,#994,#995,#996,#997,#998,#999,#1000,
#1001,#1002,#1003,#1004,#1005,#1006,#1007,#1008,#1009,#1010,#1011,#1012,
#1013,#1014,#1015,#1016));
#1018=MANIFOLD_SOLID_BREP('Volumenk\X\F6rper1',#1017);
#1019=AXIS2_PLACEMENT_3D('placement',#1361,#1099,#1100);
#1020=AXIS2_PLACEMENT_3D('',#1362,#1101,#1102);
#1021=AXIS2_PLACEMENT_3D('',#1371,#1107,#1108);
#1022=AXIS2_PLACEMENT_3D('',#1377,#1112,#1113);
#1023=AXIS2_PLACEMENT_3D('',#1383,#1117,#1118);
#1024=AXIS2_PLACEMENT_3D('',#1386,#1121,#1122);
#1025=AXIS2_PLACEMENT_3D('',#1387,#1123,#1124);
#1026=AXIS2_PLACEMENT_3D('',#1389,#1125,#1126);
#1027=AXIS2_PLACEMENT_3D('',#1391,#1127,#1128);
#1028=AXIS2_PLACEMENT_3D('',#1392,#1129,#1130);
#1029=AXIS2_PLACEMENT_3D('',#1393,#1131,#1132);
#1030=AXIS2_PLACEMENT_3D('',#1395,#1133,#1134);
#1031=AXIS2_PLACEMENT_3D('',#1397,#1135,#1136);
#1032=AXIS2_PLACEMENT_3D('',#1398,#1137,#1138);
#1033=AXIS2_PLACEMENT_3D('',#1399,#1139,#1140);
#1034=AXIS2_PLACEMENT_3D('',#1408,#1145,#1146);
#1035=AXIS2_PLACEMENT_3D('',#1417,#1151,#1152);
#1036=AXIS2_PLACEMENT_3D('',#1418,#1153,#1154);
#1037=AXIS2_PLACEMENT_3D('',#1419,#1155,#1156);
#1038=AXIS2_PLACEMENT_3D('',#1420,#1157,#1158);
#1039=AXIS2_PLACEMENT_3D('',#1429,#1163,#1164);
#1040=AXIS2_PLACEMENT_3D('',#1431,#1165,#1166);
#1041=AXIS2_PLACEMENT_3D('',#1434,#1168,#1169);
#1042=AXIS2_PLACEMENT_3D('',#1435,#1170,#1171);
#1043=AXIS2_PLACEMENT_3D('',#1441,#1175,#1176);
#1044=AXIS2_PLACEMENT_3D('',#1450,#1181,#1182);
#1045=AXIS2_PLACEMENT_3D('',#1452,#1183,#1184);
#1046=AXIS2_PLACEMENT_3D('',#1454,#1185,#1186);
#1047=AXIS2_PLACEMENT_3D('',#1456,#1188,#1189);
#1048=AXIS2_PLACEMENT_3D('',#1462,#1193,#1194);
#1049=AXIS2_PLACEMENT_3D('',#1471,#1199,#1200);
#1050=AXIS2_PLACEMENT_3D('',#1473,#1201,#1202);
#1051=AXIS2_PLACEMENT_3D('',#1476,#1204,#1205);
#1052=AXIS2_PLACEMENT_3D('',#1477,#1206,#1207);
#1053=AXIS2_PLACEMENT_3D('',#1483,#1211,#1212);
#1054=AXIS2_PLACEMENT_3D('',#1488,#1215,#1216);
#1055=AXIS2_PLACEMENT_3D('',#1496,#1220,#1221);
#1056=AXIS2_PLACEMENT_3D('',#1498,#1223,#1224);
#1057=AXIS2_PLACEMENT_3D('',#1502,#1227,#1228);
#1058=AXIS2_PLACEMENT_3D('',#1504,#1230,#1231);
#1059=AXIS2_PLACEMENT_3D('',#1508,#1233,#1234);
#1060=AXIS2_PLACEMENT_3D('',#1516,#1238,#1239);
#1061=AXIS2_PLACEMENT_3D('',#1519,#1242,#1243);
#1062=AXIS2_PLACEMENT_3D('',#1523,#1246,#1247);
#1063=AXIS2_PLACEMENT_3D('',#1738,#1250,#1251);
#1064=AXIS2_PLACEMENT_3D('',#2061,#1253,#1254);
#1065=AXIS2_PLACEMENT_3D('',#2192,#1256,#1257);
#1066=AXIS2_PLACEMENT_3D('',#2193,#1258,#1259);
#1067=AXIS2_PLACEMENT_3D('',#2195,#1260,#1261);
#1068=AXIS2_PLACEMENT_3D('',#2197,#1263,#1264);
#1069=AXIS2_PLACEMENT_3D('',#2199,#1266,#1267);
#1070=AXIS2_PLACEMENT_3D('',#2201,#1268,#1269);
#1071=AXIS2_PLACEMENT_3D('',#2203,#1271,#1272);
#1072=AXIS2_PLACEMENT_3D('',#2209,#1276,#1277);
#1073=AXIS2_PLACEMENT_3D('',#2213,#1279,#1280);
#1074=AXIS2_PLACEMENT_3D('',#2215,#1282,#1283);
#1075=AXIS2_PLACEMENT_3D('',#2217,#1285,#1286);
#1076=AXIS2_PLACEMENT_3D('',#2219,#1287,#1288);
#1077=AXIS2_PLACEMENT_3D('',#2221,#1290,#1291);
#1078=AXIS2_PLACEMENT_3D('',#2227,#1295,#1296);
#1079=AXIS2_PLACEMENT_3D('',#2233,#1300,#1301);
#1080=AXIS2_PLACEMENT_3D('',#2239,#1305,#1306);
#1081=AXIS2_PLACEMENT_3D('',#2245,#1310,#1311);
#1082=AXIS2_PLACEMENT_3D('',#2247,#1312,#1313);
#1083=AXIS2_PLACEMENT_3D('',#2249,#1314,#1315);
#1084=AXIS2_PLACEMENT_3D('',#2250,#1316,#1317);
#1085=AXIS2_PLACEMENT_3D('',#2251,#1318,#1319);
#1086=AXIS2_PLACEMENT_3D('',#2254,#1320,#1321);
#1087=AXIS2_PLACEMENT_3D('',#2258,#1323,#1324);
#1088=AXIS2_PLACEMENT_3D('',#2260,#1326,#1327);
#1089=AXIS2_PLACEMENT_3D('',#2266,#1331,#1332);
#1090=AXIS2_PLACEMENT_3D('',#2268,#1333,#1334);
#1091=AXIS2_PLACEMENT_3D('',#2270,#1335,#1336);
#1092=AXIS2_PLACEMENT_3D('',#2272,#1338,#1339);
#1093=AXIS2_PLACEMENT_3D('',#2275,#1342,#1343);
#1094=AXIS2_PLACEMENT_3D('',#2276,#1344,#1345);
#1095=AXIS2_PLACEMENT_3D('',#2281,#1349,#1350);
#1096=AXIS2_PLACEMENT_3D('',#2285,#1353,#1354);
#1097=AXIS2_PLACEMENT_3D('',#2288,#1357,#1358);
#1098=AXIS2_PLACEMENT_3D('',#2289,#1359,#1360);
#1099=DIRECTION('axis',(0.,0.,1.));
#1100=DIRECTION('refdir',(1.,0.,0.));
#1101=DIRECTION('center_axis',(-1.,2.36872281234677E-016,0.));
#1102=DIRECTION('ref_axis',(1.77635683940025E-016,1.,0.));
#1103=DIRECTION('',(2.36872281234677E-016,1.,0.));
#1104=DIRECTION('',(0.,0.,-1.));
#1105=DIRECTION('',(2.36872281234677E-016,1.,0.));
#1106=DIRECTION('',(0.,0.,-1.));
#1107=DIRECTION('center_axis',(0.,-1.,0.));
#1108=DIRECTION('ref_axis',(-1.,0.,0.));
#1109=DIRECTION('',(-1.,0.,0.));
#1110=DIRECTION('',(0.,0.,-1.));
#1111=DIRECTION('',(-1.,0.,0.));
#1112=DIRECTION('center_axis',(1.,2.36872281234677E-016,0.));
#1113=DIRECTION('ref_axis',(1.77635683940025E-016,-1.,0.));
#1114=DIRECTION('',(2.36872281234677E-016,-1.,0.));
#1115=DIRECTION('',(0.,0.,-1.));
#1116=DIRECTION('',(2.36872281234677E-016,-1.,0.));
#1117=DIRECTION('center_axis',(0.,1.,0.));
#1118=DIRECTION('ref_axis',(1.,0.,0.));
#1119=DIRECTION('',(1.,0.,0.));
#1120=DIRECTION('',(1.,0.,0.));
#1121=DIRECTION('center_axis',(0.,0.,-1.));
#1122=DIRECTION('ref_axis',(-1.,0.,0.));
#1123=DIRECTION('center_axis',(0.,0.,1.));
#1124=DIRECTION('ref_axis',(-1.,0.,0.));
#1125=DIRECTION('center_axis',(0.,0.,1.));
#1126=DIRECTION('ref_axis',(-1.,0.,0.));
#1127=DIRECTION('center_axis',(0.,0.,-1.));
#1128=DIRECTION('ref_axis',(-1.,0.,0.));
#1129=DIRECTION('center_axis',(0.,0.,1.));
#1130=DIRECTION('ref_axis',(1.,0.,0.));
#1131=DIRECTION('center_axis',(0.,0.,1.));
#1132=DIRECTION('ref_axis',(-1.,0.,0.));
#1133=DIRECTION('center_axis',(0.,0.,1.));
#1134=DIRECTION('ref_axis',(-1.,0.,0.));
#1135=DIRECTION('center_axis',(0.,0.,-1.));
#1136=DIRECTION('ref_axis',(-1.,0.,0.));
#1137=DIRECTION('center_axis',(0.,0.,1.));
#1138=DIRECTION('ref_axis',(1.,0.,0.));
#1139=DIRECTION('center_axis',(-1.,0.,0.));
#1140=DIRECTION('ref_axis',(0.,1.,0.));
#1141=DIRECTION('',(0.,0.,1.));
#1142=DIRECTION('',(0.,-1.,0.));
#1143=DIRECTION('',(0.,0.,-1.));
#1144=DIRECTION('',(0.,1.,0.));
#1145=DIRECTION('center_axis',(1.,-4.90803725782838E-016,0.));
#1146=DIRECTION('ref_axis',(-5.32907051820075E-016,-1.,0.));
#1147=DIRECTION('',(0.,0.,-1.));
#1148=DIRECTION('',(-4.90803725782838E-016,-1.,0.));
#1149=DIRECTION('',(0.,0.,-1.));
#1150=DIRECTION('',(4.90803725782838E-016,1.,0.));
#1151=DIRECTION('center_axis',(0.,0.,-1.));
#1152=DIRECTION('ref_axis',(0.375000000000001,-0.927024810886958,0.));
#1153=DIRECTION('center_axis',(0.,0.,1.));
#1154=DIRECTION('ref_axis',(0.375000000000001,-0.927024810886958,0.));
#1155=DIRECTION('center_axis',(0.,0.,-1.));
#1156=DIRECTION('ref_axis',(0.375000000000001,-0.927024810886958,0.));
#1157=DIRECTION('center_axis',(1.,-4.30490415007572E-016,0.));
#1158=DIRECTION('ref_axis',(-4.44089209850063E-016,-1.,0.));
#1159=DIRECTION('',(0.,0.,1.));
#1160=DIRECTION('',(4.30490415007572E-016,1.,0.));
#1161=DIRECTION('',(0.,0.,-1.));
#1162=DIRECTION('',(-4.30490415007572E-016,-1.,0.));
#1163=DIRECTION('center_axis',(0.,0.,-1.));
#1164=DIRECTION('ref_axis',(0.375,-0.927024810886958,0.));
#1165=DIRECTION('center_axis',(0.,0.,1.));
#1166=DIRECTION('ref_axis',(0.375,-0.927024810886958,0.));
#1167=DIRECTION('',(0.,0.,-1.));
#1168=DIRECTION('center_axis',(0.,0.,-1.));
#1169=DIRECTION('ref_axis',(0.375,-0.927024810886958,0.));
#1170=DIRECTION('center_axis',(-1.,6.45735622511358E-016,0.));
#1171=DIRECTION('ref_axis',(6.21724893790088E-016,1.,0.));
#1172=DIRECTION('',(0.,0.,-1.));
#1173=DIRECTION('',(6.45735622511358E-016,1.,0.));
#1174=DIRECTION('',(-6.45735622511358E-016,-1.,0.));
#1175=DIRECTION('center_axis',(1.,2.45401862891419E-015,0.));
#1176=DIRECTION('ref_axis',(2.48689957516035E-015,-1.,0.));
#1177=DIRECTION('',(0.,0.,-1.));
#1178=DIRECTION('',(2.45401862891419E-015,-1.,0.));
#1179=DIRECTION('',(0.,0.,-1.));
#1180=DIRECTION('',(-2.45401862891419E-015,1.,0.));
#1181=DIRECTION('center_axis',(0.,0.,-1.));
#1182=DIRECTION('ref_axis',(0.375,-0.927024810886958,0.));
#1183=DIRECTION('center_axis',(0.,0.,1.));
#1184=DIRECTION('ref_axis',(0.375,-0.927024810886958,0.));
#1185=DIRECTION('center_axis',(0.,0.,-1.));
#1186=DIRECTION('ref_axis',(0.375,-0.927024810886958,0.));
#1187=DIRECTION('',(0.,0.,-1.));
#1188=DIRECTION('center_axis',(-1.,2.94482235469703E-015,0.));
#1189=DIRECTION('ref_axis',(2.93098878501041E-015,1.,0.));
#1190=DIRECTION('',(0.,0.,1.));
#1191=DIRECTION('',(-2.94482235469703E-015,-1.,0.));
#1192=DIRECTION('',(2.94482235469703E-015,1.,0.));
#1193=DIRECTION('center_axis',(1.,4.30490415007572E-016,0.));
#1194=DIRECTION('ref_axis',(4.44089209850063E-016,-1.,0.));
#1195=DIRECTION('',(0.,0.,1.));
#1196=DIRECTION('',(-4.30490415007572E-016,1.,0.));
#1197=DIRECTION('',(0.,0.,-1.));
#1198=DIRECTION('',(4.30490415007572E-016,-1.,0.));
#1199=DIRECTION('center_axis',(0.,0.,-1.));
#1200=DIRECTION('ref_axis',(0.375000000000001,-0.927024810886957,0.));
#1201=DIRECTION('center_axis',(0.,0.,1.));
#1202=DIRECTION('ref_axis',(0.375000000000001,-0.927024810886957,0.));
#1203=DIRECTION('',(0.,0.,-1.));
#1204=DIRECTION('center_axis',(0.,0.,-1.));
#1205=DIRECTION('ref_axis',(0.375000000000001,-0.927024810886957,0.));
#1206=DIRECTION('center_axis',(-1.,1.29147124502272E-015,0.));
#1207=DIRECTION('ref_axis',(1.33226762955019E-015,1.,0.));
#1208=DIRECTION('',(0.,0.,-1.));
#1209=DIRECTION('',(1.29147124502272E-015,1.,0.));
#1210=DIRECTION('',(-1.29147124502272E-015,-1.,0.));
#1211=DIRECTION('center_axis',(0.,0.,1.));
#1212=DIRECTION('ref_axis',(1.,0.,0.));
#1213=DIRECTION('',(-1.,0.,0.));
#1214=DIRECTION('',(-1.,0.,0.));
#1215=DIRECTION('center_axis',(0.,0.,-1.));
#1216=DIRECTION('ref_axis',(-5.55111512312577E-016,1.,0.));
#1217=DIRECTION('',(2.66453525910038E-015,-1.,0.));
#1218=DIRECTION('',(1.,0.,0.));
#1219=DIRECTION('',(4.44089209850062E-016,1.,0.));
#1220=DIRECTION('center_axis',(0.,0.,-1.));
#1221=DIRECTION('ref_axis',(1.,0.,0.));
#1222=DIRECTION('',(-1.,0.,0.));
#1223=DIRECTION('center_axis',(0.,-1.,0.));
#1224=DIRECTION('ref_axis',(-1.,0.,0.));
#1225=DIRECTION('',(-1.,0.,0.));
#1226=DIRECTION('',(0.,0.,-1.));
#1227=DIRECTION('center_axis',(0.,-1.,0.));
#1228=DIRECTION('ref_axis',(-1.,0.,0.));
#1229=DIRECTION('',(-1.,0.,0.));
#1230=DIRECTION('center_axis',(0.,0.,1.));
#1231=DIRECTION('ref_axis',(1.,0.,0.));
#1232=DIRECTION('',(1.,2.77555756156289E-016,0.));
#1233=DIRECTION('center_axis',(0.,0.,-1.));
#1234=DIRECTION('ref_axis',(1.,0.,0.));
#1235=DIRECTION('',(0.,-1.,0.));
#1236=DIRECTION('',(1.,0.,0.));
#1237=DIRECTION('',(4.44089209850063E-016,1.,0.));
#1238=DIRECTION('center_axis',(0.,0.,-1.));
#1239=DIRECTION('ref_axis',(0.,1.,0.));
#1240=DIRECTION('',(1.,2.77555756156289E-016,0.));
#1241=DIRECTION('',(1.,2.77555756156289E-016,0.));
#1242=DIRECTION('center_axis',(-2.77555756156289E-016,1.,0.));
#1243=DIRECTION('ref_axis',(1.,3.5527136788005E-016,0.));
#1244=DIRECTION('',(-1.,-2.77555756156289E-016,0.));
#1245=DIRECTION('',(0.,0.,-1.));
#1246=DIRECTION('center_axis',(-2.77555756156289E-016,1.,0.));
#1247=DIRECTION('ref_axis',(1.,3.5527136788005E-016,0.));
#1248=DIRECTION('',(0.,0.,-1.));
#1249=DIRECTION('',(-1.,-2.77555756156289E-016,0.));
#1250=DIRECTION('center_axis',(0.,0.838770164333281,0.544485639318725));
#1251=DIRECTION('ref_axis',(0.,0.544485639318725,-0.838770164333281));
#1252=DIRECTION('',(1.,0.,0.));
#1253=DIRECTION('center_axis',(0.,0.838770164333281,0.544485639318725));
#1254=DIRECTION('ref_axis',(0.,-0.544485639318725,0.838770164333281));
#1255=DIRECTION('',(-1.,0.,0.));
#1256=DIRECTION('center_axis',(0.,0.838770164333281,0.544485639318725));
#1257=DIRECTION('ref_axis',(0.,-0.544485639318725,0.838770164333281));
#1258=DIRECTION('center_axis',(0.,0.,-1.));
#1259=DIRECTION('ref_axis',(1.,0.,0.));
#1260=DIRECTION('center_axis',(0.,0.,1.));
#1261=DIRECTION('ref_axis',(1.,0.,0.));
#1262=DIRECTION('',(0.,0.,-1.));
#1263=DIRECTION('center_axis',(-2.77555756156289E-016,1.,0.));
#1264=DIRECTION('ref_axis',(1.,3.5527136788005E-016,0.));
#1265=DIRECTION('',(-1.,-2.77555756156289E-016,0.));
#1266=DIRECTION('center_axis',(0.,0.,-1.));
#1267=DIRECTION('ref_axis',(0.,1.,0.));
#1268=DIRECTION('center_axis',(0.,0.,1.));
#1269=DIRECTION('ref_axis',(0.,1.,0.));
#1270=DIRECTION('',(0.,0.,-1.));
#1271=DIRECTION('center_axis',(0.,0.,1.));
#1272=DIRECTION('ref_axis',(1.,0.,0.));
#1273=DIRECTION('',(-4.44089209850063E-016,-1.,0.));
#1274=DIRECTION('',(-1.,0.,0.));
#1275=DIRECTION('',(0.,1.,0.));
#1276=DIRECTION('center_axis',(0.,0.,-1.));
#1277=DIRECTION('ref_axis',(1.,0.,0.));
#1278=DIRECTION('',(0.,0.,-1.));
#1279=DIRECTION('center_axis',(0.,0.,-1.));
#1280=DIRECTION('ref_axis',(1.,0.,0.));
#1281=DIRECTION('',(0.,0.,-1.));
#1282=DIRECTION('center_axis',(0.,-1.,0.));
#1283=DIRECTION('ref_axis',(-1.,0.,0.));
#1284=DIRECTION('',(-1.,0.,0.));
#1285=DIRECTION('center_axis',(0.,0.,-1.));
#1286=DIRECTION('ref_axis',(-5.55111512312577E-016,1.,0.));
#1287=DIRECTION('center_axis',(0.,0.,-1.));
#1288=DIRECTION('ref_axis',(-5.55111512312577E-016,1.,0.));
#1289=DIRECTION('',(0.,0.,-1.));
#1290=DIRECTION('center_axis',(0.,0.,1.));
#1291=DIRECTION('ref_axis',(1.,0.,0.));
#1292=DIRECTION('',(4.44089209850062E-016,1.,0.));
#1293=DIRECTION('',(-1.,0.,0.));
#1294=DIRECTION('',(2.66453525910038E-015,-1.,0.));
#1295=DIRECTION('center_axis',(0.,1.,0.));
#1296=DIRECTION('ref_axis',(1.,0.,0.));
#1297=DIRECTION('',(0.,0.,-1.));
#1298=DIRECTION('',(1.,0.,0.));
#1299=DIRECTION('',(0.,0.,-1.));
#1300=DIRECTION('center_axis',(0.,1.,0.));
#1301=DIRECTION('ref_axis',(1.,0.,0.));
#1302=DIRECTION('',(0.,0.,-1.));
#1303=DIRECTION('',(1.,0.,0.));
#1304=DIRECTION('',(0.,0.,-1.));
#1305=DIRECTION('center_axis',(0.,-1.,0.));
#1306=DIRECTION('ref_axis',(-1.,0.,0.));
#1307=DIRECTION('',(0.,0.,-1.));
#1308=DIRECTION('',(-1.,0.,0.));
#1309=DIRECTION('',(0.,0.,-1.));
#1310=DIRECTION('center_axis',(0.,0.,1.));
#1311=DIRECTION('ref_axis',(-1.,0.,0.));
#1312=DIRECTION('center_axis',(0.,0.,1.));
#1313=DIRECTION('ref_axis',(-1.,0.,0.));
#1314=DIRECTION('center_axis',(0.,0.,-1.));
#1315=DIRECTION('ref_axis',(-1.,0.,0.));
#1316=DIRECTION('center_axis',(0.,0.,1.));
#1317=DIRECTION('ref_axis',(1.,0.,0.));
#1318=DIRECTION('center_axis',(0.,0.,1.));
#1319=DIRECTION('ref_axis',(1.,2.95937027512416E-016,0.));
#1320=DIRECTION('center_axis',(0.,0.,-1.));
#1321=DIRECTION('ref_axis',(1.,2.95937027512416E-016,0.));
#1322=DIRECTION('',(0.,0.,1.));
#1323=DIRECTION('center_axis',(0.,0.,1.));
#1324=DIRECTION('ref_axis',(1.,2.95937027512416E-016,0.));
#1325=DIRECTION('',(0.,0.,1.));
#1326=DIRECTION('center_axis',(1.,2.77555756156289E-016,0.));
#1327=DIRECTION('ref_axis',(-3.5527136788005E-016,1.,0.));
#1328=DIRECTION('',(2.77555756156289E-016,-1.,0.));
#1329=DIRECTION('',(-2.77555756156289E-016,1.,0.));
#1330=DIRECTION('',(0.,0.,1.));
#1331=DIRECTION('center_axis',(0.,0.,1.));
#1332=DIRECTION('ref_axis',(-1.,0.,0.));
#1333=DIRECTION('center_axis',(0.,0.,-1.));
#1334=DIRECTION('ref_axis',(-1.,0.,0.));
#1335=DIRECTION('center_axis',(0.,0.,1.));
#1336=DIRECTION('ref_axis',(-1.,0.,0.));
#1337=DIRECTION('',(0.,0.,1.));
#1338=DIRECTION('center_axis',(-1.,-2.22044604925031E-016,0.));
#1339=DIRECTION('ref_axis',(1.77635683940025E-016,-1.,0.));
#1340=DIRECTION('',(-2.22044604925031E-016,1.,0.));
#1341=DIRECTION('',(2.22044604925031E-016,-1.,0.));
#1342=DIRECTION('center_axis',(0.,0.,1.));
#1343=DIRECTION('ref_axis',(1.,0.,0.));
#1344=DIRECTION('center_axis',(-1.,-1.65704929048531E-016,0.));
#1345=DIRECTION('ref_axis',(-1.77635683940025E-016,1.,0.));
#1346=DIRECTION('',(-1.65704929048531E-016,1.,0.));
#1347=DIRECTION('',(-1.65704929048531E-016,1.,0.));
#1348=DIRECTION('',(0.,0.,-1.));
#1349=DIRECTION('center_axis',(0.,-1.,0.));
#1350=DIRECTION('ref_axis',(-1.,0.,0.));
#1351=DIRECTION('',(-1.,0.,0.));
#1352=DIRECTION('',(0.,0.,-1.));
#1353=DIRECTION('center_axis',(1.,-1.65704929048531E-016,0.));
#1354=DIRECTION('ref_axis',(-1.77635683940025E-016,-1.,0.));
#1355=DIRECTION('',(-1.65704929048531E-016,-1.,0.));
#1356=DIRECTION('',(-1.65704929048531E-016,-1.,0.));
#1357=DIRECTION('center_axis',(0.,0.,-1.));
#1358=DIRECTION('ref_axis',(-1.,0.,0.));
#1359=DIRECTION('center_axis',(0.,0.,1.));
#1360=DIRECTION('ref_axis',(1.,0.,0.));
#1361=CARTESIAN_POINT('',(0.,0.,0.));
#1362=CARTESIAN_POINT('Origin',(-8.,-22.8063674998886,2.5));
#1363=CARTESIAN_POINT('',(-8.,-22.8063674998886,2.5));
#1364=CARTESIAN_POINT('',(-8.,-13.4323451884707,2.5));
#1365=CARTESIAN_POINT('',(-8.,-16.4031837499443,2.5));
#1366=CARTESIAN_POINT('',(-8.,-22.8063674998886,2.));
#1367=CARTESIAN_POINT('',(-8.,-22.8063674998886,2.5));
#1368=CARTESIAN_POINT('',(-8.,-13.4323451884707,2.));
#1369=CARTESIAN_POINT('',(-8.,-22.8063674998886,2.));
#1370=CARTESIAN_POINT('',(-8.,-13.4323451884707,2.5));
#1371=CARTESIAN_POINT('Origin',(8.,-22.8063674998886,2.5));
#1372=CARTESIAN_POINT('',(8.,-22.8063674998886,2.5));
#1373=CARTESIAN_POINT('',(4.,-22.8063674998886,2.5));
#1374=CARTESIAN_POINT('',(8.,-22.8063674998886,2.));
#1375=CARTESIAN_POINT('',(8.,-22.8063674998886,2.5));
#1376=CARTESIAN_POINT('',(8.,-22.8063674998886,2.));
#1377=CARTESIAN_POINT('Origin',(8.,-13.4323451884707,2.5));
#1378=CARTESIAN_POINT('',(8.,-13.4323451884707,2.5));
#1379=CARTESIAN_POINT('',(8.,-11.7161725942353,2.5));
#1380=CARTESIAN_POINT('',(8.,-13.4323451884707,2.));
#1381=CARTESIAN_POINT('',(8.,-13.4323451884707,2.5));
#1382=CARTESIAN_POINT('',(8.,-13.4323451884707,2.));
#1383=CARTESIAN_POINT('Origin',(-8.,-13.4323451884707,2.5));
#1384=CARTESIAN_POINT('',(-4.,-13.4323451884707,2.5));
#1385=CARTESIAN_POINT('',(-8.,-13.4323451884707,2.));
#1386=CARTESIAN_POINT('Origin',(0.,-18.1193563441796,2.));
#1387=CARTESIAN_POINT('Origin',(0.,0.,4.5));
#1388=CARTESIAN_POINT('',(3.,3.67394039744206E-016,8.5));
#1389=CARTESIAN_POINT('Origin',(0.,0.,8.5));
#1390=CARTESIAN_POINT('',(3.,3.67394039744206E-016,4.5));
#1391=CARTESIAN_POINT('Origin',(0.,0.,4.5));
#1392=CARTESIAN_POINT('Origin',(-1.84813812287733E-016,-7.70988211545247E-017,
8.5));
#1393=CARTESIAN_POINT('Origin',(0.,0.,4.));
#1394=CARTESIAN_POINT('',(5.25,6.42939569552361E-016,4.5));
#1395=CARTESIAN_POINT('Origin',(0.,0.,4.5));
#1396=CARTESIAN_POINT('',(5.25,6.42939569552361E-016,4.));
#1397=CARTESIAN_POINT('Origin',(0.,0.,4.));
#1398=CARTESIAN_POINT('Origin',(-2.29804174387325E-016,8.8112938462314E-017,
4.5));
#1399=CARTESIAN_POINT('Origin',(-5.74999999999999,-38.9961005523253,-6.));
#1400=CARTESIAN_POINT('',(-5.74999999999999,-37.7,-8.6));
#1401=CARTESIAN_POINT('',(-5.74999999999999,-37.7,-6.));
#1402=CARTESIAN_POINT('',(-5.74999999999999,-37.7,-6.));
#1403=CARTESIAN_POINT('',(-5.74999999999999,-36.7340496217739,-8.6));
#1404=CARTESIAN_POINT('',(-5.74999999999999,-36.4902717466051,-8.6));
#1405=CARTESIAN_POINT('',(-5.74999999999999,-36.7340496217739,-6.));
#1406=CARTESIAN_POINT('',(-5.74999999999999,-36.7340496217739,-6.));
#1407=CARTESIAN_POINT('',(-5.74999999999999,-36.4902717466051,-6.));
#1408=CARTESIAN_POINT('Origin',(-4.24999999999999,-36.7340496217739,-6.));
#1409=CARTESIAN_POINT('',(-4.24999999999999,-37.7,-6.));
#1410=CARTESIAN_POINT('',(-4.24999999999999,-37.7,-8.6));
#1411=CARTESIAN_POINT('',(-4.24999999999999,-37.7,-6.));
#1412=CARTESIAN_POINT('',(-4.24999999999999,-36.7340496217739,-6.));
#1413=CARTESIAN_POINT('',(-4.24999999999999,-35.3592462813294,-6.));
#1414=CARTESIAN_POINT('',(-4.24999999999999,-36.7340496217739,-8.6));
#1415=CARTESIAN_POINT('',(-4.24999999999999,-36.7340496217739,-6.));
#1416=CARTESIAN_POINT('',(-4.24999999999999,-35.3592462813294,-8.6));
#1417=CARTESIAN_POINT('Origin',(-4.99999999999999,-34.88,-6.));
#1418=CARTESIAN_POINT('Origin',(-4.99999999999999,-34.88,-8.6));
#1419=CARTESIAN_POINT('Origin',(-4.99999999999999,-34.88,-6.));
#1420=CARTESIAN_POINT('Origin',(5.75,18.0530223141291,-6.));
#1421=CARTESIAN_POINT('',(5.75,16.5,-8.6));
#1422=CARTESIAN_POINT('',(5.75,16.5,-6.));
#1423=CARTESIAN_POINT('',(5.75,16.5,-6.));
#1424=CARTESIAN_POINT('',(5.75,15.4740496217739,-8.6));
#1425=CARTESIAN_POINT('',(5.75,15.418732627507,-8.6));
#1426=CARTESIAN_POINT('',(5.75,15.4740496217739,-6.));
#1427=CARTESIAN_POINT('',(5.75,15.4740496217739,-6.));
#1428=CARTESIAN_POINT('',(5.75,15.418732627507,-6.));
#1429=CARTESIAN_POINT('Origin',(5.,13.62,-6.));
#1430=CARTESIAN_POINT('',(4.25,15.4740496217739,-8.6));
#1431=CARTESIAN_POINT('Origin',(5.,13.62,-8.6));
#1432=CARTESIAN_POINT('',(4.25,15.4740496217739,-6.));
#1433=CARTESIAN_POINT('',(4.25,15.4740496217739,-6.));
#1434=CARTESIAN_POINT('Origin',(5.,13.62,-6.));
#1435=CARTESIAN_POINT('Origin',(4.25,15.4740496217739,-6.));
#1436=CARTESIAN_POINT('',(4.25,16.5,-6.));
#1437=CARTESIAN_POINT('',(4.25,16.5,-8.6));
#1438=CARTESIAN_POINT('',(4.25,16.5,-6.));
#1439=CARTESIAN_POINT('',(4.25,14.1292462813294,-6.));
#1440=CARTESIAN_POINT('',(4.25,14.1292462813294,-8.6));
#1441=CARTESIAN_POINT('Origin',(5.75,-36.7340496217739,-6.));
#1442=CARTESIAN_POINT('',(5.75,-37.7,-6.));
#1443=CARTESIAN_POINT('',(5.75,-37.7,-8.6));
#1444=CARTESIAN_POINT('',(5.75,-37.7,-6.));
#1445=CARTESIAN_POINT('',(5.75,-36.7340496217739,-6.));
#1446=CARTESIAN_POINT('',(5.75,-35.3592462813294,-6.));
#1447=CARTESIAN_POINT('',(5.75,-36.7340496217739,-8.6));
#1448=CARTESIAN_POINT('',(5.75,-36.7340496217739,-6.));
#1449=CARTESIAN_POINT('',(5.75,-35.3592462813294,-8.6));
#1450=CARTESIAN_POINT('Origin',(5.,-34.88,-6.));
#1451=CARTESIAN_POINT('',(4.25,-36.7340496217739,-8.6));
#1452=CARTESIAN_POINT('Origin',(5.,-34.88,-8.6));
#1453=CARTESIAN_POINT('',(4.25,-36.7340496217739,-6.));
#1454=CARTESIAN_POINT('Origin',(5.,-34.88,-6.));
#1455=CARTESIAN_POINT('',(4.25,-36.7340496217739,-6.));
#1456=CARTESIAN_POINT('Origin',(4.24999999999999,-38.9961005523253,-6.));
#1457=CARTESIAN_POINT('',(4.25,-37.7,-8.6));
#1458=CARTESIAN_POINT('',(4.25,-37.7,-6.));
#1459=CARTESIAN_POINT('',(4.24999999999999,-37.7,-6.));
#1460=CARTESIAN_POINT('',(4.25,-36.4902717466051,-8.6));
#1461=CARTESIAN_POINT('',(4.25,-36.4902717466051,-6.));
#1462=CARTESIAN_POINT('Origin',(-4.25,18.0530223141291,-6.));
#1463=CARTESIAN_POINT('',(-4.25,16.5,-8.6));
#1464=CARTESIAN_POINT('',(-4.25,16.5,-6.));
#1465=CARTESIAN_POINT('',(-4.25,16.5,-6.));
#1466=CARTESIAN_POINT('',(-4.25,15.4740496217739,-8.6));
#1467=CARTESIAN_POINT('',(-4.25,15.418732627507,-8.6));
#1468=CARTESIAN_POINT('',(-4.25,15.4740496217739,-6.));
#1469=CARTESIAN_POINT('',(-4.25,15.4740496217739,-6.));
#1470=CARTESIAN_POINT('',(-4.25,15.418732627507,-6.));
#1471=CARTESIAN_POINT('Origin',(-5.,13.62,-6.));
#1472=CARTESIAN_POINT('',(-5.75,15.4740496217739,-8.6));
#1473=CARTESIAN_POINT('Origin',(-5.,13.62,-8.6));
#1474=CARTESIAN_POINT('',(-5.75,15.4740496217739,-6.));
#1475=CARTESIAN_POINT('',(-5.75,15.4740496217739,-6.));
#1476=CARTESIAN_POINT('Origin',(-5.,13.62,-6.));
#1477=CARTESIAN_POINT('Origin',(-5.75,15.4740496217739,-6.));
#1478=CARTESIAN_POINT('',(-5.75,16.5,-6.));
#1479=CARTESIAN_POINT('',(-5.75,16.5,-8.6));
#1480=CARTESIAN_POINT('',(-5.75,16.5,-6.));
#1481=CARTESIAN_POINT('',(-5.75,14.1292462813294,-6.));
#1482=CARTESIAN_POINT('',(-5.75,14.1292462813294,-8.6));
#1483=CARTESIAN_POINT('Origin',(2.79129890123022E-015,-33.9844429408849,
-6.));
#1484=CARTESIAN_POINT('',(8.00000000000001,-37.7,-6.));
#1485=CARTESIAN_POINT('',(8.00000000000001,-37.7,-6.));
#1486=CARTESIAN_POINT('',(8.00000000000001,-37.7,-6.));
#1487=CARTESIAN_POINT('',(10.,-35.7,-6.));
#1488=CARTESIAN_POINT('Origin',(8.00000000000001,-35.7,-6.));
#1489=CARTESIAN_POINT('',(9.99999999999999,-30.7,-6.));
#1490=CARTESIAN_POINT('',(9.99999999999999,-30.7,-6.));
#1491=CARTESIAN_POINT('',(-9.99999999999999,-30.7,-6.));
#1492=CARTESIAN_POINT('',(5.,-30.7,-6.));
#1493=CARTESIAN_POINT('',(-10.,-35.7,-6.));
#1494=CARTESIAN_POINT('',(-10.,-35.7,-6.));
#1495=CARTESIAN_POINT('',(-7.99999999999999,-37.7,-6.));
#1496=CARTESIAN_POINT('Origin',(-7.99999999999999,-35.7,-6.));
#1497=CARTESIAN_POINT('',(8.00000000000001,-37.7,-6.));
#1498=CARTESIAN_POINT('Origin',(8.00000000000001,-37.7,-6.));
#1499=CARTESIAN_POINT('',(8.00000000000001,-37.7,-8.6));
#1500=CARTESIAN_POINT('',(8.00000000000001,-37.7,-8.6));
#1501=CARTESIAN_POINT('',(8.00000000000001,-37.7,-6.));
#1502=CARTESIAN_POINT('Origin',(8.00000000000001,-37.7,-6.));
#1503=CARTESIAN_POINT('',(8.00000000000001,-37.7,-8.6));
#1504=CARTESIAN_POINT('Origin',(6.5677621205417E-016,12.7844429408849,-8.6));
#1505=CARTESIAN_POINT('',(8.,16.5,-8.6));
#1506=CARTESIAN_POINT('',(8.,16.5,-8.6));
#1507=CARTESIAN_POINT('',(10.,14.5,-8.6));
#1508=CARTESIAN_POINT('Origin',(8.,14.5,-8.6));
#1509=CARTESIAN_POINT('',(10.,9.5,-8.6));
#1510=CARTESIAN_POINT('',(10.,9.5,-8.6));
#1511=CARTESIAN_POINT('',(-10.,9.5,-8.6));
#1512=CARTESIAN_POINT('',(-5.,9.5,-8.6));
#1513=CARTESIAN_POINT('',(-10.,14.5,-8.6));
#1514=CARTESIAN_POINT('',(-10.,14.5,-8.6));
#1515=CARTESIAN_POINT('',(-8.,16.5,-8.6));
#1516=CARTESIAN_POINT('Origin',(-8.,14.5,-8.6));
#1517=CARTESIAN_POINT('',(8.,16.5,-8.6));
#1518=CARTESIAN_POINT('',(8.,16.5,-8.6));
#1519=CARTESIAN_POINT('Origin',(-8.,16.5,-6.));
#1520=CARTESIAN_POINT('',(8.,16.5,-6.));
#1521=CARTESIAN_POINT('',(8.,16.5,-6.));
#1522=CARTESIAN_POINT('',(8.,16.5,-6.));
#1523=CARTESIAN_POINT('Origin',(-8.,16.5,-6.));
#1524=CARTESIAN_POINT('',(-8.,16.5,-6.));
#1525=CARTESIAN_POINT('',(-8.,16.5,-6.));
#1526=CARTESIAN_POINT('',(8.,16.5,-6.));
#1527=CARTESIAN_POINT('Ctrl Pts',(2.5,9.5,-30.75));
#1528=CARTESIAN_POINT('Ctrl Pts',(2.5,10.5225146537274,-30.8503289782503));
#1529=CARTESIAN_POINT('Ctrl Pts',(2.5,11.6035673853277,-31.0027443983443));
#1530=CARTESIAN_POINT('Ctrl Pts',(2.5,12.5281530142838,-31.1559113496633));
#1531=CARTESIAN_POINT('Ctrl Pts',(2.5,13.0330053133823,-31.2468885478679));
#1532=CARTESIAN_POINT('Ctrl Pts',(2.5,13.4140102808963,-31.31903306544));
#1533=CARTESIAN_POINT('Ctrl Pts',(2.5,13.7315164548535,-31.3727276316252));
#1534=CARTESIAN_POINT('Ctrl Pts',(2.5,14.0286753647922,-31.3760639625806));
#1535=CARTESIAN_POINT('Ctrl Pts',(2.5,14.3050796537159,-31.3046501170197));
#1536=CARTESIAN_POINT('Ctrl Pts',(2.5,14.5415604805823,-31.1557691081691));
#1537=CARTESIAN_POINT('Ctrl Pts',(2.5,14.781324078107,-30.8668826687144));
#1538=CARTESIAN_POINT('Ctrl Pts',(2.5,14.8978578180521,-30.4821619851016));
#1539=CARTESIAN_POINT('Ctrl Pts',(2.5,14.9323765321088,-29.8303060496209));
#1540=CARTESIAN_POINT('Ctrl Pts',(2.5,14.822250914153,-29.0961919441732));
#1541=CARTESIAN_POINT('Ctrl Pts',(2.5,14.6855563759723,-28.1451308770924));
#1542=CARTESIAN_POINT('Ctrl Pts',(2.5,14.6456179951622,-27.5151320883865));
#1543=CARTESIAN_POINT('Ctrl Pts',(2.5,14.65608411519,-26.9706919083164));
#1544=CARTESIAN_POINT('Ctrl Pts',(2.5,14.6925111939011,-26.5786598417304));
#1545=CARTESIAN_POINT('Ctrl Pts',(2.5,14.7842455206559,-26.1475941720205));
#1546=CARTESIAN_POINT('Ctrl Pts',(2.5,14.9364496943272,-25.7830556980826));
#1547=CARTESIAN_POINT('Ctrl Pts',(2.5,15.2224424326293,-25.4316468854439));
#1548=CARTESIAN_POINT('Ctrl Pts',(2.5,15.6043207453687,-25.1470857240686));
#1549=CARTESIAN_POINT('Ctrl Pts',(2.5,16.2186201209784,-24.7830343608694));
#1550=CARTESIAN_POINT('Ctrl Pts',(2.5,16.7808883797725,-24.5018218972647));
#1551=CARTESIAN_POINT('Ctrl Pts',(2.5,17.3208174964426,-24.2310403456099));
#1552=CARTESIAN_POINT('Ctrl Pts',(2.68699956271368,9.5,-30.75));
#1553=CARTESIAN_POINT('Ctrl Pts',(2.68699956271368,10.5224618982073,-30.8503289782503));
#1554=CARTESIAN_POINT('Ctrl Pts',(2.68699956271368,11.6033319325968,-31.0028101813908));
#1555=CARTESIAN_POINT('Ctrl Pts',(2.68699956271368,12.5278506557917,-31.1560010278568));
#1556=CARTESIAN_POINT('Ctrl Pts',(2.68699956271368,13.032619919173,-31.2470720844078));
#1557=CARTESIAN_POINT('Ctrl Pts',(2.68699956271368,13.4136894060735,-31.3192855743089));
#1558=CARTESIAN_POINT('Ctrl Pts',(2.68699956271368,13.7314256915718,-31.3730293612513));
#1559=CARTESIAN_POINT('Ctrl Pts',(2.68699956271368,14.0287871471575,-31.376264160036));
#1560=CARTESIAN_POINT('Ctrl Pts',(2.68699956271368,14.3054663461975,-31.3045872681384));
#1561=CARTESIAN_POINT('Ctrl Pts',(2.68699956271368,14.5417901717543,-31.1557823712262));
#1562=CARTESIAN_POINT('Ctrl Pts',(2.68699956271368,14.7815676525433,-30.8665763520652));
#1563=CARTESIAN_POINT('Ctrl Pts',(2.68699956271368,14.8979548417816,-30.4819209774912));
#1564=CARTESIAN_POINT('Ctrl Pts',(2.68699956271368,14.9323834344855,-29.8301073960132));
#1565=CARTESIAN_POINT('Ctrl Pts',(2.68699956271368,14.8222477497866,-29.0959579566641));
#1566=CARTESIAN_POINT('Ctrl Pts',(2.68699956271368,14.6855676963831,-28.1450890616309));
#1567=CARTESIAN_POINT('Ctrl Pts',(2.68699956271368,14.6457166195324,-27.5148291308826));
#1568=CARTESIAN_POINT('Ctrl Pts',(2.68699956271368,14.6561886417165,-26.9705431854898));
#1569=CARTESIAN_POINT('Ctrl Pts',(2.68699956271368,14.6927147116832,-26.578401455111));
#1570=CARTESIAN_POINT('Ctrl Pts',(2.68699956271368,14.7843832150624,-26.1475874252815));
#1571=CARTESIAN_POINT('Ctrl Pts',(2.68699956271368,14.9364643554578,-25.7832400646903));
#1572=CARTESIAN_POINT('Ctrl Pts',(2.68699956271368,15.2223518504565,-25.4318483991573));
#1573=CARTESIAN_POINT('Ctrl Pts',(2.68699956271368,15.6042039752179,-25.1472625609906));
#1574=CARTESIAN_POINT('Ctrl Pts',(2.68699956271368,16.2184897429851,-24.7831748504026));
#1575=CARTESIAN_POINT('Ctrl Pts',(2.68699956271368,16.7808800739148,-24.5018272889923));
#1576=CARTESIAN_POINT('Ctrl Pts',(2.68699956271368,17.3208174964426,-24.2310403456099));
#1577=CARTESIAN_POINT('Ctrl Pts',(3.25046503610994,9.5,-30.8737122050801));
#1578=CARTESIAN_POINT('Ctrl Pts',(3.25046503610994,10.51974949761,-30.9740411833303));
#1579=CARTESIAN_POINT('Ctrl Pts',(3.25046503610994,11.5968734504614,-31.1262061249704));
#1580=CARTESIAN_POINT('Ctrl Pts',(3.25046503610994,12.5226784979698,-31.2794282002992));
#1581=CARTESIAN_POINT('Ctrl Pts',(3.25046503610994,13.0351654766158,-31.3705832473449));
#1582=CARTESIAN_POINT('Ctrl Pts',(3.25046503610994,13.433996401141,-31.4417334572432));
#1583=CARTESIAN_POINT('Ctrl Pts',(3.25046503610994,13.7801620432103,-31.487933537628));
#1584=CARTESIAN_POINT('Ctrl Pts',(3.25046503610994,14.1076908919474,-31.4732636755986));
#1585=CARTESIAN_POINT('Ctrl Pts',(3.25046503610994,14.4076694807624,-31.3760646708018));
#1586=CARTESIAN_POINT('Ctrl Pts',(3.25046503610994,14.658520052733,-31.1989241961842));
#1587=CARTESIAN_POINT('Ctrl Pts',(3.25046503610994,14.9059683554272,-30.877219523377));
#1588=CARTESIAN_POINT('Ctrl Pts',(3.25046503610994,15.0212909641785,-30.4707300293928));
#1589=CARTESIAN_POINT('Ctrl Pts',(3.25046503610994,15.0527408362965,-29.8008351042185));
#1590=CARTESIAN_POINT('Ctrl Pts',(3.25046503610994,14.9419499376615,-29.0652974183627));
#1591=CARTESIAN_POINT('Ctrl Pts',(3.25046503610994,14.8079595881874,-28.1253932133588));
#1592=CARTESIAN_POINT('Ctrl Pts',(3.25046503610994,14.7694268016546,-27.5089150395638));
#1593=CARTESIAN_POINT('Ctrl Pts',(3.25046503610994,14.779495820742,-26.9811748466241));
#1594=CARTESIAN_POINT('Ctrl Pts',(3.25046503610994,14.8141631785681,-26.6051808663261));
#1595=CARTESIAN_POINT('Ctrl Pts',(3.25046503610994,14.8968547209534,-26.2010764352352));
#1596=CARTESIAN_POINT('Ctrl Pts',(3.25046503610994,15.0340895546463,-25.8604454286203));
#1597=CARTESIAN_POINT('Ctrl Pts',(3.25046503610994,15.3040732115053,-25.5250316727963));
#1598=CARTESIAN_POINT('Ctrl Pts',(3.25046503610994,15.6774097983029,-25.2468771362027));
#1599=CARTESIAN_POINT('Ctrl Pts',(3.25046503610994,16.2860688918985,-24.8867560717501));
#1600=CARTESIAN_POINT('Ctrl Pts',(3.25046503610994,16.84781255117,-24.6058706087496));
#1601=CARTESIAN_POINT('Ctrl Pts',(3.25046503610994,17.3881770155171,-24.3348064521949));
#1602=CARTESIAN_POINT('Ctrl Pts',(3.8951870447369,9.5,-31.6807747008547));
#1603=CARTESIAN_POINT('Ctrl Pts',(3.8951870447369,10.5013572075811,-31.781103679105));
#1604=CARTESIAN_POINT('Ctrl Pts',(3.8951870447369,11.5516277342835,-31.9320750100122));
#1605=CARTESIAN_POINT('Ctrl Pts',(3.8951870447369,12.4849399593898,-32.085816683812));
#1606=CARTESIAN_POINT('Ctrl Pts',(3.8951870447369,13.046677420088,-32.1787603758585));
#1607=CARTESIAN_POINT('Ctrl Pts',(3.8951870447369,13.5622316882551,-32.2438858024659));
#1608=CARTESIAN_POINT('Ctrl Pts',(3.8951870447369,14.0969040449463,-32.2415235824137));
#1609=CARTESIAN_POINT('Ctrl Pts',(3.8951870447369,14.6239136600495,-32.1087067574962));
#1610=CARTESIAN_POINT('Ctrl Pts',(3.8951870447369,15.0795247433086,-31.841531685693));
#1611=CARTESIAN_POINT('Ctrl Pts',(3.8951870447369,15.4230681862924,-31.4805442570031));
#1612=CARTESIAN_POINT('Ctrl Pts',(3.8951870447369,15.7207422263879,-30.9426032758043));
#1613=CARTESIAN_POINT('Ctrl Pts',(3.8951870447369,15.8271825644287,-30.3945376496718));
#1614=CARTESIAN_POINT('Ctrl Pts',(3.8951870447369,15.8380088125512,-29.6072451680827));
#1615=CARTESIAN_POINT('Ctrl Pts',(3.8951870447369,15.7228104160078,-28.8621838856421));
#1616=CARTESIAN_POINT('Ctrl Pts',(3.8951870447369,15.6065583883567,-27.9963504601214));
#1617=CARTESIAN_POINT('Ctrl Pts',(3.8951870447369,15.577779817815,-27.466328423983));
#1618=CARTESIAN_POINT('Ctrl Pts',(3.8951870447369,15.5852977824713,-27.0485667459737));
#1619=CARTESIAN_POINT('Ctrl Pts',(3.8951870447369,15.6091480095652,-26.7764663494263));
#1620=CARTESIAN_POINT('Ctrl Pts',(3.8951870447369,15.6324063450822,-26.5499340158916));
#1621=CARTESIAN_POINT('Ctrl Pts',(3.8951870447369,15.6711618063111,-26.3665479458499));
#1622=CARTESIAN_POINT('Ctrl Pts',(3.8951870447369,15.8360022287635,-26.1355961003911));
#1623=CARTESIAN_POINT('Ctrl Pts',(3.8951870447369,16.1534397396643,-25.8990713043827));
#1624=CARTESIAN_POINT('Ctrl Pts',(3.8951870447369,16.7252121627897,-25.564347010391));
#1625=CARTESIAN_POINT('Ctrl Pts',(3.8951870447369,17.2843507980466,-25.284690282539));
#1626=CARTESIAN_POINT('Ctrl Pts',(3.8951870447369,17.8276109544992,-25.0117463944031));
#1627=CARTESIAN_POINT('Ctrl Pts',(3.61798629166251,9.5,-32.8918029502727));
#1628=CARTESIAN_POINT('Ctrl Pts',(3.61798629166251,10.4739462217965,-32.992131928523));
#1629=CARTESIAN_POINT('Ctrl Pts',(3.61798629166251,11.4845709666591,-33.1410785846234));
#1630=CARTESIAN_POINT('Ctrl Pts',(3.61798629166251,12.4293856030732,-33.2955150767592));
#1631=CARTESIAN_POINT('Ctrl Pts',(3.61798629166251,13.0653201879914,-33.3908093790483));
#1632=CARTESIAN_POINT('Ctrl Pts',(3.61798629166251,13.7557931846141,-33.4466494448724));
#1633=CARTESIAN_POINT('Ctrl Pts',(3.61798629166251,14.5725099035826,-33.3712428309836));
#1634=CARTESIAN_POINT('Ctrl Pts',(3.61798629166251,15.3981287618608,-33.061502526222));
#1635=CARTESIAN_POINT('Ctrl Pts',(3.61798629166251,16.0862960846335,-32.5402060018014));
#1636=CARTESIAN_POINT('Ctrl Pts',(3.61798629166251,16.5694862986245,-31.9030788653999));
#1637=CARTESIAN_POINT('Ctrl Pts',(3.61798629166251,16.9424766815236,-31.0418019315562));
#1638=CARTESIAN_POINT('Ctrl Pts',(3.61798629166251,17.0361092786837,-30.2810639527971));
#1639=CARTESIAN_POINT('Ctrl Pts',(3.61798629166251,17.0163090364804,-29.3174615199107));
#1640=CARTESIAN_POINT('Ctrl Pts',(3.61798629166251,16.8945327703102,-28.5582351969773));
#1641=CARTESIAN_POINT('Ctrl Pts',(3.61798629166251,16.8048463353826,-27.8028653560467));
#1642=CARTESIAN_POINT('Ctrl Pts',(3.61798629166251,16.7903942967372,-27.4035014693382));
#1643=CARTESIAN_POINT('Ctrl Pts',(3.61798629166251,16.7940633459158,-27.1502190384933));
#1644=CARTESIAN_POINT('Ctrl Pts',(3.61798629166251,16.8013305044038,-27.0344044020214));
#1645=CARTESIAN_POINT('Ctrl Pts',(3.61798629166251,16.7356407913222,-27.0734321643547));
#1646=CARTESIAN_POINT('Ctrl Pts',(3.61798629166251,16.6270611040903,-27.1253194535611));
#1647=CARTESIAN_POINT('Ctrl Pts',(3.61798629166251,16.6345038197482,-27.0510558190674));
#1648=CARTESIAN_POINT('Ctrl Pts',(3.61798629166251,16.8681556235657,-26.8770856815022));
#1649=CARTESIAN_POINT('Ctrl Pts',(3.61798629166251,17.3846265076534,-26.5805992971993));
#1650=CARTESIAN_POINT('Ctrl Pts',(3.61798629166251,17.9394226882133,-26.3032661079916));
#1651=CARTESIAN_POINT('Ctrl Pts',(3.61798629166251,18.4869984451166,-26.0275207581796));
#1652=CARTESIAN_POINT('Ctrl Pts',(2.87399912542736,9.5,-33.25));
#1653=CARTESIAN_POINT('Ctrl Pts',(2.87399912542736,10.4657067237492,-33.3503289782503));
#1654=CARTESIAN_POINT('Ctrl Pts',(2.87399912542736,11.4641482977947,-33.4988412450135));
#1655=CARTESIAN_POINT('Ctrl Pts',(2.87399912542736,12.41219783456,-33.6535429914648));
#1656=CARTESIAN_POINT('Ctrl Pts',(2.87399912542736,13.0698707888397,-33.7497672154941));
#1657=CARTESIAN_POINT('Ctrl Pts',(2.87399912542736,13.8122424271653,-33.8030333052795));
#1658=CARTESIAN_POINT('Ctrl Pts',(2.87399912542736,14.7129573347015,-33.7061447333001));
#1659=CARTESIAN_POINT('Ctrl Pts',(2.87399912542736,15.6274050110259,-33.3438202854168));
#1660=CARTESIAN_POINT('Ctrl Pts',(2.87399912542736,16.3850449647826,-32.7467022482866));
#1661=CARTESIAN_POINT('Ctrl Pts',(2.87399912542736,16.9091472716945,-32.0280890024158));
#1662=CARTESIAN_POINT('Ctrl Pts',(2.87399912542736,17.3044493776189,-31.0703769997614));
#1663=CARTESIAN_POINT('Ctrl Pts',(2.87399912542736,17.3939273117734,-30.2468982305206));
#1664=CARTESIAN_POINT('Ctrl Pts',(2.87399912542736,17.3648430717482,-29.231252860581));
#1665=CARTESIAN_POINT('Ctrl Pts',(2.87399912542736,17.2410960397417,-28.4677484722723));
#1666=CARTESIAN_POINT('Ctrl Pts',(2.87399912542736,17.1593033705152,-27.7455319285669));
#1667=CARTESIAN_POINT('Ctrl Pts',(2.87399912542736,17.1493070960044,-27.384161119392));
#1668=CARTESIAN_POINT('Ctrl Pts',(2.87399912542736,17.151852472056,-27.1799138498117));
#1669=CARTESIAN_POINT('Ctrl Pts',(2.87399912542736,17.1544621956486,-27.1100511251773));
#1670=CARTESIAN_POINT('Ctrl Pts',(2.87399912542736,17.0622989254946,-27.2282551958994));
#1671=CARTESIAN_POINT('Ctrl Pts',(2.87399912542736,16.9098329541611,-27.3502092792678));
#1672=CARTESIAN_POINT('Ctrl Pts',(2.87399912542736,16.8704575671771,-27.3223336395332));
#1673=CARTESIAN_POINT('Ctrl Pts',(2.87399912542736,17.079261821966,-27.166804177398));
#1674=CARTESIAN_POINT('Ctrl Pts',(2.87399912542736,17.579341635641,-26.8815369001202));
#1675=CARTESIAN_POINT('Ctrl Pts',(2.87399912542736,18.1331586068002,-26.604553200669));
#1676=CARTESIAN_POINT('Ctrl Pts',(2.87399912542736,18.6820315947394,-26.3279657564431));
#1677=CARTESIAN_POINT('Ctrl Pts',(2.5,9.5,-33.25));
#1678=CARTESIAN_POINT('Ctrl Pts',(2.5,10.4657916226215,-33.3503289782503));
#1679=CARTESIAN_POINT('Ctrl Pts',(2.5,11.4645272092582,-33.4987353810877));
#1680=CARTESIAN_POINT('Ctrl Pts',(2.5,12.4126844167214,-33.6533986733444));
#1681=CARTESIAN_POINT('Ctrl Pts',(2.5,13.0704909994581,-33.74947185218));
#1682=CARTESIAN_POINT('Ctrl Pts',(2.5,13.8127588074521,-33.8026269455628));
#1683=CARTESIAN_POINT('Ctrl Pts',(2.5,14.7131033990421,-33.7056591631658));
#1684=CARTESIAN_POINT('Ctrl Pts',(2.5,15.6272251209076,-33.3434981098765));
#1685=CARTESIAN_POINT('Ctrl Pts',(2.5,16.384422664869,-32.746803390293));
#1686=CARTESIAN_POINT('Ctrl Pts',(2.5,16.9087776322439,-32.0280676583254));
#1687=CARTESIAN_POINT('Ctrl Pts',(2.5,17.3040573959852,-31.070869951741));
#1688=CARTESIAN_POINT('Ctrl Pts',(2.5,17.3937711725636,-30.24728608139));
#1689=CARTESIAN_POINT('Ctrl Pts',(2.5,17.36483196383,-29.2315725516243));
#1690=CARTESIAN_POINT('Ctrl Pts',(2.5,17.2411011321214,-28.4681250257705));
#1691=CARTESIAN_POINT('Ctrl Pts',(2.5,17.159285152704,-27.7455992217244));
#1692=CARTESIAN_POINT('Ctrl Pts',(2.5,17.1491483809015,-27.3846486655365));
#1693=CARTESIAN_POINT('Ctrl Pts',(2.5,17.1516842586784,-27.1801531878039));
#1694=CARTESIAN_POINT('Ctrl Pts',(2.5,17.1541346767434,-27.1104669438927));
#1695=CARTESIAN_POINT('Ctrl Pts',(2.5,17.0620773354163,-27.2282660533515));
#1696=CARTESIAN_POINT('Ctrl Pts',(2.5,16.9098093601665,-27.3499125801348));
#1697=CARTESIAN_POINT('Ctrl Pts',(2.5,16.8706033400613,-27.3220093457535));
#1698=CARTESIAN_POINT('Ctrl Pts',(2.5,17.0794497388722,-27.1665195957045));
#1699=CARTESIAN_POINT('Ctrl Pts',(2.5,17.5795514514969,-26.8813108118756));
#1700=CARTESIAN_POINT('Ctrl Pts',(2.5,18.1331719733246,-26.6045445238218));
#1701=CARTESIAN_POINT('Ctrl Pts',(2.5,18.6820315947394,-26.3279657564431));
#1702=CARTESIAN_POINT('',(2.5,9.5,-33.25));
#1703=CARTESIAN_POINT('',(2.5,9.5,-30.75));
#1704=CARTESIAN_POINT('Ctrl Pts',(2.5,9.5,-33.25));
#1705=CARTESIAN_POINT('Ctrl Pts',(2.87399912542736,9.5,-33.25));
#1706=CARTESIAN_POINT('Ctrl Pts',(3.61798629166251,9.5,-32.8918029502727));
#1707=CARTESIAN_POINT('Ctrl Pts',(3.8951870447369,9.5,-31.6807747008547));
#1708=CARTESIAN_POINT('Ctrl Pts',(3.25046503610994,9.5,-30.8737122050801));
#1709=CARTESIAN_POINT('Ctrl Pts',(2.68699956271368,9.5,-30.75));
#1710=CARTESIAN_POINT('Ctrl Pts',(2.5,9.5,-30.75));
#1711=CARTESIAN_POINT('',(2.5,18.6820315947394,-26.3279657564431));
#1712=CARTESIAN_POINT('Ctrl Pts',(2.5,9.5,-33.25));
#1713=CARTESIAN_POINT('Ctrl Pts',(2.5,10.4657916226215,-33.3503289782503));
#1714=CARTESIAN_POINT('Ctrl Pts',(2.5,11.4645272092582,-33.4987353810877));
#1715=CARTESIAN_POINT('Ctrl Pts',(2.5,12.4126844167214,-33.6533986733444));
#1716=CARTESIAN_POINT('Ctrl Pts',(2.5,13.0704909994581,-33.74947185218));
#1717=CARTESIAN_POINT('Ctrl Pts',(2.5,13.8127588074521,-33.8026269455628));
#1718=CARTESIAN_POINT('Ctrl Pts',(2.5,14.7131033990421,-33.7056591631658));
#1719=CARTESIAN_POINT('Ctrl Pts',(2.5,15.6272251209076,-33.3434981098765));
#1720=CARTESIAN_POINT('Ctrl Pts',(2.5,16.384422664869,-32.746803390293));
#1721=CARTESIAN_POINT('Ctrl Pts',(2.5,16.9087776322439,-32.0280676583254));
#1722=CARTESIAN_POINT('Ctrl Pts',(2.5,17.3040573959852,-31.070869951741));
#1723=CARTESIAN_POINT('Ctrl Pts',(2.5,17.3937711725636,-30.24728608139));
#1724=CARTESIAN_POINT('Ctrl Pts',(2.5,17.36483196383,-29.2315725516243));
#1725=CARTESIAN_POINT('Ctrl Pts',(2.5,17.2411011321214,-28.4681250257705));
#1726=CARTESIAN_POINT('Ctrl Pts',(2.5,17.159285152704,-27.7455992217244));
#1727=CARTESIAN_POINT('Ctrl Pts',(2.5,17.1491483809015,-27.3846486655365));
#1728=CARTESIAN_POINT('Ctrl Pts',(2.5,17.1516842586784,-27.1801531878039));
#1729=CARTESIAN_POINT('Ctrl Pts',(2.5,17.1541346767434,-27.1104669438927));
#1730=CARTESIAN_POINT('Ctrl Pts',(2.5,17.0620773354163,-27.2282660533515));
#1731=CARTESIAN_POINT('Ctrl Pts',(2.5,16.9098093601665,-27.3499125801348));
#1732=CARTESIAN_POINT('Ctrl Pts',(2.5,16.8706033400613,-27.3220093457535));
#1733=CARTESIAN_POINT('Ctrl Pts',(2.5,17.0794497388722,-27.1665195957045));
#1734=CARTESIAN_POINT('Ctrl Pts',(2.5,17.5795514514969,-26.8813108118756));
#1735=CARTESIAN_POINT('Ctrl Pts',(2.5,18.1331719733246,-26.6045445238218));
#1736=CARTESIAN_POINT('Ctrl Pts',(2.5,18.6820315947394,-26.3279657564431));
#1737=CARTESIAN_POINT('',(2.5,17.3208174964426,-24.2310403456099));
#1738=CARTESIAN_POINT('Origin',(2.5,18.001424545591,-25.2795030510265));
#1739=CARTESIAN_POINT('Ctrl Pts',(2.5,9.5,-30.75));
#1740=CARTESIAN_POINT('Ctrl Pts',(2.5,10.5225146537274,-30.8503289782503));
#1741=CARTESIAN_POINT('Ctrl Pts',(2.5,11.9635941524106,-31.0538141559412));
#1742=CARTESIAN_POINT('Ctrl Pts',(2.5,12.9050367087326,-31.2236080646959));
#1743=CARTESIAN_POINT('Ctrl Pts',(2.5,13.4147321827874,-31.3185639644115));
#1744=CARTESIAN_POINT('Ctrl Pts',(2.5,13.8349922225335,-31.392220749479));
#1745=CARTESIAN_POINT('Ctrl Pts',(2.5,14.3251709738753,-31.3472745677254));
#1746=CARTESIAN_POINT('Ctrl Pts',(2.5,14.7547989174582,-30.9634605962975));
#1747=CARTESIAN_POINT('Ctrl Pts',(2.5,14.8965976634435,-30.4821226840789));
#1748=CARTESIAN_POINT('Ctrl Pts',(2.5,14.9331002801016,-29.8297881634486));
#1749=CARTESIAN_POINT('Ctrl Pts',(2.5,14.7834828711279,-28.8533671502292));
#1750=CARTESIAN_POINT('Ctrl Pts',(2.5,14.6107725578138,-27.5740972046937));
#1751=CARTESIAN_POINT('Ctrl Pts',(2.5,14.6797779800789,-26.6385432784694));
#1752=CARTESIAN_POINT('Ctrl Pts',(2.5,14.7842931237475,-26.1486412843576));
#1753=CARTESIAN_POINT('Ctrl Pts',(2.5,14.9864887446008,-25.6575796493494));
#1754=CARTESIAN_POINT('Ctrl Pts',(2.5,15.5774407553783,-25.0988010194222));
#1755=CARTESIAN_POINT('Ctrl Pts',(2.5,16.6009120075491,-24.592082414483));
#1756=CARTESIAN_POINT('Ctrl Pts',(2.5,17.3208174964426,-24.2310403456099));
#1757=CARTESIAN_POINT('Ctrl Pts',(-2.5,9.5,-30.75));
#1758=CARTESIAN_POINT('Ctrl Pts',(-2.5,10.5225146537274,-30.8503289782503));
#1759=CARTESIAN_POINT('Ctrl Pts',(-2.5,11.9635941524106,-31.0538141559412));
#1760=CARTESIAN_POINT('Ctrl Pts',(-2.5,12.9050367087326,-31.2236080646959));
#1761=CARTESIAN_POINT('Ctrl Pts',(-2.5,13.4147321827874,-31.3185639644115));
#1762=CARTESIAN_POINT('Ctrl Pts',(-2.5,13.8349922225335,-31.392220749479));
#1763=CARTESIAN_POINT('Ctrl Pts',(-2.5,14.3251709738753,-31.3472745677254));
#1764=CARTESIAN_POINT('Ctrl Pts',(-2.5,14.7547989174582,-30.9634605962975));
#1765=CARTESIAN_POINT('Ctrl Pts',(-2.5,14.8965976634435,-30.4821226840789));
#1766=CARTESIAN_POINT('Ctrl Pts',(-2.5,14.9331002801016,-29.8297881634486));
#1767=CARTESIAN_POINT('Ctrl Pts',(-2.5,14.7834828711279,-28.8533671502292));
#1768=CARTESIAN_POINT('Ctrl Pts',(-2.5,14.6107725578138,-27.5740972046937));
#1769=CARTESIAN_POINT('Ctrl Pts',(-2.5,14.6797779800789,-26.6385432784694));
#1770=CARTESIAN_POINT('Ctrl Pts',(-2.5,14.7842931237475,-26.1486412843576));
#1771=CARTESIAN_POINT('Ctrl Pts',(-2.5,14.9864887446008,-25.6575796493494));
#1772=CARTESIAN_POINT('Ctrl Pts',(-2.5,15.5774407553783,-25.0988010194222));
#1773=CARTESIAN_POINT('Ctrl Pts',(-2.5,16.6009120075491,-24.592082414483));
#1774=CARTESIAN_POINT('Ctrl Pts',(-2.5,17.3208174964426,-24.2310403456099));
#1775=CARTESIAN_POINT('Ctrl Pts',(-0.833333333333333,9.5,-30.75));
#1776=CARTESIAN_POINT('Ctrl Pts',(-0.833333333333333,10.5225146537274,-30.8503289782503));
#1777=CARTESIAN_POINT('Ctrl Pts',(-0.833333333333333,11.9635941524106,-31.0538141559412));
#1778=CARTESIAN_POINT('Ctrl Pts',(-0.833333333333333,12.9050367087326,-31.2236080646959));
#1779=CARTESIAN_POINT('Ctrl Pts',(-0.833333333333333,13.4147321827874,-31.3185639644115));
#1780=CARTESIAN_POINT('Ctrl Pts',(-0.833333333333333,13.8349922225335,-31.392220749479));
#1781=CARTESIAN_POINT('Ctrl Pts',(-0.833333333333333,14.3251709738753,-31.3472745677254));
#1782=CARTESIAN_POINT('Ctrl Pts',(-0.833333333333333,14.7547989174582,-30.9634605962975));
#1783=CARTESIAN_POINT('Ctrl Pts',(-0.833333333333333,14.8965976634435,-30.4821226840789));
#1784=CARTESIAN_POINT('Ctrl Pts',(-0.833333333333334,14.9331002801016,-29.8297881634486));
#1785=CARTESIAN_POINT('Ctrl Pts',(-0.833333333333333,14.7834828711279,-28.8533671502292));
#1786=CARTESIAN_POINT('Ctrl Pts',(-0.833333333333333,14.6107725578138,-27.5740972046937));
#1787=CARTESIAN_POINT('Ctrl Pts',(-0.833333333333334,14.679777980079,-26.6385432784694));
#1788=CARTESIAN_POINT('Ctrl Pts',(-0.833333333333334,14.7842931237475,-26.1486412843576));
#1789=CARTESIAN_POINT('Ctrl Pts',(-0.833333333333334,14.9864887446008,-25.6575796493494));
#1790=CARTESIAN_POINT('Ctrl Pts',(-0.833333333333334,15.5774407553783,-25.0988010194222));
#1791=CARTESIAN_POINT('Ctrl Pts',(-0.833333333333333,16.6009120075491,-24.592082414483));
#1792=CARTESIAN_POINT('Ctrl Pts',(-0.833333333333333,17.3208174964426,-24.2310403456099));
#1793=CARTESIAN_POINT('Ctrl Pts',(0.833333333333333,9.5,-30.75));
#1794=CARTESIAN_POINT('Ctrl Pts',(0.833333333333333,10.5225146537274,-30.8503289782503));
#1795=CARTESIAN_POINT('Ctrl Pts',(0.833333333333333,11.9635941524106,-31.0538141559412));
#1796=CARTESIAN_POINT('Ctrl Pts',(0.833333333333333,12.9050367087326,-31.2236080646959));
#1797=CARTESIAN_POINT('Ctrl Pts',(0.833333333333333,13.4147321827874,-31.3185639644115));
#1798=CARTESIAN_POINT('Ctrl Pts',(0.833333333333333,13.8349922225335,-31.392220749479));
#1799=CARTESIAN_POINT('Ctrl Pts',(0.833333333333333,14.3251709738753,-31.3472745677254));
#1800=CARTESIAN_POINT('Ctrl Pts',(0.833333333333333,14.7547989174582,-30.9634605962975));
#1801=CARTESIAN_POINT('Ctrl Pts',(0.833333333333333,14.8965976634434,-30.4821226840789));
#1802=CARTESIAN_POINT('Ctrl Pts',(0.833333333333334,14.9331002801016,-29.8297881634486));
#1803=CARTESIAN_POINT('Ctrl Pts',(0.833333333333333,14.7834828711279,-28.8533671502292));
#1804=CARTESIAN_POINT('Ctrl Pts',(0.833333333333333,14.6107725578138,-27.5740972046937));
#1805=CARTESIAN_POINT('Ctrl Pts',(0.833333333333334,14.6797779800789,-26.6385432784694));
#1806=CARTESIAN_POINT('Ctrl Pts',(0.833333333333334,14.7842931237475,-26.1486412843576));
#1807=CARTESIAN_POINT('Ctrl Pts',(0.833333333333334,14.9864887446008,-25.6575796493494));
#1808=CARTESIAN_POINT('Ctrl Pts',(0.833333333333334,15.5774407553783,-25.0988010194222));
#1809=CARTESIAN_POINT('Ctrl Pts',(0.833333333333333,16.6009120075491,-24.592082414483));
#1810=CARTESIAN_POINT('Ctrl Pts',(0.833333333333333,17.3208174964426,-24.2310403456099));
#1811=CARTESIAN_POINT('Ctrl Pts',(2.5,9.5,-30.75));
#1812=CARTESIAN_POINT('Ctrl Pts',(2.5,10.5225146537274,-30.8503289782503));
#1813=CARTESIAN_POINT('Ctrl Pts',(2.5,11.9635941524106,-31.0538141559412));
#1814=CARTESIAN_POINT('Ctrl Pts',(2.5,12.9050367087326,-31.2236080646959));
#1815=CARTESIAN_POINT('Ctrl Pts',(2.5,13.4147321827874,-31.3185639644115));
#1816=CARTESIAN_POINT('Ctrl Pts',(2.5,13.8349922225335,-31.392220749479));
#1817=CARTESIAN_POINT('Ctrl Pts',(2.5,14.3251709738753,-31.3472745677254));
#1818=CARTESIAN_POINT('Ctrl Pts',(2.5,14.7547989174582,-30.9634605962975));
#1819=CARTESIAN_POINT('Ctrl Pts',(2.5,14.8965976634435,-30.4821226840789));
#1820=CARTESIAN_POINT('Ctrl Pts',(2.5,14.9331002801016,-29.8297881634486));
#1821=CARTESIAN_POINT('Ctrl Pts',(2.5,14.7834828711279,-28.8533671502292));
#1822=CARTESIAN_POINT('Ctrl Pts',(2.5,14.6107725578138,-27.5740972046937));
#1823=CARTESIAN_POINT('Ctrl Pts',(2.5,14.6797779800789,-26.6385432784694));
#1824=CARTESIAN_POINT('Ctrl Pts',(2.5,14.7842931237475,-26.1486412843576));
#1825=CARTESIAN_POINT('Ctrl Pts',(2.5,14.9864887446008,-25.6575796493494));
#1826=CARTESIAN_POINT('Ctrl Pts',(2.5,15.5774407553783,-25.0988010194222));
#1827=CARTESIAN_POINT('Ctrl Pts',(2.5,16.6009120075491,-24.592082414483));
#1828=CARTESIAN_POINT('Ctrl Pts',(2.5,17.3208174964426,-24.2310403456099));
#1829=CARTESIAN_POINT('',(-2.5,9.5,-30.75));
#1830=CARTESIAN_POINT('Ctrl Pts',(2.5,9.5,-30.75));
#1831=CARTESIAN_POINT('Ctrl Pts',(0.833333333333333,9.5,-30.75));
#1832=CARTESIAN_POINT('Ctrl Pts',(-0.833333333333333,9.5,-30.75));
#1833=CARTESIAN_POINT('Ctrl Pts',(-2.5,9.5,-30.75));
#1834=CARTESIAN_POINT('',(-2.5,17.3208174964426,-24.2310403456099));
#1835=CARTESIAN_POINT('',(2.5,17.3208174964426,-24.2310403456099));
#1836=CARTESIAN_POINT('Ctrl Pts',(-2.5,9.5,-30.75));
#1837=CARTESIAN_POINT('Ctrl Pts',(-2.5,10.5225146537274,-30.8503289782503));
#1838=CARTESIAN_POINT('Ctrl Pts',(-2.5,11.423151331179,-30.9774212219062));
#1839=CARTESIAN_POINT('Ctrl Pts',(-2.5,12.1815956823904,-31.0984037916222));
#1840=CARTESIAN_POINT('Ctrl Pts',(-2.5,12.6120128509807,-31.1711755641618));
#1841=CARTESIAN_POINT('Ctrl Pts',(-2.5,13.033133399202,-31.2468322139543));
#1842=CARTESIAN_POINT('Ctrl Pts',(-2.5,13.4139412770343,-31.3190543571792));
#1843=CARTESIAN_POINT('Ctrl Pts',(-2.5,13.7315393395394,-31.3727163234971));
#1844=CARTESIAN_POINT('Ctrl Pts',(-2.5,14.02867558083,-31.3760512922872));
#1845=CARTESIAN_POINT('Ctrl Pts',(-2.5,14.3050929014211,-31.3046474956665));
#1846=CARTESIAN_POINT('Ctrl Pts',(-2.5,14.5416109664581,-31.1556802274882));
#1847=CARTESIAN_POINT('Ctrl Pts',(-2.5,14.7813436290789,-30.8669423155207));
#1848=CARTESIAN_POINT('Ctrl Pts',(-2.5,14.9269884657423,-30.3856203306416));
#1849=CARTESIAN_POINT('Ctrl Pts',(-2.5,14.9145004027641,-29.7102615947504));
#1850=CARTESIAN_POINT('Ctrl Pts',(-2.5,14.8025611182896,-28.9605488844857));
#1851=CARTESIAN_POINT('Ctrl Pts',(-2.5,14.6856361820307,-28.1450578764385));
#1852=CARTESIAN_POINT('Ctrl Pts',(-2.5,14.6411735244407,-27.4450028047605));
#1853=CARTESIAN_POINT('Ctrl Pts',(-2.5,14.6608687740875,-26.9041128773499));
#1854=CARTESIAN_POINT('Ctrl Pts',(-2.5,14.705676122905,-26.5173047639421));
#1855=CARTESIAN_POINT('Ctrl Pts',(-2.5,14.7841743110154,-26.1475084620313));
#1856=CARTESIAN_POINT('Ctrl Pts',(-2.5,14.9365142158329,-25.783052982554));
#1857=CARTESIAN_POINT('Ctrl Pts',(-2.5,15.2224101998279,-25.4316338429993));
#1858=CARTESIAN_POINT('Ctrl Pts',(-2.5,15.6809547646614,-25.0899743899647));
#1859=CARTESIAN_POINT('Ctrl Pts',(-2.5,16.2356141778527,-24.780789437719));
#1860=CARTESIAN_POINT('Ctrl Pts',(-2.5,16.807345869094,-24.4883626195644));
#1861=CARTESIAN_POINT('Ctrl Pts',(-2.5,17.1408411242192,-24.3213008628282));
#1862=CARTESIAN_POINT('Ctrl Pts',(-2.5,17.3208174964426,-24.2310403456099));
#1863=CARTESIAN_POINT('Ctrl Pts',(-2.5,9.5,-33.25));
#1864=CARTESIAN_POINT('Ctrl Pts',(-2.5,10.4657916226215,-33.3503289782503));
#1865=CARTESIAN_POINT('Ctrl Pts',(-2.5,11.2979494399387,-33.4742628028749));
#1866=CARTESIAN_POINT('Ctrl Pts',(-2.5,12.0571268450601,-33.5952349700945));
#1867=CARTESIAN_POINT('Ctrl Pts',(-2.5,12.5222026683966,-33.6696689962972));
#1868=CARTESIAN_POINT('Ctrl Pts',(-2.5,13.070490665947,-33.7493508358254));
#1869=CARTESIAN_POINT('Ctrl Pts',(-2.5,13.81271178782,-33.8026794535706));
#1870=CARTESIAN_POINT('Ctrl Pts',(-2.5,14.7130955848871,-33.7056172619914));
#1871=CARTESIAN_POINT('Ctrl Pts',(-2.5,15.627157342064,-33.3434597471368));
#1872=CARTESIAN_POINT('Ctrl Pts',(-2.5,16.3844353317346,-32.7467355258832));
#1873=CARTESIAN_POINT('Ctrl Pts',(-2.5,16.9084204638411,-32.0278610334895));
#1874=CARTESIAN_POINT('Ctrl Pts',(-2.5,17.3043808468737,-31.0705884811696));
#1875=CARTESIAN_POINT('Ctrl Pts',(-2.5,17.4147864040843,-30.0421780773636));
#1876=CARTESIAN_POINT('Ctrl Pts',(-2.5,17.3386958833213,-29.0985827606157));
#1877=CARTESIAN_POINT('Ctrl Pts',(-2.5,17.2313295471734,-28.3655879430374));
#1878=CARTESIAN_POINT('Ctrl Pts',(-2.5,17.1582626945122,-27.7452179617476));
#1879=CARTESIAN_POINT('Ctrl Pts',(-2.5,17.1480103263379,-27.3447424200556));
#1880=CARTESIAN_POINT('Ctrl Pts',(-2.5,17.1536417907357,-27.1628536723523));
#1881=CARTESIAN_POINT('Ctrl Pts',(-2.5,17.141839477271,-27.1267649914606));
#1882=CARTESIAN_POINT('Ctrl Pts',(-2.5,17.0617268018656,-27.2287238891037));
#1883=CARTESIAN_POINT('Ctrl Pts',(-2.5,16.9100660469746,-27.3496904969813));
#1884=CARTESIAN_POINT('Ctrl Pts',(-2.5,16.8704712468367,-27.3221540897982));
#1885=CARTESIAN_POINT('Ctrl Pts',(-2.5,17.1216199448329,-27.1347409513452));
#1886=CARTESIAN_POINT('Ctrl Pts',(-2.5,17.6067505888992,-26.8712675546196));
#1887=CARTESIAN_POINT('Ctrl Pts',(-2.5,18.1631663588261,-26.588771692462));
#1888=CARTESIAN_POINT('Ctrl Pts',(-2.5,18.4990783876011,-26.4201586789026));
#1889=CARTESIAN_POINT('Ctrl Pts',(-2.5,18.6820315947394,-26.3279657564431));
#1890=CARTESIAN_POINT('Ctrl Pts',(-2.68699956271368,9.5,-33.25));
#1891=CARTESIAN_POINT('Ctrl Pts',(-2.68699956271368,10.4658443781416,-33.3503289782503));
#1892=CARTESIAN_POINT('Ctrl Pts',(-2.68699956271368,11.2981359083522,-33.4742127085568));
#1893=CARTESIAN_POINT('Ctrl Pts',(-2.68699956271368,12.0573474121756,-33.5951729962939));
#1894=CARTESIAN_POINT('Ctrl Pts',(-2.68699956271368,12.5224304434484,-33.6695942015861));
#1895=CARTESIAN_POINT('Ctrl Pts',(-2.68699956271368,13.0708428473422,-33.7491821390344));
#1896=CARTESIAN_POINT('Ctrl Pts',(-2.68699956271368,13.8130055467465,-33.8024432366018));
#1897=CARTESIAN_POINT('Ctrl Pts',(-2.68699956271368,14.7131715000165,-33.7053308093543));
#1898=CARTESIAN_POINT('Ctrl Pts',(-2.68699956271368,15.6270359728251,-33.3432793783933));
#1899=CARTESIAN_POINT('Ctrl Pts',(-2.68699956271368,16.3840383137602,-32.7468207994135));
#1900=CARTESIAN_POINT('Ctrl Pts',(-2.68699956271368,16.9081692711549,-32.0279101506692));
#1901=CARTESIAN_POINT('Ctrl Pts',(-2.68699956271368,17.304099893087,-31.0709716934999));
#1902=CARTESIAN_POINT('Ctrl Pts',(-2.68699956271368,17.4147247497669,-30.0424042904644));
#1903=CARTESIAN_POINT('Ctrl Pts',(-2.68699956271368,17.3386924320359,-29.0987053012477));
#1904=CARTESIAN_POINT('Ctrl Pts',(-2.68699956271368,17.2313294081782,-28.3658065369806));
#1905=CARTESIAN_POINT('Ctrl Pts',(-2.68699956271368,17.1582539187731,-27.7452356574348));
#1906=CARTESIAN_POINT('Ctrl Pts',(-2.68699956271368,17.1479022154103,-27.3450470114385));
#1907=CARTESIAN_POINT('Ctrl Pts',(-2.68699956271368,17.153523788392,-27.1630468830768));
#1908=CARTESIAN_POINT('Ctrl Pts',(-2.68699956271368,17.1416685648346,-27.1269095287917));
#1909=CARTESIAN_POINT('Ctrl Pts',(-2.68699956271368,17.0615639871154,-27.2287927610426));
#1910=CARTESIAN_POINT('Ctrl Pts',(-2.68699956271368,16.9100611812663,-27.3494886940841));
#1911=CARTESIAN_POINT('Ctrl Pts',(-2.68699956271368,16.8705558302856,-27.3219671903864));
#1912=CARTESIAN_POINT('Ctrl Pts',(-2.68699956271368,17.1217761564187,-27.1345286984798));
#1913=CARTESIAN_POINT('Ctrl Pts',(-2.68699956271368,17.6067873139053,-26.871225420037));
#1914=CARTESIAN_POINT('Ctrl Pts',(-2.68699956271368,18.1632167870244,-26.5887174899752));
#1915=CARTESIAN_POINT('Ctrl Pts',(-2.68699956271368,18.4990811562204,-26.4201568816601));
#1916=CARTESIAN_POINT('Ctrl Pts',(-2.68699956271368,18.6820315947394,-26.3279657564431));
#1917=CARTESIAN_POINT('Ctrl Pts',(-3.25046503610994,9.5,-33.1262877949199));
#1918=CARTESIAN_POINT('Ctrl Pts',(-3.25046503610994,10.4685567787389,-33.2266167731702));
#1919=CARTESIAN_POINT('Ctrl Pts',(-3.25046503610994,11.3039973789334,-33.3507465608034));
#1920=CARTESIAN_POINT('Ctrl Pts',(-3.25046503610994,12.063111506666,-33.4717286499913));
#1921=CARTESIAN_POINT('Ctrl Pts',(-3.25046503610994,12.5264665426934,-33.5460905724738));
#1922=CARTESIAN_POINT('Ctrl Pts',(-3.25046503610994,13.0683631583089,-33.6256475857543));
#1923=CARTESIAN_POINT('Ctrl Pts',(-3.25046503610994,13.7927460524011,-33.6799646156979));
#1924=CARTESIAN_POINT('Ctrl Pts',(-3.25046503610994,14.6644632737104,-33.5904007722402));
#1925=CARTESIAN_POINT('Ctrl Pts',(-3.25046503610994,15.5481527713436,-33.2462456034168));
#1926=CARTESIAN_POINT('Ctrl Pts',(-3.25046503610994,16.2818537100494,-32.6753064428687));
#1927=CARTESIAN_POINT('Ctrl Pts',(-3.25046503610994,16.7914980911735,-31.9846623739613));
#1928=CARTESIAN_POINT('Ctrl Pts',(-3.25046503610994,17.1797511313058,-31.0602076140067));
#1929=CARTESIAN_POINT('Ctrl Pts',(-3.25046503610994,17.291726839809,-30.0589941416461));
#1930=CARTESIAN_POINT('Ctrl Pts',(-3.25046503610994,17.2187375889698,-29.1287545772894));
#1931=CARTESIAN_POINT('Ctrl Pts',(-3.25046503610994,17.1111423380555,-28.394856413441));
#1932=CARTESIAN_POINT('Ctrl Pts',(-3.25046503610994,17.0359120126223,-27.7649899797816));
#1933=CARTESIAN_POINT('Ctrl Pts',(-3.25046503610994,17.0240454145089,-27.3494625915542));
#1934=CARTESIAN_POINT('Ctrl Pts',(-3.25046503610994,17.0303806565398,-27.1498969136661));
#1935=CARTESIAN_POINT('Ctrl Pts',(-3.25046503610994,17.0214215643243,-27.0964914668342));
#1936=CARTESIAN_POINT('Ctrl Pts',(-3.25046503610994,16.9491513163404,-27.1751655324836));
#1937=CARTESIAN_POINT('Ctrl Pts',(-3.25046503610994,16.8124089205153,-27.2723254293874));
#1938=CARTESIAN_POINT('Ctrl Pts',(-3.25046503610994,16.7888501598508,-27.2287499215315));
#1939=CARTESIAN_POINT('Ctrl Pts',(-3.25046503610994,17.050205096495,-27.0337239994558));
#1940=CARTESIAN_POINT('Ctrl Pts',(-3.25046503610994,17.5388709833114,-26.7678538574223));
#1941=CARTESIAN_POINT('Ctrl Pts',(-3.25046503610994,18.0960338084246,-26.4848761194894));
#1942=CARTESIAN_POINT('Ctrl Pts',(-3.25046503610994,18.4318639844189,-26.3162983706843));
#1943=CARTESIAN_POINT('Ctrl Pts',(-3.25046503610994,18.6146720756649,-26.224199649858));
#1944=CARTESIAN_POINT('Ctrl Pts',(-3.8951870447369,9.5,-32.3192252991453));
#1945=CARTESIAN_POINT('Ctrl Pts',(-3.8951870447369,10.4869490687678,-32.4195542773955));
#1946=CARTESIAN_POINT('Ctrl Pts',(-3.8951870447369,11.3447008404264,-32.5446270737443));
#1947=CARTESIAN_POINT('Ctrl Pts',(-3.8951870447369,12.103630466266,-32.6655943541428));
#1948=CARTESIAN_POINT('Ctrl Pts',(-3.8951870447369,12.555807845038,-32.7394000529133));
#1949=CARTESIAN_POINT('Ctrl Pts',(-3.8951870447369,13.0568418803372,-32.8175140323812));
#1950=CARTESIAN_POINT('Ctrl Pts',(-3.8951870447369,13.6644622006119,-32.877827107851));
#1951=CARTESIAN_POINT('Ctrl Pts',(-3.8951870447369,14.347708475445,-32.8368439663458));
#1952=CARTESIAN_POINT('Ctrl Pts',(-3.8951870447369,15.031937292739,-32.6108411392027));
#1953=CARTESIAN_POINT('Ctrl Pts',(-3.8951870447369,15.6099828445125,-32.209894783484));
#1954=CARTESIAN_POINT('Ctrl Pts',(-3.8951870447369,16.0270486769145,-31.7031757203292));
#1955=CARTESIAN_POINT('Ctrl Pts',(-3.8951870447369,16.3648219906127,-30.9950515773077));
#1956=CARTESIAN_POINT('Ctrl Pts',(-3.8951870447369,16.4885091882673,-30.1702118281339));
#1957=CARTESIAN_POINT('Ctrl Pts',(-3.8951870447369,16.4361414090975,-29.3264071940011));
#1958=CARTESIAN_POINT('Ctrl Pts',(-3.8951870447369,16.3270749615443,-28.5872589682382));
#1959=CARTESIAN_POINT('Ctrl Pts',(-3.8951870447369,16.2376729424061,-27.8940953611077));
#1960=CARTESIAN_POINT('Ctrl Pts',(-3.8951870447369,16.214610497019,-27.3822949535446));
#1961=CARTESIAN_POINT('Ctrl Pts',(-3.8951870447369,16.2254707538207,-27.0666643889577));
#1962=CARTESIAN_POINT('Ctrl Pts',(-3.8951870447369,16.234705761744,-26.899963506996));
#1963=CARTESIAN_POINT('Ctrl Pts',(-3.8951870447369,16.2136514490818,-26.8262274880833));
#1964=CARTESIAN_POINT('Ctrl Pts',(-3.8951870447369,16.1752896129648,-26.7662670646589));
#1965=CARTESIAN_POINT('Ctrl Pts',(-3.8951870447369,16.256944206345,-26.6181569057748));
#1966=CARTESIAN_POINT('Ctrl Pts',(-3.8951870447369,16.5853612523474,-26.3732976450954));
#1967=CARTESIAN_POINT('Ctrl Pts',(-3.8951870447369,17.0962900363037,-26.0929308275752));
#1968=CARTESIAN_POINT('Ctrl Pts',(-3.8951870447369,17.6584181796152,-25.8067286736658));
#1969=CARTESIAN_POINT('Ctrl Pts',(-3.8951870447369,17.9933952761387,-25.6387318512824));
#1970=CARTESIAN_POINT('Ctrl Pts',(-3.8951870447369,18.1752381366828,-25.5472597076499));
#1971=CARTESIAN_POINT('Ctrl Pts',(-3.61798629166251,9.5,-31.1081970497273));
#1972=CARTESIAN_POINT('Ctrl Pts',(-3.61798629166251,10.5143600545524,-31.2085260279775));
#1973=CARTESIAN_POINT('Ctrl Pts',(-3.61798629166251,11.4051157391389,-31.335191745626));
#1974=CARTESIAN_POINT('Ctrl Pts',(-3.61798629166251,12.1636474176933,-31.456178992611));
#1975=CARTESIAN_POINT('Ctrl Pts',(-3.61798629166251,12.5990266951354,-31.5291955874014));
#1976=CARTESIAN_POINT('Ctrl Pts',(-3.61798629166251,13.0383030547093,-31.6054777147908));
#1977=CARTESIAN_POINT('Ctrl Pts',(-3.61798629166251,13.4709241280896,-31.6750278718837));
#1978=CARTESIAN_POINT('Ctrl Pts',(-3.61798629166251,13.8721361455396,-31.7071203406608));
#1979=CARTESIAN_POINT('Ctrl Pts',(-3.61798629166251,14.2577671750738,-31.6580328998597));
#1980=CARTESIAN_POINT('Ctrl Pts',(-3.61798629166251,14.6032247593426,-31.5112238935228));
#1981=CARTESIAN_POINT('Ctrl Pts',(-3.61798629166251,14.8808550552568,-31.2806197628814));
#1982=CARTESIAN_POINT('Ctrl Pts',(-3.61798629166251,15.1429872930029,-30.8959215372262));
#1983=CARTESIAN_POINT('Ctrl Pts',(-3.61798629166251,15.2834692288724,-30.3362948819724));
#1984=CARTESIAN_POINT('Ctrl Pts',(-3.61798629166251,15.2618380622812,-29.622557351189));
#1985=CARTESIAN_POINT('Ctrl Pts',(-3.61798629166251,15.1505522647335,-28.8751900907968));
#1986=CARTESIAN_POINT('Ctrl Pts',(-3.61798629166251,15.0399157470591,-28.087760097866));
#1987=CARTESIAN_POINT('Ctrl Pts',(-3.61798629166251,15.0004062733501,-27.4304794739016));
#1988=CARTESIAN_POINT('Ctrl Pts',(-3.61798629166251,15.0180916159824,-26.9410846397499));
#1989=CARTESIAN_POINT('Ctrl Pts',(-3.61798629166251,15.054815469664,-26.6045524635579));
#1990=CARTESIAN_POINT('Ctrl Pts',(-3.61798629166251,15.1105838761781,-26.3023879747449));
#1991=CARTESIAN_POINT('Ctrl Pts',(-3.61798629166251,15.2192849194268,-26.0076237311665));
#1992=CARTESIAN_POINT('Ctrl Pts',(-3.61798629166251,15.458498526744,-25.7026023895263));
#1993=CARTESIAN_POINT('Ctrl Pts',(-3.61798629166251,15.8872904678069,-25.383056329715));
#1994=CARTESIAN_POINT('Ctrl Pts',(-3.61798629166251,16.4320499174259,-25.0803325512334));
#1995=CARTESIAN_POINT('Ctrl Pts',(-3.61798629166251,17.0015800469549,-24.7893348942876));
#1996=CARTESIAN_POINT('Ctrl Pts',(-3.61798629166251,17.3354463190049,-24.6220236669472));
#1997=CARTESIAN_POINT('Ctrl Pts',(-3.61798629166251,17.5158506460654,-24.5314853438733));
#1998=CARTESIAN_POINT('Ctrl Pts',(-2.87399912542736,9.5,-30.75));
#1999=CARTESIAN_POINT('Ctrl Pts',(-2.87399912542736,10.5225995525997,-30.8503289782503));
#2000=CARTESIAN_POINT('Ctrl Pts',(-2.87399912542736,11.4234514127248,-30.9773406056767));
#2001=CARTESIAN_POINT('Ctrl Pts',(-2.87399912542736,12.1819506385983,-31.0983040578736));
#2002=CARTESIAN_POINT('Ctrl Pts',(-2.87399912542736,12.6123794068405,-31.1710551978643));
#2003=CARTESIAN_POINT('Ctrl Pts',(-2.87399912542736,13.0337001608076,-31.2465607320831));
#2004=CARTESIAN_POINT('Ctrl Pts',(-2.87399912542736,13.4144140200104,-31.3186742158362));
#2005=CARTESIAN_POINT('Ctrl Pts',(-2.87399912542736,13.7316615089136,-31.3722553384513));
#2006=CARTESIAN_POINT('Ctrl Pts',(-2.87399912542736,14.0284802626624,-31.3757610268726));
#2007=CARTESIAN_POINT('Ctrl Pts',(-2.87399912542736,14.3044539848067,-31.3047847254113));
#2008=CARTESIAN_POINT('Ctrl Pts',(-2.87399912542736,14.5412067248596,-31.1557592712197));
#2009=CARTESIAN_POINT('Ctrl Pts',(-2.87399912542736,14.7808914932721,-30.8675590148654));
#2010=CARTESIAN_POINT('Ctrl Pts',(-2.87399912542735,14.9268892461343,-30.385984372871));
#2011=CARTESIAN_POINT('Ctrl Pts',(-2.87399912542736,14.9144948486488,-29.7104587980279));
#2012=CARTESIAN_POINT('Ctrl Pts',(-2.87399912542736,14.8025608946062,-28.9609006652896));
#2013=CARTESIAN_POINT('Ctrl Pts',(-2.87399912542736,14.6856220593312,-28.1450863539112));
#2014=CARTESIAN_POINT('Ctrl Pts',(-2.87399912542736,14.6409995427263,-27.4454929802884));
#2015=CARTESIAN_POINT('Ctrl Pts',(-2.87399912542736,14.6606788742271,-26.9044238092217));
#2016=CARTESIAN_POINT('Ctrl Pts',(-2.87399912542735,14.7054010754204,-26.5175373662629));
#2017=CARTESIAN_POINT('Ctrl Pts',(-2.87399912542736,14.7839122950472,-26.1476192968774));
#2018=CARTESIAN_POINT('Ctrl Pts',(-2.87399912542736,14.9365063855026,-25.782728223394));
#2019=CARTESIAN_POINT('Ctrl Pts',(-2.87399912542736,15.2225463190323,-25.4313330678528));
#2020=CARTESIAN_POINT('Ctrl Pts',(-2.87399912542736,15.6812061542305,-25.0896328137869));
#2021=CARTESIAN_POINT('Ctrl Pts',(-2.87399912542736,16.2356732789969,-24.7807216310035));
#2022=CARTESIAN_POINT('Ctrl Pts',(-2.87399912542736,16.807427022633,-24.4882753921048));
#2023=CARTESIAN_POINT('Ctrl Pts',(-2.87399912542736,17.1408455797274,-24.3212979705457));
#2024=CARTESIAN_POINT('Ctrl Pts',(-2.87399912542736,17.3208174964426,-24.2310403456099));
#2025=CARTESIAN_POINT('Ctrl Pts',(-2.5,9.5,-30.75));
#2026=CARTESIAN_POINT('Ctrl Pts',(-2.5,10.5225146537274,-30.8503289782503));
#2027=CARTESIAN_POINT('Ctrl Pts',(-2.5,11.423151331179,-30.9774212219062));
#2028=CARTESIAN_POINT('Ctrl Pts',(-2.5,12.1815956823904,-31.0984037916222));
#2029=CARTESIAN_POINT('Ctrl Pts',(-2.5,12.6120128509807,-31.1711755641618));
#2030=CARTESIAN_POINT('Ctrl Pts',(-2.5,13.033133399202,-31.2468322139543));
#2031=CARTESIAN_POINT('Ctrl Pts',(-2.5,13.4139412770343,-31.3190543571792));
#2032=CARTESIAN_POINT('Ctrl Pts',(-2.5,13.7315393395394,-31.3727163234971));
#2033=CARTESIAN_POINT('Ctrl Pts',(-2.5,14.02867558083,-31.3760512922872));
#2034=CARTESIAN_POINT('Ctrl Pts',(-2.5,14.3050929014211,-31.3046474956665));
#2035=CARTESIAN_POINT('Ctrl Pts',(-2.5,14.5416109664581,-31.1556802274882));
#2036=CARTESIAN_POINT('Ctrl Pts',(-2.5,14.7813436290789,-30.8669423155207));
#2037=CARTESIAN_POINT('Ctrl Pts',(-2.5,14.9269884657423,-30.3856203306416));
#2038=CARTESIAN_POINT('Ctrl Pts',(-2.5,14.9145004027641,-29.7102615947504));
#2039=CARTESIAN_POINT('Ctrl Pts',(-2.5,14.8025611182896,-28.9605488844857));
#2040=CARTESIAN_POINT('Ctrl Pts',(-2.5,14.6856361820307,-28.1450578764385));
#2041=CARTESIAN_POINT('Ctrl Pts',(-2.5,14.6411735244407,-27.4450028047605));
#2042=CARTESIAN_POINT('Ctrl Pts',(-2.5,14.6608687740875,-26.9041128773499));
#2043=CARTESIAN_POINT('Ctrl Pts',(-2.5,14.705676122905,-26.5173047639421));
#2044=CARTESIAN_POINT('Ctrl Pts',(-2.5,14.7841743110154,-26.1475084620313));
#2045=CARTESIAN_POINT('Ctrl Pts',(-2.5,14.9365142158329,-25.783052982554));
#2046=CARTESIAN_POINT('Ctrl Pts',(-2.5,15.2224101998279,-25.4316338429993));
#2047=CARTESIAN_POINT('Ctrl Pts',(-2.5,15.6809547646614,-25.0899743899647));
#2048=CARTESIAN_POINT('Ctrl Pts',(-2.5,16.2356141778527,-24.780789437719));
#2049=CARTESIAN_POINT('Ctrl Pts',(-2.5,16.807345869094,-24.4883626195644));
#2050=CARTESIAN_POINT('Ctrl Pts',(-2.5,17.1408411242192,-24.3213008628282));
#2051=CARTESIAN_POINT('Ctrl Pts',(-2.5,17.3208174964426,-24.2310403456099));
#2052=CARTESIAN_POINT('',(-2.5,9.5,-33.25));
#2053=CARTESIAN_POINT('Ctrl Pts',(-2.5,9.5,-30.75));
#2054=CARTESIAN_POINT('Ctrl Pts',(-2.87399912542736,9.5,-30.75));
#2055=CARTESIAN_POINT('Ctrl Pts',(-3.61798629166251,9.5,-31.1081970497273));
#2056=CARTESIAN_POINT('Ctrl Pts',(-3.8951870447369,9.5,-32.3192252991453));
#2057=CARTESIAN_POINT('Ctrl Pts',(-3.25046503610994,9.5,-33.1262877949199));
#2058=CARTESIAN_POINT('Ctrl Pts',(-2.68699956271368,9.5,-33.25));
#2059=CARTESIAN_POINT('Ctrl Pts',(-2.5,9.5,-33.25));
#2060=CARTESIAN_POINT('',(-2.5,18.6820315947394,-26.3279657564431));
#2061=CARTESIAN_POINT('Origin',(-2.5,18.001424545591,-25.2795030510265));
#2062=CARTESIAN_POINT('Ctrl Pts',(-2.5,9.5,-33.25));
#2063=CARTESIAN_POINT('Ctrl Pts',(-2.5,10.4657916226215,-33.3503289782503));
#2064=CARTESIAN_POINT('Ctrl Pts',(-2.5,11.4645366579907,-33.4987236215922));
#2065=CARTESIAN_POINT('Ctrl Pts',(-2.5,12.4126920930736,-33.6533872739481));
#2066=CARTESIAN_POINT('Ctrl Pts',(-2.5,13.0704991642178,-33.7494542014811));
#2067=CARTESIAN_POINT('Ctrl Pts',(-2.5,13.8127498409928,-33.8026029766199));
#2068=CARTESIAN_POINT('Ctrl Pts',(-2.5,14.7130917775566,-33.7056276976723));
#2069=CARTESIAN_POINT('Ctrl Pts',(-2.5,15.6271395529911,-33.3434431328652));
#2070=CARTESIAN_POINT('Ctrl Pts',(-2.5,16.384416861805,-32.7467354442658));
#2071=CARTESIAN_POINT('Ctrl Pts',(-2.5,16.9083956908331,-32.0278520277935));
#2072=CARTESIAN_POINT('Ctrl Pts',(-2.5,17.3043640948156,-31.0705859320415));
#2073=CARTESIAN_POINT('Ctrl Pts',(-2.5,17.4147982697421,-30.0422305263974));
#2074=CARTESIAN_POINT('Ctrl Pts',(-2.5,17.338706259287,-29.098609628629));
#2075=CARTESIAN_POINT('Ctrl Pts',(-2.5,17.2313274737479,-28.3657360900696));
#2076=CARTESIAN_POINT('Ctrl Pts',(-2.5,17.1582664569801,-27.7450230330707));
#2077=CARTESIAN_POINT('Ctrl Pts',(-2.5,17.1479831913663,-27.3447850127304));
#2078=CARTESIAN_POINT('Ctrl Pts',(-2.5,17.153550422626,-27.1628477197945));
#2079=CARTESIAN_POINT('Ctrl Pts',(-2.5,17.1419369204874,-27.1267973851987));
#2080=CARTESIAN_POINT('Ctrl Pts',(-2.5,17.0617157137754,-27.2287397664177));
#2081=CARTESIAN_POINT('Ctrl Pts',(-2.5,16.9100719272,-27.3497200481795));
#2082=CARTESIAN_POINT('Ctrl Pts',(-2.5,16.8704731087037,-27.3221549158179));
#2083=CARTESIAN_POINT('Ctrl Pts',(-2.5,17.121570452895,-27.1348015941338));
#2084=CARTESIAN_POINT('Ctrl Pts',(-2.5,17.7038054022989,-26.8185307868532));
#2085=CARTESIAN_POINT('Ctrl Pts',(-2.5,18.3161251804629,-26.5123516013622));
#2086=CARTESIAN_POINT('Ctrl Pts',(-2.5,18.6820315947394,-26.3279657564431));
#2087=CARTESIAN_POINT('Ctrl Pts',(2.5,9.5,-33.25));
#2088=CARTESIAN_POINT('Ctrl Pts',(2.5,10.4657916226215,-33.3503289782503));
#2089=CARTESIAN_POINT('Ctrl Pts',(2.5,11.4645366579907,-33.4987236215922));
#2090=CARTESIAN_POINT('Ctrl Pts',(2.5,12.4126920930736,-33.6533872739481));
#2091=CARTESIAN_POINT('Ctrl Pts',(2.5,13.0704991642178,-33.7494542014811));
#2092=CARTESIAN_POINT('Ctrl Pts',(2.5,13.8127498409928,-33.8026029766199));
#2093=CARTESIAN_POINT('Ctrl Pts',(2.5,14.7130917775566,-33.7056276976723));
#2094=CARTESIAN_POINT('Ctrl Pts',(2.5,15.6271395529911,-33.3434431328652));
#2095=CARTESIAN_POINT('Ctrl Pts',(2.5,16.384416861805,-32.7467354442658));
#2096=CARTESIAN_POINT('Ctrl Pts',(2.5,16.9083956908331,-32.0278520277935));
#2097=CARTESIAN_POINT('Ctrl Pts',(2.5,17.3043640948156,-31.0705859320415));
#2098=CARTESIAN_POINT('Ctrl Pts',(2.5,17.4147982697421,-30.0422305263974));
#2099=CARTESIAN_POINT('Ctrl Pts',(2.5,17.338706259287,-29.098609628629));
#2100=CARTESIAN_POINT('Ctrl Pts',(2.5,17.2313274737479,-28.3657360900696));
#2101=CARTESIAN_POINT('Ctrl Pts',(2.5,17.1582664569801,-27.7450230330707));
#2102=CARTESIAN_POINT('Ctrl Pts',(2.5,17.1479831913663,-27.3447850127304));
#2103=CARTESIAN_POINT('Ctrl Pts',(2.5,17.153550422626,-27.1628477197945));
#2104=CARTESIAN_POINT('Ctrl Pts',(2.5,17.1419369204874,-27.1267973851987));
#2105=CARTESIAN_POINT('Ctrl Pts',(2.5,17.0617157137754,-27.2287397664177));
#2106=CARTESIAN_POINT('Ctrl Pts',(2.5,16.9100719272,-27.3497200481795));
#2107=CARTESIAN_POINT('Ctrl Pts',(2.5,16.8704731087037,-27.3221549158179));
#2108=CARTESIAN_POINT('Ctrl Pts',(2.5,17.121570452895,-27.1348015941338));
#2109=CARTESIAN_POINT('Ctrl Pts',(2.5,17.7038054022989,-26.8185307868532));
#2110=CARTESIAN_POINT('Ctrl Pts',(2.5,18.3161251804629,-26.5123516013622));
#2111=CARTESIAN_POINT('Ctrl Pts',(2.5,18.6820315947394,-26.3279657564431));
#2112=CARTESIAN_POINT('Ctrl Pts',(0.833333333333333,9.5,-33.25));
#2113=CARTESIAN_POINT('Ctrl Pts',(0.833333333333333,10.4657916226215,-33.3503289782503));
#2114=CARTESIAN_POINT('Ctrl Pts',(0.833333333333333,11.4645366579907,-33.4987236215922));
#2115=CARTESIAN_POINT('Ctrl Pts',(0.833333333333334,12.4126920930736,-33.6533872739481));
#2116=CARTESIAN_POINT('Ctrl Pts',(0.833333333333334,13.0704991642178,-33.7494542014811));
#2117=CARTESIAN_POINT('Ctrl Pts',(0.833333333333333,13.8127498409928,-33.8026029766199));
#2118=CARTESIAN_POINT('Ctrl Pts',(0.833333333333334,14.7130917775566,-33.7056276976723));
#2119=CARTESIAN_POINT('Ctrl Pts',(0.833333333333334,15.6271395529911,-33.3434431328652));
#2120=CARTESIAN_POINT('Ctrl Pts',(0.833333333333334,16.384416861805,-32.7467354442658));
#2121=CARTESIAN_POINT('Ctrl Pts',(0.833333333333334,16.9083956908331,-32.0278520277935));
#2122=CARTESIAN_POINT('Ctrl Pts',(0.833333333333333,17.3043640948156,-31.0705859320415));
#2123=CARTESIAN_POINT('Ctrl Pts',(0.833333333333333,17.4147982697421,-30.0422305263974));
#2124=CARTESIAN_POINT('Ctrl Pts',(0.833333333333334,17.338706259287,-29.098609628629));
#2125=CARTESIAN_POINT('Ctrl Pts',(0.833333333333333,17.2313274737479,-28.3657360900696));
#2126=CARTESIAN_POINT('Ctrl Pts',(0.833333333333334,17.1582664569801,-27.7450230330707));
#2127=CARTESIAN_POINT('Ctrl Pts',(0.833333333333333,17.1479831913663,-27.3447850127304));
#2128=CARTESIAN_POINT('Ctrl Pts',(0.833333333333333,17.153550422626,-27.1628477197945));
#2129=CARTESIAN_POINT('Ctrl Pts',(0.833333333333333,17.1419369204874,-27.1267973851987));
#2130=CARTESIAN_POINT('Ctrl Pts',(0.833333333333334,17.0617157137754,-27.2287397664177));
#2131=CARTESIAN_POINT('Ctrl Pts',(0.833333333333334,16.9100719272,-27.3497200481795));
#2132=CARTESIAN_POINT('Ctrl Pts',(0.833333333333333,16.8704731087037,-27.3221549158179));
#2133=CARTESIAN_POINT('Ctrl Pts',(0.833333333333333,17.121570452895,-27.1348015941338));
#2134=CARTESIAN_POINT('Ctrl Pts',(0.833333333333334,17.7038054022989,-26.8185307868532));
#2135=CARTESIAN_POINT('Ctrl Pts',(0.833333333333333,18.3161251804629,-26.5123516013622));
#2136=CARTESIAN_POINT('Ctrl Pts',(0.833333333333333,18.6820315947394,-26.3279657564431));
#2137=CARTESIAN_POINT('Ctrl Pts',(-0.833333333333333,9.5,-33.25));
#2138=CARTESIAN_POINT('Ctrl Pts',(-0.833333333333333,10.4657916226215,-33.3503289782503));
#2139=CARTESIAN_POINT('Ctrl Pts',(-0.833333333333333,11.4645366579907,-33.4987236215922));
#2140=CARTESIAN_POINT('Ctrl Pts',(-0.833333333333334,12.4126920930736,-33.6533872739481));
#2141=CARTESIAN_POINT('Ctrl Pts',(-0.833333333333334,13.0704991642178,-33.7494542014811));
#2142=CARTESIAN_POINT('Ctrl Pts',(-0.833333333333333,13.8127498409928,-33.8026029766199));
#2143=CARTESIAN_POINT('Ctrl Pts',(-0.833333333333334,14.7130917775566,-33.7056276976723));
#2144=CARTESIAN_POINT('Ctrl Pts',(-0.833333333333334,15.6271395529911,-33.3434431328652));
#2145=CARTESIAN_POINT('Ctrl Pts',(-0.833333333333334,16.384416861805,-32.7467354442658));
#2146=CARTESIAN_POINT('Ctrl Pts',(-0.833333333333334,16.9083956908331,-32.0278520277935));
#2147=CARTESIAN_POINT('Ctrl Pts',(-0.833333333333333,17.3043640948156,-31.0705859320415));
#2148=CARTESIAN_POINT('Ctrl Pts',(-0.833333333333333,17.4147982697421,-30.0422305263974));
#2149=CARTESIAN_POINT('Ctrl Pts',(-0.833333333333334,17.338706259287,-29.098609628629));
#2150=CARTESIAN_POINT('Ctrl Pts',(-0.833333333333333,17.2313274737479,-28.3657360900696));
#2151=CARTESIAN_POINT('Ctrl Pts',(-0.833333333333334,17.1582664569801,-27.7450230330707));
#2152=CARTESIAN_POINT('Ctrl Pts',(-0.833333333333333,17.1479831913663,-27.3447850127304));
#2153=CARTESIAN_POINT('Ctrl Pts',(-0.833333333333333,17.153550422626,-27.1628477197945));
#2154=CARTESIAN_POINT('Ctrl Pts',(-0.833333333333333,17.1419369204874,-27.1267973851987));
#2155=CARTESIAN_POINT('Ctrl Pts',(-0.833333333333334,17.0617157137754,-27.2287397664177));
#2156=CARTESIAN_POINT('Ctrl Pts',(-0.833333333333334,16.9100719272,-27.3497200481795));
#2157=CARTESIAN_POINT('Ctrl Pts',(-0.833333333333333,16.8704731087037,-27.3221549158179));
#2158=CARTESIAN_POINT('Ctrl Pts',(-0.833333333333333,17.121570452895,-27.1348015941338));
#2159=CARTESIAN_POINT('Ctrl Pts',(-0.833333333333334,17.7038054022989,-26.8185307868532));
#2160=CARTESIAN_POINT('Ctrl Pts',(-0.833333333333333,18.3161251804629,-26.5123516013622));
#2161=CARTESIAN_POINT('Ctrl Pts',(-0.833333333333333,18.6820315947394,-26.3279657564431));
#2162=CARTESIAN_POINT('Ctrl Pts',(-2.5,9.5,-33.25));
#2163=CARTESIAN_POINT('Ctrl Pts',(-2.5,10.4657916226215,-33.3503289782503));
#2164=CARTESIAN_POINT('Ctrl Pts',(-2.5,11.4645366579907,-33.4987236215922));
#2165=CARTESIAN_POINT('Ctrl Pts',(-2.5,12.4126920930736,-33.6533872739481));
#2166=CARTESIAN_POINT('Ctrl Pts',(-2.5,13.0704991642178,-33.7494542014811));
#2167=CARTESIAN_POINT('Ctrl Pts',(-2.5,13.8127498409928,-33.8026029766199));
#2168=CARTESIAN_POINT('Ctrl Pts',(-2.5,14.7130917775566,-33.7056276976723));
#2169=CARTESIAN_POINT('Ctrl Pts',(-2.5,15.6271395529911,-33.3434431328652));
#2170=CARTESIAN_POINT('Ctrl Pts',(-2.5,16.384416861805,-32.7467354442658));
#2171=CARTESIAN_POINT('Ctrl Pts',(-2.5,16.9083956908331,-32.0278520277935));
#2172=CARTESIAN_POINT('Ctrl Pts',(-2.5,17.3043640948156,-31.0705859320415));
#2173=CARTESIAN_POINT('Ctrl Pts',(-2.5,17.4147982697421,-30.0422305263974));
#2174=CARTESIAN_POINT('Ctrl Pts',(-2.5,17.338706259287,-29.098609628629));
#2175=CARTESIAN_POINT('Ctrl Pts',(-2.5,17.2313274737479,-28.3657360900696));
#2176=CARTESIAN_POINT('Ctrl Pts',(-2.5,17.1582664569801,-27.7450230330707));
#2177=CARTESIAN_POINT('Ctrl Pts',(-2.5,17.1479831913663,-27.3447850127304));
#2178=CARTESIAN_POINT('Ctrl Pts',(-2.5,17.153550422626,-27.1628477197945));
#2179=CARTESIAN_POINT('Ctrl Pts',(-2.5,17.1419369204874,-27.1267973851987));
#2180=CARTESIAN_POINT('Ctrl Pts',(-2.5,17.0617157137754,-27.2287397664177));
#2181=CARTESIAN_POINT('Ctrl Pts',(-2.5,16.9100719272,-27.3497200481795));
#2182=CARTESIAN_POINT('Ctrl Pts',(-2.5,16.8704731087037,-27.3221549158179));
#2183=CARTESIAN_POINT('Ctrl Pts',(-2.5,17.121570452895,-27.1348015941338));
#2184=CARTESIAN_POINT('Ctrl Pts',(-2.5,17.7038054022989,-26.8185307868532));
#2185=CARTESIAN_POINT('Ctrl Pts',(-2.5,18.3161251804629,-26.5123516013622));
#2186=CARTESIAN_POINT('Ctrl Pts',(-2.5,18.6820315947394,-26.3279657564431));
#2187=CARTESIAN_POINT('Ctrl Pts',(-2.5,9.5,-33.25));
#2188=CARTESIAN_POINT('Ctrl Pts',(-0.833333333333333,9.5,-33.25));
#2189=CARTESIAN_POINT('Ctrl Pts',(0.833333333333333,9.5,-33.25));
#2190=CARTESIAN_POINT('Ctrl Pts',(2.5,9.5,-33.25));
#2191=CARTESIAN_POINT('',(-2.5,18.6820315947394,-26.3279657564431));
#2192=CARTESIAN_POINT('Origin',(0.,18.001424545591,-25.2795030510265));
#2193=CARTESIAN_POINT('Origin',(8.,14.5,-6.));
#2194=CARTESIAN_POINT('',(10.,14.5,-6.));
#2195=CARTESIAN_POINT('Origin',(8.,14.5,-6.));
#2196=CARTESIAN_POINT('',(10.,14.5,-6.));
#2197=CARTESIAN_POINT('Origin',(-8.,16.5,-6.));
#2198=CARTESIAN_POINT('',(8.,16.5,-6.));
#2199=CARTESIAN_POINT('Origin',(-8.,14.5,-6.));
#2200=CARTESIAN_POINT('',(-10.,14.5,-6.));
#2201=CARTESIAN_POINT('Origin',(-8.,14.5,-6.));
#2202=CARTESIAN_POINT('',(-10.,14.5,-6.));
#2203=CARTESIAN_POINT('Origin',(6.5677621205417E-016,12.7844429408849,-6.));
#2204=CARTESIAN_POINT('',(-10.,9.5,-6.));
#2205=CARTESIAN_POINT('',(-10.,14.5,-6.));
#2206=CARTESIAN_POINT('',(10.,9.5,-6.));
#2207=CARTESIAN_POINT('',(-5.,9.5,-6.));
#2208=CARTESIAN_POINT('',(10.,9.5,-6.));
#2209=CARTESIAN_POINT('Origin',(-7.99999999999999,-35.7,-6.));
#2210=CARTESIAN_POINT('',(-10.,-35.7,-8.6));
#2211=CARTESIAN_POINT('',(-10.,-35.7,-6.));
#2212=CARTESIAN_POINT('',(-7.99999999999999,-37.7,-8.6));
#2213=CARTESIAN_POINT('Origin',(-7.99999999999999,-35.7,-8.6));
#2214=CARTESIAN_POINT('',(-7.99999999999999,-37.7,-6.));
#2215=CARTESIAN_POINT('Origin',(8.00000000000001,-37.7,-6.));
#2216=CARTESIAN_POINT('',(8.00000000000001,-37.7,-8.6));
#2217=CARTESIAN_POINT('Origin',(8.00000000000001,-35.7,-6.));
#2218=CARTESIAN_POINT('',(10.,-35.7,-8.6));
#2219=CARTESIAN_POINT('Origin',(8.00000000000001,-35.7,-8.6));
#2220=CARTESIAN_POINT('',(10.,-35.7,-6.));
#2221=CARTESIAN_POINT('Origin',(2.79129890123022E-015,-33.9844429408849,
-8.6));
#2222=CARTESIAN_POINT('',(-9.99999999999999,-30.7,-8.6));
#2223=CARTESIAN_POINT('',(-10.,-35.7,-8.6));
#2224=CARTESIAN_POINT('',(9.99999999999999,-30.7,-8.6));
#2225=CARTESIAN_POINT('',(5.,-30.7,-8.6));
#2226=CARTESIAN_POINT('',(9.99999999999999,-30.7,-8.6));
#2227=CARTESIAN_POINT('Origin',(-10.,9.5,0.));
#2228=CARTESIAN_POINT('',(10.,9.5,-36.7));
#2229=CARTESIAN_POINT('',(10.,9.5,0.));
#2230=CARTESIAN_POINT('',(-10.,9.5,-36.7));
#2231=CARTESIAN_POINT('',(-10.,9.5,-36.7));
#2232=CARTESIAN_POINT('',(-10.,9.5,0.));
#2233=CARTESIAN_POINT('Origin',(-10.,9.5,0.));
#2234=CARTESIAN_POINT('',(-10.,9.5,0.));
#2235=CARTESIAN_POINT('',(-10.,9.5,0.));
#2236=CARTESIAN_POINT('',(10.,9.5,0.));
#2237=CARTESIAN_POINT('',(-10.,9.5,0.));
#2238=CARTESIAN_POINT('',(10.,9.5,0.));
#2239=CARTESIAN_POINT('Origin',(9.99999999999999,-30.7,0.));
#2240=CARTESIAN_POINT('',(9.99999999999999,-30.7,0.));
#2241=CARTESIAN_POINT('',(9.99999999999999,-30.7,0.));
#2242=CARTESIAN_POINT('',(-9.99999999999999,-30.7,0.));
#2243=CARTESIAN_POINT('',(9.99999999999999,-30.7,0.));
#2244=CARTESIAN_POINT('',(-9.99999999999999,-30.7,0.));
#2245=CARTESIAN_POINT('Origin',(0.,0.,2.5));
#2246=CARTESIAN_POINT('',(6.5,7.96020419445779E-016,4.));
#2247=CARTESIAN_POINT('Origin',(0.,0.,4.));
#2248=CARTESIAN_POINT('',(6.5,7.96020419445779E-016,2.5));
#2249=CARTESIAN_POINT('Origin',(0.,0.,2.5));
#2250=CARTESIAN_POINT('Origin',(-3.51007605370522E-016,1.42336285208353E-016,
4.));
#2251=CARTESIAN_POINT('Origin',(0.,0.,0.));
#2252=CARTESIAN_POINT('',(-9.,-1.56125112837913E-015,0.));
#2253=CARTESIAN_POINT('',(9.,2.66343324761174E-015,0.));
#2254=CARTESIAN_POINT('Origin',(0.,0.,0.));
#2255=CARTESIAN_POINT('',(-9.,-1.56125112837913E-015,2.5));
#2256=CARTESIAN_POINT('',(-9.,-1.56125112837913E-015,0.));
#2257=CARTESIAN_POINT('',(9.,2.66343324761174E-015,2.5));
#2258=CARTESIAN_POINT('Origin',(0.,0.,2.5));
#2259=CARTESIAN_POINT('',(9.,2.66343324761174E-015,0.));
#2260=CARTESIAN_POINT('Origin',(9.00000000000001,-20.,0.));
#2261=CARTESIAN_POINT('',(9.00000000000001,-20.,0.));
#2262=CARTESIAN_POINT('',(9.,-15.3,0.));
#2263=CARTESIAN_POINT('',(9.00000000000001,-20.,2.5));
#2264=CARTESIAN_POINT('',(9.00000000000001,-20.,2.5));
#2265=CARTESIAN_POINT('',(9.00000000000001,-20.,0.));
#2266=CARTESIAN_POINT('Origin',(2.44929359829471E-015,-20.,0.));
#2267=CARTESIAN_POINT('',(-9.,-20.,0.));
#2268=CARTESIAN_POINT('Origin',(2.44929359829471E-015,-20.,0.));
#2269=CARTESIAN_POINT('',(-9.,-20.,2.5));
#2270=CARTESIAN_POINT('Origin',(2.44929359829471E-015,-20.,2.5));
#2271=CARTESIAN_POINT('',(-9.,-20.,0.));
#2272=CARTESIAN_POINT('Origin',(-9.,-1.56125112837913E-015,0.));
#2273=CARTESIAN_POINT('',(-9.,-5.3,0.));
#2274=CARTESIAN_POINT('',(-9.,-1.56125112837913E-015,2.5));
#2275=CARTESIAN_POINT('Origin',(2.22793849201588E-016,-10.,2.5));
#2276=CARTESIAN_POINT('Origin',(-9.99999999999999,-30.7,0.));
#2277=CARTESIAN_POINT('',(-9.99999999999999,-30.7,0.));
#2278=CARTESIAN_POINT('',(-9.99999999999999,-30.7,-36.7));
#2279=CARTESIAN_POINT('',(-9.99999999999999,-30.7,-36.7));
#2280=CARTESIAN_POINT('',(-9.99999999999999,-30.7,0.));
#2281=CARTESIAN_POINT('Origin',(9.99999999999999,-30.7,0.));
#2282=CARTESIAN_POINT('',(9.99999999999999,-30.7,-36.7));
#2283=CARTESIAN_POINT('',(9.99999999999999,-30.7,-36.7));
#2284=CARTESIAN_POINT('',(9.99999999999999,-30.7,0.));
#2285=CARTESIAN_POINT('Origin',(10.,9.5,0.));
#2286=CARTESIAN_POINT('',(10.,9.5,0.));
#2287=CARTESIAN_POINT('',(10.,9.5,-36.7));
#2288=CARTESIAN_POINT('Origin',(0.,-10.6,-36.7));
#2289=CARTESIAN_POINT('Origin',(0.,-10.6,0.));
#2290=UNCERTAINTY_MEASURE_WITH_UNIT(LENGTH_MEASURE(0.01),#2294,
'DISTANCE_ACCURACY_VALUE',
'Maximum model space distance between geometric entities at asserted c
onnectivities');
#2291=UNCERTAINTY_MEASURE_WITH_UNIT(LENGTH_MEASURE(1.E-006),#2294,
'DISTANCE_ACCURACY_VALUE',
'Maximum model space distance between geometric entities at asserted c
onnectivities');
#2292=(
GEOMETRIC_REPRESENTATION_CONTEXT(3)
GLOBAL_UNCERTAINTY_ASSIGNED_CONTEXT((#2290))
GLOBAL_UNIT_ASSIGNED_CONTEXT((#2294,#2297,#2295))
REPRESENTATION_CONTEXT('','3D')
);
#2293=(
GEOMETRIC_REPRESENTATION_CONTEXT(3)
GLOBAL_UNCERTAINTY_ASSIGNED_CONTEXT((#2291))
GLOBAL_UNIT_ASSIGNED_CONTEXT((#2294,#2297,#2295))
REPRESENTATION_CONTEXT('','3D')
);
#2294=(
LENGTH_UNIT()
NAMED_UNIT(*)
SI_UNIT(.MILLI.,.METRE.)
);
#2295=(
NAMED_UNIT(*)
SI_UNIT($,.STERADIAN.)
SOLID_ANGLE_UNIT()
);
#2296=DIMENSIONAL_EXPONENTS(0.,0.,0.,0.,0.,0.,0.);
#2297=(
CONVERSION_BASED_UNIT('degree',#2299)
NAMED_UNIT(#2296)
PLANE_ANGLE_UNIT()
);
#2298=(
NAMED_UNIT(*)
PLANE_ANGLE_UNIT()
SI_UNIT($,.RADIAN.)
);
#2299=PLANE_ANGLE_MEASURE_WITH_UNIT(PLANE_ANGLE_MEASURE(0.01745329252),
#2298);
#2300=SHAPE_DEFINITION_REPRESENTATION(#2301,#2302);
#2301=PRODUCT_DEFINITION_SHAPE('',$,#2304);
#2302=SHAPE_REPRESENTATION('',(#1019),#2292);
#2303=PRODUCT_DEFINITION_CONTEXT('part definition',#2308,'design');
#2304=PRODUCT_DEFINITION('Sevo_mg996r','Sevo_mg996r',#2305,#2303);
#2305=PRODUCT_DEFINITION_FORMATION('',$,#2310);
#2306=PRODUCT_RELATED_PRODUCT_CATEGORY('Sevo_mg996r','Sevo_mg996r',(#2310));
#2307=APPLICATION_PROTOCOL_DEFINITION('international standard',
'automotive_design',2009,#2308);
#2308=APPLICATION_CONTEXT(
'Core Data for Automotive Mechanical Design Process');
#2309=PRODUCT_CONTEXT('part definition',#2308,'mechanical');
#2310=PRODUCT('Sevo_mg996r','Sevo_mg996r',$,(#2309));
#2311=PRESENTATION_STYLE_ASSIGNMENT((#2318));
#2312=PRESENTATION_STYLE_ASSIGNMENT((#2319));
#2313=PRESENTATION_STYLE_ASSIGNMENT((#2320));
#2314=PRESENTATION_STYLE_ASSIGNMENT((#2321));
#2315=PRESENTATION_STYLE_ASSIGNMENT((#2322));
#2316=PRESENTATION_STYLE_ASSIGNMENT((#2323));
#2317=PRESENTATION_STYLE_ASSIGNMENT((#2324));
#2318=SURFACE_STYLE_USAGE(.BOTH.,#2325);
#2319=SURFACE_STYLE_USAGE(.BOTH.,#2326);
#2320=SURFACE_STYLE_USAGE(.BOTH.,#2327);
#2321=SURFACE_STYLE_USAGE(.BOTH.,#2328);
#2322=SURFACE_STYLE_USAGE(.BOTH.,#2329);
#2323=SURFACE_STYLE_USAGE(.BOTH.,#2330);
#2324=SURFACE_STYLE_USAGE(.BOTH.,#2331);
#2325=SURFACE_SIDE_STYLE($,(#2332));
#2326=SURFACE_SIDE_STYLE($,(#2333));
#2327=SURFACE_SIDE_STYLE($,(#2334));
#2328=SURFACE_SIDE_STYLE($,(#2335));
#2329=SURFACE_SIDE_STYLE($,(#2336));
#2330=SURFACE_SIDE_STYLE($,(#2337));
#2331=SURFACE_SIDE_STYLE($,(#2338));
#2332=SURFACE_STYLE_FILL_AREA(#2339);
#2333=SURFACE_STYLE_FILL_AREA(#2340);
#2334=SURFACE_STYLE_FILL_AREA(#2341);
#2335=SURFACE_STYLE_FILL_AREA(#2342);
#2336=SURFACE_STYLE_FILL_AREA(#2343);
#2337=SURFACE_STYLE_FILL_AREA(#2344);
#2338=SURFACE_STYLE_FILL_AREA(#2345);
#2339=FILL_AREA_STYLE($,(#2346));
#2340=FILL_AREA_STYLE($,(#2347));
#2341=FILL_AREA_STYLE($,(#2348));
#2342=FILL_AREA_STYLE($,(#2349));
#2343=FILL_AREA_STYLE($,(#2350));
#2344=FILL_AREA_STYLE($,(#2351));
#2345=FILL_AREA_STYLE($,(#2352));
#2346=FILL_AREA_STYLE_COLOUR($,#2353);
#2347=FILL_AREA_STYLE_COLOUR($,#2354);
#2348=FILL_AREA_STYLE_COLOUR($,#2355);
#2349=FILL_AREA_STYLE_COLOUR($,#2356);
#2350=FILL_AREA_STYLE_COLOUR($,#2357);
#2351=FILL_AREA_STYLE_COLOUR($,#2358);
#2352=FILL_AREA_STYLE_COLOUR($,#2359);
#2353=COLOUR_RGB('',0.250980392156863,0.250980392156863,0.250980392156863);
#2354=COLOUR_RGB('',0.,0.,0.);
#2355=COLOUR_RGB('',0.698039215686274,0.,0.);
#2356=COLOUR_RGB('',0.780392156862745,0.56078431372549,0.109803921568627);
#2357=COLOUR_RGB('',0.8,0.,0.);
#2358=COLOUR_RGB('',0.450980392156863,0.27843137254902,0.0392156862745098);
#2359=COLOUR_RGB('',0.956862745098039,0.956862745098039,0.956862745098039);
ENDSEC;
END-ISO-10303-21;
