ISO-10303-21;
HEADER;
FILE_DESCRIPTION(('FreeCAD Model'),'2;1');
FILE_NAME('Open CASCADE Shape Model','2026-05-25T15:14:25',('Author'),(
    ''),'Open CASCADE STEP processor 7.8','FreeCAD','Unknown');
FILE_SCHEMA(('AUTOMOTIVE_DESIGN { 1 0 10303 214 1 1 1 1 }'));
ENDSEC;
DATA;
#1 = APPLICATION_PROTOCOL_DEFINITION('international standard',
  'automotive_design',2000,#2);
#2 = APPLICATION_CONTEXT(
  'core data for automotive mechanical design processes');
#3 = SHAPE_DEFINITION_REPRESENTATION(#4,#10);
#4 = PRODUCT_DEFINITION_SHAPE('','',#5);
#5 = PRODUCT_DEFINITION('design','',#6,#9);
#6 = PRODUCT_DEFINITION_FORMATION('','',#7);
#7 = PRODUCT('coinschieber','coinschieber','',(#8));
#8 = PRODUCT_CONTEXT('',#2,'mechanical');
#9 = PRODUCT_DEFINITION_CONTEXT('part definition',#2,'design');
#10 = ADVANCED_BREP_SHAPE_REPRESENTATION('',(#11,#15),#3029);
#11 = AXIS2_PLACEMENT_3D('',#12,#13,#14);
#12 = CARTESIAN_POINT('',(0.,0.,0.));
#13 = DIRECTION('',(0.,0.,1.));
#14 = DIRECTION('',(1.,0.,-0.));
#15 = MANIFOLD_SOLID_BREP('',#16);
#16 = CLOSED_SHELL('',(#17,#143,#219,#296,#343,#350,#471,#547,#624,#671,
    #678,#905,#1020,#1169,#1221,#1434,#1488,#1495,#1722,#1837,#1986,
    #2038,#2144,#2198,#2205,#2258,#2311,#2365,#2417,#2449,#2554,#2636,
    #2718,#2795,#2842,#2913,#2987,#2998));
#17 = ADVANCED_FACE('',(#18),#33,.T.);
#18 = FACE_BOUND('',#19,.T.);
#19 = EDGE_LOOP('',(#20,#60,#88,#117));
#20 = ORIENTED_EDGE('',*,*,#21,.F.);
#21 = EDGE_CURVE('',#22,#24,#26,.T.);
#22 = VERTEX_POINT('',#23);
#23 = CARTESIAN_POINT('',(-15.,19.,2.5));
#24 = VERTEX_POINT('',#25);
#25 = CARTESIAN_POINT('',(-15.,17.,2.5));
#26 = SURFACE_CURVE('',#27,(#32,#44),.PCURVE_S1.);
#27 = CIRCLE('',#28,1.);
#28 = AXIS2_PLACEMENT_3D('',#29,#30,#31);
#29 = CARTESIAN_POINT('',(-15.,18.,2.5));
#30 = DIRECTION('',(0.,0.,-1.));
#31 = DIRECTION('',(2.22E-15,1.,0.));
#32 = PCURVE('',#33,#38);
#33 = CYLINDRICAL_SURFACE('',#34,1.);
#34 = AXIS2_PLACEMENT_3D('',#35,#36,#37);
#35 = CARTESIAN_POINT('',(-15.,18.,2.5));
#36 = DIRECTION('',(0.,0.,1.));
#37 = DIRECTION('',(2.22E-15,1.,-0.));
#38 = DEFINITIONAL_REPRESENTATION('',(#39),#43);
#39 = LINE('',#40,#41);
#40 = CARTESIAN_POINT('',(6.28318530718,0.));
#41 = VECTOR('',#42,1.);
#42 = DIRECTION('',(-1.,0.));
#43 = ( GEOMETRIC_REPRESENTATION_CONTEXT(2) 
PARAMETRIC_REPRESENTATION_CONTEXT() REPRESENTATION_CONTEXT('2D SPACE',''
  ) );
#44 = PCURVE('',#45,#50);
#45 = PLANE('',#46);
#46 = AXIS2_PLACEMENT_3D('',#47,#48,#49);
#47 = CARTESIAN_POINT('',(-28.70650008067,-1.49E-15,2.5));
#48 = DIRECTION('',(0.,0.,1.));
#49 = DIRECTION('',(1.,0.,-0.));
#50 = DEFINITIONAL_REPRESENTATION('',(#51),#59);
#51 = ( BOUNDED_CURVE() B_SPLINE_CURVE(2,(#52,#53,#54,#55,#56,#57,#58),
.UNSPECIFIED.,.T.,.F.) B_SPLINE_CURVE_WITH_KNOTS((1,2,2,2,2,1),(
    -2.094395102393,0.,2.094395102393,4.188790204786,6.28318530718,
8.377580409573),.UNSPECIFIED.) CURVE() GEOMETRIC_REPRESENTATION_ITEM() 
RATIONAL_B_SPLINE_CURVE((1.,0.5,1.,0.5,1.,0.5,1.)) REPRESENTATION_ITEM(
  '') );
#52 = CARTESIAN_POINT('',(13.70650008067,19.));
#53 = CARTESIAN_POINT('',(15.438550888239,19.));
#54 = CARTESIAN_POINT('',(14.572525484455,17.5));
#55 = CARTESIAN_POINT('',(13.70650008067,16.));
#56 = CARTESIAN_POINT('',(12.840474676886,17.5));
#57 = CARTESIAN_POINT('',(11.974449273101,19.));
#58 = CARTESIAN_POINT('',(13.70650008067,19.));
#59 = ( GEOMETRIC_REPRESENTATION_CONTEXT(2) 
PARAMETRIC_REPRESENTATION_CONTEXT() REPRESENTATION_CONTEXT('2D SPACE',''
  ) );
#60 = ORIENTED_EDGE('',*,*,#61,.T.);
#61 = EDGE_CURVE('',#22,#62,#64,.T.);
#62 = VERTEX_POINT('',#63);
#63 = CARTESIAN_POINT('',(-15.,19.,2.8));
#64 = SURFACE_CURVE('',#65,(#69,#76),.PCURVE_S1.);
#65 = LINE('',#66,#67);
#66 = CARTESIAN_POINT('',(-15.,19.,2.5));
#67 = VECTOR('',#68,1.);
#68 = DIRECTION('',(0.,0.,1.));
#69 = PCURVE('',#33,#70);
#70 = DEFINITIONAL_REPRESENTATION('',(#71),#75);
#71 = LINE('',#72,#73);
#72 = CARTESIAN_POINT('',(6.28318530718,0.));
#73 = VECTOR('',#74,1.);
#74 = DIRECTION('',(0.,1.));
#75 = ( GEOMETRIC_REPRESENTATION_CONTEXT(2) 
PARAMETRIC_REPRESENTATION_CONTEXT() REPRESENTATION_CONTEXT('2D SPACE',''
  ) );
#76 = PCURVE('',#77,#82);
#77 = PLANE('',#78);
#78 = AXIS2_PLACEMENT_3D('',#79,#80,#81);
#79 = CARTESIAN_POINT('',(-15.,19.,2.5));
#80 = DIRECTION('',(1.5E-16,1.,0.));
#81 = DIRECTION('',(-1.,1.5E-16,0.));
#82 = DEFINITIONAL_REPRESENTATION('',(#83),#87);
#83 = LINE('',#84,#85);
#84 = CARTESIAN_POINT('',(0.,0.));
#85 = VECTOR('',#86,1.);
#86 = DIRECTION('',(0.,1.));
#87 = ( GEOMETRIC_REPRESENTATION_CONTEXT(2) 
PARAMETRIC_REPRESENTATION_CONTEXT() REPRESENTATION_CONTEXT('2D SPACE',''
  ) );
#88 = ORIENTED_EDGE('',*,*,#89,.F.);
#89 = EDGE_CURVE('',#90,#62,#92,.T.);
#90 = VERTEX_POINT('',#91);
#91 = CARTESIAN_POINT('',(-15.,17.,2.8));
#92 = SURFACE_CURVE('',#93,(#98,#105),.PCURVE_S1.);
#93 = CIRCLE('',#94,1.);
#94 = AXIS2_PLACEMENT_3D('',#95,#96,#97);
#95 = CARTESIAN_POINT('',(-15.,18.,2.8));
#96 = DIRECTION('',(0.,0.,1.));
#97 = DIRECTION('',(2.22E-15,1.,-0.));
#98 = PCURVE('',#33,#99);
#99 = DEFINITIONAL_REPRESENTATION('',(#100),#104);
#100 = LINE('',#101,#102);
#101 = CARTESIAN_POINT('',(0.,0.3));
#102 = VECTOR('',#103,1.);
#103 = DIRECTION('',(1.,0.));
#104 = ( GEOMETRIC_REPRESENTATION_CONTEXT(2) 
PARAMETRIC_REPRESENTATION_CONTEXT() REPRESENTATION_CONTEXT('2D SPACE',''
  ) );
#105 = PCURVE('',#106,#111);
#106 = PLANE('',#107);
#107 = AXIS2_PLACEMENT_3D('',#108,#109,#110);
#108 = CARTESIAN_POINT('',(-30.,18.,2.8));
#109 = DIRECTION('',(0.,0.,1.));
#110 = DIRECTION('',(1.,0.,-0.));
#111 = DEFINITIONAL_REPRESENTATION('',(#112),#116);
#112 = CIRCLE('',#113,1.);
#113 = AXIS2_PLACEMENT_2D('',#114,#115);
#114 = CARTESIAN_POINT('',(15.,0.));
#115 = DIRECTION('',(2.22E-15,1.));
#116 = ( GEOMETRIC_REPRESENTATION_CONTEXT(2) 
PARAMETRIC_REPRESENTATION_CONTEXT() REPRESENTATION_CONTEXT('2D SPACE',''
  ) );
#117 = ORIENTED_EDGE('',*,*,#118,.F.);
#118 = EDGE_CURVE('',#24,#90,#119,.T.);
#119 = SURFACE_CURVE('',#120,(#124,#131),.PCURVE_S1.);
#120 = LINE('',#121,#122);
#121 = CARTESIAN_POINT('',(-15.,17.,2.5));
#122 = VECTOR('',#123,1.);
#123 = DIRECTION('',(0.,0.,1.));
#124 = PCURVE('',#33,#125);
#125 = DEFINITIONAL_REPRESENTATION('',(#126),#130);
#126 = LINE('',#127,#128);
#127 = CARTESIAN_POINT('',(3.14159265359,0.));
#128 = VECTOR('',#129,1.);
#129 = DIRECTION('',(0.,1.));
#130 = ( GEOMETRIC_REPRESENTATION_CONTEXT(2) 
PARAMETRIC_REPRESENTATION_CONTEXT() REPRESENTATION_CONTEXT('2D SPACE',''
  ) );
#131 = PCURVE('',#132,#137);
#132 = PLANE('',#133);
#133 = AXIS2_PLACEMENT_3D('',#134,#135,#136);
#134 = CARTESIAN_POINT('',(-45.,17.,2.5));
#135 = DIRECTION('',(-2.2E-16,-1.,0.));
#136 = DIRECTION('',(1.,-2.2E-16,0.));
#137 = DEFINITIONAL_REPRESENTATION('',(#138),#142);
#138 = LINE('',#139,#140);
#139 = CARTESIAN_POINT('',(30.,0.));
#140 = VECTOR('',#141,1.);
#141 = DIRECTION('',(0.,1.));
#142 = ( GEOMETRIC_REPRESENTATION_CONTEXT(2) 
PARAMETRIC_REPRESENTATION_CONTEXT() REPRESENTATION_CONTEXT('2D SPACE',''
  ) );
#143 = ADVANCED_FACE('',(#144),#132,.T.);
#144 = FACE_BOUND('',#145,.T.);
#145 = EDGE_LOOP('',(#146,#169,#170,#193));
#146 = ORIENTED_EDGE('',*,*,#147,.F.);
#147 = EDGE_CURVE('',#24,#148,#150,.T.);
#148 = VERTEX_POINT('',#149);
#149 = CARTESIAN_POINT('',(-45.,17.,2.5));
#150 = SURFACE_CURVE('',#151,(#155,#162),.PCURVE_S1.);
#151 = LINE('',#152,#153);
#152 = CARTESIAN_POINT('',(-36.85325004033,17.,2.5));
#153 = VECTOR('',#154,1.);
#154 = DIRECTION('',(-1.,2.2E-16,0.));
#155 = PCURVE('',#132,#156);
#156 = DEFINITIONAL_REPRESENTATION('',(#157),#161);
#157 = LINE('',#158,#159);
#158 = CARTESIAN_POINT('',(8.146749959665,0.));
#159 = VECTOR('',#160,1.);
#160 = DIRECTION('',(-1.,0.));
#161 = ( GEOMETRIC_REPRESENTATION_CONTEXT(2) 
PARAMETRIC_REPRESENTATION_CONTEXT() REPRESENTATION_CONTEXT('2D SPACE',''
  ) );
#162 = PCURVE('',#45,#163);
#163 = DEFINITIONAL_REPRESENTATION('',(#164),#168);
#164 = LINE('',#165,#166);
#165 = CARTESIAN_POINT('',(-8.146749959665,17.));
#166 = VECTOR('',#167,1.);
#167 = DIRECTION('',(-1.,2.2E-16));
#168 = ( GEOMETRIC_REPRESENTATION_CONTEXT(2) 
PARAMETRIC_REPRESENTATION_CONTEXT() REPRESENTATION_CONTEXT('2D SPACE',''
  ) );
#169 = ORIENTED_EDGE('',*,*,#118,.T.);
#170 = ORIENTED_EDGE('',*,*,#171,.F.);
#171 = EDGE_CURVE('',#172,#90,#174,.T.);
#172 = VERTEX_POINT('',#173);
#173 = CARTESIAN_POINT('',(-45.,17.,2.8));
#174 = SURFACE_CURVE('',#175,(#179,#186),.PCURVE_S1.);
#175 = LINE('',#176,#177);
#176 = CARTESIAN_POINT('',(-15.,17.,2.8));
#177 = VECTOR('',#178,1.);
#178 = DIRECTION('',(1.,-2.2E-16,0.));
#179 = PCURVE('',#132,#180);
#180 = DEFINITIONAL_REPRESENTATION('',(#181),#185);
#181 = LINE('',#182,#183);
#182 = CARTESIAN_POINT('',(30.,0.3));
#183 = VECTOR('',#184,1.);
#184 = DIRECTION('',(1.,0.));
#185 = ( GEOMETRIC_REPRESENTATION_CONTEXT(2) 
PARAMETRIC_REPRESENTATION_CONTEXT() REPRESENTATION_CONTEXT('2D SPACE',''
  ) );
#186 = PCURVE('',#106,#187);
#187 = DEFINITIONAL_REPRESENTATION('',(#188),#192);
#188 = LINE('',#189,#190);
#189 = CARTESIAN_POINT('',(15.,-1.));
#190 = VECTOR('',#191,1.);
#191 = DIRECTION('',(1.,-2.2E-16));
#192 = ( GEOMETRIC_REPRESENTATION_CONTEXT(2) 
PARAMETRIC_REPRESENTATION_CONTEXT() REPRESENTATION_CONTEXT('2D SPACE',''
  ) );
#193 = ORIENTED_EDGE('',*,*,#194,.F.);
#194 = EDGE_CURVE('',#148,#172,#195,.T.);
#195 = SURFACE_CURVE('',#196,(#200,#207),.PCURVE_S1.);
#196 = LINE('',#197,#198);
#197 = CARTESIAN_POINT('',(-45.,17.,2.5));
#198 = VECTOR('',#199,1.);
#199 = DIRECTION('',(0.,0.,1.));
#200 = PCURVE('',#132,#201);
#201 = DEFINITIONAL_REPRESENTATION('',(#202),#206);
#202 = LINE('',#203,#204);
#203 = CARTESIAN_POINT('',(0.,0.));
#204 = VECTOR('',#205,1.);
#205 = DIRECTION('',(0.,1.));
#206 = ( GEOMETRIC_REPRESENTATION_CONTEXT(2) 
PARAMETRIC_REPRESENTATION_CONTEXT() REPRESENTATION_CONTEXT('2D SPACE',''
  ) );
#207 = PCURVE('',#208,#213);
#208 = CYLINDRICAL_SURFACE('',#209,1.);
#209 = AXIS2_PLACEMENT_3D('',#210,#211,#212);
#210 = CARTESIAN_POINT('',(-45.,18.,2.5));
#211 = DIRECTION('',(0.,0.,1.));
#212 = DIRECTION('',(0.,-1.,0.));
#213 = DEFINITIONAL_REPRESENTATION('',(#214),#218);
#214 = LINE('',#215,#216);
#215 = CARTESIAN_POINT('',(6.28318530718,0.));
#216 = VECTOR('',#217,1.);
#217 = DIRECTION('',(0.,1.));
#218 = ( GEOMETRIC_REPRESENTATION_CONTEXT(2) 
PARAMETRIC_REPRESENTATION_CONTEXT() REPRESENTATION_CONTEXT('2D SPACE',''
  ) );
#219 = ADVANCED_FACE('',(#220),#208,.T.);
#220 = FACE_BOUND('',#221,.T.);
#221 = EDGE_LOOP('',(#222,#250,#251,#275));
#222 = ORIENTED_EDGE('',*,*,#223,.F.);
#223 = EDGE_CURVE('',#148,#224,#226,.T.);
#224 = VERTEX_POINT('',#225);
#225 = CARTESIAN_POINT('',(-45.,19.,2.5));
#226 = SURFACE_CURVE('',#227,(#232,#239),.PCURVE_S1.);
#227 = CIRCLE('',#228,1.);
#228 = AXIS2_PLACEMENT_3D('',#229,#230,#231);
#229 = CARTESIAN_POINT('',(-45.,18.,2.5));
#230 = DIRECTION('',(0.,0.,-1.));
#231 = DIRECTION('',(0.,-1.,0.));
#232 = PCURVE('',#208,#233);
#233 = DEFINITIONAL_REPRESENTATION('',(#234),#238);
#234 = LINE('',#235,#236);
#235 = CARTESIAN_POINT('',(6.28318530718,0.));
#236 = VECTOR('',#237,1.);
#237 = DIRECTION('',(-1.,0.));
#238 = ( GEOMETRIC_REPRESENTATION_CONTEXT(2) 
PARAMETRIC_REPRESENTATION_CONTEXT() REPRESENTATION_CONTEXT('2D SPACE',''
  ) );
#239 = PCURVE('',#45,#240);
#240 = DEFINITIONAL_REPRESENTATION('',(#241),#249);
#241 = ( BOUNDED_CURVE() B_SPLINE_CURVE(2,(#242,#243,#244,#245,#246,#247
,#248),.UNSPECIFIED.,.T.,.F.) B_SPLINE_CURVE_WITH_KNOTS((1,2,2,2,2,1),(
    -2.094395102393,0.,2.094395102393,4.188790204786,6.28318530718,
8.377580409573),.UNSPECIFIED.) CURVE() GEOMETRIC_REPRESENTATION_ITEM() 
RATIONAL_B_SPLINE_CURVE((1.,0.5,1.,0.5,1.,0.5,1.)) REPRESENTATION_ITEM(
  '') );
#242 = CARTESIAN_POINT('',(-16.29349991933,17.));
#243 = CARTESIAN_POINT('',(-18.02555072689,17.));
#244 = CARTESIAN_POINT('',(-17.15952532311,18.5));
#245 = CARTESIAN_POINT('',(-16.29349991933,20.));
#246 = CARTESIAN_POINT('',(-15.42747451554,18.5));
#247 = CARTESIAN_POINT('',(-14.56144911176,17.));
#248 = CARTESIAN_POINT('',(-16.29349991933,17.));
#249 = ( GEOMETRIC_REPRESENTATION_CONTEXT(2) 
PARAMETRIC_REPRESENTATION_CONTEXT() REPRESENTATION_CONTEXT('2D SPACE',''
  ) );
#250 = ORIENTED_EDGE('',*,*,#194,.T.);
#251 = ORIENTED_EDGE('',*,*,#252,.F.);
#252 = EDGE_CURVE('',#253,#172,#255,.T.);
#253 = VERTEX_POINT('',#254);
#254 = CARTESIAN_POINT('',(-45.,19.,2.8));
#255 = SURFACE_CURVE('',#256,(#261,#268),.PCURVE_S1.);
#256 = CIRCLE('',#257,1.);
#257 = AXIS2_PLACEMENT_3D('',#258,#259,#260);
#258 = CARTESIAN_POINT('',(-45.,18.,2.8));
#259 = DIRECTION('',(0.,0.,1.));
#260 = DIRECTION('',(0.,-1.,0.));
#261 = PCURVE('',#208,#262);
#262 = DEFINITIONAL_REPRESENTATION('',(#263),#267);
#263 = LINE('',#264,#265);
#264 = CARTESIAN_POINT('',(0.,0.3));
#265 = VECTOR('',#266,1.);
#266 = DIRECTION('',(1.,0.));
#267 = ( GEOMETRIC_REPRESENTATION_CONTEXT(2) 
PARAMETRIC_REPRESENTATION_CONTEXT() REPRESENTATION_CONTEXT('2D SPACE',''
  ) );
#268 = PCURVE('',#106,#269);
#269 = DEFINITIONAL_REPRESENTATION('',(#270),#274);
#270 = CIRCLE('',#271,1.);
#271 = AXIS2_PLACEMENT_2D('',#272,#273);
#272 = CARTESIAN_POINT('',(-15.,0.));
#273 = DIRECTION('',(0.,-1.));
#274 = ( GEOMETRIC_REPRESENTATION_CONTEXT(2) 
PARAMETRIC_REPRESENTATION_CONTEXT() REPRESENTATION_CONTEXT('2D SPACE',''
  ) );
#275 = ORIENTED_EDGE('',*,*,#276,.F.);
#276 = EDGE_CURVE('',#224,#253,#277,.T.);
#277 = SURFACE_CURVE('',#278,(#282,#289),.PCURVE_S1.);
#278 = LINE('',#279,#280);
#279 = CARTESIAN_POINT('',(-45.,19.,2.5));
#280 = VECTOR('',#281,1.);
#281 = DIRECTION('',(0.,0.,1.));
#282 = PCURVE('',#208,#283);
#283 = DEFINITIONAL_REPRESENTATION('',(#284),#288);
#284 = LINE('',#285,#286);
#285 = CARTESIAN_POINT('',(3.14159265359,0.));
#286 = VECTOR('',#287,1.);
#287 = DIRECTION('',(0.,1.));
#288 = ( GEOMETRIC_REPRESENTATION_CONTEXT(2) 
PARAMETRIC_REPRESENTATION_CONTEXT() REPRESENTATION_CONTEXT('2D SPACE',''
  ) );
#289 = PCURVE('',#77,#290);
#290 = DEFINITIONAL_REPRESENTATION('',(#291),#295);
#291 = LINE('',#292,#293);
#292 = CARTESIAN_POINT('',(30.,0.));
#293 = VECTOR('',#294,1.);
#294 = DIRECTION('',(0.,1.));
#295 = ( GEOMETRIC_REPRESENTATION_CONTEXT(2) 
PARAMETRIC_REPRESENTATION_CONTEXT() REPRESENTATION_CONTEXT('2D SPACE',''
  ) );
#296 = ADVANCED_FACE('',(#297),#77,.T.);
#297 = FACE_BOUND('',#298,.T.);
#298 = EDGE_LOOP('',(#299,#320,#321,#342));
#299 = ORIENTED_EDGE('',*,*,#300,.F.);
#300 = EDGE_CURVE('',#224,#22,#301,.T.);
#301 = SURFACE_CURVE('',#302,(#306,#313),.PCURVE_S1.);
#302 = LINE('',#303,#304);
#303 = CARTESIAN_POINT('',(-21.85325004033,19.,2.5));
#304 = VECTOR('',#305,1.);
#305 = DIRECTION('',(1.,-1.5E-16,0.));
#306 = PCURVE('',#77,#307);
#307 = DEFINITIONAL_REPRESENTATION('',(#308),#312);
#308 = LINE('',#309,#310);
#309 = CARTESIAN_POINT('',(6.853250040335,0.));
#310 = VECTOR('',#311,1.);
#311 = DIRECTION('',(-1.,0.));
#312 = ( GEOMETRIC_REPRESENTATION_CONTEXT(2) 
PARAMETRIC_REPRESENTATION_CONTEXT() REPRESENTATION_CONTEXT('2D SPACE',''
  ) );
#313 = PCURVE('',#45,#314);
#314 = DEFINITIONAL_REPRESENTATION('',(#315),#319);
#315 = LINE('',#316,#317);
#316 = CARTESIAN_POINT('',(6.853250040335,19.));
#317 = VECTOR('',#318,1.);
#318 = DIRECTION('',(1.,-1.5E-16));
#319 = ( GEOMETRIC_REPRESENTATION_CONTEXT(2) 
PARAMETRIC_REPRESENTATION_CONTEXT() REPRESENTATION_CONTEXT('2D SPACE',''
  ) );
#320 = ORIENTED_EDGE('',*,*,#276,.T.);
#321 = ORIENTED_EDGE('',*,*,#322,.F.);
#322 = EDGE_CURVE('',#62,#253,#323,.T.);
#323 = SURFACE_CURVE('',#324,(#328,#335),.PCURVE_S1.);
#324 = LINE('',#325,#326);
#325 = CARTESIAN_POINT('',(-45.,19.,2.8));
#326 = VECTOR('',#327,1.);
#327 = DIRECTION('',(-1.,1.5E-16,0.));
#328 = PCURVE('',#77,#329);
#329 = DEFINITIONAL_REPRESENTATION('',(#330),#334);
#330 = LINE('',#331,#332);
#331 = CARTESIAN_POINT('',(30.,0.3));
#332 = VECTOR('',#333,1.);
#333 = DIRECTION('',(1.,0.));
#334 = ( GEOMETRIC_REPRESENTATION_CONTEXT(2) 
PARAMETRIC_REPRESENTATION_CONTEXT() REPRESENTATION_CONTEXT('2D SPACE',''
  ) );
#335 = PCURVE('',#106,#336);
#336 = DEFINITIONAL_REPRESENTATION('',(#337),#341);
#337 = LINE('',#338,#339);
#338 = CARTESIAN_POINT('',(-15.,1.));
#339 = VECTOR('',#340,1.);
#340 = DIRECTION('',(-1.,1.5E-16));
#341 = ( GEOMETRIC_REPRESENTATION_CONTEXT(2) 
PARAMETRIC_REPRESENTATION_CONTEXT() REPRESENTATION_CONTEXT('2D SPACE',''
  ) );
#342 = ORIENTED_EDGE('',*,*,#61,.F.);
#343 = ADVANCED_FACE('',(#344),#106,.T.);
#344 = FACE_BOUND('',#345,.T.);
#345 = EDGE_LOOP('',(#346,#347,#348,#349));
#346 = ORIENTED_EDGE('',*,*,#322,.T.);
#347 = ORIENTED_EDGE('',*,*,#252,.T.);
#348 = ORIENTED_EDGE('',*,*,#171,.T.);
#349 = ORIENTED_EDGE('',*,*,#89,.T.);
#350 = ADVANCED_FACE('',(#351),#366,.T.);
#351 = FACE_BOUND('',#352,.T.);
#352 = EDGE_LOOP('',(#353,#388,#416,#445));
#353 = ORIENTED_EDGE('',*,*,#354,.F.);
#354 = EDGE_CURVE('',#355,#357,#359,.T.);
#355 = VERTEX_POINT('',#356);
#356 = CARTESIAN_POINT('',(-15.,-17.,2.5));
#357 = VERTEX_POINT('',#358);
#358 = CARTESIAN_POINT('',(-15.,-19.,2.5));
#359 = SURFACE_CURVE('',#360,(#365,#377),.PCURVE_S1.);
#360 = CIRCLE('',#361,1.);
#361 = AXIS2_PLACEMENT_3D('',#362,#363,#364);
#362 = CARTESIAN_POINT('',(-15.,-18.,2.5));
#363 = DIRECTION('',(0.,0.,-1.));
#364 = DIRECTION('',(0.,1.,0.));
#365 = PCURVE('',#366,#371);
#366 = CYLINDRICAL_SURFACE('',#367,1.);
#367 = AXIS2_PLACEMENT_3D('',#368,#369,#370);
#368 = CARTESIAN_POINT('',(-15.,-18.,2.5));
#369 = DIRECTION('',(0.,0.,1.));
#370 = DIRECTION('',(0.,1.,0.));
#371 = DEFINITIONAL_REPRESENTATION('',(#372),#376);
#372 = LINE('',#373,#374);
#373 = CARTESIAN_POINT('',(6.28318530718,0.));
#374 = VECTOR('',#375,1.);
#375 = DIRECTION('',(-1.,0.));
#376 = ( GEOMETRIC_REPRESENTATION_CONTEXT(2) 
PARAMETRIC_REPRESENTATION_CONTEXT() REPRESENTATION_CONTEXT('2D SPACE',''
  ) );
#377 = PCURVE('',#45,#378);
#378 = DEFINITIONAL_REPRESENTATION('',(#379),#387);
#379 = ( BOUNDED_CURVE() B_SPLINE_CURVE(2,(#380,#381,#382,#383,#384,#385
,#386),.UNSPECIFIED.,.T.,.F.) B_SPLINE_CURVE_WITH_KNOTS((1,2,2,2,2,1),(
    -2.094395102393,0.,2.094395102393,4.188790204786,6.28318530718,
8.377580409573),.UNSPECIFIED.) CURVE() GEOMETRIC_REPRESENTATION_ITEM() 
RATIONAL_B_SPLINE_CURVE((1.,0.5,1.,0.5,1.,0.5,1.)) REPRESENTATION_ITEM(
  '') );
#380 = CARTESIAN_POINT('',(13.70650008067,-17.));
#381 = CARTESIAN_POINT('',(15.438550888239,-17.));
#382 = CARTESIAN_POINT('',(14.572525484455,-18.5));
#383 = CARTESIAN_POINT('',(13.70650008067,-20.));
#384 = CARTESIAN_POINT('',(12.840474676886,-18.5));
#385 = CARTESIAN_POINT('',(11.974449273101,-17.));
#386 = CARTESIAN_POINT('',(13.70650008067,-17.));
#387 = ( GEOMETRIC_REPRESENTATION_CONTEXT(2) 
PARAMETRIC_REPRESENTATION_CONTEXT() REPRESENTATION_CONTEXT('2D SPACE',''
  ) );
#388 = ORIENTED_EDGE('',*,*,#389,.T.);
#389 = EDGE_CURVE('',#355,#390,#392,.T.);
#390 = VERTEX_POINT('',#391);
#391 = CARTESIAN_POINT('',(-15.,-17.,2.8));
#392 = SURFACE_CURVE('',#393,(#397,#404),.PCURVE_S1.);
#393 = LINE('',#394,#395);
#394 = CARTESIAN_POINT('',(-15.,-17.,2.5));
#395 = VECTOR('',#396,1.);
#396 = DIRECTION('',(0.,0.,1.));
#397 = PCURVE('',#366,#398);
#398 = DEFINITIONAL_REPRESENTATION('',(#399),#403);
#399 = LINE('',#400,#401);
#400 = CARTESIAN_POINT('',(6.28318530718,0.));
#401 = VECTOR('',#402,1.);
#402 = DIRECTION('',(0.,1.));
#403 = ( GEOMETRIC_REPRESENTATION_CONTEXT(2) 
PARAMETRIC_REPRESENTATION_CONTEXT() REPRESENTATION_CONTEXT('2D SPACE',''
  ) );
#404 = PCURVE('',#405,#410);
#405 = PLANE('',#406);
#406 = AXIS2_PLACEMENT_3D('',#407,#408,#409);
#407 = CARTESIAN_POINT('',(-15.,-17.,2.5));
#408 = DIRECTION('',(7.E-17,1.,0.));
#409 = DIRECTION('',(-1.,7.E-17,0.));
#410 = DEFINITIONAL_REPRESENTATION('',(#411),#415);
#411 = LINE('',#412,#413);
#412 = CARTESIAN_POINT('',(0.,0.));
#413 = VECTOR('',#414,1.);
#414 = DIRECTION('',(0.,1.));
#415 = ( GEOMETRIC_REPRESENTATION_CONTEXT(2) 
PARAMETRIC_REPRESENTATION_CONTEXT() REPRESENTATION_CONTEXT('2D SPACE',''
  ) );
#416 = ORIENTED_EDGE('',*,*,#417,.F.);
#417 = EDGE_CURVE('',#418,#390,#420,.T.);
#418 = VERTEX_POINT('',#419);
#419 = CARTESIAN_POINT('',(-15.,-19.,2.8));
#420 = SURFACE_CURVE('',#421,(#426,#433),.PCURVE_S1.);
#421 = CIRCLE('',#422,1.);
#422 = AXIS2_PLACEMENT_3D('',#423,#424,#425);
#423 = CARTESIAN_POINT('',(-15.,-18.,2.8));
#424 = DIRECTION('',(0.,-0.,1.));
#425 = DIRECTION('',(0.,1.,0.));
#426 = PCURVE('',#366,#427);
#427 = DEFINITIONAL_REPRESENTATION('',(#428),#432);
#428 = LINE('',#429,#430);
#429 = CARTESIAN_POINT('',(0.,0.3));
#430 = VECTOR('',#431,1.);
#431 = DIRECTION('',(1.,0.));
#432 = ( GEOMETRIC_REPRESENTATION_CONTEXT(2) 
PARAMETRIC_REPRESENTATION_CONTEXT() REPRESENTATION_CONTEXT('2D SPACE',''
  ) );
#433 = PCURVE('',#434,#439);
#434 = PLANE('',#435);
#435 = AXIS2_PLACEMENT_3D('',#436,#437,#438);
#436 = CARTESIAN_POINT('',(-30.,-18.,2.8));
#437 = DIRECTION('',(0.,0.,1.));
#438 = DIRECTION('',(1.,0.,-0.));
#439 = DEFINITIONAL_REPRESENTATION('',(#440),#444);
#440 = CIRCLE('',#441,1.);
#441 = AXIS2_PLACEMENT_2D('',#442,#443);
#442 = CARTESIAN_POINT('',(15.,0.));
#443 = DIRECTION('',(0.,1.));
#444 = ( GEOMETRIC_REPRESENTATION_CONTEXT(2) 
PARAMETRIC_REPRESENTATION_CONTEXT() REPRESENTATION_CONTEXT('2D SPACE',''
  ) );
#445 = ORIENTED_EDGE('',*,*,#446,.F.);
#446 = EDGE_CURVE('',#357,#418,#447,.T.);
#447 = SURFACE_CURVE('',#448,(#452,#459),.PCURVE_S1.);
#448 = LINE('',#449,#450);
#449 = CARTESIAN_POINT('',(-15.,-19.,2.5));
#450 = VECTOR('',#451,1.);
#451 = DIRECTION('',(0.,0.,1.));
#452 = PCURVE('',#366,#453);
#453 = DEFINITIONAL_REPRESENTATION('',(#454),#458);
#454 = LINE('',#455,#456);
#455 = CARTESIAN_POINT('',(3.14159265359,0.));
#456 = VECTOR('',#457,1.);
#457 = DIRECTION('',(0.,1.));
#458 = ( GEOMETRIC_REPRESENTATION_CONTEXT(2) 
PARAMETRIC_REPRESENTATION_CONTEXT() REPRESENTATION_CONTEXT('2D SPACE',''
  ) );
#459 = PCURVE('',#460,#465);
#460 = PLANE('',#461);
#461 = AXIS2_PLACEMENT_3D('',#462,#463,#464);
#462 = CARTESIAN_POINT('',(-45.,-19.,2.5));
#463 = DIRECTION('',(0.,-1.,0.));
#464 = DIRECTION('',(1.,0.,0.));
#465 = DEFINITIONAL_REPRESENTATION('',(#466),#470);
#466 = LINE('',#467,#468);
#467 = CARTESIAN_POINT('',(30.,0.));
#468 = VECTOR('',#469,1.);
#469 = DIRECTION('',(0.,1.));
#470 = ( GEOMETRIC_REPRESENTATION_CONTEXT(2) 
PARAMETRIC_REPRESENTATION_CONTEXT() REPRESENTATION_CONTEXT('2D SPACE',''
  ) );
#471 = ADVANCED_FACE('',(#472),#460,.T.);
#472 = FACE_BOUND('',#473,.T.);
#473 = EDGE_LOOP('',(#474,#497,#498,#521));
#474 = ORIENTED_EDGE('',*,*,#475,.F.);
#475 = EDGE_CURVE('',#357,#476,#478,.T.);
#476 = VERTEX_POINT('',#477);
#477 = CARTESIAN_POINT('',(-45.,-19.,2.5));
#478 = SURFACE_CURVE('',#479,(#483,#490),.PCURVE_S1.);
#479 = LINE('',#480,#481);
#480 = CARTESIAN_POINT('',(-36.85325004033,-19.,2.5));
#481 = VECTOR('',#482,1.);
#482 = DIRECTION('',(-1.,0.,0.));
#483 = PCURVE('',#460,#484);
#484 = DEFINITIONAL_REPRESENTATION('',(#485),#489);
#485 = LINE('',#486,#487);
#486 = CARTESIAN_POINT('',(8.146749959665,0.));
#487 = VECTOR('',#488,1.);
#488 = DIRECTION('',(-1.,0.));
#489 = ( GEOMETRIC_REPRESENTATION_CONTEXT(2) 
PARAMETRIC_REPRESENTATION_CONTEXT() REPRESENTATION_CONTEXT('2D SPACE',''
  ) );
#490 = PCURVE('',#45,#491);
#491 = DEFINITIONAL_REPRESENTATION('',(#492),#496);
#492 = LINE('',#493,#494);
#493 = CARTESIAN_POINT('',(-8.146749959665,-19.));
#494 = VECTOR('',#495,1.);
#495 = DIRECTION('',(-1.,0.));
#496 = ( GEOMETRIC_REPRESENTATION_CONTEXT(2) 
PARAMETRIC_REPRESENTATION_CONTEXT() REPRESENTATION_CONTEXT('2D SPACE',''
  ) );
#497 = ORIENTED_EDGE('',*,*,#446,.T.);
#498 = ORIENTED_EDGE('',*,*,#499,.F.);
#499 = EDGE_CURVE('',#500,#418,#502,.T.);
#500 = VERTEX_POINT('',#501);
#501 = CARTESIAN_POINT('',(-45.,-19.,2.8));
#502 = SURFACE_CURVE('',#503,(#507,#514),.PCURVE_S1.);
#503 = LINE('',#504,#505);
#504 = CARTESIAN_POINT('',(-15.,-19.,2.8));
#505 = VECTOR('',#506,1.);
#506 = DIRECTION('',(1.,0.,0.));
#507 = PCURVE('',#460,#508);
#508 = DEFINITIONAL_REPRESENTATION('',(#509),#513);
#509 = LINE('',#510,#511);
#510 = CARTESIAN_POINT('',(30.,0.3));
#511 = VECTOR('',#512,1.);
#512 = DIRECTION('',(1.,0.));
#513 = ( GEOMETRIC_REPRESENTATION_CONTEXT(2) 
PARAMETRIC_REPRESENTATION_CONTEXT() REPRESENTATION_CONTEXT('2D SPACE',''
  ) );
#514 = PCURVE('',#434,#515);
#515 = DEFINITIONAL_REPRESENTATION('',(#516),#520);
#516 = LINE('',#517,#518);
#517 = CARTESIAN_POINT('',(15.,-1.));
#518 = VECTOR('',#519,1.);
#519 = DIRECTION('',(1.,0.));
#520 = ( GEOMETRIC_REPRESENTATION_CONTEXT(2) 
PARAMETRIC_REPRESENTATION_CONTEXT() REPRESENTATION_CONTEXT('2D SPACE',''
  ) );
#521 = ORIENTED_EDGE('',*,*,#522,.F.);
#522 = EDGE_CURVE('',#476,#500,#523,.T.);
#523 = SURFACE_CURVE('',#524,(#528,#535),.PCURVE_S1.);
#524 = LINE('',#525,#526);
#525 = CARTESIAN_POINT('',(-45.,-19.,2.5));
#526 = VECTOR('',#527,1.);
#527 = DIRECTION('',(0.,0.,1.));
#528 = PCURVE('',#460,#529);
#529 = DEFINITIONAL_REPRESENTATION('',(#530),#534);
#530 = LINE('',#531,#532);
#531 = CARTESIAN_POINT('',(0.,0.));
#532 = VECTOR('',#533,1.);
#533 = DIRECTION('',(0.,1.));
#534 = ( GEOMETRIC_REPRESENTATION_CONTEXT(2) 
PARAMETRIC_REPRESENTATION_CONTEXT() REPRESENTATION_CONTEXT('2D SPACE',''
  ) );
#535 = PCURVE('',#536,#541);
#536 = CYLINDRICAL_SURFACE('',#537,1.);
#537 = AXIS2_PLACEMENT_3D('',#538,#539,#540);
#538 = CARTESIAN_POINT('',(-45.,-18.,2.5));
#539 = DIRECTION('',(0.,0.,1.));
#540 = DIRECTION('',(0.,-1.,0.));
#541 = DEFINITIONAL_REPRESENTATION('',(#542),#546);
#542 = LINE('',#543,#544);
#543 = CARTESIAN_POINT('',(6.28318530718,0.));
#544 = VECTOR('',#545,1.);
#545 = DIRECTION('',(0.,1.));
#546 = ( GEOMETRIC_REPRESENTATION_CONTEXT(2) 
PARAMETRIC_REPRESENTATION_CONTEXT() REPRESENTATION_CONTEXT('2D SPACE',''
  ) );
#547 = ADVANCED_FACE('',(#548),#536,.T.);
#548 = FACE_BOUND('',#549,.T.);
#549 = EDGE_LOOP('',(#550,#578,#579,#603));
#550 = ORIENTED_EDGE('',*,*,#551,.F.);
#551 = EDGE_CURVE('',#476,#552,#554,.T.);
#552 = VERTEX_POINT('',#553);
#553 = CARTESIAN_POINT('',(-45.,-17.,2.5));
#554 = SURFACE_CURVE('',#555,(#560,#567),.PCURVE_S1.);
#555 = CIRCLE('',#556,1.);
#556 = AXIS2_PLACEMENT_3D('',#557,#558,#559);
#557 = CARTESIAN_POINT('',(-45.,-18.,2.5));
#558 = DIRECTION('',(0.,0.,-1.));
#559 = DIRECTION('',(0.,-1.,0.));
#560 = PCURVE('',#536,#561);
#561 = DEFINITIONAL_REPRESENTATION('',(#562),#566);
#562 = LINE('',#563,#564);
#563 = CARTESIAN_POINT('',(6.28318530718,0.));
#564 = VECTOR('',#565,1.);
#565 = DIRECTION('',(-1.,0.));
#566 = ( GEOMETRIC_REPRESENTATION_CONTEXT(2) 
PARAMETRIC_REPRESENTATION_CONTEXT() REPRESENTATION_CONTEXT('2D SPACE',''
  ) );
#567 = PCURVE('',#45,#568);
#568 = DEFINITIONAL_REPRESENTATION('',(#569),#577);
#569 = ( BOUNDED_CURVE() B_SPLINE_CURVE(2,(#570,#571,#572,#573,#574,#575
,#576),.UNSPECIFIED.,.T.,.F.) B_SPLINE_CURVE_WITH_KNOTS((1,2,2,2,2,1),(
    -2.094395102393,0.,2.094395102393,4.188790204786,6.28318530718,
8.377580409573),.UNSPECIFIED.) CURVE() GEOMETRIC_REPRESENTATION_ITEM() 
RATIONAL_B_SPLINE_CURVE((1.,0.5,1.,0.5,1.,0.5,1.)) REPRESENTATION_ITEM(
  '') );
#570 = CARTESIAN_POINT('',(-16.29349991933,-19.));
#571 = CARTESIAN_POINT('',(-18.02555072689,-19.));
#572 = CARTESIAN_POINT('',(-17.15952532311,-17.5));
#573 = CARTESIAN_POINT('',(-16.29349991933,-16.));
#574 = CARTESIAN_POINT('',(-15.42747451554,-17.5));
#575 = CARTESIAN_POINT('',(-14.56144911176,-19.));
#576 = CARTESIAN_POINT('',(-16.29349991933,-19.));
#577 = ( GEOMETRIC_REPRESENTATION_CONTEXT(2) 
PARAMETRIC_REPRESENTATION_CONTEXT() REPRESENTATION_CONTEXT('2D SPACE',''
  ) );
#578 = ORIENTED_EDGE('',*,*,#522,.T.);
#579 = ORIENTED_EDGE('',*,*,#580,.F.);
#580 = EDGE_CURVE('',#581,#500,#583,.T.);
#581 = VERTEX_POINT('',#582);
#582 = CARTESIAN_POINT('',(-45.,-17.,2.8));
#583 = SURFACE_CURVE('',#584,(#589,#596),.PCURVE_S1.);
#584 = CIRCLE('',#585,1.);
#585 = AXIS2_PLACEMENT_3D('',#586,#587,#588);
#586 = CARTESIAN_POINT('',(-45.,-18.,2.8));
#587 = DIRECTION('',(0.,0.,1.));
#588 = DIRECTION('',(0.,-1.,0.));
#589 = PCURVE('',#536,#590);
#590 = DEFINITIONAL_REPRESENTATION('',(#591),#595);
#591 = LINE('',#592,#593);
#592 = CARTESIAN_POINT('',(0.,0.3));
#593 = VECTOR('',#594,1.);
#594 = DIRECTION('',(1.,0.));
#595 = ( GEOMETRIC_REPRESENTATION_CONTEXT(2) 
PARAMETRIC_REPRESENTATION_CONTEXT() REPRESENTATION_CONTEXT('2D SPACE',''
  ) );
#596 = PCURVE('',#434,#597);
#597 = DEFINITIONAL_REPRESENTATION('',(#598),#602);
#598 = CIRCLE('',#599,1.);
#599 = AXIS2_PLACEMENT_2D('',#600,#601);
#600 = CARTESIAN_POINT('',(-15.,0.));
#601 = DIRECTION('',(0.,-1.));
#602 = ( GEOMETRIC_REPRESENTATION_CONTEXT(2) 
PARAMETRIC_REPRESENTATION_CONTEXT() REPRESENTATION_CONTEXT('2D SPACE',''
  ) );
#603 = ORIENTED_EDGE('',*,*,#604,.F.);
#604 = EDGE_CURVE('',#552,#581,#605,.T.);
#605 = SURFACE_CURVE('',#606,(#610,#617),.PCURVE_S1.);
#606 = LINE('',#607,#608);
#607 = CARTESIAN_POINT('',(-45.,-17.,2.5));
#608 = VECTOR('',#609,1.);
#609 = DIRECTION('',(0.,0.,1.));
#610 = PCURVE('',#536,#611);
#611 = DEFINITIONAL_REPRESENTATION('',(#612),#616);
#612 = LINE('',#613,#614);
#613 = CARTESIAN_POINT('',(3.14159265359,0.));
#614 = VECTOR('',#615,1.);
#615 = DIRECTION('',(0.,1.));
#616 = ( GEOMETRIC_REPRESENTATION_CONTEXT(2) 
PARAMETRIC_REPRESENTATION_CONTEXT() REPRESENTATION_CONTEXT('2D SPACE',''
  ) );
#617 = PCURVE('',#405,#618);
#618 = DEFINITIONAL_REPRESENTATION('',(#619),#623);
#619 = LINE('',#620,#621);
#620 = CARTESIAN_POINT('',(30.,0.));
#621 = VECTOR('',#622,1.);
#622 = DIRECTION('',(0.,1.));
#623 = ( GEOMETRIC_REPRESENTATION_CONTEXT(2) 
PARAMETRIC_REPRESENTATION_CONTEXT() REPRESENTATION_CONTEXT('2D SPACE',''
  ) );
#624 = ADVANCED_FACE('',(#625),#405,.T.);
#625 = FACE_BOUND('',#626,.T.);
#626 = EDGE_LOOP('',(#627,#648,#649,#670));
#627 = ORIENTED_EDGE('',*,*,#628,.F.);
#628 = EDGE_CURVE('',#552,#355,#629,.T.);
#629 = SURFACE_CURVE('',#630,(#634,#641),.PCURVE_S1.);
#630 = LINE('',#631,#632);
#631 = CARTESIAN_POINT('',(-21.85325004033,-17.,2.5));
#632 = VECTOR('',#633,1.);
#633 = DIRECTION('',(1.,-7.E-17,0.));
#634 = PCURVE('',#405,#635);
#635 = DEFINITIONAL_REPRESENTATION('',(#636),#640);
#636 = LINE('',#637,#638);
#637 = CARTESIAN_POINT('',(6.853250040335,0.));
#638 = VECTOR('',#639,1.);
#639 = DIRECTION('',(-1.,0.));
#640 = ( GEOMETRIC_REPRESENTATION_CONTEXT(2) 
PARAMETRIC_REPRESENTATION_CONTEXT() REPRESENTATION_CONTEXT('2D SPACE',''
  ) );
#641 = PCURVE('',#45,#642);
#642 = DEFINITIONAL_REPRESENTATION('',(#643),#647);
#643 = LINE('',#644,#645);
#644 = CARTESIAN_POINT('',(6.853250040335,-17.));
#645 = VECTOR('',#646,1.);
#646 = DIRECTION('',(1.,-7.E-17));
#647 = ( GEOMETRIC_REPRESENTATION_CONTEXT(2) 
PARAMETRIC_REPRESENTATION_CONTEXT() REPRESENTATION_CONTEXT('2D SPACE',''
  ) );
#648 = ORIENTED_EDGE('',*,*,#604,.T.);
#649 = ORIENTED_EDGE('',*,*,#650,.F.);
#650 = EDGE_CURVE('',#390,#581,#651,.T.);
#651 = SURFACE_CURVE('',#652,(#656,#663),.PCURVE_S1.);
#652 = LINE('',#653,#654);
#653 = CARTESIAN_POINT('',(-45.,-17.,2.8));
#654 = VECTOR('',#655,1.);
#655 = DIRECTION('',(-1.,7.E-17,0.));
#656 = PCURVE('',#405,#657);
#657 = DEFINITIONAL_REPRESENTATION('',(#658),#662);
#658 = LINE('',#659,#660);
#659 = CARTESIAN_POINT('',(30.,0.3));
#660 = VECTOR('',#661,1.);
#661 = DIRECTION('',(1.,0.));
#662 = ( GEOMETRIC_REPRESENTATION_CONTEXT(2) 
PARAMETRIC_REPRESENTATION_CONTEXT() REPRESENTATION_CONTEXT('2D SPACE',''
  ) );
#663 = PCURVE('',#434,#664);
#664 = DEFINITIONAL_REPRESENTATION('',(#665),#669);
#665 = LINE('',#666,#667);
#666 = CARTESIAN_POINT('',(-15.,1.));
#667 = VECTOR('',#668,1.);
#668 = DIRECTION('',(-1.,7.E-17));
#669 = ( GEOMETRIC_REPRESENTATION_CONTEXT(2) 
PARAMETRIC_REPRESENTATION_CONTEXT() REPRESENTATION_CONTEXT('2D SPACE',''
  ) );
#670 = ORIENTED_EDGE('',*,*,#389,.F.);
#671 = ADVANCED_FACE('',(#672),#434,.T.);
#672 = FACE_BOUND('',#673,.T.);
#673 = EDGE_LOOP('',(#674,#675,#676,#677));
#674 = ORIENTED_EDGE('',*,*,#650,.T.);
#675 = ORIENTED_EDGE('',*,*,#580,.T.);
#676 = ORIENTED_EDGE('',*,*,#499,.T.);
#677 = ORIENTED_EDGE('',*,*,#417,.T.);
#678 = ADVANCED_FACE('',(#679),#694,.F.);
#679 = FACE_BOUND('',#680,.F.);
#680 = EDGE_LOOP('',(#681,#754,#805,#856));
#681 = ORIENTED_EDGE('',*,*,#682,.F.);
#682 = EDGE_CURVE('',#683,#685,#687,.T.);
#683 = VERTEX_POINT('',#684);
#684 = CARTESIAN_POINT('',(-44.,-22.5,17.5));
#685 = VERTEX_POINT('',#686);
#686 = CARTESIAN_POINT('',(-44.,-20.5,17.5));
#687 = SURFACE_CURVE('',#688,(#693,#738),.PCURVE_S1.);
#688 = CIRCLE('',#689,1.);
#689 = AXIS2_PLACEMENT_3D('',#690,#691,#692);
#690 = CARTESIAN_POINT('',(-44.,-21.5,17.5));
#691 = DIRECTION('',(0.,0.,-1.));
#692 = DIRECTION('',(-1.,4.44E-15,0.));
#693 = PCURVE('',#694,#710);
#694 = ( BOUNDED_SURFACE() B_SPLINE_SURFACE(2,2,(
    (#695,#696,#697,#698,#699)
    ,(#700,#701,#702,#703,#704)
    ,(#705,#706,#707,#708,#709
)),.UNSPECIFIED.,.F.,.F.,.F.) B_SPLINE_SURFACE_WITH_KNOTS((3,3),(3,2,3),
  (0.,1.570796326795),(1.570796326795,3.14159265359,4.712388980385),
.PIECEWISE_BEZIER_KNOTS.) GEOMETRIC_REPRESENTATION_ITEM() 
RATIONAL_B_SPLINE_SURFACE((
    (1.,0.707106781187,1.,0.707106781187,1.)
    ,(0.707106781187,0.5,0.707106781187,0.5,0.707106781187)
,(1.,0.707106781187,1.,0.707106781187,1.
))) REPRESENTATION_ITEM('') SURFACE() );
#695 = CARTESIAN_POINT('',(-44.,-19.5,16.5));
#696 = CARTESIAN_POINT('',(-46.,-19.5,16.5));
#697 = CARTESIAN_POINT('',(-46.,-21.5,16.5));
#698 = CARTESIAN_POINT('',(-46.,-23.5,16.5));
#699 = CARTESIAN_POINT('',(-44.,-23.5,16.5));
#700 = CARTESIAN_POINT('',(-44.,-19.5,17.5));
#701 = CARTESIAN_POINT('',(-46.,-19.5,17.5));
#702 = CARTESIAN_POINT('',(-46.,-21.5,17.5));
#703 = CARTESIAN_POINT('',(-46.,-23.5,17.5));
#704 = CARTESIAN_POINT('',(-44.,-23.5,17.5));
#705 = CARTESIAN_POINT('',(-44.,-20.5,17.5));
#706 = CARTESIAN_POINT('',(-45.,-20.5,17.5));
#707 = CARTESIAN_POINT('',(-45.,-21.5,17.5));
#708 = CARTESIAN_POINT('',(-45.,-22.5,17.5));
#709 = CARTESIAN_POINT('',(-44.,-22.5,17.5));
#710 = DEFINITIONAL_REPRESENTATION('',(#711),#737);
#711 = B_SPLINE_CURVE_WITH_KNOTS('',3,(#712,#713,#714,#715,#716,#717,
    #718,#719,#720,#721,#722,#723,#724,#725,#726,#727,#728,#729,#730,
    #731,#732,#733,#734,#735,#736),.UNSPECIFIED.,.F.,.F.,(4,1,1,1,1,1,1,
    1,1,1,1,1,1,1,1,1,1,1,1,1,1,1,4),(4.712388980385,4.855188646457,
    4.997988312529,5.140787978601,5.283587644674,5.426387310746,
    5.569186976818,5.711986642891,5.854786308963,5.997585975035,
    6.140385641107,6.28318530718,6.425984973252,6.568784639324,
    6.711584305396,6.854383971469,6.997183637541,7.139983303613,
    7.282782969685,7.425582635758,7.56838230183,7.711181967902,
    7.853981633974),.QUASI_UNIFORM_KNOTS.);
#712 = CARTESIAN_POINT('',(1.570796326795,4.712388980385));
#713 = CARTESIAN_POINT('',(1.570796326795,4.659545486949));
#714 = CARTESIAN_POINT('',(1.570796326795,4.556881019768));
#715 = CARTESIAN_POINT('',(1.570796326795,4.410076893676));
#716 = CARTESIAN_POINT('',(1.570796326795,4.26848926368));
#717 = CARTESIAN_POINT('',(1.570796326795,4.130495880862));
#718 = CARTESIAN_POINT('',(1.570796326795,3.994595402714));
#719 = CARTESIAN_POINT('',(1.570796326795,3.859387759329));
#720 = CARTESIAN_POINT('',(1.570796326795,3.72347811277));
#721 = CARTESIAN_POINT('',(1.570796326795,3.585521403598));
#722 = CARTESIAN_POINT('',(1.570796326795,3.443796247428));
#723 = CARTESIAN_POINT('',(1.570796326795,3.297505552386));
#724 = CARTESIAN_POINT('',(1.570796326795,3.14159265359));
#725 = CARTESIAN_POINT('',(1.570796326795,2.985679754794));
#726 = CARTESIAN_POINT('',(1.570796326795,2.839389059751));
#727 = CARTESIAN_POINT('',(1.570796326795,2.697663903582));
#728 = CARTESIAN_POINT('',(1.570796326795,2.55970719441));
#729 = CARTESIAN_POINT('',(1.570796326795,2.42379754785));
#730 = CARTESIAN_POINT('',(1.570796326795,2.288589904466));
#731 = CARTESIAN_POINT('',(1.570796326795,2.152689426318));
#732 = CARTESIAN_POINT('',(1.570796326795,2.014696043499));
#733 = CARTESIAN_POINT('',(1.570796326795,1.873108413504));
#734 = CARTESIAN_POINT('',(1.570796326795,1.726304287412));
#735 = CARTESIAN_POINT('',(1.570796326795,1.623639820231));
#736 = CARTESIAN_POINT('',(1.570796326795,1.570796326795));
#737 = ( GEOMETRIC_REPRESENTATION_CONTEXT(2) 
PARAMETRIC_REPRESENTATION_CONTEXT() REPRESENTATION_CONTEXT('2D SPACE',''
  ) );
#738 = PCURVE('',#739,#744);
#739 = PLANE('',#740);
#740 = AXIS2_PLACEMENT_3D('',#741,#742,#743);
#741 = CARTESIAN_POINT('',(-40.,-21.5,17.5));
#742 = DIRECTION('',(0.,0.,1.));
#743 = DIRECTION('',(1.,0.,-0.));
#744 = DEFINITIONAL_REPRESENTATION('',(#745),#753);
#745 = ( BOUNDED_CURVE() B_SPLINE_CURVE(2,(#746,#747,#748,#749,#750,#751
,#752),.UNSPECIFIED.,.T.,.F.) B_SPLINE_CURVE_WITH_KNOTS((1,2,2,2,2,1),(
    -2.094395102393,0.,2.094395102393,4.188790204786,6.28318530718,
8.377580409573),.UNSPECIFIED.) CURVE() GEOMETRIC_REPRESENTATION_ITEM() 
RATIONAL_B_SPLINE_CURVE((1.,0.5,1.,0.5,1.,0.5,1.)) REPRESENTATION_ITEM(
  '') );
#746 = CARTESIAN_POINT('',(-5.,4.44E-15));
#747 = CARTESIAN_POINT('',(-5.,1.732050807569));
#748 = CARTESIAN_POINT('',(-3.5,0.866025403784));
#749 = CARTESIAN_POINT('',(-2.,-8.635070640171E-15));
#750 = CARTESIAN_POINT('',(-3.5,-0.866025403784));
#751 = CARTESIAN_POINT('',(-5.,-1.732050807569));
#752 = CARTESIAN_POINT('',(-5.,4.44E-15));
#753 = ( GEOMETRIC_REPRESENTATION_CONTEXT(2) 
PARAMETRIC_REPRESENTATION_CONTEXT() REPRESENTATION_CONTEXT('2D SPACE',''
  ) );
#754 = ORIENTED_EDGE('',*,*,#755,.F.);
#755 = EDGE_CURVE('',#756,#683,#758,.T.);
#756 = VERTEX_POINT('',#757);
#757 = CARTESIAN_POINT('',(-44.,-23.5,16.5));
#758 = SURFACE_CURVE('',#759,(#764,#793),.PCURVE_S1.);
#759 = CIRCLE('',#760,1.);
#760 = AXIS2_PLACEMENT_3D('',#761,#762,#763);
#761 = CARTESIAN_POINT('',(-44.,-22.5,16.5));
#762 = DIRECTION('',(-1.,1.776E-14,0.));
#763 = DIRECTION('',(-1.776E-14,-1.,0.));
#764 = PCURVE('',#694,#765);
#765 = DEFINITIONAL_REPRESENTATION('',(#766),#792);
#766 = B_SPLINE_CURVE_WITH_KNOTS('',3,(#767,#768,#769,#770,#771,#772,
    #773,#774,#775,#776,#777,#778,#779,#780,#781,#782,#783,#784,#785,
    #786,#787,#788,#789,#790,#791),.UNSPECIFIED.,.F.,.F.,(4,1,1,1,1,1,1,
    1,1,1,1,1,1,1,1,1,1,1,1,1,1,1,4),(0.,7.139983303613E-02,
    0.142799666072,0.214199499108,0.285599332145,0.356999165181,
    0.428398998217,0.499798831253,0.571198664289,0.642598497325,
    0.713998330361,0.785398163397,0.856797996434,0.92819782947,
    0.999597662506,1.070997495542,1.142397328578,1.213797161614,
    1.28519699465,1.356596827687,1.427996660723,1.499396493759,
    1.570796326795),.QUASI_UNIFORM_KNOTS.);
#767 = CARTESIAN_POINT('',(0.,4.712388980385));
#768 = CARTESIAN_POINT('',(2.643304852828E-02,4.712388980385));
#769 = CARTESIAN_POINT('',(7.852521262871E-02,4.712388980385));
#770 = CARTESIAN_POINT('',(0.154606454553,4.712388980385));
#771 = CARTESIAN_POINT('',(0.228904158181,4.712388980385));
#772 = CARTESIAN_POINT('',(0.301661439934,4.712388980385));
#773 = CARTESIAN_POINT('',(0.373106106239,4.712388980385));
#774 = CARTESIAN_POINT('',(0.443450603945,4.712388980385));
#775 = CARTESIAN_POINT('',(0.512895531033,4.712388980385));
#776 = CARTESIAN_POINT('',(0.581631810168,4.712388980385));
#777 = CARTESIAN_POINT('',(0.649842920765,4.712388980385));
#778 = CARTESIAN_POINT('',(0.717706886775,4.712388980385));
#779 = CARTESIAN_POINT('',(0.785398163397,4.712388980385));
#780 = CARTESIAN_POINT('',(0.85308944002,4.712388980385));
#781 = CARTESIAN_POINT('',(0.92095340603,4.712388980385));
#782 = CARTESIAN_POINT('',(0.989164516627,4.712388980385));
#783 = CARTESIAN_POINT('',(1.057900795762,4.712388980385));
#784 = CARTESIAN_POINT('',(1.12734572285,4.712388980385));
#785 = CARTESIAN_POINT('',(1.197690220556,4.712388980385));
#786 = CARTESIAN_POINT('',(1.269134886861,4.712388980385));
#787 = CARTESIAN_POINT('',(1.341892168614,4.712388980385));
#788 = CARTESIAN_POINT('',(1.416189872242,4.712388980385));
#789 = CARTESIAN_POINT('',(1.492271114166,4.712388980385));
#790 = CARTESIAN_POINT('',(1.544363278267,4.712388980385));
#791 = CARTESIAN_POINT('',(1.570796326795,4.712388980385));
#792 = ( GEOMETRIC_REPRESENTATION_CONTEXT(2) 
PARAMETRIC_REPRESENTATION_CONTEXT() REPRESENTATION_CONTEXT('2D SPACE',''
  ) );
#793 = PCURVE('',#794,#799);
#794 = CYLINDRICAL_SURFACE('',#795,1.);
#795 = AXIS2_PLACEMENT_3D('',#796,#797,#798);
#796 = CARTESIAN_POINT('',(-44.,-22.5,16.5));
#797 = DIRECTION('',(1.,0.,0.));
#798 = DIRECTION('',(0.,-0.707106781187,0.707106781187));
#799 = DEFINITIONAL_REPRESENTATION('',(#800),#804);
#800 = LINE('',#801,#802);
#801 = CARTESIAN_POINT('',(0.785398163397,-2.132E-14));
#802 = VECTOR('',#803,1.);
#803 = DIRECTION('',(-1.,1.357E-14));
#804 = ( GEOMETRIC_REPRESENTATION_CONTEXT(2) 
PARAMETRIC_REPRESENTATION_CONTEXT() REPRESENTATION_CONTEXT('2D SPACE',''
  ) );
#805 = ORIENTED_EDGE('',*,*,#806,.F.);
#806 = EDGE_CURVE('',#807,#756,#809,.T.);
#807 = VERTEX_POINT('',#808);
#808 = CARTESIAN_POINT('',(-44.,-19.5,16.5));
#809 = SURFACE_CURVE('',#810,(#815,#844),.PCURVE_S1.);
#810 = CIRCLE('',#811,2.);
#811 = AXIS2_PLACEMENT_3D('',#812,#813,#814);
#812 = CARTESIAN_POINT('',(-44.,-21.5,16.5));
#813 = DIRECTION('',(0.,0.,1.));
#814 = DIRECTION('',(-1.,4.44E-15,0.));
#815 = PCURVE('',#694,#816);
#816 = DEFINITIONAL_REPRESENTATION('',(#817),#843);
#817 = B_SPLINE_CURVE_WITH_KNOTS('',3,(#818,#819,#820,#821,#822,#823,
    #824,#825,#826,#827,#828,#829,#830,#831,#832,#833,#834,#835,#836,
    #837,#838,#839,#840,#841,#842),.UNSPECIFIED.,.F.,.F.,(4,1,1,1,1,1,1,
    1,1,1,1,1,1,1,1,1,1,1,1,1,1,1,4),(4.712388980385,4.855188646457,
    4.997988312529,5.140787978601,5.283587644674,5.426387310746,
    5.569186976818,5.711986642891,5.854786308963,5.997585975035,
    6.140385641107,6.28318530718,6.425984973252,6.568784639324,
    6.711584305396,6.854383971469,6.997183637541,7.139983303613,
    7.282782969685,7.425582635758,7.56838230183,7.711181967902,
    7.853981633974),.QUASI_UNIFORM_KNOTS.);
#818 = CARTESIAN_POINT('',(0.,1.570796326795));
#819 = CARTESIAN_POINT('',(0.,1.623639820231));
#820 = CARTESIAN_POINT('',(0.,1.726304287412));
#821 = CARTESIAN_POINT('',(0.,1.873108413504));
#822 = CARTESIAN_POINT('',(0.,2.014696043499));
#823 = CARTESIAN_POINT('',(0.,2.152689426318));
#824 = CARTESIAN_POINT('',(0.,2.288589904466));
#825 = CARTESIAN_POINT('',(0.,2.42379754785));
#826 = CARTESIAN_POINT('',(0.,2.55970719441));
#827 = CARTESIAN_POINT('',(0.,2.697663903582));
#828 = CARTESIAN_POINT('',(0.,2.839389059751));
#829 = CARTESIAN_POINT('',(0.,2.985679754794));
#830 = CARTESIAN_POINT('',(0.,3.14159265359));
#831 = CARTESIAN_POINT('',(0.,3.297505552386));
#832 = CARTESIAN_POINT('',(0.,3.443796247428));
#833 = CARTESIAN_POINT('',(0.,3.585521403598));
#834 = CARTESIAN_POINT('',(0.,3.72347811277));
#835 = CARTESIAN_POINT('',(0.,3.859387759329));
#836 = CARTESIAN_POINT('',(0.,3.994595402714));
#837 = CARTESIAN_POINT('',(0.,4.130495880862));
#838 = CARTESIAN_POINT('',(0.,4.26848926368));
#839 = CARTESIAN_POINT('',(0.,4.410076893676));
#840 = CARTESIAN_POINT('',(0.,4.556881019768));
#841 = CARTESIAN_POINT('',(-0.,4.659545486949));
#842 = CARTESIAN_POINT('',(0.,4.712388980385));
#843 = ( GEOMETRIC_REPRESENTATION_CONTEXT(2) 
PARAMETRIC_REPRESENTATION_CONTEXT() REPRESENTATION_CONTEXT('2D SPACE',''
  ) );
#844 = PCURVE('',#845,#850);
#845 = CYLINDRICAL_SURFACE('',#846,2.);
#846 = AXIS2_PLACEMENT_3D('',#847,#848,#849);
#847 = CARTESIAN_POINT('',(-44.,-21.5,2.5));
#848 = DIRECTION('',(0.,0.,1.));
#849 = DIRECTION('',(-4.44E-15,1.,0.));
#850 = DEFINITIONAL_REPRESENTATION('',(#851),#855);
#851 = LINE('',#852,#853);
#852 = CARTESIAN_POINT('',(-4.712388980385,14.));
#853 = VECTOR('',#854,1.);
#854 = DIRECTION('',(1.,0.));
#855 = ( GEOMETRIC_REPRESENTATION_CONTEXT(2) 
PARAMETRIC_REPRESENTATION_CONTEXT() REPRESENTATION_CONTEXT('2D SPACE',''
  ) );
#856 = ORIENTED_EDGE('',*,*,#857,.F.);
#857 = EDGE_CURVE('',#685,#807,#858,.T.);
#858 = SURFACE_CURVE('',#859,(#864,#893),.PCURVE_S1.);
#859 = CIRCLE('',#860,1.);
#860 = AXIS2_PLACEMENT_3D('',#861,#862,#863);
#861 = CARTESIAN_POINT('',(-44.,-20.5,16.5));
#862 = DIRECTION('',(-1.,0.,0.));
#863 = DIRECTION('',(0.,0.,1.));
#864 = PCURVE('',#694,#865);
#865 = DEFINITIONAL_REPRESENTATION('',(#866),#892);
#866 = B_SPLINE_CURVE_WITH_KNOTS('',3,(#867,#868,#869,#870,#871,#872,
    #873,#874,#875,#876,#877,#878,#879,#880,#881,#882,#883,#884,#885,
    #886,#887,#888,#889,#890,#891),.UNSPECIFIED.,.F.,.F.,(4,1,1,1,1,1,1,
    1,1,1,1,1,1,1,1,1,1,1,1,1,1,1,4),(0.,7.139983303613E-02,
    0.142799666072,0.214199499108,0.285599332145,0.356999165181,
    0.428398998217,0.499798831253,0.571198664289,0.642598497325,
    0.713998330361,0.785398163397,0.856797996434,0.92819782947,
    0.999597662506,1.070997495542,1.142397328578,1.213797161614,
    1.28519699465,1.356596827687,1.427996660723,1.499396493759,
    1.570796326795),.QUASI_UNIFORM_KNOTS.);
#867 = CARTESIAN_POINT('',(1.570796326795,1.570796326795));
#868 = CARTESIAN_POINT('',(1.544363278267,1.570796326795));
#869 = CARTESIAN_POINT('',(1.492271114166,1.570796326795));
#870 = CARTESIAN_POINT('',(1.416189872242,1.570796326795));
#871 = CARTESIAN_POINT('',(1.341892168614,1.570796326795));
#872 = CARTESIAN_POINT('',(1.269134886861,1.570796326795));
#873 = CARTESIAN_POINT('',(1.197690220556,1.570796326795));
#874 = CARTESIAN_POINT('',(1.12734572285,1.570796326795));
#875 = CARTESIAN_POINT('',(1.057900795762,1.570796326795));
#876 = CARTESIAN_POINT('',(0.989164516627,1.570796326795));
#877 = CARTESIAN_POINT('',(0.92095340603,1.570796326795));
#878 = CARTESIAN_POINT('',(0.85308944002,1.570796326795));
#879 = CARTESIAN_POINT('',(0.785398163397,1.570796326795));
#880 = CARTESIAN_POINT('',(0.717706886775,1.570796326795));
#881 = CARTESIAN_POINT('',(0.649842920765,1.570796326795));
#882 = CARTESIAN_POINT('',(0.581631810168,1.570796326795));
#883 = CARTESIAN_POINT('',(0.512895531033,1.570796326795));
#884 = CARTESIAN_POINT('',(0.443450603945,1.570796326795));
#885 = CARTESIAN_POINT('',(0.373106106239,1.570796326795));
#886 = CARTESIAN_POINT('',(0.301661439934,1.570796326795));
#887 = CARTESIAN_POINT('',(0.228904158181,1.570796326795));
#888 = CARTESIAN_POINT('',(0.154606454553,1.570796326795));
#889 = CARTESIAN_POINT('',(7.852521262871E-02,1.570796326795));
#890 = CARTESIAN_POINT('',(2.643304852828E-02,1.570796326795));
#891 = CARTESIAN_POINT('',(0.,1.570796326795));
#892 = ( GEOMETRIC_REPRESENTATION_CONTEXT(2) 
PARAMETRIC_REPRESENTATION_CONTEXT() REPRESENTATION_CONTEXT('2D SPACE',''
  ) );
#893 = PCURVE('',#894,#899);
#894 = CYLINDRICAL_SURFACE('',#895,1.);
#895 = AXIS2_PLACEMENT_3D('',#896,#897,#898);
#896 = CARTESIAN_POINT('',(-38.,-20.5,16.5));
#897 = DIRECTION('',(-1.,0.,0.));
#898 = DIRECTION('',(0.,0.707106781187,0.707106781187));
#899 = DEFINITIONAL_REPRESENTATION('',(#900),#904);
#900 = LINE('',#901,#902);
#901 = CARTESIAN_POINT('',(5.497787143782,6.));
#902 = VECTOR('',#903,1.);
#903 = DIRECTION('',(1.,0.));
#904 = ( GEOMETRIC_REPRESENTATION_CONTEXT(2) 
PARAMETRIC_REPRESENTATION_CONTEXT() REPRESENTATION_CONTEXT('2D SPACE',''
  ) );
#905 = ADVANCED_FACE('',(#906),#794,.T.);
#906 = FACE_BOUND('',#907,.T.);
#907 = EDGE_LOOP('',(#908,#972,#993,#994));
#908 = ORIENTED_EDGE('',*,*,#909,.T.);
#909 = EDGE_CURVE('',#910,#912,#914,.T.);
#910 = VERTEX_POINT('',#911);
#911 = CARTESIAN_POINT('',(-36.,-23.5,16.5));
#912 = VERTEX_POINT('',#913);
#913 = CARTESIAN_POINT('',(-36.,-22.5,17.5));
#914 = SURFACE_CURVE('',#915,(#920,#927),.PCURVE_S1.);
#915 = CIRCLE('',#916,1.);
#916 = AXIS2_PLACEMENT_3D('',#917,#918,#919);
#917 = CARTESIAN_POINT('',(-36.,-22.5,16.5));
#918 = DIRECTION('',(-1.,0.,0.));
#919 = DIRECTION('',(0.,-1.,0.));
#920 = PCURVE('',#794,#921);
#921 = DEFINITIONAL_REPRESENTATION('',(#922),#926);
#922 = LINE('',#923,#924);
#923 = CARTESIAN_POINT('',(0.785398163397,8.));
#924 = VECTOR('',#925,1.);
#925 = DIRECTION('',(-1.,0.));
#926 = ( GEOMETRIC_REPRESENTATION_CONTEXT(2) 
PARAMETRIC_REPRESENTATION_CONTEXT() REPRESENTATION_CONTEXT('2D SPACE',''
  ) );
#927 = PCURVE('',#928,#944);
#928 = ( BOUNDED_SURFACE() B_SPLINE_SURFACE(2,2,(
    (#929,#930,#931,#932,#933)
    ,(#934,#935,#936,#937,#938)
    ,(#939,#940,#941,#942,#943
)),.UNSPECIFIED.,.F.,.F.,.F.) B_SPLINE_SURFACE_WITH_KNOTS((3,3),(3,2,3),
  (0.,1.570796326795),(-1.570796326795,4.44E-15,1.570796326795),
.UNSPECIFIED.) GEOMETRIC_REPRESENTATION_ITEM() RATIONAL_B_SPLINE_SURFACE
((
    (1.,0.707106781187,1.,0.707106781187,1.)
    ,(0.707106781187,0.5,0.707106781187,0.5,0.707106781187)
,(1.,0.707106781187,1.,0.707106781187,1.
))) REPRESENTATION_ITEM('') SURFACE() );
#929 = CARTESIAN_POINT('',(-36.,-23.5,16.5));
#930 = CARTESIAN_POINT('',(-34.,-23.5,16.5));
#931 = CARTESIAN_POINT('',(-34.,-21.5,16.5));
#932 = CARTESIAN_POINT('',(-34.,-19.5,16.5));
#933 = CARTESIAN_POINT('',(-36.,-19.5,16.5));
#934 = CARTESIAN_POINT('',(-36.,-23.5,17.5));
#935 = CARTESIAN_POINT('',(-34.,-23.5,17.5));
#936 = CARTESIAN_POINT('',(-34.,-21.5,17.5));
#937 = CARTESIAN_POINT('',(-34.,-19.5,17.5));
#938 = CARTESIAN_POINT('',(-36.,-19.5,17.5));
#939 = CARTESIAN_POINT('',(-36.,-22.5,17.5));
#940 = CARTESIAN_POINT('',(-35.,-22.5,17.5));
#941 = CARTESIAN_POINT('',(-35.,-21.5,17.5));
#942 = CARTESIAN_POINT('',(-35.,-20.5,17.5));
#943 = CARTESIAN_POINT('',(-36.,-20.5,17.5));
#944 = DEFINITIONAL_REPRESENTATION('',(#945),#971);
#945 = B_SPLINE_CURVE_WITH_KNOTS('',3,(#946,#947,#948,#949,#950,#951,
    #952,#953,#954,#955,#956,#957,#958,#959,#960,#961,#962,#963,#964,
    #965,#966,#967,#968,#969,#970),.UNSPECIFIED.,.F.,.F.,(4,1,1,1,1,1,1,
    1,1,1,1,1,1,1,1,1,1,1,1,1,1,1,4),(0.,7.139983303613E-02,
    0.142799666072,0.214199499108,0.285599332145,0.356999165181,
    0.428398998217,0.499798831253,0.571198664289,0.642598497325,
    0.713998330361,0.785398163397,0.856797996434,0.92819782947,
    0.999597662506,1.070997495542,1.142397328578,1.213797161614,
    1.28519699465,1.356596827687,1.427996660723,1.499396493759,
    1.570796326795),.QUASI_UNIFORM_KNOTS.);
#946 = CARTESIAN_POINT('',(0.,-1.570796326795));
#947 = CARTESIAN_POINT('',(2.643304852828E-02,-1.570796326795));
#948 = CARTESIAN_POINT('',(7.852521262872E-02,-1.570796326795));
#949 = CARTESIAN_POINT('',(0.154606454553,-1.570796326795));
#950 = CARTESIAN_POINT('',(0.228904158181,-1.570796326795));
#951 = CARTESIAN_POINT('',(0.301661439934,-1.570796326795));
#952 = CARTESIAN_POINT('',(0.373106106239,-1.570796326795));
#953 = CARTESIAN_POINT('',(0.443450603945,-1.570796326795));
#954 = CARTESIAN_POINT('',(0.512895531033,-1.570796326795));
#955 = CARTESIAN_POINT('',(0.581631810168,-1.570796326795));
#956 = CARTESIAN_POINT('',(0.649842920765,-1.570796326795));
#957 = CARTESIAN_POINT('',(0.717706886775,-1.570796326795));
#958 = CARTESIAN_POINT('',(0.785398163397,-1.570796326795));
#959 = CARTESIAN_POINT('',(0.85308944002,-1.570796326795));
#960 = CARTESIAN_POINT('',(0.92095340603,-1.570796326795));
#961 = CARTESIAN_POINT('',(0.989164516627,-1.570796326795));
#962 = CARTESIAN_POINT('',(1.057900795762,-1.570796326795));
#963 = CARTESIAN_POINT('',(1.12734572285,-1.570796326795));
#964 = CARTESIAN_POINT('',(1.197690220556,-1.570796326795));
#965 = CARTESIAN_POINT('',(1.269134886861,-1.570796326795));
#966 = CARTESIAN_POINT('',(1.341892168614,-1.570796326795));
#967 = CARTESIAN_POINT('',(1.416189872242,-1.570796326795));
#968 = CARTESIAN_POINT('',(1.492271114166,-1.570796326795));
#969 = CARTESIAN_POINT('',(1.544363278267,-1.570796326795));
#970 = CARTESIAN_POINT('',(1.570796326795,-1.570796326795));
#971 = ( GEOMETRIC_REPRESENTATION_CONTEXT(2) 
PARAMETRIC_REPRESENTATION_CONTEXT() REPRESENTATION_CONTEXT('2D SPACE',''
  ) );
#972 = ORIENTED_EDGE('',*,*,#973,.T.);
#973 = EDGE_CURVE('',#912,#683,#974,.T.);
#974 = SURFACE_CURVE('',#975,(#979,#986),.PCURVE_S1.);
#975 = LINE('',#976,#977);
#976 = CARTESIAN_POINT('',(-44.,-22.5,17.5));
#977 = VECTOR('',#978,1.);
#978 = DIRECTION('',(-1.,0.,0.));
#979 = PCURVE('',#794,#980);
#980 = DEFINITIONAL_REPRESENTATION('',(#981),#985);
#981 = LINE('',#982,#983);
#982 = CARTESIAN_POINT('',(-0.785398163397,0.));
#983 = VECTOR('',#984,1.);
#984 = DIRECTION('',(0.,-1.));
#985 = ( GEOMETRIC_REPRESENTATION_CONTEXT(2) 
PARAMETRIC_REPRESENTATION_CONTEXT() REPRESENTATION_CONTEXT('2D SPACE',''
  ) );
#986 = PCURVE('',#739,#987);
#987 = DEFINITIONAL_REPRESENTATION('',(#988),#992);
#988 = LINE('',#989,#990);
#989 = CARTESIAN_POINT('',(-4.,-1.));
#990 = VECTOR('',#991,1.);
#991 = DIRECTION('',(-1.,0.));
#992 = ( GEOMETRIC_REPRESENTATION_CONTEXT(2) 
PARAMETRIC_REPRESENTATION_CONTEXT() REPRESENTATION_CONTEXT('2D SPACE',''
  ) );
#993 = ORIENTED_EDGE('',*,*,#755,.F.);
#994 = ORIENTED_EDGE('',*,*,#995,.T.);
#995 = EDGE_CURVE('',#756,#910,#996,.T.);
#996 = SURFACE_CURVE('',#997,(#1001,#1008),.PCURVE_S1.);
#997 = LINE('',#998,#999);
#998 = CARTESIAN_POINT('',(-44.,-23.5,16.5));
#999 = VECTOR('',#1000,1.);
#1000 = DIRECTION('',(1.,0.,0.));
#1001 = PCURVE('',#794,#1002);
#1002 = DEFINITIONAL_REPRESENTATION('',(#1003),#1007);
#1003 = LINE('',#1004,#1005);
#1004 = CARTESIAN_POINT('',(0.785398163397,0.));
#1005 = VECTOR('',#1006,1.);
#1006 = DIRECTION('',(0.,1.));
#1007 = ( GEOMETRIC_REPRESENTATION_CONTEXT(2) 
PARAMETRIC_REPRESENTATION_CONTEXT() REPRESENTATION_CONTEXT('2D SPACE',''
  ) );
#1008 = PCURVE('',#1009,#1014);
#1009 = PLANE('',#1010);
#1010 = AXIS2_PLACEMENT_3D('',#1011,#1012,#1013);
#1011 = CARTESIAN_POINT('',(-48.,-23.5,0.));
#1012 = DIRECTION('',(0.,-1.,0.));
#1013 = DIRECTION('',(1.,0.,0.));
#1014 = DEFINITIONAL_REPRESENTATION('',(#1015),#1019);
#1015 = LINE('',#1016,#1017);
#1016 = CARTESIAN_POINT('',(4.,16.5));
#1017 = VECTOR('',#1018,1.);
#1018 = DIRECTION('',(1.,0.));
#1019 = ( GEOMETRIC_REPRESENTATION_CONTEXT(2) 
PARAMETRIC_REPRESENTATION_CONTEXT() REPRESENTATION_CONTEXT('2D SPACE',''
  ) );
#1020 = ADVANCED_FACE('',(#1021),#928,.F.);
#1021 = FACE_BOUND('',#1022,.F.);
#1022 = EDGE_LOOP('',(#1023,#1074,#1075,#1125));
#1023 = ORIENTED_EDGE('',*,*,#1024,.F.);
#1024 = EDGE_CURVE('',#910,#1025,#1027,.T.);
#1025 = VERTEX_POINT('',#1026);
#1026 = CARTESIAN_POINT('',(-36.,-19.5,16.5));
#1027 = SURFACE_CURVE('',#1028,(#1033,#1062),.PCURVE_S1.);
#1028 = CIRCLE('',#1029,2.);
#1029 = AXIS2_PLACEMENT_3D('',#1030,#1031,#1032);
#1030 = CARTESIAN_POINT('',(-36.,-21.5,16.5));
#1031 = DIRECTION('',(0.,0.,1.));
#1032 = DIRECTION('',(1.,4.44E-15,-0.));
#1033 = PCURVE('',#928,#1034);
#1034 = DEFINITIONAL_REPRESENTATION('',(#1035),#1061);
#1035 = B_SPLINE_CURVE_WITH_KNOTS('',3,(#1036,#1037,#1038,#1039,#1040,
    #1041,#1042,#1043,#1044,#1045,#1046,#1047,#1048,#1049,#1050,#1051,
    #1052,#1053,#1054,#1055,#1056,#1057,#1058,#1059,#1060),
  .UNSPECIFIED.,.F.,.F.,(4,1,1,1,1,1,1,1,1,1,1,1,1,1,1,1,1,1,1,1,1,1,4),
  (4.712388980385,4.855188646457,4.997988312529,5.140787978601,
    5.283587644674,5.426387310746,5.569186976818,5.711986642891,
    5.854786308963,5.997585975035,6.140385641107,6.28318530718,
    6.425984973252,6.568784639324,6.711584305396,6.854383971469,
    6.997183637541,7.139983303613,7.282782969685,7.425582635758,
    7.56838230183,7.711181967902,7.853981633974),.QUASI_UNIFORM_KNOTS.);
#1036 = CARTESIAN_POINT('',(0.,-1.570796326795));
#1037 = CARTESIAN_POINT('',(0.,-1.517952833359));
#1038 = CARTESIAN_POINT('',(0.,-1.415288366178));
#1039 = CARTESIAN_POINT('',(0.,-1.268484240086));
#1040 = CARTESIAN_POINT('',(0.,-1.12689661009));
#1041 = CARTESIAN_POINT('',(0.,-0.988903227272));
#1042 = CARTESIAN_POINT('',(0.,-0.853002749124));
#1043 = CARTESIAN_POINT('',(0.,-0.717795105739));
#1044 = CARTESIAN_POINT('',(0.,-0.58188545918));
#1045 = CARTESIAN_POINT('',(0.,-0.443928750008));
#1046 = CARTESIAN_POINT('',(0.,-0.302203593838));
#1047 = CARTESIAN_POINT('',(0.,-0.155912898796));
#1048 = CARTESIAN_POINT('',(0.,3.66E-15));
#1049 = CARTESIAN_POINT('',(0.,0.155912898796));
#1050 = CARTESIAN_POINT('',(0.,0.302203593838));
#1051 = CARTESIAN_POINT('',(0.,0.443928750008));
#1052 = CARTESIAN_POINT('',(0.,0.58188545918));
#1053 = CARTESIAN_POINT('',(0.,0.717795105739));
#1054 = CARTESIAN_POINT('',(0.,0.853002749124));
#1055 = CARTESIAN_POINT('',(0.,0.988903227272));
#1056 = CARTESIAN_POINT('',(0.,1.12689661009));
#1057 = CARTESIAN_POINT('',(0.,1.268484240086));
#1058 = CARTESIAN_POINT('',(0.,1.415288366178));
#1059 = CARTESIAN_POINT('',(-0.,1.517952833359));
#1060 = CARTESIAN_POINT('',(0.,1.570796326795));
#1061 = ( GEOMETRIC_REPRESENTATION_CONTEXT(2) 
PARAMETRIC_REPRESENTATION_CONTEXT() REPRESENTATION_CONTEXT('2D SPACE',''
  ) );
#1062 = PCURVE('',#1063,#1068);
#1063 = CYLINDRICAL_SURFACE('',#1064,2.);
#1064 = AXIS2_PLACEMENT_3D('',#1065,#1066,#1067);
#1065 = CARTESIAN_POINT('',(-36.,-21.5,2.5));
#1066 = DIRECTION('',(0.,0.,1.));
#1067 = DIRECTION('',(1.332E-14,-1.,0.));
#1068 = DEFINITIONAL_REPRESENTATION('',(#1069),#1073);
#1069 = LINE('',#1070,#1071);
#1070 = CARTESIAN_POINT('',(-4.712388980385,14.));
#1071 = VECTOR('',#1072,1.);
#1072 = DIRECTION('',(1.,0.));
#1073 = ( GEOMETRIC_REPRESENTATION_CONTEXT(2) 
PARAMETRIC_REPRESENTATION_CONTEXT() REPRESENTATION_CONTEXT('2D SPACE',''
  ) );
#1074 = ORIENTED_EDGE('',*,*,#909,.T.);
#1075 = ORIENTED_EDGE('',*,*,#1076,.F.);
#1076 = EDGE_CURVE('',#1077,#912,#1079,.T.);
#1077 = VERTEX_POINT('',#1078);
#1078 = CARTESIAN_POINT('',(-36.,-20.5,17.5));
#1079 = SURFACE_CURVE('',#1080,(#1085,#1114),.PCURVE_S1.);
#1080 = CIRCLE('',#1081,1.);
#1081 = AXIS2_PLACEMENT_3D('',#1082,#1083,#1084);
#1082 = CARTESIAN_POINT('',(-36.,-21.5,17.5));
#1083 = DIRECTION('',(0.,0.,-1.));
#1084 = DIRECTION('',(1.,4.44E-15,0.));
#1085 = PCURVE('',#928,#1086);
#1086 = DEFINITIONAL_REPRESENTATION('',(#1087),#1113);
#1087 = B_SPLINE_CURVE_WITH_KNOTS('',3,(#1088,#1089,#1090,#1091,#1092,
    #1093,#1094,#1095,#1096,#1097,#1098,#1099,#1100,#1101,#1102,#1103,
    #1104,#1105,#1106,#1107,#1108,#1109,#1110,#1111,#1112),
  .UNSPECIFIED.,.F.,.F.,(4,1,1,1,1,1,1,1,1,1,1,1,1,1,1,1,1,1,1,1,1,1,4),
  (4.712388980385,4.855188646457,4.997988312529,5.140787978601,
    5.283587644674,5.426387310746,5.569186976818,5.711986642891,
    5.854786308963,5.997585975035,6.140385641107,6.28318530718,
    6.425984973252,6.568784639324,6.711584305396,6.854383971469,
    6.997183637541,7.139983303613,7.282782969685,7.425582635758,
    7.56838230183,7.711181967902,7.853981633974),.QUASI_UNIFORM_KNOTS.);
#1088 = CARTESIAN_POINT('',(1.570796326795,1.570796326795));
#1089 = CARTESIAN_POINT('',(1.570796326795,1.517952833359));
#1090 = CARTESIAN_POINT('',(1.570796326795,1.415288366178));
#1091 = CARTESIAN_POINT('',(1.570796326795,1.268484240086));
#1092 = CARTESIAN_POINT('',(1.570796326795,1.12689661009));
#1093 = CARTESIAN_POINT('',(1.570796326795,0.988903227272));
#1094 = CARTESIAN_POINT('',(1.570796326795,0.853002749124));
#1095 = CARTESIAN_POINT('',(1.570796326795,0.717795105739));
#1096 = CARTESIAN_POINT('',(1.570796326795,0.58188545918));
#1097 = CARTESIAN_POINT('',(1.570796326795,0.443928750008));
#1098 = CARTESIAN_POINT('',(1.570796326795,0.302203593838));
#1099 = CARTESIAN_POINT('',(1.570796326795,0.155912898796));
#1100 = CARTESIAN_POINT('',(1.570796326795,4.12E-15));
#1101 = CARTESIAN_POINT('',(1.570796326795,-0.155912898796));
#1102 = CARTESIAN_POINT('',(1.570796326795,-0.302203593838));
#1103 = CARTESIAN_POINT('',(1.570796326795,-0.443928750008));
#1104 = CARTESIAN_POINT('',(1.570796326795,-0.58188545918));
#1105 = CARTESIAN_POINT('',(1.570796326795,-0.717795105739));
#1106 = CARTESIAN_POINT('',(1.570796326795,-0.853002749124));
#1107 = CARTESIAN_POINT('',(1.570796326795,-0.988903227272));
#1108 = CARTESIAN_POINT('',(1.570796326795,-1.12689661009));
#1109 = CARTESIAN_POINT('',(1.570796326795,-1.268484240086));
#1110 = CARTESIAN_POINT('',(1.570796326795,-1.415288366178));
#1111 = CARTESIAN_POINT('',(1.570796326795,-1.517952833359));
#1112 = CARTESIAN_POINT('',(1.570796326795,-1.570796326795));
#1113 = ( GEOMETRIC_REPRESENTATION_CONTEXT(2) 
PARAMETRIC_REPRESENTATION_CONTEXT() REPRESENTATION_CONTEXT('2D SPACE',''
  ) );
#1114 = PCURVE('',#739,#1115);
#1115 = DEFINITIONAL_REPRESENTATION('',(#1116),#1124);
#1116 = ( BOUNDED_CURVE() B_SPLINE_CURVE(2,(#1117,#1118,#1119,#1120,
#1121,#1122,#1123),.UNSPECIFIED.,.T.,.F.) B_SPLINE_CURVE_WITH_KNOTS((1,2
    ,2,2,2,1),(-2.094395102393,0.,2.094395102393,4.188790204786,
6.28318530718,8.377580409573),.UNSPECIFIED.) CURVE() 
GEOMETRIC_REPRESENTATION_ITEM() RATIONAL_B_SPLINE_CURVE((1.,0.5,1.,0.5,
1.,0.5,1.)) REPRESENTATION_ITEM('') );
#1117 = CARTESIAN_POINT('',(5.,4.44E-15));
#1118 = CARTESIAN_POINT('',(5.,-1.732050807569));
#1119 = CARTESIAN_POINT('',(3.5,-0.866025403784));
#1120 = CARTESIAN_POINT('',(2.,-9.124929359829E-15));
#1121 = CARTESIAN_POINT('',(3.5,0.866025403784));
#1122 = CARTESIAN_POINT('',(5.,1.732050807569));
#1123 = CARTESIAN_POINT('',(5.,4.44E-15));
#1124 = ( GEOMETRIC_REPRESENTATION_CONTEXT(2) 
PARAMETRIC_REPRESENTATION_CONTEXT() REPRESENTATION_CONTEXT('2D SPACE',''
  ) );
#1125 = ORIENTED_EDGE('',*,*,#1126,.F.);
#1126 = EDGE_CURVE('',#1025,#1077,#1127,.T.);
#1127 = SURFACE_CURVE('',#1128,(#1133,#1162),.PCURVE_S1.);
#1128 = CIRCLE('',#1129,1.);
#1129 = AXIS2_PLACEMENT_3D('',#1130,#1131,#1132);
#1130 = CARTESIAN_POINT('',(-36.,-20.5,16.5));
#1131 = DIRECTION('',(1.,-4.44E-15,0.));
#1132 = DIRECTION('',(4.44E-15,1.,0.));
#1133 = PCURVE('',#928,#1134);
#1134 = DEFINITIONAL_REPRESENTATION('',(#1135),#1161);
#1135 = B_SPLINE_CURVE_WITH_KNOTS('',3,(#1136,#1137,#1138,#1139,#1140,
    #1141,#1142,#1143,#1144,#1145,#1146,#1147,#1148,#1149,#1150,#1151,
    #1152,#1153,#1154,#1155,#1156,#1157,#1158,#1159,#1160),
  .UNSPECIFIED.,.F.,.F.,(4,1,1,1,1,1,1,1,1,1,1,1,1,1,1,1,1,1,1,1,1,1,4),
  (0.,7.139983303613E-02,0.142799666072,0.214199499108,0.285599332145,
    0.356999165181,0.428398998217,0.499798831253,0.571198664289,
    0.642598497325,0.713998330361,0.785398163397,0.856797996434,
    0.92819782947,0.999597662506,1.070997495542,1.142397328578,
    1.213797161614,1.28519699465,1.356596827687,1.427996660723,
    1.499396493759,1.570796326795),.QUASI_UNIFORM_KNOTS.);
#1136 = CARTESIAN_POINT('',(0.,1.570796326795));
#1137 = CARTESIAN_POINT('',(2.643304852828E-02,1.570796326795));
#1138 = CARTESIAN_POINT('',(7.852521262871E-02,1.570796326795));
#1139 = CARTESIAN_POINT('',(0.154606454553,1.570796326795));
#1140 = CARTESIAN_POINT('',(0.228904158181,1.570796326795));
#1141 = CARTESIAN_POINT('',(0.301661439934,1.570796326795));
#1142 = CARTESIAN_POINT('',(0.373106106239,1.570796326795));
#1143 = CARTESIAN_POINT('',(0.443450603945,1.570796326795));
#1144 = CARTESIAN_POINT('',(0.512895531033,1.570796326795));
#1145 = CARTESIAN_POINT('',(0.581631810168,1.570796326795));
#1146 = CARTESIAN_POINT('',(0.649842920765,1.570796326795));
#1147 = CARTESIAN_POINT('',(0.717706886775,1.570796326795));
#1148 = CARTESIAN_POINT('',(0.785398163397,1.570796326795));
#1149 = CARTESIAN_POINT('',(0.85308944002,1.570796326795));
#1150 = CARTESIAN_POINT('',(0.92095340603,1.570796326795));
#1151 = CARTESIAN_POINT('',(0.989164516627,1.570796326795));
#1152 = CARTESIAN_POINT('',(1.057900795762,1.570796326795));
#1153 = CARTESIAN_POINT('',(1.12734572285,1.570796326795));
#1154 = CARTESIAN_POINT('',(1.197690220556,1.570796326795));
#1155 = CARTESIAN_POINT('',(1.269134886861,1.570796326795));
#1156 = CARTESIAN_POINT('',(1.341892168614,1.570796326795));
#1157 = CARTESIAN_POINT('',(1.416189872242,1.570796326795));
#1158 = CARTESIAN_POINT('',(1.492271114166,1.570796326795));
#1159 = CARTESIAN_POINT('',(1.544363278267,1.570796326795));
#1160 = CARTESIAN_POINT('',(1.570796326795,1.570796326795));
#1161 = ( GEOMETRIC_REPRESENTATION_CONTEXT(2) 
PARAMETRIC_REPRESENTATION_CONTEXT() REPRESENTATION_CONTEXT('2D SPACE',''
  ) );
#1162 = PCURVE('',#894,#1163);
#1163 = DEFINITIONAL_REPRESENTATION('',(#1164),#1168);
#1164 = LINE('',#1165,#1166);
#1165 = CARTESIAN_POINT('',(7.068583470577,-2.));
#1166 = VECTOR('',#1167,1.);
#1167 = DIRECTION('',(-1.,4.52E-15));
#1168 = ( GEOMETRIC_REPRESENTATION_CONTEXT(2) 
PARAMETRIC_REPRESENTATION_CONTEXT() REPRESENTATION_CONTEXT('2D SPACE',''
  ) );
#1169 = ADVANCED_FACE('',(#1170),#894,.T.);
#1170 = FACE_BOUND('',#1171,.T.);
#1171 = EDGE_LOOP('',(#1172,#1173,#1194,#1195));
#1172 = ORIENTED_EDGE('',*,*,#857,.F.);
#1173 = ORIENTED_EDGE('',*,*,#1174,.T.);
#1174 = EDGE_CURVE('',#685,#1077,#1175,.T.);
#1175 = SURFACE_CURVE('',#1176,(#1180,#1187),.PCURVE_S1.);
#1176 = LINE('',#1177,#1178);
#1177 = CARTESIAN_POINT('',(-38.,-20.5,17.5));
#1178 = VECTOR('',#1179,1.);
#1179 = DIRECTION('',(1.,0.,0.));
#1180 = PCURVE('',#894,#1181);
#1181 = DEFINITIONAL_REPRESENTATION('',(#1182),#1186);
#1182 = LINE('',#1183,#1184);
#1183 = CARTESIAN_POINT('',(5.497787143782,0.));
#1184 = VECTOR('',#1185,1.);
#1185 = DIRECTION('',(0.,-1.));
#1186 = ( GEOMETRIC_REPRESENTATION_CONTEXT(2) 
PARAMETRIC_REPRESENTATION_CONTEXT() REPRESENTATION_CONTEXT('2D SPACE',''
  ) );
#1187 = PCURVE('',#739,#1188);
#1188 = DEFINITIONAL_REPRESENTATION('',(#1189),#1193);
#1189 = LINE('',#1190,#1191);
#1190 = CARTESIAN_POINT('',(2.,1.));
#1191 = VECTOR('',#1192,1.);
#1192 = DIRECTION('',(1.,0.));
#1193 = ( GEOMETRIC_REPRESENTATION_CONTEXT(2) 
PARAMETRIC_REPRESENTATION_CONTEXT() REPRESENTATION_CONTEXT('2D SPACE',''
  ) );
#1194 = ORIENTED_EDGE('',*,*,#1126,.F.);
#1195 = ORIENTED_EDGE('',*,*,#1196,.T.);
#1196 = EDGE_CURVE('',#1025,#807,#1197,.T.);
#1197 = SURFACE_CURVE('',#1198,(#1202,#1209),.PCURVE_S1.);
#1198 = LINE('',#1199,#1200);
#1199 = CARTESIAN_POINT('',(-38.,-19.5,16.5));
#1200 = VECTOR('',#1201,1.);
#1201 = DIRECTION('',(-1.,0.,0.));
#1202 = PCURVE('',#894,#1203);
#1203 = DEFINITIONAL_REPRESENTATION('',(#1204),#1208);
#1204 = LINE('',#1205,#1206);
#1205 = CARTESIAN_POINT('',(7.068583470577,0.));
#1206 = VECTOR('',#1207,1.);
#1207 = DIRECTION('',(0.,1.));
#1208 = ( GEOMETRIC_REPRESENTATION_CONTEXT(2) 
PARAMETRIC_REPRESENTATION_CONTEXT() REPRESENTATION_CONTEXT('2D SPACE',''
  ) );
#1209 = PCURVE('',#1210,#1215);
#1210 = PLANE('',#1211);
#1211 = AXIS2_PLACEMENT_3D('',#1212,#1213,#1214);
#1212 = CARTESIAN_POINT('',(-36.,-19.5,2.5));
#1213 = DIRECTION('',(0.,1.,0.));
#1214 = DIRECTION('',(-1.,0.,0.));
#1215 = DEFINITIONAL_REPRESENTATION('',(#1216),#1220);
#1216 = LINE('',#1217,#1218);
#1217 = CARTESIAN_POINT('',(2.,14.));
#1218 = VECTOR('',#1219,1.);
#1219 = DIRECTION('',(1.,0.));
#1220 = ( GEOMETRIC_REPRESENTATION_CONTEXT(2) 
PARAMETRIC_REPRESENTATION_CONTEXT() REPRESENTATION_CONTEXT('2D SPACE',''
  ) );
#1221 = ADVANCED_FACE('',(#1222,#1399),#1009,.T.);
#1222 = FACE_BOUND('',#1223,.T.);
#1223 = EDGE_LOOP('',(#1224,#1225,#1248,#1271,#1299,#1327,#1355,#1378));
#1224 = ORIENTED_EDGE('',*,*,#995,.F.);
#1225 = ORIENTED_EDGE('',*,*,#1226,.F.);
#1226 = EDGE_CURVE('',#1227,#756,#1229,.T.);
#1227 = VERTEX_POINT('',#1228);
#1228 = CARTESIAN_POINT('',(-44.,-23.5,2.5));
#1229 = SURFACE_CURVE('',#1230,(#1234,#1241),.PCURVE_S1.);
#1230 = LINE('',#1231,#1232);
#1231 = CARTESIAN_POINT('',(-44.,-23.5,2.5));
#1232 = VECTOR('',#1233,1.);
#1233 = DIRECTION('',(0.,0.,1.));
#1234 = PCURVE('',#1009,#1235);
#1235 = DEFINITIONAL_REPRESENTATION('',(#1236),#1240);
#1236 = LINE('',#1237,#1238);
#1237 = CARTESIAN_POINT('',(4.,2.5));
#1238 = VECTOR('',#1239,1.);
#1239 = DIRECTION('',(0.,1.));
#1240 = ( GEOMETRIC_REPRESENTATION_CONTEXT(2) 
PARAMETRIC_REPRESENTATION_CONTEXT() REPRESENTATION_CONTEXT('2D SPACE',''
  ) );
#1241 = PCURVE('',#845,#1242);
#1242 = DEFINITIONAL_REPRESENTATION('',(#1243),#1247);
#1243 = LINE('',#1244,#1245);
#1244 = CARTESIAN_POINT('',(3.14159265359,0.));
#1245 = VECTOR('',#1246,1.);
#1246 = DIRECTION('',(0.,1.));
#1247 = ( GEOMETRIC_REPRESENTATION_CONTEXT(2) 
PARAMETRIC_REPRESENTATION_CONTEXT() REPRESENTATION_CONTEXT('2D SPACE',''
  ) );
#1248 = ORIENTED_EDGE('',*,*,#1249,.F.);
#1249 = EDGE_CURVE('',#1250,#1227,#1252,.T.);
#1250 = VERTEX_POINT('',#1251);
#1251 = CARTESIAN_POINT('',(-48.,-23.5,2.5));
#1252 = SURFACE_CURVE('',#1253,(#1257,#1264),.PCURVE_S1.);
#1253 = LINE('',#1254,#1255);
#1254 = CARTESIAN_POINT('',(-5.003483621091,-23.5,2.5));
#1255 = VECTOR('',#1256,1.);
#1256 = DIRECTION('',(1.,0.,0.));
#1257 = PCURVE('',#1009,#1258);
#1258 = DEFINITIONAL_REPRESENTATION('',(#1259),#1263);
#1259 = LINE('',#1260,#1261);
#1260 = CARTESIAN_POINT('',(42.996516378909,2.5));
#1261 = VECTOR('',#1262,1.);
#1262 = DIRECTION('',(1.,0.));
#1263 = ( GEOMETRIC_REPRESENTATION_CONTEXT(2) 
PARAMETRIC_REPRESENTATION_CONTEXT() REPRESENTATION_CONTEXT('2D SPACE',''
  ) );
#1264 = PCURVE('',#45,#1265);
#1265 = DEFINITIONAL_REPRESENTATION('',(#1266),#1270);
#1266 = LINE('',#1267,#1268);
#1267 = CARTESIAN_POINT('',(23.70301645958,-23.5));
#1268 = VECTOR('',#1269,1.);
#1269 = DIRECTION('',(1.,0.));
#1270 = ( GEOMETRIC_REPRESENTATION_CONTEXT(2) 
PARAMETRIC_REPRESENTATION_CONTEXT() REPRESENTATION_CONTEXT('2D SPACE',''
  ) );
#1271 = ORIENTED_EDGE('',*,*,#1272,.F.);
#1272 = EDGE_CURVE('',#1273,#1250,#1275,.T.);
#1273 = VERTEX_POINT('',#1274);
#1274 = CARTESIAN_POINT('',(-48.,-23.5,0.));
#1275 = SURFACE_CURVE('',#1276,(#1280,#1287),.PCURVE_S1.);
#1276 = LINE('',#1277,#1278);
#1277 = CARTESIAN_POINT('',(-48.,-23.5,0.));
#1278 = VECTOR('',#1279,1.);
#1279 = DIRECTION('',(0.,0.,1.));
#1280 = PCURVE('',#1009,#1281);
#1281 = DEFINITIONAL_REPRESENTATION('',(#1282),#1286);
#1282 = LINE('',#1283,#1284);
#1283 = CARTESIAN_POINT('',(0.,0.));
#1284 = VECTOR('',#1285,1.);
#1285 = DIRECTION('',(0.,1.));
#1286 = ( GEOMETRIC_REPRESENTATION_CONTEXT(2) 
PARAMETRIC_REPRESENTATION_CONTEXT() REPRESENTATION_CONTEXT('2D SPACE',''
  ) );
#1287 = PCURVE('',#1288,#1293);
#1288 = PLANE('',#1289);
#1289 = AXIS2_PLACEMENT_3D('',#1290,#1291,#1292);
#1290 = CARTESIAN_POINT('',(-48.,23.5,0.));
#1291 = DIRECTION('',(-1.,0.,0.));
#1292 = DIRECTION('',(0.,-1.,0.));
#1293 = DEFINITIONAL_REPRESENTATION('',(#1294),#1298);
#1294 = LINE('',#1295,#1296);
#1295 = CARTESIAN_POINT('',(47.,0.));
#1296 = VECTOR('',#1297,1.);
#1297 = DIRECTION('',(0.,1.));
#1298 = ( GEOMETRIC_REPRESENTATION_CONTEXT(2) 
PARAMETRIC_REPRESENTATION_CONTEXT() REPRESENTATION_CONTEXT('2D SPACE',''
  ) );
#1299 = ORIENTED_EDGE('',*,*,#1300,.F.);
#1300 = EDGE_CURVE('',#1301,#1273,#1303,.T.);
#1301 = VERTEX_POINT('',#1302);
#1302 = CARTESIAN_POINT('',(-5.003483621091,-23.5,0.));
#1303 = SURFACE_CURVE('',#1304,(#1308,#1315),.PCURVE_S1.);
#1304 = LINE('',#1305,#1306);
#1305 = CARTESIAN_POINT('',(-5.003483621091,-23.5,0.));
#1306 = VECTOR('',#1307,1.);
#1307 = DIRECTION('',(-1.,0.,0.));
#1308 = PCURVE('',#1009,#1309);
#1309 = DEFINITIONAL_REPRESENTATION('',(#1310),#1314);
#1310 = LINE('',#1311,#1312);
#1311 = CARTESIAN_POINT('',(42.996516378909,0.));
#1312 = VECTOR('',#1313,1.);
#1313 = DIRECTION('',(-1.,0.));
#1314 = ( GEOMETRIC_REPRESENTATION_CONTEXT(2) 
PARAMETRIC_REPRESENTATION_CONTEXT() REPRESENTATION_CONTEXT('2D SPACE',''
  ) );
#1315 = PCURVE('',#1316,#1321);
#1316 = PLANE('',#1317);
#1317 = AXIS2_PLACEMENT_3D('',#1318,#1319,#1320);
#1318 = CARTESIAN_POINT('',(-28.70650008067,-1.49E-15,0.));
#1319 = DIRECTION('',(0.,0.,1.));
#1320 = DIRECTION('',(1.,0.,-0.));
#1321 = DEFINITIONAL_REPRESENTATION('',(#1322),#1326);
#1322 = LINE('',#1323,#1324);
#1323 = CARTESIAN_POINT('',(23.70301645958,-23.5));
#1324 = VECTOR('',#1325,1.);
#1325 = DIRECTION('',(-1.,0.));
#1326 = ( GEOMETRIC_REPRESENTATION_CONTEXT(2) 
PARAMETRIC_REPRESENTATION_CONTEXT() REPRESENTATION_CONTEXT('2D SPACE',''
  ) );
#1327 = ORIENTED_EDGE('',*,*,#1328,.T.);
#1328 = EDGE_CURVE('',#1301,#1329,#1331,.T.);
#1329 = VERTEX_POINT('',#1330);
#1330 = CARTESIAN_POINT('',(-5.003483621091,-23.5,2.5));
#1331 = SURFACE_CURVE('',#1332,(#1336,#1343),.PCURVE_S1.);
#1332 = LINE('',#1333,#1334);
#1333 = CARTESIAN_POINT('',(-5.003483621091,-23.5,0.));
#1334 = VECTOR('',#1335,1.);
#1335 = DIRECTION('',(0.,0.,1.));
#1336 = PCURVE('',#1009,#1337);
#1337 = DEFINITIONAL_REPRESENTATION('',(#1338),#1342);
#1338 = LINE('',#1339,#1340);
#1339 = CARTESIAN_POINT('',(42.996516378909,0.));
#1340 = VECTOR('',#1341,1.);
#1341 = DIRECTION('',(0.,1.));
#1342 = ( GEOMETRIC_REPRESENTATION_CONTEXT(2) 
PARAMETRIC_REPRESENTATION_CONTEXT() REPRESENTATION_CONTEXT('2D SPACE',''
  ) );
#1343 = PCURVE('',#1344,#1349);
#1344 = PLANE('',#1345);
#1345 = AXIS2_PLACEMENT_3D('',#1346,#1347,#1348);
#1346 = CARTESIAN_POINT('',(-5.003483621091,-23.5,0.));
#1347 = DIRECTION('',(1.,-2.52E-15,0.));
#1348 = DIRECTION('',(2.52E-15,1.,0.));
#1349 = DEFINITIONAL_REPRESENTATION('',(#1350),#1354);
#1350 = LINE('',#1351,#1352);
#1351 = CARTESIAN_POINT('',(0.,0.));
#1352 = VECTOR('',#1353,1.);
#1353 = DIRECTION('',(0.,1.));
#1354 = ( GEOMETRIC_REPRESENTATION_CONTEXT(2) 
PARAMETRIC_REPRESENTATION_CONTEXT() REPRESENTATION_CONTEXT('2D SPACE',''
  ) );
#1355 = ORIENTED_EDGE('',*,*,#1356,.F.);
#1356 = EDGE_CURVE('',#1357,#1329,#1359,.T.);
#1357 = VERTEX_POINT('',#1358);
#1358 = CARTESIAN_POINT('',(-36.,-23.5,2.5));
#1359 = SURFACE_CURVE('',#1360,(#1364,#1371),.PCURVE_S1.);
#1360 = LINE('',#1361,#1362);
#1361 = CARTESIAN_POINT('',(-5.003483621091,-23.5,2.5));
#1362 = VECTOR('',#1363,1.);
#1363 = DIRECTION('',(1.,0.,0.));
#1364 = PCURVE('',#1009,#1365);
#1365 = DEFINITIONAL_REPRESENTATION('',(#1366),#1370);
#1366 = LINE('',#1367,#1368);
#1367 = CARTESIAN_POINT('',(42.996516378909,2.5));
#1368 = VECTOR('',#1369,1.);
#1369 = DIRECTION('',(1.,0.));
#1370 = ( GEOMETRIC_REPRESENTATION_CONTEXT(2) 
PARAMETRIC_REPRESENTATION_CONTEXT() REPRESENTATION_CONTEXT('2D SPACE',''
  ) );
#1371 = PCURVE('',#45,#1372);
#1372 = DEFINITIONAL_REPRESENTATION('',(#1373),#1377);
#1373 = LINE('',#1374,#1375);
#1374 = CARTESIAN_POINT('',(23.70301645958,-23.5));
#1375 = VECTOR('',#1376,1.);
#1376 = DIRECTION('',(1.,0.));
#1377 = ( GEOMETRIC_REPRESENTATION_CONTEXT(2) 
PARAMETRIC_REPRESENTATION_CONTEXT() REPRESENTATION_CONTEXT('2D SPACE',''
  ) );
#1378 = ORIENTED_EDGE('',*,*,#1379,.T.);
#1379 = EDGE_CURVE('',#1357,#910,#1380,.T.);
#1380 = SURFACE_CURVE('',#1381,(#1385,#1392),.PCURVE_S1.);
#1381 = LINE('',#1382,#1383);
#1382 = CARTESIAN_POINT('',(-36.,-23.5,2.5));
#1383 = VECTOR('',#1384,1.);
#1384 = DIRECTION('',(0.,0.,1.));
#1385 = PCURVE('',#1009,#1386);
#1386 = DEFINITIONAL_REPRESENTATION('',(#1387),#1391);
#1387 = LINE('',#1388,#1389);
#1388 = CARTESIAN_POINT('',(12.,2.5));
#1389 = VECTOR('',#1390,1.);
#1390 = DIRECTION('',(0.,1.));
#1391 = ( GEOMETRIC_REPRESENTATION_CONTEXT(2) 
PARAMETRIC_REPRESENTATION_CONTEXT() REPRESENTATION_CONTEXT('2D SPACE',''
  ) );
#1392 = PCURVE('',#1063,#1393);
#1393 = DEFINITIONAL_REPRESENTATION('',(#1394),#1398);
#1394 = LINE('',#1395,#1396);
#1395 = CARTESIAN_POINT('',(0.,0.));
#1396 = VECTOR('',#1397,1.);
#1397 = DIRECTION('',(0.,1.));
#1398 = ( GEOMETRIC_REPRESENTATION_CONTEXT(2) 
PARAMETRIC_REPRESENTATION_CONTEXT() REPRESENTATION_CONTEXT('2D SPACE',''
  ) );
#1399 = FACE_BOUND('',#1400,.T.);
#1400 = EDGE_LOOP('',(#1401));
#1401 = ORIENTED_EDGE('',*,*,#1402,.T.);
#1402 = EDGE_CURVE('',#1403,#1403,#1405,.T.);
#1403 = VERTEX_POINT('',#1404);
#1404 = CARTESIAN_POINT('',(-38.,-23.5,13.5));
#1405 = SURFACE_CURVE('',#1406,(#1411,#1422),.PCURVE_S1.);
#1406 = CIRCLE('',#1407,2.);
#1407 = AXIS2_PLACEMENT_3D('',#1408,#1409,#1410);
#1408 = CARTESIAN_POINT('',(-40.,-23.5,13.5));
#1409 = DIRECTION('',(0.,1.,0.));
#1410 = DIRECTION('',(-1.,0.,0.));
#1411 = PCURVE('',#1009,#1412);
#1412 = DEFINITIONAL_REPRESENTATION('',(#1413),#1421);
#1413 = ( BOUNDED_CURVE() B_SPLINE_CURVE(2,(#1414,#1415,#1416,#1417,
#1418,#1419,#1420),.UNSPECIFIED.,.T.,.F.) B_SPLINE_CURVE_WITH_KNOTS((1,2
    ,2,2,2,1),(-2.094395102393,0.,2.094395102393,4.188790204786,
6.28318530718,8.377580409573),.UNSPECIFIED.) CURVE() 
GEOMETRIC_REPRESENTATION_ITEM() RATIONAL_B_SPLINE_CURVE((1.,0.5,1.,0.5,
1.,0.5,1.)) REPRESENTATION_ITEM('') );
#1414 = CARTESIAN_POINT('',(6.,13.5));
#1415 = CARTESIAN_POINT('',(6.,16.964101615138));
#1416 = CARTESIAN_POINT('',(9.,15.232050807569));
#1417 = CARTESIAN_POINT('',(12.,13.5));
#1418 = CARTESIAN_POINT('',(9.,11.767949192431));
#1419 = CARTESIAN_POINT('',(6.,10.035898384862));
#1420 = CARTESIAN_POINT('',(6.,13.5));
#1421 = ( GEOMETRIC_REPRESENTATION_CONTEXT(2) 
PARAMETRIC_REPRESENTATION_CONTEXT() REPRESENTATION_CONTEXT('2D SPACE',''
  ) );
#1422 = PCURVE('',#1423,#1428);
#1423 = CYLINDRICAL_SURFACE('',#1424,2.);
#1424 = AXIS2_PLACEMENT_3D('',#1425,#1426,#1427);
#1425 = CARTESIAN_POINT('',(-40.,23.5,13.5));
#1426 = DIRECTION('',(0.,-1.,0.));
#1427 = DIRECTION('',(-1.,0.,0.));
#1428 = DEFINITIONAL_REPRESENTATION('',(#1429),#1433);
#1429 = LINE('',#1430,#1431);
#1430 = CARTESIAN_POINT('',(12.566370614359,47.));
#1431 = VECTOR('',#1432,1.);
#1432 = DIRECTION('',(-1.,0.));
#1433 = ( GEOMETRIC_REPRESENTATION_CONTEXT(2) 
PARAMETRIC_REPRESENTATION_CONTEXT() REPRESENTATION_CONTEXT('2D SPACE',''
  ) );
#1434 = ADVANCED_FACE('',(#1435),#845,.T.);
#1435 = FACE_BOUND('',#1436,.T.);
#1436 = EDGE_LOOP('',(#1437,#1438,#1461,#1487));
#1437 = ORIENTED_EDGE('',*,*,#806,.F.);
#1438 = ORIENTED_EDGE('',*,*,#1439,.F.);
#1439 = EDGE_CURVE('',#1440,#807,#1442,.T.);
#1440 = VERTEX_POINT('',#1441);
#1441 = CARTESIAN_POINT('',(-44.,-19.5,2.5));
#1442 = SURFACE_CURVE('',#1443,(#1447,#1454),.PCURVE_S1.);
#1443 = LINE('',#1444,#1445);
#1444 = CARTESIAN_POINT('',(-44.,-19.5,2.5));
#1445 = VECTOR('',#1446,1.);
#1446 = DIRECTION('',(0.,0.,1.));
#1447 = PCURVE('',#845,#1448);
#1448 = DEFINITIONAL_REPRESENTATION('',(#1449),#1453);
#1449 = LINE('',#1450,#1451);
#1450 = CARTESIAN_POINT('',(0.,0.));
#1451 = VECTOR('',#1452,1.);
#1452 = DIRECTION('',(0.,1.));
#1453 = ( GEOMETRIC_REPRESENTATION_CONTEXT(2) 
PARAMETRIC_REPRESENTATION_CONTEXT() REPRESENTATION_CONTEXT('2D SPACE',''
  ) );
#1454 = PCURVE('',#1210,#1455);
#1455 = DEFINITIONAL_REPRESENTATION('',(#1456),#1460);
#1456 = LINE('',#1457,#1458);
#1457 = CARTESIAN_POINT('',(8.,0.));
#1458 = VECTOR('',#1459,1.);
#1459 = DIRECTION('',(0.,1.));
#1460 = ( GEOMETRIC_REPRESENTATION_CONTEXT(2) 
PARAMETRIC_REPRESENTATION_CONTEXT() REPRESENTATION_CONTEXT('2D SPACE',''
  ) );
#1461 = ORIENTED_EDGE('',*,*,#1462,.F.);
#1462 = EDGE_CURVE('',#1227,#1440,#1463,.T.);
#1463 = SURFACE_CURVE('',#1464,(#1469,#1476),.PCURVE_S1.);
#1464 = CIRCLE('',#1465,2.);
#1465 = AXIS2_PLACEMENT_3D('',#1466,#1467,#1468);
#1466 = CARTESIAN_POINT('',(-44.,-21.5,2.5));
#1467 = DIRECTION('',(0.,0.,-1.));
#1468 = DIRECTION('',(-4.44E-15,1.,0.));
#1469 = PCURVE('',#845,#1470);
#1470 = DEFINITIONAL_REPRESENTATION('',(#1471),#1475);
#1471 = LINE('',#1472,#1473);
#1472 = CARTESIAN_POINT('',(6.28318530718,0.));
#1473 = VECTOR('',#1474,1.);
#1474 = DIRECTION('',(-1.,0.));
#1475 = ( GEOMETRIC_REPRESENTATION_CONTEXT(2) 
PARAMETRIC_REPRESENTATION_CONTEXT() REPRESENTATION_CONTEXT('2D SPACE',''
  ) );
#1476 = PCURVE('',#45,#1477);
#1477 = DEFINITIONAL_REPRESENTATION('',(#1478),#1486);
#1478 = ( BOUNDED_CURVE() B_SPLINE_CURVE(2,(#1479,#1480,#1481,#1482,
#1483,#1484,#1485),.UNSPECIFIED.,.T.,.F.) B_SPLINE_CURVE_WITH_KNOTS((1,2
    ,2,2,2,1),(-2.094395102393,0.,2.094395102393,4.188790204786,
6.28318530718,8.377580409573),.UNSPECIFIED.) CURVE() 
GEOMETRIC_REPRESENTATION_ITEM() RATIONAL_B_SPLINE_CURVE((1.,0.5,1.,0.5,
1.,0.5,1.)) REPRESENTATION_ITEM('') );
#1479 = CARTESIAN_POINT('',(-15.29349991933,-19.5));
#1480 = CARTESIAN_POINT('',(-11.82939830419,-19.5));
#1481 = CARTESIAN_POINT('',(-13.56144911176,-22.5));
#1482 = CARTESIAN_POINT('',(-15.29349991933,-25.5));
#1483 = CARTESIAN_POINT('',(-17.02555072689,-22.5));
#1484 = CARTESIAN_POINT('',(-18.75760153446,-19.5));
#1485 = CARTESIAN_POINT('',(-15.29349991933,-19.5));
#1486 = ( GEOMETRIC_REPRESENTATION_CONTEXT(2) 
PARAMETRIC_REPRESENTATION_CONTEXT() REPRESENTATION_CONTEXT('2D SPACE',''
  ) );
#1487 = ORIENTED_EDGE('',*,*,#1226,.T.);
#1488 = ADVANCED_FACE('',(#1489),#739,.T.);
#1489 = FACE_BOUND('',#1490,.T.);
#1490 = EDGE_LOOP('',(#1491,#1492,#1493,#1494));
#1491 = ORIENTED_EDGE('',*,*,#682,.F.);
#1492 = ORIENTED_EDGE('',*,*,#973,.F.);
#1493 = ORIENTED_EDGE('',*,*,#1076,.F.);
#1494 = ORIENTED_EDGE('',*,*,#1174,.F.);
#1495 = ADVANCED_FACE('',(#1496),#1511,.F.);
#1496 = FACE_BOUND('',#1497,.F.);
#1497 = EDGE_LOOP('',(#1498,#1571,#1622,#1673));
#1498 = ORIENTED_EDGE('',*,*,#1499,.F.);
#1499 = EDGE_CURVE('',#1500,#1502,#1504,.T.);
#1500 = VERTEX_POINT('',#1501);
#1501 = CARTESIAN_POINT('',(-44.,20.5,17.5));
#1502 = VERTEX_POINT('',#1503);
#1503 = CARTESIAN_POINT('',(-44.,22.5,17.5));
#1504 = SURFACE_CURVE('',#1505,(#1510,#1555),.PCURVE_S1.);
#1505 = CIRCLE('',#1506,1.);
#1506 = AXIS2_PLACEMENT_3D('',#1507,#1508,#1509);
#1507 = CARTESIAN_POINT('',(-44.,21.5,17.5));
#1508 = DIRECTION('',(0.,0.,-1.));
#1509 = DIRECTION('',(-1.,0.,0.));
#1510 = PCURVE('',#1511,#1527);
#1511 = ( BOUNDED_SURFACE() B_SPLINE_SURFACE(2,2,(
    (#1512,#1513,#1514,#1515,#1516)
    ,(#1517,#1518,#1519,#1520,#1521)
    ,(#1522,#1523,#1524,#1525,#1526
)),.UNSPECIFIED.,.F.,.F.,.F.) B_SPLINE_SURFACE_WITH_KNOTS((3,3),(3,2,3),
  (0.,1.570796326795),(1.570796326795,3.14159265359,4.712388980385),
.UNSPECIFIED.) GEOMETRIC_REPRESENTATION_ITEM() RATIONAL_B_SPLINE_SURFACE
((
    (1.,0.707106781187,1.,0.707106781187,1.)
    ,(0.707106781187,0.5,0.707106781187,0.5,0.707106781187)
,(1.,0.707106781187,1.,0.707106781187,1.
))) REPRESENTATION_ITEM('') SURFACE() );
#1512 = CARTESIAN_POINT('',(-44.,23.5,16.5));
#1513 = CARTESIAN_POINT('',(-46.,23.5,16.5));
#1514 = CARTESIAN_POINT('',(-46.,21.5,16.5));
#1515 = CARTESIAN_POINT('',(-46.,19.5,16.5));
#1516 = CARTESIAN_POINT('',(-44.,19.5,16.5));
#1517 = CARTESIAN_POINT('',(-44.,23.5,17.5));
#1518 = CARTESIAN_POINT('',(-46.,23.5,17.5));
#1519 = CARTESIAN_POINT('',(-46.,21.5,17.5));
#1520 = CARTESIAN_POINT('',(-46.,19.5,17.5));
#1521 = CARTESIAN_POINT('',(-44.,19.5,17.5));
#1522 = CARTESIAN_POINT('',(-44.,22.5,17.5));
#1523 = CARTESIAN_POINT('',(-45.,22.5,17.5));
#1524 = CARTESIAN_POINT('',(-45.,21.5,17.5));
#1525 = CARTESIAN_POINT('',(-45.,20.5,17.5));
#1526 = CARTESIAN_POINT('',(-44.,20.5,17.5));
#1527 = DEFINITIONAL_REPRESENTATION('',(#1528),#1554);
#1528 = B_SPLINE_CURVE_WITH_KNOTS('',3,(#1529,#1530,#1531,#1532,#1533,
    #1534,#1535,#1536,#1537,#1538,#1539,#1540,#1541,#1542,#1543,#1544,
    #1545,#1546,#1547,#1548,#1549,#1550,#1551,#1552,#1553),
  .UNSPECIFIED.,.F.,.F.,(4,1,1,1,1,1,1,1,1,1,1,1,1,1,1,1,1,1,1,1,1,1,4),
  (4.712388980385,4.855188646457,4.997988312529,5.140787978601,
    5.283587644674,5.426387310746,5.569186976818,5.711986642891,
    5.854786308963,5.997585975035,6.140385641107,6.28318530718,
    6.425984973252,6.568784639324,6.711584305396,6.854383971469,
    6.997183637541,7.139983303613,7.282782969685,7.425582635758,
    7.56838230183,7.711181967902,7.853981633974),.QUASI_UNIFORM_KNOTS.);
#1529 = CARTESIAN_POINT('',(1.570796326795,4.712388980385));
#1530 = CARTESIAN_POINT('',(1.570796326795,4.659545486949));
#1531 = CARTESIAN_POINT('',(1.570796326795,4.556881019768));
#1532 = CARTESIAN_POINT('',(1.570796326795,4.410076893676));
#1533 = CARTESIAN_POINT('',(1.570796326795,4.26848926368));
#1534 = CARTESIAN_POINT('',(1.570796326795,4.130495880862));
#1535 = CARTESIAN_POINT('',(1.570796326795,3.994595402714));
#1536 = CARTESIAN_POINT('',(1.570796326795,3.859387759329));
#1537 = CARTESIAN_POINT('',(1.570796326795,3.72347811277));
#1538 = CARTESIAN_POINT('',(1.570796326795,3.585521403598));
#1539 = CARTESIAN_POINT('',(1.570796326795,3.443796247428));
#1540 = CARTESIAN_POINT('',(1.570796326795,3.297505552386));
#1541 = CARTESIAN_POINT('',(1.570796326795,3.14159265359));
#1542 = CARTESIAN_POINT('',(1.570796326795,2.985679754794));
#1543 = CARTESIAN_POINT('',(1.570796326795,2.839389059751));
#1544 = CARTESIAN_POINT('',(1.570796326795,2.697663903582));
#1545 = CARTESIAN_POINT('',(1.570796326795,2.55970719441));
#1546 = CARTESIAN_POINT('',(1.570796326795,2.42379754785));
#1547 = CARTESIAN_POINT('',(1.570796326795,2.288589904466));
#1548 = CARTESIAN_POINT('',(1.570796326795,2.152689426318));
#1549 = CARTESIAN_POINT('',(1.570796326795,2.014696043499));
#1550 = CARTESIAN_POINT('',(1.570796326795,1.873108413504));
#1551 = CARTESIAN_POINT('',(1.570796326795,1.726304287412));
#1552 = CARTESIAN_POINT('',(1.570796326795,1.623639820231));
#1553 = CARTESIAN_POINT('',(1.570796326795,1.570796326795));
#1554 = ( GEOMETRIC_REPRESENTATION_CONTEXT(2) 
PARAMETRIC_REPRESENTATION_CONTEXT() REPRESENTATION_CONTEXT('2D SPACE',''
  ) );
#1555 = PCURVE('',#1556,#1561);
#1556 = PLANE('',#1557);
#1557 = AXIS2_PLACEMENT_3D('',#1558,#1559,#1560);
#1558 = CARTESIAN_POINT('',(-40.,21.5,17.5));
#1559 = DIRECTION('',(0.,0.,1.));
#1560 = DIRECTION('',(1.,0.,-0.));
#1561 = DEFINITIONAL_REPRESENTATION('',(#1562),#1570);
#1562 = ( BOUNDED_CURVE() B_SPLINE_CURVE(2,(#1563,#1564,#1565,#1566,
#1567,#1568,#1569),.UNSPECIFIED.,.T.,.F.) B_SPLINE_CURVE_WITH_KNOTS((1,2
    ,2,2,2,1),(-2.094395102393,0.,2.094395102393,4.188790204786,
6.28318530718,8.377580409573),.UNSPECIFIED.) CURVE() 
GEOMETRIC_REPRESENTATION_ITEM() RATIONAL_B_SPLINE_CURVE((1.,0.5,1.,0.5,
1.,0.5,1.)) REPRESENTATION_ITEM('') );
#1563 = CARTESIAN_POINT('',(-5.,0.));
#1564 = CARTESIAN_POINT('',(-5.,1.732050807569));
#1565 = CARTESIAN_POINT('',(-3.5,0.866025403784));
#1566 = CARTESIAN_POINT('',(-2.,2.449293598295E-16));
#1567 = CARTESIAN_POINT('',(-3.5,-0.866025403784));
#1568 = CARTESIAN_POINT('',(-5.,-1.732050807569));
#1569 = CARTESIAN_POINT('',(-5.,0.));
#1570 = ( GEOMETRIC_REPRESENTATION_CONTEXT(2) 
PARAMETRIC_REPRESENTATION_CONTEXT() REPRESENTATION_CONTEXT('2D SPACE',''
  ) );
#1571 = ORIENTED_EDGE('',*,*,#1572,.F.);
#1572 = EDGE_CURVE('',#1573,#1500,#1575,.T.);
#1573 = VERTEX_POINT('',#1574);
#1574 = CARTESIAN_POINT('',(-44.,19.5,16.5));
#1575 = SURFACE_CURVE('',#1576,(#1581,#1610),.PCURVE_S1.);
#1576 = CIRCLE('',#1577,1.);
#1577 = AXIS2_PLACEMENT_3D('',#1578,#1579,#1580);
#1578 = CARTESIAN_POINT('',(-44.,20.5,16.5));
#1579 = DIRECTION('',(-1.,0.,0.));
#1580 = DIRECTION('',(0.,-1.,0.));
#1581 = PCURVE('',#1511,#1582);
#1582 = DEFINITIONAL_REPRESENTATION('',(#1583),#1609);
#1583 = B_SPLINE_CURVE_WITH_KNOTS('',3,(#1584,#1585,#1586,#1587,#1588,
    #1589,#1590,#1591,#1592,#1593,#1594,#1595,#1596,#1597,#1598,#1599,
    #1600,#1601,#1602,#1603,#1604,#1605,#1606,#1607,#1608),
  .UNSPECIFIED.,.F.,.F.,(4,1,1,1,1,1,1,1,1,1,1,1,1,1,1,1,1,1,1,1,1,1,4),
  (0.,7.139983303613E-02,0.142799666072,0.214199499108,0.285599332145,
    0.356999165181,0.428398998217,0.499798831253,0.571198664289,
    0.642598497325,0.713998330361,0.785398163397,0.856797996434,
    0.92819782947,0.999597662506,1.070997495542,1.142397328578,
    1.213797161614,1.28519699465,1.356596827687,1.427996660723,
    1.499396493759,1.570796326795),.QUASI_UNIFORM_KNOTS.);
#1584 = CARTESIAN_POINT('',(0.,4.712388980385));
#1585 = CARTESIAN_POINT('',(2.643304852828E-02,4.712388980385));
#1586 = CARTESIAN_POINT('',(7.852521262872E-02,4.712388980385));
#1587 = CARTESIAN_POINT('',(0.154606454553,4.712388980385));
#1588 = CARTESIAN_POINT('',(0.228904158181,4.712388980385));
#1589 = CARTESIAN_POINT('',(0.301661439934,4.712388980385));
#1590 = CARTESIAN_POINT('',(0.373106106239,4.712388980385));
#1591 = CARTESIAN_POINT('',(0.443450603945,4.712388980385));
#1592 = CARTESIAN_POINT('',(0.512895531033,4.712388980385));
#1593 = CARTESIAN_POINT('',(0.581631810168,4.712388980385));
#1594 = CARTESIAN_POINT('',(0.649842920765,4.712388980385));
#1595 = CARTESIAN_POINT('',(0.717706886775,4.712388980385));
#1596 = CARTESIAN_POINT('',(0.785398163397,4.712388980385));
#1597 = CARTESIAN_POINT('',(0.85308944002,4.712388980385));
#1598 = CARTESIAN_POINT('',(0.92095340603,4.712388980385));
#1599 = CARTESIAN_POINT('',(0.989164516627,4.712388980385));
#1600 = CARTESIAN_POINT('',(1.057900795762,4.712388980385));
#1601 = CARTESIAN_POINT('',(1.12734572285,4.712388980385));
#1602 = CARTESIAN_POINT('',(1.197690220556,4.712388980385));
#1603 = CARTESIAN_POINT('',(1.269134886861,4.712388980385));
#1604 = CARTESIAN_POINT('',(1.341892168614,4.712388980385));
#1605 = CARTESIAN_POINT('',(1.416189872242,4.712388980385));
#1606 = CARTESIAN_POINT('',(1.492271114166,4.712388980385));
#1607 = CARTESIAN_POINT('',(1.544363278267,4.712388980385));
#1608 = CARTESIAN_POINT('',(1.570796326795,4.712388980385));
#1609 = ( GEOMETRIC_REPRESENTATION_CONTEXT(2) 
PARAMETRIC_REPRESENTATION_CONTEXT() REPRESENTATION_CONTEXT('2D SPACE',''
  ) );
#1610 = PCURVE('',#1611,#1616);
#1611 = CYLINDRICAL_SURFACE('',#1612,1.);
#1612 = AXIS2_PLACEMENT_3D('',#1613,#1614,#1615);
#1613 = CARTESIAN_POINT('',(-42.,20.5,16.5));
#1614 = DIRECTION('',(1.,0.,0.));
#1615 = DIRECTION('',(0.,-0.707106781187,0.707106781187));
#1616 = DEFINITIONAL_REPRESENTATION('',(#1617),#1621);
#1617 = LINE('',#1618,#1619);
#1618 = CARTESIAN_POINT('',(0.785398163397,-2.));
#1619 = VECTOR('',#1620,1.);
#1620 = DIRECTION('',(-1.,0.));
#1621 = ( GEOMETRIC_REPRESENTATION_CONTEXT(2) 
PARAMETRIC_REPRESENTATION_CONTEXT() REPRESENTATION_CONTEXT('2D SPACE',''
  ) );
#1622 = ORIENTED_EDGE('',*,*,#1623,.F.);
#1623 = EDGE_CURVE('',#1624,#1573,#1626,.T.);
#1624 = VERTEX_POINT('',#1625);
#1625 = CARTESIAN_POINT('',(-44.,23.5,16.5));
#1626 = SURFACE_CURVE('',#1627,(#1632,#1661),.PCURVE_S1.);
#1627 = CIRCLE('',#1628,2.);
#1628 = AXIS2_PLACEMENT_3D('',#1629,#1630,#1631);
#1629 = CARTESIAN_POINT('',(-44.,21.5,16.5));
#1630 = DIRECTION('',(0.,0.,1.));
#1631 = DIRECTION('',(-1.,0.,0.));
#1632 = PCURVE('',#1511,#1633);
#1633 = DEFINITIONAL_REPRESENTATION('',(#1634),#1660);
#1634 = B_SPLINE_CURVE_WITH_KNOTS('',3,(#1635,#1636,#1637,#1638,#1639,
    #1640,#1641,#1642,#1643,#1644,#1645,#1646,#1647,#1648,#1649,#1650,
    #1651,#1652,#1653,#1654,#1655,#1656,#1657,#1658,#1659),
  .UNSPECIFIED.,.F.,.F.,(4,1,1,1,1,1,1,1,1,1,1,1,1,1,1,1,1,1,1,1,1,1,4),
  (4.712388980385,4.855188646457,4.997988312529,5.140787978601,
    5.283587644674,5.426387310746,5.569186976818,5.711986642891,
    5.854786308963,5.997585975035,6.140385641107,6.28318530718,
    6.425984973252,6.568784639324,6.711584305396,6.854383971469,
    6.997183637541,7.139983303613,7.282782969685,7.425582635758,
    7.56838230183,7.711181967902,7.853981633974),.QUASI_UNIFORM_KNOTS.);
#1635 = CARTESIAN_POINT('',(0.,1.570796326795));
#1636 = CARTESIAN_POINT('',(0.,1.623639820231));
#1637 = CARTESIAN_POINT('',(0.,1.726304287412));
#1638 = CARTESIAN_POINT('',(0.,1.873108413504));
#1639 = CARTESIAN_POINT('',(0.,2.014696043499));
#1640 = CARTESIAN_POINT('',(0.,2.152689426318));
#1641 = CARTESIAN_POINT('',(0.,2.288589904466));
#1642 = CARTESIAN_POINT('',(0.,2.42379754785));
#1643 = CARTESIAN_POINT('',(0.,2.55970719441));
#1644 = CARTESIAN_POINT('',(0.,2.697663903582));
#1645 = CARTESIAN_POINT('',(0.,2.839389059751));
#1646 = CARTESIAN_POINT('',(0.,2.985679754794));
#1647 = CARTESIAN_POINT('',(0.,3.14159265359));
#1648 = CARTESIAN_POINT('',(0.,3.297505552386));
#1649 = CARTESIAN_POINT('',(0.,3.443796247428));
#1650 = CARTESIAN_POINT('',(0.,3.585521403598));
#1651 = CARTESIAN_POINT('',(0.,3.72347811277));
#1652 = CARTESIAN_POINT('',(0.,3.859387759329));
#1653 = CARTESIAN_POINT('',(0.,3.994595402714));
#1654 = CARTESIAN_POINT('',(0.,4.130495880862));
#1655 = CARTESIAN_POINT('',(0.,4.26848926368));
#1656 = CARTESIAN_POINT('',(0.,4.410076893676));
#1657 = CARTESIAN_POINT('',(0.,4.556881019768));
#1658 = CARTESIAN_POINT('',(-0.,4.659545486949));
#1659 = CARTESIAN_POINT('',(0.,4.712388980385));
#1660 = ( GEOMETRIC_REPRESENTATION_CONTEXT(2) 
PARAMETRIC_REPRESENTATION_CONTEXT() REPRESENTATION_CONTEXT('2D SPACE',''
  ) );
#1661 = PCURVE('',#1662,#1667);
#1662 = CYLINDRICAL_SURFACE('',#1663,2.);
#1663 = AXIS2_PLACEMENT_3D('',#1664,#1665,#1666);
#1664 = CARTESIAN_POINT('',(-44.,21.5,2.5));
#1665 = DIRECTION('',(0.,0.,1.));
#1666 = DIRECTION('',(0.,-1.,0.));
#1667 = DEFINITIONAL_REPRESENTATION('',(#1668),#1672);
#1668 = LINE('',#1669,#1670);
#1669 = CARTESIAN_POINT('',(-1.570796326795,14.));
#1670 = VECTOR('',#1671,1.);
#1671 = DIRECTION('',(1.,0.));
#1672 = ( GEOMETRIC_REPRESENTATION_CONTEXT(2) 
PARAMETRIC_REPRESENTATION_CONTEXT() REPRESENTATION_CONTEXT('2D SPACE',''
  ) );
#1673 = ORIENTED_EDGE('',*,*,#1674,.F.);
#1674 = EDGE_CURVE('',#1502,#1624,#1675,.T.);
#1675 = SURFACE_CURVE('',#1676,(#1681,#1710),.PCURVE_S1.);
#1676 = CIRCLE('',#1677,1.);
#1677 = AXIS2_PLACEMENT_3D('',#1678,#1679,#1680);
#1678 = CARTESIAN_POINT('',(-44.,22.5,16.5));
#1679 = DIRECTION('',(-1.,0.,0.));
#1680 = DIRECTION('',(0.,0.,1.));
#1681 = PCURVE('',#1511,#1682);
#1682 = DEFINITIONAL_REPRESENTATION('',(#1683),#1709);
#1683 = B_SPLINE_CURVE_WITH_KNOTS('',3,(#1684,#1685,#1686,#1687,#1688,
    #1689,#1690,#1691,#1692,#1693,#1694,#1695,#1696,#1697,#1698,#1699,
    #1700,#1701,#1702,#1703,#1704,#1705,#1706,#1707,#1708),
  .UNSPECIFIED.,.F.,.F.,(4,1,1,1,1,1,1,1,1,1,1,1,1,1,1,1,1,1,1,1,1,1,4),
  (0.,7.139983303613E-02,0.142799666072,0.214199499108,0.285599332145,
    0.356999165181,0.428398998217,0.499798831253,0.571198664289,
    0.642598497325,0.713998330361,0.785398163397,0.856797996434,
    0.92819782947,0.999597662506,1.070997495542,1.142397328578,
    1.213797161614,1.28519699465,1.356596827687,1.427996660723,
    1.499396493759,1.570796326795),.QUASI_UNIFORM_KNOTS.);
#1684 = CARTESIAN_POINT('',(1.570796326795,1.570796326795));
#1685 = CARTESIAN_POINT('',(1.544363278267,1.570796326795));
#1686 = CARTESIAN_POINT('',(1.492271114166,1.570796326795));
#1687 = CARTESIAN_POINT('',(1.416189872242,1.570796326795));
#1688 = CARTESIAN_POINT('',(1.341892168614,1.570796326795));
#1689 = CARTESIAN_POINT('',(1.269134886861,1.570796326795));
#1690 = CARTESIAN_POINT('',(1.197690220556,1.570796326795));
#1691 = CARTESIAN_POINT('',(1.12734572285,1.570796326795));
#1692 = CARTESIAN_POINT('',(1.057900795762,1.570796326795));
#1693 = CARTESIAN_POINT('',(0.989164516627,1.570796326795));
#1694 = CARTESIAN_POINT('',(0.92095340603,1.570796326795));
#1695 = CARTESIAN_POINT('',(0.85308944002,1.570796326795));
#1696 = CARTESIAN_POINT('',(0.785398163397,1.570796326795));
#1697 = CARTESIAN_POINT('',(0.717706886775,1.570796326795));
#1698 = CARTESIAN_POINT('',(0.649842920765,1.570796326795));
#1699 = CARTESIAN_POINT('',(0.581631810168,1.570796326795));
#1700 = CARTESIAN_POINT('',(0.512895531033,1.570796326795));
#1701 = CARTESIAN_POINT('',(0.443450603945,1.570796326795));
#1702 = CARTESIAN_POINT('',(0.373106106239,1.570796326795));
#1703 = CARTESIAN_POINT('',(0.301661439934,1.570796326795));
#1704 = CARTESIAN_POINT('',(0.228904158181,1.570796326795));
#1705 = CARTESIAN_POINT('',(0.154606454553,1.570796326795));
#1706 = CARTESIAN_POINT('',(7.852521262871E-02,1.570796326795));
#1707 = CARTESIAN_POINT('',(2.643304852828E-02,1.570796326795));
#1708 = CARTESIAN_POINT('',(0.,1.570796326795));
#1709 = ( GEOMETRIC_REPRESENTATION_CONTEXT(2) 
PARAMETRIC_REPRESENTATION_CONTEXT() REPRESENTATION_CONTEXT('2D SPACE',''
  ) );
#1710 = PCURVE('',#1711,#1716);
#1711 = CYLINDRICAL_SURFACE('',#1712,1.);
#1712 = AXIS2_PLACEMENT_3D('',#1713,#1714,#1715);
#1713 = CARTESIAN_POINT('',(-22.50174181054,22.5,16.5));
#1714 = DIRECTION('',(-1.,0.,0.));
#1715 = DIRECTION('',(0.,0.707106781187,0.707106781187));
#1716 = DEFINITIONAL_REPRESENTATION('',(#1717),#1721);
#1717 = LINE('',#1718,#1719);
#1718 = CARTESIAN_POINT('',(-0.785398163397,21.498258189455));
#1719 = VECTOR('',#1720,1.);
#1720 = DIRECTION('',(1.,0.));
#1721 = ( GEOMETRIC_REPRESENTATION_CONTEXT(2) 
PARAMETRIC_REPRESENTATION_CONTEXT() REPRESENTATION_CONTEXT('2D SPACE',''
  ) );
#1722 = ADVANCED_FACE('',(#1723),#1611,.T.);
#1723 = FACE_BOUND('',#1724,.T.);
#1724 = EDGE_LOOP('',(#1725,#1789,#1810,#1811));
#1725 = ORIENTED_EDGE('',*,*,#1726,.T.);
#1726 = EDGE_CURVE('',#1727,#1729,#1731,.T.);
#1727 = VERTEX_POINT('',#1728);
#1728 = CARTESIAN_POINT('',(-36.,19.5,16.5));
#1729 = VERTEX_POINT('',#1730);
#1730 = CARTESIAN_POINT('',(-36.,20.5,17.5));
#1731 = SURFACE_CURVE('',#1732,(#1737,#1744),.PCURVE_S1.);
#1732 = CIRCLE('',#1733,1.);
#1733 = AXIS2_PLACEMENT_3D('',#1734,#1735,#1736);
#1734 = CARTESIAN_POINT('',(-36.,20.5,16.5));
#1735 = DIRECTION('',(-1.,0.,0.));
#1736 = DIRECTION('',(0.,-1.,0.));
#1737 = PCURVE('',#1611,#1738);
#1738 = DEFINITIONAL_REPRESENTATION('',(#1739),#1743);
#1739 = LINE('',#1740,#1741);
#1740 = CARTESIAN_POINT('',(0.785398163397,6.));
#1741 = VECTOR('',#1742,1.);
#1742 = DIRECTION('',(-1.,0.));
#1743 = ( GEOMETRIC_REPRESENTATION_CONTEXT(2) 
PARAMETRIC_REPRESENTATION_CONTEXT() REPRESENTATION_CONTEXT('2D SPACE',''
  ) );
#1744 = PCURVE('',#1745,#1761);
#1745 = ( BOUNDED_SURFACE() B_SPLINE_SURFACE(2,2,(
    (#1746,#1747,#1748,#1749,#1750)
    ,(#1751,#1752,#1753,#1754,#1755)
    ,(#1756,#1757,#1758,#1759,#1760
)),.UNSPECIFIED.,.F.,.F.,.F.) B_SPLINE_SURFACE_WITH_KNOTS((3,3),(3,2,3),
  (0.,1.570796326795),(-1.570796326795,0.,1.570796326795),
.PIECEWISE_BEZIER_KNOTS.) GEOMETRIC_REPRESENTATION_ITEM() 
RATIONAL_B_SPLINE_SURFACE((
    (1.,0.707106781187,1.,0.707106781187,1.)
    ,(0.707106781187,0.5,0.707106781187,0.5,0.707106781187)
,(1.,0.707106781187,1.,0.707106781187,1.
))) REPRESENTATION_ITEM('') SURFACE() );
#1746 = CARTESIAN_POINT('',(-36.,19.5,16.5));
#1747 = CARTESIAN_POINT('',(-34.,19.5,16.5));
#1748 = CARTESIAN_POINT('',(-34.,21.5,16.5));
#1749 = CARTESIAN_POINT('',(-34.,23.5,16.5));
#1750 = CARTESIAN_POINT('',(-36.,23.5,16.5));
#1751 = CARTESIAN_POINT('',(-36.,19.5,17.5));
#1752 = CARTESIAN_POINT('',(-34.,19.5,17.5));
#1753 = CARTESIAN_POINT('',(-34.,21.5,17.5));
#1754 = CARTESIAN_POINT('',(-34.,23.5,17.5));
#1755 = CARTESIAN_POINT('',(-36.,23.5,17.5));
#1756 = CARTESIAN_POINT('',(-36.,20.5,17.5));
#1757 = CARTESIAN_POINT('',(-35.,20.5,17.5));
#1758 = CARTESIAN_POINT('',(-35.,21.5,17.5));
#1759 = CARTESIAN_POINT('',(-35.,22.5,17.5));
#1760 = CARTESIAN_POINT('',(-36.,22.5,17.5));
#1761 = DEFINITIONAL_REPRESENTATION('',(#1762),#1788);
#1762 = B_SPLINE_CURVE_WITH_KNOTS('',3,(#1763,#1764,#1765,#1766,#1767,
    #1768,#1769,#1770,#1771,#1772,#1773,#1774,#1775,#1776,#1777,#1778,
    #1779,#1780,#1781,#1782,#1783,#1784,#1785,#1786,#1787),
  .UNSPECIFIED.,.F.,.F.,(4,1,1,1,1,1,1,1,1,1,1,1,1,1,1,1,1,1,1,1,1,1,4),
  (0.,7.139983303613E-02,0.142799666072,0.214199499108,0.285599332145,
    0.356999165181,0.428398998217,0.499798831253,0.571198664289,
    0.642598497325,0.713998330361,0.785398163397,0.856797996434,
    0.92819782947,0.999597662506,1.070997495542,1.142397328578,
    1.213797161614,1.28519699465,1.356596827687,1.427996660723,
    1.499396493759,1.570796326795),.QUASI_UNIFORM_KNOTS.);
#1763 = CARTESIAN_POINT('',(0.,-1.570796326795));
#1764 = CARTESIAN_POINT('',(2.643304852828E-02,-1.570796326795));
#1765 = CARTESIAN_POINT('',(7.852521262871E-02,-1.570796326795));
#1766 = CARTESIAN_POINT('',(0.154606454553,-1.570796326795));
#1767 = CARTESIAN_POINT('',(0.228904158181,-1.570796326795));
#1768 = CARTESIAN_POINT('',(0.301661439934,-1.570796326795));
#1769 = CARTESIAN_POINT('',(0.373106106239,-1.570796326795));
#1770 = CARTESIAN_POINT('',(0.443450603945,-1.570796326795));
#1771 = CARTESIAN_POINT('',(0.512895531033,-1.570796326795));
#1772 = CARTESIAN_POINT('',(0.581631810168,-1.570796326795));
#1773 = CARTESIAN_POINT('',(0.649842920765,-1.570796326795));
#1774 = CARTESIAN_POINT('',(0.717706886775,-1.570796326795));
#1775 = CARTESIAN_POINT('',(0.785398163397,-1.570796326795));
#1776 = CARTESIAN_POINT('',(0.85308944002,-1.570796326795));
#1777 = CARTESIAN_POINT('',(0.92095340603,-1.570796326795));
#1778 = CARTESIAN_POINT('',(0.989164516627,-1.570796326795));
#1779 = CARTESIAN_POINT('',(1.057900795762,-1.570796326795));
#1780 = CARTESIAN_POINT('',(1.12734572285,-1.570796326795));
#1781 = CARTESIAN_POINT('',(1.197690220556,-1.570796326795));
#1782 = CARTESIAN_POINT('',(1.269134886861,-1.570796326795));
#1783 = CARTESIAN_POINT('',(1.341892168614,-1.570796326795));
#1784 = CARTESIAN_POINT('',(1.416189872242,-1.570796326795));
#1785 = CARTESIAN_POINT('',(1.492271114166,-1.570796326795));
#1786 = CARTESIAN_POINT('',(1.544363278267,-1.570796326795));
#1787 = CARTESIAN_POINT('',(1.570796326795,-1.570796326795));
#1788 = ( GEOMETRIC_REPRESENTATION_CONTEXT(2) 
PARAMETRIC_REPRESENTATION_CONTEXT() REPRESENTATION_CONTEXT('2D SPACE',''
  ) );
#1789 = ORIENTED_EDGE('',*,*,#1790,.T.);
#1790 = EDGE_CURVE('',#1729,#1500,#1791,.T.);
#1791 = SURFACE_CURVE('',#1792,(#1796,#1803),.PCURVE_S1.);
#1792 = LINE('',#1793,#1794);
#1793 = CARTESIAN_POINT('',(-42.,20.5,17.5));
#1794 = VECTOR('',#1795,1.);
#1795 = DIRECTION('',(-1.,0.,0.));
#1796 = PCURVE('',#1611,#1797);
#1797 = DEFINITIONAL_REPRESENTATION('',(#1798),#1802);
#1798 = LINE('',#1799,#1800);
#1799 = CARTESIAN_POINT('',(-0.785398163397,0.));
#1800 = VECTOR('',#1801,1.);
#1801 = DIRECTION('',(0.,-1.));
#1802 = ( GEOMETRIC_REPRESENTATION_CONTEXT(2) 
PARAMETRIC_REPRESENTATION_CONTEXT() REPRESENTATION_CONTEXT('2D SPACE',''
  ) );
#1803 = PCURVE('',#1556,#1804);
#1804 = DEFINITIONAL_REPRESENTATION('',(#1805),#1809);
#1805 = LINE('',#1806,#1807);
#1806 = CARTESIAN_POINT('',(-2.,-1.));
#1807 = VECTOR('',#1808,1.);
#1808 = DIRECTION('',(-1.,0.));
#1809 = ( GEOMETRIC_REPRESENTATION_CONTEXT(2) 
PARAMETRIC_REPRESENTATION_CONTEXT() REPRESENTATION_CONTEXT('2D SPACE',''
  ) );
#1810 = ORIENTED_EDGE('',*,*,#1572,.F.);
#1811 = ORIENTED_EDGE('',*,*,#1812,.T.);
#1812 = EDGE_CURVE('',#1573,#1727,#1813,.T.);
#1813 = SURFACE_CURVE('',#1814,(#1818,#1825),.PCURVE_S1.);
#1814 = LINE('',#1815,#1816);
#1815 = CARTESIAN_POINT('',(-42.,19.5,16.5));
#1816 = VECTOR('',#1817,1.);
#1817 = DIRECTION('',(1.,0.,0.));
#1818 = PCURVE('',#1611,#1819);
#1819 = DEFINITIONAL_REPRESENTATION('',(#1820),#1824);
#1820 = LINE('',#1821,#1822);
#1821 = CARTESIAN_POINT('',(0.785398163397,0.));
#1822 = VECTOR('',#1823,1.);
#1823 = DIRECTION('',(0.,1.));
#1824 = ( GEOMETRIC_REPRESENTATION_CONTEXT(2) 
PARAMETRIC_REPRESENTATION_CONTEXT() REPRESENTATION_CONTEXT('2D SPACE',''
  ) );
#1825 = PCURVE('',#1826,#1831);
#1826 = PLANE('',#1827);
#1827 = AXIS2_PLACEMENT_3D('',#1828,#1829,#1830);
#1828 = CARTESIAN_POINT('',(-44.,19.5,2.5));
#1829 = DIRECTION('',(0.,-1.,0.));
#1830 = DIRECTION('',(1.,0.,0.));
#1831 = DEFINITIONAL_REPRESENTATION('',(#1832),#1836);
#1832 = LINE('',#1833,#1834);
#1833 = CARTESIAN_POINT('',(2.,14.));
#1834 = VECTOR('',#1835,1.);
#1835 = DIRECTION('',(1.,0.));
#1836 = ( GEOMETRIC_REPRESENTATION_CONTEXT(2) 
PARAMETRIC_REPRESENTATION_CONTEXT() REPRESENTATION_CONTEXT('2D SPACE',''
  ) );
#1837 = ADVANCED_FACE('',(#1838),#1745,.F.);
#1838 = FACE_BOUND('',#1839,.F.);
#1839 = EDGE_LOOP('',(#1840,#1891,#1892,#1942));
#1840 = ORIENTED_EDGE('',*,*,#1841,.F.);
#1841 = EDGE_CURVE('',#1727,#1842,#1844,.T.);
#1842 = VERTEX_POINT('',#1843);
#1843 = CARTESIAN_POINT('',(-36.,23.5,16.5));
#1844 = SURFACE_CURVE('',#1845,(#1850,#1879),.PCURVE_S1.);
#1845 = CIRCLE('',#1846,2.);
#1846 = AXIS2_PLACEMENT_3D('',#1847,#1848,#1849);
#1847 = CARTESIAN_POINT('',(-36.,21.5,16.5));
#1848 = DIRECTION('',(0.,0.,1.));
#1849 = DIRECTION('',(1.,0.,-0.));
#1850 = PCURVE('',#1745,#1851);
#1851 = DEFINITIONAL_REPRESENTATION('',(#1852),#1878);
#1852 = B_SPLINE_CURVE_WITH_KNOTS('',3,(#1853,#1854,#1855,#1856,#1857,
    #1858,#1859,#1860,#1861,#1862,#1863,#1864,#1865,#1866,#1867,#1868,
    #1869,#1870,#1871,#1872,#1873,#1874,#1875,#1876,#1877),
  .UNSPECIFIED.,.F.,.F.,(4,1,1,1,1,1,1,1,1,1,1,1,1,1,1,1,1,1,1,1,1,1,4),
  (4.712388980385,4.855188646457,4.997988312529,5.140787978601,
    5.283587644674,5.426387310746,5.569186976818,5.711986642891,
    5.854786308963,5.997585975035,6.140385641107,6.28318530718,
    6.425984973252,6.568784639324,6.711584305396,6.854383971469,
    6.997183637541,7.139983303613,7.282782969685,7.425582635758,
    7.56838230183,7.711181967902,7.853981633974),.QUASI_UNIFORM_KNOTS.);
#1853 = CARTESIAN_POINT('',(0.,-1.570796326795));
#1854 = CARTESIAN_POINT('',(0.,-1.517952833359));
#1855 = CARTESIAN_POINT('',(0.,-1.415288366178));
#1856 = CARTESIAN_POINT('',(0.,-1.268484240086));
#1857 = CARTESIAN_POINT('',(0.,-1.12689661009));
#1858 = CARTESIAN_POINT('',(0.,-0.988903227272));
#1859 = CARTESIAN_POINT('',(0.,-0.853002749124));
#1860 = CARTESIAN_POINT('',(0.,-0.717795105739));
#1861 = CARTESIAN_POINT('',(0.,-0.58188545918));
#1862 = CARTESIAN_POINT('',(0.,-0.443928750008));
#1863 = CARTESIAN_POINT('',(0.,-0.302203593838));
#1864 = CARTESIAN_POINT('',(0.,-0.155912898796));
#1865 = CARTESIAN_POINT('',(0.,-4.4E-16));
#1866 = CARTESIAN_POINT('',(0.,0.155912898796));
#1867 = CARTESIAN_POINT('',(0.,0.302203593838));
#1868 = CARTESIAN_POINT('',(0.,0.443928750008));
#1869 = CARTESIAN_POINT('',(0.,0.58188545918));
#1870 = CARTESIAN_POINT('',(0.,0.717795105739));
#1871 = CARTESIAN_POINT('',(0.,0.853002749124));
#1872 = CARTESIAN_POINT('',(0.,0.988903227272));
#1873 = CARTESIAN_POINT('',(0.,1.12689661009));
#1874 = CARTESIAN_POINT('',(0.,1.268484240086));
#1875 = CARTESIAN_POINT('',(0.,1.415288366178));
#1876 = CARTESIAN_POINT('',(-0.,1.517952833359));
#1877 = CARTESIAN_POINT('',(0.,1.570796326795));
#1878 = ( GEOMETRIC_REPRESENTATION_CONTEXT(2) 
PARAMETRIC_REPRESENTATION_CONTEXT() REPRESENTATION_CONTEXT('2D SPACE',''
  ) );
#1879 = PCURVE('',#1880,#1885);
#1880 = CYLINDRICAL_SURFACE('',#1881,2.);
#1881 = AXIS2_PLACEMENT_3D('',#1882,#1883,#1884);
#1882 = CARTESIAN_POINT('',(-36.,21.5,2.5));
#1883 = DIRECTION('',(0.,0.,1.));
#1884 = DIRECTION('',(-4.44E-15,1.,0.));
#1885 = DEFINITIONAL_REPRESENTATION('',(#1886),#1890);
#1886 = LINE('',#1887,#1888);
#1887 = CARTESIAN_POINT('',(-1.570796326795,14.));
#1888 = VECTOR('',#1889,1.);
#1889 = DIRECTION('',(1.,0.));
#1890 = ( GEOMETRIC_REPRESENTATION_CONTEXT(2) 
PARAMETRIC_REPRESENTATION_CONTEXT() REPRESENTATION_CONTEXT('2D SPACE',''
  ) );
#1891 = ORIENTED_EDGE('',*,*,#1726,.T.);
#1892 = ORIENTED_EDGE('',*,*,#1893,.F.);
#1893 = EDGE_CURVE('',#1894,#1729,#1896,.T.);
#1894 = VERTEX_POINT('',#1895);
#1895 = CARTESIAN_POINT('',(-36.,22.5,17.5));
#1896 = SURFACE_CURVE('',#1897,(#1902,#1931),.PCURVE_S1.);
#1897 = CIRCLE('',#1898,1.);
#1898 = AXIS2_PLACEMENT_3D('',#1899,#1900,#1901);
#1899 = CARTESIAN_POINT('',(-36.,21.5,17.5));
#1900 = DIRECTION('',(0.,0.,-1.));
#1901 = DIRECTION('',(1.,0.,0.));
#1902 = PCURVE('',#1745,#1903);
#1903 = DEFINITIONAL_REPRESENTATION('',(#1904),#1930);
#1904 = B_SPLINE_CURVE_WITH_KNOTS('',3,(#1905,#1906,#1907,#1908,#1909,
    #1910,#1911,#1912,#1913,#1914,#1915,#1916,#1917,#1918,#1919,#1920,
    #1921,#1922,#1923,#1924,#1925,#1926,#1927,#1928,#1929),
  .UNSPECIFIED.,.F.,.F.,(4,1,1,1,1,1,1,1,1,1,1,1,1,1,1,1,1,1,1,1,1,1,4),
  (4.712388980385,4.855188646457,4.997988312529,5.140787978601,
    5.283587644674,5.426387310746,5.569186976818,5.711986642891,
    5.854786308963,5.997585975035,6.140385641107,6.28318530718,
    6.425984973252,6.568784639324,6.711584305396,6.854383971469,
    6.997183637541,7.139983303613,7.282782969685,7.425582635758,
    7.56838230183,7.711181967902,7.853981633974),.QUASI_UNIFORM_KNOTS.);
#1905 = CARTESIAN_POINT('',(1.570796326795,1.570796326795));
#1906 = CARTESIAN_POINT('',(1.570796326795,1.517952833359));
#1907 = CARTESIAN_POINT('',(1.570796326795,1.415288366178));
#1908 = CARTESIAN_POINT('',(1.570796326795,1.268484240086));
#1909 = CARTESIAN_POINT('',(1.570796326795,1.12689661009));
#1910 = CARTESIAN_POINT('',(1.570796326795,0.988903227272));
#1911 = CARTESIAN_POINT('',(1.570796326795,0.853002749124));
#1912 = CARTESIAN_POINT('',(1.570796326795,0.717795105739));
#1913 = CARTESIAN_POINT('',(1.570796326795,0.58188545918));
#1914 = CARTESIAN_POINT('',(1.570796326795,0.443928750008));
#1915 = CARTESIAN_POINT('',(1.570796326795,0.302203593838));
#1916 = CARTESIAN_POINT('',(1.570796326795,0.155912898796));
#1917 = CARTESIAN_POINT('',(1.570796326795,-2.11E-15));
#1918 = CARTESIAN_POINT('',(1.570796326795,-0.155912898796));
#1919 = CARTESIAN_POINT('',(1.570796326795,-0.302203593838));
#1920 = CARTESIAN_POINT('',(1.570796326795,-0.443928750008));
#1921 = CARTESIAN_POINT('',(1.570796326795,-0.58188545918));
#1922 = CARTESIAN_POINT('',(1.570796326795,-0.717795105739));
#1923 = CARTESIAN_POINT('',(1.570796326795,-0.853002749124));
#1924 = CARTESIAN_POINT('',(1.570796326795,-0.988903227272));
#1925 = CARTESIAN_POINT('',(1.570796326795,-1.12689661009));
#1926 = CARTESIAN_POINT('',(1.570796326795,-1.268484240086));
#1927 = CARTESIAN_POINT('',(1.570796326795,-1.415288366178));
#1928 = CARTESIAN_POINT('',(1.570796326795,-1.517952833359));
#1929 = CARTESIAN_POINT('',(1.570796326795,-1.570796326795));
#1930 = ( GEOMETRIC_REPRESENTATION_CONTEXT(2) 
PARAMETRIC_REPRESENTATION_CONTEXT() REPRESENTATION_CONTEXT('2D SPACE',''
  ) );
#1931 = PCURVE('',#1556,#1932);
#1932 = DEFINITIONAL_REPRESENTATION('',(#1933),#1941);
#1933 = ( BOUNDED_CURVE() B_SPLINE_CURVE(2,(#1934,#1935,#1936,#1937,
#1938,#1939,#1940),.UNSPECIFIED.,.T.,.F.) B_SPLINE_CURVE_WITH_KNOTS((1,2
    ,2,2,2,1),(-2.094395102393,0.,2.094395102393,4.188790204786,
6.28318530718,8.377580409573),.UNSPECIFIED.) CURVE() 
GEOMETRIC_REPRESENTATION_ITEM() RATIONAL_B_SPLINE_CURVE((1.,0.5,1.,0.5,
1.,0.5,1.)) REPRESENTATION_ITEM('') );
#1934 = CARTESIAN_POINT('',(5.,0.));
#1935 = CARTESIAN_POINT('',(5.,-1.732050807569));
#1936 = CARTESIAN_POINT('',(3.5,-0.866025403784));
#1937 = CARTESIAN_POINT('',(2.,-2.449293598295E-16));
#1938 = CARTESIAN_POINT('',(3.5,0.866025403784));
#1939 = CARTESIAN_POINT('',(5.,1.732050807569));
#1940 = CARTESIAN_POINT('',(5.,0.));
#1941 = ( GEOMETRIC_REPRESENTATION_CONTEXT(2) 
PARAMETRIC_REPRESENTATION_CONTEXT() REPRESENTATION_CONTEXT('2D SPACE',''
  ) );
#1942 = ORIENTED_EDGE('',*,*,#1943,.F.);
#1943 = EDGE_CURVE('',#1842,#1894,#1944,.T.);
#1944 = SURFACE_CURVE('',#1945,(#1950,#1979),.PCURVE_S1.);
#1945 = CIRCLE('',#1946,1.);
#1946 = AXIS2_PLACEMENT_3D('',#1947,#1948,#1949);
#1947 = CARTESIAN_POINT('',(-36.,22.5,16.5));
#1948 = DIRECTION('',(1.,-4.44E-15,0.));
#1949 = DIRECTION('',(4.44E-15,1.,0.));
#1950 = PCURVE('',#1745,#1951);
#1951 = DEFINITIONAL_REPRESENTATION('',(#1952),#1978);
#1952 = B_SPLINE_CURVE_WITH_KNOTS('',3,(#1953,#1954,#1955,#1956,#1957,
    #1958,#1959,#1960,#1961,#1962,#1963,#1964,#1965,#1966,#1967,#1968,
    #1969,#1970,#1971,#1972,#1973,#1974,#1975,#1976,#1977),
  .UNSPECIFIED.,.F.,.F.,(4,1,1,1,1,1,1,1,1,1,1,1,1,1,1,1,1,1,1,1,1,1,4),
  (0.,7.139983303613E-02,0.142799666072,0.214199499108,0.285599332145,
    0.356999165181,0.428398998217,0.499798831253,0.571198664289,
    0.642598497325,0.713998330361,0.785398163397,0.856797996434,
    0.92819782947,0.999597662506,1.070997495542,1.142397328578,
    1.213797161614,1.28519699465,1.356596827687,1.427996660723,
    1.499396493759,1.570796326795),.QUASI_UNIFORM_KNOTS.);
#1953 = CARTESIAN_POINT('',(0.,1.570796326795));
#1954 = CARTESIAN_POINT('',(2.643304852828E-02,1.570796326795));
#1955 = CARTESIAN_POINT('',(7.852521262872E-02,1.570796326795));
#1956 = CARTESIAN_POINT('',(0.154606454553,1.570796326795));
#1957 = CARTESIAN_POINT('',(0.228904158181,1.570796326795));
#1958 = CARTESIAN_POINT('',(0.301661439934,1.570796326795));
#1959 = CARTESIAN_POINT('',(0.373106106239,1.570796326795));
#1960 = CARTESIAN_POINT('',(0.443450603945,1.570796326795));
#1961 = CARTESIAN_POINT('',(0.512895531033,1.570796326795));
#1962 = CARTESIAN_POINT('',(0.581631810168,1.570796326795));
#1963 = CARTESIAN_POINT('',(0.649842920765,1.570796326795));
#1964 = CARTESIAN_POINT('',(0.717706886775,1.570796326795));
#1965 = CARTESIAN_POINT('',(0.785398163397,1.570796326795));
#1966 = CARTESIAN_POINT('',(0.85308944002,1.570796326795));
#1967 = CARTESIAN_POINT('',(0.92095340603,1.570796326795));
#1968 = CARTESIAN_POINT('',(0.989164516627,1.570796326795));
#1969 = CARTESIAN_POINT('',(1.057900795762,1.570796326795));
#1970 = CARTESIAN_POINT('',(1.12734572285,1.570796326795));
#1971 = CARTESIAN_POINT('',(1.197690220556,1.570796326795));
#1972 = CARTESIAN_POINT('',(1.269134886861,1.570796326795));
#1973 = CARTESIAN_POINT('',(1.341892168614,1.570796326795));
#1974 = CARTESIAN_POINT('',(1.416189872242,1.570796326795));
#1975 = CARTESIAN_POINT('',(1.492271114166,1.570796326795));
#1976 = CARTESIAN_POINT('',(1.544363278267,1.570796326795));
#1977 = CARTESIAN_POINT('',(1.570796326795,1.570796326795));
#1978 = ( GEOMETRIC_REPRESENTATION_CONTEXT(2) 
PARAMETRIC_REPRESENTATION_CONTEXT() REPRESENTATION_CONTEXT('2D SPACE',''
  ) );
#1979 = PCURVE('',#1711,#1980);
#1980 = DEFINITIONAL_REPRESENTATION('',(#1981),#1985);
#1981 = LINE('',#1982,#1983);
#1982 = CARTESIAN_POINT('',(0.785398163397,13.498258189455));
#1983 = VECTOR('',#1984,1.);
#1984 = DIRECTION('',(-1.,4.52E-15));
#1985 = ( GEOMETRIC_REPRESENTATION_CONTEXT(2) 
PARAMETRIC_REPRESENTATION_CONTEXT() REPRESENTATION_CONTEXT('2D SPACE',''
  ) );
#1986 = ADVANCED_FACE('',(#1987),#1711,.T.);
#1987 = FACE_BOUND('',#1988,.T.);
#1988 = EDGE_LOOP('',(#1989,#1990,#2011,#2012));
#1989 = ORIENTED_EDGE('',*,*,#1674,.F.);
#1990 = ORIENTED_EDGE('',*,*,#1991,.T.);
#1991 = EDGE_CURVE('',#1502,#1894,#1992,.T.);
#1992 = SURFACE_CURVE('',#1993,(#1997,#2004),.PCURVE_S1.);
#1993 = LINE('',#1994,#1995);
#1994 = CARTESIAN_POINT('',(-22.50174181054,22.5,17.5));
#1995 = VECTOR('',#1996,1.);
#1996 = DIRECTION('',(1.,0.,0.));
#1997 = PCURVE('',#1711,#1998);
#1998 = DEFINITIONAL_REPRESENTATION('',(#1999),#2003);
#1999 = LINE('',#2000,#2001);
#2000 = CARTESIAN_POINT('',(-0.785398163397,0.));
#2001 = VECTOR('',#2002,1.);
#2002 = DIRECTION('',(0.,-1.));
#2003 = ( GEOMETRIC_REPRESENTATION_CONTEXT(2) 
PARAMETRIC_REPRESENTATION_CONTEXT() REPRESENTATION_CONTEXT('2D SPACE',''
  ) );
#2004 = PCURVE('',#1556,#2005);
#2005 = DEFINITIONAL_REPRESENTATION('',(#2006),#2010);
#2006 = LINE('',#2007,#2008);
#2007 = CARTESIAN_POINT('',(17.498258189455,1.));
#2008 = VECTOR('',#2009,1.);
#2009 = DIRECTION('',(1.,0.));
#2010 = ( GEOMETRIC_REPRESENTATION_CONTEXT(2) 
PARAMETRIC_REPRESENTATION_CONTEXT() REPRESENTATION_CONTEXT('2D SPACE',''
  ) );
#2011 = ORIENTED_EDGE('',*,*,#1943,.F.);
#2012 = ORIENTED_EDGE('',*,*,#2013,.T.);
#2013 = EDGE_CURVE('',#1842,#1624,#2014,.T.);
#2014 = SURFACE_CURVE('',#2015,(#2019,#2026),.PCURVE_S1.);
#2015 = LINE('',#2016,#2017);
#2016 = CARTESIAN_POINT('',(-22.50174181054,23.5,16.5));
#2017 = VECTOR('',#2018,1.);
#2018 = DIRECTION('',(-1.,0.,0.));
#2019 = PCURVE('',#1711,#2020);
#2020 = DEFINITIONAL_REPRESENTATION('',(#2021),#2025);
#2021 = LINE('',#2022,#2023);
#2022 = CARTESIAN_POINT('',(0.785398163397,0.));
#2023 = VECTOR('',#2024,1.);
#2024 = DIRECTION('',(0.,1.));
#2025 = ( GEOMETRIC_REPRESENTATION_CONTEXT(2) 
PARAMETRIC_REPRESENTATION_CONTEXT() REPRESENTATION_CONTEXT('2D SPACE',''
  ) );
#2026 = PCURVE('',#2027,#2032);
#2027 = PLANE('',#2028);
#2028 = AXIS2_PLACEMENT_3D('',#2029,#2030,#2031);
#2029 = CARTESIAN_POINT('',(-5.003483621091,23.5,0.));
#2030 = DIRECTION('',(0.,1.,0.));
#2031 = DIRECTION('',(-1.,0.,0.));
#2032 = DEFINITIONAL_REPRESENTATION('',(#2033),#2037);
#2033 = LINE('',#2034,#2035);
#2034 = CARTESIAN_POINT('',(17.498258189455,16.5));
#2035 = VECTOR('',#2036,1.);
#2036 = DIRECTION('',(1.,0.));
#2037 = ( GEOMETRIC_REPRESENTATION_CONTEXT(2) 
PARAMETRIC_REPRESENTATION_CONTEXT() REPRESENTATION_CONTEXT('2D SPACE',''
  ) );
#2038 = ADVANCED_FACE('',(#2039,#2109),#1826,.T.);
#2039 = FACE_BOUND('',#2040,.T.);
#2040 = EDGE_LOOP('',(#2041,#2042,#2065,#2088));
#2041 = ORIENTED_EDGE('',*,*,#1812,.F.);
#2042 = ORIENTED_EDGE('',*,*,#2043,.F.);
#2043 = EDGE_CURVE('',#2044,#1573,#2046,.T.);
#2044 = VERTEX_POINT('',#2045);
#2045 = CARTESIAN_POINT('',(-44.,19.5,2.5));
#2046 = SURFACE_CURVE('',#2047,(#2051,#2058),.PCURVE_S1.);
#2047 = LINE('',#2048,#2049);
#2048 = CARTESIAN_POINT('',(-44.,19.5,2.5));
#2049 = VECTOR('',#2050,1.);
#2050 = DIRECTION('',(0.,0.,1.));
#2051 = PCURVE('',#1826,#2052);
#2052 = DEFINITIONAL_REPRESENTATION('',(#2053),#2057);
#2053 = LINE('',#2054,#2055);
#2054 = CARTESIAN_POINT('',(0.,0.));
#2055 = VECTOR('',#2056,1.);
#2056 = DIRECTION('',(0.,1.));
#2057 = ( GEOMETRIC_REPRESENTATION_CONTEXT(2) 
PARAMETRIC_REPRESENTATION_CONTEXT() REPRESENTATION_CONTEXT('2D SPACE',''
  ) );
#2058 = PCURVE('',#1662,#2059);
#2059 = DEFINITIONAL_REPRESENTATION('',(#2060),#2064);
#2060 = LINE('',#2061,#2062);
#2061 = CARTESIAN_POINT('',(6.28318530718,0.));
#2062 = VECTOR('',#2063,1.);
#2063 = DIRECTION('',(0.,1.));
#2064 = ( GEOMETRIC_REPRESENTATION_CONTEXT(2) 
PARAMETRIC_REPRESENTATION_CONTEXT() REPRESENTATION_CONTEXT('2D SPACE',''
  ) );
#2065 = ORIENTED_EDGE('',*,*,#2066,.F.);
#2066 = EDGE_CURVE('',#2067,#2044,#2069,.T.);
#2067 = VERTEX_POINT('',#2068);
#2068 = CARTESIAN_POINT('',(-36.,19.5,2.5));
#2069 = SURFACE_CURVE('',#2070,(#2074,#2081),.PCURVE_S1.);
#2070 = LINE('',#2071,#2072);
#2071 = CARTESIAN_POINT('',(-36.35325004033,19.5,2.5));
#2072 = VECTOR('',#2073,1.);
#2073 = DIRECTION('',(-1.,0.,0.));
#2074 = PCURVE('',#1826,#2075);
#2075 = DEFINITIONAL_REPRESENTATION('',(#2076),#2080);
#2076 = LINE('',#2077,#2078);
#2077 = CARTESIAN_POINT('',(7.646749959665,0.));
#2078 = VECTOR('',#2079,1.);
#2079 = DIRECTION('',(-1.,0.));
#2080 = ( GEOMETRIC_REPRESENTATION_CONTEXT(2) 
PARAMETRIC_REPRESENTATION_CONTEXT() REPRESENTATION_CONTEXT('2D SPACE',''
  ) );
#2081 = PCURVE('',#45,#2082);
#2082 = DEFINITIONAL_REPRESENTATION('',(#2083),#2087);
#2083 = LINE('',#2084,#2085);
#2084 = CARTESIAN_POINT('',(-7.646749959665,19.5));
#2085 = VECTOR('',#2086,1.);
#2086 = DIRECTION('',(-1.,0.));
#2087 = ( GEOMETRIC_REPRESENTATION_CONTEXT(2) 
PARAMETRIC_REPRESENTATION_CONTEXT() REPRESENTATION_CONTEXT('2D SPACE',''
  ) );
#2088 = ORIENTED_EDGE('',*,*,#2089,.T.);
#2089 = EDGE_CURVE('',#2067,#1727,#2090,.T.);
#2090 = SURFACE_CURVE('',#2091,(#2095,#2102),.PCURVE_S1.);
#2091 = LINE('',#2092,#2093);
#2092 = CARTESIAN_POINT('',(-36.,19.5,2.5));
#2093 = VECTOR('',#2094,1.);
#2094 = DIRECTION('',(0.,0.,1.));
#2095 = PCURVE('',#1826,#2096);
#2096 = DEFINITIONAL_REPRESENTATION('',(#2097),#2101);
#2097 = LINE('',#2098,#2099);
#2098 = CARTESIAN_POINT('',(8.,0.));
#2099 = VECTOR('',#2100,1.);
#2100 = DIRECTION('',(0.,1.));
#2101 = ( GEOMETRIC_REPRESENTATION_CONTEXT(2) 
PARAMETRIC_REPRESENTATION_CONTEXT() REPRESENTATION_CONTEXT('2D SPACE',''
  ) );
#2102 = PCURVE('',#1880,#2103);
#2103 = DEFINITIONAL_REPRESENTATION('',(#2104),#2108);
#2104 = LINE('',#2105,#2106);
#2105 = CARTESIAN_POINT('',(3.14159265359,0.));
#2106 = VECTOR('',#2107,1.);
#2107 = DIRECTION('',(0.,1.));
#2108 = ( GEOMETRIC_REPRESENTATION_CONTEXT(2) 
PARAMETRIC_REPRESENTATION_CONTEXT() REPRESENTATION_CONTEXT('2D SPACE',''
  ) );
#2109 = FACE_BOUND('',#2110,.T.);
#2110 = EDGE_LOOP('',(#2111));
#2111 = ORIENTED_EDGE('',*,*,#2112,.T.);
#2112 = EDGE_CURVE('',#2113,#2113,#2115,.T.);
#2113 = VERTEX_POINT('',#2114);
#2114 = CARTESIAN_POINT('',(-38.,19.5,13.5));
#2115 = SURFACE_CURVE('',#2116,(#2121,#2132),.PCURVE_S1.);
#2116 = CIRCLE('',#2117,2.);
#2117 = AXIS2_PLACEMENT_3D('',#2118,#2119,#2120);
#2118 = CARTESIAN_POINT('',(-40.,19.5,13.5));
#2119 = DIRECTION('',(0.,1.,0.));
#2120 = DIRECTION('',(-1.,0.,0.));
#2121 = PCURVE('',#1826,#2122);
#2122 = DEFINITIONAL_REPRESENTATION('',(#2123),#2131);
#2123 = ( BOUNDED_CURVE() B_SPLINE_CURVE(2,(#2124,#2125,#2126,#2127,
#2128,#2129,#2130),.UNSPECIFIED.,.T.,.F.) B_SPLINE_CURVE_WITH_KNOTS((1,2
    ,2,2,2,1),(-2.094395102393,0.,2.094395102393,4.188790204786,
6.28318530718,8.377580409573),.UNSPECIFIED.) CURVE() 
GEOMETRIC_REPRESENTATION_ITEM() RATIONAL_B_SPLINE_CURVE((1.,0.5,1.,0.5,
1.,0.5,1.)) REPRESENTATION_ITEM('') );
#2124 = CARTESIAN_POINT('',(2.,11.));
#2125 = CARTESIAN_POINT('',(2.,14.464101615138));
#2126 = CARTESIAN_POINT('',(5.,12.732050807569));
#2127 = CARTESIAN_POINT('',(8.,11.));
#2128 = CARTESIAN_POINT('',(5.,9.267949192431));
#2129 = CARTESIAN_POINT('',(2.,7.535898384862));
#2130 = CARTESIAN_POINT('',(2.,11.));
#2131 = ( GEOMETRIC_REPRESENTATION_CONTEXT(2) 
PARAMETRIC_REPRESENTATION_CONTEXT() REPRESENTATION_CONTEXT('2D SPACE',''
  ) );
#2132 = PCURVE('',#2133,#2138);
#2133 = CYLINDRICAL_SURFACE('',#2134,2.);
#2134 = AXIS2_PLACEMENT_3D('',#2135,#2136,#2137);
#2135 = CARTESIAN_POINT('',(-40.,23.5,13.5));
#2136 = DIRECTION('',(0.,-1.,0.));
#2137 = DIRECTION('',(-1.,0.,0.));
#2138 = DEFINITIONAL_REPRESENTATION('',(#2139),#2143);
#2139 = LINE('',#2140,#2141);
#2140 = CARTESIAN_POINT('',(12.566370614359,4.));
#2141 = VECTOR('',#2142,1.);
#2142 = DIRECTION('',(-1.,0.));
#2143 = ( GEOMETRIC_REPRESENTATION_CONTEXT(2) 
PARAMETRIC_REPRESENTATION_CONTEXT() REPRESENTATION_CONTEXT('2D SPACE',''
  ) );
#2144 = ADVANCED_FACE('',(#2145),#1662,.T.);
#2145 = FACE_BOUND('',#2146,.T.);
#2146 = EDGE_LOOP('',(#2147,#2148,#2171,#2197));
#2147 = ORIENTED_EDGE('',*,*,#1623,.F.);
#2148 = ORIENTED_EDGE('',*,*,#2149,.F.);
#2149 = EDGE_CURVE('',#2150,#1624,#2152,.T.);
#2150 = VERTEX_POINT('',#2151);
#2151 = CARTESIAN_POINT('',(-44.,23.5,2.5));
#2152 = SURFACE_CURVE('',#2153,(#2157,#2164),.PCURVE_S1.);
#2153 = LINE('',#2154,#2155);
#2154 = CARTESIAN_POINT('',(-44.,23.5,2.5));
#2155 = VECTOR('',#2156,1.);
#2156 = DIRECTION('',(0.,0.,1.));
#2157 = PCURVE('',#1662,#2158);
#2158 = DEFINITIONAL_REPRESENTATION('',(#2159),#2163);
#2159 = LINE('',#2160,#2161);
#2160 = CARTESIAN_POINT('',(3.14159265359,0.));
#2161 = VECTOR('',#2162,1.);
#2162 = DIRECTION('',(0.,1.));
#2163 = ( GEOMETRIC_REPRESENTATION_CONTEXT(2) 
PARAMETRIC_REPRESENTATION_CONTEXT() REPRESENTATION_CONTEXT('2D SPACE',''
  ) );
#2164 = PCURVE('',#2027,#2165);
#2165 = DEFINITIONAL_REPRESENTATION('',(#2166),#2170);
#2166 = LINE('',#2167,#2168);
#2167 = CARTESIAN_POINT('',(38.996516378909,2.5));
#2168 = VECTOR('',#2169,1.);
#2169 = DIRECTION('',(0.,1.));
#2170 = ( GEOMETRIC_REPRESENTATION_CONTEXT(2) 
PARAMETRIC_REPRESENTATION_CONTEXT() REPRESENTATION_CONTEXT('2D SPACE',''
  ) );
#2171 = ORIENTED_EDGE('',*,*,#2172,.F.);
#2172 = EDGE_CURVE('',#2044,#2150,#2173,.T.);
#2173 = SURFACE_CURVE('',#2174,(#2179,#2186),.PCURVE_S1.);
#2174 = CIRCLE('',#2175,2.);
#2175 = AXIS2_PLACEMENT_3D('',#2176,#2177,#2178);
#2176 = CARTESIAN_POINT('',(-44.,21.5,2.5));
#2177 = DIRECTION('',(0.,0.,-1.));
#2178 = DIRECTION('',(0.,-1.,0.));
#2179 = PCURVE('',#1662,#2180);
#2180 = DEFINITIONAL_REPRESENTATION('',(#2181),#2185);
#2181 = LINE('',#2182,#2183);
#2182 = CARTESIAN_POINT('',(6.28318530718,0.));
#2183 = VECTOR('',#2184,1.);
#2184 = DIRECTION('',(-1.,0.));
#2185 = ( GEOMETRIC_REPRESENTATION_CONTEXT(2) 
PARAMETRIC_REPRESENTATION_CONTEXT() REPRESENTATION_CONTEXT('2D SPACE',''
  ) );
#2186 = PCURVE('',#45,#2187);
#2187 = DEFINITIONAL_REPRESENTATION('',(#2188),#2196);
#2188 = ( BOUNDED_CURVE() B_SPLINE_CURVE(2,(#2189,#2190,#2191,#2192,
#2193,#2194,#2195),.UNSPECIFIED.,.T.,.F.) B_SPLINE_CURVE_WITH_KNOTS((1,2
    ,2,2,2,1),(-2.094395102393,0.,2.094395102393,4.188790204786,
6.28318530718,8.377580409573),.UNSPECIFIED.) CURVE() 
GEOMETRIC_REPRESENTATION_ITEM() RATIONAL_B_SPLINE_CURVE((1.,0.5,1.,0.5,
1.,0.5,1.)) REPRESENTATION_ITEM('') );
#2189 = CARTESIAN_POINT('',(-15.29349991933,19.5));
#2190 = CARTESIAN_POINT('',(-18.75760153446,19.5));
#2191 = CARTESIAN_POINT('',(-17.02555072689,22.5));
#2192 = CARTESIAN_POINT('',(-15.29349991933,25.5));
#2193 = CARTESIAN_POINT('',(-13.56144911176,22.5));
#2194 = CARTESIAN_POINT('',(-11.82939830419,19.5));
#2195 = CARTESIAN_POINT('',(-15.29349991933,19.5));
#2196 = ( GEOMETRIC_REPRESENTATION_CONTEXT(2) 
PARAMETRIC_REPRESENTATION_CONTEXT() REPRESENTATION_CONTEXT('2D SPACE',''
  ) );
#2197 = ORIENTED_EDGE('',*,*,#2043,.T.);
#2198 = ADVANCED_FACE('',(#2199),#1556,.T.);
#2199 = FACE_BOUND('',#2200,.T.);
#2200 = EDGE_LOOP('',(#2201,#2202,#2203,#2204));
#2201 = ORIENTED_EDGE('',*,*,#1499,.F.);
#2202 = ORIENTED_EDGE('',*,*,#1790,.F.);
#2203 = ORIENTED_EDGE('',*,*,#1893,.F.);
#2204 = ORIENTED_EDGE('',*,*,#1991,.F.);
#2205 = ADVANCED_FACE('',(#2206),#1423,.F.);
#2206 = FACE_BOUND('',#2207,.F.);
#2207 = EDGE_LOOP('',(#2208,#2209,#2231,#2257));
#2208 = ORIENTED_EDGE('',*,*,#1402,.T.);
#2209 = ORIENTED_EDGE('',*,*,#2210,.F.);
#2210 = EDGE_CURVE('',#2211,#1403,#2213,.T.);
#2211 = VERTEX_POINT('',#2212);
#2212 = CARTESIAN_POINT('',(-38.,-19.5,13.5));
#2213 = SEAM_CURVE('',#2214,(#2217,#2224),.PCURVE_S1.);
#2214 = B_SPLINE_CURVE_WITH_KNOTS('',1,(#2215,#2216),.UNSPECIFIED.,.F.,
  .F.,(2,2),(43.,47.),.PIECEWISE_BEZIER_KNOTS.);
#2215 = CARTESIAN_POINT('',(-38.,-19.5,13.5));
#2216 = CARTESIAN_POINT('',(-38.,-23.5,13.5));
#2217 = PCURVE('',#1423,#2218);
#2218 = DEFINITIONAL_REPRESENTATION('',(#2219),#2223);
#2219 = LINE('',#2220,#2221);
#2220 = CARTESIAN_POINT('',(3.14159265359,0.));
#2221 = VECTOR('',#2222,1.);
#2222 = DIRECTION('',(0.,1.));
#2223 = ( GEOMETRIC_REPRESENTATION_CONTEXT(2) 
PARAMETRIC_REPRESENTATION_CONTEXT() REPRESENTATION_CONTEXT('2D SPACE',''
  ) );
#2224 = PCURVE('',#1423,#2225);
#2225 = DEFINITIONAL_REPRESENTATION('',(#2226),#2230);
#2226 = LINE('',#2227,#2228);
#2227 = CARTESIAN_POINT('',(9.424777960769,0.));
#2228 = VECTOR('',#2229,1.);
#2229 = DIRECTION('',(0.,1.));
#2230 = ( GEOMETRIC_REPRESENTATION_CONTEXT(2) 
PARAMETRIC_REPRESENTATION_CONTEXT() REPRESENTATION_CONTEXT('2D SPACE',''
  ) );
#2231 = ORIENTED_EDGE('',*,*,#2232,.T.);
#2232 = EDGE_CURVE('',#2211,#2211,#2233,.T.);
#2233 = SURFACE_CURVE('',#2234,(#2239,#2246),.PCURVE_S1.);
#2234 = CIRCLE('',#2235,2.);
#2235 = AXIS2_PLACEMENT_3D('',#2236,#2237,#2238);
#2236 = CARTESIAN_POINT('',(-40.,-19.5,13.5));
#2237 = DIRECTION('',(0.,-1.,0.));
#2238 = DIRECTION('',(-1.,0.,0.));
#2239 = PCURVE('',#1423,#2240);
#2240 = DEFINITIONAL_REPRESENTATION('',(#2241),#2245);
#2241 = LINE('',#2242,#2243);
#2242 = CARTESIAN_POINT('',(0.,43.));
#2243 = VECTOR('',#2244,1.);
#2244 = DIRECTION('',(1.,0.));
#2245 = ( GEOMETRIC_REPRESENTATION_CONTEXT(2) 
PARAMETRIC_REPRESENTATION_CONTEXT() REPRESENTATION_CONTEXT('2D SPACE',''
  ) );
#2246 = PCURVE('',#1210,#2247);
#2247 = DEFINITIONAL_REPRESENTATION('',(#2248),#2256);
#2248 = ( BOUNDED_CURVE() B_SPLINE_CURVE(2,(#2249,#2250,#2251,#2252,
#2253,#2254,#2255),.UNSPECIFIED.,.T.,.F.) B_SPLINE_CURVE_WITH_KNOTS((1,2
    ,2,2,2,1),(-2.094395102393,0.,2.094395102393,4.188790204786,
6.28318530718,8.377580409573),.UNSPECIFIED.) CURVE() 
GEOMETRIC_REPRESENTATION_ITEM() RATIONAL_B_SPLINE_CURVE((1.,0.5,1.,0.5,
1.,0.5,1.)) REPRESENTATION_ITEM('') );
#2249 = CARTESIAN_POINT('',(6.,11.));
#2250 = CARTESIAN_POINT('',(6.,7.535898384862));
#2251 = CARTESIAN_POINT('',(3.,9.267949192431));
#2252 = CARTESIAN_POINT('',(8.881784197001E-16,11.));
#2253 = CARTESIAN_POINT('',(3.,12.732050807569));
#2254 = CARTESIAN_POINT('',(6.,14.464101615138));
#2255 = CARTESIAN_POINT('',(6.,11.));
#2256 = ( GEOMETRIC_REPRESENTATION_CONTEXT(2) 
PARAMETRIC_REPRESENTATION_CONTEXT() REPRESENTATION_CONTEXT('2D SPACE',''
  ) );
#2257 = ORIENTED_EDGE('',*,*,#2210,.T.);
#2258 = ADVANCED_FACE('',(#2259),#2133,.F.);
#2259 = FACE_BOUND('',#2260,.F.);
#2260 = EDGE_LOOP('',(#2261,#2262,#2284,#2310));
#2261 = ORIENTED_EDGE('',*,*,#2112,.T.);
#2262 = ORIENTED_EDGE('',*,*,#2263,.F.);
#2263 = EDGE_CURVE('',#2264,#2113,#2266,.T.);
#2264 = VERTEX_POINT('',#2265);
#2265 = CARTESIAN_POINT('',(-38.,23.5,13.5));
#2266 = SEAM_CURVE('',#2267,(#2270,#2277),.PCURVE_S1.);
#2267 = B_SPLINE_CURVE_WITH_KNOTS('',1,(#2268,#2269),.UNSPECIFIED.,.F.,
  .F.,(2,2),(0.,4.),.PIECEWISE_BEZIER_KNOTS.);
#2268 = CARTESIAN_POINT('',(-38.,23.5,13.5));
#2269 = CARTESIAN_POINT('',(-38.,19.5,13.5));
#2270 = PCURVE('',#2133,#2271);
#2271 = DEFINITIONAL_REPRESENTATION('',(#2272),#2276);
#2272 = LINE('',#2273,#2274);
#2273 = CARTESIAN_POINT('',(3.14159265359,0.));
#2274 = VECTOR('',#2275,1.);
#2275 = DIRECTION('',(0.,1.));
#2276 = ( GEOMETRIC_REPRESENTATION_CONTEXT(2) 
PARAMETRIC_REPRESENTATION_CONTEXT() REPRESENTATION_CONTEXT('2D SPACE',''
  ) );
#2277 = PCURVE('',#2133,#2278);
#2278 = DEFINITIONAL_REPRESENTATION('',(#2279),#2283);
#2279 = LINE('',#2280,#2281);
#2280 = CARTESIAN_POINT('',(9.424777960769,0.));
#2281 = VECTOR('',#2282,1.);
#2282 = DIRECTION('',(0.,1.));
#2283 = ( GEOMETRIC_REPRESENTATION_CONTEXT(2) 
PARAMETRIC_REPRESENTATION_CONTEXT() REPRESENTATION_CONTEXT('2D SPACE',''
  ) );
#2284 = ORIENTED_EDGE('',*,*,#2285,.T.);
#2285 = EDGE_CURVE('',#2264,#2264,#2286,.T.);
#2286 = SURFACE_CURVE('',#2287,(#2292,#2299),.PCURVE_S1.);
#2287 = CIRCLE('',#2288,2.);
#2288 = AXIS2_PLACEMENT_3D('',#2289,#2290,#2291);
#2289 = CARTESIAN_POINT('',(-40.,23.5,13.5));
#2290 = DIRECTION('',(0.,-1.,0.));
#2291 = DIRECTION('',(-1.,0.,0.));
#2292 = PCURVE('',#2133,#2293);
#2293 = DEFINITIONAL_REPRESENTATION('',(#2294),#2298);
#2294 = LINE('',#2295,#2296);
#2295 = CARTESIAN_POINT('',(0.,0.));
#2296 = VECTOR('',#2297,1.);
#2297 = DIRECTION('',(1.,0.));
#2298 = ( GEOMETRIC_REPRESENTATION_CONTEXT(2) 
PARAMETRIC_REPRESENTATION_CONTEXT() REPRESENTATION_CONTEXT('2D SPACE',''
  ) );
#2299 = PCURVE('',#2027,#2300);
#2300 = DEFINITIONAL_REPRESENTATION('',(#2301),#2309);
#2301 = ( BOUNDED_CURVE() B_SPLINE_CURVE(2,(#2302,#2303,#2304,#2305,
#2306,#2307,#2308),.UNSPECIFIED.,.T.,.F.) B_SPLINE_CURVE_WITH_KNOTS((1,2
    ,2,2,2,1),(-2.094395102393,0.,2.094395102393,4.188790204786,
6.28318530718,8.377580409573),.UNSPECIFIED.) CURVE() 
GEOMETRIC_REPRESENTATION_ITEM() RATIONAL_B_SPLINE_CURVE((1.,0.5,1.,0.5,
1.,0.5,1.)) REPRESENTATION_ITEM('') );
#2302 = CARTESIAN_POINT('',(36.996516378909,13.5));
#2303 = CARTESIAN_POINT('',(36.996516378909,10.035898384862));
#2304 = CARTESIAN_POINT('',(33.996516378909,11.767949192431));
#2305 = CARTESIAN_POINT('',(30.996516378909,13.5));
#2306 = CARTESIAN_POINT('',(33.996516378909,15.232050807569));
#2307 = CARTESIAN_POINT('',(36.996516378909,16.964101615138));
#2308 = CARTESIAN_POINT('',(36.996516378909,13.5));
#2309 = ( GEOMETRIC_REPRESENTATION_CONTEXT(2) 
PARAMETRIC_REPRESENTATION_CONTEXT() REPRESENTATION_CONTEXT('2D SPACE',''
  ) );
#2310 = ORIENTED_EDGE('',*,*,#2263,.T.);
#2311 = ADVANCED_FACE('',(#2312),#1880,.T.);
#2312 = FACE_BOUND('',#2313,.T.);
#2313 = EDGE_LOOP('',(#2314,#2315,#2316,#2344));
#2314 = ORIENTED_EDGE('',*,*,#1841,.F.);
#2315 = ORIENTED_EDGE('',*,*,#2089,.F.);
#2316 = ORIENTED_EDGE('',*,*,#2317,.F.);
#2317 = EDGE_CURVE('',#2318,#2067,#2320,.T.);
#2318 = VERTEX_POINT('',#2319);
#2319 = CARTESIAN_POINT('',(-36.,23.5,2.5));
#2320 = SURFACE_CURVE('',#2321,(#2326,#2333),.PCURVE_S1.);
#2321 = CIRCLE('',#2322,2.);
#2322 = AXIS2_PLACEMENT_3D('',#2323,#2324,#2325);
#2323 = CARTESIAN_POINT('',(-36.,21.5,2.5));
#2324 = DIRECTION('',(0.,0.,-1.));
#2325 = DIRECTION('',(-4.44E-15,1.,0.));
#2326 = PCURVE('',#1880,#2327);
#2327 = DEFINITIONAL_REPRESENTATION('',(#2328),#2332);
#2328 = LINE('',#2329,#2330);
#2329 = CARTESIAN_POINT('',(6.28318530718,0.));
#2330 = VECTOR('',#2331,1.);
#2331 = DIRECTION('',(-1.,0.));
#2332 = ( GEOMETRIC_REPRESENTATION_CONTEXT(2) 
PARAMETRIC_REPRESENTATION_CONTEXT() REPRESENTATION_CONTEXT('2D SPACE',''
  ) );
#2333 = PCURVE('',#45,#2334);
#2334 = DEFINITIONAL_REPRESENTATION('',(#2335),#2343);
#2335 = ( BOUNDED_CURVE() B_SPLINE_CURVE(2,(#2336,#2337,#2338,#2339,
#2340,#2341,#2342),.UNSPECIFIED.,.T.,.F.) B_SPLINE_CURVE_WITH_KNOTS((1,2
    ,2,2,2,1),(-2.094395102393,0.,2.094395102393,4.188790204786,
6.28318530718,8.377580409573),.UNSPECIFIED.) CURVE() 
GEOMETRIC_REPRESENTATION_ITEM() RATIONAL_B_SPLINE_CURVE((1.,0.5,1.,0.5,
1.,0.5,1.)) REPRESENTATION_ITEM('') );
#2336 = CARTESIAN_POINT('',(-7.29349991933,23.5));
#2337 = CARTESIAN_POINT('',(-3.829398304192,23.5));
#2338 = CARTESIAN_POINT('',(-5.561449111761,20.5));
#2339 = CARTESIAN_POINT('',(-7.29349991933,17.5));
#2340 = CARTESIAN_POINT('',(-9.025550726899,20.5));
#2341 = CARTESIAN_POINT('',(-10.75760153446,23.5));
#2342 = CARTESIAN_POINT('',(-7.29349991933,23.5));
#2343 = ( GEOMETRIC_REPRESENTATION_CONTEXT(2) 
PARAMETRIC_REPRESENTATION_CONTEXT() REPRESENTATION_CONTEXT('2D SPACE',''
  ) );
#2344 = ORIENTED_EDGE('',*,*,#2345,.T.);
#2345 = EDGE_CURVE('',#2318,#1842,#2346,.T.);
#2346 = SURFACE_CURVE('',#2347,(#2351,#2358),.PCURVE_S1.);
#2347 = LINE('',#2348,#2349);
#2348 = CARTESIAN_POINT('',(-36.,23.5,2.5));
#2349 = VECTOR('',#2350,1.);
#2350 = DIRECTION('',(0.,0.,1.));
#2351 = PCURVE('',#1880,#2352);
#2352 = DEFINITIONAL_REPRESENTATION('',(#2353),#2357);
#2353 = LINE('',#2354,#2355);
#2354 = CARTESIAN_POINT('',(6.28318530718,0.));
#2355 = VECTOR('',#2356,1.);
#2356 = DIRECTION('',(0.,1.));
#2357 = ( GEOMETRIC_REPRESENTATION_CONTEXT(2) 
PARAMETRIC_REPRESENTATION_CONTEXT() REPRESENTATION_CONTEXT('2D SPACE',''
  ) );
#2358 = PCURVE('',#2027,#2359);
#2359 = DEFINITIONAL_REPRESENTATION('',(#2360),#2364);
#2360 = LINE('',#2361,#2362);
#2361 = CARTESIAN_POINT('',(30.996516378909,2.5));
#2362 = VECTOR('',#2363,1.);
#2363 = DIRECTION('',(0.,1.));
#2364 = ( GEOMETRIC_REPRESENTATION_CONTEXT(2) 
PARAMETRIC_REPRESENTATION_CONTEXT() REPRESENTATION_CONTEXT('2D SPACE',''
  ) );
#2365 = ADVANCED_FACE('',(#2366,#2414),#1210,.T.);
#2366 = FACE_BOUND('',#2367,.T.);
#2367 = EDGE_LOOP('',(#2368,#2369,#2392,#2413));
#2368 = ORIENTED_EDGE('',*,*,#1196,.F.);
#2369 = ORIENTED_EDGE('',*,*,#2370,.F.);
#2370 = EDGE_CURVE('',#2371,#1025,#2373,.T.);
#2371 = VERTEX_POINT('',#2372);
#2372 = CARTESIAN_POINT('',(-36.,-19.5,2.5));
#2373 = SURFACE_CURVE('',#2374,(#2378,#2385),.PCURVE_S1.);
#2374 = LINE('',#2375,#2376);
#2375 = CARTESIAN_POINT('',(-36.,-19.5,2.5));
#2376 = VECTOR('',#2377,1.);
#2377 = DIRECTION('',(0.,0.,1.));
#2378 = PCURVE('',#1210,#2379);
#2379 = DEFINITIONAL_REPRESENTATION('',(#2380),#2384);
#2380 = LINE('',#2381,#2382);
#2381 = CARTESIAN_POINT('',(0.,0.));
#2382 = VECTOR('',#2383,1.);
#2383 = DIRECTION('',(0.,1.));
#2384 = ( GEOMETRIC_REPRESENTATION_CONTEXT(2) 
PARAMETRIC_REPRESENTATION_CONTEXT() REPRESENTATION_CONTEXT('2D SPACE',''
  ) );
#2385 = PCURVE('',#1063,#2386);
#2386 = DEFINITIONAL_REPRESENTATION('',(#2387),#2391);
#2387 = LINE('',#2388,#2389);
#2388 = CARTESIAN_POINT('',(3.14159265359,0.));
#2389 = VECTOR('',#2390,1.);
#2390 = DIRECTION('',(0.,1.));
#2391 = ( GEOMETRIC_REPRESENTATION_CONTEXT(2) 
PARAMETRIC_REPRESENTATION_CONTEXT() REPRESENTATION_CONTEXT('2D SPACE',''
  ) );
#2392 = ORIENTED_EDGE('',*,*,#2393,.F.);
#2393 = EDGE_CURVE('',#1440,#2371,#2394,.T.);
#2394 = SURFACE_CURVE('',#2395,(#2399,#2406),.PCURVE_S1.);
#2395 = LINE('',#2396,#2397);
#2396 = CARTESIAN_POINT('',(-32.35325004033,-19.5,2.5));
#2397 = VECTOR('',#2398,1.);
#2398 = DIRECTION('',(1.,0.,0.));
#2399 = PCURVE('',#1210,#2400);
#2400 = DEFINITIONAL_REPRESENTATION('',(#2401),#2405);
#2401 = LINE('',#2402,#2403);
#2402 = CARTESIAN_POINT('',(-3.646749959665,0.));
#2403 = VECTOR('',#2404,1.);
#2404 = DIRECTION('',(-1.,0.));
#2405 = ( GEOMETRIC_REPRESENTATION_CONTEXT(2) 
PARAMETRIC_REPRESENTATION_CONTEXT() REPRESENTATION_CONTEXT('2D SPACE',''
  ) );
#2406 = PCURVE('',#45,#2407);
#2407 = DEFINITIONAL_REPRESENTATION('',(#2408),#2412);
#2408 = LINE('',#2409,#2410);
#2409 = CARTESIAN_POINT('',(-3.646749959665,-19.5));
#2410 = VECTOR('',#2411,1.);
#2411 = DIRECTION('',(1.,0.));
#2412 = ( GEOMETRIC_REPRESENTATION_CONTEXT(2) 
PARAMETRIC_REPRESENTATION_CONTEXT() REPRESENTATION_CONTEXT('2D SPACE',''
  ) );
#2413 = ORIENTED_EDGE('',*,*,#1439,.T.);
#2414 = FACE_BOUND('',#2415,.T.);
#2415 = EDGE_LOOP('',(#2416));
#2416 = ORIENTED_EDGE('',*,*,#2232,.T.);
#2417 = ADVANCED_FACE('',(#2418),#1063,.T.);
#2418 = FACE_BOUND('',#2419,.T.);
#2419 = EDGE_LOOP('',(#2420,#2421,#2422,#2448));
#2420 = ORIENTED_EDGE('',*,*,#1024,.F.);
#2421 = ORIENTED_EDGE('',*,*,#1379,.F.);
#2422 = ORIENTED_EDGE('',*,*,#2423,.F.);
#2423 = EDGE_CURVE('',#2371,#1357,#2424,.T.);
#2424 = SURFACE_CURVE('',#2425,(#2430,#2437),.PCURVE_S1.);
#2425 = CIRCLE('',#2426,2.);
#2426 = AXIS2_PLACEMENT_3D('',#2427,#2428,#2429);
#2427 = CARTESIAN_POINT('',(-36.,-21.5,2.5));
#2428 = DIRECTION('',(0.,0.,-1.));
#2429 = DIRECTION('',(1.332E-14,-1.,0.));
#2430 = PCURVE('',#1063,#2431);
#2431 = DEFINITIONAL_REPRESENTATION('',(#2432),#2436);
#2432 = LINE('',#2433,#2434);
#2433 = CARTESIAN_POINT('',(6.28318530718,0.));
#2434 = VECTOR('',#2435,1.);
#2435 = DIRECTION('',(-1.,0.));
#2436 = ( GEOMETRIC_REPRESENTATION_CONTEXT(2) 
PARAMETRIC_REPRESENTATION_CONTEXT() REPRESENTATION_CONTEXT('2D SPACE',''
  ) );
#2437 = PCURVE('',#45,#2438);
#2438 = DEFINITIONAL_REPRESENTATION('',(#2439),#2447);
#2439 = ( BOUNDED_CURVE() B_SPLINE_CURVE(2,(#2440,#2441,#2442,#2443,
#2444,#2445,#2446),.UNSPECIFIED.,.T.,.F.) B_SPLINE_CURVE_WITH_KNOTS((1,2
    ,2,2,2,1),(-2.094395102393,0.,2.094395102393,4.188790204786,
6.28318530718,8.377580409573),.UNSPECIFIED.) CURVE() 
GEOMETRIC_REPRESENTATION_ITEM() RATIONAL_B_SPLINE_CURVE((1.,0.5,1.,0.5,
1.,0.5,1.)) REPRESENTATION_ITEM('') );
#2440 = CARTESIAN_POINT('',(-7.29349991933,-23.5));
#2441 = CARTESIAN_POINT('',(-10.75760153446,-23.5));
#2442 = CARTESIAN_POINT('',(-9.025550726899,-20.5));
#2443 = CARTESIAN_POINT('',(-7.29349991933,-17.5));
#2444 = CARTESIAN_POINT('',(-5.561449111761,-20.5));
#2445 = CARTESIAN_POINT('',(-3.829398304192,-23.5));
#2446 = CARTESIAN_POINT('',(-7.29349991933,-23.5));
#2447 = ( GEOMETRIC_REPRESENTATION_CONTEXT(2) 
PARAMETRIC_REPRESENTATION_CONTEXT() REPRESENTATION_CONTEXT('2D SPACE',''
  ) );
#2448 = ORIENTED_EDGE('',*,*,#2370,.T.);
#2449 = ADVANCED_FACE('',(#2450),#2464,.T.);
#2450 = FACE_BOUND('',#2451,.T.);
#2451 = EDGE_LOOP('',(#2452,#2482,#2505,#2528));
#2452 = ORIENTED_EDGE('',*,*,#2453,.F.);
#2453 = EDGE_CURVE('',#2454,#2456,#2458,.T.);
#2454 = VERTEX_POINT('',#2455);
#2455 = CARTESIAN_POINT('',(-5.003483621091,23.5,0.));
#2456 = VERTEX_POINT('',#2457);
#2457 = CARTESIAN_POINT('',(-5.003483621091,20.855484102967,0.));
#2458 = SURFACE_CURVE('',#2459,(#2463,#2475),.PCURVE_S1.);
#2459 = LINE('',#2460,#2461);
#2460 = CARTESIAN_POINT('',(-5.003483621091,23.5,0.));
#2461 = VECTOR('',#2462,1.);
#2462 = DIRECTION('',(2.52E-15,-1.,0.));
#2463 = PCURVE('',#2464,#2469);
#2464 = PLANE('',#2465);
#2465 = AXIS2_PLACEMENT_3D('',#2466,#2467,#2468);
#2466 = CARTESIAN_POINT('',(-5.003483621091,20.855484102967,0.));
#2467 = DIRECTION('',(1.,2.52E-15,0.));
#2468 = DIRECTION('',(-2.52E-15,1.,0.));
#2469 = DEFINITIONAL_REPRESENTATION('',(#2470),#2474);
#2470 = LINE('',#2471,#2472);
#2471 = CARTESIAN_POINT('',(2.644515897033,0.));
#2472 = VECTOR('',#2473,1.);
#2473 = DIRECTION('',(-1.,0.));
#2474 = ( GEOMETRIC_REPRESENTATION_CONTEXT(2) 
PARAMETRIC_REPRESENTATION_CONTEXT() REPRESENTATION_CONTEXT('2D SPACE',''
  ) );
#2475 = PCURVE('',#1316,#2476);
#2476 = DEFINITIONAL_REPRESENTATION('',(#2477),#2481);
#2477 = LINE('',#2478,#2479);
#2478 = CARTESIAN_POINT('',(23.70301645958,23.5));
#2479 = VECTOR('',#2480,1.);
#2480 = DIRECTION('',(2.52E-15,-1.));
#2481 = ( GEOMETRIC_REPRESENTATION_CONTEXT(2) 
PARAMETRIC_REPRESENTATION_CONTEXT() REPRESENTATION_CONTEXT('2D SPACE',''
  ) );
#2482 = ORIENTED_EDGE('',*,*,#2483,.T.);
#2483 = EDGE_CURVE('',#2454,#2484,#2486,.T.);
#2484 = VERTEX_POINT('',#2485);
#2485 = CARTESIAN_POINT('',(-5.003483621091,23.5,2.5));
#2486 = SURFACE_CURVE('',#2487,(#2491,#2498),.PCURVE_S1.);
#2487 = LINE('',#2488,#2489);
#2488 = CARTESIAN_POINT('',(-5.003483621091,23.5,0.));
#2489 = VECTOR('',#2490,1.);
#2490 = DIRECTION('',(0.,0.,1.));
#2491 = PCURVE('',#2464,#2492);
#2492 = DEFINITIONAL_REPRESENTATION('',(#2493),#2497);
#2493 = LINE('',#2494,#2495);
#2494 = CARTESIAN_POINT('',(2.644515897033,0.));
#2495 = VECTOR('',#2496,1.);
#2496 = DIRECTION('',(0.,1.));
#2497 = ( GEOMETRIC_REPRESENTATION_CONTEXT(2) 
PARAMETRIC_REPRESENTATION_CONTEXT() REPRESENTATION_CONTEXT('2D SPACE',''
  ) );
#2498 = PCURVE('',#2027,#2499);
#2499 = DEFINITIONAL_REPRESENTATION('',(#2500),#2504);
#2500 = LINE('',#2501,#2502);
#2501 = CARTESIAN_POINT('',(9.769962616701E-15,0.));
#2502 = VECTOR('',#2503,1.);
#2503 = DIRECTION('',(0.,1.));
#2504 = ( GEOMETRIC_REPRESENTATION_CONTEXT(2) 
PARAMETRIC_REPRESENTATION_CONTEXT() REPRESENTATION_CONTEXT('2D SPACE',''
  ) );
#2505 = ORIENTED_EDGE('',*,*,#2506,.F.);
#2506 = EDGE_CURVE('',#2507,#2484,#2509,.T.);
#2507 = VERTEX_POINT('',#2508);
#2508 = CARTESIAN_POINT('',(-5.003483621091,20.855484102967,2.5));
#2509 = SURFACE_CURVE('',#2510,(#2514,#2521),.PCURVE_S1.);
#2510 = LINE('',#2511,#2512);
#2511 = CARTESIAN_POINT('',(-5.003483621091,23.5,2.5));
#2512 = VECTOR('',#2513,1.);
#2513 = DIRECTION('',(-2.52E-15,1.,0.));
#2514 = PCURVE('',#2464,#2515);
#2515 = DEFINITIONAL_REPRESENTATION('',(#2516),#2520);
#2516 = LINE('',#2517,#2518);
#2517 = CARTESIAN_POINT('',(2.644515897033,2.5));
#2518 = VECTOR('',#2519,1.);
#2519 = DIRECTION('',(1.,0.));
#2520 = ( GEOMETRIC_REPRESENTATION_CONTEXT(2) 
PARAMETRIC_REPRESENTATION_CONTEXT() REPRESENTATION_CONTEXT('2D SPACE',''
  ) );
#2521 = PCURVE('',#45,#2522);
#2522 = DEFINITIONAL_REPRESENTATION('',(#2523),#2527);
#2523 = LINE('',#2524,#2525);
#2524 = CARTESIAN_POINT('',(23.70301645958,23.5));
#2525 = VECTOR('',#2526,1.);
#2526 = DIRECTION('',(-2.52E-15,1.));
#2527 = ( GEOMETRIC_REPRESENTATION_CONTEXT(2) 
PARAMETRIC_REPRESENTATION_CONTEXT() REPRESENTATION_CONTEXT('2D SPACE',''
  ) );
#2528 = ORIENTED_EDGE('',*,*,#2529,.F.);
#2529 = EDGE_CURVE('',#2456,#2507,#2530,.T.);
#2530 = SURFACE_CURVE('',#2531,(#2535,#2542),.PCURVE_S1.);
#2531 = LINE('',#2532,#2533);
#2532 = CARTESIAN_POINT('',(-5.003483621091,20.855484102967,0.));
#2533 = VECTOR('',#2534,1.);
#2534 = DIRECTION('',(0.,0.,1.));
#2535 = PCURVE('',#2464,#2536);
#2536 = DEFINITIONAL_REPRESENTATION('',(#2537),#2541);
#2537 = LINE('',#2538,#2539);
#2538 = CARTESIAN_POINT('',(0.,0.));
#2539 = VECTOR('',#2540,1.);
#2540 = DIRECTION('',(0.,1.));
#2541 = ( GEOMETRIC_REPRESENTATION_CONTEXT(2) 
PARAMETRIC_REPRESENTATION_CONTEXT() REPRESENTATION_CONTEXT('2D SPACE',''
  ) );
#2542 = PCURVE('',#2543,#2548);
#2543 = CYLINDRICAL_SURFACE('',#2544,2.);
#2544 = AXIS2_PLACEMENT_3D('',#2545,#2546,#2547);
#2545 = CARTESIAN_POINT('',(-7.003483621091,20.855484102967,0.));
#2546 = DIRECTION('',(0.,0.,1.));
#2547 = DIRECTION('',(-0.318340164595,0.947976550135,0.));
#2548 = DEFINITIONAL_REPRESENTATION('',(#2549),#2553);
#2549 = LINE('',#2550,#2551);
#2550 = CARTESIAN_POINT('',(4.388410933582,0.));
#2551 = VECTOR('',#2552,1.);
#2552 = DIRECTION('',(0.,1.));
#2553 = ( GEOMETRIC_REPRESENTATION_CONTEXT(2) 
PARAMETRIC_REPRESENTATION_CONTEXT() REPRESENTATION_CONTEXT('2D SPACE',''
  ) );
#2554 = ADVANCED_FACE('',(#2555),#2543,.T.);
#2555 = FACE_BOUND('',#2556,.T.);
#2556 = EDGE_LOOP('',(#2557,#2585,#2586,#2610));
#2557 = ORIENTED_EDGE('',*,*,#2558,.F.);
#2558 = EDGE_CURVE('',#2456,#2559,#2561,.T.);
#2559 = VERTEX_POINT('',#2560);
#2560 = CARTESIAN_POINT('',(-6.366803291901,18.959531002697,0.));
#2561 = SURFACE_CURVE('',#2562,(#2567,#2574),.PCURVE_S1.);
#2562 = CIRCLE('',#2563,2.);
#2563 = AXIS2_PLACEMENT_3D('',#2564,#2565,#2566);
#2564 = CARTESIAN_POINT('',(-7.003483621091,20.855484102967,0.));
#2565 = DIRECTION('',(0.,0.,-1.));
#2566 = DIRECTION('',(-0.318340164595,0.947976550135,0.));
#2567 = PCURVE('',#2543,#2568);
#2568 = DEFINITIONAL_REPRESENTATION('',(#2569),#2573);
#2569 = LINE('',#2570,#2571);
#2570 = CARTESIAN_POINT('',(6.28318530718,0.));
#2571 = VECTOR('',#2572,1.);
#2572 = DIRECTION('',(-1.,0.));
#2573 = ( GEOMETRIC_REPRESENTATION_CONTEXT(2) 
PARAMETRIC_REPRESENTATION_CONTEXT() REPRESENTATION_CONTEXT('2D SPACE',''
  ) );
#2574 = PCURVE('',#1316,#2575);
#2575 = DEFINITIONAL_REPRESENTATION('',(#2576),#2584);
#2576 = ( BOUNDED_CURVE() B_SPLINE_CURVE(2,(#2577,#2578,#2579,#2580,
#2581,#2582,#2583),.UNSPECIFIED.,.T.,.F.) B_SPLINE_CURVE_WITH_KNOTS((1,2
    ,2,2,2,1),(-2.094395102393,0.,2.094395102393,4.188790204786,
6.28318530718,8.377580409573),.UNSPECIFIED.) CURVE() 
GEOMETRIC_REPRESENTATION_ITEM() RATIONAL_B_SPLINE_CURVE((1.,0.5,1.,0.5,
1.,0.5,1.)) REPRESENTATION_ITEM('') );
#2577 = CARTESIAN_POINT('',(21.066336130389,22.751437203237));
#2578 = CARTESIAN_POINT('',(24.350223228824,23.854199881574));
#2579 = CARTESIAN_POINT('',(23.663300173392,20.458888892001));
#2580 = CARTESIAN_POINT('',(22.97637711796,17.063577902428));
#2581 = CARTESIAN_POINT('',(20.379413074957,19.356126213664));
#2582 = CARTESIAN_POINT('',(17.782449031955,21.6486745249));
#2583 = CARTESIAN_POINT('',(21.066336130389,22.751437203237));
#2584 = ( GEOMETRIC_REPRESENTATION_CONTEXT(2) 
PARAMETRIC_REPRESENTATION_CONTEXT() REPRESENTATION_CONTEXT('2D SPACE',''
  ) );
#2585 = ORIENTED_EDGE('',*,*,#2529,.T.);
#2586 = ORIENTED_EDGE('',*,*,#2587,.F.);
#2587 = EDGE_CURVE('',#2588,#2507,#2590,.T.);
#2588 = VERTEX_POINT('',#2589);
#2589 = CARTESIAN_POINT('',(-6.366803291901,18.959531002697,2.5));
#2590 = SURFACE_CURVE('',#2591,(#2596,#2603),.PCURVE_S1.);
#2591 = CIRCLE('',#2592,2.);
#2592 = AXIS2_PLACEMENT_3D('',#2593,#2594,#2595);
#2593 = CARTESIAN_POINT('',(-7.003483621091,20.855484102967,2.5));
#2594 = DIRECTION('',(0.,0.,1.));
#2595 = DIRECTION('',(-0.318340164595,0.947976550135,0.));
#2596 = PCURVE('',#2543,#2597);
#2597 = DEFINITIONAL_REPRESENTATION('',(#2598),#2602);
#2598 = LINE('',#2599,#2600);
#2599 = CARTESIAN_POINT('',(4.4E-16,2.5));
#2600 = VECTOR('',#2601,1.);
#2601 = DIRECTION('',(1.,0.));
#2602 = ( GEOMETRIC_REPRESENTATION_CONTEXT(2) 
PARAMETRIC_REPRESENTATION_CONTEXT() REPRESENTATION_CONTEXT('2D SPACE',''
  ) );
#2603 = PCURVE('',#45,#2604);
#2604 = DEFINITIONAL_REPRESENTATION('',(#2605),#2609);
#2605 = CIRCLE('',#2606,2.);
#2606 = AXIS2_PLACEMENT_2D('',#2607,#2608);
#2607 = CARTESIAN_POINT('',(21.70301645958,20.855484102967));
#2608 = DIRECTION('',(-0.318340164595,0.947976550135));
#2609 = ( GEOMETRIC_REPRESENTATION_CONTEXT(2) 
PARAMETRIC_REPRESENTATION_CONTEXT() REPRESENTATION_CONTEXT('2D SPACE',''
  ) );
#2610 = ORIENTED_EDGE('',*,*,#2611,.F.);
#2611 = EDGE_CURVE('',#2559,#2588,#2612,.T.);
#2612 = SURFACE_CURVE('',#2613,(#2617,#2624),.PCURVE_S1.);
#2613 = LINE('',#2614,#2615);
#2614 = CARTESIAN_POINT('',(-6.366803291901,18.959531002697,0.));
#2615 = VECTOR('',#2616,1.);
#2616 = DIRECTION('',(0.,0.,1.));
#2617 = PCURVE('',#2543,#2618);
#2618 = DEFINITIONAL_REPRESENTATION('',(#2619),#2623);
#2619 = LINE('',#2620,#2621);
#2620 = CARTESIAN_POINT('',(3.14159265359,0.));
#2621 = VECTOR('',#2622,1.);
#2622 = DIRECTION('',(0.,1.));
#2623 = ( GEOMETRIC_REPRESENTATION_CONTEXT(2) 
PARAMETRIC_REPRESENTATION_CONTEXT() REPRESENTATION_CONTEXT('2D SPACE',''
  ) );
#2624 = PCURVE('',#2625,#2630);
#2625 = CYLINDRICAL_SURFACE('',#2626,20.);
#2626 = AXIS2_PLACEMENT_3D('',#2627,#2628,#2629);
#2627 = CARTESIAN_POINT('',(0.,0.,0.));
#2628 = DIRECTION('',(0.,0.,1.));
#2629 = DIRECTION('',(-0.318340164595,0.947976550135,0.));
#2630 = DEFINITIONAL_REPRESENTATION('',(#2631),#2635);
#2631 = LINE('',#2632,#2633);
#2632 = CARTESIAN_POINT('',(0.,0.));
#2633 = VECTOR('',#2634,1.);
#2634 = DIRECTION('',(0.,1.));
#2635 = ( GEOMETRIC_REPRESENTATION_CONTEXT(2) 
PARAMETRIC_REPRESENTATION_CONTEXT() REPRESENTATION_CONTEXT('2D SPACE',''
  ) );
#2636 = ADVANCED_FACE('',(#2637),#2625,.F.);
#2637 = FACE_BOUND('',#2638,.F.);
#2638 = EDGE_LOOP('',(#2639,#2669,#2695,#2696));
#2639 = ORIENTED_EDGE('',*,*,#2640,.T.);
#2640 = EDGE_CURVE('',#2641,#2643,#2645,.T.);
#2641 = VERTEX_POINT('',#2642);
#2642 = CARTESIAN_POINT('',(-6.366803291901,-18.95953100269,0.));
#2643 = VERTEX_POINT('',#2644);
#2644 = CARTESIAN_POINT('',(-6.366803291901,-18.95953100269,2.5));
#2645 = SURFACE_CURVE('',#2646,(#2650,#2657),.PCURVE_S1.);
#2646 = LINE('',#2647,#2648);
#2647 = CARTESIAN_POINT('',(-6.366803291901,-18.95953100269,0.));
#2648 = VECTOR('',#2649,1.);
#2649 = DIRECTION('',(0.,0.,1.));
#2650 = PCURVE('',#2625,#2651);
#2651 = DEFINITIONAL_REPRESENTATION('',(#2652),#2656);
#2652 = LINE('',#2653,#2654);
#2653 = CARTESIAN_POINT('',(2.493636559984,0.));
#2654 = VECTOR('',#2655,1.);
#2655 = DIRECTION('',(0.,1.));
#2656 = ( GEOMETRIC_REPRESENTATION_CONTEXT(2) 
PARAMETRIC_REPRESENTATION_CONTEXT() REPRESENTATION_CONTEXT('2D SPACE',''
  ) );
#2657 = PCURVE('',#2658,#2663);
#2658 = CYLINDRICAL_SURFACE('',#2659,2.);
#2659 = AXIS2_PLACEMENT_3D('',#2660,#2661,#2662);
#2660 = CARTESIAN_POINT('',(-7.003483621091,-20.85548410296,0.));
#2661 = DIRECTION('',(0.,0.,1.));
#2662 = DIRECTION('',(-1.,0.,0.));
#2663 = DEFINITIONAL_REPRESENTATION('',(#2664),#2668);
#2664 = LINE('',#2665,#2666);
#2665 = CARTESIAN_POINT('',(4.388410933582,0.));
#2666 = VECTOR('',#2667,1.);
#2667 = DIRECTION('',(0.,1.));
#2668 = ( GEOMETRIC_REPRESENTATION_CONTEXT(2) 
PARAMETRIC_REPRESENTATION_CONTEXT() REPRESENTATION_CONTEXT('2D SPACE',''
  ) );
#2669 = ORIENTED_EDGE('',*,*,#2670,.T.);
#2670 = EDGE_CURVE('',#2643,#2588,#2671,.T.);
#2671 = SURFACE_CURVE('',#2672,(#2677,#2684),.PCURVE_S1.);
#2672 = CIRCLE('',#2673,20.);
#2673 = AXIS2_PLACEMENT_3D('',#2674,#2675,#2676);
#2674 = CARTESIAN_POINT('',(0.,0.,2.5));
#2675 = DIRECTION('',(0.,0.,-1.));
#2676 = DIRECTION('',(-0.318340164595,0.947976550135,0.));
#2677 = PCURVE('',#2625,#2678);
#2678 = DEFINITIONAL_REPRESENTATION('',(#2679),#2683);
#2679 = LINE('',#2680,#2681);
#2680 = CARTESIAN_POINT('',(6.28318530718,2.5));
#2681 = VECTOR('',#2682,1.);
#2682 = DIRECTION('',(-1.,0.));
#2683 = ( GEOMETRIC_REPRESENTATION_CONTEXT(2) 
PARAMETRIC_REPRESENTATION_CONTEXT() REPRESENTATION_CONTEXT('2D SPACE',''
  ) );
#2684 = PCURVE('',#45,#2685);
#2685 = DEFINITIONAL_REPRESENTATION('',(#2686),#2694);
#2686 = ( BOUNDED_CURVE() B_SPLINE_CURVE(2,(#2687,#2688,#2689,#2690,
#2691,#2692,#2693),.UNSPECIFIED.,.T.,.F.) B_SPLINE_CURVE_WITH_KNOTS((1,2
    ,2,2,2,1),(-2.094395102393,0.,2.094395102393,4.188790204786,
6.28318530718,8.377580409573),.UNSPECIFIED.) CURVE() 
GEOMETRIC_REPRESENTATION_ITEM() RATIONAL_B_SPLINE_CURVE((1.,0.5,1.,0.5,
1.,0.5,1.)) REPRESENTATION_ITEM('') );
#2687 = CARTESIAN_POINT('',(22.33969678877,18.959531002697));
#2688 = CARTESIAN_POINT('',(55.178567773119,29.987157786066));
#2689 = CARTESIAN_POINT('',(48.309337218795,-3.965952109664));
#2690 = CARTESIAN_POINT('',(41.440106664472,-37.91906200539));
#2691 = CARTESIAN_POINT('',(15.470466234446,-14.99357889303));
#2692 = CARTESIAN_POINT('',(-10.49917419558,7.931904219329));
#2693 = CARTESIAN_POINT('',(22.33969678877,18.959531002697));
#2694 = ( GEOMETRIC_REPRESENTATION_CONTEXT(2) 
PARAMETRIC_REPRESENTATION_CONTEXT() REPRESENTATION_CONTEXT('2D SPACE',''
  ) );
#2695 = ORIENTED_EDGE('',*,*,#2611,.F.);
#2696 = ORIENTED_EDGE('',*,*,#2697,.T.);
#2697 = EDGE_CURVE('',#2559,#2641,#2698,.T.);
#2698 = SURFACE_CURVE('',#2699,(#2704,#2711),.PCURVE_S1.);
#2699 = CIRCLE('',#2700,20.);
#2700 = AXIS2_PLACEMENT_3D('',#2701,#2702,#2703);
#2701 = CARTESIAN_POINT('',(0.,0.,0.));
#2702 = DIRECTION('',(0.,0.,1.));
#2703 = DIRECTION('',(-0.318340164595,0.947976550135,0.));
#2704 = PCURVE('',#2625,#2705);
#2705 = DEFINITIONAL_REPRESENTATION('',(#2706),#2710);
#2706 = LINE('',#2707,#2708);
#2707 = CARTESIAN_POINT('',(0.,0.));
#2708 = VECTOR('',#2709,1.);
#2709 = DIRECTION('',(1.,0.));
#2710 = ( GEOMETRIC_REPRESENTATION_CONTEXT(2) 
PARAMETRIC_REPRESENTATION_CONTEXT() REPRESENTATION_CONTEXT('2D SPACE',''
  ) );
#2711 = PCURVE('',#1316,#2712);
#2712 = DEFINITIONAL_REPRESENTATION('',(#2713),#2717);
#2713 = CIRCLE('',#2714,20.);
#2714 = AXIS2_PLACEMENT_2D('',#2715,#2716);
#2715 = CARTESIAN_POINT('',(28.70650008067,1.49E-15));
#2716 = DIRECTION('',(-0.318340164595,0.947976550135));
#2717 = ( GEOMETRIC_REPRESENTATION_CONTEXT(2) 
PARAMETRIC_REPRESENTATION_CONTEXT() REPRESENTATION_CONTEXT('2D SPACE',''
  ) );
#2718 = ADVANCED_FACE('',(#2719),#2658,.T.);
#2719 = FACE_BOUND('',#2720,.T.);
#2720 = EDGE_LOOP('',(#2721,#2749,#2750,#2774));
#2721 = ORIENTED_EDGE('',*,*,#2722,.F.);
#2722 = EDGE_CURVE('',#2641,#2723,#2725,.T.);
#2723 = VERTEX_POINT('',#2724);
#2724 = CARTESIAN_POINT('',(-5.003483621091,-20.85548410296,0.));
#2725 = SURFACE_CURVE('',#2726,(#2731,#2738),.PCURVE_S1.);
#2726 = CIRCLE('',#2727,2.);
#2727 = AXIS2_PLACEMENT_3D('',#2728,#2729,#2730);
#2728 = CARTESIAN_POINT('',(-7.003483621091,-20.85548410296,0.));
#2729 = DIRECTION('',(0.,0.,-1.));
#2730 = DIRECTION('',(-1.,0.,0.));
#2731 = PCURVE('',#2658,#2732);
#2732 = DEFINITIONAL_REPRESENTATION('',(#2733),#2737);
#2733 = LINE('',#2734,#2735);
#2734 = CARTESIAN_POINT('',(6.28318530718,0.));
#2735 = VECTOR('',#2736,1.);
#2736 = DIRECTION('',(-1.,0.));
#2737 = ( GEOMETRIC_REPRESENTATION_CONTEXT(2) 
PARAMETRIC_REPRESENTATION_CONTEXT() REPRESENTATION_CONTEXT('2D SPACE',''
  ) );
#2738 = PCURVE('',#1316,#2739);
#2739 = DEFINITIONAL_REPRESENTATION('',(#2740),#2748);
#2740 = ( BOUNDED_CURVE() B_SPLINE_CURVE(2,(#2741,#2742,#2743,#2744,
#2745,#2746,#2747),.UNSPECIFIED.,.T.,.F.) B_SPLINE_CURVE_WITH_KNOTS((1,2
    ,2,2,2,1),(-2.094395102393,0.,2.094395102393,4.188790204786,
6.28318530718,8.377580409573),.UNSPECIFIED.) CURVE() 
GEOMETRIC_REPRESENTATION_ITEM() RATIONAL_B_SPLINE_CURVE((1.,0.5,1.,0.5,
1.,0.5,1.)) REPRESENTATION_ITEM('') );
#2741 = CARTESIAN_POINT('',(19.70301645958,-20.85548410296));
#2742 = CARTESIAN_POINT('',(19.70301645958,-17.39138248782));
#2743 = CARTESIAN_POINT('',(22.70301645958,-19.12343329539));
#2744 = CARTESIAN_POINT('',(25.70301645958,-20.85548410296));
#2745 = CARTESIAN_POINT('',(22.70301645958,-22.58753491053));
#2746 = CARTESIAN_POINT('',(19.70301645958,-24.3195857181));
#2747 = CARTESIAN_POINT('',(19.70301645958,-20.85548410296));
#2748 = ( GEOMETRIC_REPRESENTATION_CONTEXT(2) 
PARAMETRIC_REPRESENTATION_CONTEXT() REPRESENTATION_CONTEXT('2D SPACE',''
  ) );
#2749 = ORIENTED_EDGE('',*,*,#2640,.T.);
#2750 = ORIENTED_EDGE('',*,*,#2751,.F.);
#2751 = EDGE_CURVE('',#2752,#2643,#2754,.T.);
#2752 = VERTEX_POINT('',#2753);
#2753 = CARTESIAN_POINT('',(-5.003483621091,-20.85548410296,2.5));
#2754 = SURFACE_CURVE('',#2755,(#2760,#2767),.PCURVE_S1.);
#2755 = CIRCLE('',#2756,2.);
#2756 = AXIS2_PLACEMENT_3D('',#2757,#2758,#2759);
#2757 = CARTESIAN_POINT('',(-7.003483621091,-20.85548410296,2.5));
#2758 = DIRECTION('',(0.,0.,1.));
#2759 = DIRECTION('',(-1.,0.,0.));
#2760 = PCURVE('',#2658,#2761);
#2761 = DEFINITIONAL_REPRESENTATION('',(#2762),#2766);
#2762 = LINE('',#2763,#2764);
#2763 = CARTESIAN_POINT('',(0.,2.5));
#2764 = VECTOR('',#2765,1.);
#2765 = DIRECTION('',(1.,0.));
#2766 = ( GEOMETRIC_REPRESENTATION_CONTEXT(2) 
PARAMETRIC_REPRESENTATION_CONTEXT() REPRESENTATION_CONTEXT('2D SPACE',''
  ) );
#2767 = PCURVE('',#45,#2768);
#2768 = DEFINITIONAL_REPRESENTATION('',(#2769),#2773);
#2769 = CIRCLE('',#2770,2.);
#2770 = AXIS2_PLACEMENT_2D('',#2771,#2772);
#2771 = CARTESIAN_POINT('',(21.70301645958,-20.85548410296));
#2772 = DIRECTION('',(-1.,0.));
#2773 = ( GEOMETRIC_REPRESENTATION_CONTEXT(2) 
PARAMETRIC_REPRESENTATION_CONTEXT() REPRESENTATION_CONTEXT('2D SPACE',''
  ) );
#2774 = ORIENTED_EDGE('',*,*,#2775,.F.);
#2775 = EDGE_CURVE('',#2723,#2752,#2776,.T.);
#2776 = SURFACE_CURVE('',#2777,(#2781,#2788),.PCURVE_S1.);
#2777 = LINE('',#2778,#2779);
#2778 = CARTESIAN_POINT('',(-5.003483621091,-20.85548410296,0.));
#2779 = VECTOR('',#2780,1.);
#2780 = DIRECTION('',(0.,0.,1.));
#2781 = PCURVE('',#2658,#2782);
#2782 = DEFINITIONAL_REPRESENTATION('',(#2783),#2787);
#2783 = LINE('',#2784,#2785);
#2784 = CARTESIAN_POINT('',(3.14159265359,0.));
#2785 = VECTOR('',#2786,1.);
#2786 = DIRECTION('',(0.,1.));
#2787 = ( GEOMETRIC_REPRESENTATION_CONTEXT(2) 
PARAMETRIC_REPRESENTATION_CONTEXT() REPRESENTATION_CONTEXT('2D SPACE',''
  ) );
#2788 = PCURVE('',#1344,#2789);
#2789 = DEFINITIONAL_REPRESENTATION('',(#2790),#2794);
#2790 = LINE('',#2791,#2792);
#2791 = CARTESIAN_POINT('',(2.644515897033,0.));
#2792 = VECTOR('',#2793,1.);
#2793 = DIRECTION('',(0.,1.));
#2794 = ( GEOMETRIC_REPRESENTATION_CONTEXT(2) 
PARAMETRIC_REPRESENTATION_CONTEXT() REPRESENTATION_CONTEXT('2D SPACE',''
  ) );
#2795 = ADVANCED_FACE('',(#2796),#1344,.T.);
#2796 = FACE_BOUND('',#2797,.T.);
#2797 = EDGE_LOOP('',(#2798,#2819,#2820,#2841));
#2798 = ORIENTED_EDGE('',*,*,#2799,.F.);
#2799 = EDGE_CURVE('',#2723,#1301,#2800,.T.);
#2800 = SURFACE_CURVE('',#2801,(#2805,#2812),.PCURVE_S1.);
#2801 = LINE('',#2802,#2803);
#2802 = CARTESIAN_POINT('',(-5.003483621091,-20.85548410296,0.));
#2803 = VECTOR('',#2804,1.);
#2804 = DIRECTION('',(-2.52E-15,-1.,0.));
#2805 = PCURVE('',#1344,#2806);
#2806 = DEFINITIONAL_REPRESENTATION('',(#2807),#2811);
#2807 = LINE('',#2808,#2809);
#2808 = CARTESIAN_POINT('',(2.644515897033,0.));
#2809 = VECTOR('',#2810,1.);
#2810 = DIRECTION('',(-1.,0.));
#2811 = ( GEOMETRIC_REPRESENTATION_CONTEXT(2) 
PARAMETRIC_REPRESENTATION_CONTEXT() REPRESENTATION_CONTEXT('2D SPACE',''
  ) );
#2812 = PCURVE('',#1316,#2813);
#2813 = DEFINITIONAL_REPRESENTATION('',(#2814),#2818);
#2814 = LINE('',#2815,#2816);
#2815 = CARTESIAN_POINT('',(23.70301645958,-20.85548410296));
#2816 = VECTOR('',#2817,1.);
#2817 = DIRECTION('',(-2.52E-15,-1.));
#2818 = ( GEOMETRIC_REPRESENTATION_CONTEXT(2) 
PARAMETRIC_REPRESENTATION_CONTEXT() REPRESENTATION_CONTEXT('2D SPACE',''
  ) );
#2819 = ORIENTED_EDGE('',*,*,#2775,.T.);
#2820 = ORIENTED_EDGE('',*,*,#2821,.F.);
#2821 = EDGE_CURVE('',#1329,#2752,#2822,.T.);
#2822 = SURFACE_CURVE('',#2823,(#2827,#2834),.PCURVE_S1.);
#2823 = LINE('',#2824,#2825);
#2824 = CARTESIAN_POINT('',(-5.003483621091,-20.85548410296,2.5));
#2825 = VECTOR('',#2826,1.);
#2826 = DIRECTION('',(2.52E-15,1.,0.));
#2827 = PCURVE('',#1344,#2828);
#2828 = DEFINITIONAL_REPRESENTATION('',(#2829),#2833);
#2829 = LINE('',#2830,#2831);
#2830 = CARTESIAN_POINT('',(2.644515897033,2.5));
#2831 = VECTOR('',#2832,1.);
#2832 = DIRECTION('',(1.,0.));
#2833 = ( GEOMETRIC_REPRESENTATION_CONTEXT(2) 
PARAMETRIC_REPRESENTATION_CONTEXT() REPRESENTATION_CONTEXT('2D SPACE',''
  ) );
#2834 = PCURVE('',#45,#2835);
#2835 = DEFINITIONAL_REPRESENTATION('',(#2836),#2840);
#2836 = LINE('',#2837,#2838);
#2837 = CARTESIAN_POINT('',(23.70301645958,-20.85548410296));
#2838 = VECTOR('',#2839,1.);
#2839 = DIRECTION('',(2.52E-15,1.));
#2840 = ( GEOMETRIC_REPRESENTATION_CONTEXT(2) 
PARAMETRIC_REPRESENTATION_CONTEXT() REPRESENTATION_CONTEXT('2D SPACE',''
  ) );
#2841 = ORIENTED_EDGE('',*,*,#1328,.F.);
#2842 = ADVANCED_FACE('',(#2843),#1288,.T.);
#2843 = FACE_BOUND('',#2844,.T.);
#2844 = EDGE_LOOP('',(#2845,#2868,#2869,#2892));
#2845 = ORIENTED_EDGE('',*,*,#2846,.F.);
#2846 = EDGE_CURVE('',#1273,#2847,#2849,.T.);
#2847 = VERTEX_POINT('',#2848);
#2848 = CARTESIAN_POINT('',(-48.,23.5,0.));
#2849 = SURFACE_CURVE('',#2850,(#2854,#2861),.PCURVE_S1.);
#2850 = LINE('',#2851,#2852);
#2851 = CARTESIAN_POINT('',(-48.,-23.5,0.));
#2852 = VECTOR('',#2853,1.);
#2853 = DIRECTION('',(0.,1.,0.));
#2854 = PCURVE('',#1288,#2855);
#2855 = DEFINITIONAL_REPRESENTATION('',(#2856),#2860);
#2856 = LINE('',#2857,#2858);
#2857 = CARTESIAN_POINT('',(47.,0.));
#2858 = VECTOR('',#2859,1.);
#2859 = DIRECTION('',(-1.,0.));
#2860 = ( GEOMETRIC_REPRESENTATION_CONTEXT(2) 
PARAMETRIC_REPRESENTATION_CONTEXT() REPRESENTATION_CONTEXT('2D SPACE',''
  ) );
#2861 = PCURVE('',#1316,#2862);
#2862 = DEFINITIONAL_REPRESENTATION('',(#2863),#2867);
#2863 = LINE('',#2864,#2865);
#2864 = CARTESIAN_POINT('',(-19.29349991933,-23.5));
#2865 = VECTOR('',#2866,1.);
#2866 = DIRECTION('',(0.,1.));
#2867 = ( GEOMETRIC_REPRESENTATION_CONTEXT(2) 
PARAMETRIC_REPRESENTATION_CONTEXT() REPRESENTATION_CONTEXT('2D SPACE',''
  ) );
#2868 = ORIENTED_EDGE('',*,*,#1272,.T.);
#2869 = ORIENTED_EDGE('',*,*,#2870,.F.);
#2870 = EDGE_CURVE('',#2871,#1250,#2873,.T.);
#2871 = VERTEX_POINT('',#2872);
#2872 = CARTESIAN_POINT('',(-48.,23.5,2.5));
#2873 = SURFACE_CURVE('',#2874,(#2878,#2885),.PCURVE_S1.);
#2874 = LINE('',#2875,#2876);
#2875 = CARTESIAN_POINT('',(-48.,-23.5,2.5));
#2876 = VECTOR('',#2877,1.);
#2877 = DIRECTION('',(0.,-1.,0.));
#2878 = PCURVE('',#1288,#2879);
#2879 = DEFINITIONAL_REPRESENTATION('',(#2880),#2884);
#2880 = LINE('',#2881,#2882);
#2881 = CARTESIAN_POINT('',(47.,2.5));
#2882 = VECTOR('',#2883,1.);
#2883 = DIRECTION('',(1.,0.));
#2884 = ( GEOMETRIC_REPRESENTATION_CONTEXT(2) 
PARAMETRIC_REPRESENTATION_CONTEXT() REPRESENTATION_CONTEXT('2D SPACE',''
  ) );
#2885 = PCURVE('',#45,#2886);
#2886 = DEFINITIONAL_REPRESENTATION('',(#2887),#2891);
#2887 = LINE('',#2888,#2889);
#2888 = CARTESIAN_POINT('',(-19.29349991933,-23.5));
#2889 = VECTOR('',#2890,1.);
#2890 = DIRECTION('',(0.,-1.));
#2891 = ( GEOMETRIC_REPRESENTATION_CONTEXT(2) 
PARAMETRIC_REPRESENTATION_CONTEXT() REPRESENTATION_CONTEXT('2D SPACE',''
  ) );
#2892 = ORIENTED_EDGE('',*,*,#2893,.F.);
#2893 = EDGE_CURVE('',#2847,#2871,#2894,.T.);
#2894 = SURFACE_CURVE('',#2895,(#2899,#2906),.PCURVE_S1.);
#2895 = LINE('',#2896,#2897);
#2896 = CARTESIAN_POINT('',(-48.,23.5,0.));
#2897 = VECTOR('',#2898,1.);
#2898 = DIRECTION('',(0.,0.,1.));
#2899 = PCURVE('',#1288,#2900);
#2900 = DEFINITIONAL_REPRESENTATION('',(#2901),#2905);
#2901 = LINE('',#2902,#2903);
#2902 = CARTESIAN_POINT('',(0.,0.));
#2903 = VECTOR('',#2904,1.);
#2904 = DIRECTION('',(0.,1.));
#2905 = ( GEOMETRIC_REPRESENTATION_CONTEXT(2) 
PARAMETRIC_REPRESENTATION_CONTEXT() REPRESENTATION_CONTEXT('2D SPACE',''
  ) );
#2906 = PCURVE('',#2027,#2907);
#2907 = DEFINITIONAL_REPRESENTATION('',(#2908),#2912);
#2908 = LINE('',#2909,#2910);
#2909 = CARTESIAN_POINT('',(42.996516378909,0.));
#2910 = VECTOR('',#2911,1.);
#2911 = DIRECTION('',(0.,1.));
#2912 = ( GEOMETRIC_REPRESENTATION_CONTEXT(2) 
PARAMETRIC_REPRESENTATION_CONTEXT() REPRESENTATION_CONTEXT('2D SPACE',''
  ) );
#2913 = ADVANCED_FACE('',(#2914,#2984),#2027,.T.);
#2914 = FACE_BOUND('',#2915,.T.);
#2915 = EDGE_LOOP('',(#2916,#2917,#2918,#2939,#2940,#2961,#2962,#2983));
#2916 = ORIENTED_EDGE('',*,*,#2013,.F.);
#2917 = ORIENTED_EDGE('',*,*,#2345,.F.);
#2918 = ORIENTED_EDGE('',*,*,#2919,.F.);
#2919 = EDGE_CURVE('',#2484,#2318,#2920,.T.);
#2920 = SURFACE_CURVE('',#2921,(#2925,#2932),.PCURVE_S1.);
#2921 = LINE('',#2922,#2923);
#2922 = CARTESIAN_POINT('',(-48.,23.5,2.5));
#2923 = VECTOR('',#2924,1.);
#2924 = DIRECTION('',(-1.,0.,0.));
#2925 = PCURVE('',#2027,#2926);
#2926 = DEFINITIONAL_REPRESENTATION('',(#2927),#2931);
#2927 = LINE('',#2928,#2929);
#2928 = CARTESIAN_POINT('',(42.996516378909,2.5));
#2929 = VECTOR('',#2930,1.);
#2930 = DIRECTION('',(1.,0.));
#2931 = ( GEOMETRIC_REPRESENTATION_CONTEXT(2) 
PARAMETRIC_REPRESENTATION_CONTEXT() REPRESENTATION_CONTEXT('2D SPACE',''
  ) );
#2932 = PCURVE('',#45,#2933);
#2933 = DEFINITIONAL_REPRESENTATION('',(#2934),#2938);
#2934 = LINE('',#2935,#2936);
#2935 = CARTESIAN_POINT('',(-19.29349991933,23.5));
#2936 = VECTOR('',#2937,1.);
#2937 = DIRECTION('',(-1.,0.));
#2938 = ( GEOMETRIC_REPRESENTATION_CONTEXT(2) 
PARAMETRIC_REPRESENTATION_CONTEXT() REPRESENTATION_CONTEXT('2D SPACE',''
  ) );
#2939 = ORIENTED_EDGE('',*,*,#2483,.F.);
#2940 = ORIENTED_EDGE('',*,*,#2941,.F.);
#2941 = EDGE_CURVE('',#2847,#2454,#2942,.T.);
#2942 = SURFACE_CURVE('',#2943,(#2947,#2954),.PCURVE_S1.);
#2943 = LINE('',#2944,#2945);
#2944 = CARTESIAN_POINT('',(-48.,23.5,0.));
#2945 = VECTOR('',#2946,1.);
#2946 = DIRECTION('',(1.,0.,0.));
#2947 = PCURVE('',#2027,#2948);
#2948 = DEFINITIONAL_REPRESENTATION('',(#2949),#2953);
#2949 = LINE('',#2950,#2951);
#2950 = CARTESIAN_POINT('',(42.996516378909,0.));
#2951 = VECTOR('',#2952,1.);
#2952 = DIRECTION('',(-1.,0.));
#2953 = ( GEOMETRIC_REPRESENTATION_CONTEXT(2) 
PARAMETRIC_REPRESENTATION_CONTEXT() REPRESENTATION_CONTEXT('2D SPACE',''
  ) );
#2954 = PCURVE('',#1316,#2955);
#2955 = DEFINITIONAL_REPRESENTATION('',(#2956),#2960);
#2956 = LINE('',#2957,#2958);
#2957 = CARTESIAN_POINT('',(-19.29349991933,23.5));
#2958 = VECTOR('',#2959,1.);
#2959 = DIRECTION('',(1.,0.));
#2960 = ( GEOMETRIC_REPRESENTATION_CONTEXT(2) 
PARAMETRIC_REPRESENTATION_CONTEXT() REPRESENTATION_CONTEXT('2D SPACE',''
  ) );
#2961 = ORIENTED_EDGE('',*,*,#2893,.T.);
#2962 = ORIENTED_EDGE('',*,*,#2963,.F.);
#2963 = EDGE_CURVE('',#2150,#2871,#2964,.T.);
#2964 = SURFACE_CURVE('',#2965,(#2969,#2976),.PCURVE_S1.);
#2965 = LINE('',#2966,#2967);
#2966 = CARTESIAN_POINT('',(-48.,23.5,2.5));
#2967 = VECTOR('',#2968,1.);
#2968 = DIRECTION('',(-1.,0.,0.));
#2969 = PCURVE('',#2027,#2970);
#2970 = DEFINITIONAL_REPRESENTATION('',(#2971),#2975);
#2971 = LINE('',#2972,#2973);
#2972 = CARTESIAN_POINT('',(42.996516378909,2.5));
#2973 = VECTOR('',#2974,1.);
#2974 = DIRECTION('',(1.,0.));
#2975 = ( GEOMETRIC_REPRESENTATION_CONTEXT(2) 
PARAMETRIC_REPRESENTATION_CONTEXT() REPRESENTATION_CONTEXT('2D SPACE',''
  ) );
#2976 = PCURVE('',#45,#2977);
#2977 = DEFINITIONAL_REPRESENTATION('',(#2978),#2982);
#2978 = LINE('',#2979,#2980);
#2979 = CARTESIAN_POINT('',(-19.29349991933,23.5));
#2980 = VECTOR('',#2981,1.);
#2981 = DIRECTION('',(-1.,0.));
#2982 = ( GEOMETRIC_REPRESENTATION_CONTEXT(2) 
PARAMETRIC_REPRESENTATION_CONTEXT() REPRESENTATION_CONTEXT('2D SPACE',''
  ) );
#2983 = ORIENTED_EDGE('',*,*,#2149,.T.);
#2984 = FACE_BOUND('',#2985,.T.);
#2985 = EDGE_LOOP('',(#2986));
#2986 = ORIENTED_EDGE('',*,*,#2285,.T.);
#2987 = ADVANCED_FACE('',(#2988),#1316,.F.);
#2988 = FACE_BOUND('',#2989,.T.);
#2989 = EDGE_LOOP('',(#2990,#2991,#2992,#2993,#2994,#2995,#2996,#2997));
#2990 = ORIENTED_EDGE('',*,*,#2941,.T.);
#2991 = ORIENTED_EDGE('',*,*,#2453,.T.);
#2992 = ORIENTED_EDGE('',*,*,#2558,.T.);
#2993 = ORIENTED_EDGE('',*,*,#2697,.T.);
#2994 = ORIENTED_EDGE('',*,*,#2722,.T.);
#2995 = ORIENTED_EDGE('',*,*,#2799,.T.);
#2996 = ORIENTED_EDGE('',*,*,#1300,.T.);
#2997 = ORIENTED_EDGE('',*,*,#2846,.T.);
#2998 = ADVANCED_FACE('',(#2999,#3005,#3011),#45,.T.);
#2999 = FACE_BOUND('',#3000,.T.);
#3000 = EDGE_LOOP('',(#3001,#3002,#3003,#3004));
#3001 = ORIENTED_EDGE('',*,*,#21,.T.);
#3002 = ORIENTED_EDGE('',*,*,#147,.T.);
#3003 = ORIENTED_EDGE('',*,*,#223,.T.);
#3004 = ORIENTED_EDGE('',*,*,#300,.T.);
#3005 = FACE_BOUND('',#3006,.T.);
#3006 = EDGE_LOOP('',(#3007,#3008,#3009,#3010));
#3007 = ORIENTED_EDGE('',*,*,#354,.T.);
#3008 = ORIENTED_EDGE('',*,*,#475,.T.);
#3009 = ORIENTED_EDGE('',*,*,#551,.T.);
#3010 = ORIENTED_EDGE('',*,*,#628,.T.);
#3011 = FACE_BOUND('',#3012,.T.);
#3012 = EDGE_LOOP('',(#3013,#3014,#3015,#3016,#3017,#3018,#3019,#3020,
    #3021,#3022,#3023,#3024,#3025,#3026,#3027,#3028));
#3013 = ORIENTED_EDGE('',*,*,#2172,.T.);
#3014 = ORIENTED_EDGE('',*,*,#2963,.T.);
#3015 = ORIENTED_EDGE('',*,*,#2870,.T.);
#3016 = ORIENTED_EDGE('',*,*,#1249,.T.);
#3017 = ORIENTED_EDGE('',*,*,#1462,.T.);
#3018 = ORIENTED_EDGE('',*,*,#2393,.T.);
#3019 = ORIENTED_EDGE('',*,*,#2423,.T.);
#3020 = ORIENTED_EDGE('',*,*,#1356,.T.);
#3021 = ORIENTED_EDGE('',*,*,#2821,.T.);
#3022 = ORIENTED_EDGE('',*,*,#2751,.T.);
#3023 = ORIENTED_EDGE('',*,*,#2670,.T.);
#3024 = ORIENTED_EDGE('',*,*,#2587,.T.);
#3025 = ORIENTED_EDGE('',*,*,#2506,.T.);
#3026 = ORIENTED_EDGE('',*,*,#2919,.T.);
#3027 = ORIENTED_EDGE('',*,*,#2317,.T.);
#3028 = ORIENTED_EDGE('',*,*,#2066,.T.);
#3029 = ( GEOMETRIC_REPRESENTATION_CONTEXT(3) 
GLOBAL_UNCERTAINTY_ASSIGNED_CONTEXT((#3033)) 
GLOBAL_UNIT_ASSIGNED_CONTEXT((#3030,#3031,#3032)) REPRESENTATION_CONTEXT
('Context #1','3D Context with UNIT and UNCERTAINTY') );
#3030 = ( LENGTH_UNIT() NAMED_UNIT(*) SI_UNIT(.MILLI.,.METRE.) );
#3031 = ( NAMED_UNIT(*) PLANE_ANGLE_UNIT() SI_UNIT($,.RADIAN.) );
#3032 = ( NAMED_UNIT(*) SI_UNIT($,.STERADIAN.) SOLID_ANGLE_UNIT() );
#3033 = UNCERTAINTY_MEASURE_WITH_UNIT(LENGTH_MEASURE(5.E-07),#3030,
  'distance_accuracy_value','confusion accuracy');
#3034 = PRODUCT_RELATED_PRODUCT_CATEGORY('part',$,(#7));
#3035 = MECHANICAL_DESIGN_GEOMETRIC_PRESENTATION_REPRESENTATION('',(
    #3036),#3029);
#3036 = STYLED_ITEM('color',(#3037),#15);
#3037 = PRESENTATION_STYLE_ASSIGNMENT((#3038,#3044));
#3038 = SURFACE_STYLE_USAGE(.BOTH.,#3039);
#3039 = SURFACE_SIDE_STYLE('',(#3040));
#3040 = SURFACE_STYLE_FILL_AREA(#3041);
#3041 = FILL_AREA_STYLE('',(#3042));
#3042 = FILL_AREA_STYLE_COLOUR('',#3043);
#3043 = COLOUR_RGB('',0.737254912529,0.313725504135,0.184313727102);
#3044 = CURVE_STYLE('',#3045,POSITIVE_LENGTH_MEASURE(0.1),#3046);
#3045 = DRAUGHTING_PRE_DEFINED_CURVE_FONT('continuous');
#3046 = COLOUR_RGB('',9.803921802644E-02,9.803921802644E-02,
  9.803921802644E-02);
ENDSEC;
END-ISO-10303-21;
