ISO-10303-21;
HEADER;
FILE_DESCRIPTION(('FreeCAD Model'),'2;1');
FILE_NAME('Open CASCADE Shape Model','2026-05-25T15:17:43',('Author'),(
    ''),'Open CASCADE STEP processor 7.8','FreeCAD','Unknown');
FILE_SCHEMA(('AUTOMOTIVE_DESIGN { 1 0 10303 214 1 1 1 1 }'));
ENDSEC;
DATA;
#1 = APPLICATION_PROTOCOL_DEFINITION('international standard',
  'automotive_design',2000,#2);
#2 = APPLICATION_CONTEXT(
  'core data for automotive mechanical design processes');
#3 = SHAPE_DEFINITION_REPRESENTATION(#4,#10);
#4 = PRODUCT_DEFINITION_SHAPE('','',#5);
#5 = PRODUCT_DEFINITION('design','',#6,#9);
#6 = PRODUCT_DEFINITION_FORMATION('','',#7);
#7 = PRODUCT('Sevo_mg996r','Sevo_mg996r','',(#8));
#8 = PRODUCT_CONTEXT('',#2,'mechanical');
#9 = PRODUCT_DEFINITION_CONTEXT('part definition',#2,'design');
#10 = ADVANCED_BREP_SHAPE_REPRESENTATION('',(#11,#15),#4465);
#11 = AXIS2_PLACEMENT_3D('',#12,#13,#14);
#12 = CARTESIAN_POINT('',(0.,0.,0.));
#13 = DIRECTION('',(0.,0.,1.));
#14 = DIRECTION('',(1.,0.,-0.));
#15 = MANIFOLD_SOLID_BREP('',#16);
#16 = CLOSED_SHELL('',(#17,#137,#213,#284,#331,#338,#429,#433,#519,#526,
    #646,#751,#804,#924,#1006,#1082,#1192,#1274,#1345,#1450,#1532,#1608,
    #1832,#1881,#1908,#2122,#2171,#2220,#2716,#3002,#3104,#3152,#3159,
    #3209,#3236,#3286,#3372,#3448,#3475,#3529,#3615,#3697,#3773,#3844,
    #3925,#3932,#4048,#4124,#4201,#4248,#4264,#4341,#4390,#4445,#4452));
#17 = ADVANCED_FACE('',(#18),#32,.F.);
#18 = FACE_BOUND('',#19,.T.);
#19 = EDGE_LOOP('',(#20,#55,#83,#111));
#20 = ORIENTED_EDGE('',*,*,#21,.F.);
#21 = EDGE_CURVE('',#22,#24,#26,.T.);
#22 = VERTEX_POINT('',#23);
#23 = CARTESIAN_POINT('',(-8.,-22.80636749988,2.5));
#24 = VERTEX_POINT('',#25);
#25 = CARTESIAN_POINT('',(-8.,-13.43234518847,2.5));
#26 = SURFACE_CURVE('',#27,(#31,#43),.PCURVE_S1.);
#27 = LINE('',#28,#29);
#28 = CARTESIAN_POINT('',(-8.,-16.40318374994,2.5));
#29 = VECTOR('',#30,1.);
#30 = DIRECTION('',(2.4E-16,1.,0.));
#31 = PCURVE('',#32,#37);
#32 = PLANE('',#33);
#33 = AXIS2_PLACEMENT_3D('',#34,#35,#36);
#34 = CARTESIAN_POINT('',(-8.,-22.80636749988,2.5));
#35 = DIRECTION('',(-1.,2.4E-16,0.));
#36 = DIRECTION('',(2.4E-16,1.,0.));
#37 = DEFINITIONAL_REPRESENTATION('',(#38),#42);
#38 = LINE('',#39,#40);
#39 = CARTESIAN_POINT('',(6.403183749944,0.));
#40 = VECTOR('',#41,1.);
#41 = DIRECTION('',(1.,0.));
#42 = ( GEOMETRIC_REPRESENTATION_CONTEXT(2) 
PARAMETRIC_REPRESENTATION_CONTEXT() REPRESENTATION_CONTEXT('2D SPACE',''
  ) );
#43 = PCURVE('',#44,#49);
#44 = PLANE('',#45);
#45 = AXIS2_PLACEMENT_3D('',#46,#47,#48);
#46 = CARTESIAN_POINT('',(2.2E-16,-10.,2.5));
#47 = DIRECTION('',(0.,0.,1.));
#48 = DIRECTION('',(1.,0.,-0.));
#49 = DEFINITIONAL_REPRESENTATION('',(#50),#54);
#50 = LINE('',#51,#52);
#51 = CARTESIAN_POINT('',(-8.,-6.403183749944));
#52 = VECTOR('',#53,1.);
#53 = DIRECTION('',(2.4E-16,1.));
#54 = ( GEOMETRIC_REPRESENTATION_CONTEXT(2) 
PARAMETRIC_REPRESENTATION_CONTEXT() REPRESENTATION_CONTEXT('2D SPACE',''
  ) );
#55 = ORIENTED_EDGE('',*,*,#56,.T.);
#56 = EDGE_CURVE('',#22,#57,#59,.T.);
#57 = VERTEX_POINT('',#58);
#58 = CARTESIAN_POINT('',(-8.,-22.80636749988,2.));
#59 = SURFACE_CURVE('',#60,(#64,#71),.PCURVE_S1.);
#60 = LINE('',#61,#62);
#61 = CARTESIAN_POINT('',(-8.,-22.80636749988,2.5));
#62 = VECTOR('',#63,1.);
#63 = DIRECTION('',(0.,0.,-1.));
#64 = PCURVE('',#32,#65);
#65 = DEFINITIONAL_REPRESENTATION('',(#66),#70);
#66 = LINE('',#67,#68);
#67 = CARTESIAN_POINT('',(0.,0.));
#68 = VECTOR('',#69,1.);
#69 = DIRECTION('',(0.,1.));
#70 = ( GEOMETRIC_REPRESENTATION_CONTEXT(2) 
PARAMETRIC_REPRESENTATION_CONTEXT() REPRESENTATION_CONTEXT('2D SPACE',''
  ) );
#71 = PCURVE('',#72,#77);
#72 = PLANE('',#73);
#73 = AXIS2_PLACEMENT_3D('',#74,#75,#76);
#74 = CARTESIAN_POINT('',(8.,-22.80636749988,2.5));
#75 = DIRECTION('',(0.,-1.,0.));
#76 = DIRECTION('',(-1.,0.,0.));
#77 = DEFINITIONAL_REPRESENTATION('',(#78),#82);
#78 = LINE('',#79,#80);
#79 = CARTESIAN_POINT('',(16.,0.));
#80 = VECTOR('',#81,1.);
#81 = DIRECTION('',(0.,1.));
#82 = ( GEOMETRIC_REPRESENTATION_CONTEXT(2) 
PARAMETRIC_REPRESENTATION_CONTEXT() REPRESENTATION_CONTEXT('2D SPACE',''
  ) );
#83 = ORIENTED_EDGE('',*,*,#84,.T.);
#84 = EDGE_CURVE('',#57,#85,#87,.T.);
#85 = VERTEX_POINT('',#86);
#86 = CARTESIAN_POINT('',(-8.,-13.43234518847,2.));
#87 = SURFACE_CURVE('',#88,(#92,#99),.PCURVE_S1.);
#88 = LINE('',#89,#90);
#89 = CARTESIAN_POINT('',(-8.,-22.80636749988,2.));
#90 = VECTOR('',#91,1.);
#91 = DIRECTION('',(2.4E-16,1.,0.));
#92 = PCURVE('',#32,#93);
#93 = DEFINITIONAL_REPRESENTATION('',(#94),#98);
#94 = LINE('',#95,#96);
#95 = CARTESIAN_POINT('',(0.,0.5));
#96 = VECTOR('',#97,1.);
#97 = DIRECTION('',(1.,0.));
#98 = ( GEOMETRIC_REPRESENTATION_CONTEXT(2) 
PARAMETRIC_REPRESENTATION_CONTEXT() REPRESENTATION_CONTEXT('2D SPACE',''
  ) );
#99 = PCURVE('',#100,#105);
#100 = PLANE('',#101);
#101 = AXIS2_PLACEMENT_3D('',#102,#103,#104);
#102 = CARTESIAN_POINT('',(0.,-18.11935634418,2.));
#103 = DIRECTION('',(0.,0.,-1.));
#104 = DIRECTION('',(-1.,0.,0.));
#105 = DEFINITIONAL_REPRESENTATION('',(#106),#110);
#106 = LINE('',#107,#108);
#107 = CARTESIAN_POINT('',(8.,-4.687011155709));
#108 = VECTOR('',#109,1.);
#109 = DIRECTION('',(-2.4E-16,1.));
#110 = ( GEOMETRIC_REPRESENTATION_CONTEXT(2) 
PARAMETRIC_REPRESENTATION_CONTEXT() REPRESENTATION_CONTEXT('2D SPACE',''
  ) );
#111 = ORIENTED_EDGE('',*,*,#112,.F.);
#112 = EDGE_CURVE('',#24,#85,#113,.T.);
#113 = SURFACE_CURVE('',#114,(#118,#125),.PCURVE_S1.);
#114 = LINE('',#115,#116);
#115 = CARTESIAN_POINT('',(-8.,-13.43234518847,2.5));
#116 = VECTOR('',#117,1.);
#117 = DIRECTION('',(0.,0.,-1.));
#118 = PCURVE('',#32,#119);
#119 = DEFINITIONAL_REPRESENTATION('',(#120),#124);
#120 = LINE('',#121,#122);
#121 = CARTESIAN_POINT('',(9.374022311418,0.));
#122 = VECTOR('',#123,1.);
#123 = DIRECTION('',(0.,1.));
#124 = ( GEOMETRIC_REPRESENTATION_CONTEXT(2) 
PARAMETRIC_REPRESENTATION_CONTEXT() REPRESENTATION_CONTEXT('2D SPACE',''
  ) );
#125 = PCURVE('',#126,#131);
#126 = PLANE('',#127);
#127 = AXIS2_PLACEMENT_3D('',#128,#129,#130);
#128 = CARTESIAN_POINT('',(-8.,-13.43234518847,2.5));
#129 = DIRECTION('',(0.,1.,0.));
#130 = DIRECTION('',(1.,0.,0.));
#131 = DEFINITIONAL_REPRESENTATION('',(#132),#136);
#132 = LINE('',#133,#134);
#133 = CARTESIAN_POINT('',(0.,0.));
#134 = VECTOR('',#135,1.);
#135 = DIRECTION('',(0.,1.));
#136 = ( GEOMETRIC_REPRESENTATION_CONTEXT(2) 
PARAMETRIC_REPRESENTATION_CONTEXT() REPRESENTATION_CONTEXT('2D SPACE',''
  ) );
#137 = ADVANCED_FACE('',(#138),#72,.F.);
#138 = FACE_BOUND('',#139,.T.);
#139 = EDGE_LOOP('',(#140,#163,#191,#212));
#140 = ORIENTED_EDGE('',*,*,#141,.F.);
#141 = EDGE_CURVE('',#142,#22,#144,.T.);
#142 = VERTEX_POINT('',#143);
#143 = CARTESIAN_POINT('',(8.,-22.80636749988,2.5));
#144 = SURFACE_CURVE('',#145,(#149,#156),.PCURVE_S1.);
#145 = LINE('',#146,#147);
#146 = CARTESIAN_POINT('',(4.,-22.80636749988,2.5));
#147 = VECTOR('',#148,1.);
#148 = DIRECTION('',(-1.,0.,0.));
#149 = PCURVE('',#72,#150);
#150 = DEFINITIONAL_REPRESENTATION('',(#151),#155);
#151 = LINE('',#152,#153);
#152 = CARTESIAN_POINT('',(4.,0.));
#153 = VECTOR('',#154,1.);
#154 = DIRECTION('',(1.,0.));
#155 = ( GEOMETRIC_REPRESENTATION_CONTEXT(2) 
PARAMETRIC_REPRESENTATION_CONTEXT() REPRESENTATION_CONTEXT('2D SPACE',''
  ) );
#156 = PCURVE('',#44,#157);
#157 = DEFINITIONAL_REPRESENTATION('',(#158),#162);
#158 = LINE('',#159,#160);
#159 = CARTESIAN_POINT('',(4.,-12.80636749988));
#160 = VECTOR('',#161,1.);
#161 = DIRECTION('',(-1.,0.));
#162 = ( GEOMETRIC_REPRESENTATION_CONTEXT(2) 
PARAMETRIC_REPRESENTATION_CONTEXT() REPRESENTATION_CONTEXT('2D SPACE',''
  ) );
#163 = ORIENTED_EDGE('',*,*,#164,.T.);
#164 = EDGE_CURVE('',#142,#165,#167,.T.);
#165 = VERTEX_POINT('',#166);
#166 = CARTESIAN_POINT('',(8.,-22.80636749988,2.));
#167 = SURFACE_CURVE('',#168,(#172,#179),.PCURVE_S1.);
#168 = LINE('',#169,#170);
#169 = CARTESIAN_POINT('',(8.,-22.80636749988,2.5));
#170 = VECTOR('',#171,1.);
#171 = DIRECTION('',(0.,0.,-1.));
#172 = PCURVE('',#72,#173);
#173 = DEFINITIONAL_REPRESENTATION('',(#174),#178);
#174 = LINE('',#175,#176);
#175 = CARTESIAN_POINT('',(0.,-0.));
#176 = VECTOR('',#177,1.);
#177 = DIRECTION('',(0.,1.));
#178 = ( GEOMETRIC_REPRESENTATION_CONTEXT(2) 
PARAMETRIC_REPRESENTATION_CONTEXT() REPRESENTATION_CONTEXT('2D SPACE',''
  ) );
#179 = PCURVE('',#180,#185);
#180 = PLANE('',#181);
#181 = AXIS2_PLACEMENT_3D('',#182,#183,#184);
#182 = CARTESIAN_POINT('',(8.,-13.43234518847,2.5));
#183 = DIRECTION('',(1.,2.4E-16,0.));
#184 = DIRECTION('',(2.4E-16,-1.,0.));
#185 = DEFINITIONAL_REPRESENTATION('',(#186),#190);
#186 = LINE('',#187,#188);
#187 = CARTESIAN_POINT('',(9.374022311418,0.));
#188 = VECTOR('',#189,1.);
#189 = DIRECTION('',(0.,1.));
#190 = ( GEOMETRIC_REPRESENTATION_CONTEXT(2) 
PARAMETRIC_REPRESENTATION_CONTEXT() REPRESENTATION_CONTEXT('2D SPACE',''
  ) );
#191 = ORIENTED_EDGE('',*,*,#192,.T.);
#192 = EDGE_CURVE('',#165,#57,#193,.T.);
#193 = SURFACE_CURVE('',#194,(#198,#205),.PCURVE_S1.);
#194 = LINE('',#195,#196);
#195 = CARTESIAN_POINT('',(8.,-22.80636749988,2.));
#196 = VECTOR('',#197,1.);
#197 = DIRECTION('',(-1.,0.,0.));
#198 = PCURVE('',#72,#199);
#199 = DEFINITIONAL_REPRESENTATION('',(#200),#204);
#200 = LINE('',#201,#202);
#201 = CARTESIAN_POINT('',(0.,0.5));
#202 = VECTOR('',#203,1.);
#203 = DIRECTION('',(1.,0.));
#204 = ( GEOMETRIC_REPRESENTATION_CONTEXT(2) 
PARAMETRIC_REPRESENTATION_CONTEXT() REPRESENTATION_CONTEXT('2D SPACE',''
  ) );
#205 = PCURVE('',#100,#206);
#206 = DEFINITIONAL_REPRESENTATION('',(#207),#211);
#207 = LINE('',#208,#209);
#208 = CARTESIAN_POINT('',(-8.,-4.687011155709));
#209 = VECTOR('',#210,1.);
#210 = DIRECTION('',(1.,0.));
#211 = ( GEOMETRIC_REPRESENTATION_CONTEXT(2) 
PARAMETRIC_REPRESENTATION_CONTEXT() REPRESENTATION_CONTEXT('2D SPACE',''
  ) );
#212 = ORIENTED_EDGE('',*,*,#56,.F.);
#213 = ADVANCED_FACE('',(#214),#180,.F.);
#214 = FACE_BOUND('',#215,.T.);
#215 = EDGE_LOOP('',(#216,#239,#262,#283));
#216 = ORIENTED_EDGE('',*,*,#217,.F.);
#217 = EDGE_CURVE('',#218,#142,#220,.T.);
#218 = VERTEX_POINT('',#219);
#219 = CARTESIAN_POINT('',(8.,-13.43234518847,2.5));
#220 = SURFACE_CURVE('',#221,(#225,#232),.PCURVE_S1.);
#221 = LINE('',#222,#223);
#222 = CARTESIAN_POINT('',(8.,-11.71617259423,2.5));
#223 = VECTOR('',#224,1.);
#224 = DIRECTION('',(2.4E-16,-1.,0.));
#225 = PCURVE('',#180,#226);
#226 = DEFINITIONAL_REPRESENTATION('',(#227),#231);
#227 = LINE('',#228,#229);
#228 = CARTESIAN_POINT('',(-1.716172594235,0.));
#229 = VECTOR('',#230,1.);
#230 = DIRECTION('',(1.,0.));
#231 = ( GEOMETRIC_REPRESENTATION_CONTEXT(2) 
PARAMETRIC_REPRESENTATION_CONTEXT() REPRESENTATION_CONTEXT('2D SPACE',''
  ) );
#232 = PCURVE('',#44,#233);
#233 = DEFINITIONAL_REPRESENTATION('',(#234),#238);
#234 = LINE('',#235,#236);
#235 = CARTESIAN_POINT('',(8.,-1.716172594235));
#236 = VECTOR('',#237,1.);
#237 = DIRECTION('',(2.4E-16,-1.));
#238 = ( GEOMETRIC_REPRESENTATION_CONTEXT(2) 
PARAMETRIC_REPRESENTATION_CONTEXT() REPRESENTATION_CONTEXT('2D SPACE',''
  ) );
#239 = ORIENTED_EDGE('',*,*,#240,.T.);
#240 = EDGE_CURVE('',#218,#241,#243,.T.);
#241 = VERTEX_POINT('',#242);
#242 = CARTESIAN_POINT('',(8.,-13.43234518847,2.));
#243 = SURFACE_CURVE('',#244,(#248,#255),.PCURVE_S1.);
#244 = LINE('',#245,#246);
#245 = CARTESIAN_POINT('',(8.,-13.43234518847,2.5));
#246 = VECTOR('',#247,1.);
#247 = DIRECTION('',(0.,0.,-1.));
#248 = PCURVE('',#180,#249);
#249 = DEFINITIONAL_REPRESENTATION('',(#250),#254);
#250 = LINE('',#251,#252);
#251 = CARTESIAN_POINT('',(0.,0.));
#252 = VECTOR('',#253,1.);
#253 = DIRECTION('',(0.,1.));
#254 = ( GEOMETRIC_REPRESENTATION_CONTEXT(2) 
PARAMETRIC_REPRESENTATION_CONTEXT() REPRESENTATION_CONTEXT('2D SPACE',''
  ) );
#255 = PCURVE('',#126,#256);
#256 = DEFINITIONAL_REPRESENTATION('',(#257),#261);
#257 = LINE('',#258,#259);
#258 = CARTESIAN_POINT('',(16.,0.));
#259 = VECTOR('',#260,1.);
#260 = DIRECTION('',(0.,1.));
#261 = ( GEOMETRIC_REPRESENTATION_CONTEXT(2) 
PARAMETRIC_REPRESENTATION_CONTEXT() REPRESENTATION_CONTEXT('2D SPACE',''
  ) );
#262 = ORIENTED_EDGE('',*,*,#263,.T.);
#263 = EDGE_CURVE('',#241,#165,#264,.T.);
#264 = SURFACE_CURVE('',#265,(#269,#276),.PCURVE_S1.);
#265 = LINE('',#266,#267);
#266 = CARTESIAN_POINT('',(8.,-13.43234518847,2.));
#267 = VECTOR('',#268,1.);
#268 = DIRECTION('',(2.4E-16,-1.,0.));
#269 = PCURVE('',#180,#270);
#270 = DEFINITIONAL_REPRESENTATION('',(#271),#275);
#271 = LINE('',#272,#273);
#272 = CARTESIAN_POINT('',(0.,0.5));
#273 = VECTOR('',#274,1.);
#274 = DIRECTION('',(1.,0.));
#275 = ( GEOMETRIC_REPRESENTATION_CONTEXT(2) 
PARAMETRIC_REPRESENTATION_CONTEXT() REPRESENTATION_CONTEXT('2D SPACE',''
  ) );
#276 = PCURVE('',#100,#277);
#277 = DEFINITIONAL_REPRESENTATION('',(#278),#282);
#278 = LINE('',#279,#280);
#279 = CARTESIAN_POINT('',(-8.,4.687011155709));
#280 = VECTOR('',#281,1.);
#281 = DIRECTION('',(-2.4E-16,-1.));
#282 = ( GEOMETRIC_REPRESENTATION_CONTEXT(2) 
PARAMETRIC_REPRESENTATION_CONTEXT() REPRESENTATION_CONTEXT('2D SPACE',''
  ) );
#283 = ORIENTED_EDGE('',*,*,#164,.F.);
#284 = ADVANCED_FACE('',(#285),#126,.F.);
#285 = FACE_BOUND('',#286,.T.);
#286 = EDGE_LOOP('',(#287,#308,#309,#330));
#287 = ORIENTED_EDGE('',*,*,#288,.F.);
#288 = EDGE_CURVE('',#24,#218,#289,.T.);
#289 = SURFACE_CURVE('',#290,(#294,#301),.PCURVE_S1.);
#290 = LINE('',#291,#292);
#291 = CARTESIAN_POINT('',(-4.,-13.43234518847,2.5));
#292 = VECTOR('',#293,1.);
#293 = DIRECTION('',(1.,0.,0.));
#294 = PCURVE('',#126,#295);
#295 = DEFINITIONAL_REPRESENTATION('',(#296),#300);
#296 = LINE('',#297,#298);
#297 = CARTESIAN_POINT('',(4.,0.));
#298 = VECTOR('',#299,1.);
#299 = DIRECTION('',(1.,0.));
#300 = ( GEOMETRIC_REPRESENTATION_CONTEXT(2) 
PARAMETRIC_REPRESENTATION_CONTEXT() REPRESENTATION_CONTEXT('2D SPACE',''
  ) );
#301 = PCURVE('',#44,#302);
#302 = DEFINITIONAL_REPRESENTATION('',(#303),#307);
#303 = LINE('',#304,#305);
#304 = CARTESIAN_POINT('',(-4.,-3.432345188471));
#305 = VECTOR('',#306,1.);
#306 = DIRECTION('',(1.,0.));
#307 = ( GEOMETRIC_REPRESENTATION_CONTEXT(2) 
PARAMETRIC_REPRESENTATION_CONTEXT() REPRESENTATION_CONTEXT('2D SPACE',''
  ) );
#308 = ORIENTED_EDGE('',*,*,#112,.T.);
#309 = ORIENTED_EDGE('',*,*,#310,.T.);
#310 = EDGE_CURVE('',#85,#241,#311,.T.);
#311 = SURFACE_CURVE('',#312,(#316,#323),.PCURVE_S1.);
#312 = LINE('',#313,#314);
#313 = CARTESIAN_POINT('',(-8.,-13.43234518847,2.));
#314 = VECTOR('',#315,1.);
#315 = DIRECTION('',(1.,0.,0.));
#316 = PCURVE('',#126,#317);
#317 = DEFINITIONAL_REPRESENTATION('',(#318),#322);
#318 = LINE('',#319,#320);
#319 = CARTESIAN_POINT('',(0.,0.5));
#320 = VECTOR('',#321,1.);
#321 = DIRECTION('',(1.,0.));
#322 = ( GEOMETRIC_REPRESENTATION_CONTEXT(2) 
PARAMETRIC_REPRESENTATION_CONTEXT() REPRESENTATION_CONTEXT('2D SPACE',''
  ) );
#323 = PCURVE('',#100,#324);
#324 = DEFINITIONAL_REPRESENTATION('',(#325),#329);
#325 = LINE('',#326,#327);
#326 = CARTESIAN_POINT('',(8.,4.687011155709));
#327 = VECTOR('',#328,1.);
#328 = DIRECTION('',(-1.,0.));
#329 = ( GEOMETRIC_REPRESENTATION_CONTEXT(2) 
PARAMETRIC_REPRESENTATION_CONTEXT() REPRESENTATION_CONTEXT('2D SPACE',''
  ) );
#330 = ORIENTED_EDGE('',*,*,#240,.F.);
#331 = ADVANCED_FACE('',(#332),#100,.F.);
#332 = FACE_BOUND('',#333,.T.);
#333 = EDGE_LOOP('',(#334,#335,#336,#337));
#334 = ORIENTED_EDGE('',*,*,#310,.F.);
#335 = ORIENTED_EDGE('',*,*,#84,.F.);
#336 = ORIENTED_EDGE('',*,*,#192,.F.);
#337 = ORIENTED_EDGE('',*,*,#263,.F.);
#338 = ADVANCED_FACE('',(#339),#352,.T.);
#339 = FACE_BOUND('',#340,.T.);
#340 = EDGE_LOOP('',(#341,#375,#397,#428));
#341 = ORIENTED_EDGE('',*,*,#342,.F.);
#342 = EDGE_CURVE('',#343,#343,#345,.T.);
#343 = VERTEX_POINT('',#344);
#344 = CARTESIAN_POINT('',(3.,0.,8.5));
#345 = SURFACE_CURVE('',#346,(#351,#363),.PCURVE_S1.);
#346 = CIRCLE('',#347,3.);
#347 = AXIS2_PLACEMENT_3D('',#348,#349,#350);
#348 = CARTESIAN_POINT('',(0.,0.,8.5));
#349 = DIRECTION('',(0.,0.,1.));
#350 = DIRECTION('',(-1.,0.,0.));
#351 = PCURVE('',#352,#357);
#352 = CYLINDRICAL_SURFACE('',#353,3.);
#353 = AXIS2_PLACEMENT_3D('',#354,#355,#356);
#354 = CARTESIAN_POINT('',(0.,0.,4.5));
#355 = DIRECTION('',(0.,0.,1.));
#356 = DIRECTION('',(-1.,0.,0.));
#357 = DEFINITIONAL_REPRESENTATION('',(#358),#362);
#358 = LINE('',#359,#360);
#359 = CARTESIAN_POINT('',(0.,4.));
#360 = VECTOR('',#361,1.);
#361 = DIRECTION('',(1.,0.));
#362 = ( GEOMETRIC_REPRESENTATION_CONTEXT(2) 
PARAMETRIC_REPRESENTATION_CONTEXT() REPRESENTATION_CONTEXT('2D SPACE',''
  ) );
#363 = PCURVE('',#364,#369);
#364 = PLANE('',#365);
#365 = AXIS2_PLACEMENT_3D('',#366,#367,#368);
#366 = CARTESIAN_POINT('',(-1.8E-16,-8.E-17,8.5));
#367 = DIRECTION('',(0.,0.,1.));
#368 = DIRECTION('',(1.,0.,-0.));
#369 = DEFINITIONAL_REPRESENTATION('',(#370),#374);
#370 = CIRCLE('',#371,3.);
#371 = AXIS2_PLACEMENT_2D('',#372,#373);
#372 = CARTESIAN_POINT('',(1.8E-16,8.E-17));
#373 = DIRECTION('',(-1.,0.));
#374 = ( GEOMETRIC_REPRESENTATION_CONTEXT(2) 
PARAMETRIC_REPRESENTATION_CONTEXT() REPRESENTATION_CONTEXT('2D SPACE',''
  ) );
#375 = ORIENTED_EDGE('',*,*,#376,.F.);
#376 = EDGE_CURVE('',#377,#343,#379,.T.);
#377 = VERTEX_POINT('',#378);
#378 = CARTESIAN_POINT('',(3.,0.,4.5));
#379 = SEAM_CURVE('',#380,(#383,#390),.PCURVE_S1.);
#380 = B_SPLINE_CURVE_WITH_KNOTS('',1,(#381,#382),.UNSPECIFIED.,.F.,.F.,
  (2,2),(0.,4.),.PIECEWISE_BEZIER_KNOTS.);
#381 = CARTESIAN_POINT('',(3.,-1.1E-15,4.5));
#382 = CARTESIAN_POINT('',(3.,-1.1E-15,8.5));
#383 = PCURVE('',#352,#384);
#384 = DEFINITIONAL_REPRESENTATION('',(#385),#389);
#385 = LINE('',#386,#387);
#386 = CARTESIAN_POINT('',(3.14159265359,0.));
#387 = VECTOR('',#388,1.);
#388 = DIRECTION('',(0.,1.));
#389 = ( GEOMETRIC_REPRESENTATION_CONTEXT(2) 
PARAMETRIC_REPRESENTATION_CONTEXT() REPRESENTATION_CONTEXT('2D SPACE',''
  ) );
#390 = PCURVE('',#352,#391);
#391 = DEFINITIONAL_REPRESENTATION('',(#392),#396);
#392 = LINE('',#393,#394);
#393 = CARTESIAN_POINT('',(9.424777960769,0.));
#394 = VECTOR('',#395,1.);
#395 = DIRECTION('',(0.,1.));
#396 = ( GEOMETRIC_REPRESENTATION_CONTEXT(2) 
PARAMETRIC_REPRESENTATION_CONTEXT() REPRESENTATION_CONTEXT('2D SPACE',''
  ) );
#397 = ORIENTED_EDGE('',*,*,#398,.F.);
#398 = EDGE_CURVE('',#377,#377,#399,.T.);
#399 = SURFACE_CURVE('',#400,(#405,#412),.PCURVE_S1.);
#400 = CIRCLE('',#401,3.);
#401 = AXIS2_PLACEMENT_3D('',#402,#403,#404);
#402 = CARTESIAN_POINT('',(0.,0.,4.5));
#403 = DIRECTION('',(0.,0.,-1.));
#404 = DIRECTION('',(-1.,0.,0.));
#405 = PCURVE('',#352,#406);
#406 = DEFINITIONAL_REPRESENTATION('',(#407),#411);
#407 = LINE('',#408,#409);
#408 = CARTESIAN_POINT('',(12.566370614359,0.));
#409 = VECTOR('',#410,1.);
#410 = DIRECTION('',(-1.,0.));
#411 = ( GEOMETRIC_REPRESENTATION_CONTEXT(2) 
PARAMETRIC_REPRESENTATION_CONTEXT() REPRESENTATION_CONTEXT('2D SPACE',''
  ) );
#412 = PCURVE('',#413,#418);
#413 = PLANE('',#414);
#414 = AXIS2_PLACEMENT_3D('',#415,#416,#417);
#415 = CARTESIAN_POINT('',(-2.3E-16,9.E-17,4.5));
#416 = DIRECTION('',(0.,0.,1.));
#417 = DIRECTION('',(1.,0.,-0.));
#418 = DEFINITIONAL_REPRESENTATION('',(#419),#427);
#419 = ( BOUNDED_CURVE() B_SPLINE_CURVE(2,(#420,#421,#422,#423,#424,#425
,#426),.UNSPECIFIED.,.T.,.F.) B_SPLINE_CURVE_WITH_KNOTS((1,2,2,2,2,1),(
    -2.094395102393,0.,2.094395102393,4.188790204786,6.28318530718,
8.377580409573),.UNSPECIFIED.) CURVE() GEOMETRIC_REPRESENTATION_ITEM() 
RATIONAL_B_SPLINE_CURVE((1.,0.5,1.,0.5,1.,0.5,1.)) REPRESENTATION_ITEM(
  '') );
#420 = CARTESIAN_POINT('',(-3.,-9.E-17));
#421 = CARTESIAN_POINT('',(-3.,5.196152422707));
#422 = CARTESIAN_POINT('',(1.5,2.598076211353));
#423 = CARTESIAN_POINT('',(6.,6.447880794884E-16));
#424 = CARTESIAN_POINT('',(1.5,-2.598076211353));
#425 = CARTESIAN_POINT('',(-3.,-5.196152422707));
#426 = CARTESIAN_POINT('',(-3.,-9.E-17));
#427 = ( GEOMETRIC_REPRESENTATION_CONTEXT(2) 
PARAMETRIC_REPRESENTATION_CONTEXT() REPRESENTATION_CONTEXT('2D SPACE',''
  ) );
#428 = ORIENTED_EDGE('',*,*,#376,.T.);
#429 = ADVANCED_FACE('',(#430),#364,.T.);
#430 = FACE_BOUND('',#431,.T.);
#431 = EDGE_LOOP('',(#432));
#432 = ORIENTED_EDGE('',*,*,#342,.T.);
#433 = ADVANCED_FACE('',(#434),#447,.T.);
#434 = FACE_BOUND('',#435,.T.);
#435 = EDGE_LOOP('',(#436,#465,#487,#518));
#436 = ORIENTED_EDGE('',*,*,#437,.F.);
#437 = EDGE_CURVE('',#438,#438,#440,.T.);
#438 = VERTEX_POINT('',#439);
#439 = CARTESIAN_POINT('',(5.25,1.E-15,4.5));
#440 = SURFACE_CURVE('',#441,(#446,#458),.PCURVE_S1.);
#441 = CIRCLE('',#442,5.25);
#442 = AXIS2_PLACEMENT_3D('',#443,#444,#445);
#443 = CARTESIAN_POINT('',(0.,0.,4.5));
#444 = DIRECTION('',(0.,0.,1.));
#445 = DIRECTION('',(-1.,0.,0.));
#446 = PCURVE('',#447,#452);
#447 = CYLINDRICAL_SURFACE('',#448,5.25);
#448 = AXIS2_PLACEMENT_3D('',#449,#450,#451);
#449 = CARTESIAN_POINT('',(0.,0.,4.));
#450 = DIRECTION('',(0.,0.,1.));
#451 = DIRECTION('',(-1.,0.,0.));
#452 = DEFINITIONAL_REPRESENTATION('',(#453),#457);
#453 = LINE('',#454,#455);
#454 = CARTESIAN_POINT('',(0.,0.5));
#455 = VECTOR('',#456,1.);
#456 = DIRECTION('',(1.,0.));
#457 = ( GEOMETRIC_REPRESENTATION_CONTEXT(2) 
PARAMETRIC_REPRESENTATION_CONTEXT() REPRESENTATION_CONTEXT('2D SPACE',''
  ) );
#458 = PCURVE('',#413,#459);
#459 = DEFINITIONAL_REPRESENTATION('',(#460),#464);
#460 = CIRCLE('',#461,5.25);
#461 = AXIS2_PLACEMENT_2D('',#462,#463);
#462 = CARTESIAN_POINT('',(2.3E-16,-9.E-17));
#463 = DIRECTION('',(-1.,0.));
#464 = ( GEOMETRIC_REPRESENTATION_CONTEXT(2) 
PARAMETRIC_REPRESENTATION_CONTEXT() REPRESENTATION_CONTEXT('2D SPACE',''
  ) );
#465 = ORIENTED_EDGE('',*,*,#466,.F.);
#466 = EDGE_CURVE('',#467,#438,#469,.T.);
#467 = VERTEX_POINT('',#468);
#468 = CARTESIAN_POINT('',(5.25,1.E-15,4.));
#469 = SEAM_CURVE('',#470,(#473,#480),.PCURVE_S1.);
#470 = B_SPLINE_CURVE_WITH_KNOTS('',1,(#471,#472),.UNSPECIFIED.,.F.,.F.,
  (2,2),(0.,0.5),.PIECEWISE_BEZIER_KNOTS.);
#471 = CARTESIAN_POINT('',(5.25,-1.93E-15,4.));
#472 = CARTESIAN_POINT('',(5.25,-1.93E-15,4.5));
#473 = PCURVE('',#447,#474);
#474 = DEFINITIONAL_REPRESENTATION('',(#475),#479);
#475 = LINE('',#476,#477);
#476 = CARTESIAN_POINT('',(3.14159265359,0.));
#477 = VECTOR('',#478,1.);
#478 = DIRECTION('',(0.,1.));
#479 = ( GEOMETRIC_REPRESENTATION_CONTEXT(2) 
PARAMETRIC_REPRESENTATION_CONTEXT() REPRESENTATION_CONTEXT('2D SPACE',''
  ) );
#480 = PCURVE('',#447,#481);
#481 = DEFINITIONAL_REPRESENTATION('',(#482),#486);
#482 = LINE('',#483,#484);
#483 = CARTESIAN_POINT('',(9.424777960769,0.));
#484 = VECTOR('',#485,1.);
#485 = DIRECTION('',(0.,1.));
#486 = ( GEOMETRIC_REPRESENTATION_CONTEXT(2) 
PARAMETRIC_REPRESENTATION_CONTEXT() REPRESENTATION_CONTEXT('2D SPACE',''
  ) );
#487 = ORIENTED_EDGE('',*,*,#488,.F.);
#488 = EDGE_CURVE('',#467,#467,#489,.T.);
#489 = SURFACE_CURVE('',#490,(#495,#502),.PCURVE_S1.);
#490 = CIRCLE('',#491,5.25);
#491 = AXIS2_PLACEMENT_3D('',#492,#493,#494);
#492 = CARTESIAN_POINT('',(0.,0.,4.));
#493 = DIRECTION('',(0.,0.,-1.));
#494 = DIRECTION('',(-1.,0.,0.));
#495 = PCURVE('',#447,#496);
#496 = DEFINITIONAL_REPRESENTATION('',(#497),#501);
#497 = LINE('',#498,#499);
#498 = CARTESIAN_POINT('',(12.566370614359,0.));
#499 = VECTOR('',#500,1.);
#500 = DIRECTION('',(-1.,0.));
#501 = ( GEOMETRIC_REPRESENTATION_CONTEXT(2) 
PARAMETRIC_REPRESENTATION_CONTEXT() REPRESENTATION_CONTEXT('2D SPACE',''
  ) );
#502 = PCURVE('',#503,#508);
#503 = PLANE('',#504);
#504 = AXIS2_PLACEMENT_3D('',#505,#506,#507);
#505 = CARTESIAN_POINT('',(-3.5E-16,1.4E-16,4.));
#506 = DIRECTION('',(0.,0.,1.));
#507 = DIRECTION('',(1.,0.,-0.));
#508 = DEFINITIONAL_REPRESENTATION('',(#509),#517);
#509 = ( BOUNDED_CURVE() B_SPLINE_CURVE(2,(#510,#511,#512,#513,#514,#515
,#516),.UNSPECIFIED.,.T.,.F.) B_SPLINE_CURVE_WITH_KNOTS((1,2,2,2,2,1),(
    -2.094395102393,0.,2.094395102393,4.188790204786,6.28318530718,
8.377580409573),.UNSPECIFIED.) CURVE() GEOMETRIC_REPRESENTATION_ITEM() 
RATIONAL_B_SPLINE_CURVE((1.,0.5,1.,0.5,1.,0.5,1.)) REPRESENTATION_ITEM(
  '') );
#510 = CARTESIAN_POINT('',(-5.25,-1.4E-16));
#511 = CARTESIAN_POINT('',(-5.25,9.093266739737));
#512 = CARTESIAN_POINT('',(2.625,4.546633369868));
#513 = CARTESIAN_POINT('',(10.5,1.145879139105E-15));
#514 = CARTESIAN_POINT('',(2.625,-4.546633369868));
#515 = CARTESIAN_POINT('',(-5.25,-9.093266739737));
#516 = CARTESIAN_POINT('',(-5.25,-1.4E-16));
#517 = ( GEOMETRIC_REPRESENTATION_CONTEXT(2) 
PARAMETRIC_REPRESENTATION_CONTEXT() REPRESENTATION_CONTEXT('2D SPACE',''
  ) );
#518 = ORIENTED_EDGE('',*,*,#466,.T.);
#519 = ADVANCED_FACE('',(#520,#523),#413,.T.);
#520 = FACE_BOUND('',#521,.T.);
#521 = EDGE_LOOP('',(#522));
#522 = ORIENTED_EDGE('',*,*,#398,.T.);
#523 = FACE_BOUND('',#524,.T.);
#524 = EDGE_LOOP('',(#525));
#525 = ORIENTED_EDGE('',*,*,#437,.T.);
#526 = ADVANCED_FACE('',(#527),#541,.F.);
#527 = FACE_BOUND('',#528,.T.);
#528 = EDGE_LOOP('',(#529,#564,#592,#620));
#529 = ORIENTED_EDGE('',*,*,#530,.F.);
#530 = EDGE_CURVE('',#531,#533,#535,.T.);
#531 = VERTEX_POINT('',#532);
#532 = CARTESIAN_POINT('',(-5.75,-37.7,-8.6));
#533 = VERTEX_POINT('',#534);
#534 = CARTESIAN_POINT('',(-5.75,-37.7,-6.));
#535 = SURFACE_CURVE('',#536,(#540,#552),.PCURVE_S1.);
#536 = LINE('',#537,#538);
#537 = CARTESIAN_POINT('',(-5.75,-37.7,-6.));
#538 = VECTOR('',#539,1.);
#539 = DIRECTION('',(0.,0.,1.));
#540 = PCURVE('',#541,#546);
#541 = PLANE('',#542);
#542 = AXIS2_PLACEMENT_3D('',#543,#544,#545);
#543 = CARTESIAN_POINT('',(-5.75,-38.99610055232,-6.));
#544 = DIRECTION('',(-1.,0.,0.));
#545 = DIRECTION('',(0.,1.,0.));
#546 = DEFINITIONAL_REPRESENTATION('',(#547),#551);
#547 = LINE('',#548,#549);
#548 = CARTESIAN_POINT('',(1.296100552325,0.));
#549 = VECTOR('',#550,1.);
#550 = DIRECTION('',(0.,-1.));
#551 = ( GEOMETRIC_REPRESENTATION_CONTEXT(2) 
PARAMETRIC_REPRESENTATION_CONTEXT() REPRESENTATION_CONTEXT('2D SPACE',''
  ) );
#552 = PCURVE('',#553,#558);
#553 = PLANE('',#554);
#554 = AXIS2_PLACEMENT_3D('',#555,#556,#557);
#555 = CARTESIAN_POINT('',(8.,-37.7,-6.));
#556 = DIRECTION('',(0.,-1.,0.));
#557 = DIRECTION('',(-1.,0.,0.));
#558 = DEFINITIONAL_REPRESENTATION('',(#559),#563);
#559 = LINE('',#560,#561);
#560 = CARTESIAN_POINT('',(13.75,0.));
#561 = VECTOR('',#562,1.);
#562 = DIRECTION('',(0.,-1.));
#563 = ( GEOMETRIC_REPRESENTATION_CONTEXT(2) 
PARAMETRIC_REPRESENTATION_CONTEXT() REPRESENTATION_CONTEXT('2D SPACE',''
  ) );
#564 = ORIENTED_EDGE('',*,*,#565,.F.);
#565 = EDGE_CURVE('',#566,#531,#568,.T.);
#566 = VERTEX_POINT('',#567);
#567 = CARTESIAN_POINT('',(-5.75,-36.73404962177,-8.6));
#568 = SURFACE_CURVE('',#569,(#573,#580),.PCURVE_S1.);
#569 = LINE('',#570,#571);
#570 = CARTESIAN_POINT('',(-5.75,-36.4902717466,-8.6));
#571 = VECTOR('',#572,1.);
#572 = DIRECTION('',(0.,-1.,0.));
#573 = PCURVE('',#541,#574);
#574 = DEFINITIONAL_REPRESENTATION('',(#575),#579);
#575 = LINE('',#576,#577);
#576 = CARTESIAN_POINT('',(2.50582880572,2.6));
#577 = VECTOR('',#578,1.);
#578 = DIRECTION('',(-1.,0.));
#579 = ( GEOMETRIC_REPRESENTATION_CONTEXT(2) 
PARAMETRIC_REPRESENTATION_CONTEXT() REPRESENTATION_CONTEXT('2D SPACE',''
  ) );
#580 = PCURVE('',#581,#586);
#581 = PLANE('',#582);
#582 = AXIS2_PLACEMENT_3D('',#583,#584,#585);
#583 = CARTESIAN_POINT('',(2.79E-15,-33.98444294088,-8.6));
#584 = DIRECTION('',(0.,0.,1.));
#585 = DIRECTION('',(1.,0.,-0.));
#586 = DEFINITIONAL_REPRESENTATION('',(#587),#591);
#587 = LINE('',#588,#589);
#588 = CARTESIAN_POINT('',(-5.75,-2.50582880572));
#589 = VECTOR('',#590,1.);
#590 = DIRECTION('',(0.,-1.));
#591 = ( GEOMETRIC_REPRESENTATION_CONTEXT(2) 
PARAMETRIC_REPRESENTATION_CONTEXT() REPRESENTATION_CONTEXT('2D SPACE',''
  ) );
#592 = ORIENTED_EDGE('',*,*,#593,.F.);
#593 = EDGE_CURVE('',#594,#566,#596,.T.);
#594 = VERTEX_POINT('',#595);
#595 = CARTESIAN_POINT('',(-5.75,-36.73404962177,-6.));
#596 = SURFACE_CURVE('',#597,(#601,#608),.PCURVE_S1.);
#597 = LINE('',#598,#599);
#598 = CARTESIAN_POINT('',(-5.75,-36.73404962177,-6.));
#599 = VECTOR('',#600,1.);
#600 = DIRECTION('',(0.,0.,-1.));
#601 = PCURVE('',#541,#602);
#602 = DEFINITIONAL_REPRESENTATION('',(#603),#607);
#603 = LINE('',#604,#605);
#604 = CARTESIAN_POINT('',(2.262050930551,0.));
#605 = VECTOR('',#606,1.);
#606 = DIRECTION('',(0.,1.));
#607 = ( GEOMETRIC_REPRESENTATION_CONTEXT(2) 
PARAMETRIC_REPRESENTATION_CONTEXT() REPRESENTATION_CONTEXT('2D SPACE',''
  ) );
#608 = PCURVE('',#609,#614);
#609 = CYLINDRICAL_SURFACE('',#610,2.);
#610 = AXIS2_PLACEMENT_3D('',#611,#612,#613);
#611 = CARTESIAN_POINT('',(-5.,-34.88,-6.));
#612 = DIRECTION('',(0.,0.,-1.));
#613 = DIRECTION('',(0.375,-0.927024810887,0.));
#614 = DEFINITIONAL_REPRESENTATION('',(#615),#619);
#615 = LINE('',#616,#617);
#616 = CARTESIAN_POINT('',(0.768793548991,0.));
#617 = VECTOR('',#618,1.);
#618 = DIRECTION('',(0.,1.));
#619 = ( GEOMETRIC_REPRESENTATION_CONTEXT(2) 
PARAMETRIC_REPRESENTATION_CONTEXT() REPRESENTATION_CONTEXT('2D SPACE',''
  ) );
#620 = ORIENTED_EDGE('',*,*,#621,.F.);
#621 = EDGE_CURVE('',#533,#594,#622,.T.);
#622 = SURFACE_CURVE('',#623,(#627,#634),.PCURVE_S1.);
#623 = LINE('',#624,#625);
#624 = CARTESIAN_POINT('',(-5.75,-36.4902717466,-6.));
#625 = VECTOR('',#626,1.);
#626 = DIRECTION('',(0.,1.,0.));
#627 = PCURVE('',#541,#628);
#628 = DEFINITIONAL_REPRESENTATION('',(#629),#633);
#629 = LINE('',#630,#631);
#630 = CARTESIAN_POINT('',(2.50582880572,0.));
#631 = VECTOR('',#632,1.);
#632 = DIRECTION('',(1.,0.));
#633 = ( GEOMETRIC_REPRESENTATION_CONTEXT(2) 
PARAMETRIC_REPRESENTATION_CONTEXT() REPRESENTATION_CONTEXT('2D SPACE',''
  ) );
#634 = PCURVE('',#635,#640);
#635 = PLANE('',#636);
#636 = AXIS2_PLACEMENT_3D('',#637,#638,#639);
#637 = CARTESIAN_POINT('',(2.79E-15,-33.98444294088,-6.));
#638 = DIRECTION('',(0.,0.,1.));
#639 = DIRECTION('',(1.,0.,-0.));
#640 = DEFINITIONAL_REPRESENTATION('',(#641),#645);
#641 = LINE('',#642,#643);
#642 = CARTESIAN_POINT('',(-5.75,-2.50582880572));
#643 = VECTOR('',#644,1.);
#644 = DIRECTION('',(0.,1.));
#645 = ( GEOMETRIC_REPRESENTATION_CONTEXT(2) 
PARAMETRIC_REPRESENTATION_CONTEXT() REPRESENTATION_CONTEXT('2D SPACE',''
  ) );
#646 = ADVANCED_FACE('',(#647),#661,.F.);
#647 = FACE_BOUND('',#648,.T.);
#648 = EDGE_LOOP('',(#649,#684,#707,#730));
#649 = ORIENTED_EDGE('',*,*,#650,.F.);
#650 = EDGE_CURVE('',#651,#653,#655,.T.);
#651 = VERTEX_POINT('',#652);
#652 = CARTESIAN_POINT('',(-4.25,-37.7,-6.));
#653 = VERTEX_POINT('',#654);
#654 = CARTESIAN_POINT('',(-4.25,-37.7,-8.6));
#655 = SURFACE_CURVE('',#656,(#660,#672),.PCURVE_S1.);
#656 = LINE('',#657,#658);
#657 = CARTESIAN_POINT('',(-4.25,-37.7,-6.));
#658 = VECTOR('',#659,1.);
#659 = DIRECTION('',(0.,0.,-1.));
#660 = PCURVE('',#661,#666);
#661 = PLANE('',#662);
#662 = AXIS2_PLACEMENT_3D('',#663,#664,#665);
#663 = CARTESIAN_POINT('',(-4.25,-36.73404962177,-6.));
#664 = DIRECTION('',(1.,-4.9E-16,0.));
#665 = DIRECTION('',(-4.9E-16,-1.,0.));
#666 = DEFINITIONAL_REPRESENTATION('',(#667),#671);
#667 = LINE('',#668,#669);
#668 = CARTESIAN_POINT('',(0.965950378226,0.));
#669 = VECTOR('',#670,1.);
#670 = DIRECTION('',(-0.,1.));
#671 = ( GEOMETRIC_REPRESENTATION_CONTEXT(2) 
PARAMETRIC_REPRESENTATION_CONTEXT() REPRESENTATION_CONTEXT('2D SPACE',''
  ) );
#672 = PCURVE('',#673,#678);
#673 = PLANE('',#674);
#674 = AXIS2_PLACEMENT_3D('',#675,#676,#677);
#675 = CARTESIAN_POINT('',(8.,-37.7,-6.));
#676 = DIRECTION('',(0.,-1.,0.));
#677 = DIRECTION('',(-1.,0.,0.));
#678 = DEFINITIONAL_REPRESENTATION('',(#679),#683);
#679 = LINE('',#680,#681);
#680 = CARTESIAN_POINT('',(12.25,0.));
#681 = VECTOR('',#682,1.);
#682 = DIRECTION('',(0.,1.));
#683 = ( GEOMETRIC_REPRESENTATION_CONTEXT(2) 
PARAMETRIC_REPRESENTATION_CONTEXT() REPRESENTATION_CONTEXT('2D SPACE',''
  ) );
#684 = ORIENTED_EDGE('',*,*,#685,.F.);
#685 = EDGE_CURVE('',#686,#651,#688,.T.);
#686 = VERTEX_POINT('',#687);
#687 = CARTESIAN_POINT('',(-4.25,-36.73404962177,-6.));
#688 = SURFACE_CURVE('',#689,(#693,#700),.PCURVE_S1.);
#689 = LINE('',#690,#691);
#690 = CARTESIAN_POINT('',(-4.25,-35.35924628132,-6.));
#691 = VECTOR('',#692,1.);
#692 = DIRECTION('',(-4.9E-16,-1.,0.));
#693 = PCURVE('',#661,#694);
#694 = DEFINITIONAL_REPRESENTATION('',(#695),#699);
#695 = LINE('',#696,#697);
#696 = CARTESIAN_POINT('',(-1.374803340445,0.));
#697 = VECTOR('',#698,1.);
#698 = DIRECTION('',(1.,0.));
#699 = ( GEOMETRIC_REPRESENTATION_CONTEXT(2) 
PARAMETRIC_REPRESENTATION_CONTEXT() REPRESENTATION_CONTEXT('2D SPACE',''
  ) );
#700 = PCURVE('',#635,#701);
#701 = DEFINITIONAL_REPRESENTATION('',(#702),#706);
#702 = LINE('',#703,#704);
#703 = CARTESIAN_POINT('',(-4.25,-1.374803340445));
#704 = VECTOR('',#705,1.);
#705 = DIRECTION('',(-4.9E-16,-1.));
#706 = ( GEOMETRIC_REPRESENTATION_CONTEXT(2) 
PARAMETRIC_REPRESENTATION_CONTEXT() REPRESENTATION_CONTEXT('2D SPACE',''
  ) );
#707 = ORIENTED_EDGE('',*,*,#708,.T.);
#708 = EDGE_CURVE('',#686,#709,#711,.T.);
#709 = VERTEX_POINT('',#710);
#710 = CARTESIAN_POINT('',(-4.25,-36.73404962177,-8.6));
#711 = SURFACE_CURVE('',#712,(#716,#723),.PCURVE_S1.);
#712 = LINE('',#713,#714);
#713 = CARTESIAN_POINT('',(-4.25,-36.73404962177,-6.));
#714 = VECTOR('',#715,1.);
#715 = DIRECTION('',(0.,0.,-1.));
#716 = PCURVE('',#661,#717);
#717 = DEFINITIONAL_REPRESENTATION('',(#718),#722);
#718 = LINE('',#719,#720);
#719 = CARTESIAN_POINT('',(0.,0.));
#720 = VECTOR('',#721,1.);
#721 = DIRECTION('',(-0.,1.));
#722 = ( GEOMETRIC_REPRESENTATION_CONTEXT(2) 
PARAMETRIC_REPRESENTATION_CONTEXT() REPRESENTATION_CONTEXT('2D SPACE',''
  ) );
#723 = PCURVE('',#609,#724);
#724 = DEFINITIONAL_REPRESENTATION('',(#725),#729);
#725 = LINE('',#726,#727);
#726 = CARTESIAN_POINT('',(6.28318530718,0.));
#727 = VECTOR('',#728,1.);
#728 = DIRECTION('',(0.,1.));
#729 = ( GEOMETRIC_REPRESENTATION_CONTEXT(2) 
PARAMETRIC_REPRESENTATION_CONTEXT() REPRESENTATION_CONTEXT('2D SPACE',''
  ) );
#730 = ORIENTED_EDGE('',*,*,#731,.F.);
#731 = EDGE_CURVE('',#653,#709,#732,.T.);
#732 = SURFACE_CURVE('',#733,(#737,#744),.PCURVE_S1.);
#733 = LINE('',#734,#735);
#734 = CARTESIAN_POINT('',(-4.25,-35.35924628132,-8.6));
#735 = VECTOR('',#736,1.);
#736 = DIRECTION('',(4.9E-16,1.,0.));
#737 = PCURVE('',#661,#738);
#738 = DEFINITIONAL_REPRESENTATION('',(#739),#743);
#739 = LINE('',#740,#741);
#740 = CARTESIAN_POINT('',(-1.374803340445,2.6));
#741 = VECTOR('',#742,1.);
#742 = DIRECTION('',(-1.,0.));
#743 = ( GEOMETRIC_REPRESENTATION_CONTEXT(2) 
PARAMETRIC_REPRESENTATION_CONTEXT() REPRESENTATION_CONTEXT('2D SPACE',''
  ) );
#744 = PCURVE('',#581,#745);
#745 = DEFINITIONAL_REPRESENTATION('',(#746),#750);
#746 = LINE('',#747,#748);
#747 = CARTESIAN_POINT('',(-4.25,-1.374803340445));
#748 = VECTOR('',#749,1.);
#749 = DIRECTION('',(4.9E-16,1.));
#750 = ( GEOMETRIC_REPRESENTATION_CONTEXT(2) 
PARAMETRIC_REPRESENTATION_CONTEXT() REPRESENTATION_CONTEXT('2D SPACE',''
  ) );
#751 = ADVANCED_FACE('',(#752),#609,.F.);
#752 = FACE_BOUND('',#753,.F.);
#753 = EDGE_LOOP('',(#754,#755,#781,#782));
#754 = ORIENTED_EDGE('',*,*,#593,.F.);
#755 = ORIENTED_EDGE('',*,*,#756,.T.);
#756 = EDGE_CURVE('',#594,#686,#757,.T.);
#757 = SURFACE_CURVE('',#758,(#763,#770),.PCURVE_S1.);
#758 = CIRCLE('',#759,2.);
#759 = AXIS2_PLACEMENT_3D('',#760,#761,#762);
#760 = CARTESIAN_POINT('',(-5.,-34.88,-6.));
#761 = DIRECTION('',(0.,0.,-1.));
#762 = DIRECTION('',(0.375,-0.927024810887,0.));
#763 = PCURVE('',#609,#764);
#764 = DEFINITIONAL_REPRESENTATION('',(#765),#769);
#765 = LINE('',#766,#767);
#766 = CARTESIAN_POINT('',(-1.E-15,0.));
#767 = VECTOR('',#768,1.);
#768 = DIRECTION('',(1.,0.));
#769 = ( GEOMETRIC_REPRESENTATION_CONTEXT(2) 
PARAMETRIC_REPRESENTATION_CONTEXT() REPRESENTATION_CONTEXT('2D SPACE',''
  ) );
#770 = PCURVE('',#635,#771);
#771 = DEFINITIONAL_REPRESENTATION('',(#772),#780);
#772 = ( BOUNDED_CURVE() B_SPLINE_CURVE(2,(#773,#774,#775,#776,#777,#778
,#779),.UNSPECIFIED.,.T.,.F.) B_SPLINE_CURVE_WITH_KNOTS((1,2,2,2,2,1),(
    -2.094395102393,0.,2.094395102393,4.188790204786,6.28318530718,
8.377580409573),.UNSPECIFIED.) CURVE() GEOMETRIC_REPRESENTATION_ITEM() 
RATIONAL_B_SPLINE_CURVE((1.,0.5,1.,0.5,1.,0.5,1.)) REPRESENTATION_ITEM(
  '') );
#773 = CARTESIAN_POINT('',(-4.25,-2.749606680889));
#774 = CARTESIAN_POINT('',(-7.461308144666,-4.048644786566));
#775 = CARTESIAN_POINT('',(-6.980654072333,-0.618051301066));
#776 = CARTESIAN_POINT('',(-6.5,2.812542184433));
#777 = CARTESIAN_POINT('',(-3.769345927667,0.68098680461));
#778 = CARTESIAN_POINT('',(-1.038691855334,-1.450568575212));
#779 = CARTESIAN_POINT('',(-4.25,-2.749606680889));
#780 = ( GEOMETRIC_REPRESENTATION_CONTEXT(2) 
PARAMETRIC_REPRESENTATION_CONTEXT() REPRESENTATION_CONTEXT('2D SPACE',''
  ) );
#781 = ORIENTED_EDGE('',*,*,#708,.T.);
#782 = ORIENTED_EDGE('',*,*,#783,.T.);
#783 = EDGE_CURVE('',#709,#566,#784,.T.);
#784 = SURFACE_CURVE('',#785,(#790,#797),.PCURVE_S1.);
#785 = CIRCLE('',#786,2.);
#786 = AXIS2_PLACEMENT_3D('',#787,#788,#789);
#787 = CARTESIAN_POINT('',(-5.,-34.88,-8.6));
#788 = DIRECTION('',(0.,0.,1.));
#789 = DIRECTION('',(0.375,-0.927024810887,0.));
#790 = PCURVE('',#609,#791);
#791 = DEFINITIONAL_REPRESENTATION('',(#792),#796);
#792 = LINE('',#793,#794);
#793 = CARTESIAN_POINT('',(6.28318530718,2.6));
#794 = VECTOR('',#795,1.);
#795 = DIRECTION('',(-1.,0.));
#796 = ( GEOMETRIC_REPRESENTATION_CONTEXT(2) 
PARAMETRIC_REPRESENTATION_CONTEXT() REPRESENTATION_CONTEXT('2D SPACE',''
  ) );
#797 = PCURVE('',#581,#798);
#798 = DEFINITIONAL_REPRESENTATION('',(#799),#803);
#799 = CIRCLE('',#800,2.);
#800 = AXIS2_PLACEMENT_2D('',#801,#802);
#801 = CARTESIAN_POINT('',(-5.,-0.895557059115));
#802 = DIRECTION('',(0.375,-0.927024810887));
#803 = ( GEOMETRIC_REPRESENTATION_CONTEXT(2) 
PARAMETRIC_REPRESENTATION_CONTEXT() REPRESENTATION_CONTEXT('2D SPACE',''
  ) );
#804 = ADVANCED_FACE('',(#805),#819,.F.);
#805 = FACE_BOUND('',#806,.T.);
#806 = EDGE_LOOP('',(#807,#842,#870,#898));
#807 = ORIENTED_EDGE('',*,*,#808,.F.);
#808 = EDGE_CURVE('',#809,#811,#813,.T.);
#809 = VERTEX_POINT('',#810);
#810 = CARTESIAN_POINT('',(5.75,16.5,-8.6));
#811 = VERTEX_POINT('',#812);
#812 = CARTESIAN_POINT('',(5.75,16.5,-6.));
#813 = SURFACE_CURVE('',#814,(#818,#830),.PCURVE_S1.);
#814 = LINE('',#815,#816);
#815 = CARTESIAN_POINT('',(5.75,16.5,-6.));
#816 = VECTOR('',#817,1.);
#817 = DIRECTION('',(0.,0.,1.));
#818 = PCURVE('',#819,#824);
#819 = PLANE('',#820);
#820 = AXIS2_PLACEMENT_3D('',#821,#822,#823);
#821 = CARTESIAN_POINT('',(5.75,18.053022314129,-6.));
#822 = DIRECTION('',(1.,-4.3E-16,0.));
#823 = DIRECTION('',(-4.3E-16,-1.,0.));
#824 = DEFINITIONAL_REPRESENTATION('',(#825),#829);
#825 = LINE('',#826,#827);
#826 = CARTESIAN_POINT('',(1.553022314129,0.));
#827 = VECTOR('',#828,1.);
#828 = DIRECTION('',(0.,-1.));
#829 = ( GEOMETRIC_REPRESENTATION_CONTEXT(2) 
PARAMETRIC_REPRESENTATION_CONTEXT() REPRESENTATION_CONTEXT('2D SPACE',''
  ) );
#830 = PCURVE('',#831,#836);
#831 = PLANE('',#832);
#832 = AXIS2_PLACEMENT_3D('',#833,#834,#835);
#833 = CARTESIAN_POINT('',(-8.,16.5,-6.));
#834 = DIRECTION('',(-2.8E-16,1.,0.));
#835 = DIRECTION('',(1.,2.8E-16,0.));
#836 = DEFINITIONAL_REPRESENTATION('',(#837),#841);
#837 = LINE('',#838,#839);
#838 = CARTESIAN_POINT('',(13.75,0.));
#839 = VECTOR('',#840,1.);
#840 = DIRECTION('',(0.,-1.));
#841 = ( GEOMETRIC_REPRESENTATION_CONTEXT(2) 
PARAMETRIC_REPRESENTATION_CONTEXT() REPRESENTATION_CONTEXT('2D SPACE',''
  ) );
#842 = ORIENTED_EDGE('',*,*,#843,.F.);
#843 = EDGE_CURVE('',#844,#809,#846,.T.);
#844 = VERTEX_POINT('',#845);
#845 = CARTESIAN_POINT('',(5.75,15.474049621774,-8.6));
#846 = SURFACE_CURVE('',#847,(#851,#858),.PCURVE_S1.);
#847 = LINE('',#848,#849);
#848 = CARTESIAN_POINT('',(5.75,15.418732627507,-8.6));
#849 = VECTOR('',#850,1.);
#850 = DIRECTION('',(4.3E-16,1.,0.));
#851 = PCURVE('',#819,#852);
#852 = DEFINITIONAL_REPRESENTATION('',(#853),#857);
#853 = LINE('',#854,#855);
#854 = CARTESIAN_POINT('',(2.634289686622,2.6));
#855 = VECTOR('',#856,1.);
#856 = DIRECTION('',(-1.,0.));
#857 = ( GEOMETRIC_REPRESENTATION_CONTEXT(2) 
PARAMETRIC_REPRESENTATION_CONTEXT() REPRESENTATION_CONTEXT('2D SPACE',''
  ) );
#858 = PCURVE('',#859,#864);
#859 = PLANE('',#860);
#860 = AXIS2_PLACEMENT_3D('',#861,#862,#863);
#861 = CARTESIAN_POINT('',(6.6E-16,12.784442940885,-8.6));
#862 = DIRECTION('',(0.,0.,1.));
#863 = DIRECTION('',(1.,0.,-0.));
#864 = DEFINITIONAL_REPRESENTATION('',(#865),#869);
#865 = LINE('',#866,#867);
#866 = CARTESIAN_POINT('',(5.75,2.634289686622));
#867 = VECTOR('',#868,1.);
#868 = DIRECTION('',(4.3E-16,1.));
#869 = ( GEOMETRIC_REPRESENTATION_CONTEXT(2) 
PARAMETRIC_REPRESENTATION_CONTEXT() REPRESENTATION_CONTEXT('2D SPACE',''
  ) );
#870 = ORIENTED_EDGE('',*,*,#871,.F.);
#871 = EDGE_CURVE('',#872,#844,#874,.T.);
#872 = VERTEX_POINT('',#873);
#873 = CARTESIAN_POINT('',(5.75,15.474049621774,-6.));
#874 = SURFACE_CURVE('',#875,(#879,#886),.PCURVE_S1.);
#875 = LINE('',#876,#877);
#876 = CARTESIAN_POINT('',(5.75,15.474049621774,-6.));
#877 = VECTOR('',#878,1.);
#878 = DIRECTION('',(0.,0.,-1.));
#879 = PCURVE('',#819,#880);
#880 = DEFINITIONAL_REPRESENTATION('',(#881),#885);
#881 = LINE('',#882,#883);
#882 = CARTESIAN_POINT('',(2.578972692355,0.));
#883 = VECTOR('',#884,1.);
#884 = DIRECTION('',(-0.,1.));
#885 = ( GEOMETRIC_REPRESENTATION_CONTEXT(2) 
PARAMETRIC_REPRESENTATION_CONTEXT() REPRESENTATION_CONTEXT('2D SPACE',''
  ) );
#886 = PCURVE('',#887,#892);
#887 = CYLINDRICAL_SURFACE('',#888,2.);
#888 = AXIS2_PLACEMENT_3D('',#889,#890,#891);
#889 = CARTESIAN_POINT('',(5.,13.62,-6.));
#890 = DIRECTION('',(0.,0.,-1.));
#891 = DIRECTION('',(0.375,-0.927024810887,0.));
#892 = DEFINITIONAL_REPRESENTATION('',(#893),#897);
#893 = LINE('',#894,#895);
#894 = CARTESIAN_POINT('',(-2.372799104599,0.));
#895 = VECTOR('',#896,1.);
#896 = DIRECTION('',(0.,1.));
#897 = ( GEOMETRIC_REPRESENTATION_CONTEXT(2) 
PARAMETRIC_REPRESENTATION_CONTEXT() REPRESENTATION_CONTEXT('2D SPACE',''
  ) );
#898 = ORIENTED_EDGE('',*,*,#899,.F.);
#899 = EDGE_CURVE('',#811,#872,#900,.T.);
#900 = SURFACE_CURVE('',#901,(#905,#912),.PCURVE_S1.);
#901 = LINE('',#902,#903);
#902 = CARTESIAN_POINT('',(5.75,15.418732627507,-6.));
#903 = VECTOR('',#904,1.);
#904 = DIRECTION('',(-4.3E-16,-1.,0.));
#905 = PCURVE('',#819,#906);
#906 = DEFINITIONAL_REPRESENTATION('',(#907),#911);
#907 = LINE('',#908,#909);
#908 = CARTESIAN_POINT('',(2.634289686622,0.));
#909 = VECTOR('',#910,1.);
#910 = DIRECTION('',(1.,0.));
#911 = ( GEOMETRIC_REPRESENTATION_CONTEXT(2) 
PARAMETRIC_REPRESENTATION_CONTEXT() REPRESENTATION_CONTEXT('2D SPACE',''
  ) );
#912 = PCURVE('',#913,#918);
#913 = PLANE('',#914);
#914 = AXIS2_PLACEMENT_3D('',#915,#916,#917);
#915 = CARTESIAN_POINT('',(6.6E-16,12.784442940885,-6.));
#916 = DIRECTION('',(0.,0.,1.));
#917 = DIRECTION('',(1.,0.,-0.));
#918 = DEFINITIONAL_REPRESENTATION('',(#919),#923);
#919 = LINE('',#920,#921);
#920 = CARTESIAN_POINT('',(5.75,2.634289686622));
#921 = VECTOR('',#922,1.);
#922 = DIRECTION('',(-4.3E-16,-1.));
#923 = ( GEOMETRIC_REPRESENTATION_CONTEXT(2) 
PARAMETRIC_REPRESENTATION_CONTEXT() REPRESENTATION_CONTEXT('2D SPACE',''
  ) );
#924 = ADVANCED_FACE('',(#925),#887,.F.);
#925 = FACE_BOUND('',#926,.F.);
#926 = EDGE_LOOP('',(#927,#928,#956,#984));
#927 = ORIENTED_EDGE('',*,*,#871,.F.);
#928 = ORIENTED_EDGE('',*,*,#929,.T.);
#929 = EDGE_CURVE('',#872,#930,#932,.T.);
#930 = VERTEX_POINT('',#931);
#931 = CARTESIAN_POINT('',(4.25,15.474049621774,-6.));
#932 = SURFACE_CURVE('',#933,(#938,#945),.PCURVE_S1.);
#933 = CIRCLE('',#934,2.);
#934 = AXIS2_PLACEMENT_3D('',#935,#936,#937);
#935 = CARTESIAN_POINT('',(5.,13.62,-6.));
#936 = DIRECTION('',(0.,0.,-1.));
#937 = DIRECTION('',(0.375,-0.927024810887,0.));
#938 = PCURVE('',#887,#939);
#939 = DEFINITIONAL_REPRESENTATION('',(#940),#944);
#940 = LINE('',#941,#942);
#941 = CARTESIAN_POINT('',(-6.28318530718,0.));
#942 = VECTOR('',#943,1.);
#943 = DIRECTION('',(1.,0.));
#944 = ( GEOMETRIC_REPRESENTATION_CONTEXT(2) 
PARAMETRIC_REPRESENTATION_CONTEXT() REPRESENTATION_CONTEXT('2D SPACE',''
  ) );
#945 = PCURVE('',#913,#946);
#946 = DEFINITIONAL_REPRESENTATION('',(#947),#955);
#947 = ( BOUNDED_CURVE() B_SPLINE_CURVE(2,(#948,#949,#950,#951,#952,#953
,#954),.UNSPECIFIED.,.T.,.F.) B_SPLINE_CURVE_WITH_KNOTS((1,2,2,2,2,1),(
    -2.094395102393,0.,2.094395102393,4.188790204786,6.28318530718,
8.377580409573),.UNSPECIFIED.) CURVE() GEOMETRIC_REPRESENTATION_ITEM() 
RATIONAL_B_SPLINE_CURVE((1.,0.5,1.,0.5,1.,0.5,1.)) REPRESENTATION_ITEM(
  '') );
#948 = CARTESIAN_POINT('',(5.75,-1.018492562659));
#949 = CARTESIAN_POINT('',(2.538691855334,-2.317530668335));
#950 = CARTESIAN_POINT('',(3.019345927667,1.113062817164));
#951 = CARTESIAN_POINT('',(3.5,4.543656302663));
#952 = CARTESIAN_POINT('',(6.230654072333,2.41210092284));
#953 = CARTESIAN_POINT('',(8.961308144666,0.280545543018));
#954 = CARTESIAN_POINT('',(5.75,-1.018492562659));
#955 = ( GEOMETRIC_REPRESENTATION_CONTEXT(2) 
PARAMETRIC_REPRESENTATION_CONTEXT() REPRESENTATION_CONTEXT('2D SPACE',''
  ) );
#956 = ORIENTED_EDGE('',*,*,#957,.T.);
#957 = EDGE_CURVE('',#930,#958,#960,.T.);
#958 = VERTEX_POINT('',#959);
#959 = CARTESIAN_POINT('',(4.25,15.474049621774,-8.6));
#960 = SURFACE_CURVE('',#961,(#965,#972),.PCURVE_S1.);
#961 = LINE('',#962,#963);
#962 = CARTESIAN_POINT('',(4.25,15.474049621774,-6.));
#963 = VECTOR('',#964,1.);
#964 = DIRECTION('',(0.,0.,-1.));
#965 = PCURVE('',#887,#966);
#966 = DEFINITIONAL_REPRESENTATION('',(#967),#971);
#967 = LINE('',#968,#969);
#968 = CARTESIAN_POINT('',(3.14159265359,0.));
#969 = VECTOR('',#970,1.);
#970 = DIRECTION('',(0.,1.));
#971 = ( GEOMETRIC_REPRESENTATION_CONTEXT(2) 
PARAMETRIC_REPRESENTATION_CONTEXT() REPRESENTATION_CONTEXT('2D SPACE',''
  ) );
#972 = PCURVE('',#973,#978);
#973 = PLANE('',#974);
#974 = AXIS2_PLACEMENT_3D('',#975,#976,#977);
#975 = CARTESIAN_POINT('',(4.25,15.474049621774,-6.));
#976 = DIRECTION('',(-1.,6.5E-16,0.));
#977 = DIRECTION('',(6.5E-16,1.,0.));
#978 = DEFINITIONAL_REPRESENTATION('',(#979),#983);
#979 = LINE('',#980,#981);
#980 = CARTESIAN_POINT('',(0.,0.));
#981 = VECTOR('',#982,1.);
#982 = DIRECTION('',(0.,1.));
#983 = ( GEOMETRIC_REPRESENTATION_CONTEXT(2) 
PARAMETRIC_REPRESENTATION_CONTEXT() REPRESENTATION_CONTEXT('2D SPACE',''
  ) );
#984 = ORIENTED_EDGE('',*,*,#985,.T.);
#985 = EDGE_CURVE('',#958,#844,#986,.T.);
#986 = SURFACE_CURVE('',#987,(#992,#999),.PCURVE_S1.);
#987 = CIRCLE('',#988,2.);
#988 = AXIS2_PLACEMENT_3D('',#989,#990,#991);
#989 = CARTESIAN_POINT('',(5.,13.62,-8.6));
#990 = DIRECTION('',(0.,0.,1.));
#991 = DIRECTION('',(0.375,-0.927024810887,0.));
#992 = PCURVE('',#887,#993);
#993 = DEFINITIONAL_REPRESENTATION('',(#994),#998);
#994 = LINE('',#995,#996);
#995 = CARTESIAN_POINT('',(6.28318530718,2.6));
#996 = VECTOR('',#997,1.);
#997 = DIRECTION('',(-1.,0.));
#998 = ( GEOMETRIC_REPRESENTATION_CONTEXT(2) 
PARAMETRIC_REPRESENTATION_CONTEXT() REPRESENTATION_CONTEXT('2D SPACE',''
  ) );
#999 = PCURVE('',#859,#1000);
#1000 = DEFINITIONAL_REPRESENTATION('',(#1001),#1005);
#1001 = CIRCLE('',#1002,2.);
#1002 = AXIS2_PLACEMENT_2D('',#1003,#1004);
#1003 = CARTESIAN_POINT('',(5.,0.835557059115));
#1004 = DIRECTION('',(0.375,-0.927024810887));
#1005 = ( GEOMETRIC_REPRESENTATION_CONTEXT(2) 
PARAMETRIC_REPRESENTATION_CONTEXT() REPRESENTATION_CONTEXT('2D SPACE',''
  ) );
#1006 = ADVANCED_FACE('',(#1007),#973,.F.);
#1007 = FACE_BOUND('',#1008,.T.);
#1008 = EDGE_LOOP('',(#1009,#1039,#1060,#1061));
#1009 = ORIENTED_EDGE('',*,*,#1010,.F.);
#1010 = EDGE_CURVE('',#1011,#1013,#1015,.T.);
#1011 = VERTEX_POINT('',#1012);
#1012 = CARTESIAN_POINT('',(4.25,16.5,-6.));
#1013 = VERTEX_POINT('',#1014);
#1014 = CARTESIAN_POINT('',(4.25,16.5,-8.6));
#1015 = SURFACE_CURVE('',#1016,(#1020,#1027),.PCURVE_S1.);
#1016 = LINE('',#1017,#1018);
#1017 = CARTESIAN_POINT('',(4.25,16.5,-6.));
#1018 = VECTOR('',#1019,1.);
#1019 = DIRECTION('',(0.,0.,-1.));
#1020 = PCURVE('',#973,#1021);
#1021 = DEFINITIONAL_REPRESENTATION('',(#1022),#1026);
#1022 = LINE('',#1023,#1024);
#1023 = CARTESIAN_POINT('',(1.025950378226,0.));
#1024 = VECTOR('',#1025,1.);
#1025 = DIRECTION('',(0.,1.));
#1026 = ( GEOMETRIC_REPRESENTATION_CONTEXT(2) 
PARAMETRIC_REPRESENTATION_CONTEXT() REPRESENTATION_CONTEXT('2D SPACE',''
  ) );
#1027 = PCURVE('',#1028,#1033);
#1028 = PLANE('',#1029);
#1029 = AXIS2_PLACEMENT_3D('',#1030,#1031,#1032);
#1030 = CARTESIAN_POINT('',(-8.,16.5,-6.));
#1031 = DIRECTION('',(-2.8E-16,1.,0.));
#1032 = DIRECTION('',(1.,2.8E-16,0.));
#1033 = DEFINITIONAL_REPRESENTATION('',(#1034),#1038);
#1034 = LINE('',#1035,#1036);
#1035 = CARTESIAN_POINT('',(12.25,0.));
#1036 = VECTOR('',#1037,1.);
#1037 = DIRECTION('',(0.,1.));
#1038 = ( GEOMETRIC_REPRESENTATION_CONTEXT(2) 
PARAMETRIC_REPRESENTATION_CONTEXT() REPRESENTATION_CONTEXT('2D SPACE',''
  ) );
#1039 = ORIENTED_EDGE('',*,*,#1040,.F.);
#1040 = EDGE_CURVE('',#930,#1011,#1041,.T.);
#1041 = SURFACE_CURVE('',#1042,(#1046,#1053),.PCURVE_S1.);
#1042 = LINE('',#1043,#1044);
#1043 = CARTESIAN_POINT('',(4.25,14.129246281329,-6.));
#1044 = VECTOR('',#1045,1.);
#1045 = DIRECTION('',(6.5E-16,1.,0.));
#1046 = PCURVE('',#973,#1047);
#1047 = DEFINITIONAL_REPRESENTATION('',(#1048),#1052);
#1048 = LINE('',#1049,#1050);
#1049 = CARTESIAN_POINT('',(-1.344803340444,-0.));
#1050 = VECTOR('',#1051,1.);
#1051 = DIRECTION('',(1.,0.));
#1052 = ( GEOMETRIC_REPRESENTATION_CONTEXT(2) 
PARAMETRIC_REPRESENTATION_CONTEXT() REPRESENTATION_CONTEXT('2D SPACE',''
  ) );
#1053 = PCURVE('',#913,#1054);
#1054 = DEFINITIONAL_REPRESENTATION('',(#1055),#1059);
#1055 = LINE('',#1056,#1057);
#1056 = CARTESIAN_POINT('',(4.25,1.344803340445));
#1057 = VECTOR('',#1058,1.);
#1058 = DIRECTION('',(6.5E-16,1.));
#1059 = ( GEOMETRIC_REPRESENTATION_CONTEXT(2) 
PARAMETRIC_REPRESENTATION_CONTEXT() REPRESENTATION_CONTEXT('2D SPACE',''
  ) );
#1060 = ORIENTED_EDGE('',*,*,#957,.T.);
#1061 = ORIENTED_EDGE('',*,*,#1062,.F.);
#1062 = EDGE_CURVE('',#1013,#958,#1063,.T.);
#1063 = SURFACE_CURVE('',#1064,(#1068,#1075),.PCURVE_S1.);
#1064 = LINE('',#1065,#1066);
#1065 = CARTESIAN_POINT('',(4.25,14.129246281329,-8.6));
#1066 = VECTOR('',#1067,1.);
#1067 = DIRECTION('',(-6.5E-16,-1.,0.));
#1068 = PCURVE('',#973,#1069);
#1069 = DEFINITIONAL_REPRESENTATION('',(#1070),#1074);
#1070 = LINE('',#1071,#1072);
#1071 = CARTESIAN_POINT('',(-1.344803340444,2.6));
#1072 = VECTOR('',#1073,1.);
#1073 = DIRECTION('',(-1.,-0.));
#1074 = ( GEOMETRIC_REPRESENTATION_CONTEXT(2) 
PARAMETRIC_REPRESENTATION_CONTEXT() REPRESENTATION_CONTEXT('2D SPACE',''
  ) );
#1075 = PCURVE('',#859,#1076);
#1076 = DEFINITIONAL_REPRESENTATION('',(#1077),#1081);
#1077 = LINE('',#1078,#1079);
#1078 = CARTESIAN_POINT('',(4.25,1.344803340445));
#1079 = VECTOR('',#1080,1.);
#1080 = DIRECTION('',(-6.5E-16,-1.));
#1081 = ( GEOMETRIC_REPRESENTATION_CONTEXT(2) 
PARAMETRIC_REPRESENTATION_CONTEXT() REPRESENTATION_CONTEXT('2D SPACE',''
  ) );
#1082 = ADVANCED_FACE('',(#1083),#1097,.F.);
#1083 = FACE_BOUND('',#1084,.T.);
#1084 = EDGE_LOOP('',(#1085,#1120,#1143,#1171));
#1085 = ORIENTED_EDGE('',*,*,#1086,.F.);
#1086 = EDGE_CURVE('',#1087,#1089,#1091,.T.);
#1087 = VERTEX_POINT('',#1088);
#1088 = CARTESIAN_POINT('',(5.75,-37.7,-6.));
#1089 = VERTEX_POINT('',#1090);
#1090 = CARTESIAN_POINT('',(5.75,-37.7,-8.6));
#1091 = SURFACE_CURVE('',#1092,(#1096,#1108),.PCURVE_S1.);
#1092 = LINE('',#1093,#1094);
#1093 = CARTESIAN_POINT('',(5.75,-37.7,-6.));
#1094 = VECTOR('',#1095,1.);
#1095 = DIRECTION('',(0.,0.,-1.));
#1096 = PCURVE('',#1097,#1102);
#1097 = PLANE('',#1098);
#1098 = AXIS2_PLACEMENT_3D('',#1099,#1100,#1101);
#1099 = CARTESIAN_POINT('',(5.75,-36.73404962177,-6.));
#1100 = DIRECTION('',(1.,2.45E-15,0.));
#1101 = DIRECTION('',(2.45E-15,-1.,0.));
#1102 = DEFINITIONAL_REPRESENTATION('',(#1103),#1107);
#1103 = LINE('',#1104,#1105);
#1104 = CARTESIAN_POINT('',(0.965950378226,0.));
#1105 = VECTOR('',#1106,1.);
#1106 = DIRECTION('',(0.,1.));
#1107 = ( GEOMETRIC_REPRESENTATION_CONTEXT(2) 
PARAMETRIC_REPRESENTATION_CONTEXT() REPRESENTATION_CONTEXT('2D SPACE',''
  ) );
#1108 = PCURVE('',#1109,#1114);
#1109 = PLANE('',#1110);
#1110 = AXIS2_PLACEMENT_3D('',#1111,#1112,#1113);
#1111 = CARTESIAN_POINT('',(8.,-37.7,-6.));
#1112 = DIRECTION('',(0.,-1.,0.));
#1113 = DIRECTION('',(-1.,0.,0.));
#1114 = DEFINITIONAL_REPRESENTATION('',(#1115),#1119);
#1115 = LINE('',#1116,#1117);
#1116 = CARTESIAN_POINT('',(2.25,0.));
#1117 = VECTOR('',#1118,1.);
#1118 = DIRECTION('',(0.,1.));
#1119 = ( GEOMETRIC_REPRESENTATION_CONTEXT(2) 
PARAMETRIC_REPRESENTATION_CONTEXT() REPRESENTATION_CONTEXT('2D SPACE',''
  ) );
#1120 = ORIENTED_EDGE('',*,*,#1121,.F.);
#1121 = EDGE_CURVE('',#1122,#1087,#1124,.T.);
#1122 = VERTEX_POINT('',#1123);
#1123 = CARTESIAN_POINT('',(5.75,-36.73404962177,-6.));
#1124 = SURFACE_CURVE('',#1125,(#1129,#1136),.PCURVE_S1.);
#1125 = LINE('',#1126,#1127);
#1126 = CARTESIAN_POINT('',(5.75,-35.35924628132,-6.));
#1127 = VECTOR('',#1128,1.);
#1128 = DIRECTION('',(2.45E-15,-1.,0.));
#1129 = PCURVE('',#1097,#1130);
#1130 = DEFINITIONAL_REPRESENTATION('',(#1131),#1135);
#1131 = LINE('',#1132,#1133);
#1132 = CARTESIAN_POINT('',(-1.374803340445,0.));
#1133 = VECTOR('',#1134,1.);
#1134 = DIRECTION('',(1.,0.));
#1135 = ( GEOMETRIC_REPRESENTATION_CONTEXT(2) 
PARAMETRIC_REPRESENTATION_CONTEXT() REPRESENTATION_CONTEXT('2D SPACE',''
  ) );
#1136 = PCURVE('',#635,#1137);
#1137 = DEFINITIONAL_REPRESENTATION('',(#1138),#1142);
#1138 = LINE('',#1139,#1140);
#1139 = CARTESIAN_POINT('',(5.75,-1.374803340445));
#1140 = VECTOR('',#1141,1.);
#1141 = DIRECTION('',(2.45E-15,-1.));
#1142 = ( GEOMETRIC_REPRESENTATION_CONTEXT(2) 
PARAMETRIC_REPRESENTATION_CONTEXT() REPRESENTATION_CONTEXT('2D SPACE',''
  ) );
#1143 = ORIENTED_EDGE('',*,*,#1144,.T.);
#1144 = EDGE_CURVE('',#1122,#1145,#1147,.T.);
#1145 = VERTEX_POINT('',#1146);
#1146 = CARTESIAN_POINT('',(5.75,-36.73404962177,-8.6));
#1147 = SURFACE_CURVE('',#1148,(#1152,#1159),.PCURVE_S1.);
#1148 = LINE('',#1149,#1150);
#1149 = CARTESIAN_POINT('',(5.75,-36.73404962177,-6.));
#1150 = VECTOR('',#1151,1.);
#1151 = DIRECTION('',(0.,0.,-1.));
#1152 = PCURVE('',#1097,#1153);
#1153 = DEFINITIONAL_REPRESENTATION('',(#1154),#1158);
#1154 = LINE('',#1155,#1156);
#1155 = CARTESIAN_POINT('',(0.,0.));
#1156 = VECTOR('',#1157,1.);
#1157 = DIRECTION('',(0.,1.));
#1158 = ( GEOMETRIC_REPRESENTATION_CONTEXT(2) 
PARAMETRIC_REPRESENTATION_CONTEXT() REPRESENTATION_CONTEXT('2D SPACE',''
  ) );
#1159 = PCURVE('',#1160,#1165);
#1160 = CYLINDRICAL_SURFACE('',#1161,2.);
#1161 = AXIS2_PLACEMENT_3D('',#1162,#1163,#1164);
#1162 = CARTESIAN_POINT('',(5.,-34.88,-6.));
#1163 = DIRECTION('',(0.,0.,-1.));
#1164 = DIRECTION('',(0.375,-0.927024810887,0.));
#1165 = DEFINITIONAL_REPRESENTATION('',(#1166),#1170);
#1166 = LINE('',#1167,#1168);
#1167 = CARTESIAN_POINT('',(6.28318530718,0.));
#1168 = VECTOR('',#1169,1.);
#1169 = DIRECTION('',(0.,1.));
#1170 = ( GEOMETRIC_REPRESENTATION_CONTEXT(2) 
PARAMETRIC_REPRESENTATION_CONTEXT() REPRESENTATION_CONTEXT('2D SPACE',''
  ) );
#1171 = ORIENTED_EDGE('',*,*,#1172,.F.);
#1172 = EDGE_CURVE('',#1089,#1145,#1173,.T.);
#1173 = SURFACE_CURVE('',#1174,(#1178,#1185),.PCURVE_S1.);
#1174 = LINE('',#1175,#1176);
#1175 = CARTESIAN_POINT('',(5.75,-35.35924628132,-8.6));
#1176 = VECTOR('',#1177,1.);
#1177 = DIRECTION('',(-2.45E-15,1.,0.));
#1178 = PCURVE('',#1097,#1179);
#1179 = DEFINITIONAL_REPRESENTATION('',(#1180),#1184);
#1180 = LINE('',#1181,#1182);
#1181 = CARTESIAN_POINT('',(-1.374803340445,2.6));
#1182 = VECTOR('',#1183,1.);
#1183 = DIRECTION('',(-1.,0.));
#1184 = ( GEOMETRIC_REPRESENTATION_CONTEXT(2) 
PARAMETRIC_REPRESENTATION_CONTEXT() REPRESENTATION_CONTEXT('2D SPACE',''
  ) );
#1185 = PCURVE('',#581,#1186);
#1186 = DEFINITIONAL_REPRESENTATION('',(#1187),#1191);
#1187 = LINE('',#1188,#1189);
#1188 = CARTESIAN_POINT('',(5.75,-1.374803340445));
#1189 = VECTOR('',#1190,1.);
#1190 = DIRECTION('',(-2.45E-15,1.));
#1191 = ( GEOMETRIC_REPRESENTATION_CONTEXT(2) 
PARAMETRIC_REPRESENTATION_CONTEXT() REPRESENTATION_CONTEXT('2D SPACE',''
  ) );
#1192 = ADVANCED_FACE('',(#1193),#1160,.F.);
#1193 = FACE_BOUND('',#1194,.F.);
#1194 = EDGE_LOOP('',(#1195,#1225,#1251,#1252));
#1195 = ORIENTED_EDGE('',*,*,#1196,.F.);
#1196 = EDGE_CURVE('',#1197,#1199,#1201,.T.);
#1197 = VERTEX_POINT('',#1198);
#1198 = CARTESIAN_POINT('',(4.25,-36.73404962177,-6.));
#1199 = VERTEX_POINT('',#1200);
#1200 = CARTESIAN_POINT('',(4.25,-36.73404962177,-8.6));
#1201 = SURFACE_CURVE('',#1202,(#1206,#1213),.PCURVE_S1.);
#1202 = LINE('',#1203,#1204);
#1203 = CARTESIAN_POINT('',(4.25,-36.73404962177,-6.));
#1204 = VECTOR('',#1205,1.);
#1205 = DIRECTION('',(0.,0.,-1.));
#1206 = PCURVE('',#1160,#1207);
#1207 = DEFINITIONAL_REPRESENTATION('',(#1208),#1212);
#1208 = LINE('',#1209,#1210);
#1209 = CARTESIAN_POINT('',(0.768793548991,0.));
#1210 = VECTOR('',#1211,1.);
#1211 = DIRECTION('',(0.,1.));
#1212 = ( GEOMETRIC_REPRESENTATION_CONTEXT(2) 
PARAMETRIC_REPRESENTATION_CONTEXT() REPRESENTATION_CONTEXT('2D SPACE',''
  ) );
#1213 = PCURVE('',#1214,#1219);
#1214 = PLANE('',#1215);
#1215 = AXIS2_PLACEMENT_3D('',#1216,#1217,#1218);
#1216 = CARTESIAN_POINT('',(4.25,-38.99610055232,-6.));
#1217 = DIRECTION('',(-1.,2.94E-15,0.));
#1218 = DIRECTION('',(2.94E-15,1.,0.));
#1219 = DEFINITIONAL_REPRESENTATION('',(#1220),#1224);
#1220 = LINE('',#1221,#1222);
#1221 = CARTESIAN_POINT('',(2.262050930551,0.));
#1222 = VECTOR('',#1223,1.);
#1223 = DIRECTION('',(0.,1.));
#1224 = ( GEOMETRIC_REPRESENTATION_CONTEXT(2) 
PARAMETRIC_REPRESENTATION_CONTEXT() REPRESENTATION_CONTEXT('2D SPACE',''
  ) );
#1225 = ORIENTED_EDGE('',*,*,#1226,.T.);
#1226 = EDGE_CURVE('',#1197,#1122,#1227,.T.);
#1227 = SURFACE_CURVE('',#1228,(#1233,#1240),.PCURVE_S1.);
#1228 = CIRCLE('',#1229,2.);
#1229 = AXIS2_PLACEMENT_3D('',#1230,#1231,#1232);
#1230 = CARTESIAN_POINT('',(5.,-34.88,-6.));
#1231 = DIRECTION('',(0.,0.,-1.));
#1232 = DIRECTION('',(0.375,-0.927024810887,0.));
#1233 = PCURVE('',#1160,#1234);
#1234 = DEFINITIONAL_REPRESENTATION('',(#1235),#1239);
#1235 = LINE('',#1236,#1237);
#1236 = CARTESIAN_POINT('',(-1.1E-16,0.));
#1237 = VECTOR('',#1238,1.);
#1238 = DIRECTION('',(1.,0.));
#1239 = ( GEOMETRIC_REPRESENTATION_CONTEXT(2) 
PARAMETRIC_REPRESENTATION_CONTEXT() REPRESENTATION_CONTEXT('2D SPACE',''
  ) );
#1240 = PCURVE('',#635,#1241);
#1241 = DEFINITIONAL_REPRESENTATION('',(#1242),#1250);
#1242 = ( BOUNDED_CURVE() B_SPLINE_CURVE(2,(#1243,#1244,#1245,#1246,
#1247,#1248,#1249),.UNSPECIFIED.,.T.,.F.) B_SPLINE_CURVE_WITH_KNOTS((1,2
    ,2,2,2,1),(-2.094395102393,0.,2.094395102393,4.188790204786,
6.28318530718,8.377580409573),.UNSPECIFIED.) CURVE() 
GEOMETRIC_REPRESENTATION_ITEM() RATIONAL_B_SPLINE_CURVE((1.,0.5,1.,0.5,
1.,0.5,1.)) REPRESENTATION_ITEM('') );
#1243 = CARTESIAN_POINT('',(5.75,-2.749606680889));
#1244 = CARTESIAN_POINT('',(2.538691855334,-4.048644786566));
#1245 = CARTESIAN_POINT('',(3.019345927667,-0.618051301066));
#1246 = CARTESIAN_POINT('',(3.5,2.812542184433));
#1247 = CARTESIAN_POINT('',(6.230654072333,0.68098680461));
#1248 = CARTESIAN_POINT('',(8.961308144666,-1.450568575212));
#1249 = CARTESIAN_POINT('',(5.75,-2.749606680889));
#1250 = ( GEOMETRIC_REPRESENTATION_CONTEXT(2) 
PARAMETRIC_REPRESENTATION_CONTEXT() REPRESENTATION_CONTEXT('2D SPACE',''
  ) );
#1251 = ORIENTED_EDGE('',*,*,#1144,.T.);
#1252 = ORIENTED_EDGE('',*,*,#1253,.T.);
#1253 = EDGE_CURVE('',#1145,#1199,#1254,.T.);
#1254 = SURFACE_CURVE('',#1255,(#1260,#1267),.PCURVE_S1.);
#1255 = CIRCLE('',#1256,2.);
#1256 = AXIS2_PLACEMENT_3D('',#1257,#1258,#1259);
#1257 = CARTESIAN_POINT('',(5.,-34.88,-8.6));
#1258 = DIRECTION('',(0.,0.,1.));
#1259 = DIRECTION('',(0.375,-0.927024810887,0.));
#1260 = PCURVE('',#1160,#1261);
#1261 = DEFINITIONAL_REPRESENTATION('',(#1262),#1266);
#1262 = LINE('',#1263,#1264);
#1263 = CARTESIAN_POINT('',(6.28318530718,2.6));
#1264 = VECTOR('',#1265,1.);
#1265 = DIRECTION('',(-1.,0.));
#1266 = ( GEOMETRIC_REPRESENTATION_CONTEXT(2) 
PARAMETRIC_REPRESENTATION_CONTEXT() REPRESENTATION_CONTEXT('2D SPACE',''
  ) );
#1267 = PCURVE('',#581,#1268);
#1268 = DEFINITIONAL_REPRESENTATION('',(#1269),#1273);
#1269 = CIRCLE('',#1270,2.);
#1270 = AXIS2_PLACEMENT_2D('',#1271,#1272);
#1271 = CARTESIAN_POINT('',(5.,-0.895557059115));
#1272 = DIRECTION('',(0.375,-0.927024810887));
#1273 = ( GEOMETRIC_REPRESENTATION_CONTEXT(2) 
PARAMETRIC_REPRESENTATION_CONTEXT() REPRESENTATION_CONTEXT('2D SPACE',''
  ) );
#1274 = ADVANCED_FACE('',(#1275),#1214,.F.);
#1275 = FACE_BOUND('',#1276,.T.);
#1276 = EDGE_LOOP('',(#1277,#1302,#1323,#1324));
#1277 = ORIENTED_EDGE('',*,*,#1278,.F.);
#1278 = EDGE_CURVE('',#1279,#1281,#1283,.T.);
#1279 = VERTEX_POINT('',#1280);
#1280 = CARTESIAN_POINT('',(4.25,-37.7,-8.6));
#1281 = VERTEX_POINT('',#1282);
#1282 = CARTESIAN_POINT('',(4.25,-37.7,-6.));
#1283 = SURFACE_CURVE('',#1284,(#1288,#1295),.PCURVE_S1.);
#1284 = LINE('',#1285,#1286);
#1285 = CARTESIAN_POINT('',(4.25,-37.7,-6.));
#1286 = VECTOR('',#1287,1.);
#1287 = DIRECTION('',(0.,0.,1.));
#1288 = PCURVE('',#1214,#1289);
#1289 = DEFINITIONAL_REPRESENTATION('',(#1290),#1294);
#1290 = LINE('',#1291,#1292);
#1291 = CARTESIAN_POINT('',(1.296100552325,0.));
#1292 = VECTOR('',#1293,1.);
#1293 = DIRECTION('',(0.,-1.));
#1294 = ( GEOMETRIC_REPRESENTATION_CONTEXT(2) 
PARAMETRIC_REPRESENTATION_CONTEXT() REPRESENTATION_CONTEXT('2D SPACE',''
  ) );
#1295 = PCURVE('',#673,#1296);
#1296 = DEFINITIONAL_REPRESENTATION('',(#1297),#1301);
#1297 = LINE('',#1298,#1299);
#1298 = CARTESIAN_POINT('',(3.75,0.));
#1299 = VECTOR('',#1300,1.);
#1300 = DIRECTION('',(0.,-1.));
#1301 = ( GEOMETRIC_REPRESENTATION_CONTEXT(2) 
PARAMETRIC_REPRESENTATION_CONTEXT() REPRESENTATION_CONTEXT('2D SPACE',''
  ) );
#1302 = ORIENTED_EDGE('',*,*,#1303,.F.);
#1303 = EDGE_CURVE('',#1199,#1279,#1304,.T.);
#1304 = SURFACE_CURVE('',#1305,(#1309,#1316),.PCURVE_S1.);
#1305 = LINE('',#1306,#1307);
#1306 = CARTESIAN_POINT('',(4.25,-36.4902717466,-8.6));
#1307 = VECTOR('',#1308,1.);
#1308 = DIRECTION('',(-2.94E-15,-1.,0.));
#1309 = PCURVE('',#1214,#1310);
#1310 = DEFINITIONAL_REPRESENTATION('',(#1311),#1315);
#1311 = LINE('',#1312,#1313);
#1312 = CARTESIAN_POINT('',(2.50582880572,2.6));
#1313 = VECTOR('',#1314,1.);
#1314 = DIRECTION('',(-1.,-0.));
#1315 = ( GEOMETRIC_REPRESENTATION_CONTEXT(2) 
PARAMETRIC_REPRESENTATION_CONTEXT() REPRESENTATION_CONTEXT('2D SPACE',''
  ) );
#1316 = PCURVE('',#581,#1317);
#1317 = DEFINITIONAL_REPRESENTATION('',(#1318),#1322);
#1318 = LINE('',#1319,#1320);
#1319 = CARTESIAN_POINT('',(4.25,-2.50582880572));
#1320 = VECTOR('',#1321,1.);
#1321 = DIRECTION('',(-2.94E-15,-1.));
#1322 = ( GEOMETRIC_REPRESENTATION_CONTEXT(2) 
PARAMETRIC_REPRESENTATION_CONTEXT() REPRESENTATION_CONTEXT('2D SPACE',''
  ) );
#1323 = ORIENTED_EDGE('',*,*,#1196,.F.);
#1324 = ORIENTED_EDGE('',*,*,#1325,.F.);
#1325 = EDGE_CURVE('',#1281,#1197,#1326,.T.);
#1326 = SURFACE_CURVE('',#1327,(#1331,#1338),.PCURVE_S1.);
#1327 = LINE('',#1328,#1329);
#1328 = CARTESIAN_POINT('',(4.25,-36.4902717466,-6.));
#1329 = VECTOR('',#1330,1.);
#1330 = DIRECTION('',(2.94E-15,1.,0.));
#1331 = PCURVE('',#1214,#1332);
#1332 = DEFINITIONAL_REPRESENTATION('',(#1333),#1337);
#1333 = LINE('',#1334,#1335);
#1334 = CARTESIAN_POINT('',(2.50582880572,0.));
#1335 = VECTOR('',#1336,1.);
#1336 = DIRECTION('',(1.,0.));
#1337 = ( GEOMETRIC_REPRESENTATION_CONTEXT(2) 
PARAMETRIC_REPRESENTATION_CONTEXT() REPRESENTATION_CONTEXT('2D SPACE',''
  ) );
#1338 = PCURVE('',#635,#1339);
#1339 = DEFINITIONAL_REPRESENTATION('',(#1340),#1344);
#1340 = LINE('',#1341,#1342);
#1341 = CARTESIAN_POINT('',(4.25,-2.50582880572));
#1342 = VECTOR('',#1343,1.);
#1343 = DIRECTION('',(2.94E-15,1.));
#1344 = ( GEOMETRIC_REPRESENTATION_CONTEXT(2) 
PARAMETRIC_REPRESENTATION_CONTEXT() REPRESENTATION_CONTEXT('2D SPACE',''
  ) );
#1345 = ADVANCED_FACE('',(#1346),#1360,.F.);
#1346 = FACE_BOUND('',#1347,.T.);
#1347 = EDGE_LOOP('',(#1348,#1378,#1401,#1429));
#1348 = ORIENTED_EDGE('',*,*,#1349,.F.);
#1349 = EDGE_CURVE('',#1350,#1352,#1354,.T.);
#1350 = VERTEX_POINT('',#1351);
#1351 = CARTESIAN_POINT('',(-4.25,16.5,-8.6));
#1352 = VERTEX_POINT('',#1353);
#1353 = CARTESIAN_POINT('',(-4.25,16.5,-6.));
#1354 = SURFACE_CURVE('',#1355,(#1359,#1371),.PCURVE_S1.);
#1355 = LINE('',#1356,#1357);
#1356 = CARTESIAN_POINT('',(-4.25,16.5,-6.));
#1357 = VECTOR('',#1358,1.);
#1358 = DIRECTION('',(0.,0.,1.));
#1359 = PCURVE('',#1360,#1365);
#1360 = PLANE('',#1361);
#1361 = AXIS2_PLACEMENT_3D('',#1362,#1363,#1364);
#1362 = CARTESIAN_POINT('',(-4.25,18.053022314129,-6.));
#1363 = DIRECTION('',(1.,4.3E-16,0.));
#1364 = DIRECTION('',(4.3E-16,-1.,0.));
#1365 = DEFINITIONAL_REPRESENTATION('',(#1366),#1370);
#1366 = LINE('',#1367,#1368);
#1367 = CARTESIAN_POINT('',(1.553022314129,0.));
#1368 = VECTOR('',#1369,1.);
#1369 = DIRECTION('',(0.,-1.));
#1370 = ( GEOMETRIC_REPRESENTATION_CONTEXT(2) 
PARAMETRIC_REPRESENTATION_CONTEXT() REPRESENTATION_CONTEXT('2D SPACE',''
  ) );
#1371 = PCURVE('',#1028,#1372);
#1372 = DEFINITIONAL_REPRESENTATION('',(#1373),#1377);
#1373 = LINE('',#1374,#1375);
#1374 = CARTESIAN_POINT('',(3.75,0.));
#1375 = VECTOR('',#1376,1.);
#1376 = DIRECTION('',(0.,-1.));
#1377 = ( GEOMETRIC_REPRESENTATION_CONTEXT(2) 
PARAMETRIC_REPRESENTATION_CONTEXT() REPRESENTATION_CONTEXT('2D SPACE',''
  ) );
#1378 = ORIENTED_EDGE('',*,*,#1379,.F.);
#1379 = EDGE_CURVE('',#1380,#1350,#1382,.T.);
#1380 = VERTEX_POINT('',#1381);
#1381 = CARTESIAN_POINT('',(-4.25,15.474049621774,-8.6));
#1382 = SURFACE_CURVE('',#1383,(#1387,#1394),.PCURVE_S1.);
#1383 = LINE('',#1384,#1385);
#1384 = CARTESIAN_POINT('',(-4.25,15.418732627507,-8.6));
#1385 = VECTOR('',#1386,1.);
#1386 = DIRECTION('',(-4.3E-16,1.,0.));
#1387 = PCURVE('',#1360,#1388);
#1388 = DEFINITIONAL_REPRESENTATION('',(#1389),#1393);
#1389 = LINE('',#1390,#1391);
#1390 = CARTESIAN_POINT('',(2.634289686622,2.6));
#1391 = VECTOR('',#1392,1.);
#1392 = DIRECTION('',(-1.,0.));
#1393 = ( GEOMETRIC_REPRESENTATION_CONTEXT(2) 
PARAMETRIC_REPRESENTATION_CONTEXT() REPRESENTATION_CONTEXT('2D SPACE',''
  ) );
#1394 = PCURVE('',#859,#1395);
#1395 = DEFINITIONAL_REPRESENTATION('',(#1396),#1400);
#1396 = LINE('',#1397,#1398);
#1397 = CARTESIAN_POINT('',(-4.25,2.634289686622));
#1398 = VECTOR('',#1399,1.);
#1399 = DIRECTION('',(-4.3E-16,1.));
#1400 = ( GEOMETRIC_REPRESENTATION_CONTEXT(2) 
PARAMETRIC_REPRESENTATION_CONTEXT() REPRESENTATION_CONTEXT('2D SPACE',''
  ) );
#1401 = ORIENTED_EDGE('',*,*,#1402,.F.);
#1402 = EDGE_CURVE('',#1403,#1380,#1405,.T.);
#1403 = VERTEX_POINT('',#1404);
#1404 = CARTESIAN_POINT('',(-4.25,15.474049621774,-6.));
#1405 = SURFACE_CURVE('',#1406,(#1410,#1417),.PCURVE_S1.);
#1406 = LINE('',#1407,#1408);
#1407 = CARTESIAN_POINT('',(-4.25,15.474049621774,-6.));
#1408 = VECTOR('',#1409,1.);
#1409 = DIRECTION('',(0.,0.,-1.));
#1410 = PCURVE('',#1360,#1411);
#1411 = DEFINITIONAL_REPRESENTATION('',(#1412),#1416);
#1412 = LINE('',#1413,#1414);
#1413 = CARTESIAN_POINT('',(2.578972692355,0.));
#1414 = VECTOR('',#1415,1.);
#1415 = DIRECTION('',(0.,1.));
#1416 = ( GEOMETRIC_REPRESENTATION_CONTEXT(2) 
PARAMETRIC_REPRESENTATION_CONTEXT() REPRESENTATION_CONTEXT('2D SPACE',''
  ) );
#1417 = PCURVE('',#1418,#1423);
#1418 = CYLINDRICAL_SURFACE('',#1419,2.);
#1419 = AXIS2_PLACEMENT_3D('',#1420,#1421,#1422);
#1420 = CARTESIAN_POINT('',(-5.,13.62,-6.));
#1421 = DIRECTION('',(0.,0.,-1.));
#1422 = DIRECTION('',(0.375,-0.927024810887,0.));
#1423 = DEFINITIONAL_REPRESENTATION('',(#1424),#1428);
#1424 = LINE('',#1425,#1426);
#1425 = CARTESIAN_POINT('',(-2.372799104599,0.));
#1426 = VECTOR('',#1427,1.);
#1427 = DIRECTION('',(0.,1.));
#1428 = ( GEOMETRIC_REPRESENTATION_CONTEXT(2) 
PARAMETRIC_REPRESENTATION_CONTEXT() REPRESENTATION_CONTEXT('2D SPACE',''
  ) );
#1429 = ORIENTED_EDGE('',*,*,#1430,.F.);
#1430 = EDGE_CURVE('',#1352,#1403,#1431,.T.);
#1431 = SURFACE_CURVE('',#1432,(#1436,#1443),.PCURVE_S1.);
#1432 = LINE('',#1433,#1434);
#1433 = CARTESIAN_POINT('',(-4.25,15.418732627507,-6.));
#1434 = VECTOR('',#1435,1.);
#1435 = DIRECTION('',(4.3E-16,-1.,0.));
#1436 = PCURVE('',#1360,#1437);
#1437 = DEFINITIONAL_REPRESENTATION('',(#1438),#1442);
#1438 = LINE('',#1439,#1440);
#1439 = CARTESIAN_POINT('',(2.634289686622,0.));
#1440 = VECTOR('',#1441,1.);
#1441 = DIRECTION('',(1.,0.));
#1442 = ( GEOMETRIC_REPRESENTATION_CONTEXT(2) 
PARAMETRIC_REPRESENTATION_CONTEXT() REPRESENTATION_CONTEXT('2D SPACE',''
  ) );
#1443 = PCURVE('',#913,#1444);
#1444 = DEFINITIONAL_REPRESENTATION('',(#1445),#1449);
#1445 = LINE('',#1446,#1447);
#1446 = CARTESIAN_POINT('',(-4.25,2.634289686622));
#1447 = VECTOR('',#1448,1.);
#1448 = DIRECTION('',(4.3E-16,-1.));
#1449 = ( GEOMETRIC_REPRESENTATION_CONTEXT(2) 
PARAMETRIC_REPRESENTATION_CONTEXT() REPRESENTATION_CONTEXT('2D SPACE',''
  ) );
#1450 = ADVANCED_FACE('',(#1451),#1418,.F.);
#1451 = FACE_BOUND('',#1452,.F.);
#1452 = EDGE_LOOP('',(#1453,#1454,#1482,#1510));
#1453 = ORIENTED_EDGE('',*,*,#1402,.F.);
#1454 = ORIENTED_EDGE('',*,*,#1455,.T.);
#1455 = EDGE_CURVE('',#1403,#1456,#1458,.T.);
#1456 = VERTEX_POINT('',#1457);
#1457 = CARTESIAN_POINT('',(-5.75,15.474049621774,-6.));
#1458 = SURFACE_CURVE('',#1459,(#1464,#1471),.PCURVE_S1.);
#1459 = CIRCLE('',#1460,2.);
#1460 = AXIS2_PLACEMENT_3D('',#1461,#1462,#1463);
#1461 = CARTESIAN_POINT('',(-5.,13.62,-6.));
#1462 = DIRECTION('',(0.,0.,-1.));
#1463 = DIRECTION('',(0.375,-0.927024810887,0.));
#1464 = PCURVE('',#1418,#1465);
#1465 = DEFINITIONAL_REPRESENTATION('',(#1466),#1470);
#1466 = LINE('',#1467,#1468);
#1467 = CARTESIAN_POINT('',(-6.28318530718,0.));
#1468 = VECTOR('',#1469,1.);
#1469 = DIRECTION('',(1.,0.));
#1470 = ( GEOMETRIC_REPRESENTATION_CONTEXT(2) 
PARAMETRIC_REPRESENTATION_CONTEXT() REPRESENTATION_CONTEXT('2D SPACE',''
  ) );
#1471 = PCURVE('',#913,#1472);
#1472 = DEFINITIONAL_REPRESENTATION('',(#1473),#1481);
#1473 = ( BOUNDED_CURVE() B_SPLINE_CURVE(2,(#1474,#1475,#1476,#1477,
#1478,#1479,#1480),.UNSPECIFIED.,.T.,.F.) B_SPLINE_CURVE_WITH_KNOTS((1,2
    ,2,2,2,1),(-2.094395102393,0.,2.094395102393,4.188790204786,
6.28318530718,8.377580409573),.UNSPECIFIED.) CURVE() 
GEOMETRIC_REPRESENTATION_ITEM() RATIONAL_B_SPLINE_CURVE((1.,0.5,1.,0.5,
1.,0.5,1.)) REPRESENTATION_ITEM('') );
#1474 = CARTESIAN_POINT('',(-4.25,-1.018492562659));
#1475 = CARTESIAN_POINT('',(-7.461308144666,-2.317530668335));
#1476 = CARTESIAN_POINT('',(-6.980654072333,1.113062817164));
#1477 = CARTESIAN_POINT('',(-6.5,4.543656302663));
#1478 = CARTESIAN_POINT('',(-3.769345927667,2.41210092284));
#1479 = CARTESIAN_POINT('',(-1.038691855334,0.280545543018));
#1480 = CARTESIAN_POINT('',(-4.25,-1.018492562659));
#1481 = ( GEOMETRIC_REPRESENTATION_CONTEXT(2) 
PARAMETRIC_REPRESENTATION_CONTEXT() REPRESENTATION_CONTEXT('2D SPACE',''
  ) );
#1482 = ORIENTED_EDGE('',*,*,#1483,.T.);
#1483 = EDGE_CURVE('',#1456,#1484,#1486,.T.);
#1484 = VERTEX_POINT('',#1485);
#1485 = CARTESIAN_POINT('',(-5.75,15.474049621774,-8.6));
#1486 = SURFACE_CURVE('',#1487,(#1491,#1498),.PCURVE_S1.);
#1487 = LINE('',#1488,#1489);
#1488 = CARTESIAN_POINT('',(-5.75,15.474049621774,-6.));
#1489 = VECTOR('',#1490,1.);
#1490 = DIRECTION('',(0.,0.,-1.));
#1491 = PCURVE('',#1418,#1492);
#1492 = DEFINITIONAL_REPRESENTATION('',(#1493),#1497);
#1493 = LINE('',#1494,#1495);
#1494 = CARTESIAN_POINT('',(3.14159265359,0.));
#1495 = VECTOR('',#1496,1.);
#1496 = DIRECTION('',(0.,1.));
#1497 = ( GEOMETRIC_REPRESENTATION_CONTEXT(2) 
PARAMETRIC_REPRESENTATION_CONTEXT() REPRESENTATION_CONTEXT('2D SPACE',''
  ) );
#1498 = PCURVE('',#1499,#1504);
#1499 = PLANE('',#1500);
#1500 = AXIS2_PLACEMENT_3D('',#1501,#1502,#1503);
#1501 = CARTESIAN_POINT('',(-5.75,15.474049621774,-6.));
#1502 = DIRECTION('',(-1.,1.29E-15,0.));
#1503 = DIRECTION('',(1.29E-15,1.,0.));
#1504 = DEFINITIONAL_REPRESENTATION('',(#1505),#1509);
#1505 = LINE('',#1506,#1507);
#1506 = CARTESIAN_POINT('',(0.,0.));
#1507 = VECTOR('',#1508,1.);
#1508 = DIRECTION('',(0.,1.));
#1509 = ( GEOMETRIC_REPRESENTATION_CONTEXT(2) 
PARAMETRIC_REPRESENTATION_CONTEXT() REPRESENTATION_CONTEXT('2D SPACE',''
  ) );
#1510 = ORIENTED_EDGE('',*,*,#1511,.T.);
#1511 = EDGE_CURVE('',#1484,#1380,#1512,.T.);
#1512 = SURFACE_CURVE('',#1513,(#1518,#1525),.PCURVE_S1.);
#1513 = CIRCLE('',#1514,2.);
#1514 = AXIS2_PLACEMENT_3D('',#1515,#1516,#1517);
#1515 = CARTESIAN_POINT('',(-5.,13.62,-8.6));
#1516 = DIRECTION('',(0.,0.,1.));
#1517 = DIRECTION('',(0.375,-0.927024810887,0.));
#1518 = PCURVE('',#1418,#1519);
#1519 = DEFINITIONAL_REPRESENTATION('',(#1520),#1524);
#1520 = LINE('',#1521,#1522);
#1521 = CARTESIAN_POINT('',(6.28318530718,2.6));
#1522 = VECTOR('',#1523,1.);
#1523 = DIRECTION('',(-1.,0.));
#1524 = ( GEOMETRIC_REPRESENTATION_CONTEXT(2) 
PARAMETRIC_REPRESENTATION_CONTEXT() REPRESENTATION_CONTEXT('2D SPACE',''
  ) );
#1525 = PCURVE('',#859,#1526);
#1526 = DEFINITIONAL_REPRESENTATION('',(#1527),#1531);
#1527 = CIRCLE('',#1528,2.);
#1528 = AXIS2_PLACEMENT_2D('',#1529,#1530);
#1529 = CARTESIAN_POINT('',(-5.,0.835557059115));
#1530 = DIRECTION('',(0.375,-0.927024810887));
#1531 = ( GEOMETRIC_REPRESENTATION_CONTEXT(2) 
PARAMETRIC_REPRESENTATION_CONTEXT() REPRESENTATION_CONTEXT('2D SPACE',''
  ) );
#1532 = ADVANCED_FACE('',(#1533),#1499,.F.);
#1533 = FACE_BOUND('',#1534,.T.);
#1534 = EDGE_LOOP('',(#1535,#1565,#1586,#1587));
#1535 = ORIENTED_EDGE('',*,*,#1536,.F.);
#1536 = EDGE_CURVE('',#1537,#1539,#1541,.T.);
#1537 = VERTEX_POINT('',#1538);
#1538 = CARTESIAN_POINT('',(-5.75,16.5,-6.));
#1539 = VERTEX_POINT('',#1540);
#1540 = CARTESIAN_POINT('',(-5.75,16.5,-8.6));
#1541 = SURFACE_CURVE('',#1542,(#1546,#1553),.PCURVE_S1.);
#1542 = LINE('',#1543,#1544);
#1543 = CARTESIAN_POINT('',(-5.75,16.5,-6.));
#1544 = VECTOR('',#1545,1.);
#1545 = DIRECTION('',(0.,0.,-1.));
#1546 = PCURVE('',#1499,#1547);
#1547 = DEFINITIONAL_REPRESENTATION('',(#1548),#1552);
#1548 = LINE('',#1549,#1550);
#1549 = CARTESIAN_POINT('',(1.025950378226,0.));
#1550 = VECTOR('',#1551,1.);
#1551 = DIRECTION('',(0.,1.));
#1552 = ( GEOMETRIC_REPRESENTATION_CONTEXT(2) 
PARAMETRIC_REPRESENTATION_CONTEXT() REPRESENTATION_CONTEXT('2D SPACE',''
  ) );
#1553 = PCURVE('',#1554,#1559);
#1554 = PLANE('',#1555);
#1555 = AXIS2_PLACEMENT_3D('',#1556,#1557,#1558);
#1556 = CARTESIAN_POINT('',(-8.,16.5,-6.));
#1557 = DIRECTION('',(-2.8E-16,1.,0.));
#1558 = DIRECTION('',(1.,2.8E-16,0.));
#1559 = DEFINITIONAL_REPRESENTATION('',(#1560),#1564);
#1560 = LINE('',#1561,#1562);
#1561 = CARTESIAN_POINT('',(2.25,0.));
#1562 = VECTOR('',#1563,1.);
#1563 = DIRECTION('',(0.,1.));
#1564 = ( GEOMETRIC_REPRESENTATION_CONTEXT(2) 
PARAMETRIC_REPRESENTATION_CONTEXT() REPRESENTATION_CONTEXT('2D SPACE',''
  ) );
#1565 = ORIENTED_EDGE('',*,*,#1566,.F.);
#1566 = EDGE_CURVE('',#1456,#1537,#1567,.T.);
#1567 = SURFACE_CURVE('',#1568,(#1572,#1579),.PCURVE_S1.);
#1568 = LINE('',#1569,#1570);
#1569 = CARTESIAN_POINT('',(-5.75,14.129246281329,-6.));
#1570 = VECTOR('',#1571,1.);
#1571 = DIRECTION('',(1.29E-15,1.,0.));
#1572 = PCURVE('',#1499,#1573);
#1573 = DEFINITIONAL_REPRESENTATION('',(#1574),#1578);
#1574 = LINE('',#1575,#1576);
#1575 = CARTESIAN_POINT('',(-1.344803340444,-0.));
#1576 = VECTOR('',#1577,1.);
#1577 = DIRECTION('',(1.,0.));
#1578 = ( GEOMETRIC_REPRESENTATION_CONTEXT(2) 
PARAMETRIC_REPRESENTATION_CONTEXT() REPRESENTATION_CONTEXT('2D SPACE',''
  ) );
#1579 = PCURVE('',#913,#1580);
#1580 = DEFINITIONAL_REPRESENTATION('',(#1581),#1585);
#1581 = LINE('',#1582,#1583);
#1582 = CARTESIAN_POINT('',(-5.75,1.344803340445));
#1583 = VECTOR('',#1584,1.);
#1584 = DIRECTION('',(1.29E-15,1.));
#1585 = ( GEOMETRIC_REPRESENTATION_CONTEXT(2) 
PARAMETRIC_REPRESENTATION_CONTEXT() REPRESENTATION_CONTEXT('2D SPACE',''
  ) );
#1586 = ORIENTED_EDGE('',*,*,#1483,.T.);
#1587 = ORIENTED_EDGE('',*,*,#1588,.F.);
#1588 = EDGE_CURVE('',#1539,#1484,#1589,.T.);
#1589 = SURFACE_CURVE('',#1590,(#1594,#1601),.PCURVE_S1.);
#1590 = LINE('',#1591,#1592);
#1591 = CARTESIAN_POINT('',(-5.75,14.129246281329,-8.6));
#1592 = VECTOR('',#1593,1.);
#1593 = DIRECTION('',(-1.29E-15,-1.,0.));
#1594 = PCURVE('',#1499,#1595);
#1595 = DEFINITIONAL_REPRESENTATION('',(#1596),#1600);
#1596 = LINE('',#1597,#1598);
#1597 = CARTESIAN_POINT('',(-1.344803340444,2.6));
#1598 = VECTOR('',#1599,1.);
#1599 = DIRECTION('',(-1.,-0.));
#1600 = ( GEOMETRIC_REPRESENTATION_CONTEXT(2) 
PARAMETRIC_REPRESENTATION_CONTEXT() REPRESENTATION_CONTEXT('2D SPACE',''
  ) );
#1601 = PCURVE('',#859,#1602);
#1602 = DEFINITIONAL_REPRESENTATION('',(#1603),#1607);
#1603 = LINE('',#1604,#1605);
#1604 = CARTESIAN_POINT('',(-5.75,1.344803340445));
#1605 = VECTOR('',#1606,1.);
#1606 = DIRECTION('',(-1.29E-15,-1.));
#1607 = ( GEOMETRIC_REPRESENTATION_CONTEXT(2) 
PARAMETRIC_REPRESENTATION_CONTEXT() REPRESENTATION_CONTEXT('2D SPACE',''
  ) );
#1608 = ADVANCED_FACE('',(#1609),#635,.T.);
#1609 = FACE_BOUND('',#1610,.T.);
#1610 = EDGE_LOOP('',(#1611,#1612,#1613,#1614,#1635,#1636,#1637,#1638,
    #1661,#1694,#1722,#1750,#1778,#1811));
#1611 = ORIENTED_EDGE('',*,*,#621,.T.);
#1612 = ORIENTED_EDGE('',*,*,#756,.T.);
#1613 = ORIENTED_EDGE('',*,*,#685,.T.);
#1614 = ORIENTED_EDGE('',*,*,#1615,.F.);
#1615 = EDGE_CURVE('',#1281,#651,#1616,.T.);
#1616 = SURFACE_CURVE('',#1617,(#1621,#1628),.PCURVE_S1.);
#1617 = LINE('',#1618,#1619);
#1618 = CARTESIAN_POINT('',(8.,-37.7,-6.));
#1619 = VECTOR('',#1620,1.);
#1620 = DIRECTION('',(-1.,0.,0.));
#1621 = PCURVE('',#635,#1622);
#1622 = DEFINITIONAL_REPRESENTATION('',(#1623),#1627);
#1623 = LINE('',#1624,#1625);
#1624 = CARTESIAN_POINT('',(8.,-3.715557059115));
#1625 = VECTOR('',#1626,1.);
#1626 = DIRECTION('',(-1.,0.));
#1627 = ( GEOMETRIC_REPRESENTATION_CONTEXT(2) 
PARAMETRIC_REPRESENTATION_CONTEXT() REPRESENTATION_CONTEXT('2D SPACE',''
  ) );
#1628 = PCURVE('',#673,#1629);
#1629 = DEFINITIONAL_REPRESENTATION('',(#1630),#1634);
#1630 = LINE('',#1631,#1632);
#1631 = CARTESIAN_POINT('',(0.,-0.));
#1632 = VECTOR('',#1633,1.);
#1633 = DIRECTION('',(1.,0.));
#1634 = ( GEOMETRIC_REPRESENTATION_CONTEXT(2) 
PARAMETRIC_REPRESENTATION_CONTEXT() REPRESENTATION_CONTEXT('2D SPACE',''
  ) );
#1635 = ORIENTED_EDGE('',*,*,#1325,.T.);
#1636 = ORIENTED_EDGE('',*,*,#1226,.T.);
#1637 = ORIENTED_EDGE('',*,*,#1121,.T.);
#1638 = ORIENTED_EDGE('',*,*,#1639,.F.);
#1639 = EDGE_CURVE('',#1640,#1087,#1642,.T.);
#1640 = VERTEX_POINT('',#1641);
#1641 = CARTESIAN_POINT('',(8.,-37.7,-6.));
#1642 = SURFACE_CURVE('',#1643,(#1647,#1654),.PCURVE_S1.);
#1643 = LINE('',#1644,#1645);
#1644 = CARTESIAN_POINT('',(8.,-37.7,-6.));
#1645 = VECTOR('',#1646,1.);
#1646 = DIRECTION('',(-1.,0.,0.));
#1647 = PCURVE('',#635,#1648);
#1648 = DEFINITIONAL_REPRESENTATION('',(#1649),#1653);
#1649 = LINE('',#1650,#1651);
#1650 = CARTESIAN_POINT('',(8.,-3.715557059115));
#1651 = VECTOR('',#1652,1.);
#1652 = DIRECTION('',(-1.,0.));
#1653 = ( GEOMETRIC_REPRESENTATION_CONTEXT(2) 
PARAMETRIC_REPRESENTATION_CONTEXT() REPRESENTATION_CONTEXT('2D SPACE',''
  ) );
#1654 = PCURVE('',#1109,#1655);
#1655 = DEFINITIONAL_REPRESENTATION('',(#1656),#1660);
#1656 = LINE('',#1657,#1658);
#1657 = CARTESIAN_POINT('',(0.,-0.));
#1658 = VECTOR('',#1659,1.);
#1659 = DIRECTION('',(1.,0.));
#1660 = ( GEOMETRIC_REPRESENTATION_CONTEXT(2) 
PARAMETRIC_REPRESENTATION_CONTEXT() REPRESENTATION_CONTEXT('2D SPACE',''
  ) );
#1661 = ORIENTED_EDGE('',*,*,#1662,.F.);
#1662 = EDGE_CURVE('',#1663,#1640,#1665,.T.);
#1663 = VERTEX_POINT('',#1664);
#1664 = CARTESIAN_POINT('',(10.,-35.7,-6.));
#1665 = SURFACE_CURVE('',#1666,(#1671,#1682),.PCURVE_S1.);
#1666 = CIRCLE('',#1667,2.);
#1667 = AXIS2_PLACEMENT_3D('',#1668,#1669,#1670);
#1668 = CARTESIAN_POINT('',(8.,-35.7,-6.));
#1669 = DIRECTION('',(0.,0.,-1.));
#1670 = DIRECTION('',(-5.6E-16,1.,0.));
#1671 = PCURVE('',#635,#1672);
#1672 = DEFINITIONAL_REPRESENTATION('',(#1673),#1681);
#1673 = ( BOUNDED_CURVE() B_SPLINE_CURVE(2,(#1674,#1675,#1676,#1677,
#1678,#1679,#1680),.UNSPECIFIED.,.T.,.F.) B_SPLINE_CURVE_WITH_KNOTS((1,2
    ,2,2,2,1),(-2.094395102393,0.,2.094395102393,4.188790204786,
6.28318530718,8.377580409573),.UNSPECIFIED.) CURVE() 
GEOMETRIC_REPRESENTATION_ITEM() RATIONAL_B_SPLINE_CURVE((1.,0.5,1.,0.5,
1.,0.5,1.)) REPRESENTATION_ITEM('') );
#1674 = CARTESIAN_POINT('',(8.,0.284442940885));
#1675 = CARTESIAN_POINT('',(11.464101615138,0.284442940885));
#1676 = CARTESIAN_POINT('',(9.732050807569,-2.715557059115));
#1677 = CARTESIAN_POINT('',(8.,-5.715557059115));
#1678 = CARTESIAN_POINT('',(6.267949192431,-2.715557059115));
#1679 = CARTESIAN_POINT('',(4.535898384862,0.284442940885));
#1680 = CARTESIAN_POINT('',(8.,0.284442940885));
#1681 = ( GEOMETRIC_REPRESENTATION_CONTEXT(2) 
PARAMETRIC_REPRESENTATION_CONTEXT() REPRESENTATION_CONTEXT('2D SPACE',''
  ) );
#1682 = PCURVE('',#1683,#1688);
#1683 = CYLINDRICAL_SURFACE('',#1684,2.);
#1684 = AXIS2_PLACEMENT_3D('',#1685,#1686,#1687);
#1685 = CARTESIAN_POINT('',(8.,-35.7,-6.));
#1686 = DIRECTION('',(0.,0.,-1.));
#1687 = DIRECTION('',(-5.6E-16,1.,0.));
#1688 = DEFINITIONAL_REPRESENTATION('',(#1689),#1693);
#1689 = LINE('',#1690,#1691);
#1690 = CARTESIAN_POINT('',(-6.7E-16,0.));
#1691 = VECTOR('',#1692,1.);
#1692 = DIRECTION('',(1.,0.));
#1693 = ( GEOMETRIC_REPRESENTATION_CONTEXT(2) 
PARAMETRIC_REPRESENTATION_CONTEXT() REPRESENTATION_CONTEXT('2D SPACE',''
  ) );
#1694 = ORIENTED_EDGE('',*,*,#1695,.F.);
#1695 = EDGE_CURVE('',#1696,#1663,#1698,.T.);
#1696 = VERTEX_POINT('',#1697);
#1697 = CARTESIAN_POINT('',(10.,-30.7,-6.));
#1698 = SURFACE_CURVE('',#1699,(#1703,#1710),.PCURVE_S1.);
#1699 = LINE('',#1700,#1701);
#1700 = CARTESIAN_POINT('',(10.,-30.7,-6.));
#1701 = VECTOR('',#1702,1.);
#1702 = DIRECTION('',(2.66E-15,-1.,0.));
#1703 = PCURVE('',#635,#1704);
#1704 = DEFINITIONAL_REPRESENTATION('',(#1705),#1709);
#1705 = LINE('',#1706,#1707);
#1706 = CARTESIAN_POINT('',(10.,3.284442940885));
#1707 = VECTOR('',#1708,1.);
#1708 = DIRECTION('',(2.66E-15,-1.));
#1709 = ( GEOMETRIC_REPRESENTATION_CONTEXT(2) 
PARAMETRIC_REPRESENTATION_CONTEXT() REPRESENTATION_CONTEXT('2D SPACE',''
  ) );
#1710 = PCURVE('',#1711,#1716);
#1711 = PLANE('',#1712);
#1712 = AXIS2_PLACEMENT_3D('',#1713,#1714,#1715);
#1713 = CARTESIAN_POINT('',(10.,9.5,0.));
#1714 = DIRECTION('',(1.,-1.7E-16,0.));
#1715 = DIRECTION('',(-1.7E-16,-1.,0.));
#1716 = DEFINITIONAL_REPRESENTATION('',(#1717),#1721);
#1717 = LINE('',#1718,#1719);
#1718 = CARTESIAN_POINT('',(40.2,6.));
#1719 = VECTOR('',#1720,1.);
#1720 = DIRECTION('',(1.,0.));
#1721 = ( GEOMETRIC_REPRESENTATION_CONTEXT(2) 
PARAMETRIC_REPRESENTATION_CONTEXT() REPRESENTATION_CONTEXT('2D SPACE',''
  ) );
#1722 = ORIENTED_EDGE('',*,*,#1723,.F.);
#1723 = EDGE_CURVE('',#1724,#1696,#1726,.T.);
#1724 = VERTEX_POINT('',#1725);
#1725 = CARTESIAN_POINT('',(-10.,-30.7,-6.));
#1726 = SURFACE_CURVE('',#1727,(#1731,#1738),.PCURVE_S1.);
#1727 = LINE('',#1728,#1729);
#1728 = CARTESIAN_POINT('',(5.,-30.7,-6.));
#1729 = VECTOR('',#1730,1.);
#1730 = DIRECTION('',(1.,0.,0.));
#1731 = PCURVE('',#635,#1732);
#1732 = DEFINITIONAL_REPRESENTATION('',(#1733),#1737);
#1733 = LINE('',#1734,#1735);
#1734 = CARTESIAN_POINT('',(5.,3.284442940885));
#1735 = VECTOR('',#1736,1.);
#1736 = DIRECTION('',(1.,0.));
#1737 = ( GEOMETRIC_REPRESENTATION_CONTEXT(2) 
PARAMETRIC_REPRESENTATION_CONTEXT() REPRESENTATION_CONTEXT('2D SPACE',''
  ) );
#1738 = PCURVE('',#1739,#1744);
#1739 = PLANE('',#1740);
#1740 = AXIS2_PLACEMENT_3D('',#1741,#1742,#1743);
#1741 = CARTESIAN_POINT('',(10.,-30.7,0.));
#1742 = DIRECTION('',(0.,-1.,0.));
#1743 = DIRECTION('',(-1.,0.,0.));
#1744 = DEFINITIONAL_REPRESENTATION('',(#1745),#1749);
#1745 = LINE('',#1746,#1747);
#1746 = CARTESIAN_POINT('',(5.,6.));
#1747 = VECTOR('',#1748,1.);
#1748 = DIRECTION('',(-1.,-0.));
#1749 = ( GEOMETRIC_REPRESENTATION_CONTEXT(2) 
PARAMETRIC_REPRESENTATION_CONTEXT() REPRESENTATION_CONTEXT('2D SPACE',''
  ) );
#1750 = ORIENTED_EDGE('',*,*,#1751,.F.);
#1751 = EDGE_CURVE('',#1752,#1724,#1754,.T.);
#1752 = VERTEX_POINT('',#1753);
#1753 = CARTESIAN_POINT('',(-10.,-35.7,-6.));
#1754 = SURFACE_CURVE('',#1755,(#1759,#1766),.PCURVE_S1.);
#1755 = LINE('',#1756,#1757);
#1756 = CARTESIAN_POINT('',(-10.,-35.7,-6.));
#1757 = VECTOR('',#1758,1.);
#1758 = DIRECTION('',(4.4E-16,1.,0.));
#1759 = PCURVE('',#635,#1760);
#1760 = DEFINITIONAL_REPRESENTATION('',(#1761),#1765);
#1761 = LINE('',#1762,#1763);
#1762 = CARTESIAN_POINT('',(-10.,-1.715557059115));
#1763 = VECTOR('',#1764,1.);
#1764 = DIRECTION('',(4.4E-16,1.));
#1765 = ( GEOMETRIC_REPRESENTATION_CONTEXT(2) 
PARAMETRIC_REPRESENTATION_CONTEXT() REPRESENTATION_CONTEXT('2D SPACE',''
  ) );
#1766 = PCURVE('',#1767,#1772);
#1767 = PLANE('',#1768);
#1768 = AXIS2_PLACEMENT_3D('',#1769,#1770,#1771);
#1769 = CARTESIAN_POINT('',(-10.,-30.7,0.));
#1770 = DIRECTION('',(-1.,-1.7E-16,0.));
#1771 = DIRECTION('',(-1.7E-16,1.,0.));
#1772 = DEFINITIONAL_REPRESENTATION('',(#1773),#1777);
#1773 = LINE('',#1774,#1775);
#1774 = CARTESIAN_POINT('',(-5.,6.));
#1775 = VECTOR('',#1776,1.);
#1776 = DIRECTION('',(1.,0.));
#1777 = ( GEOMETRIC_REPRESENTATION_CONTEXT(2) 
PARAMETRIC_REPRESENTATION_CONTEXT() REPRESENTATION_CONTEXT('2D SPACE',''
  ) );
#1778 = ORIENTED_EDGE('',*,*,#1779,.F.);
#1779 = EDGE_CURVE('',#1780,#1752,#1782,.T.);
#1780 = VERTEX_POINT('',#1781);
#1781 = CARTESIAN_POINT('',(-8.,-37.7,-6.));
#1782 = SURFACE_CURVE('',#1783,(#1788,#1799),.PCURVE_S1.);
#1783 = CIRCLE('',#1784,2.);
#1784 = AXIS2_PLACEMENT_3D('',#1785,#1786,#1787);
#1785 = CARTESIAN_POINT('',(-8.,-35.7,-6.));
#1786 = DIRECTION('',(0.,0.,-1.));
#1787 = DIRECTION('',(1.,0.,0.));
#1788 = PCURVE('',#635,#1789);
#1789 = DEFINITIONAL_REPRESENTATION('',(#1790),#1798);
#1790 = ( BOUNDED_CURVE() B_SPLINE_CURVE(2,(#1791,#1792,#1793,#1794,
#1795,#1796,#1797),.UNSPECIFIED.,.T.,.F.) B_SPLINE_CURVE_WITH_KNOTS((1,2
    ,2,2,2,1),(-2.094395102393,0.,2.094395102393,4.188790204786,
6.28318530718,8.377580409573),.UNSPECIFIED.) CURVE() 
GEOMETRIC_REPRESENTATION_ITEM() RATIONAL_B_SPLINE_CURVE((1.,0.5,1.,0.5,
1.,0.5,1.)) REPRESENTATION_ITEM('') );
#1791 = CARTESIAN_POINT('',(-6.,-1.715557059115));
#1792 = CARTESIAN_POINT('',(-6.,-5.179658674253));
#1793 = CARTESIAN_POINT('',(-9.,-3.447607866684));
#1794 = CARTESIAN_POINT('',(-12.,-1.715557059115));
#1795 = CARTESIAN_POINT('',(-9.,1.649374845377E-02));
#1796 = CARTESIAN_POINT('',(-6.,1.748544556023));
#1797 = CARTESIAN_POINT('',(-6.,-1.715557059115));
#1798 = ( GEOMETRIC_REPRESENTATION_CONTEXT(2) 
PARAMETRIC_REPRESENTATION_CONTEXT() REPRESENTATION_CONTEXT('2D SPACE',''
  ) );
#1799 = PCURVE('',#1800,#1805);
#1800 = CYLINDRICAL_SURFACE('',#1801,2.);
#1801 = AXIS2_PLACEMENT_3D('',#1802,#1803,#1804);
#1802 = CARTESIAN_POINT('',(-8.,-35.7,-6.));
#1803 = DIRECTION('',(0.,0.,-1.));
#1804 = DIRECTION('',(1.,0.,0.));
#1805 = DEFINITIONAL_REPRESENTATION('',(#1806),#1810);
#1806 = LINE('',#1807,#1808);
#1807 = CARTESIAN_POINT('',(0.,0.));
#1808 = VECTOR('',#1809,1.);
#1809 = DIRECTION('',(1.,0.));
#1810 = ( GEOMETRIC_REPRESENTATION_CONTEXT(2) 
PARAMETRIC_REPRESENTATION_CONTEXT() REPRESENTATION_CONTEXT('2D SPACE',''
  ) );
#1811 = ORIENTED_EDGE('',*,*,#1812,.F.);
#1812 = EDGE_CURVE('',#533,#1780,#1813,.T.);
#1813 = SURFACE_CURVE('',#1814,(#1818,#1825),.PCURVE_S1.);
#1814 = LINE('',#1815,#1816);
#1815 = CARTESIAN_POINT('',(8.,-37.7,-6.));
#1816 = VECTOR('',#1817,1.);
#1817 = DIRECTION('',(-1.,0.,0.));
#1818 = PCURVE('',#635,#1819);
#1819 = DEFINITIONAL_REPRESENTATION('',(#1820),#1824);
#1820 = LINE('',#1821,#1822);
#1821 = CARTESIAN_POINT('',(8.,-3.715557059115));
#1822 = VECTOR('',#1823,1.);
#1823 = DIRECTION('',(-1.,0.));
#1824 = ( GEOMETRIC_REPRESENTATION_CONTEXT(2) 
PARAMETRIC_REPRESENTATION_CONTEXT() REPRESENTATION_CONTEXT('2D SPACE',''
  ) );
#1825 = PCURVE('',#553,#1826);
#1826 = DEFINITIONAL_REPRESENTATION('',(#1827),#1831);
#1827 = LINE('',#1828,#1829);
#1828 = CARTESIAN_POINT('',(0.,-0.));
#1829 = VECTOR('',#1830,1.);
#1830 = DIRECTION('',(1.,0.));
#1831 = ( GEOMETRIC_REPRESENTATION_CONTEXT(2) 
PARAMETRIC_REPRESENTATION_CONTEXT() REPRESENTATION_CONTEXT('2D SPACE',''
  ) );
#1832 = ADVANCED_FACE('',(#1833),#1109,.T.);
#1833 = FACE_BOUND('',#1834,.T.);
#1834 = EDGE_LOOP('',(#1835,#1836,#1859,#1880));
#1835 = ORIENTED_EDGE('',*,*,#1086,.T.);
#1836 = ORIENTED_EDGE('',*,*,#1837,.F.);
#1837 = EDGE_CURVE('',#1838,#1089,#1840,.T.);
#1838 = VERTEX_POINT('',#1839);
#1839 = CARTESIAN_POINT('',(8.,-37.7,-8.6));
#1840 = SURFACE_CURVE('',#1841,(#1845,#1852),.PCURVE_S1.);
#1841 = LINE('',#1842,#1843);
#1842 = CARTESIAN_POINT('',(8.,-37.7,-8.6));
#1843 = VECTOR('',#1844,1.);
#1844 = DIRECTION('',(-1.,0.,0.));
#1845 = PCURVE('',#1109,#1846);
#1846 = DEFINITIONAL_REPRESENTATION('',(#1847),#1851);
#1847 = LINE('',#1848,#1849);
#1848 = CARTESIAN_POINT('',(0.,2.6));
#1849 = VECTOR('',#1850,1.);
#1850 = DIRECTION('',(1.,0.));
#1851 = ( GEOMETRIC_REPRESENTATION_CONTEXT(2) 
PARAMETRIC_REPRESENTATION_CONTEXT() REPRESENTATION_CONTEXT('2D SPACE',''
  ) );
#1852 = PCURVE('',#581,#1853);
#1853 = DEFINITIONAL_REPRESENTATION('',(#1854),#1858);
#1854 = LINE('',#1855,#1856);
#1855 = CARTESIAN_POINT('',(8.,-3.715557059115));
#1856 = VECTOR('',#1857,1.);
#1857 = DIRECTION('',(-1.,0.));
#1858 = ( GEOMETRIC_REPRESENTATION_CONTEXT(2) 
PARAMETRIC_REPRESENTATION_CONTEXT() REPRESENTATION_CONTEXT('2D SPACE',''
  ) );
#1859 = ORIENTED_EDGE('',*,*,#1860,.F.);
#1860 = EDGE_CURVE('',#1640,#1838,#1861,.T.);
#1861 = SURFACE_CURVE('',#1862,(#1866,#1873),.PCURVE_S1.);
#1862 = LINE('',#1863,#1864);
#1863 = CARTESIAN_POINT('',(8.,-37.7,-6.));
#1864 = VECTOR('',#1865,1.);
#1865 = DIRECTION('',(0.,0.,-1.));
#1866 = PCURVE('',#1109,#1867);
#1867 = DEFINITIONAL_REPRESENTATION('',(#1868),#1872);
#1868 = LINE('',#1869,#1870);
#1869 = CARTESIAN_POINT('',(0.,-0.));
#1870 = VECTOR('',#1871,1.);
#1871 = DIRECTION('',(0.,1.));
#1872 = ( GEOMETRIC_REPRESENTATION_CONTEXT(2) 
PARAMETRIC_REPRESENTATION_CONTEXT() REPRESENTATION_CONTEXT('2D SPACE',''
  ) );
#1873 = PCURVE('',#1683,#1874);
#1874 = DEFINITIONAL_REPRESENTATION('',(#1875),#1879);
#1875 = LINE('',#1876,#1877);
#1876 = CARTESIAN_POINT('',(3.14159265359,0.));
#1877 = VECTOR('',#1878,1.);
#1878 = DIRECTION('',(0.,1.));
#1879 = ( GEOMETRIC_REPRESENTATION_CONTEXT(2) 
PARAMETRIC_REPRESENTATION_CONTEXT() REPRESENTATION_CONTEXT('2D SPACE',''
  ) );
#1880 = ORIENTED_EDGE('',*,*,#1639,.T.);
#1881 = ADVANCED_FACE('',(#1882),#673,.T.);
#1882 = FACE_BOUND('',#1883,.T.);
#1883 = EDGE_LOOP('',(#1884,#1885,#1906,#1907));
#1884 = ORIENTED_EDGE('',*,*,#650,.T.);
#1885 = ORIENTED_EDGE('',*,*,#1886,.F.);
#1886 = EDGE_CURVE('',#1279,#653,#1887,.T.);
#1887 = SURFACE_CURVE('',#1888,(#1892,#1899),.PCURVE_S1.);
#1888 = LINE('',#1889,#1890);
#1889 = CARTESIAN_POINT('',(8.,-37.7,-8.6));
#1890 = VECTOR('',#1891,1.);
#1891 = DIRECTION('',(-1.,0.,0.));
#1892 = PCURVE('',#673,#1893);
#1893 = DEFINITIONAL_REPRESENTATION('',(#1894),#1898);
#1894 = LINE('',#1895,#1896);
#1895 = CARTESIAN_POINT('',(0.,2.6));
#1896 = VECTOR('',#1897,1.);
#1897 = DIRECTION('',(1.,0.));
#1898 = ( GEOMETRIC_REPRESENTATION_CONTEXT(2) 
PARAMETRIC_REPRESENTATION_CONTEXT() REPRESENTATION_CONTEXT('2D SPACE',''
  ) );
#1899 = PCURVE('',#581,#1900);
#1900 = DEFINITIONAL_REPRESENTATION('',(#1901),#1905);
#1901 = LINE('',#1902,#1903);
#1902 = CARTESIAN_POINT('',(8.,-3.715557059115));
#1903 = VECTOR('',#1904,1.);
#1904 = DIRECTION('',(-1.,0.));
#1905 = ( GEOMETRIC_REPRESENTATION_CONTEXT(2) 
PARAMETRIC_REPRESENTATION_CONTEXT() REPRESENTATION_CONTEXT('2D SPACE',''
  ) );
#1906 = ORIENTED_EDGE('',*,*,#1278,.T.);
#1907 = ORIENTED_EDGE('',*,*,#1615,.T.);
#1908 = ADVANCED_FACE('',(#1909),#859,.F.);
#1909 = FACE_BOUND('',#1910,.T.);
#1910 = EDGE_LOOP('',(#1911,#1912,#1913,#1914,#1937,#1970,#1993,#2021,
    #2044,#2077,#2098,#2099,#2100,#2101));
#1911 = ORIENTED_EDGE('',*,*,#1062,.T.);
#1912 = ORIENTED_EDGE('',*,*,#985,.T.);
#1913 = ORIENTED_EDGE('',*,*,#843,.T.);
#1914 = ORIENTED_EDGE('',*,*,#1915,.T.);
#1915 = EDGE_CURVE('',#809,#1916,#1918,.T.);
#1916 = VERTEX_POINT('',#1917);
#1917 = CARTESIAN_POINT('',(8.,16.5,-8.6));
#1918 = SURFACE_CURVE('',#1919,(#1923,#1930),.PCURVE_S1.);
#1919 = LINE('',#1920,#1921);
#1920 = CARTESIAN_POINT('',(8.,16.5,-8.6));
#1921 = VECTOR('',#1922,1.);
#1922 = DIRECTION('',(1.,2.8E-16,0.));
#1923 = PCURVE('',#859,#1924);
#1924 = DEFINITIONAL_REPRESENTATION('',(#1925),#1929);
#1925 = LINE('',#1926,#1927);
#1926 = CARTESIAN_POINT('',(8.,3.715557059115));
#1927 = VECTOR('',#1928,1.);
#1928 = DIRECTION('',(1.,2.8E-16));
#1929 = ( GEOMETRIC_REPRESENTATION_CONTEXT(2) 
PARAMETRIC_REPRESENTATION_CONTEXT() REPRESENTATION_CONTEXT('2D SPACE',''
  ) );
#1930 = PCURVE('',#831,#1931);
#1931 = DEFINITIONAL_REPRESENTATION('',(#1932),#1936);
#1932 = LINE('',#1933,#1934);
#1933 = CARTESIAN_POINT('',(16.,2.6));
#1934 = VECTOR('',#1935,1.);
#1935 = DIRECTION('',(1.,0.));
#1936 = ( GEOMETRIC_REPRESENTATION_CONTEXT(2) 
PARAMETRIC_REPRESENTATION_CONTEXT() REPRESENTATION_CONTEXT('2D SPACE',''
  ) );
#1937 = ORIENTED_EDGE('',*,*,#1938,.T.);
#1938 = EDGE_CURVE('',#1916,#1939,#1941,.T.);
#1939 = VERTEX_POINT('',#1940);
#1940 = CARTESIAN_POINT('',(10.,14.5,-8.6));
#1941 = SURFACE_CURVE('',#1942,(#1947,#1958),.PCURVE_S1.);
#1942 = CIRCLE('',#1943,2.);
#1943 = AXIS2_PLACEMENT_3D('',#1944,#1945,#1946);
#1944 = CARTESIAN_POINT('',(8.,14.5,-8.6));
#1945 = DIRECTION('',(0.,0.,-1.));
#1946 = DIRECTION('',(1.,0.,0.));
#1947 = PCURVE('',#859,#1948);
#1948 = DEFINITIONAL_REPRESENTATION('',(#1949),#1957);
#1949 = ( BOUNDED_CURVE() B_SPLINE_CURVE(2,(#1950,#1951,#1952,#1953,
#1954,#1955,#1956),.UNSPECIFIED.,.T.,.F.) B_SPLINE_CURVE_WITH_KNOTS((1,2
    ,2,2,2,1),(-2.094395102393,0.,2.094395102393,4.188790204786,
6.28318530718,8.377580409573),.UNSPECIFIED.) CURVE() 
GEOMETRIC_REPRESENTATION_ITEM() RATIONAL_B_SPLINE_CURVE((1.,0.5,1.,0.5,
1.,0.5,1.)) REPRESENTATION_ITEM('') );
#1950 = CARTESIAN_POINT('',(10.,1.715557059115));
#1951 = CARTESIAN_POINT('',(10.,-1.748544556023));
#1952 = CARTESIAN_POINT('',(7.,-1.649374845378E-02));
#1953 = CARTESIAN_POINT('',(4.,1.715557059115));
#1954 = CARTESIAN_POINT('',(7.,3.447607866684));
#1955 = CARTESIAN_POINT('',(10.,5.179658674253));
#1956 = CARTESIAN_POINT('',(10.,1.715557059115));
#1957 = ( GEOMETRIC_REPRESENTATION_CONTEXT(2) 
PARAMETRIC_REPRESENTATION_CONTEXT() REPRESENTATION_CONTEXT('2D SPACE',''
  ) );
#1958 = PCURVE('',#1959,#1964);
#1959 = CYLINDRICAL_SURFACE('',#1960,2.);
#1960 = AXIS2_PLACEMENT_3D('',#1961,#1962,#1963);
#1961 = CARTESIAN_POINT('',(8.,14.5,-6.));
#1962 = DIRECTION('',(0.,0.,-1.));
#1963 = DIRECTION('',(1.,0.,0.));
#1964 = DEFINITIONAL_REPRESENTATION('',(#1965),#1969);
#1965 = LINE('',#1966,#1967);
#1966 = CARTESIAN_POINT('',(0.,2.6));
#1967 = VECTOR('',#1968,1.);
#1968 = DIRECTION('',(1.,0.));
#1969 = ( GEOMETRIC_REPRESENTATION_CONTEXT(2) 
PARAMETRIC_REPRESENTATION_CONTEXT() REPRESENTATION_CONTEXT('2D SPACE',''
  ) );
#1970 = ORIENTED_EDGE('',*,*,#1971,.T.);
#1971 = EDGE_CURVE('',#1939,#1972,#1974,.T.);
#1972 = VERTEX_POINT('',#1973);
#1973 = CARTESIAN_POINT('',(10.,9.5,-8.6));
#1974 = SURFACE_CURVE('',#1975,(#1979,#1986),.PCURVE_S1.);
#1975 = LINE('',#1976,#1977);
#1976 = CARTESIAN_POINT('',(10.,9.5,-8.6));
#1977 = VECTOR('',#1978,1.);
#1978 = DIRECTION('',(0.,-1.,0.));
#1979 = PCURVE('',#859,#1980);
#1980 = DEFINITIONAL_REPRESENTATION('',(#1981),#1985);
#1981 = LINE('',#1982,#1983);
#1982 = CARTESIAN_POINT('',(10.,-3.284442940885));
#1983 = VECTOR('',#1984,1.);
#1984 = DIRECTION('',(0.,-1.));
#1985 = ( GEOMETRIC_REPRESENTATION_CONTEXT(2) 
PARAMETRIC_REPRESENTATION_CONTEXT() REPRESENTATION_CONTEXT('2D SPACE',''
  ) );
#1986 = PCURVE('',#1711,#1987);
#1987 = DEFINITIONAL_REPRESENTATION('',(#1988),#1992);
#1988 = LINE('',#1989,#1990);
#1989 = CARTESIAN_POINT('',(-0.,8.6));
#1990 = VECTOR('',#1991,1.);
#1991 = DIRECTION('',(1.,0.));
#1992 = ( GEOMETRIC_REPRESENTATION_CONTEXT(2) 
PARAMETRIC_REPRESENTATION_CONTEXT() REPRESENTATION_CONTEXT('2D SPACE',''
  ) );
#1993 = ORIENTED_EDGE('',*,*,#1994,.F.);
#1994 = EDGE_CURVE('',#1995,#1972,#1997,.T.);
#1995 = VERTEX_POINT('',#1996);
#1996 = CARTESIAN_POINT('',(-10.,9.5,-8.6));
#1997 = SURFACE_CURVE('',#1998,(#2002,#2009),.PCURVE_S1.);
#1998 = LINE('',#1999,#2000);
#1999 = CARTESIAN_POINT('',(-5.,9.5,-8.6));
#2000 = VECTOR('',#2001,1.);
#2001 = DIRECTION('',(1.,0.,0.));
#2002 = PCURVE('',#859,#2003);
#2003 = DEFINITIONAL_REPRESENTATION('',(#2004),#2008);
#2004 = LINE('',#2005,#2006);
#2005 = CARTESIAN_POINT('',(-5.,-3.284442940885));
#2006 = VECTOR('',#2007,1.);
#2007 = DIRECTION('',(1.,0.));
#2008 = ( GEOMETRIC_REPRESENTATION_CONTEXT(2) 
PARAMETRIC_REPRESENTATION_CONTEXT() REPRESENTATION_CONTEXT('2D SPACE',''
  ) );
#2009 = PCURVE('',#2010,#2015);
#2010 = PLANE('',#2011);
#2011 = AXIS2_PLACEMENT_3D('',#2012,#2013,#2014);
#2012 = CARTESIAN_POINT('',(-10.,9.5,0.));
#2013 = DIRECTION('',(0.,1.,0.));
#2014 = DIRECTION('',(1.,0.,0.));
#2015 = DEFINITIONAL_REPRESENTATION('',(#2016),#2020);
#2016 = LINE('',#2017,#2018);
#2017 = CARTESIAN_POINT('',(5.,8.6));
#2018 = VECTOR('',#2019,1.);
#2019 = DIRECTION('',(1.,0.));
#2020 = ( GEOMETRIC_REPRESENTATION_CONTEXT(2) 
PARAMETRIC_REPRESENTATION_CONTEXT() REPRESENTATION_CONTEXT('2D SPACE',''
  ) );
#2021 = ORIENTED_EDGE('',*,*,#2022,.T.);
#2022 = EDGE_CURVE('',#1995,#2023,#2025,.T.);
#2023 = VERTEX_POINT('',#2024);
#2024 = CARTESIAN_POINT('',(-10.,14.5,-8.6));
#2025 = SURFACE_CURVE('',#2026,(#2030,#2037),.PCURVE_S1.);
#2026 = LINE('',#2027,#2028);
#2027 = CARTESIAN_POINT('',(-10.,14.5,-8.6));
#2028 = VECTOR('',#2029,1.);
#2029 = DIRECTION('',(4.4E-16,1.,0.));
#2030 = PCURVE('',#859,#2031);
#2031 = DEFINITIONAL_REPRESENTATION('',(#2032),#2036);
#2032 = LINE('',#2033,#2034);
#2033 = CARTESIAN_POINT('',(-10.,1.715557059115));
#2034 = VECTOR('',#2035,1.);
#2035 = DIRECTION('',(4.4E-16,1.));
#2036 = ( GEOMETRIC_REPRESENTATION_CONTEXT(2) 
PARAMETRIC_REPRESENTATION_CONTEXT() REPRESENTATION_CONTEXT('2D SPACE',''
  ) );
#2037 = PCURVE('',#1767,#2038);
#2038 = DEFINITIONAL_REPRESENTATION('',(#2039),#2043);
#2039 = LINE('',#2040,#2041);
#2040 = CARTESIAN_POINT('',(45.2,8.6));
#2041 = VECTOR('',#2042,1.);
#2042 = DIRECTION('',(1.,0.));
#2043 = ( GEOMETRIC_REPRESENTATION_CONTEXT(2) 
PARAMETRIC_REPRESENTATION_CONTEXT() REPRESENTATION_CONTEXT('2D SPACE',''
  ) );
#2044 = ORIENTED_EDGE('',*,*,#2045,.T.);
#2045 = EDGE_CURVE('',#2023,#2046,#2048,.T.);
#2046 = VERTEX_POINT('',#2047);
#2047 = CARTESIAN_POINT('',(-8.,16.5,-8.6));
#2048 = SURFACE_CURVE('',#2049,(#2054,#2065),.PCURVE_S1.);
#2049 = CIRCLE('',#2050,2.);
#2050 = AXIS2_PLACEMENT_3D('',#2051,#2052,#2053);
#2051 = CARTESIAN_POINT('',(-8.,14.5,-8.6));
#2052 = DIRECTION('',(0.,0.,-1.));
#2053 = DIRECTION('',(0.,1.,0.));
#2054 = PCURVE('',#859,#2055);
#2055 = DEFINITIONAL_REPRESENTATION('',(#2056),#2064);
#2056 = ( BOUNDED_CURVE() B_SPLINE_CURVE(2,(#2057,#2058,#2059,#2060,
#2061,#2062,#2063),.UNSPECIFIED.,.T.,.F.) B_SPLINE_CURVE_WITH_KNOTS((1,2
    ,2,2,2,1),(-2.094395102393,0.,2.094395102393,4.188790204786,
6.28318530718,8.377580409573),.UNSPECIFIED.) CURVE() 
GEOMETRIC_REPRESENTATION_ITEM() RATIONAL_B_SPLINE_CURVE((1.,0.5,1.,0.5,
1.,0.5,1.)) REPRESENTATION_ITEM('') );
#2057 = CARTESIAN_POINT('',(-8.,3.715557059115));
#2058 = CARTESIAN_POINT('',(-4.535898384862,3.715557059115));
#2059 = CARTESIAN_POINT('',(-6.267949192431,0.715557059115));
#2060 = CARTESIAN_POINT('',(-8.,-2.284442940885));
#2061 = CARTESIAN_POINT('',(-9.732050807569,0.715557059115));
#2062 = CARTESIAN_POINT('',(-11.46410161513,3.715557059115));
#2063 = CARTESIAN_POINT('',(-8.,3.715557059115));
#2064 = ( GEOMETRIC_REPRESENTATION_CONTEXT(2) 
PARAMETRIC_REPRESENTATION_CONTEXT() REPRESENTATION_CONTEXT('2D SPACE',''
  ) );
#2065 = PCURVE('',#2066,#2071);
#2066 = CYLINDRICAL_SURFACE('',#2067,2.);
#2067 = AXIS2_PLACEMENT_3D('',#2068,#2069,#2070);
#2068 = CARTESIAN_POINT('',(-8.,14.5,-6.));
#2069 = DIRECTION('',(0.,0.,-1.));
#2070 = DIRECTION('',(0.,1.,0.));
#2071 = DEFINITIONAL_REPRESENTATION('',(#2072),#2076);
#2072 = LINE('',#2073,#2074);
#2073 = CARTESIAN_POINT('',(0.,2.6));
#2074 = VECTOR('',#2075,1.);
#2075 = DIRECTION('',(1.,0.));
#2076 = ( GEOMETRIC_REPRESENTATION_CONTEXT(2) 
PARAMETRIC_REPRESENTATION_CONTEXT() REPRESENTATION_CONTEXT('2D SPACE',''
  ) );
#2077 = ORIENTED_EDGE('',*,*,#2078,.T.);
#2078 = EDGE_CURVE('',#2046,#1539,#2079,.T.);
#2079 = SURFACE_CURVE('',#2080,(#2084,#2091),.PCURVE_S1.);
#2080 = LINE('',#2081,#2082);
#2081 = CARTESIAN_POINT('',(8.,16.5,-8.6));
#2082 = VECTOR('',#2083,1.);
#2083 = DIRECTION('',(1.,2.8E-16,0.));
#2084 = PCURVE('',#859,#2085);
#2085 = DEFINITIONAL_REPRESENTATION('',(#2086),#2090);
#2086 = LINE('',#2087,#2088);
#2087 = CARTESIAN_POINT('',(8.,3.715557059115));
#2088 = VECTOR('',#2089,1.);
#2089 = DIRECTION('',(1.,2.8E-16));
#2090 = ( GEOMETRIC_REPRESENTATION_CONTEXT(2) 
PARAMETRIC_REPRESENTATION_CONTEXT() REPRESENTATION_CONTEXT('2D SPACE',''
  ) );
#2091 = PCURVE('',#1554,#2092);
#2092 = DEFINITIONAL_REPRESENTATION('',(#2093),#2097);
#2093 = LINE('',#2094,#2095);
#2094 = CARTESIAN_POINT('',(16.,2.6));
#2095 = VECTOR('',#2096,1.);
#2096 = DIRECTION('',(1.,0.));
#2097 = ( GEOMETRIC_REPRESENTATION_CONTEXT(2) 
PARAMETRIC_REPRESENTATION_CONTEXT() REPRESENTATION_CONTEXT('2D SPACE',''
  ) );
#2098 = ORIENTED_EDGE('',*,*,#1588,.T.);
#2099 = ORIENTED_EDGE('',*,*,#1511,.T.);
#2100 = ORIENTED_EDGE('',*,*,#1379,.T.);
#2101 = ORIENTED_EDGE('',*,*,#2102,.T.);
#2102 = EDGE_CURVE('',#1350,#1013,#2103,.T.);
#2103 = SURFACE_CURVE('',#2104,(#2108,#2115),.PCURVE_S1.);
#2104 = LINE('',#2105,#2106);
#2105 = CARTESIAN_POINT('',(8.,16.5,-8.6));
#2106 = VECTOR('',#2107,1.);
#2107 = DIRECTION('',(1.,2.8E-16,0.));
#2108 = PCURVE('',#859,#2109);
#2109 = DEFINITIONAL_REPRESENTATION('',(#2110),#2114);
#2110 = LINE('',#2111,#2112);
#2111 = CARTESIAN_POINT('',(8.,3.715557059115));
#2112 = VECTOR('',#2113,1.);
#2113 = DIRECTION('',(1.,2.8E-16));
#2114 = ( GEOMETRIC_REPRESENTATION_CONTEXT(2) 
PARAMETRIC_REPRESENTATION_CONTEXT() REPRESENTATION_CONTEXT('2D SPACE',''
  ) );
#2115 = PCURVE('',#1028,#2116);
#2116 = DEFINITIONAL_REPRESENTATION('',(#2117),#2121);
#2117 = LINE('',#2118,#2119);
#2118 = CARTESIAN_POINT('',(16.,2.6));
#2119 = VECTOR('',#2120,1.);
#2120 = DIRECTION('',(1.,0.));
#2121 = ( GEOMETRIC_REPRESENTATION_CONTEXT(2) 
PARAMETRIC_REPRESENTATION_CONTEXT() REPRESENTATION_CONTEXT('2D SPACE',''
  ) );
#2122 = ADVANCED_FACE('',(#2123),#831,.T.);
#2123 = FACE_BOUND('',#2124,.T.);
#2124 = EDGE_LOOP('',(#2125,#2126,#2149,#2170));
#2125 = ORIENTED_EDGE('',*,*,#808,.T.);
#2126 = ORIENTED_EDGE('',*,*,#2127,.F.);
#2127 = EDGE_CURVE('',#2128,#811,#2130,.T.);
#2128 = VERTEX_POINT('',#2129);
#2129 = CARTESIAN_POINT('',(8.,16.5,-6.));
#2130 = SURFACE_CURVE('',#2131,(#2135,#2142),.PCURVE_S1.);
#2131 = LINE('',#2132,#2133);
#2132 = CARTESIAN_POINT('',(8.,16.5,-6.));
#2133 = VECTOR('',#2134,1.);
#2134 = DIRECTION('',(-1.,-2.8E-16,0.));
#2135 = PCURVE('',#831,#2136);
#2136 = DEFINITIONAL_REPRESENTATION('',(#2137),#2141);
#2137 = LINE('',#2138,#2139);
#2138 = CARTESIAN_POINT('',(16.,0.));
#2139 = VECTOR('',#2140,1.);
#2140 = DIRECTION('',(-1.,-0.));
#2141 = ( GEOMETRIC_REPRESENTATION_CONTEXT(2) 
PARAMETRIC_REPRESENTATION_CONTEXT() REPRESENTATION_CONTEXT('2D SPACE',''
  ) );
#2142 = PCURVE('',#913,#2143);
#2143 = DEFINITIONAL_REPRESENTATION('',(#2144),#2148);
#2144 = LINE('',#2145,#2146);
#2145 = CARTESIAN_POINT('',(8.,3.715557059115));
#2146 = VECTOR('',#2147,1.);
#2147 = DIRECTION('',(-1.,-2.8E-16));
#2148 = ( GEOMETRIC_REPRESENTATION_CONTEXT(2) 
PARAMETRIC_REPRESENTATION_CONTEXT() REPRESENTATION_CONTEXT('2D SPACE',''
  ) );
#2149 = ORIENTED_EDGE('',*,*,#2150,.T.);
#2150 = EDGE_CURVE('',#2128,#1916,#2151,.T.);
#2151 = SURFACE_CURVE('',#2152,(#2156,#2163),.PCURVE_S1.);
#2152 = LINE('',#2153,#2154);
#2153 = CARTESIAN_POINT('',(8.,16.5,-6.));
#2154 = VECTOR('',#2155,1.);
#2155 = DIRECTION('',(0.,0.,-1.));
#2156 = PCURVE('',#831,#2157);
#2157 = DEFINITIONAL_REPRESENTATION('',(#2158),#2162);
#2158 = LINE('',#2159,#2160);
#2159 = CARTESIAN_POINT('',(16.,0.));
#2160 = VECTOR('',#2161,1.);
#2161 = DIRECTION('',(0.,1.));
#2162 = ( GEOMETRIC_REPRESENTATION_CONTEXT(2) 
PARAMETRIC_REPRESENTATION_CONTEXT() REPRESENTATION_CONTEXT('2D SPACE',''
  ) );
#2163 = PCURVE('',#1959,#2164);
#2164 = DEFINITIONAL_REPRESENTATION('',(#2165),#2169);
#2165 = LINE('',#2166,#2167);
#2166 = CARTESIAN_POINT('',(4.712388980385,0.));
#2167 = VECTOR('',#2168,1.);
#2168 = DIRECTION('',(0.,1.));
#2169 = ( GEOMETRIC_REPRESENTATION_CONTEXT(2) 
PARAMETRIC_REPRESENTATION_CONTEXT() REPRESENTATION_CONTEXT('2D SPACE',''
  ) );
#2170 = ORIENTED_EDGE('',*,*,#1915,.F.);
#2171 = ADVANCED_FACE('',(#2172),#1554,.T.);
#2172 = FACE_BOUND('',#2173,.T.);
#2173 = EDGE_LOOP('',(#2174,#2175,#2176,#2199));
#2174 = ORIENTED_EDGE('',*,*,#1536,.T.);
#2175 = ORIENTED_EDGE('',*,*,#2078,.F.);
#2176 = ORIENTED_EDGE('',*,*,#2177,.F.);
#2177 = EDGE_CURVE('',#2178,#2046,#2180,.T.);
#2178 = VERTEX_POINT('',#2179);
#2179 = CARTESIAN_POINT('',(-8.,16.5,-6.));
#2180 = SURFACE_CURVE('',#2181,(#2185,#2192),.PCURVE_S1.);
#2181 = LINE('',#2182,#2183);
#2182 = CARTESIAN_POINT('',(-8.,16.5,-6.));
#2183 = VECTOR('',#2184,1.);
#2184 = DIRECTION('',(0.,0.,-1.));
#2185 = PCURVE('',#1554,#2186);
#2186 = DEFINITIONAL_REPRESENTATION('',(#2187),#2191);
#2187 = LINE('',#2188,#2189);
#2188 = CARTESIAN_POINT('',(0.,0.));
#2189 = VECTOR('',#2190,1.);
#2190 = DIRECTION('',(0.,1.));
#2191 = ( GEOMETRIC_REPRESENTATION_CONTEXT(2) 
PARAMETRIC_REPRESENTATION_CONTEXT() REPRESENTATION_CONTEXT('2D SPACE',''
  ) );
#2192 = PCURVE('',#2066,#2193);
#2193 = DEFINITIONAL_REPRESENTATION('',(#2194),#2198);
#2194 = LINE('',#2195,#2196);
#2195 = CARTESIAN_POINT('',(6.28318530718,0.));
#2196 = VECTOR('',#2197,1.);
#2197 = DIRECTION('',(0.,1.));
#2198 = ( GEOMETRIC_REPRESENTATION_CONTEXT(2) 
PARAMETRIC_REPRESENTATION_CONTEXT() REPRESENTATION_CONTEXT('2D SPACE',''
  ) );
#2199 = ORIENTED_EDGE('',*,*,#2200,.F.);
#2200 = EDGE_CURVE('',#1537,#2178,#2201,.T.);
#2201 = SURFACE_CURVE('',#2202,(#2206,#2213),.PCURVE_S1.);
#2202 = LINE('',#2203,#2204);
#2203 = CARTESIAN_POINT('',(8.,16.5,-6.));
#2204 = VECTOR('',#2205,1.);
#2205 = DIRECTION('',(-1.,-2.8E-16,0.));
#2206 = PCURVE('',#1554,#2207);
#2207 = DEFINITIONAL_REPRESENTATION('',(#2208),#2212);
#2208 = LINE('',#2209,#2210);
#2209 = CARTESIAN_POINT('',(16.,0.));
#2210 = VECTOR('',#2211,1.);
#2211 = DIRECTION('',(-1.,-0.));
#2212 = ( GEOMETRIC_REPRESENTATION_CONTEXT(2) 
PARAMETRIC_REPRESENTATION_CONTEXT() REPRESENTATION_CONTEXT('2D SPACE',''
  ) );
#2213 = PCURVE('',#913,#2214);
#2214 = DEFINITIONAL_REPRESENTATION('',(#2215),#2219);
#2215 = LINE('',#2216,#2217);
#2216 = CARTESIAN_POINT('',(8.,3.715557059115));
#2217 = VECTOR('',#2218,1.);
#2218 = DIRECTION('',(-1.,-2.8E-16));
#2219 = ( GEOMETRIC_REPRESENTATION_CONTEXT(2) 
PARAMETRIC_REPRESENTATION_CONTEXT() REPRESENTATION_CONTEXT('2D SPACE',''
  ) );
#2220 = ADVANCED_FACE('',(#2221),#2239,.T.);
#2221 = FACE_BOUND('',#2222,.T.);
#2222 = EDGE_LOOP('',(#2223,#2432,#2578,#2607));
#2223 = ORIENTED_EDGE('',*,*,#2224,.F.);
#2224 = EDGE_CURVE('',#2225,#2227,#2229,.T.);
#2225 = VERTEX_POINT('',#2226);
#2226 = CARTESIAN_POINT('',(2.5,9.5,-33.25));
#2227 = VERTEX_POINT('',#2228);
#2228 = CARTESIAN_POINT('',(2.5,9.5,-30.75));
#2229 = SURFACE_CURVE('',#2230,(#2238,#2421),.PCURVE_S1.);
#2230 = B_SPLINE_CURVE_WITH_KNOTS('',3,(#2231,#2232,#2233,#2234,#2235,
    #2236,#2237),.UNSPECIFIED.,.F.,.F.,(4,1,1,1,4),(0.,0.897597901026,
    1.795195802051,2.692793703077,3.14159265359),.UNSPECIFIED.);
#2231 = CARTESIAN_POINT('',(2.5,9.5,-33.25));
#2232 = CARTESIAN_POINT('',(2.873999125427,9.5,-33.25));
#2233 = CARTESIAN_POINT('',(3.617986291663,9.5,-32.89180295027));
#2234 = CARTESIAN_POINT('',(3.895187044737,9.5,-31.68077470085));
#2235 = CARTESIAN_POINT('',(3.25046503611,9.5,-30.87371220508));
#2236 = CARTESIAN_POINT('',(2.686999562714,9.5,-30.75));
#2237 = CARTESIAN_POINT('',(2.5,9.5,-30.75));
#2238 = PCURVE('',#2239,#2415);
#2239 = B_SPLINE_SURFACE_WITH_KNOTS('',3,3,(
    (#2240,#2241,#2242,#2243,#2244,#2245,#2246,#2247,#2248,#2249,#2250
      ,#2251,#2252,#2253,#2254,#2255,#2256,#2257,#2258,#2259,#2260,#2261
      ,#2262,#2263,#2264)
    ,(#2265,#2266,#2267,#2268,#2269,#2270,#2271,#2272,#2273,#2274,#2275
      ,#2276,#2277,#2278,#2279,#2280,#2281,#2282,#2283,#2284,#2285,#2286
      ,#2287,#2288,#2289)
    ,(#2290,#2291,#2292,#2293,#2294,#2295,#2296,#2297,#2298,#2299,#2300
      ,#2301,#2302,#2303,#2304,#2305,#2306,#2307,#2308,#2309,#2310,#2311
      ,#2312,#2313,#2314)
    ,(#2315,#2316,#2317,#2318,#2319,#2320,#2321,#2322,#2323,#2324,#2325
      ,#2326,#2327,#2328,#2329,#2330,#2331,#2332,#2333,#2334,#2335,#2336
      ,#2337,#2338,#2339)
    ,(#2340,#2341,#2342,#2343,#2344,#2345,#2346,#2347,#2348,#2349,#2350
      ,#2351,#2352,#2353,#2354,#2355,#2356,#2357,#2358,#2359,#2360,#2361
      ,#2362,#2363,#2364)
    ,(#2365,#2366,#2367,#2368,#2369,#2370,#2371,#2372,#2373,#2374,#2375
      ,#2376,#2377,#2378,#2379,#2380,#2381,#2382,#2383,#2384,#2385,#2386
      ,#2387,#2388,#2389)
    ,(#2390,#2391,#2392,#2393,#2394,#2395,#2396,#2397,#2398,#2399,#2400
      ,#2401,#2402,#2403,#2404,#2405,#2406,#2407,#2408,#2409,#2410,#2411
      ,#2412,#2413,#2414
    )),.UNSPECIFIED.,.F.,.F.,.F.,(4,1,1,1,4),(4,1,1,1,1,1,1,1,1,1,1,1,1,
    1,1,1,1,1,1,1,1,1,4),(-3.14159265359,-2.692793703077,-1.795195802051
    ,-0.897597901026,0.),(1.,1.285714285714,1.428571428571,
    1.571428571429,1.714285714286,1.857142857143,2.,2.142857142857,
    2.285714285714,2.428571428571,2.714285714286,2.857142857143,
    3.285714285714,3.571428571429,3.857142857143,3.928571428571,
    4.142857142857,4.285714285714,4.428571428571,4.571428571429,
    4.714285714286,4.785714285714,5.),.UNSPECIFIED.);
#2240 = CARTESIAN_POINT('',(2.5,9.5,-30.75));
#2241 = CARTESIAN_POINT('',(2.5,10.522514653727,-30.85032897825));
#2242 = CARTESIAN_POINT('',(2.5,11.603567385328,-31.00274439834));
#2243 = CARTESIAN_POINT('',(2.5,12.528153014284,-31.15591134966));
#2244 = CARTESIAN_POINT('',(2.5,13.033005313382,-31.24688854786));
#2245 = CARTESIAN_POINT('',(2.5,13.414010280896,-31.31903306544));
#2246 = CARTESIAN_POINT('',(2.5,13.731516454853,-31.37272763162));
#2247 = CARTESIAN_POINT('',(2.5,14.028675364792,-31.37606396258));
#2248 = CARTESIAN_POINT('',(2.5,14.305079653716,-31.30465011702));
#2249 = CARTESIAN_POINT('',(2.5,14.541560480582,-31.15576910816));
#2250 = CARTESIAN_POINT('',(2.5,14.781324078107,-30.86688266871));
#2251 = CARTESIAN_POINT('',(2.5,14.897857818052,-30.4821619851));
#2252 = CARTESIAN_POINT('',(2.5,14.932376532109,-29.83030604962));
#2253 = CARTESIAN_POINT('',(2.5,14.822250914153,-29.09619194417));
#2254 = CARTESIAN_POINT('',(2.5,14.685556375972,-28.14513087709));
#2255 = CARTESIAN_POINT('',(2.5,14.645617995162,-27.51513208838));
#2256 = CARTESIAN_POINT('',(2.5,14.65608411519,-26.97069190831));
#2257 = CARTESIAN_POINT('',(2.5,14.692511193901,-26.57865984173));
#2258 = CARTESIAN_POINT('',(2.5,14.784245520656,-26.14759417202));
#2259 = CARTESIAN_POINT('',(2.5,14.936449694327,-25.78305569808));
#2260 = CARTESIAN_POINT('',(2.5,15.222442432629,-25.43164688544));
#2261 = CARTESIAN_POINT('',(2.5,15.604320745369,-25.14708572406));
#2262 = CARTESIAN_POINT('',(2.5,16.218620120978,-24.78303436086));
#2263 = CARTESIAN_POINT('',(2.5,16.780888379772,-24.50182189726));
#2264 = CARTESIAN_POINT('',(2.5,17.320817496443,-24.23104034561));
#2265 = CARTESIAN_POINT('',(2.686999562714,9.5,-30.75));
#2266 = CARTESIAN_POINT('',(2.686999562714,10.522461898207,
    -30.85032897825));
#2267 = CARTESIAN_POINT('',(2.686999562714,11.603331932597,
    -31.00281018139));
#2268 = CARTESIAN_POINT('',(2.686999562714,12.527850655792,
    -31.15600102785));
#2269 = CARTESIAN_POINT('',(2.686999562714,13.032619919173,
    -31.2470720844));
#2270 = CARTESIAN_POINT('',(2.686999562714,13.413689406073,
    -31.3192855743));
#2271 = CARTESIAN_POINT('',(2.686999562714,13.731425691572,
    -31.37302936125));
#2272 = CARTESIAN_POINT('',(2.686999562714,14.028787147157,
    -31.37626416003));
#2273 = CARTESIAN_POINT('',(2.686999562714,14.305466346198,
    -31.30458726813));
#2274 = CARTESIAN_POINT('',(2.686999562714,14.541790171754,
    -31.15578237122));
#2275 = CARTESIAN_POINT('',(2.686999562714,14.781567652543,
    -30.86657635206));
#2276 = CARTESIAN_POINT('',(2.686999562714,14.897954841782,
    -30.48192097749));
#2277 = CARTESIAN_POINT('',(2.686999562714,14.932383434485,
    -29.83010739601));
#2278 = CARTESIAN_POINT('',(2.686999562714,14.822247749787,
    -29.09595795666));
#2279 = CARTESIAN_POINT('',(2.686999562714,14.685567696383,
    -28.14508906163));
#2280 = CARTESIAN_POINT('',(2.686999562714,14.645716619532,
    -27.51482913088));
#2281 = CARTESIAN_POINT('',(2.686999562714,14.656188641717,
    -26.97054318549));
#2282 = CARTESIAN_POINT('',(2.686999562714,14.692714711683,
    -26.57840145511));
#2283 = CARTESIAN_POINT('',(2.686999562714,14.784383215062,
    -26.14758742528));
#2284 = CARTESIAN_POINT('',(2.686999562714,14.936464355458,
    -25.78324006469));
#2285 = CARTESIAN_POINT('',(2.686999562714,15.222351850456,
    -25.43184839915));
#2286 = CARTESIAN_POINT('',(2.686999562714,15.604203975218,
    -25.14726256099));
#2287 = CARTESIAN_POINT('',(2.686999562714,16.218489742985,
    -24.7831748504));
#2288 = CARTESIAN_POINT('',(2.686999562714,16.780880073915,
    -24.50182728899));
#2289 = CARTESIAN_POINT('',(2.686999562714,17.320817496443,
    -24.23104034561));
#2290 = CARTESIAN_POINT('',(3.25046503611,9.5,-30.87371220508));
#2291 = CARTESIAN_POINT('',(3.25046503611,10.51974949761,-30.97404118333
    ));
#2292 = CARTESIAN_POINT('',(3.25046503611,11.596873450461,
    -31.12620612497));
#2293 = CARTESIAN_POINT('',(3.25046503611,12.52267849797,-31.27942820029
    ));
#2294 = CARTESIAN_POINT('',(3.25046503611,13.035165476616,
    -31.37058324734));
#2295 = CARTESIAN_POINT('',(3.25046503611,13.433996401141,
    -31.44173345724));
#2296 = CARTESIAN_POINT('',(3.25046503611,13.78016204321,-31.48793353762
    ));
#2297 = CARTESIAN_POINT('',(3.25046503611,14.107690891947,
    -31.47326367559));
#2298 = CARTESIAN_POINT('',(3.25046503611,14.407669480762,-31.3760646708
    ));
#2299 = CARTESIAN_POINT('',(3.25046503611,14.658520052733,
    -31.19892419618));
#2300 = CARTESIAN_POINT('',(3.25046503611,14.905968355427,
    -30.87721952337));
#2301 = CARTESIAN_POINT('',(3.25046503611,15.021290964178,
    -30.47073002939));
#2302 = CARTESIAN_POINT('',(3.25046503611,15.052740836297,
    -29.80083510421));
#2303 = CARTESIAN_POINT('',(3.25046503611,14.941949937661,
    -29.06529741836));
#2304 = CARTESIAN_POINT('',(3.25046503611,14.807959588187,
    -28.12539321335));
#2305 = CARTESIAN_POINT('',(3.25046503611,14.769426801655,
    -27.50891503956));
#2306 = CARTESIAN_POINT('',(3.25046503611,14.779495820742,
    -26.98117484662));
#2307 = CARTESIAN_POINT('',(3.25046503611,14.814163178568,
    -26.60518086632));
#2308 = CARTESIAN_POINT('',(3.25046503611,14.896854720953,
    -26.20107643523));
#2309 = CARTESIAN_POINT('',(3.25046503611,15.034089554646,
    -25.86044542862));
#2310 = CARTESIAN_POINT('',(3.25046503611,15.304073211505,
    -25.52503167279));
#2311 = CARTESIAN_POINT('',(3.25046503611,15.677409798303,-25.2468771362
    ));
#2312 = CARTESIAN_POINT('',(3.25046503611,16.286068891898,
    -24.88675607175));
#2313 = CARTESIAN_POINT('',(3.25046503611,16.84781255117,-24.60587060875
    ));
#2314 = CARTESIAN_POINT('',(3.25046503611,17.388177015517,
    -24.33480645219));
#2315 = CARTESIAN_POINT('',(3.895187044737,9.5,-31.68077470085));
#2316 = CARTESIAN_POINT('',(3.895187044737,10.501357207581,
    -31.7811036791));
#2317 = CARTESIAN_POINT('',(3.895187044737,11.551627734283,
    -31.93207501001));
#2318 = CARTESIAN_POINT('',(3.895187044737,12.48493995939,
    -32.08581668381));
#2319 = CARTESIAN_POINT('',(3.895187044737,13.046677420088,
    -32.17876037585));
#2320 = CARTESIAN_POINT('',(3.895187044737,13.562231688255,
    -32.24388580246));
#2321 = CARTESIAN_POINT('',(3.895187044737,14.096904044946,
    -32.24152358241));
#2322 = CARTESIAN_POINT('',(3.895187044737,14.623913660049,
    -32.10870675749));
#2323 = CARTESIAN_POINT('',(3.895187044737,15.079524743309,
    -31.84153168569));
#2324 = CARTESIAN_POINT('',(3.895187044737,15.423068186292,-31.480544257
    ));
#2325 = CARTESIAN_POINT('',(3.895187044737,15.720742226388,
    -30.9426032758));
#2326 = CARTESIAN_POINT('',(3.895187044737,15.827182564429,
    -30.39453764967));
#2327 = CARTESIAN_POINT('',(3.895187044737,15.838008812551,
    -29.60724516808));
#2328 = CARTESIAN_POINT('',(3.895187044737,15.722810416008,
    -28.86218388564));
#2329 = CARTESIAN_POINT('',(3.895187044737,15.606558388357,
    -27.99635046012));
#2330 = CARTESIAN_POINT('',(3.895187044737,15.577779817815,
    -27.46632842398));
#2331 = CARTESIAN_POINT('',(3.895187044737,15.585297782471,
    -27.04856674597));
#2332 = CARTESIAN_POINT('',(3.895187044737,15.609148009565,
    -26.77646634942));
#2333 = CARTESIAN_POINT('',(3.895187044737,15.632406345082,
    -26.54993401589));
#2334 = CARTESIAN_POINT('',(3.895187044737,15.671161806311,
    -26.36654794585));
#2335 = CARTESIAN_POINT('',(3.895187044737,15.836002228763,
    -26.13559610039));
#2336 = CARTESIAN_POINT('',(3.895187044737,16.153439739664,
    -25.89907130438));
#2337 = CARTESIAN_POINT('',(3.895187044737,16.72521216279,
    -25.56434701039));
#2338 = CARTESIAN_POINT('',(3.895187044737,17.284350798047,
    -25.28469028253));
#2339 = CARTESIAN_POINT('',(3.895187044737,17.827610954499,
    -25.0117463944));
#2340 = CARTESIAN_POINT('',(3.617986291663,9.5,-32.89180295027));
#2341 = CARTESIAN_POINT('',(3.617986291663,10.473946221796,
    -32.99213192852));
#2342 = CARTESIAN_POINT('',(3.617986291663,11.484570966659,
    -33.14107858462));
#2343 = CARTESIAN_POINT('',(3.617986291663,12.429385603073,
    -33.29551507675));
#2344 = CARTESIAN_POINT('',(3.617986291663,13.065320187991,
    -33.39080937904));
#2345 = CARTESIAN_POINT('',(3.617986291663,13.755793184614,
    -33.44664944487));
#2346 = CARTESIAN_POINT('',(3.617986291663,14.572509903583,
    -33.37124283098));
#2347 = CARTESIAN_POINT('',(3.617986291663,15.398128761861,
    -33.06150252622));
#2348 = CARTESIAN_POINT('',(3.617986291663,16.086296084633,
    -32.5402060018));
#2349 = CARTESIAN_POINT('',(3.617986291663,16.569486298625,
    -31.9030788654));
#2350 = CARTESIAN_POINT('',(3.617986291663,16.942476681524,
    -31.04180193155));
#2351 = CARTESIAN_POINT('',(3.617986291663,17.036109278684,
    -30.28106395279));
#2352 = CARTESIAN_POINT('',(3.617986291663,17.01630903648,
    -29.31746151991));
#2353 = CARTESIAN_POINT('',(3.617986291663,16.89453277031,
    -28.55823519697));
#2354 = CARTESIAN_POINT('',(3.617986291663,16.804846335383,
    -27.80286535604));
#2355 = CARTESIAN_POINT('',(3.617986291663,16.790394296737,
    -27.40350146933));
#2356 = CARTESIAN_POINT('',(3.617986291663,16.794063345916,
    -27.15021903849));
#2357 = CARTESIAN_POINT('',(3.617986291663,16.801330504404,
    -27.03440440202));
#2358 = CARTESIAN_POINT('',(3.617986291663,16.735640791322,
    -27.07343216435));
#2359 = CARTESIAN_POINT('',(3.617986291663,16.62706110409,
    -27.12531945356));
#2360 = CARTESIAN_POINT('',(3.617986291663,16.634503819748,
    -27.05105581906));
#2361 = CARTESIAN_POINT('',(3.617986291663,16.868155623566,
    -26.8770856815));
#2362 = CARTESIAN_POINT('',(3.617986291663,17.384626507653,
    -26.58059929719));
#2363 = CARTESIAN_POINT('',(3.617986291663,17.939422688213,
    -26.30326610799));
#2364 = CARTESIAN_POINT('',(3.617986291663,18.486998445117,
    -26.02752075818));
#2365 = CARTESIAN_POINT('',(2.873999125427,9.5,-33.25));
#2366 = CARTESIAN_POINT('',(2.873999125427,10.465706723749,
    -33.35032897825));
#2367 = CARTESIAN_POINT('',(2.873999125427,11.464148297795,
    -33.49884124501));
#2368 = CARTESIAN_POINT('',(2.873999125427,12.41219783456,
    -33.65354299146));
#2369 = CARTESIAN_POINT('',(2.873999125427,13.06987078884,
    -33.74976721549));
#2370 = CARTESIAN_POINT('',(2.873999125427,13.812242427165,
    -33.80303330527));
#2371 = CARTESIAN_POINT('',(2.873999125427,14.712957334701,
    -33.7061447333));
#2372 = CARTESIAN_POINT('',(2.873999125427,15.627405011026,
    -33.34382028541));
#2373 = CARTESIAN_POINT('',(2.873999125427,16.385044964783,
    -32.74670224828));
#2374 = CARTESIAN_POINT('',(2.873999125427,16.909147271695,
    -32.02808900241));
#2375 = CARTESIAN_POINT('',(2.873999125427,17.304449377619,
    -31.07037699976));
#2376 = CARTESIAN_POINT('',(2.873999125427,17.393927311773,
    -30.24689823052));
#2377 = CARTESIAN_POINT('',(2.873999125427,17.364843071748,
    -29.23125286058));
#2378 = CARTESIAN_POINT('',(2.873999125427,17.241096039742,
    -28.46774847227));
#2379 = CARTESIAN_POINT('',(2.873999125427,17.159303370515,
    -27.74553192856));
#2380 = CARTESIAN_POINT('',(2.873999125427,17.149307096004,
    -27.38416111939));
#2381 = CARTESIAN_POINT('',(2.873999125427,17.151852472056,
    -27.17991384981));
#2382 = CARTESIAN_POINT('',(2.873999125427,17.154462195649,
    -27.11005112517));
#2383 = CARTESIAN_POINT('',(2.873999125427,17.062298925495,
    -27.22825519589));
#2384 = CARTESIAN_POINT('',(2.873999125427,16.909832954161,
    -27.35020927926));
#2385 = CARTESIAN_POINT('',(2.873999125427,16.870457567177,
    -27.32233363953));
#2386 = CARTESIAN_POINT('',(2.873999125427,17.079261821966,
    -27.16680417739));
#2387 = CARTESIAN_POINT('',(2.873999125427,17.579341635641,
    -26.88153690012));
#2388 = CARTESIAN_POINT('',(2.873999125427,18.1331586068,-26.60455320066
    ));
#2389 = CARTESIAN_POINT('',(2.873999125427,18.682031594739,
    -26.32796575644));
#2390 = CARTESIAN_POINT('',(2.5,9.5,-33.25));
#2391 = CARTESIAN_POINT('',(2.5,10.465791622622,-33.35032897825));
#2392 = CARTESIAN_POINT('',(2.5,11.464527209258,-33.49873538108));
#2393 = CARTESIAN_POINT('',(2.5,12.412684416721,-33.65339867334));
#2394 = CARTESIAN_POINT('',(2.5,13.070490999458,-33.74947185218));
#2395 = CARTESIAN_POINT('',(2.5,13.812758807452,-33.80262694556));
#2396 = CARTESIAN_POINT('',(2.5,14.713103399042,-33.70565916316));
#2397 = CARTESIAN_POINT('',(2.5,15.627225120908,-33.34349810987));
#2398 = CARTESIAN_POINT('',(2.5,16.384422664869,-32.74680339029));
#2399 = CARTESIAN_POINT('',(2.5,16.908777632244,-32.02806765832));
#2400 = CARTESIAN_POINT('',(2.5,17.304057395985,-31.07086995174));
#2401 = CARTESIAN_POINT('',(2.5,17.393771172564,-30.24728608139));
#2402 = CARTESIAN_POINT('',(2.5,17.36483196383,-29.23157255162));
#2403 = CARTESIAN_POINT('',(2.5,17.241101132121,-28.46812502577));
#2404 = CARTESIAN_POINT('',(2.5,17.159285152704,-27.74559922172));
#2405 = CARTESIAN_POINT('',(2.5,17.149148380902,-27.38464866553));
#2406 = CARTESIAN_POINT('',(2.5,17.151684258678,-27.1801531878));
#2407 = CARTESIAN_POINT('',(2.5,17.154134676743,-27.11046694389));
#2408 = CARTESIAN_POINT('',(2.5,17.062077335416,-27.22826605335));
#2409 = CARTESIAN_POINT('',(2.5,16.909809360166,-27.34991258013));
#2410 = CARTESIAN_POINT('',(2.5,16.870603340061,-27.32200934575));
#2411 = CARTESIAN_POINT('',(2.5,17.079449738872,-27.1665195957));
#2412 = CARTESIAN_POINT('',(2.5,17.579551451497,-26.88131081187));
#2413 = CARTESIAN_POINT('',(2.5,18.133171973325,-26.60454452382));
#2414 = CARTESIAN_POINT('',(2.5,18.682031594739,-26.32796575644));
#2415 = DEFINITIONAL_REPRESENTATION('',(#2416),#2420);
#2416 = LINE('',#2417,#2418);
#2417 = CARTESIAN_POINT('',(4.2E-16,1.));
#2418 = VECTOR('',#2419,1.);
#2419 = DIRECTION('',(-1.,4.E-17));
#2420 = ( GEOMETRIC_REPRESENTATION_CONTEXT(2) 
PARAMETRIC_REPRESENTATION_CONTEXT() REPRESENTATION_CONTEXT('2D SPACE',''
  ) );
#2421 = PCURVE('',#2010,#2422);
#2422 = DEFINITIONAL_REPRESENTATION('',(#2423),#2431);
#2423 = B_SPLINE_CURVE_WITH_KNOTS('',3,(#2424,#2425,#2426,#2427,#2428,
    #2429,#2430),.UNSPECIFIED.,.F.,.F.,(4,1,1,1,4),(0.,0.897597901026,
    1.795195802051,2.692793703077,3.14159265359),.UNSPECIFIED.);
#2424 = CARTESIAN_POINT('',(12.5,33.25));
#2425 = CARTESIAN_POINT('',(12.873999125427,33.25));
#2426 = CARTESIAN_POINT('',(13.617986291663,32.891802950273));
#2427 = CARTESIAN_POINT('',(13.895187044737,31.680774700855));
#2428 = CARTESIAN_POINT('',(13.25046503611,30.87371220508));
#2429 = CARTESIAN_POINT('',(12.686999562714,30.75));
#2430 = CARTESIAN_POINT('',(12.5,30.75));
#2431 = ( GEOMETRIC_REPRESENTATION_CONTEXT(2) 
PARAMETRIC_REPRESENTATION_CONTEXT() REPRESENTATION_CONTEXT('2D SPACE',''
  ) );
#2432 = ORIENTED_EDGE('',*,*,#2433,.T.);
#2433 = EDGE_CURVE('',#2225,#2434,#2436,.T.);
#2434 = VERTEX_POINT('',#2435);
#2435 = CARTESIAN_POINT('',(2.5,18.682031594739,-26.32796575644));
#2436 = SURFACE_CURVE('',#2437,(#2463,#2470),.PCURVE_S1.);
#2437 = B_SPLINE_CURVE_WITH_KNOTS('',3,(#2438,#2439,#2440,#2441,#2442,
    #2443,#2444,#2445,#2446,#2447,#2448,#2449,#2450,#2451,#2452,#2453,
    #2454,#2455,#2456,#2457,#2458,#2459,#2460,#2461,#2462),
  .UNSPECIFIED.,.F.,.F.,(4,1,1,1,1,1,1,1,1,1,1,1,1,1,1,1,1,1,1,1,1,1,4),
  (1.,1.285714285714,1.428571428571,1.571428571429,1.714285714286,
    1.857142857143,2.,2.142857142857,2.285714285714,2.428571428571,
    2.714285714286,2.857142857143,3.285714285714,3.571428571429,
    3.857142857143,3.928571428571,4.142857142857,4.285714285714,
    4.428571428571,4.571428571429,4.714285714286,4.785714285714,5.),
  .UNSPECIFIED.);
#2438 = CARTESIAN_POINT('',(2.5,9.5,-33.25));
#2439 = CARTESIAN_POINT('',(2.5,10.465791622622,-33.35032897825));
#2440 = CARTESIAN_POINT('',(2.5,11.464527209258,-33.49873538108));
#2441 = CARTESIAN_POINT('',(2.5,12.412684416721,-33.65339867334));
#2442 = CARTESIAN_POINT('',(2.5,13.070490999458,-33.74947185218));
#2443 = CARTESIAN_POINT('',(2.5,13.812758807452,-33.80262694556));
#2444 = CARTESIAN_POINT('',(2.5,14.713103399042,-33.70565916316));
#2445 = CARTESIAN_POINT('',(2.5,15.627225120908,-33.34349810987));
#2446 = CARTESIAN_POINT('',(2.5,16.384422664869,-32.74680339029));
#2447 = CARTESIAN_POINT('',(2.5,16.908777632244,-32.02806765832));
#2448 = CARTESIAN_POINT('',(2.5,17.304057395985,-31.07086995174));
#2449 = CARTESIAN_POINT('',(2.5,17.393771172564,-30.24728608139));
#2450 = CARTESIAN_POINT('',(2.5,17.36483196383,-29.23157255162));
#2451 = CARTESIAN_POINT('',(2.5,17.241101132121,-28.46812502577));
#2452 = CARTESIAN_POINT('',(2.5,17.159285152704,-27.74559922172));
#2453 = CARTESIAN_POINT('',(2.5,17.149148380902,-27.38464866553));
#2454 = CARTESIAN_POINT('',(2.5,17.151684258678,-27.1801531878));
#2455 = CARTESIAN_POINT('',(2.5,17.154134676743,-27.11046694389));
#2456 = CARTESIAN_POINT('',(2.5,17.062077335416,-27.22826605335));
#2457 = CARTESIAN_POINT('',(2.5,16.909809360166,-27.34991258013));
#2458 = CARTESIAN_POINT('',(2.5,16.870603340061,-27.32200934575));
#2459 = CARTESIAN_POINT('',(2.5,17.079449738872,-27.1665195957));
#2460 = CARTESIAN_POINT('',(2.5,17.579551451497,-26.88131081187));
#2461 = CARTESIAN_POINT('',(2.5,18.133171973325,-26.60454452382));
#2462 = CARTESIAN_POINT('',(2.5,18.682031594739,-26.32796575644));
#2463 = PCURVE('',#2239,#2464);
#2464 = DEFINITIONAL_REPRESENTATION('',(#2465),#2469);
#2465 = LINE('',#2466,#2467);
#2466 = CARTESIAN_POINT('',(1.59E-15,0.));
#2467 = VECTOR('',#2468,1.);
#2468 = DIRECTION('',(-1.17E-15,1.));
#2469 = ( GEOMETRIC_REPRESENTATION_CONTEXT(2) 
PARAMETRIC_REPRESENTATION_CONTEXT() REPRESENTATION_CONTEXT('2D SPACE',''
  ) );
#2470 = PCURVE('',#2471,#2572);
#2471 = B_SPLINE_SURFACE_WITH_KNOTS('',3,3,(
    (#2472,#2473,#2474,#2475,#2476,#2477,#2478,#2479,#2480,#2481,#2482
      ,#2483,#2484,#2485,#2486,#2487,#2488,#2489,#2490,#2491,#2492,#2493
      ,#2494,#2495,#2496)
    ,(#2497,#2498,#2499,#2500,#2501,#2502,#2503,#2504,#2505,#2506,#2507
      ,#2508,#2509,#2510,#2511,#2512,#2513,#2514,#2515,#2516,#2517,#2518
      ,#2519,#2520,#2521)
    ,(#2522,#2523,#2524,#2525,#2526,#2527,#2528,#2529,#2530,#2531,#2532
      ,#2533,#2534,#2535,#2536,#2537,#2538,#2539,#2540,#2541,#2542,#2543
      ,#2544,#2545,#2546)
    ,(#2547,#2548,#2549,#2550,#2551,#2552,#2553,#2554,#2555,#2556,#2557
      ,#2558,#2559,#2560,#2561,#2562,#2563,#2564,#2565,#2566,#2567,#2568
      ,#2569,#2570,#2571
    )),.UNSPECIFIED.,.F.,.F.,.F.,(4,4),(4,1,1,1,1,1,1,1,1,1,1,1,1,1,1,1,
    1,1,1,1,1,1,4),(-0.5,0.),(1.,1.285714285714,1.428571428571,
    1.571428571429,1.714285714286,1.857142857143,2.,2.142857142857,
    2.285714285714,2.428571428571,2.714285714286,3.,3.285714285714,
    3.571428571429,3.857142857143,4.,4.142857142857,4.285714285714,
    4.428571428571,4.571428571429,4.714285714286,4.857142857143,5.),
  .UNSPECIFIED.);
#2472 = CARTESIAN_POINT('',(2.5,9.5,-33.25));
#2473 = CARTESIAN_POINT('',(2.5,10.465791622622,-33.35032897825));
#2474 = CARTESIAN_POINT('',(2.5,11.464536657991,-33.49872362159));
#2475 = CARTESIAN_POINT('',(2.5,12.412692093074,-33.65338727394));
#2476 = CARTESIAN_POINT('',(2.5,13.070499164218,-33.74945420148));
#2477 = CARTESIAN_POINT('',(2.5,13.812749840993,-33.80260297662));
#2478 = CARTESIAN_POINT('',(2.5,14.713091777557,-33.70562769767));
#2479 = CARTESIAN_POINT('',(2.5,15.627139552991,-33.34344313286));
#2480 = CARTESIAN_POINT('',(2.5,16.384416861805,-32.74673544426));
#2481 = CARTESIAN_POINT('',(2.5,16.908395690833,-32.02785202779));
#2482 = CARTESIAN_POINT('',(2.5,17.304364094816,-31.07058593204));
#2483 = CARTESIAN_POINT('',(2.5,17.414798269742,-30.04223052639));
#2484 = CARTESIAN_POINT('',(2.5,17.338706259287,-29.09860962862));
#2485 = CARTESIAN_POINT('',(2.5,17.231327473748,-28.36573609007));
#2486 = CARTESIAN_POINT('',(2.5,17.15826645698,-27.74502303307));
#2487 = CARTESIAN_POINT('',(2.5,17.147983191366,-27.34478501273));
#2488 = CARTESIAN_POINT('',(2.5,17.153550422626,-27.16284771979));
#2489 = CARTESIAN_POINT('',(2.5,17.141936920487,-27.12679738519));
#2490 = CARTESIAN_POINT('',(2.5,17.061715713775,-27.22873976641));
#2491 = CARTESIAN_POINT('',(2.5,16.9100719272,-27.34972004817));
#2492 = CARTESIAN_POINT('',(2.5,16.870473108704,-27.32215491581));
#2493 = CARTESIAN_POINT('',(2.5,17.121570452895,-27.13480159413));
#2494 = CARTESIAN_POINT('',(2.5,17.703805402299,-26.81853078685));
#2495 = CARTESIAN_POINT('',(2.5,18.316125180463,-26.51235160136));
#2496 = CARTESIAN_POINT('',(2.5,18.682031594739,-26.32796575644));
#2497 = CARTESIAN_POINT('',(0.833333333333,9.5,-33.25));
#2498 = CARTESIAN_POINT('',(0.833333333333,10.465791622622,
    -33.35032897825));
#2499 = CARTESIAN_POINT('',(0.833333333333,11.464536657991,
    -33.49872362159));
#2500 = CARTESIAN_POINT('',(0.833333333333,12.412692093074,
    -33.65338727394));
#2501 = CARTESIAN_POINT('',(0.833333333333,13.070499164218,
    -33.74945420148));
#2502 = CARTESIAN_POINT('',(0.833333333333,13.812749840993,
    -33.80260297662));
#2503 = CARTESIAN_POINT('',(0.833333333333,14.713091777557,
    -33.70562769767));
#2504 = CARTESIAN_POINT('',(0.833333333333,15.627139552991,
    -33.34344313286));
#2505 = CARTESIAN_POINT('',(0.833333333333,16.384416861805,
    -32.74673544426));
#2506 = CARTESIAN_POINT('',(0.833333333333,16.908395690833,
    -32.02785202779));
#2507 = CARTESIAN_POINT('',(0.833333333333,17.304364094816,
    -31.07058593204));
#2508 = CARTESIAN_POINT('',(0.833333333333,17.414798269742,
    -30.04223052639));
#2509 = CARTESIAN_POINT('',(0.833333333333,17.338706259287,
    -29.09860962862));
#2510 = CARTESIAN_POINT('',(0.833333333333,17.231327473748,
    -28.36573609007));
#2511 = CARTESIAN_POINT('',(0.833333333333,17.15826645698,
    -27.74502303307));
#2512 = CARTESIAN_POINT('',(0.833333333333,17.147983191366,
    -27.34478501273));
#2513 = CARTESIAN_POINT('',(0.833333333333,17.153550422626,
    -27.16284771979));
#2514 = CARTESIAN_POINT('',(0.833333333333,17.141936920487,
    -27.12679738519));
#2515 = CARTESIAN_POINT('',(0.833333333333,17.061715713775,
    -27.22873976641));
#2516 = CARTESIAN_POINT('',(0.833333333333,16.9100719272,-27.34972004817
    ));
#2517 = CARTESIAN_POINT('',(0.833333333333,16.870473108704,
    -27.32215491581));
#2518 = CARTESIAN_POINT('',(0.833333333333,17.121570452895,
    -27.13480159413));
#2519 = CARTESIAN_POINT('',(0.833333333333,17.703805402299,
    -26.81853078685));
#2520 = CARTESIAN_POINT('',(0.833333333333,18.316125180463,
    -26.51235160136));
#2521 = CARTESIAN_POINT('',(0.833333333333,18.682031594739,
    -26.32796575644));
#2522 = CARTESIAN_POINT('',(-0.833333333333,9.5,-33.25));
#2523 = CARTESIAN_POINT('',(-0.833333333333,10.465791622622,
    -33.35032897825));
#2524 = CARTESIAN_POINT('',(-0.833333333333,11.464536657991,
    -33.49872362159));
#2525 = CARTESIAN_POINT('',(-0.833333333333,12.412692093074,
    -33.65338727394));
#2526 = CARTESIAN_POINT('',(-0.833333333333,13.070499164218,
    -33.74945420148));
#2527 = CARTESIAN_POINT('',(-0.833333333333,13.812749840993,
    -33.80260297662));
#2528 = CARTESIAN_POINT('',(-0.833333333333,14.713091777557,
    -33.70562769767));
#2529 = CARTESIAN_POINT('',(-0.833333333333,15.627139552991,
    -33.34344313286));
#2530 = CARTESIAN_POINT('',(-0.833333333333,16.384416861805,
    -32.74673544426));
#2531 = CARTESIAN_POINT('',(-0.833333333333,16.908395690833,
    -32.02785202779));
#2532 = CARTESIAN_POINT('',(-0.833333333333,17.304364094816,
    -31.07058593204));
#2533 = CARTESIAN_POINT('',(-0.833333333333,17.414798269742,
    -30.04223052639));
#2534 = CARTESIAN_POINT('',(-0.833333333333,17.338706259287,
    -29.09860962862));
#2535 = CARTESIAN_POINT('',(-0.833333333333,17.231327473748,
    -28.36573609007));
#2536 = CARTESIAN_POINT('',(-0.833333333333,17.15826645698,
    -27.74502303307));
#2537 = CARTESIAN_POINT('',(-0.833333333333,17.147983191366,
    -27.34478501273));
#2538 = CARTESIAN_POINT('',(-0.833333333333,17.153550422626,
    -27.16284771979));
#2539 = CARTESIAN_POINT('',(-0.833333333333,17.141936920487,
    -27.12679738519));
#2540 = CARTESIAN_POINT('',(-0.833333333333,17.061715713775,
    -27.22873976641));
#2541 = CARTESIAN_POINT('',(-0.833333333333,16.9100719272,
    -27.34972004817));
#2542 = CARTESIAN_POINT('',(-0.833333333333,16.870473108704,
    -27.32215491581));
#2543 = CARTESIAN_POINT('',(-0.833333333333,17.121570452895,
    -27.13480159413));
#2544 = CARTESIAN_POINT('',(-0.833333333333,17.703805402299,
    -26.81853078685));
#2545 = CARTESIAN_POINT('',(-0.833333333333,18.316125180463,
    -26.51235160136));
#2546 = CARTESIAN_POINT('',(-0.833333333333,18.682031594739,
    -26.32796575644));
#2547 = CARTESIAN_POINT('',(-2.5,9.5,-33.25));
#2548 = CARTESIAN_POINT('',(-2.5,10.465791622622,-33.35032897825));
#2549 = CARTESIAN_POINT('',(-2.5,11.464536657991,-33.49872362159));
#2550 = CARTESIAN_POINT('',(-2.5,12.412692093074,-33.65338727394));
#2551 = CARTESIAN_POINT('',(-2.5,13.070499164218,-33.74945420148));
#2552 = CARTESIAN_POINT('',(-2.5,13.812749840993,-33.80260297662));
#2553 = CARTESIAN_POINT('',(-2.5,14.713091777557,-33.70562769767));
#2554 = CARTESIAN_POINT('',(-2.5,15.627139552991,-33.34344313286));
#2555 = CARTESIAN_POINT('',(-2.5,16.384416861805,-32.74673544426));
#2556 = CARTESIAN_POINT('',(-2.5,16.908395690833,-32.02785202779));
#2557 = CARTESIAN_POINT('',(-2.5,17.304364094816,-31.07058593204));
#2558 = CARTESIAN_POINT('',(-2.5,17.414798269742,-30.04223052639));
#2559 = CARTESIAN_POINT('',(-2.5,17.338706259287,-29.09860962862));
#2560 = CARTESIAN_POINT('',(-2.5,17.231327473748,-28.36573609007));
#2561 = CARTESIAN_POINT('',(-2.5,17.15826645698,-27.74502303307));
#2562 = CARTESIAN_POINT('',(-2.5,17.147983191366,-27.34478501273));
#2563 = CARTESIAN_POINT('',(-2.5,17.153550422626,-27.16284771979));
#2564 = CARTESIAN_POINT('',(-2.5,17.141936920487,-27.12679738519));
#2565 = CARTESIAN_POINT('',(-2.5,17.061715713775,-27.22873976641));
#2566 = CARTESIAN_POINT('',(-2.5,16.9100719272,-27.34972004817));
#2567 = CARTESIAN_POINT('',(-2.5,16.870473108704,-27.32215491581));
#2568 = CARTESIAN_POINT('',(-2.5,17.121570452895,-27.13480159413));
#2569 = CARTESIAN_POINT('',(-2.5,17.703805402299,-26.81853078685));
#2570 = CARTESIAN_POINT('',(-2.5,18.316125180463,-26.51235160136));
#2571 = CARTESIAN_POINT('',(-2.5,18.682031594739,-26.32796575644));
#2572 = DEFINITIONAL_REPRESENTATION('',(#2573),#2577);
#2573 = LINE('',#2574,#2575);
#2574 = CARTESIAN_POINT('',(-0.5,0.));
#2575 = VECTOR('',#2576,1.);
#2576 = DIRECTION('',(1.E-17,1.));
#2577 = ( GEOMETRIC_REPRESENTATION_CONTEXT(2) 
PARAMETRIC_REPRESENTATION_CONTEXT() REPRESENTATION_CONTEXT('2D SPACE',''
  ) );
#2578 = ORIENTED_EDGE('',*,*,#2579,.F.);
#2579 = EDGE_CURVE('',#2580,#2434,#2582,.T.);
#2580 = VERTEX_POINT('',#2581);
#2581 = CARTESIAN_POINT('',(2.5,17.320817496443,-24.23104034561));
#2582 = SURFACE_CURVE('',#2583,(#2588,#2595),.PCURVE_S1.);
#2583 = CIRCLE('',#2584,1.25);
#2584 = AXIS2_PLACEMENT_3D('',#2585,#2586,#2587);
#2585 = CARTESIAN_POINT('',(2.5,18.001424545591,-25.27950305102));
#2586 = DIRECTION('',(0.,0.838770164333,0.544485639319));
#2587 = DIRECTION('',(0.,0.544485639319,-0.838770164333));
#2588 = PCURVE('',#2239,#2589);
#2589 = DEFINITIONAL_REPRESENTATION('',(#2590),#2594);
#2590 = LINE('',#2591,#2592);
#2591 = CARTESIAN_POINT('',(-6.28318530718,5.));
#2592 = VECTOR('',#2593,1.);
#2593 = DIRECTION('',(1.,5.7E-16));
#2594 = ( GEOMETRIC_REPRESENTATION_CONTEXT(2) 
PARAMETRIC_REPRESENTATION_CONTEXT() REPRESENTATION_CONTEXT('2D SPACE',''
  ) );
#2595 = PCURVE('',#2596,#2601);
#2596 = PLANE('',#2597);
#2597 = AXIS2_PLACEMENT_3D('',#2598,#2599,#2600);
#2598 = CARTESIAN_POINT('',(0.,18.001424545591,-25.27950305102));
#2599 = DIRECTION('',(0.,0.838770164333,0.544485639319));
#2600 = DIRECTION('',(0.,-0.544485639319,0.838770164333));
#2601 = DEFINITIONAL_REPRESENTATION('',(#2602),#2606);
#2602 = CIRCLE('',#2603,1.25);
#2603 = AXIS2_PLACEMENT_2D('',#2604,#2605);
#2604 = CARTESIAN_POINT('',(0.,2.5));
#2605 = DIRECTION('',(-1.,0.));
#2606 = ( GEOMETRIC_REPRESENTATION_CONTEXT(2) 
PARAMETRIC_REPRESENTATION_CONTEXT() REPRESENTATION_CONTEXT('2D SPACE',''
  ) );
#2607 = ORIENTED_EDGE('',*,*,#2608,.F.);
#2608 = EDGE_CURVE('',#2227,#2580,#2609,.T.);
#2609 = SURFACE_CURVE('',#2610,(#2629,#2636),.PCURVE_S1.);
#2610 = B_SPLINE_CURVE_WITH_KNOTS('',3,(#2611,#2612,#2613,#2614,#2615,
    #2616,#2617,#2618,#2619,#2620,#2621,#2622,#2623,#2624,#2625,#2626,
    #2627,#2628),.UNSPECIFIED.,.F.,.F.,(4,1,1,1,1,1,1,1,1,1,1,1,1,1,1,4)
  ,(1.,1.285714285714,1.571428571429,1.714285714286,1.857142857143,
    2.142857142857,2.428571428571,2.714285714286,2.857142857143,
    3.285714285714,3.857142857143,4.142857142857,4.285714285714,
    4.428571428571,4.714285714286,5.),.UNSPECIFIED.);
#2611 = CARTESIAN_POINT('',(2.5,9.5,-30.75));
#2612 = CARTESIAN_POINT('',(2.5,10.522514653727,-30.85032897825));
#2613 = CARTESIAN_POINT('',(2.5,11.963594152411,-31.05381415594));
#2614 = CARTESIAN_POINT('',(2.5,12.905036708733,-31.22360806469));
#2615 = CARTESIAN_POINT('',(2.5,13.414732182787,-31.31856396441));
#2616 = CARTESIAN_POINT('',(2.5,13.834992222534,-31.39222074947));
#2617 = CARTESIAN_POINT('',(2.5,14.325170973875,-31.34727456772));
#2618 = CARTESIAN_POINT('',(2.5,14.754798917458,-30.96346059629));
#2619 = CARTESIAN_POINT('',(2.5,14.896597663443,-30.48212268407));
#2620 = CARTESIAN_POINT('',(2.5,14.933100280102,-29.82978816344));
#2621 = CARTESIAN_POINT('',(2.5,14.783482871128,-28.85336715022));
#2622 = CARTESIAN_POINT('',(2.5,14.610772557814,-27.57409720469));
#2623 = CARTESIAN_POINT('',(2.5,14.679777980079,-26.63854327846));
#2624 = CARTESIAN_POINT('',(2.5,14.784293123747,-26.14864128435));
#2625 = CARTESIAN_POINT('',(2.5,14.986488744601,-25.65757964934));
#2626 = CARTESIAN_POINT('',(2.5,15.577440755378,-25.09880101942));
#2627 = CARTESIAN_POINT('',(2.5,16.600912007549,-24.59208241448));
#2628 = CARTESIAN_POINT('',(2.5,17.320817496443,-24.23104034561));
#2629 = PCURVE('',#2239,#2630);
#2630 = DEFINITIONAL_REPRESENTATION('',(#2631),#2635);
#2631 = LINE('',#2632,#2633);
#2632 = CARTESIAN_POINT('',(-3.14159265359,0.));
#2633 = VECTOR('',#2634,1.);
#2634 = DIRECTION('',(0.,1.));
#2635 = ( GEOMETRIC_REPRESENTATION_CONTEXT(2) 
PARAMETRIC_REPRESENTATION_CONTEXT() REPRESENTATION_CONTEXT('2D SPACE',''
  ) );
#2636 = PCURVE('',#2637,#2710);
#2637 = B_SPLINE_SURFACE_WITH_KNOTS('',3,3,(
    (#2638,#2639,#2640,#2641,#2642,#2643,#2644,#2645,#2646,#2647,#2648
      ,#2649,#2650,#2651,#2652,#2653,#2654,#2655)
    ,(#2656,#2657,#2658,#2659,#2660,#2661,#2662,#2663,#2664,#2665,#2666
      ,#2667,#2668,#2669,#2670,#2671,#2672,#2673)
    ,(#2674,#2675,#2676,#2677,#2678,#2679,#2680,#2681,#2682,#2683,#2684
      ,#2685,#2686,#2687,#2688,#2689,#2690,#2691)
    ,(#2692,#2693,#2694,#2695,#2696,#2697,#2698,#2699,#2700,#2701,#2702
      ,#2703,#2704,#2705,#2706,#2707,#2708,#2709
  )),.UNSPECIFIED.,.F.,.F.,.F.,(4,4),(4,1,1,1,1,1,1,1,1,1,1,1,1,1,1,4),(
    -0.5,0.),(1.,1.285714285714,1.571428571429,1.714285714286,
    1.857142857143,2.142857142857,2.428571428571,2.714285714286,
    2.857142857143,3.285714285714,3.857142857143,4.142857142857,
    4.285714285714,4.428571428571,4.714285714286,5.),.UNSPECIFIED.);
#2638 = CARTESIAN_POINT('',(-2.5,9.5,-30.75));
#2639 = CARTESIAN_POINT('',(-2.5,10.522514653727,-30.85032897825));
#2640 = CARTESIAN_POINT('',(-2.5,11.963594152411,-31.05381415594));
#2641 = CARTESIAN_POINT('',(-2.5,12.905036708733,-31.22360806469));
#2642 = CARTESIAN_POINT('',(-2.5,13.414732182787,-31.31856396441));
#2643 = CARTESIAN_POINT('',(-2.5,13.834992222534,-31.39222074947));
#2644 = CARTESIAN_POINT('',(-2.5,14.325170973875,-31.34727456772));
#2645 = CARTESIAN_POINT('',(-2.5,14.754798917458,-30.96346059629));
#2646 = CARTESIAN_POINT('',(-2.5,14.896597663443,-30.48212268407));
#2647 = CARTESIAN_POINT('',(-2.5,14.933100280102,-29.82978816344));
#2648 = CARTESIAN_POINT('',(-2.5,14.783482871128,-28.85336715022));
#2649 = CARTESIAN_POINT('',(-2.5,14.610772557814,-27.57409720469));
#2650 = CARTESIAN_POINT('',(-2.5,14.679777980079,-26.63854327846));
#2651 = CARTESIAN_POINT('',(-2.5,14.784293123747,-26.14864128435));
#2652 = CARTESIAN_POINT('',(-2.5,14.986488744601,-25.65757964934));
#2653 = CARTESIAN_POINT('',(-2.5,15.577440755378,-25.09880101942));
#2654 = CARTESIAN_POINT('',(-2.5,16.600912007549,-24.59208241448));
#2655 = CARTESIAN_POINT('',(-2.5,17.320817496443,-24.23104034561));
#2656 = CARTESIAN_POINT('',(-0.833333333333,9.5,-30.75));
#2657 = CARTESIAN_POINT('',(-0.833333333333,10.522514653727,
    -30.85032897825));
#2658 = CARTESIAN_POINT('',(-0.833333333333,11.963594152411,
    -31.05381415594));
#2659 = CARTESIAN_POINT('',(-0.833333333333,12.905036708733,
    -31.22360806469));
#2660 = CARTESIAN_POINT('',(-0.833333333333,13.414732182787,
    -31.31856396441));
#2661 = CARTESIAN_POINT('',(-0.833333333333,13.834992222534,
    -31.39222074947));
#2662 = CARTESIAN_POINT('',(-0.833333333333,14.325170973875,
    -31.34727456772));
#2663 = CARTESIAN_POINT('',(-0.833333333333,14.754798917458,
    -30.96346059629));
#2664 = CARTESIAN_POINT('',(-0.833333333333,14.896597663443,
    -30.48212268407));
#2665 = CARTESIAN_POINT('',(-0.833333333333,14.933100280102,
    -29.82978816344));
#2666 = CARTESIAN_POINT('',(-0.833333333333,14.783482871128,
    -28.85336715022));
#2667 = CARTESIAN_POINT('',(-0.833333333333,14.610772557814,
    -27.57409720469));
#2668 = CARTESIAN_POINT('',(-0.833333333333,14.679777980079,
    -26.63854327846));
#2669 = CARTESIAN_POINT('',(-0.833333333333,14.784293123747,
    -26.14864128435));
#2670 = CARTESIAN_POINT('',(-0.833333333333,14.986488744601,
    -25.65757964934));
#2671 = CARTESIAN_POINT('',(-0.833333333333,15.577440755378,
    -25.09880101942));
#2672 = CARTESIAN_POINT('',(-0.833333333333,16.600912007549,
    -24.59208241448));
#2673 = CARTESIAN_POINT('',(-0.833333333333,17.320817496443,
    -24.23104034561));
#2674 = CARTESIAN_POINT('',(0.833333333333,9.5,-30.75));
#2675 = CARTESIAN_POINT('',(0.833333333333,10.522514653727,
    -30.85032897825));
#2676 = CARTESIAN_POINT('',(0.833333333333,11.963594152411,
    -31.05381415594));
#2677 = CARTESIAN_POINT('',(0.833333333333,12.905036708733,
    -31.22360806469));
#2678 = CARTESIAN_POINT('',(0.833333333333,13.414732182787,
    -31.31856396441));
#2679 = CARTESIAN_POINT('',(0.833333333333,13.834992222534,
    -31.39222074947));
#2680 = CARTESIAN_POINT('',(0.833333333333,14.325170973875,
    -31.34727456772));
#2681 = CARTESIAN_POINT('',(0.833333333333,14.754798917458,
    -30.96346059629));
#2682 = CARTESIAN_POINT('',(0.833333333333,14.896597663443,
    -30.48212268407));
#2683 = CARTESIAN_POINT('',(0.833333333333,14.933100280102,
    -29.82978816344));
#2684 = CARTESIAN_POINT('',(0.833333333333,14.783482871128,
    -28.85336715022));
#2685 = CARTESIAN_POINT('',(0.833333333333,14.610772557814,
    -27.57409720469));
#2686 = CARTESIAN_POINT('',(0.833333333333,14.679777980079,
    -26.63854327846));
#2687 = CARTESIAN_POINT('',(0.833333333333,14.784293123747,
    -26.14864128435));
#2688 = CARTESIAN_POINT('',(0.833333333333,14.986488744601,
    -25.65757964934));
#2689 = CARTESIAN_POINT('',(0.833333333333,15.577440755378,
    -25.09880101942));
#2690 = CARTESIAN_POINT('',(0.833333333333,16.600912007549,
    -24.59208241448));
#2691 = CARTESIAN_POINT('',(0.833333333333,17.320817496443,
    -24.23104034561));
#2692 = CARTESIAN_POINT('',(2.5,9.5,-30.75));
#2693 = CARTESIAN_POINT('',(2.5,10.522514653727,-30.85032897825));
#2694 = CARTESIAN_POINT('',(2.5,11.963594152411,-31.05381415594));
#2695 = CARTESIAN_POINT('',(2.5,12.905036708733,-31.22360806469));
#2696 = CARTESIAN_POINT('',(2.5,13.414732182787,-31.31856396441));
#2697 = CARTESIAN_POINT('',(2.5,13.834992222534,-31.39222074947));
#2698 = CARTESIAN_POINT('',(2.5,14.325170973875,-31.34727456772));
#2699 = CARTESIAN_POINT('',(2.5,14.754798917458,-30.96346059629));
#2700 = CARTESIAN_POINT('',(2.5,14.896597663443,-30.48212268407));
#2701 = CARTESIAN_POINT('',(2.5,14.933100280102,-29.82978816344));
#2702 = CARTESIAN_POINT('',(2.5,14.783482871128,-28.85336715022));
#2703 = CARTESIAN_POINT('',(2.5,14.610772557814,-27.57409720469));
#2704 = CARTESIAN_POINT('',(2.5,14.679777980079,-26.63854327846));
#2705 = CARTESIAN_POINT('',(2.5,14.784293123747,-26.14864128435));
#2706 = CARTESIAN_POINT('',(2.5,14.986488744601,-25.65757964934));
#2707 = CARTESIAN_POINT('',(2.5,15.577440755378,-25.09880101942));
#2708 = CARTESIAN_POINT('',(2.5,16.600912007549,-24.59208241448));
#2709 = CARTESIAN_POINT('',(2.5,17.320817496443,-24.23104034561));
#2710 = DEFINITIONAL_REPRESENTATION('',(#2711),#2715);
#2711 = LINE('',#2712,#2713);
#2712 = CARTESIAN_POINT('',(-1.E-17,2.2E-16));
#2713 = VECTOR('',#2714,1.);
#2714 = DIRECTION('',(0.,1.));
#2715 = ( GEOMETRIC_REPRESENTATION_CONTEXT(2) 
PARAMETRIC_REPRESENTATION_CONTEXT() REPRESENTATION_CONTEXT('2D SPACE',''
  ) );
#2716 = ADVANCED_FACE('',(#2717),#2637,.T.);
#2717 = FACE_BOUND('',#2718,.T.);
#2718 = EDGE_LOOP('',(#2719,#2744,#2745,#2767));
#2719 = ORIENTED_EDGE('',*,*,#2720,.F.);
#2720 = EDGE_CURVE('',#2227,#2721,#2723,.T.);
#2721 = VERTEX_POINT('',#2722);
#2722 = CARTESIAN_POINT('',(-2.5,9.5,-30.75));
#2723 = SURFACE_CURVE('',#2724,(#2729,#2736),.PCURVE_S1.);
#2724 = B_SPLINE_CURVE_WITH_KNOTS('',3,(#2725,#2726,#2727,#2728),
  .UNSPECIFIED.,.F.,.F.,(4,4),(0.,0.5),.PIECEWISE_BEZIER_KNOTS.);
#2725 = CARTESIAN_POINT('',(2.5,9.5,-30.75));
#2726 = CARTESIAN_POINT('',(0.833333333333,9.5,-30.75));
#2727 = CARTESIAN_POINT('',(-0.833333333333,9.5,-30.75));
#2728 = CARTESIAN_POINT('',(-2.5,9.5,-30.75));
#2729 = PCURVE('',#2637,#2730);
#2730 = DEFINITIONAL_REPRESENTATION('',(#2731),#2735);
#2731 = LINE('',#2732,#2733);
#2732 = CARTESIAN_POINT('',(-1.E-17,1.));
#2733 = VECTOR('',#2734,1.);
#2734 = DIRECTION('',(-1.,0.));
#2735 = ( GEOMETRIC_REPRESENTATION_CONTEXT(2) 
PARAMETRIC_REPRESENTATION_CONTEXT() REPRESENTATION_CONTEXT('2D SPACE',''
  ) );
#2736 = PCURVE('',#2010,#2737);
#2737 = DEFINITIONAL_REPRESENTATION('',(#2738),#2743);
#2738 = B_SPLINE_CURVE_WITH_KNOTS('',3,(#2739,#2740,#2741,#2742),
  .UNSPECIFIED.,.F.,.F.,(4,4),(0.,0.5),.PIECEWISE_BEZIER_KNOTS.);
#2739 = CARTESIAN_POINT('',(12.5,30.75));
#2740 = CARTESIAN_POINT('',(10.833333333333,30.75));
#2741 = CARTESIAN_POINT('',(9.166666666667,30.75));
#2742 = CARTESIAN_POINT('',(7.5,30.75));
#2743 = ( GEOMETRIC_REPRESENTATION_CONTEXT(2) 
PARAMETRIC_REPRESENTATION_CONTEXT() REPRESENTATION_CONTEXT('2D SPACE',''
  ) );
#2744 = ORIENTED_EDGE('',*,*,#2608,.T.);
#2745 = ORIENTED_EDGE('',*,*,#2746,.F.);
#2746 = EDGE_CURVE('',#2747,#2580,#2749,.T.);
#2747 = VERTEX_POINT('',#2748);
#2748 = CARTESIAN_POINT('',(-2.5,17.320817496443,-24.23104034561));
#2749 = SURFACE_CURVE('',#2750,(#2754,#2760),.PCURVE_S1.);
#2750 = LINE('',#2751,#2752);
#2751 = CARTESIAN_POINT('',(2.5,17.320817496443,-24.23104034561));
#2752 = VECTOR('',#2753,1.);
#2753 = DIRECTION('',(1.,0.,0.));
#2754 = PCURVE('',#2637,#2755);
#2755 = DEFINITIONAL_REPRESENTATION('',(#2756),#2759);
#2756 = B_SPLINE_CURVE_WITH_KNOTS('',1,(#2757,#2758),.UNSPECIFIED.,.F.,
  .F.,(2,2),(-5.,0.),.PIECEWISE_BEZIER_KNOTS.);
#2757 = CARTESIAN_POINT('',(-0.5,5.));
#2758 = CARTESIAN_POINT('',(-5.E-17,5.));
#2759 = ( GEOMETRIC_REPRESENTATION_CONTEXT(2) 
PARAMETRIC_REPRESENTATION_CONTEXT() REPRESENTATION_CONTEXT('2D SPACE',''
  ) );
#2760 = PCURVE('',#2596,#2761);
#2761 = DEFINITIONAL_REPRESENTATION('',(#2762),#2766);
#2762 = LINE('',#2763,#2764);
#2763 = CARTESIAN_POINT('',(1.25,2.5));
#2764 = VECTOR('',#2765,1.);
#2765 = DIRECTION('',(0.,1.));
#2766 = ( GEOMETRIC_REPRESENTATION_CONTEXT(2) 
PARAMETRIC_REPRESENTATION_CONTEXT() REPRESENTATION_CONTEXT('2D SPACE',''
  ) );
#2767 = ORIENTED_EDGE('',*,*,#2768,.F.);
#2768 = EDGE_CURVE('',#2721,#2747,#2769,.T.);
#2769 = SURFACE_CURVE('',#2770,(#2798,#2805),.PCURVE_S1.);
#2770 = B_SPLINE_CURVE_WITH_KNOTS('',3,(#2771,#2772,#2773,#2774,#2775,
    #2776,#2777,#2778,#2779,#2780,#2781,#2782,#2783,#2784,#2785,#2786,
    #2787,#2788,#2789,#2790,#2791,#2792,#2793,#2794,#2795,#2796,#2797),
  .UNSPECIFIED.,.F.,.F.,(4,1,1,1,1,1,1,1,1,1,1,1,1,1,1,1,1,1,1,1,1,1,1,1
    ,4),(1.,1.285714285714,1.357142857143,1.428571428571,1.571428571429,
    1.714285714286,1.857142857143,2.,2.142857142857,2.285714285714,
    2.428571428571,2.714285714286,3.,3.285714285714,3.571428571429,
    3.857142857143,4.,4.142857142857,4.285714285714,4.428571428571,
    4.571428571429,4.714285714286,4.857142857143,4.928571428571,5.),
  .UNSPECIFIED.);
#2771 = CARTESIAN_POINT('',(-2.5,9.5,-30.75));
#2772 = CARTESIAN_POINT('',(-2.5,10.522514653727,-30.85032897825));
#2773 = CARTESIAN_POINT('',(-2.5,11.423151331179,-30.9774212219));
#2774 = CARTESIAN_POINT('',(-2.5,12.18159568239,-31.09840379162));
#2775 = CARTESIAN_POINT('',(-2.5,12.612012850981,-31.17117556416));
#2776 = CARTESIAN_POINT('',(-2.5,13.033133399202,-31.24683221395));
#2777 = CARTESIAN_POINT('',(-2.5,13.413941277034,-31.31905435717));
#2778 = CARTESIAN_POINT('',(-2.5,13.731539339539,-31.37271632349));
#2779 = CARTESIAN_POINT('',(-2.5,14.02867558083,-31.37605129228));
#2780 = CARTESIAN_POINT('',(-2.5,14.305092901421,-31.30464749566));
#2781 = CARTESIAN_POINT('',(-2.5,14.541610966458,-31.15568022748));
#2782 = CARTESIAN_POINT('',(-2.5,14.781343629079,-30.86694231552));
#2783 = CARTESIAN_POINT('',(-2.5,14.926988465742,-30.38562033064));
#2784 = CARTESIAN_POINT('',(-2.5,14.914500402764,-29.71026159475));
#2785 = CARTESIAN_POINT('',(-2.5,14.80256111829,-28.96054888448));
#2786 = CARTESIAN_POINT('',(-2.5,14.685636182031,-28.14505787643));
#2787 = CARTESIAN_POINT('',(-2.5,14.641173524441,-27.44500280476));
#2788 = CARTESIAN_POINT('',(-2.5,14.660868774088,-26.90411287735));
#2789 = CARTESIAN_POINT('',(-2.5,14.705676122905,-26.51730476394));
#2790 = CARTESIAN_POINT('',(-2.5,14.784174311015,-26.14750846203));
#2791 = CARTESIAN_POINT('',(-2.5,14.936514215833,-25.78305298255));
#2792 = CARTESIAN_POINT('',(-2.5,15.222410199828,-25.43163384299));
#2793 = CARTESIAN_POINT('',(-2.5,15.680954764661,-25.08997438996));
#2794 = CARTESIAN_POINT('',(-2.5,16.235614177853,-24.78078943771));
#2795 = CARTESIAN_POINT('',(-2.5,16.807345869094,-24.48836261956));
#2796 = CARTESIAN_POINT('',(-2.5,17.140841124219,-24.32130086282));
#2797 = CARTESIAN_POINT('',(-2.5,17.320817496443,-24.23104034561));
#2798 = PCURVE('',#2637,#2799);
#2799 = DEFINITIONAL_REPRESENTATION('',(#2800),#2804);
#2800 = LINE('',#2801,#2802);
#2801 = CARTESIAN_POINT('',(-0.5,0.));
#2802 = VECTOR('',#2803,1.);
#2803 = DIRECTION('',(1.E-17,1.));
#2804 = ( GEOMETRIC_REPRESENTATION_CONTEXT(2) 
PARAMETRIC_REPRESENTATION_CONTEXT() REPRESENTATION_CONTEXT('2D SPACE',''
  ) );
#2805 = PCURVE('',#2806,#2996);
#2806 = B_SPLINE_SURFACE_WITH_KNOTS('',3,3,(
    (#2807,#2808,#2809,#2810,#2811,#2812,#2813,#2814,#2815,#2816,#2817
      ,#2818,#2819,#2820,#2821,#2822,#2823,#2824,#2825,#2826,#2827,#2828
      ,#2829,#2830,#2831,#2832,#2833)
    ,(#2834,#2835,#2836,#2837,#2838,#2839,#2840,#2841,#2842,#2843,#2844
      ,#2845,#2846,#2847,#2848,#2849,#2850,#2851,#2852,#2853,#2854,#2855
      ,#2856,#2857,#2858,#2859,#2860)
    ,(#2861,#2862,#2863,#2864,#2865,#2866,#2867,#2868,#2869,#2870,#2871
      ,#2872,#2873,#2874,#2875,#2876,#2877,#2878,#2879,#2880,#2881,#2882
      ,#2883,#2884,#2885,#2886,#2887)
    ,(#2888,#2889,#2890,#2891,#2892,#2893,#2894,#2895,#2896,#2897,#2898
      ,#2899,#2900,#2901,#2902,#2903,#2904,#2905,#2906,#2907,#2908,#2909
      ,#2910,#2911,#2912,#2913,#2914)
    ,(#2915,#2916,#2917,#2918,#2919,#2920,#2921,#2922,#2923,#2924,#2925
      ,#2926,#2927,#2928,#2929,#2930,#2931,#2932,#2933,#2934,#2935,#2936
      ,#2937,#2938,#2939,#2940,#2941)
    ,(#2942,#2943,#2944,#2945,#2946,#2947,#2948,#2949,#2950,#2951,#2952
      ,#2953,#2954,#2955,#2956,#2957,#2958,#2959,#2960,#2961,#2962,#2963
      ,#2964,#2965,#2966,#2967,#2968)
    ,(#2969,#2970,#2971,#2972,#2973,#2974,#2975,#2976,#2977,#2978,#2979
      ,#2980,#2981,#2982,#2983,#2984,#2985,#2986,#2987,#2988,#2989,#2990
      ,#2991,#2992,#2993,#2994,#2995
    )),.UNSPECIFIED.,.F.,.F.,.F.,(4,1,1,1,4),(4,1,1,1,1,1,1,1,1,1,1,1,1,
    1,1,1,1,1,1,1,1,1,1,1,4),(-3.14159265359,-2.692793703077,
    -1.795195802051,-0.897597901026,0.),(1.,1.285714285714,
    1.357142857143,1.428571428571,1.571428571429,1.714285714286,
    1.857142857143,2.,2.142857142857,2.285714285714,2.428571428571,
    2.714285714286,3.,3.285714285714,3.571428571429,3.857142857143,4.,
    4.142857142857,4.285714285714,4.428571428571,4.571428571429,
    4.714285714286,4.857142857143,4.928571428571,5.),.UNSPECIFIED.);
#2807 = CARTESIAN_POINT('',(-2.5,9.5,-33.25));
#2808 = CARTESIAN_POINT('',(-2.5,10.465791622622,-33.35032897825));
#2809 = CARTESIAN_POINT('',(-2.5,11.297949439939,-33.47426280287));
#2810 = CARTESIAN_POINT('',(-2.5,12.05712684506,-33.59523497009));
#2811 = CARTESIAN_POINT('',(-2.5,12.522202668397,-33.66966899629));
#2812 = CARTESIAN_POINT('',(-2.5,13.070490665947,-33.74935083582));
#2813 = CARTESIAN_POINT('',(-2.5,13.81271178782,-33.80267945357));
#2814 = CARTESIAN_POINT('',(-2.5,14.713095584887,-33.70561726199));
#2815 = CARTESIAN_POINT('',(-2.5,15.627157342064,-33.34345974713));
#2816 = CARTESIAN_POINT('',(-2.5,16.384435331735,-32.74673552588));
#2817 = CARTESIAN_POINT('',(-2.5,16.908420463841,-32.02786103349));
#2818 = CARTESIAN_POINT('',(-2.5,17.304380846874,-31.07058848117));
#2819 = CARTESIAN_POINT('',(-2.5,17.414786404084,-30.04217807736));
#2820 = CARTESIAN_POINT('',(-2.5,17.338695883321,-29.09858276061));
#2821 = CARTESIAN_POINT('',(-2.5,17.231329547173,-28.36558794303));
#2822 = CARTESIAN_POINT('',(-2.5,17.158262694512,-27.74521796174));
#2823 = CARTESIAN_POINT('',(-2.5,17.148010326338,-27.34474242005));
#2824 = CARTESIAN_POINT('',(-2.5,17.153641790736,-27.16285367235));
#2825 = CARTESIAN_POINT('',(-2.5,17.141839477271,-27.12676499146));
#2826 = CARTESIAN_POINT('',(-2.5,17.061726801866,-27.2287238891));
#2827 = CARTESIAN_POINT('',(-2.5,16.910066046975,-27.34969049698));
#2828 = CARTESIAN_POINT('',(-2.5,16.870471246837,-27.32215408979));
#2829 = CARTESIAN_POINT('',(-2.5,17.121619944833,-27.13474095134));
#2830 = CARTESIAN_POINT('',(-2.5,17.606750588899,-26.87126755462));
#2831 = CARTESIAN_POINT('',(-2.5,18.163166358826,-26.58877169246));
#2832 = CARTESIAN_POINT('',(-2.5,18.499078387601,-26.4201586789));
#2833 = CARTESIAN_POINT('',(-2.5,18.682031594739,-26.32796575644));
#2834 = CARTESIAN_POINT('',(-2.686999562714,9.5,-33.25));
#2835 = CARTESIAN_POINT('',(-2.686999562714,10.465844378142,
    -33.35032897825));
#2836 = CARTESIAN_POINT('',(-2.686999562714,11.298135908352,
    -33.47421270855));
#2837 = CARTESIAN_POINT('',(-2.686999562714,12.057347412176,
    -33.59517299629));
#2838 = CARTESIAN_POINT('',(-2.686999562714,12.522430443448,
    -33.66959420158));
#2839 = CARTESIAN_POINT('',(-2.686999562714,13.070842847342,
    -33.74918213903));
#2840 = CARTESIAN_POINT('',(-2.686999562714,13.813005546746,
    -33.8024432366));
#2841 = CARTESIAN_POINT('',(-2.686999562714,14.713171500017,
    -33.70533080935));
#2842 = CARTESIAN_POINT('',(-2.686999562714,15.627035972825,
    -33.34327937839));
#2843 = CARTESIAN_POINT('',(-2.686999562714,16.38403831376,
    -32.74682079941));
#2844 = CARTESIAN_POINT('',(-2.686999562714,16.908169271155,
    -32.02791015066));
#2845 = CARTESIAN_POINT('',(-2.686999562714,17.304099893087,
    -31.0709716935));
#2846 = CARTESIAN_POINT('',(-2.686999562714,17.414724749767,
    -30.04240429046));
#2847 = CARTESIAN_POINT('',(-2.686999562714,17.338692432036,
    -29.09870530124));
#2848 = CARTESIAN_POINT('',(-2.686999562714,17.231329408178,
    -28.36580653698));
#2849 = CARTESIAN_POINT('',(-2.686999562714,17.158253918773,
    -27.74523565743));
#2850 = CARTESIAN_POINT('',(-2.686999562714,17.14790221541,
    -27.34504701143));
#2851 = CARTESIAN_POINT('',(-2.686999562714,17.153523788392,
    -27.16304688307));
#2852 = CARTESIAN_POINT('',(-2.686999562714,17.141668564835,
    -27.12690952879));
#2853 = CARTESIAN_POINT('',(-2.686999562714,17.061563987115,
    -27.22879276104));
#2854 = CARTESIAN_POINT('',(-2.686999562714,16.910061181266,
    -27.34948869408));
#2855 = CARTESIAN_POINT('',(-2.686999562714,16.870555830286,
    -27.32196719038));
#2856 = CARTESIAN_POINT('',(-2.686999562714,17.121776156419,
    -27.13452869848));
#2857 = CARTESIAN_POINT('',(-2.686999562714,17.606787313905,
    -26.87122542003));
#2858 = CARTESIAN_POINT('',(-2.686999562714,18.163216787024,
    -26.58871748997));
#2859 = CARTESIAN_POINT('',(-2.686999562714,18.49908115622,
    -26.42015688166));
#2860 = CARTESIAN_POINT('',(-2.686999562714,18.682031594739,
    -26.32796575644));
#2861 = CARTESIAN_POINT('',(-3.25046503611,9.5,-33.12628779492));
#2862 = CARTESIAN_POINT('',(-3.25046503611,10.468556778739,
    -33.22661677317));
#2863 = CARTESIAN_POINT('',(-3.25046503611,11.303997378933,
    -33.3507465608));
#2864 = CARTESIAN_POINT('',(-3.25046503611,12.063111506666,
    -33.47172864999));
#2865 = CARTESIAN_POINT('',(-3.25046503611,12.526466542693,
    -33.54609057247));
#2866 = CARTESIAN_POINT('',(-3.25046503611,13.068363158309,
    -33.62564758575));
#2867 = CARTESIAN_POINT('',(-3.25046503611,13.792746052401,
    -33.67996461569));
#2868 = CARTESIAN_POINT('',(-3.25046503611,14.66446327371,
    -33.59040077224));
#2869 = CARTESIAN_POINT('',(-3.25046503611,15.548152771344,
    -33.24624560341));
#2870 = CARTESIAN_POINT('',(-3.25046503611,16.281853710049,
    -32.67530644286));
#2871 = CARTESIAN_POINT('',(-3.25046503611,16.791498091174,
    -31.98466237396));
#2872 = CARTESIAN_POINT('',(-3.25046503611,17.179751131306,-31.060207614
    ));
#2873 = CARTESIAN_POINT('',(-3.25046503611,17.291726839809,
    -30.05899414164));
#2874 = CARTESIAN_POINT('',(-3.25046503611,17.21873758897,
    -29.12875457728));
#2875 = CARTESIAN_POINT('',(-3.25046503611,17.111142338056,
    -28.39485641344));
#2876 = CARTESIAN_POINT('',(-3.25046503611,17.035912012622,
    -27.76498997978));
#2877 = CARTESIAN_POINT('',(-3.25046503611,17.024045414509,
    -27.34946259155));
#2878 = CARTESIAN_POINT('',(-3.25046503611,17.03038065654,
    -27.14989691366));
#2879 = CARTESIAN_POINT('',(-3.25046503611,17.021421564324,
    -27.09649146683));
#2880 = CARTESIAN_POINT('',(-3.25046503611,16.94915131634,
    -27.17516553248));
#2881 = CARTESIAN_POINT('',(-3.25046503611,16.812408920515,
    -27.27232542938));
#2882 = CARTESIAN_POINT('',(-3.25046503611,16.788850159851,
    -27.22874992153));
#2883 = CARTESIAN_POINT('',(-3.25046503611,17.050205096495,
    -27.03372399945));
#2884 = CARTESIAN_POINT('',(-3.25046503611,17.538870983311,
    -26.76785385742));
#2885 = CARTESIAN_POINT('',(-3.25046503611,18.096033808425,
    -26.48487611948));
#2886 = CARTESIAN_POINT('',(-3.25046503611,18.431863984419,
    -26.31629837068));
#2887 = CARTESIAN_POINT('',(-3.25046503611,18.614672075665,
    -26.22419964985));
#2888 = CARTESIAN_POINT('',(-3.895187044737,9.5,-32.31922529914));
#2889 = CARTESIAN_POINT('',(-3.895187044737,10.486949068768,
    -32.41955427739));
#2890 = CARTESIAN_POINT('',(-3.895187044737,11.344700840426,
    -32.54462707374));
#2891 = CARTESIAN_POINT('',(-3.895187044737,12.103630466266,
    -32.66559435414));
#2892 = CARTESIAN_POINT('',(-3.895187044737,12.555807845038,
    -32.73940005291));
#2893 = CARTESIAN_POINT('',(-3.895187044737,13.056841880337,
    -32.81751403238));
#2894 = CARTESIAN_POINT('',(-3.895187044737,13.664462200612,
    -32.87782710785));
#2895 = CARTESIAN_POINT('',(-3.895187044737,14.347708475445,
    -32.83684396634));
#2896 = CARTESIAN_POINT('',(-3.895187044737,15.031937292739,
    -32.6108411392));
#2897 = CARTESIAN_POINT('',(-3.895187044737,15.609982844512,
    -32.20989478348));
#2898 = CARTESIAN_POINT('',(-3.895187044737,16.027048676915,
    -31.70317572032));
#2899 = CARTESIAN_POINT('',(-3.895187044737,16.364821990613,
    -30.9950515773));
#2900 = CARTESIAN_POINT('',(-3.895187044737,16.488509188267,
    -30.17021182813));
#2901 = CARTESIAN_POINT('',(-3.895187044737,16.436141409098,
    -29.326407194));
#2902 = CARTESIAN_POINT('',(-3.895187044737,16.327074961544,
    -28.58725896823));
#2903 = CARTESIAN_POINT('',(-3.895187044737,16.237672942406,
    -27.8940953611));
#2904 = CARTESIAN_POINT('',(-3.895187044737,16.214610497019,
    -27.38229495354));
#2905 = CARTESIAN_POINT('',(-3.895187044737,16.225470753821,
    -27.06666438895));
#2906 = CARTESIAN_POINT('',(-3.895187044737,16.234705761744,
    -26.89996350699));
#2907 = CARTESIAN_POINT('',(-3.895187044737,16.213651449082,
    -26.82622748808));
#2908 = CARTESIAN_POINT('',(-3.895187044737,16.175289612965,
    -26.76626706465));
#2909 = CARTESIAN_POINT('',(-3.895187044737,16.256944206345,
    -26.61815690577));
#2910 = CARTESIAN_POINT('',(-3.895187044737,16.585361252347,
    -26.37329764509));
#2911 = CARTESIAN_POINT('',(-3.895187044737,17.096290036304,
    -26.09293082757));
#2912 = CARTESIAN_POINT('',(-3.895187044737,17.658418179615,
    -25.80672867366));
#2913 = CARTESIAN_POINT('',(-3.895187044737,17.993395276139,
    -25.63873185128));
#2914 = CARTESIAN_POINT('',(-3.895187044737,18.175238136683,
    -25.54725970765));
#2915 = CARTESIAN_POINT('',(-3.617986291663,9.5,-31.10819704972));
#2916 = CARTESIAN_POINT('',(-3.617986291663,10.514360054552,
    -31.20852602797));
#2917 = CARTESIAN_POINT('',(-3.617986291663,11.405115739139,
    -31.33519174562));
#2918 = CARTESIAN_POINT('',(-3.617986291663,12.163647417693,
    -31.45617899261));
#2919 = CARTESIAN_POINT('',(-3.617986291663,12.599026695135,
    -31.5291955874));
#2920 = CARTESIAN_POINT('',(-3.617986291663,13.038303054709,
    -31.60547771479));
#2921 = CARTESIAN_POINT('',(-3.617986291663,13.47092412809,
    -31.67502787188));
#2922 = CARTESIAN_POINT('',(-3.617986291663,13.87213614554,
    -31.70712034066));
#2923 = CARTESIAN_POINT('',(-3.617986291663,14.257767175074,
    -31.65803289986));
#2924 = CARTESIAN_POINT('',(-3.617986291663,14.603224759343,
    -31.51122389352));
#2925 = CARTESIAN_POINT('',(-3.617986291663,14.880855055257,
    -31.28061976288));
#2926 = CARTESIAN_POINT('',(-3.617986291663,15.142987293003,
    -30.89592153722));
#2927 = CARTESIAN_POINT('',(-3.617986291663,15.283469228872,
    -30.33629488197));
#2928 = CARTESIAN_POINT('',(-3.617986291663,15.261838062281,
    -29.62255735118));
#2929 = CARTESIAN_POINT('',(-3.617986291663,15.150552264734,
    -28.87519009079));
#2930 = CARTESIAN_POINT('',(-3.617986291663,15.039915747059,
    -28.08776009786));
#2931 = CARTESIAN_POINT('',(-3.617986291663,15.00040627335,
    -27.4304794739));
#2932 = CARTESIAN_POINT('',(-3.617986291663,15.018091615982,
    -26.94108463975));
#2933 = CARTESIAN_POINT('',(-3.617986291663,15.054815469664,
    -26.60455246355));
#2934 = CARTESIAN_POINT('',(-3.617986291663,15.110583876178,
    -26.30238797474));
#2935 = CARTESIAN_POINT('',(-3.617986291663,15.219284919427,
    -26.00762373116));
#2936 = CARTESIAN_POINT('',(-3.617986291663,15.458498526744,
    -25.70260238952));
#2937 = CARTESIAN_POINT('',(-3.617986291663,15.887290467807,
    -25.38305632971));
#2938 = CARTESIAN_POINT('',(-3.617986291663,16.432049917426,
    -25.08033255123));
#2939 = CARTESIAN_POINT('',(-3.617986291663,17.001580046955,
    -24.78933489428));
#2940 = CARTESIAN_POINT('',(-3.617986291663,17.335446319005,
    -24.62202366694));
#2941 = CARTESIAN_POINT('',(-3.617986291663,17.515850646065,
    -24.53148534387));
#2942 = CARTESIAN_POINT('',(-2.873999125427,9.5,-30.75));
#2943 = CARTESIAN_POINT('',(-2.873999125427,10.5225995526,
    -30.85032897825));
#2944 = CARTESIAN_POINT('',(-2.873999125427,11.423451412725,
    -30.97734060567));
#2945 = CARTESIAN_POINT('',(-2.873999125427,12.181950638598,
    -31.09830405787));
#2946 = CARTESIAN_POINT('',(-2.873999125427,12.61237940684,
    -31.17105519786));
#2947 = CARTESIAN_POINT('',(-2.873999125427,13.033700160808,
    -31.24656073208));
#2948 = CARTESIAN_POINT('',(-2.873999125427,13.41441402001,
    -31.31867421583));
#2949 = CARTESIAN_POINT('',(-2.873999125427,13.731661508914,
    -31.37225533845));
#2950 = CARTESIAN_POINT('',(-2.873999125427,14.028480262662,
    -31.37576102687));
#2951 = CARTESIAN_POINT('',(-2.873999125427,14.304453984807,
    -31.30478472541));
#2952 = CARTESIAN_POINT('',(-2.873999125427,14.54120672486,
    -31.15575927122));
#2953 = CARTESIAN_POINT('',(-2.873999125427,14.780891493272,
    -30.86755901486));
#2954 = CARTESIAN_POINT('',(-2.873999125427,14.926889246134,
    -30.38598437287));
#2955 = CARTESIAN_POINT('',(-2.873999125427,14.914494848649,
    -29.71045879802));
#2956 = CARTESIAN_POINT('',(-2.873999125427,14.802560894606,
    -28.96090066529));
#2957 = CARTESIAN_POINT('',(-2.873999125427,14.685622059331,
    -28.14508635391));
#2958 = CARTESIAN_POINT('',(-2.873999125427,14.640999542726,
    -27.44549298028));
#2959 = CARTESIAN_POINT('',(-2.873999125427,14.660678874227,
    -26.90442380922));
#2960 = CARTESIAN_POINT('',(-2.873999125427,14.70540107542,
    -26.51753736626));
#2961 = CARTESIAN_POINT('',(-2.873999125427,14.783912295047,
    -26.14761929687));
#2962 = CARTESIAN_POINT('',(-2.873999125427,14.936506385503,
    -25.78272822339));
#2963 = CARTESIAN_POINT('',(-2.873999125427,15.222546319032,
    -25.43133306785));
#2964 = CARTESIAN_POINT('',(-2.873999125427,15.68120615423,
    -25.08963281378));
#2965 = CARTESIAN_POINT('',(-2.873999125427,16.235673278997,
    -24.780721631));
#2966 = CARTESIAN_POINT('',(-2.873999125427,16.807427022633,
    -24.4882753921));
#2967 = CARTESIAN_POINT('',(-2.873999125427,17.140845579727,
    -24.32129797054));
#2968 = CARTESIAN_POINT('',(-2.873999125427,17.320817496443,
    -24.23104034561));
#2969 = CARTESIAN_POINT('',(-2.5,9.5,-30.75));
#2970 = CARTESIAN_POINT('',(-2.5,10.522514653727,-30.85032897825));
#2971 = CARTESIAN_POINT('',(-2.5,11.423151331179,-30.9774212219));
#2972 = CARTESIAN_POINT('',(-2.5,12.18159568239,-31.09840379162));
#2973 = CARTESIAN_POINT('',(-2.5,12.612012850981,-31.17117556416));
#2974 = CARTESIAN_POINT('',(-2.5,13.033133399202,-31.24683221395));
#2975 = CARTESIAN_POINT('',(-2.5,13.413941277034,-31.31905435717));
#2976 = CARTESIAN_POINT('',(-2.5,13.731539339539,-31.37271632349));
#2977 = CARTESIAN_POINT('',(-2.5,14.02867558083,-31.37605129228));
#2978 = CARTESIAN_POINT('',(-2.5,14.305092901421,-31.30464749566));
#2979 = CARTESIAN_POINT('',(-2.5,14.541610966458,-31.15568022748));
#2980 = CARTESIAN_POINT('',(-2.5,14.781343629079,-30.86694231552));
#2981 = CARTESIAN_POINT('',(-2.5,14.926988465742,-30.38562033064));
#2982 = CARTESIAN_POINT('',(-2.5,14.914500402764,-29.71026159475));
#2983 = CARTESIAN_POINT('',(-2.5,14.80256111829,-28.96054888448));
#2984 = CARTESIAN_POINT('',(-2.5,14.685636182031,-28.14505787643));
#2985 = CARTESIAN_POINT('',(-2.5,14.641173524441,-27.44500280476));
#2986 = CARTESIAN_POINT('',(-2.5,14.660868774088,-26.90411287735));
#2987 = CARTESIAN_POINT('',(-2.5,14.705676122905,-26.51730476394));
#2988 = CARTESIAN_POINT('',(-2.5,14.784174311015,-26.14750846203));
#2989 = CARTESIAN_POINT('',(-2.5,14.936514215833,-25.78305298255));
#2990 = CARTESIAN_POINT('',(-2.5,15.222410199828,-25.43163384299));
#2991 = CARTESIAN_POINT('',(-2.5,15.680954764661,-25.08997438996));
#2992 = CARTESIAN_POINT('',(-2.5,16.235614177853,-24.78078943771));
#2993 = CARTESIAN_POINT('',(-2.5,16.807345869094,-24.48836261956));
#2994 = CARTESIAN_POINT('',(-2.5,17.140841124219,-24.32130086282));
#2995 = CARTESIAN_POINT('',(-2.5,17.320817496443,-24.23104034561));
#2996 = DEFINITIONAL_REPRESENTATION('',(#2997),#3001);
#2997 = LINE('',#2998,#2999);
#2998 = CARTESIAN_POINT('',(3.9E-16,0.));
#2999 = VECTOR('',#3000,1.);
#3000 = DIRECTION('',(-9.E-17,1.));
#3001 = ( GEOMETRIC_REPRESENTATION_CONTEXT(2) 
PARAMETRIC_REPRESENTATION_CONTEXT() REPRESENTATION_CONTEXT('2D SPACE',''
  ) );
#3002 = ADVANCED_FACE('',(#3003),#2806,.T.);
#3003 = FACE_BOUND('',#3004,.T.);
#3004 = EDGE_LOOP('',(#3005,#3036,#3037,#3061));
#3005 = ORIENTED_EDGE('',*,*,#3006,.F.);
#3006 = EDGE_CURVE('',#2721,#3007,#3009,.T.);
#3007 = VERTEX_POINT('',#3008);
#3008 = CARTESIAN_POINT('',(-2.5,9.5,-33.25));
#3009 = SURFACE_CURVE('',#3010,(#3018,#3025),.PCURVE_S1.);
#3010 = B_SPLINE_CURVE_WITH_KNOTS('',3,(#3011,#3012,#3013,#3014,#3015,
    #3016,#3017),.UNSPECIFIED.,.F.,.F.,(4,1,1,1,4),(0.,0.897597901026,
    1.795195802051,2.692793703077,3.14159265359),.UNSPECIFIED.);
#3011 = CARTESIAN_POINT('',(-2.5,9.5,-30.75));
#3012 = CARTESIAN_POINT('',(-2.873999125427,9.5,-30.75));
#3013 = CARTESIAN_POINT('',(-3.617986291663,9.5,-31.10819704972));
#3014 = CARTESIAN_POINT('',(-3.895187044737,9.5,-32.31922529914));
#3015 = CARTESIAN_POINT('',(-3.25046503611,9.5,-33.12628779492));
#3016 = CARTESIAN_POINT('',(-2.686999562714,9.5,-33.25));
#3017 = CARTESIAN_POINT('',(-2.5,9.5,-33.25));
#3018 = PCURVE('',#2806,#3019);
#3019 = DEFINITIONAL_REPRESENTATION('',(#3020),#3024);
#3020 = LINE('',#3021,#3022);
#3021 = CARTESIAN_POINT('',(-5.E-17,1.));
#3022 = VECTOR('',#3023,1.);
#3023 = DIRECTION('',(-1.,0.));
#3024 = ( GEOMETRIC_REPRESENTATION_CONTEXT(2) 
PARAMETRIC_REPRESENTATION_CONTEXT() REPRESENTATION_CONTEXT('2D SPACE',''
  ) );
#3025 = PCURVE('',#2010,#3026);
#3026 = DEFINITIONAL_REPRESENTATION('',(#3027),#3035);
#3027 = B_SPLINE_CURVE_WITH_KNOTS('',3,(#3028,#3029,#3030,#3031,#3032,
    #3033,#3034),.UNSPECIFIED.,.F.,.F.,(4,1,1,1,4),(0.,0.897597901026,
    1.795195802051,2.692793703077,3.14159265359),.UNSPECIFIED.);
#3028 = CARTESIAN_POINT('',(7.5,30.75));
#3029 = CARTESIAN_POINT('',(7.126000874573,30.75));
#3030 = CARTESIAN_POINT('',(6.382013708337,31.108197049727));
#3031 = CARTESIAN_POINT('',(6.104812955263,32.319225299145));
#3032 = CARTESIAN_POINT('',(6.74953496389,33.12628779492));
#3033 = CARTESIAN_POINT('',(7.313000437286,33.25));
#3034 = CARTESIAN_POINT('',(7.5,33.25));
#3035 = ( GEOMETRIC_REPRESENTATION_CONTEXT(2) 
PARAMETRIC_REPRESENTATION_CONTEXT() REPRESENTATION_CONTEXT('2D SPACE',''
  ) );
#3036 = ORIENTED_EDGE('',*,*,#2768,.T.);
#3037 = ORIENTED_EDGE('',*,*,#3038,.F.);
#3038 = EDGE_CURVE('',#3039,#2747,#3041,.T.);
#3039 = VERTEX_POINT('',#3040);
#3040 = CARTESIAN_POINT('',(-2.5,18.682031594739,-26.32796575644));
#3041 = SURFACE_CURVE('',#3042,(#3047,#3054),.PCURVE_S1.);
#3042 = CIRCLE('',#3043,1.25);
#3043 = AXIS2_PLACEMENT_3D('',#3044,#3045,#3046);
#3044 = CARTESIAN_POINT('',(-2.5,18.001424545591,-25.27950305102));
#3045 = DIRECTION('',(0.,0.838770164333,0.544485639319));
#3046 = DIRECTION('',(0.,-0.544485639319,0.838770164333));
#3047 = PCURVE('',#2806,#3048);
#3048 = DEFINITIONAL_REPRESENTATION('',(#3049),#3053);
#3049 = LINE('',#3050,#3051);
#3050 = CARTESIAN_POINT('',(-6.28318530718,5.));
#3051 = VECTOR('',#3052,1.);
#3052 = DIRECTION('',(1.,-2.8E-16));
#3053 = ( GEOMETRIC_REPRESENTATION_CONTEXT(2) 
PARAMETRIC_REPRESENTATION_CONTEXT() REPRESENTATION_CONTEXT('2D SPACE',''
  ) );
#3054 = PCURVE('',#2596,#3055);
#3055 = DEFINITIONAL_REPRESENTATION('',(#3056),#3060);
#3056 = CIRCLE('',#3057,1.25);
#3057 = AXIS2_PLACEMENT_2D('',#3058,#3059);
#3058 = CARTESIAN_POINT('',(0.,-2.5));
#3059 = DIRECTION('',(1.,0.));
#3060 = ( GEOMETRIC_REPRESENTATION_CONTEXT(2) 
PARAMETRIC_REPRESENTATION_CONTEXT() REPRESENTATION_CONTEXT('2D SPACE',''
  ) );
#3061 = ORIENTED_EDGE('',*,*,#3062,.F.);
#3062 = EDGE_CURVE('',#3007,#3039,#3063,.T.);
#3063 = SURFACE_CURVE('',#3064,(#3090,#3097),.PCURVE_S1.);
#3064 = B_SPLINE_CURVE_WITH_KNOTS('',3,(#3065,#3066,#3067,#3068,#3069,
    #3070,#3071,#3072,#3073,#3074,#3075,#3076,#3077,#3078,#3079,#3080,
    #3081,#3082,#3083,#3084,#3085,#3086,#3087,#3088,#3089),
  .UNSPECIFIED.,.F.,.F.,(4,1,1,1,1,1,1,1,1,1,1,1,1,1,1,1,1,1,1,1,1,1,4),
  (1.,1.285714285714,1.428571428571,1.571428571429,1.714285714286,
    1.857142857143,2.,2.142857142857,2.285714285714,2.428571428571,
    2.714285714286,3.,3.285714285714,3.571428571429,3.857142857143,4.,
    4.142857142857,4.285714285714,4.428571428571,4.571428571429,
    4.714285714286,4.857142857143,5.),.UNSPECIFIED.);
#3065 = CARTESIAN_POINT('',(-2.5,9.5,-33.25));
#3066 = CARTESIAN_POINT('',(-2.5,10.465791622622,-33.35032897825));
#3067 = CARTESIAN_POINT('',(-2.5,11.464536657991,-33.49872362159));
#3068 = CARTESIAN_POINT('',(-2.5,12.412692093074,-33.65338727394));
#3069 = CARTESIAN_POINT('',(-2.5,13.070499164218,-33.74945420148));
#3070 = CARTESIAN_POINT('',(-2.5,13.812749840993,-33.80260297662));
#3071 = CARTESIAN_POINT('',(-2.5,14.713091777557,-33.70562769767));
#3072 = CARTESIAN_POINT('',(-2.5,15.627139552991,-33.34344313286));
#3073 = CARTESIAN_POINT('',(-2.5,16.384416861805,-32.74673544426));
#3074 = CARTESIAN_POINT('',(-2.5,16.908395690833,-32.02785202779));
#3075 = CARTESIAN_POINT('',(-2.5,17.304364094816,-31.07058593204));
#3076 = CARTESIAN_POINT('',(-2.5,17.414798269742,-30.04223052639));
#3077 = CARTESIAN_POINT('',(-2.5,17.338706259287,-29.09860962862));
#3078 = CARTESIAN_POINT('',(-2.5,17.231327473748,-28.36573609007));
#3079 = CARTESIAN_POINT('',(-2.5,17.15826645698,-27.74502303307));
#3080 = CARTESIAN_POINT('',(-2.5,17.147983191366,-27.34478501273));
#3081 = CARTESIAN_POINT('',(-2.5,17.153550422626,-27.16284771979));
#3082 = CARTESIAN_POINT('',(-2.5,17.141936920487,-27.12679738519));
#3083 = CARTESIAN_POINT('',(-2.5,17.061715713775,-27.22873976641));
#3084 = CARTESIAN_POINT('',(-2.5,16.9100719272,-27.34972004817));
#3085 = CARTESIAN_POINT('',(-2.5,16.870473108704,-27.32215491581));
#3086 = CARTESIAN_POINT('',(-2.5,17.121570452895,-27.13480159413));
#3087 = CARTESIAN_POINT('',(-2.5,17.703805402299,-26.81853078685));
#3088 = CARTESIAN_POINT('',(-2.5,18.316125180463,-26.51235160136));
#3089 = CARTESIAN_POINT('',(-2.5,18.682031594739,-26.32796575644));
#3090 = PCURVE('',#2806,#3091);
#3091 = DEFINITIONAL_REPRESENTATION('',(#3092),#3096);
#3092 = LINE('',#3093,#3094);
#3093 = CARTESIAN_POINT('',(-3.14159265359,0.));
#3094 = VECTOR('',#3095,1.);
#3095 = DIRECTION('',(0.,1.));
#3096 = ( GEOMETRIC_REPRESENTATION_CONTEXT(2) 
PARAMETRIC_REPRESENTATION_CONTEXT() REPRESENTATION_CONTEXT('2D SPACE',''
  ) );
#3097 = PCURVE('',#2471,#3098);
#3098 = DEFINITIONAL_REPRESENTATION('',(#3099),#3103);
#3099 = LINE('',#3100,#3101);
#3100 = CARTESIAN_POINT('',(0.,-2.2E-16));
#3101 = VECTOR('',#3102,1.);
#3102 = DIRECTION('',(1.E-17,1.));
#3103 = ( GEOMETRIC_REPRESENTATION_CONTEXT(2) 
PARAMETRIC_REPRESENTATION_CONTEXT() REPRESENTATION_CONTEXT('2D SPACE',''
  ) );
#3104 = ADVANCED_FACE('',(#3105),#2471,.T.);
#3105 = FACE_BOUND('',#3106,.T.);
#3106 = EDGE_LOOP('',(#3107,#3130,#3131,#3151));
#3107 = ORIENTED_EDGE('',*,*,#3108,.F.);
#3108 = EDGE_CURVE('',#3007,#2225,#3109,.T.);
#3109 = SURFACE_CURVE('',#3110,(#3115,#3122),.PCURVE_S1.);
#3110 = B_SPLINE_CURVE_WITH_KNOTS('',3,(#3111,#3112,#3113,#3114),
  .UNSPECIFIED.,.F.,.F.,(4,4),(0.,0.5),.PIECEWISE_BEZIER_KNOTS.);
#3111 = CARTESIAN_POINT('',(-2.5,9.5,-33.25));
#3112 = CARTESIAN_POINT('',(-0.833333333333,9.5,-33.25));
#3113 = CARTESIAN_POINT('',(0.833333333333,9.5,-33.25));
#3114 = CARTESIAN_POINT('',(2.5,9.5,-33.25));
#3115 = PCURVE('',#2471,#3116);
#3116 = DEFINITIONAL_REPRESENTATION('',(#3117),#3121);
#3117 = LINE('',#3118,#3119);
#3118 = CARTESIAN_POINT('',(1.E-17,1.));
#3119 = VECTOR('',#3120,1.);
#3120 = DIRECTION('',(-1.,4.4E-16));
#3121 = ( GEOMETRIC_REPRESENTATION_CONTEXT(2) 
PARAMETRIC_REPRESENTATION_CONTEXT() REPRESENTATION_CONTEXT('2D SPACE',''
  ) );
#3122 = PCURVE('',#2010,#3123);
#3123 = DEFINITIONAL_REPRESENTATION('',(#3124),#3129);
#3124 = B_SPLINE_CURVE_WITH_KNOTS('',3,(#3125,#3126,#3127,#3128),
  .UNSPECIFIED.,.F.,.F.,(4,4),(0.,0.5),.PIECEWISE_BEZIER_KNOTS.);
#3125 = CARTESIAN_POINT('',(7.5,33.25));
#3126 = CARTESIAN_POINT('',(9.166666666667,33.25));
#3127 = CARTESIAN_POINT('',(10.833333333333,33.25));
#3128 = CARTESIAN_POINT('',(12.5,33.25));
#3129 = ( GEOMETRIC_REPRESENTATION_CONTEXT(2) 
PARAMETRIC_REPRESENTATION_CONTEXT() REPRESENTATION_CONTEXT('2D SPACE',''
  ) );
#3130 = ORIENTED_EDGE('',*,*,#3062,.T.);
#3131 = ORIENTED_EDGE('',*,*,#3132,.F.);
#3132 = EDGE_CURVE('',#2434,#3039,#3133,.T.);
#3133 = SURFACE_CURVE('',#3134,(#3138,#3144),.PCURVE_S1.);
#3134 = LINE('',#3135,#3136);
#3135 = CARTESIAN_POINT('',(-2.5,18.682031594739,-26.32796575644));
#3136 = VECTOR('',#3137,1.);
#3137 = DIRECTION('',(-1.,0.,0.));
#3138 = PCURVE('',#2471,#3139);
#3139 = DEFINITIONAL_REPRESENTATION('',(#3140),#3143);
#3140 = B_SPLINE_CURVE_WITH_KNOTS('',1,(#3141,#3142),.UNSPECIFIED.,.F.,
  .F.,(2,2),(-5.,0.),.PIECEWISE_BEZIER_KNOTS.);
#3141 = CARTESIAN_POINT('',(-0.5,5.));
#3142 = CARTESIAN_POINT('',(-6.E-17,5.));
#3143 = ( GEOMETRIC_REPRESENTATION_CONTEXT(2) 
PARAMETRIC_REPRESENTATION_CONTEXT() REPRESENTATION_CONTEXT('2D SPACE',''
  ) );
#3144 = PCURVE('',#2596,#3145);
#3145 = DEFINITIONAL_REPRESENTATION('',(#3146),#3150);
#3146 = LINE('',#3147,#3148);
#3147 = CARTESIAN_POINT('',(-1.25,-2.5));
#3148 = VECTOR('',#3149,1.);
#3149 = DIRECTION('',(0.,-1.));
#3150 = ( GEOMETRIC_REPRESENTATION_CONTEXT(2) 
PARAMETRIC_REPRESENTATION_CONTEXT() REPRESENTATION_CONTEXT('2D SPACE',''
  ) );
#3151 = ORIENTED_EDGE('',*,*,#2433,.F.);
#3152 = ADVANCED_FACE('',(#3153),#2596,.T.);
#3153 = FACE_BOUND('',#3154,.T.);
#3154 = EDGE_LOOP('',(#3155,#3156,#3157,#3158));
#3155 = ORIENTED_EDGE('',*,*,#3132,.T.);
#3156 = ORIENTED_EDGE('',*,*,#3038,.T.);
#3157 = ORIENTED_EDGE('',*,*,#2746,.T.);
#3158 = ORIENTED_EDGE('',*,*,#2579,.T.);
#3159 = ADVANCED_FACE('',(#3160),#1959,.T.);
#3160 = FACE_BOUND('',#3161,.T.);
#3161 = EDGE_LOOP('',(#3162,#3186,#3207,#3208));
#3162 = ORIENTED_EDGE('',*,*,#3163,.F.);
#3163 = EDGE_CURVE('',#3164,#2128,#3166,.T.);
#3164 = VERTEX_POINT('',#3165);
#3165 = CARTESIAN_POINT('',(10.,14.5,-6.));
#3166 = SURFACE_CURVE('',#3167,(#3172,#3179),.PCURVE_S1.);
#3167 = CIRCLE('',#3168,2.);
#3168 = AXIS2_PLACEMENT_3D('',#3169,#3170,#3171);
#3169 = CARTESIAN_POINT('',(8.,14.5,-6.));
#3170 = DIRECTION('',(0.,0.,1.));
#3171 = DIRECTION('',(1.,0.,-0.));
#3172 = PCURVE('',#1959,#3173);
#3173 = DEFINITIONAL_REPRESENTATION('',(#3174),#3178);
#3174 = LINE('',#3175,#3176);
#3175 = CARTESIAN_POINT('',(6.28318530718,0.));
#3176 = VECTOR('',#3177,1.);
#3177 = DIRECTION('',(-1.,0.));
#3178 = ( GEOMETRIC_REPRESENTATION_CONTEXT(2) 
PARAMETRIC_REPRESENTATION_CONTEXT() REPRESENTATION_CONTEXT('2D SPACE',''
  ) );
#3179 = PCURVE('',#913,#3180);
#3180 = DEFINITIONAL_REPRESENTATION('',(#3181),#3185);
#3181 = CIRCLE('',#3182,2.);
#3182 = AXIS2_PLACEMENT_2D('',#3183,#3184);
#3183 = CARTESIAN_POINT('',(8.,1.715557059115));
#3184 = DIRECTION('',(1.,0.));
#3185 = ( GEOMETRIC_REPRESENTATION_CONTEXT(2) 
PARAMETRIC_REPRESENTATION_CONTEXT() REPRESENTATION_CONTEXT('2D SPACE',''
  ) );
#3186 = ORIENTED_EDGE('',*,*,#3187,.T.);
#3187 = EDGE_CURVE('',#3164,#1939,#3188,.T.);
#3188 = SURFACE_CURVE('',#3189,(#3193,#3200),.PCURVE_S1.);
#3189 = LINE('',#3190,#3191);
#3190 = CARTESIAN_POINT('',(10.,14.5,-6.));
#3191 = VECTOR('',#3192,1.);
#3192 = DIRECTION('',(0.,0.,-1.));
#3193 = PCURVE('',#1959,#3194);
#3194 = DEFINITIONAL_REPRESENTATION('',(#3195),#3199);
#3195 = LINE('',#3196,#3197);
#3196 = CARTESIAN_POINT('',(6.28318530718,0.));
#3197 = VECTOR('',#3198,1.);
#3198 = DIRECTION('',(0.,1.));
#3199 = ( GEOMETRIC_REPRESENTATION_CONTEXT(2) 
PARAMETRIC_REPRESENTATION_CONTEXT() REPRESENTATION_CONTEXT('2D SPACE',''
  ) );
#3200 = PCURVE('',#1711,#3201);
#3201 = DEFINITIONAL_REPRESENTATION('',(#3202),#3206);
#3202 = LINE('',#3203,#3204);
#3203 = CARTESIAN_POINT('',(-5.,6.));
#3204 = VECTOR('',#3205,1.);
#3205 = DIRECTION('',(-0.,1.));
#3206 = ( GEOMETRIC_REPRESENTATION_CONTEXT(2) 
PARAMETRIC_REPRESENTATION_CONTEXT() REPRESENTATION_CONTEXT('2D SPACE',''
  ) );
#3207 = ORIENTED_EDGE('',*,*,#1938,.F.);
#3208 = ORIENTED_EDGE('',*,*,#2150,.F.);
#3209 = ADVANCED_FACE('',(#3210),#1028,.T.);
#3210 = FACE_BOUND('',#3211,.T.);
#3211 = EDGE_LOOP('',(#3212,#3213,#3214,#3215));
#3212 = ORIENTED_EDGE('',*,*,#1010,.T.);
#3213 = ORIENTED_EDGE('',*,*,#2102,.F.);
#3214 = ORIENTED_EDGE('',*,*,#1349,.T.);
#3215 = ORIENTED_EDGE('',*,*,#3216,.F.);
#3216 = EDGE_CURVE('',#1011,#1352,#3217,.T.);
#3217 = SURFACE_CURVE('',#3218,(#3222,#3229),.PCURVE_S1.);
#3218 = LINE('',#3219,#3220);
#3219 = CARTESIAN_POINT('',(8.,16.5,-6.));
#3220 = VECTOR('',#3221,1.);
#3221 = DIRECTION('',(-1.,-2.8E-16,0.));
#3222 = PCURVE('',#1028,#3223);
#3223 = DEFINITIONAL_REPRESENTATION('',(#3224),#3228);
#3224 = LINE('',#3225,#3226);
#3225 = CARTESIAN_POINT('',(16.,0.));
#3226 = VECTOR('',#3227,1.);
#3227 = DIRECTION('',(-1.,-0.));
#3228 = ( GEOMETRIC_REPRESENTATION_CONTEXT(2) 
PARAMETRIC_REPRESENTATION_CONTEXT() REPRESENTATION_CONTEXT('2D SPACE',''
  ) );
#3229 = PCURVE('',#913,#3230);
#3230 = DEFINITIONAL_REPRESENTATION('',(#3231),#3235);
#3231 = LINE('',#3232,#3233);
#3232 = CARTESIAN_POINT('',(8.,3.715557059115));
#3233 = VECTOR('',#3234,1.);
#3234 = DIRECTION('',(-1.,-2.8E-16));
#3235 = ( GEOMETRIC_REPRESENTATION_CONTEXT(2) 
PARAMETRIC_REPRESENTATION_CONTEXT() REPRESENTATION_CONTEXT('2D SPACE',''
  ) );
#3236 = ADVANCED_FACE('',(#3237),#2066,.T.);
#3237 = FACE_BOUND('',#3238,.T.);
#3238 = EDGE_LOOP('',(#3239,#3263,#3264,#3265));
#3239 = ORIENTED_EDGE('',*,*,#3240,.F.);
#3240 = EDGE_CURVE('',#2178,#3241,#3243,.T.);
#3241 = VERTEX_POINT('',#3242);
#3242 = CARTESIAN_POINT('',(-10.,14.5,-6.));
#3243 = SURFACE_CURVE('',#3244,(#3249,#3256),.PCURVE_S1.);
#3244 = CIRCLE('',#3245,2.);
#3245 = AXIS2_PLACEMENT_3D('',#3246,#3247,#3248);
#3246 = CARTESIAN_POINT('',(-8.,14.5,-6.));
#3247 = DIRECTION('',(0.,-0.,1.));
#3248 = DIRECTION('',(0.,1.,0.));
#3249 = PCURVE('',#2066,#3250);
#3250 = DEFINITIONAL_REPRESENTATION('',(#3251),#3255);
#3251 = LINE('',#3252,#3253);
#3252 = CARTESIAN_POINT('',(6.28318530718,0.));
#3253 = VECTOR('',#3254,1.);
#3254 = DIRECTION('',(-1.,0.));
#3255 = ( GEOMETRIC_REPRESENTATION_CONTEXT(2) 
PARAMETRIC_REPRESENTATION_CONTEXT() REPRESENTATION_CONTEXT('2D SPACE',''
  ) );
#3256 = PCURVE('',#913,#3257);
#3257 = DEFINITIONAL_REPRESENTATION('',(#3258),#3262);
#3258 = CIRCLE('',#3259,2.);
#3259 = AXIS2_PLACEMENT_2D('',#3260,#3261);
#3260 = CARTESIAN_POINT('',(-8.,1.715557059115));
#3261 = DIRECTION('',(0.,1.));
#3262 = ( GEOMETRIC_REPRESENTATION_CONTEXT(2) 
PARAMETRIC_REPRESENTATION_CONTEXT() REPRESENTATION_CONTEXT('2D SPACE',''
  ) );
#3263 = ORIENTED_EDGE('',*,*,#2177,.T.);
#3264 = ORIENTED_EDGE('',*,*,#2045,.F.);
#3265 = ORIENTED_EDGE('',*,*,#3266,.F.);
#3266 = EDGE_CURVE('',#3241,#2023,#3267,.T.);
#3267 = SURFACE_CURVE('',#3268,(#3272,#3279),.PCURVE_S1.);
#3268 = LINE('',#3269,#3270);
#3269 = CARTESIAN_POINT('',(-10.,14.5,-6.));
#3270 = VECTOR('',#3271,1.);
#3271 = DIRECTION('',(0.,0.,-1.));
#3272 = PCURVE('',#2066,#3273);
#3273 = DEFINITIONAL_REPRESENTATION('',(#3274),#3278);
#3274 = LINE('',#3275,#3276);
#3275 = CARTESIAN_POINT('',(4.712388980385,0.));
#3276 = VECTOR('',#3277,1.);
#3277 = DIRECTION('',(0.,1.));
#3278 = ( GEOMETRIC_REPRESENTATION_CONTEXT(2) 
PARAMETRIC_REPRESENTATION_CONTEXT() REPRESENTATION_CONTEXT('2D SPACE',''
  ) );
#3279 = PCURVE('',#1767,#3280);
#3280 = DEFINITIONAL_REPRESENTATION('',(#3281),#3285);
#3281 = LINE('',#3282,#3283);
#3282 = CARTESIAN_POINT('',(45.2,6.));
#3283 = VECTOR('',#3284,1.);
#3284 = DIRECTION('',(0.,1.));
#3285 = ( GEOMETRIC_REPRESENTATION_CONTEXT(2) 
PARAMETRIC_REPRESENTATION_CONTEXT() REPRESENTATION_CONTEXT('2D SPACE',''
  ) );
#3286 = ADVANCED_FACE('',(#3287),#913,.T.);
#3287 = FACE_BOUND('',#3288,.T.);
#3288 = EDGE_LOOP('',(#3289,#3290,#3291,#3292,#3293,#3294,#3295,#3296,
    #3319,#3347,#3368,#3369,#3370,#3371));
#3289 = ORIENTED_EDGE('',*,*,#1040,.T.);
#3290 = ORIENTED_EDGE('',*,*,#3216,.T.);
#3291 = ORIENTED_EDGE('',*,*,#1430,.T.);
#3292 = ORIENTED_EDGE('',*,*,#1455,.T.);
#3293 = ORIENTED_EDGE('',*,*,#1566,.T.);
#3294 = ORIENTED_EDGE('',*,*,#2200,.T.);
#3295 = ORIENTED_EDGE('',*,*,#3240,.T.);
#3296 = ORIENTED_EDGE('',*,*,#3297,.T.);
#3297 = EDGE_CURVE('',#3241,#3298,#3300,.T.);
#3298 = VERTEX_POINT('',#3299);
#3299 = CARTESIAN_POINT('',(-10.,9.5,-6.));
#3300 = SURFACE_CURVE('',#3301,(#3305,#3312),.PCURVE_S1.);
#3301 = LINE('',#3302,#3303);
#3302 = CARTESIAN_POINT('',(-10.,14.5,-6.));
#3303 = VECTOR('',#3304,1.);
#3304 = DIRECTION('',(-4.4E-16,-1.,0.));
#3305 = PCURVE('',#913,#3306);
#3306 = DEFINITIONAL_REPRESENTATION('',(#3307),#3311);
#3307 = LINE('',#3308,#3309);
#3308 = CARTESIAN_POINT('',(-10.,1.715557059115));
#3309 = VECTOR('',#3310,1.);
#3310 = DIRECTION('',(-4.4E-16,-1.));
#3311 = ( GEOMETRIC_REPRESENTATION_CONTEXT(2) 
PARAMETRIC_REPRESENTATION_CONTEXT() REPRESENTATION_CONTEXT('2D SPACE',''
  ) );
#3312 = PCURVE('',#1767,#3313);
#3313 = DEFINITIONAL_REPRESENTATION('',(#3314),#3318);
#3314 = LINE('',#3315,#3316);
#3315 = CARTESIAN_POINT('',(45.2,6.));
#3316 = VECTOR('',#3317,1.);
#3317 = DIRECTION('',(-1.,-0.));
#3318 = ( GEOMETRIC_REPRESENTATION_CONTEXT(2) 
PARAMETRIC_REPRESENTATION_CONTEXT() REPRESENTATION_CONTEXT('2D SPACE',''
  ) );
#3319 = ORIENTED_EDGE('',*,*,#3320,.F.);
#3320 = EDGE_CURVE('',#3321,#3298,#3323,.T.);
#3321 = VERTEX_POINT('',#3322);
#3322 = CARTESIAN_POINT('',(10.,9.5,-6.));
#3323 = SURFACE_CURVE('',#3324,(#3328,#3335),.PCURVE_S1.);
#3324 = LINE('',#3325,#3326);
#3325 = CARTESIAN_POINT('',(-5.,9.5,-6.));
#3326 = VECTOR('',#3327,1.);
#3327 = DIRECTION('',(-1.,0.,0.));
#3328 = PCURVE('',#913,#3329);
#3329 = DEFINITIONAL_REPRESENTATION('',(#3330),#3334);
#3330 = LINE('',#3331,#3332);
#3331 = CARTESIAN_POINT('',(-5.,-3.284442940885));
#3332 = VECTOR('',#3333,1.);
#3333 = DIRECTION('',(-1.,0.));
#3334 = ( GEOMETRIC_REPRESENTATION_CONTEXT(2) 
PARAMETRIC_REPRESENTATION_CONTEXT() REPRESENTATION_CONTEXT('2D SPACE',''
  ) );
#3335 = PCURVE('',#3336,#3341);
#3336 = PLANE('',#3337);
#3337 = AXIS2_PLACEMENT_3D('',#3338,#3339,#3340);
#3338 = CARTESIAN_POINT('',(-10.,9.5,0.));
#3339 = DIRECTION('',(0.,1.,0.));
#3340 = DIRECTION('',(1.,0.,0.));
#3341 = DEFINITIONAL_REPRESENTATION('',(#3342),#3346);
#3342 = LINE('',#3343,#3344);
#3343 = CARTESIAN_POINT('',(5.,6.));
#3344 = VECTOR('',#3345,1.);
#3345 = DIRECTION('',(-1.,0.));
#3346 = ( GEOMETRIC_REPRESENTATION_CONTEXT(2) 
PARAMETRIC_REPRESENTATION_CONTEXT() REPRESENTATION_CONTEXT('2D SPACE',''
  ) );
#3347 = ORIENTED_EDGE('',*,*,#3348,.T.);
#3348 = EDGE_CURVE('',#3321,#3164,#3349,.T.);
#3349 = SURFACE_CURVE('',#3350,(#3354,#3361),.PCURVE_S1.);
#3350 = LINE('',#3351,#3352);
#3351 = CARTESIAN_POINT('',(10.,9.5,-6.));
#3352 = VECTOR('',#3353,1.);
#3353 = DIRECTION('',(0.,1.,0.));
#3354 = PCURVE('',#913,#3355);
#3355 = DEFINITIONAL_REPRESENTATION('',(#3356),#3360);
#3356 = LINE('',#3357,#3358);
#3357 = CARTESIAN_POINT('',(10.,-3.284442940885));
#3358 = VECTOR('',#3359,1.);
#3359 = DIRECTION('',(0.,1.));
#3360 = ( GEOMETRIC_REPRESENTATION_CONTEXT(2) 
PARAMETRIC_REPRESENTATION_CONTEXT() REPRESENTATION_CONTEXT('2D SPACE',''
  ) );
#3361 = PCURVE('',#1711,#3362);
#3362 = DEFINITIONAL_REPRESENTATION('',(#3363),#3367);
#3363 = LINE('',#3364,#3365);
#3364 = CARTESIAN_POINT('',(-0.,6.));
#3365 = VECTOR('',#3366,1.);
#3366 = DIRECTION('',(-1.,0.));
#3367 = ( GEOMETRIC_REPRESENTATION_CONTEXT(2) 
PARAMETRIC_REPRESENTATION_CONTEXT() REPRESENTATION_CONTEXT('2D SPACE',''
  ) );
#3368 = ORIENTED_EDGE('',*,*,#3163,.T.);
#3369 = ORIENTED_EDGE('',*,*,#2127,.T.);
#3370 = ORIENTED_EDGE('',*,*,#899,.T.);
#3371 = ORIENTED_EDGE('',*,*,#929,.T.);
#3372 = ADVANCED_FACE('',(#3373),#1800,.T.);
#3373 = FACE_BOUND('',#3374,.T.);
#3374 = EDGE_LOOP('',(#3375,#3376,#3399,#3427));
#3375 = ORIENTED_EDGE('',*,*,#1779,.T.);
#3376 = ORIENTED_EDGE('',*,*,#3377,.T.);
#3377 = EDGE_CURVE('',#1752,#3378,#3380,.T.);
#3378 = VERTEX_POINT('',#3379);
#3379 = CARTESIAN_POINT('',(-10.,-35.7,-8.6));
#3380 = SURFACE_CURVE('',#3381,(#3385,#3392),.PCURVE_S1.);
#3381 = LINE('',#3382,#3383);
#3382 = CARTESIAN_POINT('',(-10.,-35.7,-6.));
#3383 = VECTOR('',#3384,1.);
#3384 = DIRECTION('',(0.,0.,-1.));
#3385 = PCURVE('',#1800,#3386);
#3386 = DEFINITIONAL_REPRESENTATION('',(#3387),#3391);
#3387 = LINE('',#3388,#3389);
#3388 = CARTESIAN_POINT('',(3.14159265359,0.));
#3389 = VECTOR('',#3390,1.);
#3390 = DIRECTION('',(0.,1.));
#3391 = ( GEOMETRIC_REPRESENTATION_CONTEXT(2) 
PARAMETRIC_REPRESENTATION_CONTEXT() REPRESENTATION_CONTEXT('2D SPACE',''
  ) );
#3392 = PCURVE('',#1767,#3393);
#3393 = DEFINITIONAL_REPRESENTATION('',(#3394),#3398);
#3394 = LINE('',#3395,#3396);
#3395 = CARTESIAN_POINT('',(-5.,6.));
#3396 = VECTOR('',#3397,1.);
#3397 = DIRECTION('',(0.,1.));
#3398 = ( GEOMETRIC_REPRESENTATION_CONTEXT(2) 
PARAMETRIC_REPRESENTATION_CONTEXT() REPRESENTATION_CONTEXT('2D SPACE',''
  ) );
#3399 = ORIENTED_EDGE('',*,*,#3400,.F.);
#3400 = EDGE_CURVE('',#3401,#3378,#3403,.T.);
#3401 = VERTEX_POINT('',#3402);
#3402 = CARTESIAN_POINT('',(-8.,-37.7,-8.6));
#3403 = SURFACE_CURVE('',#3404,(#3409,#3416),.PCURVE_S1.);
#3404 = CIRCLE('',#3405,2.);
#3405 = AXIS2_PLACEMENT_3D('',#3406,#3407,#3408);
#3406 = CARTESIAN_POINT('',(-8.,-35.7,-8.6));
#3407 = DIRECTION('',(0.,0.,-1.));
#3408 = DIRECTION('',(1.,0.,0.));
#3409 = PCURVE('',#1800,#3410);
#3410 = DEFINITIONAL_REPRESENTATION('',(#3411),#3415);
#3411 = LINE('',#3412,#3413);
#3412 = CARTESIAN_POINT('',(0.,2.6));
#3413 = VECTOR('',#3414,1.);
#3414 = DIRECTION('',(1.,0.));
#3415 = ( GEOMETRIC_REPRESENTATION_CONTEXT(2) 
PARAMETRIC_REPRESENTATION_CONTEXT() REPRESENTATION_CONTEXT('2D SPACE',''
  ) );
#3416 = PCURVE('',#581,#3417);
#3417 = DEFINITIONAL_REPRESENTATION('',(#3418),#3426);
#3418 = ( BOUNDED_CURVE() B_SPLINE_CURVE(2,(#3419,#3420,#3421,#3422,
#3423,#3424,#3425),.UNSPECIFIED.,.T.,.F.) B_SPLINE_CURVE_WITH_KNOTS((1,2
    ,2,2,2,1),(-2.094395102393,0.,2.094395102393,4.188790204786,
6.28318530718,8.377580409573),.UNSPECIFIED.) CURVE() 
GEOMETRIC_REPRESENTATION_ITEM() RATIONAL_B_SPLINE_CURVE((1.,0.5,1.,0.5,
1.,0.5,1.)) REPRESENTATION_ITEM('') );
#3419 = CARTESIAN_POINT('',(-6.,-1.715557059115));
#3420 = CARTESIAN_POINT('',(-6.,-5.179658674253));
#3421 = CARTESIAN_POINT('',(-9.,-3.447607866684));
#3422 = CARTESIAN_POINT('',(-12.,-1.715557059115));
#3423 = CARTESIAN_POINT('',(-9.,1.649374845377E-02));
#3424 = CARTESIAN_POINT('',(-6.,1.748544556023));
#3425 = CARTESIAN_POINT('',(-6.,-1.715557059115));
#3426 = ( GEOMETRIC_REPRESENTATION_CONTEXT(2) 
PARAMETRIC_REPRESENTATION_CONTEXT() REPRESENTATION_CONTEXT('2D SPACE',''
  ) );
#3427 = ORIENTED_EDGE('',*,*,#3428,.F.);
#3428 = EDGE_CURVE('',#1780,#3401,#3429,.T.);
#3429 = SURFACE_CURVE('',#3430,(#3434,#3441),.PCURVE_S1.);
#3430 = LINE('',#3431,#3432);
#3431 = CARTESIAN_POINT('',(-8.,-37.7,-6.));
#3432 = VECTOR('',#3433,1.);
#3433 = DIRECTION('',(0.,0.,-1.));
#3434 = PCURVE('',#1800,#3435);
#3435 = DEFINITIONAL_REPRESENTATION('',(#3436),#3440);
#3436 = LINE('',#3437,#3438);
#3437 = CARTESIAN_POINT('',(1.570796326795,0.));
#3438 = VECTOR('',#3439,1.);
#3439 = DIRECTION('',(0.,1.));
#3440 = ( GEOMETRIC_REPRESENTATION_CONTEXT(2) 
PARAMETRIC_REPRESENTATION_CONTEXT() REPRESENTATION_CONTEXT('2D SPACE',''
  ) );
#3441 = PCURVE('',#553,#3442);
#3442 = DEFINITIONAL_REPRESENTATION('',(#3443),#3447);
#3443 = LINE('',#3444,#3445);
#3444 = CARTESIAN_POINT('',(16.,0.));
#3445 = VECTOR('',#3446,1.);
#3446 = DIRECTION('',(0.,1.));
#3447 = ( GEOMETRIC_REPRESENTATION_CONTEXT(2) 
PARAMETRIC_REPRESENTATION_CONTEXT() REPRESENTATION_CONTEXT('2D SPACE',''
  ) );
#3448 = ADVANCED_FACE('',(#3449),#553,.T.);
#3449 = FACE_BOUND('',#3450,.T.);
#3450 = EDGE_LOOP('',(#3451,#3452,#3453,#3454));
#3451 = ORIENTED_EDGE('',*,*,#530,.T.);
#3452 = ORIENTED_EDGE('',*,*,#1812,.T.);
#3453 = ORIENTED_EDGE('',*,*,#3428,.T.);
#3454 = ORIENTED_EDGE('',*,*,#3455,.F.);
#3455 = EDGE_CURVE('',#531,#3401,#3456,.T.);
#3456 = SURFACE_CURVE('',#3457,(#3461,#3468),.PCURVE_S1.);
#3457 = LINE('',#3458,#3459);
#3458 = CARTESIAN_POINT('',(8.,-37.7,-8.6));
#3459 = VECTOR('',#3460,1.);
#3460 = DIRECTION('',(-1.,0.,0.));
#3461 = PCURVE('',#553,#3462);
#3462 = DEFINITIONAL_REPRESENTATION('',(#3463),#3467);
#3463 = LINE('',#3464,#3465);
#3464 = CARTESIAN_POINT('',(0.,2.6));
#3465 = VECTOR('',#3466,1.);
#3466 = DIRECTION('',(1.,0.));
#3467 = ( GEOMETRIC_REPRESENTATION_CONTEXT(2) 
PARAMETRIC_REPRESENTATION_CONTEXT() REPRESENTATION_CONTEXT('2D SPACE',''
  ) );
#3468 = PCURVE('',#581,#3469);
#3469 = DEFINITIONAL_REPRESENTATION('',(#3470),#3474);
#3470 = LINE('',#3471,#3472);
#3471 = CARTESIAN_POINT('',(8.,-3.715557059115));
#3472 = VECTOR('',#3473,1.);
#3473 = DIRECTION('',(-1.,0.));
#3474 = ( GEOMETRIC_REPRESENTATION_CONTEXT(2) 
PARAMETRIC_REPRESENTATION_CONTEXT() REPRESENTATION_CONTEXT('2D SPACE',''
  ) );
#3475 = ADVANCED_FACE('',(#3476),#1683,.T.);
#3476 = FACE_BOUND('',#3477,.T.);
#3477 = EDGE_LOOP('',(#3478,#3479,#3480,#3508));
#3478 = ORIENTED_EDGE('',*,*,#1662,.T.);
#3479 = ORIENTED_EDGE('',*,*,#1860,.T.);
#3480 = ORIENTED_EDGE('',*,*,#3481,.F.);
#3481 = EDGE_CURVE('',#3482,#1838,#3484,.T.);
#3482 = VERTEX_POINT('',#3483);
#3483 = CARTESIAN_POINT('',(10.,-35.7,-8.6));
#3484 = SURFACE_CURVE('',#3485,(#3490,#3497),.PCURVE_S1.);
#3485 = CIRCLE('',#3486,2.);
#3486 = AXIS2_PLACEMENT_3D('',#3487,#3488,#3489);
#3487 = CARTESIAN_POINT('',(8.,-35.7,-8.6));
#3488 = DIRECTION('',(0.,0.,-1.));
#3489 = DIRECTION('',(-5.6E-16,1.,0.));
#3490 = PCURVE('',#1683,#3491);
#3491 = DEFINITIONAL_REPRESENTATION('',(#3492),#3496);
#3492 = LINE('',#3493,#3494);
#3493 = CARTESIAN_POINT('',(-6.7E-16,2.6));
#3494 = VECTOR('',#3495,1.);
#3495 = DIRECTION('',(1.,0.));
#3496 = ( GEOMETRIC_REPRESENTATION_CONTEXT(2) 
PARAMETRIC_REPRESENTATION_CONTEXT() REPRESENTATION_CONTEXT('2D SPACE',''
  ) );
#3497 = PCURVE('',#581,#3498);
#3498 = DEFINITIONAL_REPRESENTATION('',(#3499),#3507);
#3499 = ( BOUNDED_CURVE() B_SPLINE_CURVE(2,(#3500,#3501,#3502,#3503,
#3504,#3505,#3506),.UNSPECIFIED.,.T.,.F.) B_SPLINE_CURVE_WITH_KNOTS((1,2
    ,2,2,2,1),(-2.094395102393,0.,2.094395102393,4.188790204786,
6.28318530718,8.377580409573),.UNSPECIFIED.) CURVE() 
GEOMETRIC_REPRESENTATION_ITEM() RATIONAL_B_SPLINE_CURVE((1.,0.5,1.,0.5,
1.,0.5,1.)) REPRESENTATION_ITEM('') );
#3500 = CARTESIAN_POINT('',(8.,0.284442940885));
#3501 = CARTESIAN_POINT('',(11.464101615138,0.284442940885));
#3502 = CARTESIAN_POINT('',(9.732050807569,-2.715557059115));
#3503 = CARTESIAN_POINT('',(8.,-5.715557059115));
#3504 = CARTESIAN_POINT('',(6.267949192431,-2.715557059115));
#3505 = CARTESIAN_POINT('',(4.535898384862,0.284442940885));
#3506 = CARTESIAN_POINT('',(8.,0.284442940885));
#3507 = ( GEOMETRIC_REPRESENTATION_CONTEXT(2) 
PARAMETRIC_REPRESENTATION_CONTEXT() REPRESENTATION_CONTEXT('2D SPACE',''
  ) );
#3508 = ORIENTED_EDGE('',*,*,#3509,.F.);
#3509 = EDGE_CURVE('',#1663,#3482,#3510,.T.);
#3510 = SURFACE_CURVE('',#3511,(#3515,#3522),.PCURVE_S1.);
#3511 = LINE('',#3512,#3513);
#3512 = CARTESIAN_POINT('',(10.,-35.7,-6.));
#3513 = VECTOR('',#3514,1.);
#3514 = DIRECTION('',(0.,0.,-1.));
#3515 = PCURVE('',#1683,#3516);
#3516 = DEFINITIONAL_REPRESENTATION('',(#3517),#3521);
#3517 = LINE('',#3518,#3519);
#3518 = CARTESIAN_POINT('',(1.570796326795,0.));
#3519 = VECTOR('',#3520,1.);
#3520 = DIRECTION('',(0.,1.));
#3521 = ( GEOMETRIC_REPRESENTATION_CONTEXT(2) 
PARAMETRIC_REPRESENTATION_CONTEXT() REPRESENTATION_CONTEXT('2D SPACE',''
  ) );
#3522 = PCURVE('',#1711,#3523);
#3523 = DEFINITIONAL_REPRESENTATION('',(#3524),#3528);
#3524 = LINE('',#3525,#3526);
#3525 = CARTESIAN_POINT('',(45.2,6.));
#3526 = VECTOR('',#3527,1.);
#3527 = DIRECTION('',(-0.,1.));
#3528 = ( GEOMETRIC_REPRESENTATION_CONTEXT(2) 
PARAMETRIC_REPRESENTATION_CONTEXT() REPRESENTATION_CONTEXT('2D SPACE',''
  ) );
#3529 = ADVANCED_FACE('',(#3530),#581,.F.);
#3530 = FACE_BOUND('',#3531,.T.);
#3531 = EDGE_LOOP('',(#3532,#3533,#3534,#3535,#3558,#3586,#3607,#3608,
    #3609,#3610,#3611,#3612,#3613,#3614));
#3532 = ORIENTED_EDGE('',*,*,#565,.T.);
#3533 = ORIENTED_EDGE('',*,*,#3455,.T.);
#3534 = ORIENTED_EDGE('',*,*,#3400,.T.);
#3535 = ORIENTED_EDGE('',*,*,#3536,.T.);
#3536 = EDGE_CURVE('',#3378,#3537,#3539,.T.);
#3537 = VERTEX_POINT('',#3538);
#3538 = CARTESIAN_POINT('',(-10.,-30.7,-8.6));
#3539 = SURFACE_CURVE('',#3540,(#3544,#3551),.PCURVE_S1.);
#3540 = LINE('',#3541,#3542);
#3541 = CARTESIAN_POINT('',(-10.,-35.7,-8.6));
#3542 = VECTOR('',#3543,1.);
#3543 = DIRECTION('',(4.4E-16,1.,0.));
#3544 = PCURVE('',#581,#3545);
#3545 = DEFINITIONAL_REPRESENTATION('',(#3546),#3550);
#3546 = LINE('',#3547,#3548);
#3547 = CARTESIAN_POINT('',(-10.,-1.715557059115));
#3548 = VECTOR('',#3549,1.);
#3549 = DIRECTION('',(4.4E-16,1.));
#3550 = ( GEOMETRIC_REPRESENTATION_CONTEXT(2) 
PARAMETRIC_REPRESENTATION_CONTEXT() REPRESENTATION_CONTEXT('2D SPACE',''
  ) );
#3551 = PCURVE('',#1767,#3552);
#3552 = DEFINITIONAL_REPRESENTATION('',(#3553),#3557);
#3553 = LINE('',#3554,#3555);
#3554 = CARTESIAN_POINT('',(-5.,8.6));
#3555 = VECTOR('',#3556,1.);
#3556 = DIRECTION('',(1.,0.));
#3557 = ( GEOMETRIC_REPRESENTATION_CONTEXT(2) 
PARAMETRIC_REPRESENTATION_CONTEXT() REPRESENTATION_CONTEXT('2D SPACE',''
  ) );
#3558 = ORIENTED_EDGE('',*,*,#3559,.F.);
#3559 = EDGE_CURVE('',#3560,#3537,#3562,.T.);
#3560 = VERTEX_POINT('',#3561);
#3561 = CARTESIAN_POINT('',(10.,-30.7,-8.6));
#3562 = SURFACE_CURVE('',#3563,(#3567,#3574),.PCURVE_S1.);
#3563 = LINE('',#3564,#3565);
#3564 = CARTESIAN_POINT('',(5.,-30.7,-8.6));
#3565 = VECTOR('',#3566,1.);
#3566 = DIRECTION('',(-1.,0.,0.));
#3567 = PCURVE('',#581,#3568);
#3568 = DEFINITIONAL_REPRESENTATION('',(#3569),#3573);
#3569 = LINE('',#3570,#3571);
#3570 = CARTESIAN_POINT('',(5.,3.284442940885));
#3571 = VECTOR('',#3572,1.);
#3572 = DIRECTION('',(-1.,0.));
#3573 = ( GEOMETRIC_REPRESENTATION_CONTEXT(2) 
PARAMETRIC_REPRESENTATION_CONTEXT() REPRESENTATION_CONTEXT('2D SPACE',''
  ) );
#3574 = PCURVE('',#3575,#3580);
#3575 = PLANE('',#3576);
#3576 = AXIS2_PLACEMENT_3D('',#3577,#3578,#3579);
#3577 = CARTESIAN_POINT('',(10.,-30.7,0.));
#3578 = DIRECTION('',(0.,-1.,0.));
#3579 = DIRECTION('',(-1.,0.,0.));
#3580 = DEFINITIONAL_REPRESENTATION('',(#3581),#3585);
#3581 = LINE('',#3582,#3583);
#3582 = CARTESIAN_POINT('',(5.,8.6));
#3583 = VECTOR('',#3584,1.);
#3584 = DIRECTION('',(1.,0.));
#3585 = ( GEOMETRIC_REPRESENTATION_CONTEXT(2) 
PARAMETRIC_REPRESENTATION_CONTEXT() REPRESENTATION_CONTEXT('2D SPACE',''
  ) );
#3586 = ORIENTED_EDGE('',*,*,#3587,.T.);
#3587 = EDGE_CURVE('',#3560,#3482,#3588,.T.);
#3588 = SURFACE_CURVE('',#3589,(#3593,#3600),.PCURVE_S1.);
#3589 = LINE('',#3590,#3591);
#3590 = CARTESIAN_POINT('',(10.,-30.7,-8.6));
#3591 = VECTOR('',#3592,1.);
#3592 = DIRECTION('',(2.66E-15,-1.,0.));
#3593 = PCURVE('',#581,#3594);
#3594 = DEFINITIONAL_REPRESENTATION('',(#3595),#3599);
#3595 = LINE('',#3596,#3597);
#3596 = CARTESIAN_POINT('',(10.,3.284442940885));
#3597 = VECTOR('',#3598,1.);
#3598 = DIRECTION('',(2.66E-15,-1.));
#3599 = ( GEOMETRIC_REPRESENTATION_CONTEXT(2) 
PARAMETRIC_REPRESENTATION_CONTEXT() REPRESENTATION_CONTEXT('2D SPACE',''
  ) );
#3600 = PCURVE('',#1711,#3601);
#3601 = DEFINITIONAL_REPRESENTATION('',(#3602),#3606);
#3602 = LINE('',#3603,#3604);
#3603 = CARTESIAN_POINT('',(40.2,8.6));
#3604 = VECTOR('',#3605,1.);
#3605 = DIRECTION('',(1.,0.));
#3606 = ( GEOMETRIC_REPRESENTATION_CONTEXT(2) 
PARAMETRIC_REPRESENTATION_CONTEXT() REPRESENTATION_CONTEXT('2D SPACE',''
  ) );
#3607 = ORIENTED_EDGE('',*,*,#3481,.T.);
#3608 = ORIENTED_EDGE('',*,*,#1837,.T.);
#3609 = ORIENTED_EDGE('',*,*,#1172,.T.);
#3610 = ORIENTED_EDGE('',*,*,#1253,.T.);
#3611 = ORIENTED_EDGE('',*,*,#1303,.T.);
#3612 = ORIENTED_EDGE('',*,*,#1886,.T.);
#3613 = ORIENTED_EDGE('',*,*,#731,.T.);
#3614 = ORIENTED_EDGE('',*,*,#783,.T.);
#3615 = ADVANCED_FACE('',(#3616,#3622),#2010,.T.);
#3616 = FACE_BOUND('',#3617,.T.);
#3617 = EDGE_LOOP('',(#3618,#3619,#3620,#3621));
#3618 = ORIENTED_EDGE('',*,*,#2224,.T.);
#3619 = ORIENTED_EDGE('',*,*,#2720,.T.);
#3620 = ORIENTED_EDGE('',*,*,#3006,.T.);
#3621 = ORIENTED_EDGE('',*,*,#3108,.T.);
#3622 = FACE_BOUND('',#3623,.T.);
#3623 = EDGE_LOOP('',(#3624,#3625,#3648,#3676));
#3624 = ORIENTED_EDGE('',*,*,#1994,.T.);
#3625 = ORIENTED_EDGE('',*,*,#3626,.T.);
#3626 = EDGE_CURVE('',#1972,#3627,#3629,.T.);
#3627 = VERTEX_POINT('',#3628);
#3628 = CARTESIAN_POINT('',(10.,9.5,-36.7));
#3629 = SURFACE_CURVE('',#3630,(#3634,#3641),.PCURVE_S1.);
#3630 = LINE('',#3631,#3632);
#3631 = CARTESIAN_POINT('',(10.,9.5,0.));
#3632 = VECTOR('',#3633,1.);
#3633 = DIRECTION('',(0.,0.,-1.));
#3634 = PCURVE('',#2010,#3635);
#3635 = DEFINITIONAL_REPRESENTATION('',(#3636),#3640);
#3636 = LINE('',#3637,#3638);
#3637 = CARTESIAN_POINT('',(20.,0.));
#3638 = VECTOR('',#3639,1.);
#3639 = DIRECTION('',(0.,1.));
#3640 = ( GEOMETRIC_REPRESENTATION_CONTEXT(2) 
PARAMETRIC_REPRESENTATION_CONTEXT() REPRESENTATION_CONTEXT('2D SPACE',''
  ) );
#3641 = PCURVE('',#1711,#3642);
#3642 = DEFINITIONAL_REPRESENTATION('',(#3643),#3647);
#3643 = LINE('',#3644,#3645);
#3644 = CARTESIAN_POINT('',(0.,0.));
#3645 = VECTOR('',#3646,1.);
#3646 = DIRECTION('',(-0.,1.));
#3647 = ( GEOMETRIC_REPRESENTATION_CONTEXT(2) 
PARAMETRIC_REPRESENTATION_CONTEXT() REPRESENTATION_CONTEXT('2D SPACE',''
  ) );
#3648 = ORIENTED_EDGE('',*,*,#3649,.F.);
#3649 = EDGE_CURVE('',#3650,#3627,#3652,.T.);
#3650 = VERTEX_POINT('',#3651);
#3651 = CARTESIAN_POINT('',(-10.,9.5,-36.7));
#3652 = SURFACE_CURVE('',#3653,(#3657,#3664),.PCURVE_S1.);
#3653 = LINE('',#3654,#3655);
#3654 = CARTESIAN_POINT('',(-10.,9.5,-36.7));
#3655 = VECTOR('',#3656,1.);
#3656 = DIRECTION('',(1.,0.,0.));
#3657 = PCURVE('',#2010,#3658);
#3658 = DEFINITIONAL_REPRESENTATION('',(#3659),#3663);
#3659 = LINE('',#3660,#3661);
#3660 = CARTESIAN_POINT('',(0.,36.7));
#3661 = VECTOR('',#3662,1.);
#3662 = DIRECTION('',(1.,0.));
#3663 = ( GEOMETRIC_REPRESENTATION_CONTEXT(2) 
PARAMETRIC_REPRESENTATION_CONTEXT() REPRESENTATION_CONTEXT('2D SPACE',''
  ) );
#3664 = PCURVE('',#3665,#3670);
#3665 = PLANE('',#3666);
#3666 = AXIS2_PLACEMENT_3D('',#3667,#3668,#3669);
#3667 = CARTESIAN_POINT('',(0.,-10.6,-36.7));
#3668 = DIRECTION('',(0.,0.,-1.));
#3669 = DIRECTION('',(-1.,0.,0.));
#3670 = DEFINITIONAL_REPRESENTATION('',(#3671),#3675);
#3671 = LINE('',#3672,#3673);
#3672 = CARTESIAN_POINT('',(10.,20.1));
#3673 = VECTOR('',#3674,1.);
#3674 = DIRECTION('',(-1.,0.));
#3675 = ( GEOMETRIC_REPRESENTATION_CONTEXT(2) 
PARAMETRIC_REPRESENTATION_CONTEXT() REPRESENTATION_CONTEXT('2D SPACE',''
  ) );
#3676 = ORIENTED_EDGE('',*,*,#3677,.F.);
#3677 = EDGE_CURVE('',#1995,#3650,#3678,.T.);
#3678 = SURFACE_CURVE('',#3679,(#3683,#3690),.PCURVE_S1.);
#3679 = LINE('',#3680,#3681);
#3680 = CARTESIAN_POINT('',(-10.,9.5,0.));
#3681 = VECTOR('',#3682,1.);
#3682 = DIRECTION('',(0.,0.,-1.));
#3683 = PCURVE('',#2010,#3684);
#3684 = DEFINITIONAL_REPRESENTATION('',(#3685),#3689);
#3685 = LINE('',#3686,#3687);
#3686 = CARTESIAN_POINT('',(0.,0.));
#3687 = VECTOR('',#3688,1.);
#3688 = DIRECTION('',(0.,1.));
#3689 = ( GEOMETRIC_REPRESENTATION_CONTEXT(2) 
PARAMETRIC_REPRESENTATION_CONTEXT() REPRESENTATION_CONTEXT('2D SPACE',''
  ) );
#3690 = PCURVE('',#1767,#3691);
#3691 = DEFINITIONAL_REPRESENTATION('',(#3692),#3696);
#3692 = LINE('',#3693,#3694);
#3693 = CARTESIAN_POINT('',(40.2,0.));
#3694 = VECTOR('',#3695,1.);
#3695 = DIRECTION('',(0.,1.));
#3696 = ( GEOMETRIC_REPRESENTATION_CONTEXT(2) 
PARAMETRIC_REPRESENTATION_CONTEXT() REPRESENTATION_CONTEXT('2D SPACE',''
  ) );
#3697 = ADVANCED_FACE('',(#3698),#3336,.T.);
#3698 = FACE_BOUND('',#3699,.T.);
#3699 = EDGE_LOOP('',(#3700,#3701,#3724,#3752));
#3700 = ORIENTED_EDGE('',*,*,#3320,.T.);
#3701 = ORIENTED_EDGE('',*,*,#3702,.F.);
#3702 = EDGE_CURVE('',#3703,#3298,#3705,.T.);
#3703 = VERTEX_POINT('',#3704);
#3704 = CARTESIAN_POINT('',(-10.,9.5,0.));
#3705 = SURFACE_CURVE('',#3706,(#3710,#3717),.PCURVE_S1.);
#3706 = LINE('',#3707,#3708);
#3707 = CARTESIAN_POINT('',(-10.,9.5,0.));
#3708 = VECTOR('',#3709,1.);
#3709 = DIRECTION('',(0.,0.,-1.));
#3710 = PCURVE('',#3336,#3711);
#3711 = DEFINITIONAL_REPRESENTATION('',(#3712),#3716);
#3712 = LINE('',#3713,#3714);
#3713 = CARTESIAN_POINT('',(0.,0.));
#3714 = VECTOR('',#3715,1.);
#3715 = DIRECTION('',(0.,1.));
#3716 = ( GEOMETRIC_REPRESENTATION_CONTEXT(2) 
PARAMETRIC_REPRESENTATION_CONTEXT() REPRESENTATION_CONTEXT('2D SPACE',''
  ) );
#3717 = PCURVE('',#1767,#3718);
#3718 = DEFINITIONAL_REPRESENTATION('',(#3719),#3723);
#3719 = LINE('',#3720,#3721);
#3720 = CARTESIAN_POINT('',(40.2,0.));
#3721 = VECTOR('',#3722,1.);
#3722 = DIRECTION('',(0.,1.));
#3723 = ( GEOMETRIC_REPRESENTATION_CONTEXT(2) 
PARAMETRIC_REPRESENTATION_CONTEXT() REPRESENTATION_CONTEXT('2D SPACE',''
  ) );
#3724 = ORIENTED_EDGE('',*,*,#3725,.T.);
#3725 = EDGE_CURVE('',#3703,#3726,#3728,.T.);
#3726 = VERTEX_POINT('',#3727);
#3727 = CARTESIAN_POINT('',(10.,9.5,0.));
#3728 = SURFACE_CURVE('',#3729,(#3733,#3740),.PCURVE_S1.);
#3729 = LINE('',#3730,#3731);
#3730 = CARTESIAN_POINT('',(-10.,9.5,0.));
#3731 = VECTOR('',#3732,1.);
#3732 = DIRECTION('',(1.,0.,0.));
#3733 = PCURVE('',#3336,#3734);
#3734 = DEFINITIONAL_REPRESENTATION('',(#3735),#3739);
#3735 = LINE('',#3736,#3737);
#3736 = CARTESIAN_POINT('',(0.,0.));
#3737 = VECTOR('',#3738,1.);
#3738 = DIRECTION('',(1.,0.));
#3739 = ( GEOMETRIC_REPRESENTATION_CONTEXT(2) 
PARAMETRIC_REPRESENTATION_CONTEXT() REPRESENTATION_CONTEXT('2D SPACE',''
  ) );
#3740 = PCURVE('',#3741,#3746);
#3741 = PLANE('',#3742);
#3742 = AXIS2_PLACEMENT_3D('',#3743,#3744,#3745);
#3743 = CARTESIAN_POINT('',(0.,-10.6,0.));
#3744 = DIRECTION('',(0.,0.,1.));
#3745 = DIRECTION('',(1.,0.,-0.));
#3746 = DEFINITIONAL_REPRESENTATION('',(#3747),#3751);
#3747 = LINE('',#3748,#3749);
#3748 = CARTESIAN_POINT('',(-10.,20.1));
#3749 = VECTOR('',#3750,1.);
#3750 = DIRECTION('',(1.,0.));
#3751 = ( GEOMETRIC_REPRESENTATION_CONTEXT(2) 
PARAMETRIC_REPRESENTATION_CONTEXT() REPRESENTATION_CONTEXT('2D SPACE',''
  ) );
#3752 = ORIENTED_EDGE('',*,*,#3753,.T.);
#3753 = EDGE_CURVE('',#3726,#3321,#3754,.T.);
#3754 = SURFACE_CURVE('',#3755,(#3759,#3766),.PCURVE_S1.);
#3755 = LINE('',#3756,#3757);
#3756 = CARTESIAN_POINT('',(10.,9.5,0.));
#3757 = VECTOR('',#3758,1.);
#3758 = DIRECTION('',(0.,0.,-1.));
#3759 = PCURVE('',#3336,#3760);
#3760 = DEFINITIONAL_REPRESENTATION('',(#3761),#3765);
#3761 = LINE('',#3762,#3763);
#3762 = CARTESIAN_POINT('',(20.,0.));
#3763 = VECTOR('',#3764,1.);
#3764 = DIRECTION('',(0.,1.));
#3765 = ( GEOMETRIC_REPRESENTATION_CONTEXT(2) 
PARAMETRIC_REPRESENTATION_CONTEXT() REPRESENTATION_CONTEXT('2D SPACE',''
  ) );
#3766 = PCURVE('',#1711,#3767);
#3767 = DEFINITIONAL_REPRESENTATION('',(#3768),#3772);
#3768 = LINE('',#3769,#3770);
#3769 = CARTESIAN_POINT('',(0.,0.));
#3770 = VECTOR('',#3771,1.);
#3771 = DIRECTION('',(-0.,1.));
#3772 = ( GEOMETRIC_REPRESENTATION_CONTEXT(2) 
PARAMETRIC_REPRESENTATION_CONTEXT() REPRESENTATION_CONTEXT('2D SPACE',''
  ) );
#3773 = ADVANCED_FACE('',(#3774),#1739,.T.);
#3774 = FACE_BOUND('',#3775,.T.);
#3775 = EDGE_LOOP('',(#3776,#3777,#3800,#3823));
#3776 = ORIENTED_EDGE('',*,*,#1723,.T.);
#3777 = ORIENTED_EDGE('',*,*,#3778,.F.);
#3778 = EDGE_CURVE('',#3779,#1696,#3781,.T.);
#3779 = VERTEX_POINT('',#3780);
#3780 = CARTESIAN_POINT('',(10.,-30.7,0.));
#3781 = SURFACE_CURVE('',#3782,(#3786,#3793),.PCURVE_S1.);
#3782 = LINE('',#3783,#3784);
#3783 = CARTESIAN_POINT('',(10.,-30.7,0.));
#3784 = VECTOR('',#3785,1.);
#3785 = DIRECTION('',(0.,0.,-1.));
#3786 = PCURVE('',#1739,#3787);
#3787 = DEFINITIONAL_REPRESENTATION('',(#3788),#3792);
#3788 = LINE('',#3789,#3790);
#3789 = CARTESIAN_POINT('',(0.,-0.));
#3790 = VECTOR('',#3791,1.);
#3791 = DIRECTION('',(0.,1.));
#3792 = ( GEOMETRIC_REPRESENTATION_CONTEXT(2) 
PARAMETRIC_REPRESENTATION_CONTEXT() REPRESENTATION_CONTEXT('2D SPACE',''
  ) );
#3793 = PCURVE('',#1711,#3794);
#3794 = DEFINITIONAL_REPRESENTATION('',(#3795),#3799);
#3795 = LINE('',#3796,#3797);
#3796 = CARTESIAN_POINT('',(40.2,0.));
#3797 = VECTOR('',#3798,1.);
#3798 = DIRECTION('',(-0.,1.));
#3799 = ( GEOMETRIC_REPRESENTATION_CONTEXT(2) 
PARAMETRIC_REPRESENTATION_CONTEXT() REPRESENTATION_CONTEXT('2D SPACE',''
  ) );
#3800 = ORIENTED_EDGE('',*,*,#3801,.T.);
#3801 = EDGE_CURVE('',#3779,#3802,#3804,.T.);
#3802 = VERTEX_POINT('',#3803);
#3803 = CARTESIAN_POINT('',(-10.,-30.7,0.));
#3804 = SURFACE_CURVE('',#3805,(#3809,#3816),.PCURVE_S1.);
#3805 = LINE('',#3806,#3807);
#3806 = CARTESIAN_POINT('',(10.,-30.7,0.));
#3807 = VECTOR('',#3808,1.);
#3808 = DIRECTION('',(-1.,0.,0.));
#3809 = PCURVE('',#1739,#3810);
#3810 = DEFINITIONAL_REPRESENTATION('',(#3811),#3815);
#3811 = LINE('',#3812,#3813);
#3812 = CARTESIAN_POINT('',(0.,-0.));
#3813 = VECTOR('',#3814,1.);
#3814 = DIRECTION('',(1.,0.));
#3815 = ( GEOMETRIC_REPRESENTATION_CONTEXT(2) 
PARAMETRIC_REPRESENTATION_CONTEXT() REPRESENTATION_CONTEXT('2D SPACE',''
  ) );
#3816 = PCURVE('',#3741,#3817);
#3817 = DEFINITIONAL_REPRESENTATION('',(#3818),#3822);
#3818 = LINE('',#3819,#3820);
#3819 = CARTESIAN_POINT('',(10.,-20.1));
#3820 = VECTOR('',#3821,1.);
#3821 = DIRECTION('',(-1.,0.));
#3822 = ( GEOMETRIC_REPRESENTATION_CONTEXT(2) 
PARAMETRIC_REPRESENTATION_CONTEXT() REPRESENTATION_CONTEXT('2D SPACE',''
  ) );
#3823 = ORIENTED_EDGE('',*,*,#3824,.T.);
#3824 = EDGE_CURVE('',#3802,#1724,#3825,.T.);
#3825 = SURFACE_CURVE('',#3826,(#3830,#3837),.PCURVE_S1.);
#3826 = LINE('',#3827,#3828);
#3827 = CARTESIAN_POINT('',(-10.,-30.7,0.));
#3828 = VECTOR('',#3829,1.);
#3829 = DIRECTION('',(0.,0.,-1.));
#3830 = PCURVE('',#1739,#3831);
#3831 = DEFINITIONAL_REPRESENTATION('',(#3832),#3836);
#3832 = LINE('',#3833,#3834);
#3833 = CARTESIAN_POINT('',(20.,0.));
#3834 = VECTOR('',#3835,1.);
#3835 = DIRECTION('',(0.,1.));
#3836 = ( GEOMETRIC_REPRESENTATION_CONTEXT(2) 
PARAMETRIC_REPRESENTATION_CONTEXT() REPRESENTATION_CONTEXT('2D SPACE',''
  ) );
#3837 = PCURVE('',#1767,#3838);
#3838 = DEFINITIONAL_REPRESENTATION('',(#3839),#3843);
#3839 = LINE('',#3840,#3841);
#3840 = CARTESIAN_POINT('',(0.,0.));
#3841 = VECTOR('',#3842,1.);
#3842 = DIRECTION('',(0.,1.));
#3843 = ( GEOMETRIC_REPRESENTATION_CONTEXT(2) 
PARAMETRIC_REPRESENTATION_CONTEXT() REPRESENTATION_CONTEXT('2D SPACE',''
  ) );
#3844 = ADVANCED_FACE('',(#3845),#3858,.T.);
#3845 = FACE_BOUND('',#3846,.T.);
#3846 = EDGE_LOOP('',(#3847,#3876,#3898,#3924));
#3847 = ORIENTED_EDGE('',*,*,#3848,.F.);
#3848 = EDGE_CURVE('',#3849,#3849,#3851,.T.);
#3849 = VERTEX_POINT('',#3850);
#3850 = CARTESIAN_POINT('',(6.5,1.E-15,4.));
#3851 = SURFACE_CURVE('',#3852,(#3857,#3869),.PCURVE_S1.);
#3852 = CIRCLE('',#3853,6.5);
#3853 = AXIS2_PLACEMENT_3D('',#3854,#3855,#3856);
#3854 = CARTESIAN_POINT('',(0.,0.,4.));
#3855 = DIRECTION('',(0.,0.,1.));
#3856 = DIRECTION('',(-1.,0.,0.));
#3857 = PCURVE('',#3858,#3863);
#3858 = CYLINDRICAL_SURFACE('',#3859,6.5);
#3859 = AXIS2_PLACEMENT_3D('',#3860,#3861,#3862);
#3860 = CARTESIAN_POINT('',(0.,0.,2.5));
#3861 = DIRECTION('',(0.,0.,1.));
#3862 = DIRECTION('',(-1.,0.,0.));
#3863 = DEFINITIONAL_REPRESENTATION('',(#3864),#3868);
#3864 = LINE('',#3865,#3866);
#3865 = CARTESIAN_POINT('',(0.,1.5));
#3866 = VECTOR('',#3867,1.);
#3867 = DIRECTION('',(1.,0.));
#3868 = ( GEOMETRIC_REPRESENTATION_CONTEXT(2) 
PARAMETRIC_REPRESENTATION_CONTEXT() REPRESENTATION_CONTEXT('2D SPACE',''
  ) );
#3869 = PCURVE('',#503,#3870);
#3870 = DEFINITIONAL_REPRESENTATION('',(#3871),#3875);
#3871 = CIRCLE('',#3872,6.5);
#3872 = AXIS2_PLACEMENT_2D('',#3873,#3874);
#3873 = CARTESIAN_POINT('',(3.5E-16,-1.4E-16));
#3874 = DIRECTION('',(-1.,0.));
#3875 = ( GEOMETRIC_REPRESENTATION_CONTEXT(2) 
PARAMETRIC_REPRESENTATION_CONTEXT() REPRESENTATION_CONTEXT('2D SPACE',''
  ) );
#3876 = ORIENTED_EDGE('',*,*,#3877,.F.);
#3877 = EDGE_CURVE('',#3878,#3849,#3880,.T.);
#3878 = VERTEX_POINT('',#3879);
#3879 = CARTESIAN_POINT('',(6.5,1.E-15,2.5));
#3880 = SEAM_CURVE('',#3881,(#3884,#3891),.PCURVE_S1.);
#3881 = B_SPLINE_CURVE_WITH_KNOTS('',1,(#3882,#3883),.UNSPECIFIED.,.F.,
  .F.,(2,2),(0.,1.5),.PIECEWISE_BEZIER_KNOTS.);
#3882 = CARTESIAN_POINT('',(6.5,-2.39E-15,2.5));
#3883 = CARTESIAN_POINT('',(6.5,-2.39E-15,4.));
#3884 = PCURVE('',#3858,#3885);
#3885 = DEFINITIONAL_REPRESENTATION('',(#3886),#3890);
#3886 = LINE('',#3887,#3888);
#3887 = CARTESIAN_POINT('',(3.14159265359,0.));
#3888 = VECTOR('',#3889,1.);
#3889 = DIRECTION('',(0.,1.));
#3890 = ( GEOMETRIC_REPRESENTATION_CONTEXT(2) 
PARAMETRIC_REPRESENTATION_CONTEXT() REPRESENTATION_CONTEXT('2D SPACE',''
  ) );
#3891 = PCURVE('',#3858,#3892);
#3892 = DEFINITIONAL_REPRESENTATION('',(#3893),#3897);
#3893 = LINE('',#3894,#3895);
#3894 = CARTESIAN_POINT('',(9.424777960769,0.));
#3895 = VECTOR('',#3896,1.);
#3896 = DIRECTION('',(0.,1.));
#3897 = ( GEOMETRIC_REPRESENTATION_CONTEXT(2) 
PARAMETRIC_REPRESENTATION_CONTEXT() REPRESENTATION_CONTEXT('2D SPACE',''
  ) );
#3898 = ORIENTED_EDGE('',*,*,#3899,.F.);
#3899 = EDGE_CURVE('',#3878,#3878,#3900,.T.);
#3900 = SURFACE_CURVE('',#3901,(#3906,#3913),.PCURVE_S1.);
#3901 = CIRCLE('',#3902,6.5);
#3902 = AXIS2_PLACEMENT_3D('',#3903,#3904,#3905);
#3903 = CARTESIAN_POINT('',(0.,0.,2.5));
#3904 = DIRECTION('',(0.,0.,-1.));
#3905 = DIRECTION('',(-1.,0.,0.));
#3906 = PCURVE('',#3858,#3907);
#3907 = DEFINITIONAL_REPRESENTATION('',(#3908),#3912);
#3908 = LINE('',#3909,#3910);
#3909 = CARTESIAN_POINT('',(12.566370614359,0.));
#3910 = VECTOR('',#3911,1.);
#3911 = DIRECTION('',(-1.,0.));
#3912 = ( GEOMETRIC_REPRESENTATION_CONTEXT(2) 
PARAMETRIC_REPRESENTATION_CONTEXT() REPRESENTATION_CONTEXT('2D SPACE',''
  ) );
#3913 = PCURVE('',#44,#3914);
#3914 = DEFINITIONAL_REPRESENTATION('',(#3915),#3923);
#3915 = ( BOUNDED_CURVE() B_SPLINE_CURVE(2,(#3916,#3917,#3918,#3919,
#3920,#3921,#3922),.UNSPECIFIED.,.T.,.F.) B_SPLINE_CURVE_WITH_KNOTS((1,2
    ,2,2,2,1),(-2.094395102393,0.,2.094395102393,4.188790204786,
6.28318530718,8.377580409573),.UNSPECIFIED.) CURVE() 
GEOMETRIC_REPRESENTATION_ITEM() RATIONAL_B_SPLINE_CURVE((1.,0.5,1.,0.5,
1.,0.5,1.)) REPRESENTATION_ITEM('') );
#3916 = CARTESIAN_POINT('',(-6.5,10.));
#3917 = CARTESIAN_POINT('',(-6.5,21.258330249198));
#3918 = CARTESIAN_POINT('',(3.25,15.629165124599));
#3919 = CARTESIAN_POINT('',(13.,10.));
#3920 = CARTESIAN_POINT('',(3.25,4.370834875401));
#3921 = CARTESIAN_POINT('',(-6.5,-1.258330249198));
#3922 = CARTESIAN_POINT('',(-6.5,10.));
#3923 = ( GEOMETRIC_REPRESENTATION_CONTEXT(2) 
PARAMETRIC_REPRESENTATION_CONTEXT() REPRESENTATION_CONTEXT('2D SPACE',''
  ) );
#3924 = ORIENTED_EDGE('',*,*,#3877,.T.);
#3925 = ADVANCED_FACE('',(#3926,#3929),#503,.T.);
#3926 = FACE_BOUND('',#3927,.T.);
#3927 = EDGE_LOOP('',(#3928));
#3928 = ORIENTED_EDGE('',*,*,#488,.T.);
#3929 = FACE_BOUND('',#3930,.T.);
#3930 = EDGE_LOOP('',(#3931));
#3931 = ORIENTED_EDGE('',*,*,#3848,.T.);
#3932 = ADVANCED_FACE('',(#3933),#3948,.T.);
#3933 = FACE_BOUND('',#3934,.T.);
#3934 = EDGE_LOOP('',(#3935,#3970,#3998,#4022));
#3935 = ORIENTED_EDGE('',*,*,#3936,.F.);
#3936 = EDGE_CURVE('',#3937,#3939,#3941,.T.);
#3937 = VERTEX_POINT('',#3938);
#3938 = CARTESIAN_POINT('',(-9.,-2.E-15,0.));
#3939 = VERTEX_POINT('',#3940);
#3940 = CARTESIAN_POINT('',(9.,3.E-15,0.));
#3941 = SURFACE_CURVE('',#3942,(#3947,#3959),.PCURVE_S1.);
#3942 = CIRCLE('',#3943,9.);
#3943 = AXIS2_PLACEMENT_3D('',#3944,#3945,#3946);
#3944 = CARTESIAN_POINT('',(0.,0.,0.));
#3945 = DIRECTION('',(0.,0.,-1.));
#3946 = DIRECTION('',(1.,3.E-16,0.));
#3947 = PCURVE('',#3948,#3953);
#3948 = CYLINDRICAL_SURFACE('',#3949,9.);
#3949 = AXIS2_PLACEMENT_3D('',#3950,#3951,#3952);
#3950 = CARTESIAN_POINT('',(0.,0.,0.));
#3951 = DIRECTION('',(0.,0.,1.));
#3952 = DIRECTION('',(1.,3.E-16,-0.));
#3953 = DEFINITIONAL_REPRESENTATION('',(#3954),#3958);
#3954 = LINE('',#3955,#3956);
#3955 = CARTESIAN_POINT('',(6.28318530718,0.));
#3956 = VECTOR('',#3957,1.);
#3957 = DIRECTION('',(-1.,0.));
#3958 = ( GEOMETRIC_REPRESENTATION_CONTEXT(2) 
PARAMETRIC_REPRESENTATION_CONTEXT() REPRESENTATION_CONTEXT('2D SPACE',''
  ) );
#3959 = PCURVE('',#3741,#3960);
#3960 = DEFINITIONAL_REPRESENTATION('',(#3961),#3969);
#3961 = ( BOUNDED_CURVE() B_SPLINE_CURVE(2,(#3962,#3963,#3964,#3965,
#3966,#3967,#3968),.UNSPECIFIED.,.T.,.F.) B_SPLINE_CURVE_WITH_KNOTS((1,2
    ,2,2,2,1),(-2.094395102393,0.,2.094395102393,4.188790204786,
6.28318530718,8.377580409573),.UNSPECIFIED.) CURVE() 
GEOMETRIC_REPRESENTATION_ITEM() RATIONAL_B_SPLINE_CURVE((1.,0.5,1.,0.5,
1.,0.5,1.)) REPRESENTATION_ITEM('') );
#3962 = CARTESIAN_POINT('',(9.,10.6));
#3963 = CARTESIAN_POINT('',(9.,-4.98845726812));
#3964 = CARTESIAN_POINT('',(-4.5,2.80577136594));
#3965 = CARTESIAN_POINT('',(-18.,10.6));
#3966 = CARTESIAN_POINT('',(-4.5,18.39422863406));
#3967 = CARTESIAN_POINT('',(9.,26.18845726812));
#3968 = CARTESIAN_POINT('',(9.,10.6));
#3969 = ( GEOMETRIC_REPRESENTATION_CONTEXT(2) 
PARAMETRIC_REPRESENTATION_CONTEXT() REPRESENTATION_CONTEXT('2D SPACE',''
  ) );
#3970 = ORIENTED_EDGE('',*,*,#3971,.T.);
#3971 = EDGE_CURVE('',#3937,#3972,#3974,.T.);
#3972 = VERTEX_POINT('',#3973);
#3973 = CARTESIAN_POINT('',(-9.,-2.E-15,2.5));
#3974 = SURFACE_CURVE('',#3975,(#3979,#3986),.PCURVE_S1.);
#3975 = LINE('',#3976,#3977);
#3976 = CARTESIAN_POINT('',(-9.,-1.56E-15,0.));
#3977 = VECTOR('',#3978,1.);
#3978 = DIRECTION('',(0.,0.,1.));
#3979 = PCURVE('',#3948,#3980);
#3980 = DEFINITIONAL_REPRESENTATION('',(#3981),#3985);
#3981 = LINE('',#3982,#3983);
#3982 = CARTESIAN_POINT('',(3.14159265359,0.));
#3983 = VECTOR('',#3984,1.);
#3984 = DIRECTION('',(0.,1.));
#3985 = ( GEOMETRIC_REPRESENTATION_CONTEXT(2) 
PARAMETRIC_REPRESENTATION_CONTEXT() REPRESENTATION_CONTEXT('2D SPACE',''
  ) );
#3986 = PCURVE('',#3987,#3992);
#3987 = PLANE('',#3988);
#3988 = AXIS2_PLACEMENT_3D('',#3989,#3990,#3991);
#3989 = CARTESIAN_POINT('',(-9.,-1.56E-15,0.));
#3990 = DIRECTION('',(-1.,-2.2E-16,0.));
#3991 = DIRECTION('',(2.2E-16,-1.,0.));
#3992 = DEFINITIONAL_REPRESENTATION('',(#3993),#3997);
#3993 = LINE('',#3994,#3995);
#3994 = CARTESIAN_POINT('',(0.,0.));
#3995 = VECTOR('',#3996,1.);
#3996 = DIRECTION('',(0.,1.));
#3997 = ( GEOMETRIC_REPRESENTATION_CONTEXT(2) 
PARAMETRIC_REPRESENTATION_CONTEXT() REPRESENTATION_CONTEXT('2D SPACE',''
  ) );
#3998 = ORIENTED_EDGE('',*,*,#3999,.F.);
#3999 = EDGE_CURVE('',#4000,#3972,#4002,.T.);
#4000 = VERTEX_POINT('',#4001);
#4001 = CARTESIAN_POINT('',(9.,3.E-15,2.5));
#4002 = SURFACE_CURVE('',#4003,(#4008,#4015),.PCURVE_S1.);
#4003 = CIRCLE('',#4004,9.);
#4004 = AXIS2_PLACEMENT_3D('',#4005,#4006,#4007);
#4005 = CARTESIAN_POINT('',(0.,0.,2.5));
#4006 = DIRECTION('',(0.,0.,1.));
#4007 = DIRECTION('',(1.,3.E-16,-0.));
#4008 = PCURVE('',#3948,#4009);
#4009 = DEFINITIONAL_REPRESENTATION('',(#4010),#4014);
#4010 = LINE('',#4011,#4012);
#4011 = CARTESIAN_POINT('',(0.,2.5));
#4012 = VECTOR('',#4013,1.);
#4013 = DIRECTION('',(1.,0.));
#4014 = ( GEOMETRIC_REPRESENTATION_CONTEXT(2) 
PARAMETRIC_REPRESENTATION_CONTEXT() REPRESENTATION_CONTEXT('2D SPACE',''
  ) );
#4015 = PCURVE('',#44,#4016);
#4016 = DEFINITIONAL_REPRESENTATION('',(#4017),#4021);
#4017 = CIRCLE('',#4018,9.);
#4018 = AXIS2_PLACEMENT_2D('',#4019,#4020);
#4019 = CARTESIAN_POINT('',(-2.2E-16,10.));
#4020 = DIRECTION('',(1.,3.E-16));
#4021 = ( GEOMETRIC_REPRESENTATION_CONTEXT(2) 
PARAMETRIC_REPRESENTATION_CONTEXT() REPRESENTATION_CONTEXT('2D SPACE',''
  ) );
#4022 = ORIENTED_EDGE('',*,*,#4023,.F.);
#4023 = EDGE_CURVE('',#3939,#4000,#4024,.T.);
#4024 = SURFACE_CURVE('',#4025,(#4029,#4036),.PCURVE_S1.);
#4025 = LINE('',#4026,#4027);
#4026 = CARTESIAN_POINT('',(9.,2.66E-15,0.));
#4027 = VECTOR('',#4028,1.);
#4028 = DIRECTION('',(0.,0.,1.));
#4029 = PCURVE('',#3948,#4030);
#4030 = DEFINITIONAL_REPRESENTATION('',(#4031),#4035);
#4031 = LINE('',#4032,#4033);
#4032 = CARTESIAN_POINT('',(0.,0.));
#4033 = VECTOR('',#4034,1.);
#4034 = DIRECTION('',(0.,1.));
#4035 = ( GEOMETRIC_REPRESENTATION_CONTEXT(2) 
PARAMETRIC_REPRESENTATION_CONTEXT() REPRESENTATION_CONTEXT('2D SPACE',''
  ) );
#4036 = PCURVE('',#4037,#4042);
#4037 = PLANE('',#4038);
#4038 = AXIS2_PLACEMENT_3D('',#4039,#4040,#4041);
#4039 = CARTESIAN_POINT('',(9.,-20.,0.));
#4040 = DIRECTION('',(1.,2.8E-16,0.));
#4041 = DIRECTION('',(-2.8E-16,1.,0.));
#4042 = DEFINITIONAL_REPRESENTATION('',(#4043),#4047);
#4043 = LINE('',#4044,#4045);
#4044 = CARTESIAN_POINT('',(20.,0.));
#4045 = VECTOR('',#4046,1.);
#4046 = DIRECTION('',(0.,1.));
#4047 = ( GEOMETRIC_REPRESENTATION_CONTEXT(2) 
PARAMETRIC_REPRESENTATION_CONTEXT() REPRESENTATION_CONTEXT('2D SPACE',''
  ) );
#4048 = ADVANCED_FACE('',(#4049),#4037,.T.);
#4049 = FACE_BOUND('',#4050,.T.);
#4050 = EDGE_LOOP('',(#4051,#4074,#4075,#4098));
#4051 = ORIENTED_EDGE('',*,*,#4052,.F.);
#4052 = EDGE_CURVE('',#3939,#4053,#4055,.T.);
#4053 = VERTEX_POINT('',#4054);
#4054 = CARTESIAN_POINT('',(9.,-20.,0.));
#4055 = SURFACE_CURVE('',#4056,(#4060,#4067),.PCURVE_S1.);
#4056 = LINE('',#4057,#4058);
#4057 = CARTESIAN_POINT('',(9.,-15.3,0.));
#4058 = VECTOR('',#4059,1.);
#4059 = DIRECTION('',(2.8E-16,-1.,0.));
#4060 = PCURVE('',#4037,#4061);
#4061 = DEFINITIONAL_REPRESENTATION('',(#4062),#4066);
#4062 = LINE('',#4063,#4064);
#4063 = CARTESIAN_POINT('',(4.7,0.));
#4064 = VECTOR('',#4065,1.);
#4065 = DIRECTION('',(-1.,0.));
#4066 = ( GEOMETRIC_REPRESENTATION_CONTEXT(2) 
PARAMETRIC_REPRESENTATION_CONTEXT() REPRESENTATION_CONTEXT('2D SPACE',''
  ) );
#4067 = PCURVE('',#3741,#4068);
#4068 = DEFINITIONAL_REPRESENTATION('',(#4069),#4073);
#4069 = LINE('',#4070,#4071);
#4070 = CARTESIAN_POINT('',(9.,-4.7));
#4071 = VECTOR('',#4072,1.);
#4072 = DIRECTION('',(2.8E-16,-1.));
#4073 = ( GEOMETRIC_REPRESENTATION_CONTEXT(2) 
PARAMETRIC_REPRESENTATION_CONTEXT() REPRESENTATION_CONTEXT('2D SPACE',''
  ) );
#4074 = ORIENTED_EDGE('',*,*,#4023,.T.);
#4075 = ORIENTED_EDGE('',*,*,#4076,.F.);
#4076 = EDGE_CURVE('',#4077,#4000,#4079,.T.);
#4077 = VERTEX_POINT('',#4078);
#4078 = CARTESIAN_POINT('',(9.,-20.,2.5));
#4079 = SURFACE_CURVE('',#4080,(#4084,#4091),.PCURVE_S1.);
#4080 = LINE('',#4081,#4082);
#4081 = CARTESIAN_POINT('',(9.,-20.,2.5));
#4082 = VECTOR('',#4083,1.);
#4083 = DIRECTION('',(-2.8E-16,1.,0.));
#4084 = PCURVE('',#4037,#4085);
#4085 = DEFINITIONAL_REPRESENTATION('',(#4086),#4090);
#4086 = LINE('',#4087,#4088);
#4087 = CARTESIAN_POINT('',(0.,2.5));
#4088 = VECTOR('',#4089,1.);
#4089 = DIRECTION('',(1.,0.));
#4090 = ( GEOMETRIC_REPRESENTATION_CONTEXT(2) 
PARAMETRIC_REPRESENTATION_CONTEXT() REPRESENTATION_CONTEXT('2D SPACE',''
  ) );
#4091 = PCURVE('',#44,#4092);
#4092 = DEFINITIONAL_REPRESENTATION('',(#4093),#4097);
#4093 = LINE('',#4094,#4095);
#4094 = CARTESIAN_POINT('',(9.,-10.));
#4095 = VECTOR('',#4096,1.);
#4096 = DIRECTION('',(-2.8E-16,1.));
#4097 = ( GEOMETRIC_REPRESENTATION_CONTEXT(2) 
PARAMETRIC_REPRESENTATION_CONTEXT() REPRESENTATION_CONTEXT('2D SPACE',''
  ) );
#4098 = ORIENTED_EDGE('',*,*,#4099,.F.);
#4099 = EDGE_CURVE('',#4053,#4077,#4100,.T.);
#4100 = SURFACE_CURVE('',#4101,(#4105,#4112),.PCURVE_S1.);
#4101 = LINE('',#4102,#4103);
#4102 = CARTESIAN_POINT('',(9.,-20.,0.));
#4103 = VECTOR('',#4104,1.);
#4104 = DIRECTION('',(0.,0.,1.));
#4105 = PCURVE('',#4037,#4106);
#4106 = DEFINITIONAL_REPRESENTATION('',(#4107),#4111);
#4107 = LINE('',#4108,#4109);
#4108 = CARTESIAN_POINT('',(0.,0.));
#4109 = VECTOR('',#4110,1.);
#4110 = DIRECTION('',(0.,1.));
#4111 = ( GEOMETRIC_REPRESENTATION_CONTEXT(2) 
PARAMETRIC_REPRESENTATION_CONTEXT() REPRESENTATION_CONTEXT('2D SPACE',''
  ) );
#4112 = PCURVE('',#4113,#4118);
#4113 = CYLINDRICAL_SURFACE('',#4114,9.);
#4114 = AXIS2_PLACEMENT_3D('',#4115,#4116,#4117);
#4115 = CARTESIAN_POINT('',(2.45E-15,-20.,0.));
#4116 = DIRECTION('',(0.,0.,1.));
#4117 = DIRECTION('',(-1.,0.,0.));
#4118 = DEFINITIONAL_REPRESENTATION('',(#4119),#4123);
#4119 = LINE('',#4120,#4121);
#4120 = CARTESIAN_POINT('',(3.14159265359,0.));
#4121 = VECTOR('',#4122,1.);
#4122 = DIRECTION('',(0.,1.));
#4123 = ( GEOMETRIC_REPRESENTATION_CONTEXT(2) 
PARAMETRIC_REPRESENTATION_CONTEXT() REPRESENTATION_CONTEXT('2D SPACE',''
  ) );
#4124 = ADVANCED_FACE('',(#4125),#4113,.T.);
#4125 = FACE_BOUND('',#4126,.T.);
#4126 = EDGE_LOOP('',(#4127,#4155,#4156,#4180));
#4127 = ORIENTED_EDGE('',*,*,#4128,.F.);
#4128 = EDGE_CURVE('',#4053,#4129,#4131,.T.);
#4129 = VERTEX_POINT('',#4130);
#4130 = CARTESIAN_POINT('',(-9.,-20.,0.));
#4131 = SURFACE_CURVE('',#4132,(#4137,#4144),.PCURVE_S1.);
#4132 = CIRCLE('',#4133,9.);
#4133 = AXIS2_PLACEMENT_3D('',#4134,#4135,#4136);
#4134 = CARTESIAN_POINT('',(2.45E-15,-20.,0.));
#4135 = DIRECTION('',(0.,0.,-1.));
#4136 = DIRECTION('',(-1.,0.,0.));
#4137 = PCURVE('',#4113,#4138);
#4138 = DEFINITIONAL_REPRESENTATION('',(#4139),#4143);
#4139 = LINE('',#4140,#4141);
#4140 = CARTESIAN_POINT('',(6.28318530718,0.));
#4141 = VECTOR('',#4142,1.);
#4142 = DIRECTION('',(-1.,0.));
#4143 = ( GEOMETRIC_REPRESENTATION_CONTEXT(2) 
PARAMETRIC_REPRESENTATION_CONTEXT() REPRESENTATION_CONTEXT('2D SPACE',''
  ) );
#4144 = PCURVE('',#3741,#4145);
#4145 = DEFINITIONAL_REPRESENTATION('',(#4146),#4154);
#4146 = ( BOUNDED_CURVE() B_SPLINE_CURVE(2,(#4147,#4148,#4149,#4150,
#4151,#4152,#4153),.UNSPECIFIED.,.T.,.F.) B_SPLINE_CURVE_WITH_KNOTS((1,2
    ,2,2,2,1),(-2.094395102393,0.,2.094395102393,4.188790204786,
6.28318530718,8.377580409573),.UNSPECIFIED.) CURVE() 
GEOMETRIC_REPRESENTATION_ITEM() RATIONAL_B_SPLINE_CURVE((1.,0.5,1.,0.5,
1.,0.5,1.)) REPRESENTATION_ITEM('') );
#4147 = CARTESIAN_POINT('',(-9.,-9.4));
#4148 = CARTESIAN_POINT('',(-9.,6.18845726812));
#4149 = CARTESIAN_POINT('',(4.5,-1.60577136594));
#4150 = CARTESIAN_POINT('',(18.,-9.4));
#4151 = CARTESIAN_POINT('',(4.5,-17.19422863406));
#4152 = CARTESIAN_POINT('',(-9.,-24.98845726812));
#4153 = CARTESIAN_POINT('',(-9.,-9.4));
#4154 = ( GEOMETRIC_REPRESENTATION_CONTEXT(2) 
PARAMETRIC_REPRESENTATION_CONTEXT() REPRESENTATION_CONTEXT('2D SPACE',''
  ) );
#4155 = ORIENTED_EDGE('',*,*,#4099,.T.);
#4156 = ORIENTED_EDGE('',*,*,#4157,.F.);
#4157 = EDGE_CURVE('',#4158,#4077,#4160,.T.);
#4158 = VERTEX_POINT('',#4159);
#4159 = CARTESIAN_POINT('',(-9.,-20.,2.5));
#4160 = SURFACE_CURVE('',#4161,(#4166,#4173),.PCURVE_S1.);
#4161 = CIRCLE('',#4162,9.);
#4162 = AXIS2_PLACEMENT_3D('',#4163,#4164,#4165);
#4163 = CARTESIAN_POINT('',(2.45E-15,-20.,2.5));
#4164 = DIRECTION('',(0.,0.,1.));
#4165 = DIRECTION('',(-1.,0.,0.));
#4166 = PCURVE('',#4113,#4167);
#4167 = DEFINITIONAL_REPRESENTATION('',(#4168),#4172);
#4168 = LINE('',#4169,#4170);
#4169 = CARTESIAN_POINT('',(0.,2.5));
#4170 = VECTOR('',#4171,1.);
#4171 = DIRECTION('',(1.,0.));
#4172 = ( GEOMETRIC_REPRESENTATION_CONTEXT(2) 
PARAMETRIC_REPRESENTATION_CONTEXT() REPRESENTATION_CONTEXT('2D SPACE',''
  ) );
#4173 = PCURVE('',#44,#4174);
#4174 = DEFINITIONAL_REPRESENTATION('',(#4175),#4179);
#4175 = CIRCLE('',#4176,9.);
#4176 = AXIS2_PLACEMENT_2D('',#4177,#4178);
#4177 = CARTESIAN_POINT('',(2.23E-15,-10.));
#4178 = DIRECTION('',(-1.,0.));
#4179 = ( GEOMETRIC_REPRESENTATION_CONTEXT(2) 
PARAMETRIC_REPRESENTATION_CONTEXT() REPRESENTATION_CONTEXT('2D SPACE',''
  ) );
#4180 = ORIENTED_EDGE('',*,*,#4181,.F.);
#4181 = EDGE_CURVE('',#4129,#4158,#4182,.T.);
#4182 = SURFACE_CURVE('',#4183,(#4187,#4194),.PCURVE_S1.);
#4183 = LINE('',#4184,#4185);
#4184 = CARTESIAN_POINT('',(-9.,-20.,0.));
#4185 = VECTOR('',#4186,1.);
#4186 = DIRECTION('',(0.,0.,1.));
#4187 = PCURVE('',#4113,#4188);
#4188 = DEFINITIONAL_REPRESENTATION('',(#4189),#4193);
#4189 = LINE('',#4190,#4191);
#4190 = CARTESIAN_POINT('',(0.,0.));
#4191 = VECTOR('',#4192,1.);
#4192 = DIRECTION('',(0.,1.));
#4193 = ( GEOMETRIC_REPRESENTATION_CONTEXT(2) 
PARAMETRIC_REPRESENTATION_CONTEXT() REPRESENTATION_CONTEXT('2D SPACE',''
  ) );
#4194 = PCURVE('',#3987,#4195);
#4195 = DEFINITIONAL_REPRESENTATION('',(#4196),#4200);
#4196 = LINE('',#4197,#4198);
#4197 = CARTESIAN_POINT('',(20.,0.));
#4198 = VECTOR('',#4199,1.);
#4199 = DIRECTION('',(0.,1.));
#4200 = ( GEOMETRIC_REPRESENTATION_CONTEXT(2) 
PARAMETRIC_REPRESENTATION_CONTEXT() REPRESENTATION_CONTEXT('2D SPACE',''
  ) );
#4201 = ADVANCED_FACE('',(#4202),#3987,.T.);
#4202 = FACE_BOUND('',#4203,.T.);
#4203 = EDGE_LOOP('',(#4204,#4225,#4226,#4247));
#4204 = ORIENTED_EDGE('',*,*,#4205,.F.);
#4205 = EDGE_CURVE('',#4129,#3937,#4206,.T.);
#4206 = SURFACE_CURVE('',#4207,(#4211,#4218),.PCURVE_S1.);
#4207 = LINE('',#4208,#4209);
#4208 = CARTESIAN_POINT('',(-9.,-5.3,0.));
#4209 = VECTOR('',#4210,1.);
#4210 = DIRECTION('',(-2.2E-16,1.,0.));
#4211 = PCURVE('',#3987,#4212);
#4212 = DEFINITIONAL_REPRESENTATION('',(#4213),#4217);
#4213 = LINE('',#4214,#4215);
#4214 = CARTESIAN_POINT('',(5.3,0.));
#4215 = VECTOR('',#4216,1.);
#4216 = DIRECTION('',(-1.,0.));
#4217 = ( GEOMETRIC_REPRESENTATION_CONTEXT(2) 
PARAMETRIC_REPRESENTATION_CONTEXT() REPRESENTATION_CONTEXT('2D SPACE',''
  ) );
#4218 = PCURVE('',#3741,#4219);
#4219 = DEFINITIONAL_REPRESENTATION('',(#4220),#4224);
#4220 = LINE('',#4221,#4222);
#4221 = CARTESIAN_POINT('',(-9.,5.3));
#4222 = VECTOR('',#4223,1.);
#4223 = DIRECTION('',(-2.2E-16,1.));
#4224 = ( GEOMETRIC_REPRESENTATION_CONTEXT(2) 
PARAMETRIC_REPRESENTATION_CONTEXT() REPRESENTATION_CONTEXT('2D SPACE',''
  ) );
#4225 = ORIENTED_EDGE('',*,*,#4181,.T.);
#4226 = ORIENTED_EDGE('',*,*,#4227,.F.);
#4227 = EDGE_CURVE('',#3972,#4158,#4228,.T.);
#4228 = SURFACE_CURVE('',#4229,(#4233,#4240),.PCURVE_S1.);
#4229 = LINE('',#4230,#4231);
#4230 = CARTESIAN_POINT('',(-9.,-1.56E-15,2.5));
#4231 = VECTOR('',#4232,1.);
#4232 = DIRECTION('',(2.2E-16,-1.,0.));
#4233 = PCURVE('',#3987,#4234);
#4234 = DEFINITIONAL_REPRESENTATION('',(#4235),#4239);
#4235 = LINE('',#4236,#4237);
#4236 = CARTESIAN_POINT('',(0.,2.5));
#4237 = VECTOR('',#4238,1.);
#4238 = DIRECTION('',(1.,0.));
#4239 = ( GEOMETRIC_REPRESENTATION_CONTEXT(2) 
PARAMETRIC_REPRESENTATION_CONTEXT() REPRESENTATION_CONTEXT('2D SPACE',''
  ) );
#4240 = PCURVE('',#44,#4241);
#4241 = DEFINITIONAL_REPRESENTATION('',(#4242),#4246);
#4242 = LINE('',#4243,#4244);
#4243 = CARTESIAN_POINT('',(-9.,10.));
#4244 = VECTOR('',#4245,1.);
#4245 = DIRECTION('',(2.2E-16,-1.));
#4246 = ( GEOMETRIC_REPRESENTATION_CONTEXT(2) 
PARAMETRIC_REPRESENTATION_CONTEXT() REPRESENTATION_CONTEXT('2D SPACE',''
  ) );
#4247 = ORIENTED_EDGE('',*,*,#3971,.F.);
#4248 = ADVANCED_FACE('',(#4249,#4255,#4258),#44,.T.);
#4249 = FACE_BOUND('',#4250,.T.);
#4250 = EDGE_LOOP('',(#4251,#4252,#4253,#4254));
#4251 = ORIENTED_EDGE('',*,*,#21,.T.);
#4252 = ORIENTED_EDGE('',*,*,#288,.T.);
#4253 = ORIENTED_EDGE('',*,*,#217,.T.);
#4254 = ORIENTED_EDGE('',*,*,#141,.T.);
#4255 = FACE_BOUND('',#4256,.T.);
#4256 = EDGE_LOOP('',(#4257));
#4257 = ORIENTED_EDGE('',*,*,#3899,.T.);
#4258 = FACE_BOUND('',#4259,.T.);
#4259 = EDGE_LOOP('',(#4260,#4261,#4262,#4263));
#4260 = ORIENTED_EDGE('',*,*,#4227,.T.);
#4261 = ORIENTED_EDGE('',*,*,#4157,.T.);
#4262 = ORIENTED_EDGE('',*,*,#4076,.T.);
#4263 = ORIENTED_EDGE('',*,*,#3999,.T.);
#4264 = ADVANCED_FACE('',(#4265),#1767,.T.);
#4265 = FACE_BOUND('',#4266,.T.);
#4266 = EDGE_LOOP('',(#4267,#4288,#4289,#4290,#4291,#4292,#4293,#4316,
    #4337,#4338,#4339,#4340));
#4267 = ORIENTED_EDGE('',*,*,#4268,.T.);
#4268 = EDGE_CURVE('',#3802,#3703,#4269,.T.);
#4269 = SURFACE_CURVE('',#4270,(#4274,#4281),.PCURVE_S1.);
#4270 = LINE('',#4271,#4272);
#4271 = CARTESIAN_POINT('',(-10.,-30.7,0.));
#4272 = VECTOR('',#4273,1.);
#4273 = DIRECTION('',(-1.7E-16,1.,0.));
#4274 = PCURVE('',#1767,#4275);
#4275 = DEFINITIONAL_REPRESENTATION('',(#4276),#4280);
#4276 = LINE('',#4277,#4278);
#4277 = CARTESIAN_POINT('',(0.,0.));
#4278 = VECTOR('',#4279,1.);
#4279 = DIRECTION('',(1.,0.));
#4280 = ( GEOMETRIC_REPRESENTATION_CONTEXT(2) 
PARAMETRIC_REPRESENTATION_CONTEXT() REPRESENTATION_CONTEXT('2D SPACE',''
  ) );
#4281 = PCURVE('',#3741,#4282);
#4282 = DEFINITIONAL_REPRESENTATION('',(#4283),#4287);
#4283 = LINE('',#4284,#4285);
#4284 = CARTESIAN_POINT('',(-10.,-20.1));
#4285 = VECTOR('',#4286,1.);
#4286 = DIRECTION('',(-1.7E-16,1.));
#4287 = ( GEOMETRIC_REPRESENTATION_CONTEXT(2) 
PARAMETRIC_REPRESENTATION_CONTEXT() REPRESENTATION_CONTEXT('2D SPACE',''
  ) );
#4288 = ORIENTED_EDGE('',*,*,#3702,.T.);
#4289 = ORIENTED_EDGE('',*,*,#3297,.F.);
#4290 = ORIENTED_EDGE('',*,*,#3266,.T.);
#4291 = ORIENTED_EDGE('',*,*,#2022,.F.);
#4292 = ORIENTED_EDGE('',*,*,#3677,.T.);
#4293 = ORIENTED_EDGE('',*,*,#4294,.F.);
#4294 = EDGE_CURVE('',#4295,#3650,#4297,.T.);
#4295 = VERTEX_POINT('',#4296);
#4296 = CARTESIAN_POINT('',(-10.,-30.7,-36.7));
#4297 = SURFACE_CURVE('',#4298,(#4302,#4309),.PCURVE_S1.);
#4298 = LINE('',#4299,#4300);
#4299 = CARTESIAN_POINT('',(-10.,-30.7,-36.7));
#4300 = VECTOR('',#4301,1.);
#4301 = DIRECTION('',(-1.7E-16,1.,0.));
#4302 = PCURVE('',#1767,#4303);
#4303 = DEFINITIONAL_REPRESENTATION('',(#4304),#4308);
#4304 = LINE('',#4305,#4306);
#4305 = CARTESIAN_POINT('',(0.,36.7));
#4306 = VECTOR('',#4307,1.);
#4307 = DIRECTION('',(1.,0.));
#4308 = ( GEOMETRIC_REPRESENTATION_CONTEXT(2) 
PARAMETRIC_REPRESENTATION_CONTEXT() REPRESENTATION_CONTEXT('2D SPACE',''
  ) );
#4309 = PCURVE('',#3665,#4310);
#4310 = DEFINITIONAL_REPRESENTATION('',(#4311),#4315);
#4311 = LINE('',#4312,#4313);
#4312 = CARTESIAN_POINT('',(10.,-20.1));
#4313 = VECTOR('',#4314,1.);
#4314 = DIRECTION('',(1.7E-16,1.));
#4315 = ( GEOMETRIC_REPRESENTATION_CONTEXT(2) 
PARAMETRIC_REPRESENTATION_CONTEXT() REPRESENTATION_CONTEXT('2D SPACE',''
  ) );
#4316 = ORIENTED_EDGE('',*,*,#4317,.F.);
#4317 = EDGE_CURVE('',#3537,#4295,#4318,.T.);
#4318 = SURFACE_CURVE('',#4319,(#4323,#4330),.PCURVE_S1.);
#4319 = LINE('',#4320,#4321);
#4320 = CARTESIAN_POINT('',(-10.,-30.7,0.));
#4321 = VECTOR('',#4322,1.);
#4322 = DIRECTION('',(0.,0.,-1.));
#4323 = PCURVE('',#1767,#4324);
#4324 = DEFINITIONAL_REPRESENTATION('',(#4325),#4329);
#4325 = LINE('',#4326,#4327);
#4326 = CARTESIAN_POINT('',(0.,0.));
#4327 = VECTOR('',#4328,1.);
#4328 = DIRECTION('',(0.,1.));
#4329 = ( GEOMETRIC_REPRESENTATION_CONTEXT(2) 
PARAMETRIC_REPRESENTATION_CONTEXT() REPRESENTATION_CONTEXT('2D SPACE',''
  ) );
#4330 = PCURVE('',#3575,#4331);
#4331 = DEFINITIONAL_REPRESENTATION('',(#4332),#4336);
#4332 = LINE('',#4333,#4334);
#4333 = CARTESIAN_POINT('',(20.,0.));
#4334 = VECTOR('',#4335,1.);
#4335 = DIRECTION('',(0.,1.));
#4336 = ( GEOMETRIC_REPRESENTATION_CONTEXT(2) 
PARAMETRIC_REPRESENTATION_CONTEXT() REPRESENTATION_CONTEXT('2D SPACE',''
  ) );
#4337 = ORIENTED_EDGE('',*,*,#3536,.F.);
#4338 = ORIENTED_EDGE('',*,*,#3377,.F.);
#4339 = ORIENTED_EDGE('',*,*,#1751,.T.);
#4340 = ORIENTED_EDGE('',*,*,#3824,.F.);
#4341 = ADVANCED_FACE('',(#4342),#3575,.T.);
#4342 = FACE_BOUND('',#4343,.T.);
#4343 = EDGE_LOOP('',(#4344,#4345,#4346,#4369));
#4344 = ORIENTED_EDGE('',*,*,#3559,.T.);
#4345 = ORIENTED_EDGE('',*,*,#4317,.T.);
#4346 = ORIENTED_EDGE('',*,*,#4347,.F.);
#4347 = EDGE_CURVE('',#4348,#4295,#4350,.T.);
#4348 = VERTEX_POINT('',#4349);
#4349 = CARTESIAN_POINT('',(10.,-30.7,-36.7));
#4350 = SURFACE_CURVE('',#4351,(#4355,#4362),.PCURVE_S1.);
#4351 = LINE('',#4352,#4353);
#4352 = CARTESIAN_POINT('',(10.,-30.7,-36.7));
#4353 = VECTOR('',#4354,1.);
#4354 = DIRECTION('',(-1.,0.,0.));
#4355 = PCURVE('',#3575,#4356);
#4356 = DEFINITIONAL_REPRESENTATION('',(#4357),#4361);
#4357 = LINE('',#4358,#4359);
#4358 = CARTESIAN_POINT('',(0.,36.7));
#4359 = VECTOR('',#4360,1.);
#4360 = DIRECTION('',(1.,0.));
#4361 = ( GEOMETRIC_REPRESENTATION_CONTEXT(2) 
PARAMETRIC_REPRESENTATION_CONTEXT() REPRESENTATION_CONTEXT('2D SPACE',''
  ) );
#4362 = PCURVE('',#3665,#4363);
#4363 = DEFINITIONAL_REPRESENTATION('',(#4364),#4368);
#4364 = LINE('',#4365,#4366);
#4365 = CARTESIAN_POINT('',(-10.,-20.1));
#4366 = VECTOR('',#4367,1.);
#4367 = DIRECTION('',(1.,0.));
#4368 = ( GEOMETRIC_REPRESENTATION_CONTEXT(2) 
PARAMETRIC_REPRESENTATION_CONTEXT() REPRESENTATION_CONTEXT('2D SPACE',''
  ) );
#4369 = ORIENTED_EDGE('',*,*,#4370,.F.);
#4370 = EDGE_CURVE('',#3560,#4348,#4371,.T.);
#4371 = SURFACE_CURVE('',#4372,(#4376,#4383),.PCURVE_S1.);
#4372 = LINE('',#4373,#4374);
#4373 = CARTESIAN_POINT('',(10.,-30.7,0.));
#4374 = VECTOR('',#4375,1.);
#4375 = DIRECTION('',(0.,0.,-1.));
#4376 = PCURVE('',#3575,#4377);
#4377 = DEFINITIONAL_REPRESENTATION('',(#4378),#4382);
#4378 = LINE('',#4379,#4380);
#4379 = CARTESIAN_POINT('',(0.,-0.));
#4380 = VECTOR('',#4381,1.);
#4381 = DIRECTION('',(0.,1.));
#4382 = ( GEOMETRIC_REPRESENTATION_CONTEXT(2) 
PARAMETRIC_REPRESENTATION_CONTEXT() REPRESENTATION_CONTEXT('2D SPACE',''
  ) );
#4383 = PCURVE('',#1711,#4384);
#4384 = DEFINITIONAL_REPRESENTATION('',(#4385),#4389);
#4385 = LINE('',#4386,#4387);
#4386 = CARTESIAN_POINT('',(40.2,0.));
#4387 = VECTOR('',#4388,1.);
#4388 = DIRECTION('',(-0.,1.));
#4389 = ( GEOMETRIC_REPRESENTATION_CONTEXT(2) 
PARAMETRIC_REPRESENTATION_CONTEXT() REPRESENTATION_CONTEXT('2D SPACE',''
  ) );
#4390 = ADVANCED_FACE('',(#4391),#1711,.T.);
#4391 = FACE_BOUND('',#4392,.T.);
#4392 = EDGE_LOOP('',(#4393,#4414,#4415,#4416,#4417,#4418,#4419,#4440,
    #4441,#4442,#4443,#4444));
#4393 = ORIENTED_EDGE('',*,*,#4394,.T.);
#4394 = EDGE_CURVE('',#3726,#3779,#4395,.T.);
#4395 = SURFACE_CURVE('',#4396,(#4400,#4407),.PCURVE_S1.);
#4396 = LINE('',#4397,#4398);
#4397 = CARTESIAN_POINT('',(10.,9.5,0.));
#4398 = VECTOR('',#4399,1.);
#4399 = DIRECTION('',(-1.7E-16,-1.,0.));
#4400 = PCURVE('',#1711,#4401);
#4401 = DEFINITIONAL_REPRESENTATION('',(#4402),#4406);
#4402 = LINE('',#4403,#4404);
#4403 = CARTESIAN_POINT('',(0.,0.));
#4404 = VECTOR('',#4405,1.);
#4405 = DIRECTION('',(1.,0.));
#4406 = ( GEOMETRIC_REPRESENTATION_CONTEXT(2) 
PARAMETRIC_REPRESENTATION_CONTEXT() REPRESENTATION_CONTEXT('2D SPACE',''
  ) );
#4407 = PCURVE('',#3741,#4408);
#4408 = DEFINITIONAL_REPRESENTATION('',(#4409),#4413);
#4409 = LINE('',#4410,#4411);
#4410 = CARTESIAN_POINT('',(10.,20.1));
#4411 = VECTOR('',#4412,1.);
#4412 = DIRECTION('',(-1.7E-16,-1.));
#4413 = ( GEOMETRIC_REPRESENTATION_CONTEXT(2) 
PARAMETRIC_REPRESENTATION_CONTEXT() REPRESENTATION_CONTEXT('2D SPACE',''
  ) );
#4414 = ORIENTED_EDGE('',*,*,#3778,.T.);
#4415 = ORIENTED_EDGE('',*,*,#1695,.T.);
#4416 = ORIENTED_EDGE('',*,*,#3509,.T.);
#4417 = ORIENTED_EDGE('',*,*,#3587,.F.);
#4418 = ORIENTED_EDGE('',*,*,#4370,.T.);
#4419 = ORIENTED_EDGE('',*,*,#4420,.F.);
#4420 = EDGE_CURVE('',#3627,#4348,#4421,.T.);
#4421 = SURFACE_CURVE('',#4422,(#4426,#4433),.PCURVE_S1.);
#4422 = LINE('',#4423,#4424);
#4423 = CARTESIAN_POINT('',(10.,9.5,-36.7));
#4424 = VECTOR('',#4425,1.);
#4425 = DIRECTION('',(-1.7E-16,-1.,0.));
#4426 = PCURVE('',#1711,#4427);
#4427 = DEFINITIONAL_REPRESENTATION('',(#4428),#4432);
#4428 = LINE('',#4429,#4430);
#4429 = CARTESIAN_POINT('',(-0.,36.7));
#4430 = VECTOR('',#4431,1.);
#4431 = DIRECTION('',(1.,0.));
#4432 = ( GEOMETRIC_REPRESENTATION_CONTEXT(2) 
PARAMETRIC_REPRESENTATION_CONTEXT() REPRESENTATION_CONTEXT('2D SPACE',''
  ) );
#4433 = PCURVE('',#3665,#4434);
#4434 = DEFINITIONAL_REPRESENTATION('',(#4435),#4439);
#4435 = LINE('',#4436,#4437);
#4436 = CARTESIAN_POINT('',(-10.,20.1));
#4437 = VECTOR('',#4438,1.);
#4438 = DIRECTION('',(1.7E-16,-1.));
#4439 = ( GEOMETRIC_REPRESENTATION_CONTEXT(2) 
PARAMETRIC_REPRESENTATION_CONTEXT() REPRESENTATION_CONTEXT('2D SPACE',''
  ) );
#4440 = ORIENTED_EDGE('',*,*,#3626,.F.);
#4441 = ORIENTED_EDGE('',*,*,#1971,.F.);
#4442 = ORIENTED_EDGE('',*,*,#3187,.F.);
#4443 = ORIENTED_EDGE('',*,*,#3348,.F.);
#4444 = ORIENTED_EDGE('',*,*,#3753,.F.);
#4445 = ADVANCED_FACE('',(#4446),#3665,.T.);
#4446 = FACE_BOUND('',#4447,.T.);
#4447 = EDGE_LOOP('',(#4448,#4449,#4450,#4451));
#4448 = ORIENTED_EDGE('',*,*,#3649,.T.);
#4449 = ORIENTED_EDGE('',*,*,#4420,.T.);
#4450 = ORIENTED_EDGE('',*,*,#4347,.T.);
#4451 = ORIENTED_EDGE('',*,*,#4294,.T.);
#4452 = ADVANCED_FACE('',(#4453,#4459),#3741,.T.);
#4453 = FACE_BOUND('',#4454,.T.);
#4454 = EDGE_LOOP('',(#4455,#4456,#4457,#4458));
#4455 = ORIENTED_EDGE('',*,*,#3936,.T.);
#4456 = ORIENTED_EDGE('',*,*,#4052,.T.);
#4457 = ORIENTED_EDGE('',*,*,#4128,.T.);
#4458 = ORIENTED_EDGE('',*,*,#4205,.T.);
#4459 = FACE_BOUND('',#4460,.T.);
#4460 = EDGE_LOOP('',(#4461,#4462,#4463,#4464));
#4461 = ORIENTED_EDGE('',*,*,#3725,.F.);
#4462 = ORIENTED_EDGE('',*,*,#4268,.F.);
#4463 = ORIENTED_EDGE('',*,*,#3801,.F.);
#4464 = ORIENTED_EDGE('',*,*,#4394,.F.);
#4465 = ( GEOMETRIC_REPRESENTATION_CONTEXT(3) 
GLOBAL_UNCERTAINTY_ASSIGNED_CONTEXT((#4469)) 
GLOBAL_UNIT_ASSIGNED_CONTEXT((#4466,#4467,#4468)) REPRESENTATION_CONTEXT
('Context #1','3D Context with UNIT and UNCERTAINTY') );
#4466 = ( LENGTH_UNIT() NAMED_UNIT(*) SI_UNIT(.MILLI.,.METRE.) );
#4467 = ( NAMED_UNIT(*) PLANE_ANGLE_UNIT() SI_UNIT($,.RADIAN.) );
#4468 = ( NAMED_UNIT(*) SI_UNIT($,.STERADIAN.) SOLID_ANGLE_UNIT() );
#4469 = UNCERTAINTY_MEASURE_WITH_UNIT(LENGTH_MEASURE(1.E-04),#4466,
  'distance_accuracy_value','confusion accuracy');
#4470 = PRODUCT_RELATED_PRODUCT_CATEGORY('part',$,(#7));
#4471 = MECHANICAL_DESIGN_GEOMETRIC_PRESENTATION_REPRESENTATION('',(
    #4472,#4483,#4491,#4499,#4506,#4514,#4522,#4530,#4537,#4544,#4552,
    #4559,#4566,#4573,#4580,#4587,#4594,#4601),#4465);
#4472 = STYLED_ITEM('color',(#4473),#15);
#4473 = PRESENTATION_STYLE_ASSIGNMENT((#4474,#4480));
#4474 = SURFACE_STYLE_USAGE(.BOTH.,#4475);
#4475 = SURFACE_SIDE_STYLE('',(#4476));
#4476 = SURFACE_STYLE_FILL_AREA(#4477);
#4477 = FILL_AREA_STYLE('',(#4478));
#4478 = FILL_AREA_STYLE_COLOUR('',#4479);
#4479 = COLOUR_RGB('',0.250980406631,0.250980406631,0.250980406631);
#4480 = CURVE_STYLE('',#4481,POSITIVE_LENGTH_MEASURE(0.1),#4482);
#4481 = DRAUGHTING_PRE_DEFINED_CURVE_FONT('continuous');
#4482 = COLOUR_RGB('',9.803921802644E-02,9.803921802644E-02,
  9.803921802644E-02);
#4483 = OVER_RIDING_STYLED_ITEM('overriding color',(#4484),#331,#4472);
#4484 = PRESENTATION_STYLE_ASSIGNMENT((#4485));
#4485 = SURFACE_STYLE_USAGE(.BOTH.,#4486);
#4486 = SURFACE_SIDE_STYLE('',(#4487));
#4487 = SURFACE_STYLE_FILL_AREA(#4488);
#4488 = FILL_AREA_STYLE('',(#4489));
#4489 = FILL_AREA_STYLE_COLOUR('',#4490);
#4490 = COLOUR_RGB('',0.800000010877,0.,0.);
#4491 = OVER_RIDING_STYLED_ITEM('overriding color',(#4492),#338,#4472);
#4492 = PRESENTATION_STYLE_ASSIGNMENT((#4493));
#4493 = SURFACE_STYLE_USAGE(.BOTH.,#4494);
#4494 = SURFACE_SIDE_STYLE('',(#4495));
#4495 = SURFACE_STYLE_FILL_AREA(#4496);
#4496 = FILL_AREA_STYLE('',(#4497));
#4497 = FILL_AREA_STYLE_COLOUR('',#4498);
#4498 = COLOUR_RGB('',0.956862747054,0.956862747054,0.956862747054);
#4499 = OVER_RIDING_STYLED_ITEM('overriding color',(#4500),#429,#4472);
#4500 = PRESENTATION_STYLE_ASSIGNMENT((#4501));
#4501 = SURFACE_STYLE_USAGE(.BOTH.,#4502);
#4502 = SURFACE_SIDE_STYLE('',(#4503));
#4503 = SURFACE_STYLE_FILL_AREA(#4504);
#4504 = FILL_AREA_STYLE('',(#4505));
#4505 = FILL_AREA_STYLE_COLOUR('',#4498);
#4506 = OVER_RIDING_STYLED_ITEM('overriding color',(#4507),#2220,#4472);
#4507 = PRESENTATION_STYLE_ASSIGNMENT((#4508));
#4508 = SURFACE_STYLE_USAGE(.BOTH.,#4509);
#4509 = SURFACE_SIDE_STYLE('',(#4510));
#4510 = SURFACE_STYLE_FILL_AREA(#4511);
#4511 = FILL_AREA_STYLE('',(#4512));
#4512 = FILL_AREA_STYLE_COLOUR('',#4513);
#4513 = DRAUGHTING_PRE_DEFINED_COLOUR('black');
#4514 = OVER_RIDING_STYLED_ITEM('overriding color',(#4515),#2716,#4472);
#4515 = PRESENTATION_STYLE_ASSIGNMENT((#4516));
#4516 = SURFACE_STYLE_USAGE(.BOTH.,#4517);
#4517 = SURFACE_SIDE_STYLE('',(#4518));
#4518 = SURFACE_STYLE_FILL_AREA(#4519);
#4519 = FILL_AREA_STYLE('',(#4520));
#4520 = FILL_AREA_STYLE_COLOUR('',#4521);
#4521 = COLOUR_RGB('',0.698039232327,0.,0.);
#4522 = OVER_RIDING_STYLED_ITEM('overriding color',(#4523),#3002,#4472);
#4523 = PRESENTATION_STYLE_ASSIGNMENT((#4524));
#4524 = SURFACE_STYLE_USAGE(.BOTH.,#4525);
#4525 = SURFACE_SIDE_STYLE('',(#4526));
#4526 = SURFACE_STYLE_FILL_AREA(#4527);
#4527 = FILL_AREA_STYLE('',(#4528));
#4528 = FILL_AREA_STYLE_COLOUR('',#4529);
#4529 = COLOUR_RGB('',0.780392170416,0.560784336289,0.109803919806);
#4530 = OVER_RIDING_STYLED_ITEM('overriding color',(#4531),#3104,#4472);
#4531 = PRESENTATION_STYLE_ASSIGNMENT((#4532));
#4532 = SURFACE_STYLE_USAGE(.BOTH.,#4533);
#4533 = SURFACE_SIDE_STYLE('',(#4534));
#4534 = SURFACE_STYLE_FILL_AREA(#4535);
#4535 = FILL_AREA_STYLE('',(#4536));
#4536 = FILL_AREA_STYLE_COLOUR('',#4521);
#4537 = OVER_RIDING_STYLED_ITEM('overriding color',(#4538),#3152,#4472);
#4538 = PRESENTATION_STYLE_ASSIGNMENT((#4539));
#4539 = SURFACE_STYLE_USAGE(.BOTH.,#4540);
#4540 = SURFACE_SIDE_STYLE('',(#4541));
#4541 = SURFACE_STYLE_FILL_AREA(#4542);
#4542 = FILL_AREA_STYLE('',(#4543));
#4543 = FILL_AREA_STYLE_COLOUR('',#4521);
#4544 = OVER_RIDING_STYLED_ITEM('overriding color',(#4545),#3615,#4472);
#4545 = PRESENTATION_STYLE_ASSIGNMENT((#4546));
#4546 = SURFACE_STYLE_USAGE(.BOTH.,#4547);
#4547 = SURFACE_SIDE_STYLE('',(#4548));
#4548 = SURFACE_STYLE_FILL_AREA(#4549);
#4549 = FILL_AREA_STYLE('',(#4550));
#4550 = FILL_AREA_STYLE_COLOUR('',#4551);
#4551 = COLOUR_RGB('',0.450980401079,0.278431382231,3.921568724327E-02);
#4552 = OVER_RIDING_STYLED_ITEM('overriding color',(#4553),#3697,#4472);
#4553 = PRESENTATION_STYLE_ASSIGNMENT((#4554));
#4554 = SURFACE_STYLE_USAGE(.BOTH.,#4555);
#4555 = SURFACE_SIDE_STYLE('',(#4556));
#4556 = SURFACE_STYLE_FILL_AREA(#4557);
#4557 = FILL_AREA_STYLE('',(#4558));
#4558 = FILL_AREA_STYLE_COLOUR('',#4551);
#4559 = OVER_RIDING_STYLED_ITEM('overriding color',(#4560),#3773,#4472);
#4560 = PRESENTATION_STYLE_ASSIGNMENT((#4561));
#4561 = SURFACE_STYLE_USAGE(.BOTH.,#4562);
#4562 = SURFACE_SIDE_STYLE('',(#4563));
#4563 = SURFACE_STYLE_FILL_AREA(#4564);
#4564 = FILL_AREA_STYLE('',(#4565));
#4565 = FILL_AREA_STYLE_COLOUR('',#4551);
#4566 = OVER_RIDING_STYLED_ITEM('overriding color',(#4567),#4248,#4472);
#4567 = PRESENTATION_STYLE_ASSIGNMENT((#4568));
#4568 = SURFACE_STYLE_USAGE(.BOTH.,#4569);
#4569 = SURFACE_SIDE_STYLE('',(#4570));
#4570 = SURFACE_STYLE_FILL_AREA(#4571);
#4571 = FILL_AREA_STYLE('',(#4572));
#4572 = FILL_AREA_STYLE_COLOUR('',#4551);
#4573 = OVER_RIDING_STYLED_ITEM('overriding color',(#4574),#4264,#4472);
#4574 = PRESENTATION_STYLE_ASSIGNMENT((#4575));
#4575 = SURFACE_STYLE_USAGE(.BOTH.,#4576);
#4576 = SURFACE_SIDE_STYLE('',(#4577));
#4577 = SURFACE_STYLE_FILL_AREA(#4578);
#4578 = FILL_AREA_STYLE('',(#4579));
#4579 = FILL_AREA_STYLE_COLOUR('',#4551);
#4580 = OVER_RIDING_STYLED_ITEM('overriding color',(#4581),#4341,#4472);
#4581 = PRESENTATION_STYLE_ASSIGNMENT((#4582));
#4582 = SURFACE_STYLE_USAGE(.BOTH.,#4583);
#4583 = SURFACE_SIDE_STYLE('',(#4584));
#4584 = SURFACE_STYLE_FILL_AREA(#4585);
#4585 = FILL_AREA_STYLE('',(#4586));
#4586 = FILL_AREA_STYLE_COLOUR('',#4551);
#4587 = OVER_RIDING_STYLED_ITEM('overriding color',(#4588),#4390,#4472);
#4588 = PRESENTATION_STYLE_ASSIGNMENT((#4589));
#4589 = SURFACE_STYLE_USAGE(.BOTH.,#4590);
#4590 = SURFACE_SIDE_STYLE('',(#4591));
#4591 = SURFACE_STYLE_FILL_AREA(#4592);
#4592 = FILL_AREA_STYLE('',(#4593));
#4593 = FILL_AREA_STYLE_COLOUR('',#4551);
#4594 = OVER_RIDING_STYLED_ITEM('overriding color',(#4595),#4445,#4472);
#4595 = PRESENTATION_STYLE_ASSIGNMENT((#4596));
#4596 = SURFACE_STYLE_USAGE(.BOTH.,#4597);
#4597 = SURFACE_SIDE_STYLE('',(#4598));
#4598 = SURFACE_STYLE_FILL_AREA(#4599);
#4599 = FILL_AREA_STYLE('',(#4600));
#4600 = FILL_AREA_STYLE_COLOUR('',#4551);
#4601 = OVER_RIDING_STYLED_ITEM('overriding color',(#4602),#4452,#4472);
#4602 = PRESENTATION_STYLE_ASSIGNMENT((#4603));
#4603 = SURFACE_STYLE_USAGE(.BOTH.,#4604);
#4604 = SURFACE_SIDE_STYLE('',(#4605));
#4605 = SURFACE_STYLE_FILL_AREA(#4606);
#4606 = FILL_AREA_STYLE('',(#4607));
#4607 = FILL_AREA_STYLE_COLOUR('',#4551);
ENDSEC;
END-ISO-10303-21;
