ISO-10303-21;
HEADER;
FILE_DESCRIPTION(('FreeCAD Model'),'2;1');
FILE_NAME('Open CASCADE Shape Model','2026-05-25T15:16:06',('Author'),(
    ''),'Open CASCADE STEP processor 7.8','FreeCAD','Unknown');
FILE_SCHEMA(('AUTOMOTIVE_DESIGN { 1 0 10303 214 1 1 1 1 }'));
ENDSEC;
DATA;
#1 = APPLICATION_PROTOCOL_DEFINITION('international standard',
  'automotive_design',2000,#2);
#2 = APPLICATION_CONTEXT(
  'core data for automotive mechanical design processes');
#3 = SHAPE_DEFINITION_REPRESENTATION(#4,#10);
#4 = PRODUCT_DEFINITION_SHAPE('','',#5);
#5 = PRODUCT_DEFINITION('design','',#6,#9);
#6 = PRODUCT_DEFINITION_FORMATION('','',#7);
#7 = PRODUCT('sockelplatte','sockelplatte','',(#8));
#8 = PRODUCT_CONTEXT('',#2,'mechanical');
#9 = PRODUCT_DEFINITION_CONTEXT('part definition',#2,'design');
#10 = ADVANCED_BREP_SHAPE_REPRESENTATION('',(#11,#15),#4422);
#11 = AXIS2_PLACEMENT_3D('',#12,#13,#14);
#12 = CARTESIAN_POINT('',(0.,0.,0.));
#13 = DIRECTION('',(0.,0.,1.));
#14 = DIRECTION('',(1.,0.,-0.));
#15 = MANIFOLD_SOLID_BREP('',#16);
#16 = CLOSED_SHELL('',(#17,#128,#1114,#1168,#1425,#1677,#1929,#1957,
    #1985,#2082,#2248,#2414,#2511,#2625,#2920,#2925,#2989,#3019,#3024,
    #3029,#3034,#3098,#3128,#3188,#3242,#3302,#3356,#3416,#3465,#3525,
    #3574,#3679,#3750,#3833,#3938,#4009,#4092,#4166,#4215,#4267,#4295,
    #4322,#4373,#4400,#4408));
#17 = ADVANCED_FACE('',(#18),#31,.F.);
#18 = FACE_BOUND('',#19,.F.);
#19 = EDGE_LOOP('',(#20,#54,#76,#105,#127));
#20 = ORIENTED_EDGE('',*,*,#21,.F.);
#21 = EDGE_CURVE('',#22,#22,#24,.T.);
#22 = VERTEX_POINT('',#23);
#23 = CARTESIAN_POINT('',(20.5,-3.E-15,3.));
#24 = SURFACE_CURVE('',#25,(#30,#42),.PCURVE_S1.);
#25 = CIRCLE('',#26,20.5);
#26 = AXIS2_PLACEMENT_3D('',#27,#28,#29);
#27 = CARTESIAN_POINT('',(0.,0.,3.));
#28 = DIRECTION('',(0.,0.,-1.));
#29 = DIRECTION('',(-1.,0.,0.));
#30 = PCURVE('',#31,#36);
#31 = CONICAL_SURFACE('',#32,20.882683432365,0.19634954085);
#32 = AXIS2_PLACEMENT_3D('',#33,#34,#35);
#33 = CARTESIAN_POINT('',(0.,1.32E-15,4.923879532511));
#34 = DIRECTION('',(0.,6.9E-16,1.));
#35 = DIRECTION('',(-1.,-3.E-17,2.07E-32));
#36 = DEFINITIONAL_REPRESENTATION('',(#37),#41);
#37 = LINE('',#38,#39);
#38 = CARTESIAN_POINT('',(12.566370614359,-1.923879532511));
#39 = VECTOR('',#40,1.);
#40 = DIRECTION('',(-1.,0.));
#41 = ( GEOMETRIC_REPRESENTATION_CONTEXT(2) 
PARAMETRIC_REPRESENTATION_CONTEXT() REPRESENTATION_CONTEXT('2D SPACE',''
  ) );
#42 = PCURVE('',#43,#48);
#43 = CYLINDRICAL_SURFACE('',#44,20.5);
#44 = AXIS2_PLACEMENT_3D('',#45,#46,#47);
#45 = CARTESIAN_POINT('',(0.,0.,0.));
#46 = DIRECTION('',(0.,0.,1.));
#47 = DIRECTION('',(-1.,0.,0.));
#48 = DEFINITIONAL_REPRESENTATION('',(#49),#53);
#49 = LINE('',#50,#51);
#50 = CARTESIAN_POINT('',(12.566370614359,3.));
#51 = VECTOR('',#52,1.);
#52 = DIRECTION('',(-1.,0.));
#53 = ( GEOMETRIC_REPRESENTATION_CONTEXT(2) 
PARAMETRIC_REPRESENTATION_CONTEXT() REPRESENTATION_CONTEXT('2D SPACE',''
  ) );
#54 = ORIENTED_EDGE('',*,*,#55,.T.);
#55 = EDGE_CURVE('',#22,#56,#58,.T.);
#56 = VERTEX_POINT('',#57);
#57 = CARTESIAN_POINT('',(21.26536686473,7.E-15,6.847759065023));
#58 = SEAM_CURVE('',#59,(#62,#69),.PCURVE_S1.);
#59 = B_SPLINE_CURVE_WITH_KNOTS('',1,(#60,#61),.UNSPECIFIED.,.F.,.F.,(2,
    2),(-1.961570560806,1.961570560806),.PIECEWISE_BEZIER_KNOTS.);
#60 = CARTESIAN_POINT('',(20.499999999999,-1.84E-15,3.));
#61 = CARTESIAN_POINT('',(21.265366864731,7.3E-16,6.847759065022));
#62 = PCURVE('',#31,#63);
#63 = DEFINITIONAL_REPRESENTATION('',(#64),#68);
#64 = LINE('',#65,#66);
#65 = CARTESIAN_POINT('',(9.424777960769,0.));
#66 = VECTOR('',#67,1.);
#67 = DIRECTION('',(0.,1.));
#68 = ( GEOMETRIC_REPRESENTATION_CONTEXT(2) 
PARAMETRIC_REPRESENTATION_CONTEXT() REPRESENTATION_CONTEXT('2D SPACE',''
  ) );
#69 = PCURVE('',#31,#70);
#70 = DEFINITIONAL_REPRESENTATION('',(#71),#75);
#71 = LINE('',#72,#73);
#72 = CARTESIAN_POINT('',(3.14159265359,0.));
#73 = VECTOR('',#74,1.);
#74 = DIRECTION('',(0.,1.));
#75 = ( GEOMETRIC_REPRESENTATION_CONTEXT(2) 
PARAMETRIC_REPRESENTATION_CONTEXT() REPRESENTATION_CONTEXT('2D SPACE',''
  ) );
#76 = ORIENTED_EDGE('',*,*,#77,.F.);
#77 = EDGE_CURVE('',#78,#56,#80,.T.);
#78 = VERTEX_POINT('',#79);
#79 = CARTESIAN_POINT('',(-21.25781274887,-0.566767170372,6.847759065022
    ));
#80 = SURFACE_CURVE('',#81,(#86,#93),.PCURVE_S1.);
#81 = CIRCLE('',#82,21.26536686473);
#82 = AXIS2_PLACEMENT_3D('',#83,#84,#85);
#83 = CARTESIAN_POINT('',(0.,2.64E-15,6.847759065023));
#84 = DIRECTION('',(0.,-1.6E-16,1.));
#85 = DIRECTION('',(-1.,-6.E-17,-9.6E-33));
#86 = PCURVE('',#31,#87);
#87 = DEFINITIONAL_REPRESENTATION('',(#88),#92);
#88 = LINE('',#89,#90);
#89 = CARTESIAN_POINT('',(6.28318530718,1.923879532511));
#90 = VECTOR('',#91,1.);
#91 = DIRECTION('',(1.,0.));
#92 = ( GEOMETRIC_REPRESENTATION_CONTEXT(2) 
PARAMETRIC_REPRESENTATION_CONTEXT() REPRESENTATION_CONTEXT('2D SPACE',''
  ) );
#93 = PCURVE('',#94,#99);
#94 = CONICAL_SURFACE('',#95,21.207106781187,0.3926990817);
#95 = AXIS2_PLACEMENT_3D('',#96,#97,#98);
#96 = CARTESIAN_POINT('',(0.,6.7E-16,6.707106781187));
#97 = DIRECTION('',(0.,3.9E-16,1.));
#98 = DIRECTION('',(-1.,-3.E-17,1.17E-32));
#99 = DEFINITIONAL_REPRESENTATION('',(#100),#104);
#100 = LINE('',#101,#102);
#101 = CARTESIAN_POINT('',(0.,0.140652283836));
#102 = VECTOR('',#103,1.);
#103 = DIRECTION('',(1.,0.));
#104 = ( GEOMETRIC_REPRESENTATION_CONTEXT(2) 
PARAMETRIC_REPRESENTATION_CONTEXT() REPRESENTATION_CONTEXT('2D SPACE',''
  ) );
#105 = ORIENTED_EDGE('',*,*,#106,.F.);
#106 = EDGE_CURVE('',#56,#78,#107,.T.);
#107 = SURFACE_CURVE('',#108,(#113,#120),.PCURVE_S1.);
#108 = CIRCLE('',#109,21.26536686473);
#109 = AXIS2_PLACEMENT_3D('',#110,#111,#112);
#110 = CARTESIAN_POINT('',(0.,2.64E-15,6.847759065023));
#111 = DIRECTION('',(0.,-1.6E-16,1.));
#112 = DIRECTION('',(-1.,-6.E-17,-9.6E-33));
#113 = PCURVE('',#31,#114);
#114 = DEFINITIONAL_REPRESENTATION('',(#115),#119);
#115 = LINE('',#116,#117);
#116 = CARTESIAN_POINT('',(0.,1.923879532511));
#117 = VECTOR('',#118,1.);
#118 = DIRECTION('',(1.,0.));
#119 = ( GEOMETRIC_REPRESENTATION_CONTEXT(2) 
PARAMETRIC_REPRESENTATION_CONTEXT() REPRESENTATION_CONTEXT('2D SPACE',''
  ) );
#120 = PCURVE('',#94,#121);
#121 = DEFINITIONAL_REPRESENTATION('',(#122),#126);
#122 = LINE('',#123,#124);
#123 = CARTESIAN_POINT('',(0.,0.140652283836));
#124 = VECTOR('',#125,1.);
#125 = DIRECTION('',(1.,0.));
#126 = ( GEOMETRIC_REPRESENTATION_CONTEXT(2) 
PARAMETRIC_REPRESENTATION_CONTEXT() REPRESENTATION_CONTEXT('2D SPACE',''
  ) );
#127 = ORIENTED_EDGE('',*,*,#55,.F.);
#128 = ADVANCED_FACE('',(#129),#94,.F.);
#129 = FACE_BOUND('',#130,.F.);
#130 = EDGE_LOOP('',(#131,#162,#293,#322,#453,#482,#613,#633,#634,#635,
    #636,#665,#796,#825,#956,#985));
#131 = ORIENTED_EDGE('',*,*,#132,.F.);
#132 = EDGE_CURVE('',#133,#135,#137,.T.);
#133 = VERTEX_POINT('',#134);
#134 = CARTESIAN_POINT('',(12.903544248832,-17.71246176851,
    8.414213563533));
#135 = VERTEX_POINT('',#136);
#136 = CARTESIAN_POINT('',(21.791213979512,-2.318566234087,
    8.414213563533));
#137 = SURFACE_CURVE('',#138,(#143,#150),.PCURVE_S1.);
#138 = CIRCLE('',#139,21.914213562373);
#139 = AXIS2_PLACEMENT_3D('',#140,#141,#142);
#140 = CARTESIAN_POINT('',(0.,1.34E-15,8.414213562373));
#141 = DIRECTION('',(0.,0.,1.));
#142 = DIRECTION('',(-1.,-6.E-17,0.));
#143 = PCURVE('',#94,#144);
#144 = DEFINITIONAL_REPRESENTATION('',(#145),#149);
#145 = LINE('',#146,#147);
#146 = CARTESIAN_POINT('',(0.,1.707106781186));
#147 = VECTOR('',#148,1.);
#148 = DIRECTION('',(1.,5.404695265188E-15));
#149 = ( GEOMETRIC_REPRESENTATION_CONTEXT(2) 
PARAMETRIC_REPRESENTATION_CONTEXT() REPRESENTATION_CONTEXT('2D SPACE',''
  ) );
#150 = PCURVE('',#151,#156);
#151 = CONICAL_SURFACE('',#152,21.5,0.7853981634);
#152 = AXIS2_PLACEMENT_3D('',#153,#154,#155);
#153 = CARTESIAN_POINT('',(0.,0.,8.));
#154 = DIRECTION('',(0.,0.,1.));
#155 = DIRECTION('',(-1.,0.,0.));
#156 = DEFINITIONAL_REPRESENTATION('',(#157),#161);
#157 = LINE('',#158,#159);
#158 = CARTESIAN_POINT('',(0.,0.414213562372));
#159 = VECTOR('',#160,1.);
#160 = DIRECTION('',(1.,0.));
#161 = ( GEOMETRIC_REPRESENTATION_CONTEXT(2) 
PARAMETRIC_REPRESENTATION_CONTEXT() REPRESENTATION_CONTEXT('2D SPACE',''
  ) );
#162 = ORIENTED_EDGE('',*,*,#163,.T.);
#163 = EDGE_CURVE('',#133,#164,#166,.T.);
#164 = VERTEX_POINT('',#165);
#165 = CARTESIAN_POINT('',(11.459025545715,-18.67949382679,
    8.414213563533));
#166 = SURFACE_CURVE('',#167,(#186,#237),.PCURVE_S1.);
#167 = B_SPLINE_CURVE_WITH_KNOTS('',3,(#168,#169,#170,#171,#172,#173,
    #174,#175,#176,#177,#178,#179,#180,#181,#182,#183,#184,#185),
  .UNSPECIFIED.,.F.,.F.,(4,2,2,2,2,2,2,2,4),(0.842836005718,
    0.901273358379,0.953484134853,0.968290050152,0.983095965451,
    0.99790188075,1.012707796049,1.064918572522,1.123355925183),
  .UNSPECIFIED.);
#168 = CARTESIAN_POINT('',(12.903544248423,-17.71246176877,
    8.414213563705));
#169 = CARTESIAN_POINT('',(12.810878254818,-17.68712065571,
    8.233036583693));
#170 = CARTESIAN_POINT('',(12.710223551756,-17.67139769215,
    8.059763368318));
#171 = CARTESIAN_POINT('',(12.495385473241,-17.67203953076,
    7.759967411659));
#172 = CARTESIAN_POINT('',(12.359874041641,-17.68759695487,
    7.601821715098));
#173 = CARTESIAN_POINT('',(12.182104266652,-17.74961675704,
    7.481596575019));
#174 = CARTESIAN_POINT('',(12.137518659579,-17.76770920893,
    7.456774196767));
#175 = CARTESIAN_POINT('',(12.047211044757,-17.81215679083,
    7.422956758295));
#176 = CARTESIAN_POINT('',(12.00146176918,-17.83864768211,7.414213562373
    ));
#177 = CARTESIAN_POINT('',(11.91943882203,-17.893557888,7.414213562373)
  );
#178 = CARTESIAN_POINT('',(11.877513420795,-17.92576074918,
    7.422956758296));
#179 = CARTESIAN_POINT('',(11.802006733024,-17.9923174388,7.456774196767
    ));
#180 = CARTESIAN_POINT('',(11.7682895377,-18.02664474445,7.481596575019)
  );
#181 = CARTESIAN_POINT('',(11.643208070179,-18.16736849953,
    7.601821715098));
#182 = CARTESIAN_POINT('',(11.577186386674,-18.28672728155,
    7.759967411659));
#183 = CARTESIAN_POINT('',(11.494726649922,-18.48511126213,
    8.059763368318));
#184 = CARTESIAN_POINT('',(11.470907776464,-18.5841629764,8.233036583693
    ));
#185 = CARTESIAN_POINT('',(11.459025546114,-18.67949382651,
    8.414213563705));
#186 = PCURVE('',#94,#187);
#187 = DEFINITIONAL_REPRESENTATION('',(#188),#236);
#188 = B_SPLINE_CURVE_WITH_KNOTS('',3,(#189,#190,#191,#192,#193,#194,
    #195,#196,#197,#198,#199,#200,#201,#202,#203,#204,#205,#206,#207,
    #208,#209,#210,#211,#212,#213,#214,#215,#216,#217,#218,#219,#220,
    #221,#222,#223,#224,#225,#226,#227,#228,#229,#230,#231,#232,#233,
    #234,#235),.UNSPECIFIED.,.F.,.F.,(4,1,1,1,1,1,1,1,1,1,1,1,1,1,1,1,1,
    1,1,1,1,1,1,1,1,1,1,1,1,1,1,1,1,1,1,1,1,1,1,1,1,1,1,1,4),(
    0.842836005718,0.849211458433,0.855586911149,0.861962363864,
    0.868337816579,0.874713269294,0.881088722009,0.887464174724,
    0.893839627439,0.900215080154,0.906590532869,0.912965985584,
    0.9193414383,0.925716891015,0.93209234373,0.938467796445,
    0.94484324916,0.951218701875,0.95759415459,0.963969607305,
    0.97034506002,0.976720512735,0.983095965451,0.989471418166,
    0.995846870881,1.002222323596,1.008597776311,1.014973229026,
    1.021348681741,1.027724134456,1.034099587171,1.040475039886,
    1.046850492602,1.053225945317,1.059601398032,1.065976850747,
    1.072352303462,1.078727756177,1.085103208892,1.091478661607,
    1.097854114322,1.104229567037,1.110605019753,1.116980472468,
    1.123355925183),.QUASI_UNIFORM_KNOTS.);
#189 = CARTESIAN_POINT('',(2.200395432002,1.707106782518));
#190 = CARTESIAN_POINT('',(2.200096837807,1.687340578207));
#191 = CARTESIAN_POINT('',(2.199485815884,1.647996640654));
#192 = CARTESIAN_POINT('',(2.198524926073,1.589600481037));
#193 = CARTESIAN_POINT('',(2.19751682884,1.531878464549));
#194 = CARTESIAN_POINT('',(2.196458653265,1.474884767431));
#195 = CARTESIAN_POINT('',(2.195347572321,1.418675191398));
#196 = CARTESIAN_POINT('',(2.194180577041,1.3633001264));
#197 = CARTESIAN_POINT('',(2.19295532119,1.308830919786));
#198 = CARTESIAN_POINT('',(2.191666974541,1.255261506308));
#199 = CARTESIAN_POINT('',(2.19031997172,1.202875591892));
#200 = CARTESIAN_POINT('',(2.188884170695,1.150876364983));
#201 = CARTESIAN_POINT('',(2.187284607077,1.097638505638));
#202 = CARTESIAN_POINT('',(2.185548572908,1.044664114893));
#203 = CARTESIAN_POINT('',(2.183678080548,0.992675677411));
#204 = CARTESIAN_POINT('',(2.181682020141,0.942602585432));
#205 = CARTESIAN_POINT('',(2.179568041808,0.895326084502));
#206 = CARTESIAN_POINT('',(2.17734299237,0.851712480802));
#207 = CARTESIAN_POINT('',(2.175019393372,0.812734894755));
#208 = CARTESIAN_POINT('',(2.172589182541,0.778952583516));
#209 = CARTESIAN_POINT('',(2.169811025018,0.748245611813));
#210 = CARTESIAN_POINT('',(2.166838116327,0.724636865912));
#211 = CARTESIAN_POINT('',(2.163738731869,0.710354812028));
#212 = CARTESIAN_POINT('',(2.160722906795,0.705482765765));
#213 = CARTESIAN_POINT('',(2.157707081721,0.710354812028));
#214 = CARTESIAN_POINT('',(2.154607697263,0.724636865912));
#215 = CARTESIAN_POINT('',(2.151634788572,0.748245611813));
#216 = CARTESIAN_POINT('',(2.14885663105,0.778952583516));
#217 = CARTESIAN_POINT('',(2.146426420219,0.812734894755));
#218 = CARTESIAN_POINT('',(2.144102821221,0.851712480802));
#219 = CARTESIAN_POINT('',(2.141877771782,0.895326084502));
#220 = CARTESIAN_POINT('',(2.13976379345,0.942602585433));
#221 = CARTESIAN_POINT('',(2.137767733043,0.992675677411));
#222 = CARTESIAN_POINT('',(2.135897240683,1.044664114893));
#223 = CARTESIAN_POINT('',(2.134161206513,1.097638505639));
#224 = CARTESIAN_POINT('',(2.132561642895,1.150876364983));
#225 = CARTESIAN_POINT('',(2.13112584187,1.202875591892));
#226 = CARTESIAN_POINT('',(2.12977883905,1.255261506308));
#227 = CARTESIAN_POINT('',(2.1284904924,1.308830919786));
#228 = CARTESIAN_POINT('',(2.127265236549,1.3633001264));
#229 = CARTESIAN_POINT('',(2.12609824127,1.418675191398));
#230 = CARTESIAN_POINT('',(2.124987160326,1.474884767431));
#231 = CARTESIAN_POINT('',(2.12392898475,1.531878464549));
#232 = CARTESIAN_POINT('',(2.122920887518,1.589600481038));
#233 = CARTESIAN_POINT('',(2.121959997707,1.647996640654));
#234 = CARTESIAN_POINT('',(2.121348975784,1.687340578207));
#235 = CARTESIAN_POINT('',(2.121050381589,1.707106782518));
#236 = ( GEOMETRIC_REPRESENTATION_CONTEXT(2) 
PARAMETRIC_REPRESENTATION_CONTEXT() REPRESENTATION_CONTEXT('2D SPACE',''
  ) );
#237 = PCURVE('',#238,#243);
#238 = CYLINDRICAL_SURFACE('',#239,1.15);
#239 = AXIS2_PLACEMENT_3D('',#240,#241,#242);
#240 = CARTESIAN_POINT('',(12.600195311416,-18.82173153868,9.));
#241 = DIRECTION('',(0.,0.,1.));
#242 = DIRECTION('',(-1.,0.,0.));
#243 = DEFINITIONAL_REPRESENTATION('',(#244),#292);
#244 = B_SPLINE_CURVE_WITH_KNOTS('',3,(#245,#246,#247,#248,#249,#250,
    #251,#252,#253,#254,#255,#256,#257,#258,#259,#260,#261,#262,#263,
    #264,#265,#266,#267,#268,#269,#270,#271,#272,#273,#274,#275,#276,
    #277,#278,#279,#280,#281,#282,#283,#284,#285,#286,#287,#288,#289,
    #290,#291),.UNSPECIFIED.,.F.,.F.,(4,1,1,1,1,1,1,1,1,1,1,1,1,1,1,1,1,
    1,1,1,1,1,1,1,1,1,1,1,1,1,1,1,1,1,1,1,1,1,1,1,1,1,1,1,4),(
    0.842836005718,0.849211458433,0.855586911149,0.861962363864,
    0.868337816579,0.874713269294,0.881088722009,0.887464174724,
    0.893839627439,0.900215080154,0.906590532869,0.912965985584,
    0.9193414383,0.925716891015,0.93209234373,0.938467796445,
    0.94484324916,0.951218701875,0.95759415459,0.963969607305,
    0.97034506002,0.976720512735,0.983095965451,0.989471418166,
    0.995846870881,1.002222323596,1.008597776311,1.014973229026,
    1.021348681741,1.027724134456,1.034099587171,1.040475039886,
    1.046850492602,1.053225945317,1.059601398032,1.065976850747,
    1.072352303462,1.078727756177,1.085103208892,1.091478661607,
    1.097854114322,1.104229567037,1.110605019753,1.116980472468,
    1.123355925183),.QUASI_UNIFORM_KNOTS.);
#245 = CARTESIAN_POINT('',(10.728633633615,-0.585786436295));
#246 = CARTESIAN_POINT('',(10.737747839231,-0.605552651165));
#247 = CARTESIAN_POINT('',(10.756082030692,-0.644896927385));
#248 = CARTESIAN_POINT('',(10.783943954356,-0.703294088645));
#249 = CARTESIAN_POINT('',(10.812208283852,-0.761017089512));
#250 = CARTESIAN_POINT('',(10.840922131024,-0.818011424508));
#251 = CARTESIAN_POINT('',(10.870134585218,-0.874221095589));
#252 = CARTESIAN_POINT('',(10.899901855756,-0.929595673126));
#253 = CARTESIAN_POINT('',(10.930268359681,-0.984063946403));
#254 = CARTESIAN_POINT('',(10.96133518807,-1.037632260631));
#255 = CARTESIAN_POINT('',(10.993002689104,-1.090017518407));
#256 = CARTESIAN_POINT('',(11.025928674373,-1.142016836849));
#257 = CARTESIAN_POINT('',(11.061653111901,-1.195254240037));
#258 = CARTESIAN_POINT('',(11.09950048135,-1.248228116297));
#259 = CARTESIAN_POINT('',(11.139358031728,-1.300216126051));
#260 = CARTESIAN_POINT('',(11.180978566195,-1.350289103373));
#261 = CARTESIAN_POINT('',(11.224161981767,-1.397565915622));
#262 = CARTESIAN_POINT('',(11.268747024237,-1.441180123377));
#263 = CARTESIAN_POINT('',(11.314487075247,-1.480158481039));
#264 = CARTESIAN_POINT('',(11.361581794862,-1.51394027451));
#265 = CARTESIAN_POINT('',(11.414725047888,-1.544647161174));
#266 = CARTESIAN_POINT('',(11.47095468109,-1.56825654665));
#267 = CARTESIAN_POINT('',(11.52911588357,-1.582536729406));
#268 = CARTESIAN_POINT('',(11.585500867565,-1.587411291737));
#269 = CARTESIAN_POINT('',(11.64188585156,-1.582536729406));
#270 = CARTESIAN_POINT('',(11.700047054039,-1.56825654665));
#271 = CARTESIAN_POINT('',(11.756276687241,-1.544647161174));
#272 = CARTESIAN_POINT('',(11.809419940268,-1.51394027451));
#273 = CARTESIAN_POINT('',(11.856514659882,-1.480158481039));
#274 = CARTESIAN_POINT('',(11.902254710893,-1.441180123377));
#275 = CARTESIAN_POINT('',(11.946839753363,-1.397565915622));
#276 = CARTESIAN_POINT('',(11.990023168935,-1.350289103373));
#277 = CARTESIAN_POINT('',(12.031643703401,-1.300216126051));
#278 = CARTESIAN_POINT('',(12.071501253779,-1.248228116297));
#279 = CARTESIAN_POINT('',(12.109348623228,-1.195254240037));
#280 = CARTESIAN_POINT('',(12.145073060757,-1.142016836849));
#281 = CARTESIAN_POINT('',(12.177999046026,-1.090017518407));
#282 = CARTESIAN_POINT('',(12.209666547059,-1.037632260631));
#283 = CARTESIAN_POINT('',(12.240733375449,-0.984063946403));
#284 = CARTESIAN_POINT('',(12.271099879374,-0.929595673126));
#285 = CARTESIAN_POINT('',(12.300867149912,-0.874221095589));
#286 = CARTESIAN_POINT('',(12.330079604106,-0.818011424508));
#287 = CARTESIAN_POINT('',(12.358793451278,-0.761017089512));
#288 = CARTESIAN_POINT('',(12.387057780773,-0.703294088645));
#289 = CARTESIAN_POINT('',(12.414919704438,-0.644896927385));
#290 = CARTESIAN_POINT('',(12.433253895899,-0.605552651165));
#291 = CARTESIAN_POINT('',(12.442368101514,-0.585786436295));
#292 = ( GEOMETRIC_REPRESENTATION_CONTEXT(2) 
PARAMETRIC_REPRESENTATION_CONTEXT() REPRESENTATION_CONTEXT('2D SPACE',''
  ) );
#293 = ORIENTED_EDGE('',*,*,#294,.F.);
#294 = EDGE_CURVE('',#295,#164,#297,.T.);
#295 = VERTEX_POINT('',#296);
#296 = CARTESIAN_POINT('',(-11.45902554571,-18.67949382679,
    8.414213563533));
#297 = SURFACE_CURVE('',#298,(#303,#310),.PCURVE_S1.);
#298 = CIRCLE('',#299,21.914213562373);
#299 = AXIS2_PLACEMENT_3D('',#300,#301,#302);
#300 = CARTESIAN_POINT('',(0.,1.34E-15,8.414213562373));
#301 = DIRECTION('',(0.,0.,1.));
#302 = DIRECTION('',(-1.,-6.E-17,0.));
#303 = PCURVE('',#94,#304);
#304 = DEFINITIONAL_REPRESENTATION('',(#305),#309);
#305 = LINE('',#306,#307);
#306 = CARTESIAN_POINT('',(0.,1.707106781186));
#307 = VECTOR('',#308,1.);
#308 = DIRECTION('',(1.,1.117894234338E-15));
#309 = ( GEOMETRIC_REPRESENTATION_CONTEXT(2) 
PARAMETRIC_REPRESENTATION_CONTEXT() REPRESENTATION_CONTEXT('2D SPACE',''
  ) );
#310 = PCURVE('',#311,#316);
#311 = CONICAL_SURFACE('',#312,21.5,0.7853981634);
#312 = AXIS2_PLACEMENT_3D('',#313,#314,#315);
#313 = CARTESIAN_POINT('',(0.,0.,8.));
#314 = DIRECTION('',(0.,0.,1.));
#315 = DIRECTION('',(-1.,0.,0.));
#316 = DEFINITIONAL_REPRESENTATION('',(#317),#321);
#317 = LINE('',#318,#319);
#318 = CARTESIAN_POINT('',(2.2E-16,0.414213562372));
#319 = VECTOR('',#320,1.);
#320 = DIRECTION('',(1.,1.56977705423E-15));
#321 = ( GEOMETRIC_REPRESENTATION_CONTEXT(2) 
PARAMETRIC_REPRESENTATION_CONTEXT() REPRESENTATION_CONTEXT('2D SPACE',''
  ) );
#322 = ORIENTED_EDGE('',*,*,#323,.T.);
#323 = EDGE_CURVE('',#295,#324,#326,.T.);
#324 = VERTEX_POINT('',#325);
#325 = CARTESIAN_POINT('',(-12.90354424883,-17.71246176851,
    8.414213563533));
#326 = SURFACE_CURVE('',#327,(#346,#397),.PCURVE_S1.);
#327 = B_SPLINE_CURVE_WITH_KNOTS('',3,(#328,#329,#330,#331,#332,#333,
    #334,#335,#336,#337,#338,#339,#340,#341,#342,#343,#344,#345),
  .UNSPECIFIED.,.F.,.F.,(4,2,2,2,2,2,2,2,4),(0.842836005718,
    0.901273358379,0.953484134853,0.968290050152,0.983095965451,
    0.99790188075,1.012707796049,1.064918572522,1.123355925183),
  .UNSPECIFIED.);
#328 = CARTESIAN_POINT('',(-11.45902554611,-18.67949382651,
    8.414213563705));
#329 = CARTESIAN_POINT('',(-11.47090777646,-18.5841629764,8.233036583693
    ));
#330 = CARTESIAN_POINT('',(-11.49472664992,-18.48511126213,
    8.059763368318));
#331 = CARTESIAN_POINT('',(-11.57718638667,-18.28672728155,
    7.759967411659));
#332 = CARTESIAN_POINT('',(-11.64320807017,-18.16736849953,
    7.601821715098));
#333 = CARTESIAN_POINT('',(-11.7682895377,-18.02664474445,7.481596575019
    ));
#334 = CARTESIAN_POINT('',(-11.80200673302,-17.9923174388,7.456774196767
    ));
#335 = CARTESIAN_POINT('',(-11.87751342079,-17.92576074918,
    7.422956758295));
#336 = CARTESIAN_POINT('',(-11.91943882203,-17.893557888,7.414213562373)
  );
#337 = CARTESIAN_POINT('',(-12.00146176918,-17.83864768211,
    7.414213562373));
#338 = CARTESIAN_POINT('',(-12.04721104475,-17.81215679083,
    7.422956758295));
#339 = CARTESIAN_POINT('',(-12.13751865957,-17.76770920893,
    7.456774196767));
#340 = CARTESIAN_POINT('',(-12.18210426665,-17.74961675704,
    7.481596575019));
#341 = CARTESIAN_POINT('',(-12.35987404164,-17.68759695487,
    7.601821715098));
#342 = CARTESIAN_POINT('',(-12.49538547324,-17.67203953076,
    7.759967411659));
#343 = CARTESIAN_POINT('',(-12.71022355175,-17.67139769215,
    8.059763368318));
#344 = CARTESIAN_POINT('',(-12.81087825481,-17.68712065571,
    8.233036583693));
#345 = CARTESIAN_POINT('',(-12.90354424842,-17.71246176877,
    8.414213563705));
#346 = PCURVE('',#94,#347);
#347 = DEFINITIONAL_REPRESENTATION('',(#348),#396);
#348 = B_SPLINE_CURVE_WITH_KNOTS('',3,(#349,#350,#351,#352,#353,#354,
    #355,#356,#357,#358,#359,#360,#361,#362,#363,#364,#365,#366,#367,
    #368,#369,#370,#371,#372,#373,#374,#375,#376,#377,#378,#379,#380,
    #381,#382,#383,#384,#385,#386,#387,#388,#389,#390,#391,#392,#393,
    #394,#395),.UNSPECIFIED.,.F.,.F.,(4,1,1,1,1,1,1,1,1,1,1,1,1,1,1,1,1,
    1,1,1,1,1,1,1,1,1,1,1,1,1,1,1,1,1,1,1,1,1,1,1,1,1,1,1,4),(
    0.842836005718,0.849211458433,0.855586911149,0.861962363864,
    0.868337816579,0.874713269294,0.881088722009,0.887464174724,
    0.893839627439,0.900215080154,0.906590532869,0.912965985584,
    0.9193414383,0.925716891015,0.93209234373,0.938467796445,
    0.94484324916,0.951218701875,0.95759415459,0.963969607305,
    0.97034506002,0.976720512735,0.983095965451,0.989471418166,
    0.995846870881,1.002222323596,1.008597776311,1.014973229026,
    1.021348681741,1.027724134456,1.034099587171,1.040475039886,
    1.046850492602,1.053225945317,1.059601398032,1.065976850747,
    1.072352303462,1.078727756177,1.085103208892,1.091478661607,
    1.097854114322,1.104229567037,1.110605019753,1.116980472468,
    1.123355925183),.QUASI_UNIFORM_KNOTS.);
#349 = CARTESIAN_POINT('',(1.020542272001,1.707106782518));
#350 = CARTESIAN_POINT('',(1.020243677806,1.687340578207));
#351 = CARTESIAN_POINT('',(1.019632655883,1.647996640654));
#352 = CARTESIAN_POINT('',(1.018671766072,1.589600481037));
#353 = CARTESIAN_POINT('',(1.017663668839,1.531878464549));
#354 = CARTESIAN_POINT('',(1.016605493264,1.474884767431));
#355 = CARTESIAN_POINT('',(1.01549441232,1.418675191398));
#356 = CARTESIAN_POINT('',(1.01432741704,1.3633001264));
#357 = CARTESIAN_POINT('',(1.013102161189,1.308830919786));
#358 = CARTESIAN_POINT('',(1.01181381454,1.255261506308));
#359 = CARTESIAN_POINT('',(1.010466811719,1.202875591892));
#360 = CARTESIAN_POINT('',(1.009031010694,1.150876364983));
#361 = CARTESIAN_POINT('',(1.007431447076,1.097638505639));
#362 = CARTESIAN_POINT('',(1.005695412907,1.044664114893));
#363 = CARTESIAN_POINT('',(1.003824920547,0.992675677411));
#364 = CARTESIAN_POINT('',(1.00182886014,0.942602585433));
#365 = CARTESIAN_POINT('',(0.999714881807,0.895326084502));
#366 = CARTESIAN_POINT('',(0.997489832369,0.851712480802));
#367 = CARTESIAN_POINT('',(0.995166233371,0.812734894755));
#368 = CARTESIAN_POINT('',(0.99273602254,0.778952583516));
#369 = CARTESIAN_POINT('',(0.989957865017,0.748245611813));
#370 = CARTESIAN_POINT('',(0.986984956326,0.724636865912));
#371 = CARTESIAN_POINT('',(0.983885571868,0.710354812028));
#372 = CARTESIAN_POINT('',(0.980869746794,0.705482765765));
#373 = CARTESIAN_POINT('',(0.97785392172,0.710354812028));
#374 = CARTESIAN_POINT('',(0.974754537262,0.724636865912));
#375 = CARTESIAN_POINT('',(0.971781628571,0.748245611813));
#376 = CARTESIAN_POINT('',(0.969003471049,0.778952583516));
#377 = CARTESIAN_POINT('',(0.966573260218,0.812734894755));
#378 = CARTESIAN_POINT('',(0.96424966122,0.851712480802));
#379 = CARTESIAN_POINT('',(0.962024611781,0.895326084502));
#380 = CARTESIAN_POINT('',(0.959910633449,0.942602585433));
#381 = CARTESIAN_POINT('',(0.957914573042,0.992675677411));
#382 = CARTESIAN_POINT('',(0.956044080682,1.044664114893));
#383 = CARTESIAN_POINT('',(0.954308046512,1.097638505639));
#384 = CARTESIAN_POINT('',(0.952708482894,1.150876364983));
#385 = CARTESIAN_POINT('',(0.951272681869,1.202875591892));
#386 = CARTESIAN_POINT('',(0.949925679049,1.255261506308));
#387 = CARTESIAN_POINT('',(0.948637332399,1.308830919786));
#388 = CARTESIAN_POINT('',(0.947412076548,1.3633001264));
#389 = CARTESIAN_POINT('',(0.946245081269,1.418675191398));
#390 = CARTESIAN_POINT('',(0.945134000325,1.474884767431));
#391 = CARTESIAN_POINT('',(0.944075824749,1.531878464549));
#392 = CARTESIAN_POINT('',(0.943067727517,1.589600481038));
#393 = CARTESIAN_POINT('',(0.942106837706,1.647996640654));
#394 = CARTESIAN_POINT('',(0.941495815783,1.687340578207));
#395 = CARTESIAN_POINT('',(0.941197221588,1.707106782518));
#396 = ( GEOMETRIC_REPRESENTATION_CONTEXT(2) 
PARAMETRIC_REPRESENTATION_CONTEXT() REPRESENTATION_CONTEXT('2D SPACE',''
  ) );
#397 = PCURVE('',#398,#403);
#398 = CYLINDRICAL_SURFACE('',#399,1.15);
#399 = AXIS2_PLACEMENT_3D('',#400,#401,#402);
#400 = CARTESIAN_POINT('',(-12.60019531141,-18.82173153868,9.));
#401 = DIRECTION('',(0.,0.,1.));
#402 = DIRECTION('',(-1.,0.,0.));
#403 = DEFINITIONAL_REPRESENTATION('',(#404),#452);
#404 = B_SPLINE_CURVE_WITH_KNOTS('',3,(#405,#406,#407,#408,#409,#410,
    #411,#412,#413,#414,#415,#416,#417,#418,#419,#420,#421,#422,#423,
    #424,#425,#426,#427,#428,#429,#430,#431,#432,#433,#434,#435,#436,
    #437,#438,#439,#440,#441,#442,#443,#444,#445,#446,#447,#448,#449,
    #450,#451),.UNSPECIFIED.,.F.,.F.,(4,1,1,1,1,1,1,1,1,1,1,1,1,1,1,1,1,
    1,1,1,1,1,1,1,1,1,1,1,1,1,1,1,1,1,1,1,1,1,1,1,1,1,1,1,4),(
    0.842836005718,0.849211458433,0.855586911149,0.861962363864,
    0.868337816579,0.874713269294,0.881088722009,0.887464174724,
    0.893839627439,0.900215080154,0.906590532869,0.912965985584,
    0.9193414383,0.925716891015,0.93209234373,0.938467796445,
    0.94484324916,0.951218701875,0.95759415459,0.963969607305,
    0.97034506002,0.976720512735,0.983095965451,0.989471418166,
    0.995846870881,1.002222323596,1.008597776311,1.014973229026,
    1.021348681741,1.027724134456,1.034099587171,1.040475039886,
    1.046850492602,1.053225945317,1.059601398032,1.065976850747,
    1.072352303462,1.078727756177,1.085103208892,1.091478661607,
    1.097854114322,1.104229567037,1.110605019753,1.116980472468,
    1.123355925183),.QUASI_UNIFORM_KNOTS.);
#405 = CARTESIAN_POINT('',(9.548780473614,-0.585786436295));
#406 = CARTESIAN_POINT('',(9.55789467923,-0.605552651165));
#407 = CARTESIAN_POINT('',(9.576228870691,-0.644896927385));
#408 = CARTESIAN_POINT('',(9.604090794355,-0.703294088645));
#409 = CARTESIAN_POINT('',(9.632355123851,-0.761017089512));
#410 = CARTESIAN_POINT('',(9.661068971022,-0.818011424508));
#411 = CARTESIAN_POINT('',(9.690281425216,-0.874221095589));
#412 = CARTESIAN_POINT('',(9.720048695755,-0.929595673126));
#413 = CARTESIAN_POINT('',(9.75041519968,-0.984063946403));
#414 = CARTESIAN_POINT('',(9.781482028069,-1.037632260631));
#415 = CARTESIAN_POINT('',(9.813149529103,-1.090017518407));
#416 = CARTESIAN_POINT('',(9.846075514372,-1.142016836849));
#417 = CARTESIAN_POINT('',(9.8817999519,-1.195254240037));
#418 = CARTESIAN_POINT('',(9.919647321349,-1.248228116297));
#419 = CARTESIAN_POINT('',(9.959504871727,-1.300216126051));
#420 = CARTESIAN_POINT('',(10.001125406194,-1.350289103373));
#421 = CARTESIAN_POINT('',(10.044308821766,-1.397565915622));
#422 = CARTESIAN_POINT('',(10.088893864236,-1.441180123377));
#423 = CARTESIAN_POINT('',(10.134633915246,-1.480158481039));
#424 = CARTESIAN_POINT('',(10.181728634861,-1.51394027451));
#425 = CARTESIAN_POINT('',(10.234871887887,-1.544647161174));
#426 = CARTESIAN_POINT('',(10.291101521089,-1.56825654665));
#427 = CARTESIAN_POINT('',(10.349262723569,-1.582536729406));
#428 = CARTESIAN_POINT('',(10.405647707564,-1.587411291737));
#429 = CARTESIAN_POINT('',(10.462032691559,-1.582536729406));
#430 = CARTESIAN_POINT('',(10.520193894038,-1.56825654665));
#431 = CARTESIAN_POINT('',(10.57642352724,-1.544647161174));
#432 = CARTESIAN_POINT('',(10.629566780267,-1.51394027451));
#433 = CARTESIAN_POINT('',(10.676661499881,-1.480158481039));
#434 = CARTESIAN_POINT('',(10.722401550892,-1.441180123377));
#435 = CARTESIAN_POINT('',(10.766986593362,-1.397565915622));
#436 = CARTESIAN_POINT('',(10.810170008934,-1.350289103373));
#437 = CARTESIAN_POINT('',(10.8517905434,-1.300216126051));
#438 = CARTESIAN_POINT('',(10.891648093778,-1.248228116297));
#439 = CARTESIAN_POINT('',(10.929495463227,-1.195254240037));
#440 = CARTESIAN_POINT('',(10.965219900756,-1.142016836849));
#441 = CARTESIAN_POINT('',(10.998145886025,-1.090017518407));
#442 = CARTESIAN_POINT('',(11.029813387058,-1.037632260631));
#443 = CARTESIAN_POINT('',(11.060880215448,-0.984063946403));
#444 = CARTESIAN_POINT('',(11.091246719373,-0.929595673126));
#445 = CARTESIAN_POINT('',(11.121013989911,-0.874221095589));
#446 = CARTESIAN_POINT('',(11.150226444105,-0.818011424508));
#447 = CARTESIAN_POINT('',(11.178940291277,-0.761017089512));
#448 = CARTESIAN_POINT('',(11.207204620772,-0.703294088645));
#449 = CARTESIAN_POINT('',(11.235066544437,-0.644896927385));
#450 = CARTESIAN_POINT('',(11.253400735898,-0.605552651165));
#451 = CARTESIAN_POINT('',(11.262514941513,-0.585786436295));
#452 = ( GEOMETRIC_REPRESENTATION_CONTEXT(2) 
PARAMETRIC_REPRESENTATION_CONTEXT() REPRESENTATION_CONTEXT('2D SPACE',''
  ) );
#453 = ORIENTED_EDGE('',*,*,#454,.F.);
#454 = EDGE_CURVE('',#455,#324,#457,.T.);
#455 = VERTEX_POINT('',#456);
#456 = CARTESIAN_POINT('',(-21.79121397951,-2.318566234087,
    8.414213563533));
#457 = SURFACE_CURVE('',#458,(#463,#470),.PCURVE_S1.);
#458 = CIRCLE('',#459,21.914213562373);
#459 = AXIS2_PLACEMENT_3D('',#460,#461,#462);
#460 = CARTESIAN_POINT('',(0.,1.34E-15,8.414213562373));
#461 = DIRECTION('',(0.,0.,1.));
#462 = DIRECTION('',(-1.,-6.E-17,0.));
#463 = PCURVE('',#94,#464);
#464 = DEFINITIONAL_REPRESENTATION('',(#465),#469);
#465 = LINE('',#466,#467);
#466 = CARTESIAN_POINT('',(0.,1.707106781186));
#467 = VECTOR('',#468,1.);
#468 = DIRECTION('',(1.,-3.926488013171E-15));
#469 = ( GEOMETRIC_REPRESENTATION_CONTEXT(2) 
PARAMETRIC_REPRESENTATION_CONTEXT() REPRESENTATION_CONTEXT('2D SPACE',''
  ) );
#470 = PCURVE('',#471,#476);
#471 = CONICAL_SURFACE('',#472,21.5,0.7853981634);
#472 = AXIS2_PLACEMENT_3D('',#473,#474,#475);
#473 = CARTESIAN_POINT('',(0.,0.,8.));
#474 = DIRECTION('',(0.,0.,1.));
#475 = DIRECTION('',(-1.,0.,0.));
#476 = DEFINITIONAL_REPRESENTATION('',(#477),#481);
#477 = LINE('',#478,#479);
#478 = CARTESIAN_POINT('',(0.,0.414213562372));
#479 = VECTOR('',#480,1.);
#480 = DIRECTION('',(1.,2.064751801059E-15));
#481 = ( GEOMETRIC_REPRESENTATION_CONTEXT(2) 
PARAMETRIC_REPRESENTATION_CONTEXT() REPRESENTATION_CONTEXT('2D SPACE',''
  ) );
#482 = ORIENTED_EDGE('',*,*,#483,.T.);
#483 = EDGE_CURVE('',#455,#484,#486,.T.);
#484 = VERTEX_POINT('',#485);
#485 = CARTESIAN_POINT('',(-21.90642895669,-0.584060311805,
    8.414213563533));
#486 = SURFACE_CURVE('',#487,(#506,#557),.PCURVE_S1.);
#487 = B_SPLINE_CURVE_WITH_KNOTS('',3,(#488,#489,#490,#491,#492,#493,
    #494,#495,#496,#497,#498,#499,#500,#501,#502,#503,#504,#505),
  .UNSPECIFIED.,.F.,.F.,(4,2,2,2,2,2,2,2,4),(0.842836005718,
    0.901273358379,0.953484134853,0.968290050152,0.983095965451,
    0.99790188075,1.012707796049,1.064918572522,1.123355925183),
  .UNSPECIFIED.);
#488 = CARTESIAN_POINT('',(-21.79121397953,-2.318566233601,
    8.414213563705));
#489 = CARTESIAN_POINT('',(-21.72293493506,-2.250985685604,
    8.233036583693));
#490 = CARTESIAN_POINT('',(-21.65899109766,-2.17167763752,8.059763368318
    ));
#491 = CARTESIAN_POINT('',(-21.55212790694,-1.985301484523,
    7.759967411659));
#492 = CARTESIAN_POINT('',(-21.49784531564,-1.860166430201,
    7.601821715098));
#493 = CARTESIAN_POINT('',(-21.46267115236,-1.675203387947,
    7.481596575019));
#494 = CARTESIAN_POINT('',(-21.45604687178,-1.627544893634,
    7.456774196767));
#495 = CARTESIAN_POINT('',(-21.44938579943,-1.527112414095,
    7.422956758295));
#496 = CARTESIAN_POINT('',(-21.44945294646,-1.474246933601,
    7.414213562373));
#497 = CARTESIAN_POINT('',(-21.45599510611,-1.375757874728,
    7.414213562373));
#498 = CARTESIAN_POINT('',(-21.46292090135,-1.323347981607,
    7.422956758295));
#499 = CARTESIAN_POINT('',(-21.48280734146,-1.224678927032,
    7.456774196767));
#500 = CARTESIAN_POINT('',(-21.49567706254,-1.178315326514,
    7.481596575019));
#501 = CARTESIAN_POINT('',(-21.55500667559,-0.999629720557,
    7.601821715098));
#502 = CARTESIAN_POINT('',(-21.62536357124,-0.882773874429,
    7.759967411659));
#503 = CARTESIAN_POINT('',(-21.75593926975,-0.712169657322,
    8.059763368318));
#504 = CARTESIAN_POINT('',(-21.82981113386,-0.642016050685,
    8.233036583693));
#505 = CARTESIAN_POINT('',(-21.90642895665,-0.58406031229,8.414213563705
    ));
#506 = PCURVE('',#94,#507);
#507 = DEFINITIONAL_REPRESENTATION('',(#508),#556);
#508 = B_SPLINE_CURVE_WITH_KNOTS('',3,(#509,#510,#511,#512,#513,#514,
    #515,#516,#517,#518,#519,#520,#521,#522,#523,#524,#525,#526,#527,
    #528,#529,#530,#531,#532,#533,#534,#535,#536,#537,#538,#539,#540,
    #541,#542,#543,#544,#545,#546,#547,#548,#549,#550,#551,#552,#553,
    #554,#555),.UNSPECIFIED.,.F.,.F.,(4,1,1,1,1,1,1,1,1,1,1,1,1,1,1,1,1,
    1,1,1,1,1,1,1,1,1,1,1,1,1,1,1,1,1,1,1,1,1,1,1,1,1,1,1,4),(
    0.842836005718,0.849211458433,0.855586911149,0.861962363864,
    0.868337816579,0.874713269294,0.881088722009,0.887464174724,
    0.893839627439,0.900215080154,0.906590532869,0.912965985584,
    0.9193414383,0.925716891015,0.93209234373,0.938467796445,
    0.94484324916,0.951218701875,0.95759415459,0.963969607305,
    0.97034506002,0.976720512735,0.983095965451,0.989471418166,
    0.995846870881,1.002222323596,1.008597776311,1.014973229026,
    1.021348681741,1.027724134456,1.034099587171,1.040475039886,
    1.046850492602,1.053225945317,1.059601398032,1.065976850747,
    1.072352303462,1.078727756177,1.085103208892,1.091478661607,
    1.097854114322,1.104229567037,1.110605019753,1.116980472468,
    1.123355925183),.QUASI_UNIFORM_KNOTS.);
#509 = CARTESIAN_POINT('',(0.106000329608,1.707106782518));
#510 = CARTESIAN_POINT('',(0.105701735413,1.687340578207));
#511 = CARTESIAN_POINT('',(0.105090713491,1.647996640654));
#512 = CARTESIAN_POINT('',(0.10412982368,1.589600481037));
#513 = CARTESIAN_POINT('',(0.103121726447,1.531878464549));
#514 = CARTESIAN_POINT('',(0.102063550872,1.474884767431));
#515 = CARTESIAN_POINT('',(0.100952469928,1.418675191398));
#516 = CARTESIAN_POINT('',(9.97854746482E-02,1.3633001264));
#517 = CARTESIAN_POINT('',(9.856021879718E-02,1.308830919786));
#518 = CARTESIAN_POINT('',(9.727187214756E-02,1.255261506308));
#519 = CARTESIAN_POINT('',(9.59248693271E-02,1.202875591892));
#520 = CARTESIAN_POINT('',(9.44890683021E-02,1.150876364983));
#521 = CARTESIAN_POINT('',(9.288950468429E-02,1.097638505639));
#522 = CARTESIAN_POINT('',(9.115347051434E-02,1.044664114893));
#523 = CARTESIAN_POINT('',(8.928297815473E-02,0.992675677411));
#524 = CARTESIAN_POINT('',(8.728691774791E-02,0.942602585433));
#525 = CARTESIAN_POINT('',(8.517293941517E-02,0.895326084502));
#526 = CARTESIAN_POINT('',(8.294788997656E-02,0.851712480802));
#527 = CARTESIAN_POINT('',(8.0624290979E-02,0.812734894755));
#528 = CARTESIAN_POINT('',(7.819408014791E-02,0.778952583516));
#529 = CARTESIAN_POINT('',(7.541592262513E-02,0.748245611813));
#530 = CARTESIAN_POINT('',(7.244301393417E-02,0.724636865912));
#531 = CARTESIAN_POINT('',(6.934362947623E-02,0.710354812028));
#532 = CARTESIAN_POINT('',(6.63278044022E-02,0.705482765765));
#533 = CARTESIAN_POINT('',(6.331197932818E-02,0.710354812028));
#534 = CARTESIAN_POINT('',(6.021259487023E-02,0.724636865912));
#535 = CARTESIAN_POINT('',(5.723968617927E-02,0.748245611813));
#536 = CARTESIAN_POINT('',(5.446152865649E-02,0.778952583516));
#537 = CARTESIAN_POINT('',(5.20313178254E-02,0.812734894755));
#538 = CARTESIAN_POINT('',(4.970771882784E-02,0.851712480802));
#539 = CARTESIAN_POINT('',(4.748266938924E-02,0.895326084502));
#540 = CARTESIAN_POINT('',(4.536869105649E-02,0.942602585432));
#541 = CARTESIAN_POINT('',(4.337263064968E-02,0.992675677411));
#542 = CARTESIAN_POINT('',(4.150213829006E-02,1.044664114893));
#543 = CARTESIAN_POINT('',(3.976610412011E-02,1.097638505638));
#544 = CARTESIAN_POINT('',(3.81665405023E-02,1.150876364983));
#545 = CARTESIAN_POINT('',(3.67307394773E-02,1.202875591892));
#546 = CARTESIAN_POINT('',(3.538373665684E-02,1.255261506308));
#547 = CARTESIAN_POINT('',(3.409539000722E-02,1.308830919786));
#548 = CARTESIAN_POINT('',(3.287013415621E-02,1.3633001264));
#549 = CARTESIAN_POINT('',(3.170313887653E-02,1.418675191398));
#550 = CARTESIAN_POINT('',(3.059205793251E-02,1.474884767431));
#551 = CARTESIAN_POINT('',(2.953388235727E-02,1.531878464549));
#552 = CARTESIAN_POINT('',(2.852578512472E-02,1.589600481038));
#553 = CARTESIAN_POINT('',(2.75648953135E-02,1.647996640654));
#554 = CARTESIAN_POINT('',(2.6953873391E-02,1.687340578207));
#555 = CARTESIAN_POINT('',(2.665527919595E-02,1.707106782518));
#556 = ( GEOMETRIC_REPRESENTATION_CONTEXT(2) 
PARAMETRIC_REPRESENTATION_CONTEXT() REPRESENTATION_CONTEXT('2D SPACE',''
  ) );
#557 = PCURVE('',#558,#563);
#558 = CYLINDRICAL_SURFACE('',#559,1.15);
#559 = AXIS2_PLACEMENT_3D('',#560,#561,#562);
#560 = CARTESIAN_POINT('',(-22.60019531141,-1.501223462992,9.));
#561 = DIRECTION('',(0.,0.,1.));
#562 = DIRECTION('',(-1.,0.,0.));
#563 = DEFINITIONAL_REPRESENTATION('',(#564),#612);
#564 = B_SPLINE_CURVE_WITH_KNOTS('',3,(#565,#566,#567,#568,#569,#570,
    #571,#572,#573,#574,#575,#576,#577,#578,#579,#580,#581,#582,#583,
    #584,#585,#586,#587,#588,#589,#590,#591,#592,#593,#594,#595,#596,
    #597,#598,#599,#600,#601,#602,#603,#604,#605,#606,#607,#608,#609,
    #610,#611),.UNSPECIFIED.,.F.,.F.,(4,1,1,1,1,1,1,1,1,1,1,1,1,1,1,1,1,
    1,1,1,1,1,1,1,1,1,1,1,1,1,1,1,1,1,1,1,1,1,1,1,1,1,1,1,4),(
    0.842836005718,0.849211458433,0.855586911149,0.861962363864,
    0.868337816579,0.874713269294,0.881088722009,0.887464174724,
    0.893839627439,0.900215080154,0.906590532869,0.912965985584,
    0.9193414383,0.925716891015,0.93209234373,0.938467796445,
    0.94484324916,0.951218701875,0.95759415459,0.963969607305,
    0.97034506002,0.976720512735,0.983095965451,0.989471418166,
    0.995846870881,1.002222323596,1.008597776311,1.014973229026,
    1.021348681741,1.027724134456,1.034099587171,1.040475039886,
    1.046850492602,1.053225945317,1.059601398032,1.065976850747,
    1.072352303462,1.078727756177,1.085103208892,1.091478661607,
    1.097854114322,1.104229567037,1.110605019753,1.116980472468,
    1.123355925183),.QUASI_UNIFORM_KNOTS.);
#565 = CARTESIAN_POINT('',(8.634238531222,-0.585786436295));
#566 = CARTESIAN_POINT('',(8.643352736838,-0.605552651165));
#567 = CARTESIAN_POINT('',(8.661686928299,-0.644896927385));
#568 = CARTESIAN_POINT('',(8.689548851963,-0.703294088645));
#569 = CARTESIAN_POINT('',(8.717813181459,-0.761017089512));
#570 = CARTESIAN_POINT('',(8.74652702863,-0.818011424508));
#571 = CARTESIAN_POINT('',(8.775739482824,-0.874221095589));
#572 = CARTESIAN_POINT('',(8.805506753362,-0.929595673126));
#573 = CARTESIAN_POINT('',(8.835873257287,-0.984063946403));
#574 = CARTESIAN_POINT('',(8.866940085677,-1.037632260631));
#575 = CARTESIAN_POINT('',(8.898607586711,-1.090017518407));
#576 = CARTESIAN_POINT('',(8.931533571979,-1.142016836849));
#577 = CARTESIAN_POINT('',(8.967258009508,-1.195254240037));
#578 = CARTESIAN_POINT('',(9.005105378957,-1.248228116297));
#579 = CARTESIAN_POINT('',(9.044962929335,-1.300216126051));
#580 = CARTESIAN_POINT('',(9.086583463802,-1.350289103373));
#581 = CARTESIAN_POINT('',(9.129766879373,-1.397565915622));
#582 = CARTESIAN_POINT('',(9.174351921844,-1.441180123377));
#583 = CARTESIAN_POINT('',(9.220091972854,-1.480158481039));
#584 = CARTESIAN_POINT('',(9.267186692468,-1.51394027451));
#585 = CARTESIAN_POINT('',(9.320329945495,-1.544647161174));
#586 = CARTESIAN_POINT('',(9.376559578697,-1.56825654665));
#587 = CARTESIAN_POINT('',(9.434720781176,-1.582536729406));
#588 = CARTESIAN_POINT('',(9.491105765172,-1.587411291737));
#589 = CARTESIAN_POINT('',(9.547490749167,-1.582536729406));
#590 = CARTESIAN_POINT('',(9.605651951646,-1.56825654665));
#591 = CARTESIAN_POINT('',(9.661881584848,-1.544647161174));
#592 = CARTESIAN_POINT('',(9.715024837875,-1.51394027451));
#593 = CARTESIAN_POINT('',(9.762119557489,-1.480158481039));
#594 = CARTESIAN_POINT('',(9.807859608499,-1.441180123377));
#595 = CARTESIAN_POINT('',(9.85244465097,-1.397565915622));
#596 = CARTESIAN_POINT('',(9.895628066541,-1.350289103373));
#597 = CARTESIAN_POINT('',(9.937248601008,-1.300216126051));
#598 = CARTESIAN_POINT('',(9.977106151386,-1.248228116297));
#599 = CARTESIAN_POINT('',(10.014953520835,-1.195254240037));
#600 = CARTESIAN_POINT('',(10.050677958364,-1.142016836849));
#601 = CARTESIAN_POINT('',(10.083603943632,-1.090017518407));
#602 = CARTESIAN_POINT('',(10.115271444666,-1.037632260631));
#603 = CARTESIAN_POINT('',(10.146338273056,-0.984063946403));
#604 = CARTESIAN_POINT('',(10.176704776981,-0.929595673126));
#605 = CARTESIAN_POINT('',(10.206472047519,-0.874221095589));
#606 = CARTESIAN_POINT('',(10.235684501713,-0.818011424508));
#607 = CARTESIAN_POINT('',(10.264398348884,-0.761017089512));
#608 = CARTESIAN_POINT('',(10.29266267838,-0.703294088645));
#609 = CARTESIAN_POINT('',(10.320524602045,-0.644896927385));
#610 = CARTESIAN_POINT('',(10.338858793505,-0.605552651165));
#611 = CARTESIAN_POINT('',(10.347972999121,-0.585786436295));
#612 = ( GEOMETRIC_REPRESENTATION_CONTEXT(2) 
PARAMETRIC_REPRESENTATION_CONTEXT() REPRESENTATION_CONTEXT('2D SPACE',''
  ) );
#613 = ORIENTED_EDGE('',*,*,#614,.F.);
#614 = EDGE_CURVE('',#78,#484,#615,.T.);
#615 = SEAM_CURVE('',#616,(#619,#626),.PCURVE_S1.);
#616 = B_SPLINE_CURVE_WITH_KNOTS('',1,(#617,#618),.UNSPECIFIED.,.F.,.F.,
  (2,2),(0.152240934977,1.847759065743),.PIECEWISE_BEZIER_KNOTS.);
#617 = CARTESIAN_POINT('',(-21.25781274887,-0.566767170372,
    6.847759065022));
#618 = CARTESIAN_POINT('',(-21.90642895638,-0.584060312283,
    8.414213563038));
#619 = PCURVE('',#94,#620);
#620 = DEFINITIONAL_REPRESENTATION('',(#621),#625);
#621 = LINE('',#622,#623);
#622 = CARTESIAN_POINT('',(2.665527919595E-02,0.));
#623 = VECTOR('',#624,1.);
#624 = DIRECTION('',(0.,1.));
#625 = ( GEOMETRIC_REPRESENTATION_CONTEXT(2) 
PARAMETRIC_REPRESENTATION_CONTEXT() REPRESENTATION_CONTEXT('2D SPACE',''
  ) );
#626 = PCURVE('',#94,#627);
#627 = DEFINITIONAL_REPRESENTATION('',(#628),#632);
#628 = LINE('',#629,#630);
#629 = CARTESIAN_POINT('',(6.309840586376,0.));
#630 = VECTOR('',#631,1.);
#631 = DIRECTION('',(0.,1.));
#632 = ( GEOMETRIC_REPRESENTATION_CONTEXT(2) 
PARAMETRIC_REPRESENTATION_CONTEXT() REPRESENTATION_CONTEXT('2D SPACE',''
  ) );
#633 = ORIENTED_EDGE('',*,*,#77,.T.);
#634 = ORIENTED_EDGE('',*,*,#106,.T.);
#635 = ORIENTED_EDGE('',*,*,#614,.T.);
#636 = ORIENTED_EDGE('',*,*,#637,.F.);
#637 = EDGE_CURVE('',#638,#484,#640,.T.);
#638 = VERTEX_POINT('',#639);
#639 = CARTESIAN_POINT('',(-10.44740341098,19.263554138603,
    8.414213563533));
#640 = SURFACE_CURVE('',#641,(#646,#653),.PCURVE_S1.);
#641 = CIRCLE('',#642,21.914213562373);
#642 = AXIS2_PLACEMENT_3D('',#643,#644,#645);
#643 = CARTESIAN_POINT('',(0.,1.34E-15,8.414213562373));
#644 = DIRECTION('',(0.,0.,1.));
#645 = DIRECTION('',(-1.,-6.E-17,0.));
#646 = PCURVE('',#94,#647);
#647 = DEFINITIONAL_REPRESENTATION('',(#648),#652);
#648 = LINE('',#649,#650);
#649 = CARTESIAN_POINT('',(0.,1.707106781186));
#650 = VECTOR('',#651,1.);
#651 = DIRECTION('',(1.,-4.28680103085E-15));
#652 = ( GEOMETRIC_REPRESENTATION_CONTEXT(2) 
PARAMETRIC_REPRESENTATION_CONTEXT() REPRESENTATION_CONTEXT('2D SPACE',''
  ) );
#653 = PCURVE('',#654,#659);
#654 = CONICAL_SURFACE('',#655,21.5,0.7853981634);
#655 = AXIS2_PLACEMENT_3D('',#656,#657,#658);
#656 = CARTESIAN_POINT('',(0.,0.,8.));
#657 = DIRECTION('',(0.,0.,1.));
#658 = DIRECTION('',(-1.,0.,0.));
#659 = DEFINITIONAL_REPRESENTATION('',(#660),#664);
#660 = LINE('',#661,#662);
#661 = CARTESIAN_POINT('',(0.,0.414213562372));
#662 = VECTOR('',#663,1.);
#663 = DIRECTION('',(1.,1.56977705423E-15));
#664 = ( GEOMETRIC_REPRESENTATION_CONTEXT(2) 
PARAMETRIC_REPRESENTATION_CONTEXT() REPRESENTATION_CONTEXT('2D SPACE',''
  ) );
#665 = ORIENTED_EDGE('',*,*,#666,.T.);
#666 = EDGE_CURVE('',#638,#667,#669,.T.);
#667 = VERTEX_POINT('',#668);
#668 = CARTESIAN_POINT('',(-8.887669730679,20.031028002603,
    8.414213563533));
#669 = SURFACE_CURVE('',#670,(#689,#740),.PCURVE_S1.);
#670 = B_SPLINE_CURVE_WITH_KNOTS('',3,(#671,#672,#673,#674,#675,#676,
    #677,#678,#679,#680,#681,#682,#683,#684,#685,#686,#687,#688),
  .UNSPECIFIED.,.F.,.F.,(4,2,2,2,2,2,2,2,4),(0.842836005718,
    0.901273358379,0.953484134853,0.968290050152,0.983095965451,
    0.99790188075,1.012707796049,1.064918572522,1.123355925183),
  .UNSPECIFIED.);
#671 = CARTESIAN_POINT('',(-10.44740341054,19.26355413881,8.414213563705
    ));
#672 = CARTESIAN_POINT('',(-10.3589033574,19.226179027088,8.233036583693
    ));
#673 = CARTESIAN_POINT('',(-10.26121261983,19.19728091946,8.059763368318
    ));
#674 = CARTESIAN_POINT('',(-10.04817718456,19.169501155985,
    7.759967411659));
#675 = CARTESIAN_POINT('',(-9.911798605418,19.166998220089,
    7.601821715098));
#676 = CARTESIAN_POINT('',(-9.727387524841,19.204960070963,
    7.481596575019));
#677 = CARTESIAN_POINT('',(-9.680800608446,19.216996365835,
    7.456774196767));
#678 = CARTESIAN_POINT('',(-9.585407480558,19.249108730791,
    7.422956758295));
#679 = CARTESIAN_POINT('',(-9.536556284088,19.269315762737,
    7.414213562373));
#680 = CARTESIAN_POINT('',(-9.44799117728,19.312894615714,7.414213562373
    ));
#681 = CARTESIAN_POINT('',(-9.402174754675,19.339269204928,
    7.422956758295));
#682 = CARTESIAN_POINT('',(-9.318528212205,19.395254102572,
    7.456774196767));
#683 = CARTESIAN_POINT('',(-9.280566885717,19.424820144996,
    7.481596575019));
#684 = CARTESIAN_POINT('',(-9.137971273999,19.547763385073,
    7.601821715098));
#685 = CARTESIAN_POINT('',(-9.056742433704,19.657341015288,
    7.759967411659));
#686 = CARTESIAN_POINT('',(-8.94876754591,19.843075329679,8.059763368318
    ));
#687 = CARTESIAN_POINT('',(-8.912056680241,19.93810634132,8.233036583693
    ));
#688 = CARTESIAN_POINT('',(-8.887669731112,20.031028002381,
    8.414213563705));
#689 = PCURVE('',#94,#690);
#690 = DEFINITIONAL_REPRESENTATION('',(#691),#739);
#691 = B_SPLINE_CURVE_WITH_KNOTS('',3,(#692,#693,#694,#695,#696,#697,
    #698,#699,#700,#701,#702,#703,#704,#705,#706,#707,#708,#709,#710,
    #711,#712,#713,#714,#715,#716,#717,#718,#719,#720,#721,#722,#723,
    #724,#725,#726,#727,#728,#729,#730,#731,#732,#733,#734,#735,#736,
    #737,#738),.UNSPECIFIED.,.F.,.F.,(4,1,1,1,1,1,1,1,1,1,1,1,1,1,1,1,1,
    1,1,1,1,1,1,1,1,1,1,1,1,1,1,1,1,1,1,1,1,1,1,1,1,1,1,1,4),(
    0.842836005718,0.849211458433,0.855586911149,0.861962363864,
    0.868337816579,0.874713269294,0.881088722009,0.887464174724,
    0.893839627439,0.900215080154,0.906590532869,0.912965985584,
    0.9193414383,0.925716891015,0.93209234373,0.938467796445,
    0.94484324916,0.951218701875,0.95759415459,0.963969607305,
    0.97034506002,0.976720512735,0.983095965451,0.989471418166,
    0.995846870881,1.002222323596,1.008597776311,1.014973229026,
    1.021348681741,1.027724134456,1.034099587171,1.040475039886,
    1.046850492602,1.053225945317,1.059601398032,1.065976850747,
    1.072352303462,1.078727756177,1.085103208892,1.091478661607,
    1.097854114322,1.104229567037,1.110605019753,1.116980472468,
    1.123355925183),.QUASI_UNIFORM_KNOTS.);
#692 = CARTESIAN_POINT('',(5.209332476787,1.707106782518));
#693 = CARTESIAN_POINT('',(5.209033882592,1.687340578207));
#694 = CARTESIAN_POINT('',(5.208422860669,1.647996640654));
#695 = CARTESIAN_POINT('',(5.207461970858,1.589600481038));
#696 = CARTESIAN_POINT('',(5.206453873626,1.531878464549));
#697 = CARTESIAN_POINT('',(5.20539569805,1.474884767431));
#698 = CARTESIAN_POINT('',(5.204284617106,1.418675191398));
#699 = CARTESIAN_POINT('',(5.203117621827,1.3633001264));
#700 = CARTESIAN_POINT('',(5.201892365976,1.308830919786));
#701 = CARTESIAN_POINT('',(5.200604019326,1.255261506308));
#702 = CARTESIAN_POINT('',(5.199257016506,1.202875591892));
#703 = CARTESIAN_POINT('',(5.197821215481,1.150876364983));
#704 = CARTESIAN_POINT('',(5.196221651863,1.097638505639));
#705 = CARTESIAN_POINT('',(5.194485617693,1.044664114893));
#706 = CARTESIAN_POINT('',(5.192615125333,0.992675677411));
#707 = CARTESIAN_POINT('',(5.190619064926,0.942602585433));
#708 = CARTESIAN_POINT('',(5.188505086594,0.895326084502));
#709 = CARTESIAN_POINT('',(5.186280037155,0.851712480802));
#710 = CARTESIAN_POINT('',(5.183956438158,0.812734894755));
#711 = CARTESIAN_POINT('',(5.181526227326,0.778952583516));
#712 = CARTESIAN_POINT('',(5.178748069804,0.748245611813));
#713 = CARTESIAN_POINT('',(5.175775161113,0.724636865912));
#714 = CARTESIAN_POINT('',(5.172675776655,0.710354812028));
#715 = CARTESIAN_POINT('',(5.169659951581,0.705482765765));
#716 = CARTESIAN_POINT('',(5.166644126507,0.710354812028));
#717 = CARTESIAN_POINT('',(5.163544742049,0.724636865912));
#718 = CARTESIAN_POINT('',(5.160571833358,0.748245611813));
#719 = CARTESIAN_POINT('',(5.157793675835,0.778952583516));
#720 = CARTESIAN_POINT('',(5.155363465004,0.812734894755));
#721 = CARTESIAN_POINT('',(5.153039866006,0.851712480802));
#722 = CARTESIAN_POINT('',(5.150814816568,0.895326084502));
#723 = CARTESIAN_POINT('',(5.148700838235,0.942602585433));
#724 = CARTESIAN_POINT('',(5.146704777828,0.992675677411));
#725 = CARTESIAN_POINT('',(5.144834285469,1.044664114893));
#726 = CARTESIAN_POINT('',(5.143098251299,1.097638505639));
#727 = CARTESIAN_POINT('',(5.141498687681,1.150876364983));
#728 = CARTESIAN_POINT('',(5.140062886656,1.202875591892));
#729 = CARTESIAN_POINT('',(5.138715883835,1.255261506308));
#730 = CARTESIAN_POINT('',(5.137427537186,1.308830919786));
#731 = CARTESIAN_POINT('',(5.136202281335,1.3633001264));
#732 = CARTESIAN_POINT('',(5.135035286055,1.418675191398));
#733 = CARTESIAN_POINT('',(5.133924205111,1.474884767431));
#734 = CARTESIAN_POINT('',(5.132866029536,1.531878464549));
#735 = CARTESIAN_POINT('',(5.131857932303,1.589600481038));
#736 = CARTESIAN_POINT('',(5.130897042492,1.647996640654));
#737 = CARTESIAN_POINT('',(5.13028602057,1.687340578207));
#738 = CARTESIAN_POINT('',(5.129987426375,1.707106782518));
#739 = ( GEOMETRIC_REPRESENTATION_CONTEXT(2) 
PARAMETRIC_REPRESENTATION_CONTEXT() REPRESENTATION_CONTEXT('2D SPACE',''
  ) );
#740 = PCURVE('',#741,#746);
#741 = CYLINDRICAL_SURFACE('',#742,1.15);
#742 = AXIS2_PLACEMENT_3D('',#743,#744,#745);
#743 = CARTESIAN_POINT('',(-10.,20.322955001672,9.));
#744 = DIRECTION('',(0.,0.,1.));
#745 = DIRECTION('',(-1.,0.,0.));
#746 = DEFINITIONAL_REPRESENTATION('',(#747),#795);
#747 = B_SPLINE_CURVE_WITH_KNOTS('',3,(#748,#749,#750,#751,#752,#753,
    #754,#755,#756,#757,#758,#759,#760,#761,#762,#763,#764,#765,#766,
    #767,#768,#769,#770,#771,#772,#773,#774,#775,#776,#777,#778,#779,
    #780,#781,#782,#783,#784,#785,#786,#787,#788,#789,#790,#791,#792,
    #793,#794),.UNSPECIFIED.,.F.,.F.,(4,1,1,1,1,1,1,1,1,1,1,1,1,1,1,1,1,
    1,1,1,1,1,1,1,1,1,1,1,1,1,1,1,1,1,1,1,1,1,1,1,1,1,1,1,4),(
    0.842836005718,0.849211458433,0.855586911149,0.861962363864,
    0.868337816579,0.874713269294,0.881088722009,0.887464174724,
    0.893839627439,0.900215080154,0.906590532869,0.912965985584,
    0.9193414383,0.925716891015,0.93209234373,0.938467796445,
    0.94484324916,0.951218701875,0.95759415459,0.963969607305,
    0.97034506002,0.976720512735,0.983095965451,0.989471418166,
    0.995846870881,1.002222323596,1.008597776311,1.014973229026,
    1.021348681741,1.027724134456,1.034099587171,1.040475039886,
    1.046850492602,1.053225945317,1.059601398032,1.065976850747,
    1.072352303462,1.078727756177,1.085103208892,1.091478661607,
    1.097854114322,1.104229567037,1.110605019753,1.116980472468,
    1.123355925183),.QUASI_UNIFORM_KNOTS.);
#748 = CARTESIAN_POINT('',(1.171200064042,-0.585786436295));
#749 = CARTESIAN_POINT('',(1.180314269657,-0.605552651165));
#750 = CARTESIAN_POINT('',(1.198648461118,-0.644896927385));
#751 = CARTESIAN_POINT('',(1.226510384782,-0.703294088645));
#752 = CARTESIAN_POINT('',(1.254774714278,-0.761017089512));
#753 = CARTESIAN_POINT('',(1.28348856145,-0.818011424508));
#754 = CARTESIAN_POINT('',(1.312701015644,-0.874221095589));
#755 = CARTESIAN_POINT('',(1.342468286182,-0.929595673126));
#756 = CARTESIAN_POINT('',(1.372834790107,-0.984063946403));
#757 = CARTESIAN_POINT('',(1.403901618496,-1.037632260631));
#758 = CARTESIAN_POINT('',(1.43556911953,-1.090017518407));
#759 = CARTESIAN_POINT('',(1.468495104799,-1.142016836849));
#760 = CARTESIAN_POINT('',(1.504219542327,-1.195254240037));
#761 = CARTESIAN_POINT('',(1.542066911777,-1.248228116297));
#762 = CARTESIAN_POINT('',(1.581924462154,-1.300216126051));
#763 = CARTESIAN_POINT('',(1.623544996621,-1.350289103373));
#764 = CARTESIAN_POINT('',(1.666728412193,-1.397565915622));
#765 = CARTESIAN_POINT('',(1.711313454663,-1.441180123377));
#766 = CARTESIAN_POINT('',(1.757053505674,-1.480158481039));
#767 = CARTESIAN_POINT('',(1.804148225288,-1.51394027451));
#768 = CARTESIAN_POINT('',(1.857291478315,-1.544647161174));
#769 = CARTESIAN_POINT('',(1.913521111517,-1.56825654665));
#770 = CARTESIAN_POINT('',(1.971682313996,-1.582536729406));
#771 = CARTESIAN_POINT('',(2.028067297991,-1.587411291737));
#772 = CARTESIAN_POINT('',(2.084452281986,-1.582536729406));
#773 = CARTESIAN_POINT('',(2.142613484465,-1.56825654665));
#774 = CARTESIAN_POINT('',(2.198843117667,-1.544647161174));
#775 = CARTESIAN_POINT('',(2.251986370694,-1.51394027451));
#776 = CARTESIAN_POINT('',(2.299081090308,-1.480158481039));
#777 = CARTESIAN_POINT('',(2.344821141319,-1.441180123377));
#778 = CARTESIAN_POINT('',(2.389406183789,-1.397565915622));
#779 = CARTESIAN_POINT('',(2.432589599361,-1.350289103373));
#780 = CARTESIAN_POINT('',(2.474210133827,-1.300216126051));
#781 = CARTESIAN_POINT('',(2.514067684205,-1.248228116297));
#782 = CARTESIAN_POINT('',(2.551915053655,-1.195254240037));
#783 = CARTESIAN_POINT('',(2.587639491183,-1.142016836849));
#784 = CARTESIAN_POINT('',(2.620565476452,-1.090017518407));
#785 = CARTESIAN_POINT('',(2.652232977486,-1.037632260631));
#786 = CARTESIAN_POINT('',(2.683299805875,-0.984063946403));
#787 = CARTESIAN_POINT('',(2.7136663098,-0.929595673126));
#788 = CARTESIAN_POINT('',(2.743433580338,-0.874221095589));
#789 = CARTESIAN_POINT('',(2.772646034532,-0.818011424508));
#790 = CARTESIAN_POINT('',(2.801359881704,-0.761017089512));
#791 = CARTESIAN_POINT('',(2.8296242112,-0.703294088645));
#792 = CARTESIAN_POINT('',(2.857486134864,-0.644896927385));
#793 = CARTESIAN_POINT('',(2.875820326325,-0.605552651165));
#794 = CARTESIAN_POINT('',(2.88493453194,-0.585786436295));
#795 = ( GEOMETRIC_REPRESENTATION_CONTEXT(2) 
PARAMETRIC_REPRESENTATION_CONTEXT() REPRESENTATION_CONTEXT('2D SPACE',''
  ) );
#796 = ORIENTED_EDGE('',*,*,#797,.F.);
#797 = EDGE_CURVE('',#798,#667,#800,.T.);
#798 = VERTEX_POINT('',#799);
#799 = CARTESIAN_POINT('',(8.887669730679,20.031028002603,8.414213563533
    ));
#800 = SURFACE_CURVE('',#801,(#806,#813),.PCURVE_S1.);
#801 = CIRCLE('',#802,21.914213562373);
#802 = AXIS2_PLACEMENT_3D('',#803,#804,#805);
#803 = CARTESIAN_POINT('',(0.,1.34E-15,8.414213562373));
#804 = DIRECTION('',(0.,0.,1.));
#805 = DIRECTION('',(-1.,-6.E-17,0.));
#806 = PCURVE('',#94,#807);
#807 = DEFINITIONAL_REPRESENTATION('',(#808),#812);
#808 = LINE('',#809,#810);
#809 = CARTESIAN_POINT('',(0.,1.707106781186));
#810 = VECTOR('',#811,1.);
#811 = DIRECTION('',(1.,0.));
#812 = ( GEOMETRIC_REPRESENTATION_CONTEXT(2) 
PARAMETRIC_REPRESENTATION_CONTEXT() REPRESENTATION_CONTEXT('2D SPACE',''
  ) );
#813 = PCURVE('',#814,#819);
#814 = CONICAL_SURFACE('',#815,21.5,0.7853981634);
#815 = AXIS2_PLACEMENT_3D('',#816,#817,#818);
#816 = CARTESIAN_POINT('',(0.,0.,8.));
#817 = DIRECTION('',(0.,0.,1.));
#818 = DIRECTION('',(-1.,0.,0.));
#819 = DEFINITIONAL_REPRESENTATION('',(#820),#824);
#820 = LINE('',#821,#822);
#821 = CARTESIAN_POINT('',(0.,0.414213562372));
#822 = VECTOR('',#823,1.);
#823 = DIRECTION('',(1.,0.));
#824 = ( GEOMETRIC_REPRESENTATION_CONTEXT(2) 
PARAMETRIC_REPRESENTATION_CONTEXT() REPRESENTATION_CONTEXT('2D SPACE',''
  ) );
#825 = ORIENTED_EDGE('',*,*,#826,.T.);
#826 = EDGE_CURVE('',#798,#827,#829,.T.);
#827 = VERTEX_POINT('',#828);
#828 = CARTESIAN_POINT('',(10.447403410984,19.263554138603,
    8.414213563533));
#829 = SURFACE_CURVE('',#830,(#849,#900),.PCURVE_S1.);
#830 = B_SPLINE_CURVE_WITH_KNOTS('',3,(#831,#832,#833,#834,#835,#836,
    #837,#838,#839,#840,#841,#842,#843,#844,#845,#846,#847,#848),
  .UNSPECIFIED.,.F.,.F.,(4,2,2,2,2,2,2,2,4),(0.842836005718,
    0.901273358379,0.953484134853,0.968290050152,0.983095965451,
    0.99790188075,1.012707796049,1.064918572522,1.123355925183),
  .UNSPECIFIED.);
#831 = CARTESIAN_POINT('',(8.887669731112,20.031028002381,8.414213563705
    ));
#832 = CARTESIAN_POINT('',(8.912056680241,19.93810634132,8.233036583693)
  );
#833 = CARTESIAN_POINT('',(8.94876754591,19.843075329679,8.059763368318)
  );
#834 = CARTESIAN_POINT('',(9.056742433704,19.657341015288,7.759967411659
    ));
#835 = CARTESIAN_POINT('',(9.137971273999,19.547763385073,7.601821715098
    ));
#836 = CARTESIAN_POINT('',(9.280566885717,19.424820144996,7.481596575019
    ));
#837 = CARTESIAN_POINT('',(9.318528212205,19.395254102572,7.456774196767
    ));
#838 = CARTESIAN_POINT('',(9.402174754675,19.339269204928,7.422956758295
    ));
#839 = CARTESIAN_POINT('',(9.44799117728,19.312894615714,7.414213562373)
  );
#840 = CARTESIAN_POINT('',(9.536556284088,19.269315762737,7.414213562373
    ));
#841 = CARTESIAN_POINT('',(9.585407480558,19.249108730791,7.422956758295
    ));
#842 = CARTESIAN_POINT('',(9.680800608446,19.216996365835,7.456774196767
    ));
#843 = CARTESIAN_POINT('',(9.727387524841,19.204960070963,7.481596575019
    ));
#844 = CARTESIAN_POINT('',(9.911798605418,19.166998220089,7.601821715098
    ));
#845 = CARTESIAN_POINT('',(10.048177184568,19.169501155985,
    7.759967411659));
#846 = CARTESIAN_POINT('',(10.261212619832,19.19728091946,8.059763368318
    ));
#847 = CARTESIAN_POINT('',(10.358903357403,19.226179027088,
    8.233036583693));
#848 = CARTESIAN_POINT('',(10.447403410543,19.26355413881,8.414213563705
    ));
#849 = PCURVE('',#94,#850);
#850 = DEFINITIONAL_REPRESENTATION('',(#851),#899);
#851 = B_SPLINE_CURVE_WITH_KNOTS('',3,(#852,#853,#854,#855,#856,#857,
    #858,#859,#860,#861,#862,#863,#864,#865,#866,#867,#868,#869,#870,
    #871,#872,#873,#874,#875,#876,#877,#878,#879,#880,#881,#882,#883,
    #884,#885,#886,#887,#888,#889,#890,#891,#892,#893,#894,#895,#896,
    #897,#898),.UNSPECIFIED.,.F.,.F.,(4,1,1,1,1,1,1,1,1,1,1,1,1,1,1,1,1,
    1,1,1,1,1,1,1,1,1,1,1,1,1,1,1,1,1,1,1,1,1,1,1,1,1,1,1,4),(
    0.842836005718,0.849211458433,0.855586911149,0.861962363864,
    0.868337816579,0.874713269294,0.881088722009,0.887464174724,
    0.893839627439,0.900215080154,0.906590532869,0.912965985584,
    0.9193414383,0.925716891015,0.93209234373,0.938467796445,
    0.94484324916,0.951218701875,0.95759415459,0.963969607305,
    0.97034506002,0.976720512735,0.983095965451,0.989471418166,
    0.995846870881,1.002222323596,1.008597776311,1.014973229026,
    1.021348681741,1.027724134456,1.034099587171,1.040475039886,
    1.046850492602,1.053225945317,1.059601398032,1.065976850747,
    1.072352303462,1.078727756177,1.085103208892,1.091478661607,
    1.097854114322,1.104229567037,1.110605019753,1.116980472468,
    1.123355925183),.QUASI_UNIFORM_KNOTS.);
#852 = CARTESIAN_POINT('',(4.294790534395,1.707106782518));
#853 = CARTESIAN_POINT('',(4.2944919402,1.687340578207));
#854 = CARTESIAN_POINT('',(4.293880918277,1.647996640654));
#855 = CARTESIAN_POINT('',(4.292920028466,1.589600481038));
#856 = CARTESIAN_POINT('',(4.291911931234,1.531878464549));
#857 = CARTESIAN_POINT('',(4.290853755658,1.474884767431));
#858 = CARTESIAN_POINT('',(4.289742674714,1.418675191398));
#859 = CARTESIAN_POINT('',(4.288575679435,1.3633001264));
#860 = CARTESIAN_POINT('',(4.287350423584,1.308830919786));
#861 = CARTESIAN_POINT('',(4.286062076934,1.255261506308));
#862 = CARTESIAN_POINT('',(4.284715074113,1.202875591892));
#863 = CARTESIAN_POINT('',(4.283279273088,1.150876364983));
#864 = CARTESIAN_POINT('',(4.281679709471,1.097638505639));
#865 = CARTESIAN_POINT('',(4.279943675301,1.044664114893));
#866 = CARTESIAN_POINT('',(4.278073182941,0.992675677411));
#867 = CARTESIAN_POINT('',(4.276077122534,0.942602585433));
#868 = CARTESIAN_POINT('',(4.273963144202,0.895326084502));
#869 = CARTESIAN_POINT('',(4.271738094763,0.851712480802));
#870 = CARTESIAN_POINT('',(4.269414495765,0.812734894755));
#871 = CARTESIAN_POINT('',(4.266984284934,0.778952583516));
#872 = CARTESIAN_POINT('',(4.264206127412,0.748245611813));
#873 = CARTESIAN_POINT('',(4.261233218721,0.724636865912));
#874 = CARTESIAN_POINT('',(4.258133834263,0.710354812028));
#875 = CARTESIAN_POINT('',(4.255118009189,0.705482765765));
#876 = CARTESIAN_POINT('',(4.252102184115,0.710354812028));
#877 = CARTESIAN_POINT('',(4.249002799657,0.724636865912));
#878 = CARTESIAN_POINT('',(4.246029890966,0.748245611813));
#879 = CARTESIAN_POINT('',(4.243251733443,0.778952583516));
#880 = CARTESIAN_POINT('',(4.240821522612,0.812734894755));
#881 = CARTESIAN_POINT('',(4.238497923614,0.851712480802));
#882 = CARTESIAN_POINT('',(4.236272874176,0.895326084502));
#883 = CARTESIAN_POINT('',(4.234158895843,0.942602585433));
#884 = CARTESIAN_POINT('',(4.232162835436,0.992675677411));
#885 = CARTESIAN_POINT('',(4.230292343076,1.044664114893));
#886 = CARTESIAN_POINT('',(4.228556308906,1.097638505639));
#887 = CARTESIAN_POINT('',(4.226956745289,1.150876364983));
#888 = CARTESIAN_POINT('',(4.225520944264,1.202875591892));
#889 = CARTESIAN_POINT('',(4.224173941443,1.255261506308));
#890 = CARTESIAN_POINT('',(4.222885594794,1.308830919786));
#891 = CARTESIAN_POINT('',(4.221660338943,1.3633001264));
#892 = CARTESIAN_POINT('',(4.220493343663,1.418675191398));
#893 = CARTESIAN_POINT('',(4.219382262719,1.474884767431));
#894 = CARTESIAN_POINT('',(4.218324087144,1.531878464549));
#895 = CARTESIAN_POINT('',(4.217315989911,1.589600481038));
#896 = CARTESIAN_POINT('',(4.2163551001,1.647996640654));
#897 = CARTESIAN_POINT('',(4.215744078177,1.687340578207));
#898 = CARTESIAN_POINT('',(4.215445483982,1.707106782518));
#899 = ( GEOMETRIC_REPRESENTATION_CONTEXT(2) 
PARAMETRIC_REPRESENTATION_CONTEXT() REPRESENTATION_CONTEXT('2D SPACE',''
  ) );
#900 = PCURVE('',#901,#906);
#901 = CYLINDRICAL_SURFACE('',#902,1.15);
#902 = AXIS2_PLACEMENT_3D('',#903,#904,#905);
#903 = CARTESIAN_POINT('',(10.,20.322955001672,9.));
#904 = DIRECTION('',(0.,0.,1.));
#905 = DIRECTION('',(-1.,0.,0.));
#906 = DEFINITIONAL_REPRESENTATION('',(#907),#955);
#907 = B_SPLINE_CURVE_WITH_KNOTS('',3,(#908,#909,#910,#911,#912,#913,
    #914,#915,#916,#917,#918,#919,#920,#921,#922,#923,#924,#925,#926,
    #927,#928,#929,#930,#931,#932,#933,#934,#935,#936,#937,#938,#939,
    #940,#941,#942,#943,#944,#945,#946,#947,#948,#949,#950,#951,#952,
    #953,#954),.UNSPECIFIED.,.F.,.F.,(4,1,1,1,1,1,1,1,1,1,1,1,1,1,1,1,1,
    1,1,1,1,1,1,1,1,1,1,1,1,1,1,1,1,1,1,1,1,1,1,1,1,1,1,1,4),(
    0.842836005718,0.849211458433,0.855586911149,0.861962363864,
    0.868337816579,0.874713269294,0.881088722009,0.887464174724,
    0.893839627439,0.900215080154,0.906590532869,0.912965985584,
    0.9193414383,0.925716891015,0.93209234373,0.938467796445,
    0.94484324916,0.951218701875,0.95759415459,0.963969607305,
    0.97034506002,0.976720512735,0.983095965451,0.989471418166,
    0.995846870881,1.002222323596,1.008597776311,1.014973229026,
    1.021348681741,1.027724134456,1.034099587171,1.040475039886,
    1.046850492602,1.053225945317,1.059601398032,1.065976850747,
    1.072352303462,1.078727756177,1.085103208892,1.091478661607,
    1.097854114322,1.104229567037,1.110605019753,1.116980472468,
    1.123355925183),.QUASI_UNIFORM_KNOTS.);
#908 = CARTESIAN_POINT('',(0.256658121649,-0.585786436295));
#909 = CARTESIAN_POINT('',(0.265772327265,-0.605552651165));
#910 = CARTESIAN_POINT('',(0.284106518726,-0.644896927385));
#911 = CARTESIAN_POINT('',(0.31196844239,-0.703294088645));
#912 = CARTESIAN_POINT('',(0.340232771886,-0.761017089512));
#913 = CARTESIAN_POINT('',(0.368946619058,-0.818011424508));
#914 = CARTESIAN_POINT('',(0.398159073252,-0.874221095589));
#915 = CARTESIAN_POINT('',(0.42792634379,-0.929595673126));
#916 = CARTESIAN_POINT('',(0.458292847715,-0.984063946403));
#917 = CARTESIAN_POINT('',(0.489359676104,-1.037632260631));
#918 = CARTESIAN_POINT('',(0.521027177138,-1.090017518407));
#919 = CARTESIAN_POINT('',(0.553953162407,-1.142016836849));
#920 = CARTESIAN_POINT('',(0.589677599935,-1.195254240037));
#921 = CARTESIAN_POINT('',(0.627524969384,-1.248228116297));
#922 = CARTESIAN_POINT('',(0.667382519762,-1.300216126051));
#923 = CARTESIAN_POINT('',(0.709003054229,-1.350289103373));
#924 = CARTESIAN_POINT('',(0.752186469801,-1.397565915622));
#925 = CARTESIAN_POINT('',(0.796771512271,-1.441180123377));
#926 = CARTESIAN_POINT('',(0.842511563282,-1.480158481039));
#927 = CARTESIAN_POINT('',(0.889606282896,-1.51394027451));
#928 = CARTESIAN_POINT('',(0.942749535922,-1.544647161174));
#929 = CARTESIAN_POINT('',(0.998979169124,-1.56825654665));
#930 = CARTESIAN_POINT('',(1.057140371604,-1.582536729406));
#931 = CARTESIAN_POINT('',(1.113525355599,-1.587411291737));
#932 = CARTESIAN_POINT('',(1.169910339594,-1.582536729406));
#933 = CARTESIAN_POINT('',(1.228071542073,-1.56825654665));
#934 = CARTESIAN_POINT('',(1.284301175275,-1.544647161174));
#935 = CARTESIAN_POINT('',(1.337444428302,-1.51394027451));
#936 = CARTESIAN_POINT('',(1.384539147916,-1.480158481039));
#937 = CARTESIAN_POINT('',(1.430279198927,-1.441180123377));
#938 = CARTESIAN_POINT('',(1.474864241397,-1.397565915622));
#939 = CARTESIAN_POINT('',(1.518047656969,-1.350289103373));
#940 = CARTESIAN_POINT('',(1.559668191435,-1.300216126051));
#941 = CARTESIAN_POINT('',(1.599525741813,-1.248228116297));
#942 = CARTESIAN_POINT('',(1.637373111263,-1.195254240037));
#943 = CARTESIAN_POINT('',(1.673097548791,-1.142016836849));
#944 = CARTESIAN_POINT('',(1.70602353406,-1.090017518407));
#945 = CARTESIAN_POINT('',(1.737691035093,-1.037632260631));
#946 = CARTESIAN_POINT('',(1.768757863483,-0.984063946403));
#947 = CARTESIAN_POINT('',(1.799124367408,-0.929595673126));
#948 = CARTESIAN_POINT('',(1.828891637946,-0.874221095589));
#949 = CARTESIAN_POINT('',(1.85810409214,-0.818011424508));
#950 = CARTESIAN_POINT('',(1.886817939312,-0.761017089512));
#951 = CARTESIAN_POINT('',(1.915082268807,-0.703294088645));
#952 = CARTESIAN_POINT('',(1.942944192472,-0.644896927385));
#953 = CARTESIAN_POINT('',(1.961278383933,-0.605552651165));
#954 = CARTESIAN_POINT('',(1.970392589548,-0.585786436295));
#955 = ( GEOMETRIC_REPRESENTATION_CONTEXT(2) 
PARAMETRIC_REPRESENTATION_CONTEXT() REPRESENTATION_CONTEXT('2D SPACE',''
  ) );
#956 = ORIENTED_EDGE('',*,*,#957,.F.);
#957 = EDGE_CURVE('',#958,#827,#960,.T.);
#958 = VERTEX_POINT('',#959);
#959 = CARTESIAN_POINT('',(21.906428956699,-0.584060311805,
    8.414213563533));
#960 = SURFACE_CURVE('',#961,(#966,#973),.PCURVE_S1.);
#961 = CIRCLE('',#962,21.914213562373);
#962 = AXIS2_PLACEMENT_3D('',#963,#964,#965);
#963 = CARTESIAN_POINT('',(0.,1.34E-15,8.414213562373));
#964 = DIRECTION('',(0.,0.,1.));
#965 = DIRECTION('',(-1.,-6.E-17,0.));
#966 = PCURVE('',#94,#967);
#967 = DEFINITIONAL_REPRESENTATION('',(#968),#972);
#968 = LINE('',#969,#970);
#969 = CARTESIAN_POINT('',(0.,1.707106781186));
#970 = VECTOR('',#971,1.);
#971 = DIRECTION('',(1.,6.522589499526E-15));
#972 = ( GEOMETRIC_REPRESENTATION_CONTEXT(2) 
PARAMETRIC_REPRESENTATION_CONTEXT() REPRESENTATION_CONTEXT('2D SPACE',''
  ) );
#973 = PCURVE('',#974,#979);
#974 = CONICAL_SURFACE('',#975,21.5,0.7853981634);
#975 = AXIS2_PLACEMENT_3D('',#976,#977,#978);
#976 = CARTESIAN_POINT('',(0.,0.,8.));
#977 = DIRECTION('',(0.,0.,1.));
#978 = DIRECTION('',(-1.,0.,0.));
#979 = DEFINITIONAL_REPRESENTATION('',(#980),#984);
#980 = LINE('',#981,#982);
#981 = CARTESIAN_POINT('',(0.,0.414213562372));
#982 = VECTOR('',#983,1.);
#983 = DIRECTION('',(1.,1.56977705423E-15));
#984 = ( GEOMETRIC_REPRESENTATION_CONTEXT(2) 
PARAMETRIC_REPRESENTATION_CONTEXT() REPRESENTATION_CONTEXT('2D SPACE',''
  ) );
#985 = ORIENTED_EDGE('',*,*,#986,.T.);
#986 = EDGE_CURVE('',#958,#135,#987,.T.);
#987 = SURFACE_CURVE('',#988,(#1007,#1058),.PCURVE_S1.);
#988 = B_SPLINE_CURVE_WITH_KNOTS('',3,(#989,#990,#991,#992,#993,#994,
    #995,#996,#997,#998,#999,#1000,#1001,#1002,#1003,#1004,#1005,#1006),
  .UNSPECIFIED.,.F.,.F.,(4,2,2,2,2,2,2,2,4),(0.842836005718,
    0.901273358379,0.953484134853,0.968290050152,0.983095965451,
    0.99790188075,1.012707796049,1.064918572522,1.123355925183),
  .UNSPECIFIED.);
#989 = CARTESIAN_POINT('',(21.906428956658,-0.58406031229,8.414213563705
    ));
#990 = CARTESIAN_POINT('',(21.829811133867,-0.642016050685,
    8.233036583693));
#991 = CARTESIAN_POINT('',(21.755939269755,-0.712169657322,
    8.059763368318));
#992 = CARTESIAN_POINT('',(21.625363571242,-0.882773874429,
    7.759967411659));
#993 = CARTESIAN_POINT('',(21.555006675597,-0.999629720557,
    7.601821715098));
#994 = CARTESIAN_POINT('',(21.49567706254,-1.178315326514,7.481596575019
    ));
#995 = CARTESIAN_POINT('',(21.482807341469,-1.224678927032,
    7.456774196767));
#996 = CARTESIAN_POINT('',(21.462920901353,-1.323347981607,
    7.422956758295));
#997 = CARTESIAN_POINT('',(21.455995106118,-1.375757874728,
    7.414213562373));
#998 = CARTESIAN_POINT('',(21.44945294646,-1.474246933601,7.414213562373
    ));
#999 = CARTESIAN_POINT('',(21.449385799432,-1.527112414095,
    7.422956758295));
#1000 = CARTESIAN_POINT('',(21.456046871784,-1.627544893634,
    7.456774196767));
#1001 = CARTESIAN_POINT('',(21.462671152369,-1.675203387947,
    7.481596575019));
#1002 = CARTESIAN_POINT('',(21.497845315641,-1.860166430201,
    7.601821715098));
#1003 = CARTESIAN_POINT('',(21.552127906945,-1.985301484523,
    7.759967411659));
#1004 = CARTESIAN_POINT('',(21.658991097666,-2.17167763752,
    8.059763368318));
#1005 = CARTESIAN_POINT('',(21.72293493506,-2.250985685604,
    8.233036583693));
#1006 = CARTESIAN_POINT('',(21.791213979535,-2.318566233601,
    8.414213563705));
#1007 = PCURVE('',#94,#1008);
#1008 = DEFINITIONAL_REPRESENTATION('',(#1009),#1057);
#1009 = B_SPLINE_CURVE_WITH_KNOTS('',3,(#1010,#1011,#1012,#1013,#1014,
    #1015,#1016,#1017,#1018,#1019,#1020,#1021,#1022,#1023,#1024,#1025,
    #1026,#1027,#1028,#1029,#1030,#1031,#1032,#1033,#1034,#1035,#1036,
    #1037,#1038,#1039,#1040,#1041,#1042,#1043,#1044,#1045,#1046,#1047,
    #1048,#1049,#1050,#1051,#1052,#1053,#1054,#1055,#1056),
  .UNSPECIFIED.,.F.,.F.,(4,1,1,1,1,1,1,1,1,1,1,1,1,1,1,1,1,1,1,1,1,1,1,1
    ,1,1,1,1,1,1,1,1,1,1,1,1,1,1,1,1,1,1,1,1,4),(0.842836005718,
    0.849211458433,0.855586911149,0.861962363864,0.868337816579,
    0.874713269294,0.881088722009,0.887464174724,0.893839627439,
    0.900215080154,0.906590532869,0.912965985584,0.9193414383,
    0.925716891015,0.93209234373,0.938467796445,0.94484324916,
    0.951218701875,0.95759415459,0.963969607305,0.97034506002,
    0.976720512735,0.983095965451,0.989471418166,0.995846870881,
    1.002222323596,1.008597776311,1.014973229026,1.021348681741,
    1.027724134456,1.034099587171,1.040475039886,1.046850492602,
    1.053225945317,1.059601398032,1.065976850747,1.072352303462,
    1.078727756177,1.085103208892,1.091478661607,1.097854114322,
    1.104229567037,1.110605019753,1.116980472468,1.123355925183),
  .QUASI_UNIFORM_KNOTS.);
#1010 = CARTESIAN_POINT('',(3.114937374394,1.707106782518));
#1011 = CARTESIAN_POINT('',(3.114638780199,1.687340578207));
#1012 = CARTESIAN_POINT('',(3.114027758276,1.647996640654));
#1013 = CARTESIAN_POINT('',(3.113066868465,1.589600481037));
#1014 = CARTESIAN_POINT('',(3.112058771233,1.531878464549));
#1015 = CARTESIAN_POINT('',(3.111000595657,1.474884767431));
#1016 = CARTESIAN_POINT('',(3.109889514713,1.418675191398));
#1017 = CARTESIAN_POINT('',(3.108722519434,1.3633001264));
#1018 = CARTESIAN_POINT('',(3.107497263583,1.308830919786));
#1019 = CARTESIAN_POINT('',(3.106208916933,1.255261506308));
#1020 = CARTESIAN_POINT('',(3.104861914112,1.202875591892));
#1021 = CARTESIAN_POINT('',(3.103426113087,1.150876364983));
#1022 = CARTESIAN_POINT('',(3.10182654947,1.097638505639));
#1023 = CARTESIAN_POINT('',(3.1000905153,1.044664114893));
#1024 = CARTESIAN_POINT('',(3.09822002294,0.992675677411));
#1025 = CARTESIAN_POINT('',(3.096223962533,0.942602585433));
#1026 = CARTESIAN_POINT('',(3.094109984201,0.895326084502));
#1027 = CARTESIAN_POINT('',(3.091884934762,0.851712480802));
#1028 = CARTESIAN_POINT('',(3.089561335764,0.812734894755));
#1029 = CARTESIAN_POINT('',(3.087131124933,0.778952583516));
#1030 = CARTESIAN_POINT('',(3.084352967411,0.748245611813));
#1031 = CARTESIAN_POINT('',(3.08138005872,0.724636865912));
#1032 = CARTESIAN_POINT('',(3.078280674262,0.710354812028));
#1033 = CARTESIAN_POINT('',(3.075264849188,0.705482765765));
#1034 = CARTESIAN_POINT('',(3.072249024114,0.710354812028));
#1035 = CARTESIAN_POINT('',(3.069149639656,0.724636865912));
#1036 = CARTESIAN_POINT('',(3.066176730965,0.748245611813));
#1037 = CARTESIAN_POINT('',(3.063398573442,0.778952583516));
#1038 = CARTESIAN_POINT('',(3.060968362611,0.812734894755));
#1039 = CARTESIAN_POINT('',(3.058644763613,0.851712480802));
#1040 = CARTESIAN_POINT('',(3.056419714175,0.895326084502));
#1041 = CARTESIAN_POINT('',(3.054305735842,0.942602585433));
#1042 = CARTESIAN_POINT('',(3.052309675435,0.992675677411));
#1043 = CARTESIAN_POINT('',(3.050439183075,1.044664114893));
#1044 = CARTESIAN_POINT('',(3.048703148905,1.097638505639));
#1045 = CARTESIAN_POINT('',(3.047103585288,1.150876364983));
#1046 = CARTESIAN_POINT('',(3.045667784263,1.202875591892));
#1047 = CARTESIAN_POINT('',(3.044320781442,1.255261506308));
#1048 = CARTESIAN_POINT('',(3.043032434793,1.308830919786));
#1049 = CARTESIAN_POINT('',(3.041807178942,1.3633001264));
#1050 = CARTESIAN_POINT('',(3.040640183662,1.418675191398));
#1051 = CARTESIAN_POINT('',(3.039529102718,1.474884767431));
#1052 = CARTESIAN_POINT('',(3.038470927143,1.531878464549));
#1053 = CARTESIAN_POINT('',(3.03746282991,1.589600481037));
#1054 = CARTESIAN_POINT('',(3.036501940099,1.647996640654));
#1055 = CARTESIAN_POINT('',(3.035890918176,1.687340578207));
#1056 = CARTESIAN_POINT('',(3.035592323981,1.707106782518));
#1057 = ( GEOMETRIC_REPRESENTATION_CONTEXT(2) 
PARAMETRIC_REPRESENTATION_CONTEXT() REPRESENTATION_CONTEXT('2D SPACE',''
  ) );
#1058 = PCURVE('',#1059,#1064);
#1059 = CYLINDRICAL_SURFACE('',#1060,1.15);
#1060 = AXIS2_PLACEMENT_3D('',#1061,#1062,#1063);
#1061 = CARTESIAN_POINT('',(22.600195311416,-1.501223462992,9.));
#1062 = DIRECTION('',(0.,0.,1.));
#1063 = DIRECTION('',(-1.,0.,0.));
#1064 = DEFINITIONAL_REPRESENTATION('',(#1065),#1113);
#1065 = B_SPLINE_CURVE_WITH_KNOTS('',3,(#1066,#1067,#1068,#1069,#1070,
    #1071,#1072,#1073,#1074,#1075,#1076,#1077,#1078,#1079,#1080,#1081,
    #1082,#1083,#1084,#1085,#1086,#1087,#1088,#1089,#1090,#1091,#1092,
    #1093,#1094,#1095,#1096,#1097,#1098,#1099,#1100,#1101,#1102,#1103,
    #1104,#1105,#1106,#1107,#1108,#1109,#1110,#1111,#1112),
  .UNSPECIFIED.,.F.,.F.,(4,1,1,1,1,1,1,1,1,1,1,1,1,1,1,1,1,1,1,1,1,1,1,1
    ,1,1,1,1,1,1,1,1,1,1,1,1,1,1,1,1,1,1,1,1,4),(0.842836005718,
    0.849211458433,0.855586911149,0.861962363864,0.868337816579,
    0.874713269294,0.881088722009,0.887464174724,0.893839627439,
    0.900215080154,0.906590532869,0.912965985584,0.9193414383,
    0.925716891015,0.93209234373,0.938467796445,0.94484324916,
    0.951218701875,0.95759415459,0.963969607305,0.97034506002,
    0.976720512735,0.983095965451,0.989471418166,0.995846870881,
    1.002222323596,1.008597776311,1.014973229026,1.021348681741,
    1.027724134456,1.034099587171,1.040475039886,1.046850492602,
    1.053225945317,1.059601398032,1.065976850747,1.072352303462,
    1.078727756177,1.085103208892,1.091478661607,1.097854114322,
    1.104229567037,1.110605019753,1.116980472468,1.123355925183),
  .QUASI_UNIFORM_KNOTS.);
#1066 = CARTESIAN_POINT('',(5.359990268828,-0.585786436295));
#1067 = CARTESIAN_POINT('',(5.369104474443,-0.605552651165));
#1068 = CARTESIAN_POINT('',(5.387438665904,-0.644896927385));
#1069 = CARTESIAN_POINT('',(5.415300589569,-0.703294088645));
#1070 = CARTESIAN_POINT('',(5.443564919065,-0.761017089512));
#1071 = CARTESIAN_POINT('',(5.472278766236,-0.818011424508));
#1072 = CARTESIAN_POINT('',(5.50149122043,-0.874221095589));
#1073 = CARTESIAN_POINT('',(5.531258490968,-0.929595673126));
#1074 = CARTESIAN_POINT('',(5.561624994893,-0.984063946403));
#1075 = CARTESIAN_POINT('',(5.592691823283,-1.037632260631));
#1076 = CARTESIAN_POINT('',(5.624359324316,-1.090017518407));
#1077 = CARTESIAN_POINT('',(5.657285309585,-1.142016836849));
#1078 = CARTESIAN_POINT('',(5.693009747114,-1.195254240037));
#1079 = CARTESIAN_POINT('',(5.730857116563,-1.248228116297));
#1080 = CARTESIAN_POINT('',(5.770714666941,-1.300216126051));
#1081 = CARTESIAN_POINT('',(5.812335201408,-1.350289103373));
#1082 = CARTESIAN_POINT('',(5.855518616979,-1.397565915622));
#1083 = CARTESIAN_POINT('',(5.900103659449,-1.441180123377));
#1084 = CARTESIAN_POINT('',(5.94584371046,-1.480158481039));
#1085 = CARTESIAN_POINT('',(5.992938430074,-1.51394027451));
#1086 = CARTESIAN_POINT('',(6.046081683101,-1.544647161174));
#1087 = CARTESIAN_POINT('',(6.102311316303,-1.56825654665));
#1088 = CARTESIAN_POINT('',(6.160472518782,-1.582536729406));
#1089 = CARTESIAN_POINT('',(6.216857502777,-1.587411291737));
#1090 = CARTESIAN_POINT('',(6.273242486773,-1.582536729406));
#1091 = CARTESIAN_POINT('',(6.331403689252,-1.56825654665));
#1092 = CARTESIAN_POINT('',(6.387633322454,-1.544647161174));
#1093 = CARTESIAN_POINT('',(6.44077657548,-1.51394027451));
#1094 = CARTESIAN_POINT('',(6.487871295095,-1.480158481039));
#1095 = CARTESIAN_POINT('',(6.533611346105,-1.441180123377));
#1096 = CARTESIAN_POINT('',(6.578196388576,-1.397565915622));
#1097 = CARTESIAN_POINT('',(6.621379804147,-1.350289103373));
#1098 = CARTESIAN_POINT('',(6.663000338614,-1.300216126051));
#1099 = CARTESIAN_POINT('',(6.702857888992,-1.248228116297));
#1100 = CARTESIAN_POINT('',(6.740705258441,-1.195254240037));
#1101 = CARTESIAN_POINT('',(6.776429695969,-1.142016836849));
#1102 = CARTESIAN_POINT('',(6.809355681238,-1.090017518407));
#1103 = CARTESIAN_POINT('',(6.841023182272,-1.037632260631));
#1104 = CARTESIAN_POINT('',(6.872090010661,-0.984063946403));
#1105 = CARTESIAN_POINT('',(6.902456514587,-0.929595673126));
#1106 = CARTESIAN_POINT('',(6.932223785125,-0.874221095589));
#1107 = CARTESIAN_POINT('',(6.961436239319,-0.818011424508));
#1108 = CARTESIAN_POINT('',(6.99015008649,-0.761017089512));
#1109 = CARTESIAN_POINT('',(7.018414415986,-0.703294088645));
#1110 = CARTESIAN_POINT('',(7.04627633965,-0.644896927385));
#1111 = CARTESIAN_POINT('',(7.064610531111,-0.605552651165));
#1112 = CARTESIAN_POINT('',(7.073724736727,-0.585786436295));
#1113 = ( GEOMETRIC_REPRESENTATION_CONTEXT(2) 
PARAMETRIC_REPRESENTATION_CONTEXT() REPRESENTATION_CONTEXT('2D SPACE',''
  ) );
#1114 = ADVANCED_FACE('',(#1115),#43,.F.);
#1115 = FACE_BOUND('',#1116,.F.);
#1116 = EDGE_LOOP('',(#1117,#1146,#1166,#1167));
#1117 = ORIENTED_EDGE('',*,*,#1118,.T.);
#1118 = EDGE_CURVE('',#1119,#1119,#1121,.T.);
#1119 = VERTEX_POINT('',#1120);
#1120 = CARTESIAN_POINT('',(20.5,3.E-15,0.));
#1121 = SURFACE_CURVE('',#1122,(#1127,#1134),.PCURVE_S1.);
#1122 = CIRCLE('',#1123,20.5);
#1123 = AXIS2_PLACEMENT_3D('',#1124,#1125,#1126);
#1124 = CARTESIAN_POINT('',(0.,0.,0.));
#1125 = DIRECTION('',(0.,0.,1.));
#1126 = DIRECTION('',(-1.,0.,0.));
#1127 = PCURVE('',#43,#1128);
#1128 = DEFINITIONAL_REPRESENTATION('',(#1129),#1133);
#1129 = LINE('',#1130,#1131);
#1130 = CARTESIAN_POINT('',(0.,0.));
#1131 = VECTOR('',#1132,1.);
#1132 = DIRECTION('',(1.,0.));
#1133 = ( GEOMETRIC_REPRESENTATION_CONTEXT(2) 
PARAMETRIC_REPRESENTATION_CONTEXT() REPRESENTATION_CONTEXT('2D SPACE',''
  ) );
#1134 = PCURVE('',#1135,#1140);
#1135 = PLANE('',#1136);
#1136 = AXIS2_PLACEMENT_3D('',#1137,#1138,#1139);
#1137 = CARTESIAN_POINT('',(-13.,-4.28E-15,0.));
#1138 = DIRECTION('',(0.,0.,1.));
#1139 = DIRECTION('',(1.,0.,-0.));
#1140 = DEFINITIONAL_REPRESENTATION('',(#1141),#1145);
#1141 = CIRCLE('',#1142,20.5);
#1142 = AXIS2_PLACEMENT_2D('',#1143,#1144);
#1143 = CARTESIAN_POINT('',(13.,4.28E-15));
#1144 = DIRECTION('',(-1.,0.));
#1145 = ( GEOMETRIC_REPRESENTATION_CONTEXT(2) 
PARAMETRIC_REPRESENTATION_CONTEXT() REPRESENTATION_CONTEXT('2D SPACE',''
  ) );
#1146 = ORIENTED_EDGE('',*,*,#1147,.T.);
#1147 = EDGE_CURVE('',#1119,#22,#1148,.T.);
#1148 = SEAM_CURVE('',#1149,(#1152,#1159),.PCURVE_S1.);
#1149 = B_SPLINE_CURVE_WITH_KNOTS('',1,(#1150,#1151),.UNSPECIFIED.,.F.,
  .F.,(2,2),(0.,3.),.PIECEWISE_BEZIER_KNOTS.);
#1150 = CARTESIAN_POINT('',(20.5,-2.51E-15,0.));
#1151 = CARTESIAN_POINT('',(20.5,-2.51E-15,3.));
#1152 = PCURVE('',#43,#1153);
#1153 = DEFINITIONAL_REPRESENTATION('',(#1154),#1158);
#1154 = LINE('',#1155,#1156);
#1155 = CARTESIAN_POINT('',(9.424777960769,0.));
#1156 = VECTOR('',#1157,1.);
#1157 = DIRECTION('',(0.,1.));
#1158 = ( GEOMETRIC_REPRESENTATION_CONTEXT(2) 
PARAMETRIC_REPRESENTATION_CONTEXT() REPRESENTATION_CONTEXT('2D SPACE',''
  ) );
#1159 = PCURVE('',#43,#1160);
#1160 = DEFINITIONAL_REPRESENTATION('',(#1161),#1165);
#1161 = LINE('',#1162,#1163);
#1162 = CARTESIAN_POINT('',(3.14159265359,0.));
#1163 = VECTOR('',#1164,1.);
#1164 = DIRECTION('',(0.,1.));
#1165 = ( GEOMETRIC_REPRESENTATION_CONTEXT(2) 
PARAMETRIC_REPRESENTATION_CONTEXT() REPRESENTATION_CONTEXT('2D SPACE',''
  ) );
#1166 = ORIENTED_EDGE('',*,*,#21,.T.);
#1167 = ORIENTED_EDGE('',*,*,#1147,.F.);
#1168 = ADVANCED_FACE('',(#1169),#558,.F.);
#1169 = FACE_BOUND('',#1170,.F.);
#1170 = EDGE_LOOP('',(#1171,#1206,#1228,#1296,#1297,#1367,#1398,#1399));
#1171 = ORIENTED_EDGE('',*,*,#1172,.F.);
#1172 = EDGE_CURVE('',#1173,#1175,#1177,.T.);
#1173 = VERTEX_POINT('',#1174);
#1174 = CARTESIAN_POINT('',(-22.4971859013,-0.355846205741,1.5));
#1175 = VERTEX_POINT('',#1176);
#1176 = CARTESIAN_POINT('',(-21.45019531141,-1.501223462992,1.5));
#1177 = SURFACE_CURVE('',#1178,(#1183,#1190),.PCURVE_S1.);
#1178 = CIRCLE('',#1179,1.15);
#1179 = AXIS2_PLACEMENT_3D('',#1180,#1181,#1182);
#1180 = CARTESIAN_POINT('',(-22.60019531141,-1.501223462992,1.5));
#1181 = DIRECTION('',(0.,0.,-1.));
#1182 = DIRECTION('',(-1.,0.,0.));
#1183 = PCURVE('',#558,#1184);
#1184 = DEFINITIONAL_REPRESENTATION('',(#1185),#1189);
#1185 = LINE('',#1186,#1187);
#1186 = CARTESIAN_POINT('',(12.566370614359,-7.5));
#1187 = VECTOR('',#1188,1.);
#1188 = DIRECTION('',(-1.,0.));
#1189 = ( GEOMETRIC_REPRESENTATION_CONTEXT(2) 
PARAMETRIC_REPRESENTATION_CONTEXT() REPRESENTATION_CONTEXT('2D SPACE',''
  ) );
#1190 = PCURVE('',#1191,#1196);
#1191 = PLANE('',#1192);
#1192 = AXIS2_PLACEMENT_3D('',#1193,#1194,#1195);
#1193 = CARTESIAN_POINT('',(-22.60019531141,-1.501223462992,1.5));
#1194 = DIRECTION('',(0.,0.,1.));
#1195 = DIRECTION('',(1.,0.,-0.));
#1196 = DEFINITIONAL_REPRESENTATION('',(#1197),#1205);
#1197 = ( BOUNDED_CURVE() B_SPLINE_CURVE(2,(#1198,#1199,#1200,#1201,
#1202,#1203,#1204),.UNSPECIFIED.,.T.,.F.) B_SPLINE_CURVE_WITH_KNOTS((1,2
    ,2,2,2,1),(-2.094395102393,0.,2.094395102393,4.188790204786,
6.28318530718,8.377580409573),.UNSPECIFIED.) CURVE() 
GEOMETRIC_REPRESENTATION_ITEM() RATIONAL_B_SPLINE_CURVE((1.,0.5,1.,0.5,
1.,0.5,1.)) REPRESENTATION_ITEM('') );
#1198 = CARTESIAN_POINT('',(-1.15,0.));
#1199 = CARTESIAN_POINT('',(-1.15,1.991858428704));
#1200 = CARTESIAN_POINT('',(0.575,0.995929214352));
#1201 = CARTESIAN_POINT('',(2.3,2.816687638039E-16));
#1202 = CARTESIAN_POINT('',(0.575,-0.995929214352));
#1203 = CARTESIAN_POINT('',(-1.15,-1.991858428704));
#1204 = CARTESIAN_POINT('',(-1.15,0.));
#1205 = ( GEOMETRIC_REPRESENTATION_CONTEXT(2) 
PARAMETRIC_REPRESENTATION_CONTEXT() REPRESENTATION_CONTEXT('2D SPACE',''
  ) );
#1206 = ORIENTED_EDGE('',*,*,#1207,.T.);
#1207 = EDGE_CURVE('',#1173,#1208,#1210,.T.);
#1208 = VERTEX_POINT('',#1209);
#1209 = CARTESIAN_POINT('',(-22.4971859013,-0.355846205741,9.));
#1210 = SEAM_CURVE('',#1211,(#1214,#1221),.PCURVE_S1.);
#1211 = B_SPLINE_CURVE_WITH_KNOTS('',1,(#1212,#1213),.UNSPECIFIED.,.F.,
  .F.,(2,2),(-7.5,0.),.PIECEWISE_BEZIER_KNOTS.);
#1212 = CARTESIAN_POINT('',(-22.4971859013,-0.355846205741,1.5));
#1213 = CARTESIAN_POINT('',(-22.4971859013,-0.355846205741,9.));
#1214 = PCURVE('',#558,#1215);
#1215 = DEFINITIONAL_REPRESENTATION('',(#1216),#1220);
#1216 = LINE('',#1217,#1218);
#1217 = CARTESIAN_POINT('',(10.905880672473,0.));
#1218 = VECTOR('',#1219,1.);
#1219 = DIRECTION('',(0.,1.));
#1220 = ( GEOMETRIC_REPRESENTATION_CONTEXT(2) 
PARAMETRIC_REPRESENTATION_CONTEXT() REPRESENTATION_CONTEXT('2D SPACE',''
  ) );
#1221 = PCURVE('',#558,#1222);
#1222 = DEFINITIONAL_REPRESENTATION('',(#1223),#1227);
#1223 = LINE('',#1224,#1225);
#1224 = CARTESIAN_POINT('',(4.622695365293,0.));
#1225 = VECTOR('',#1226,1.);
#1226 = DIRECTION('',(0.,1.));
#1227 = ( GEOMETRIC_REPRESENTATION_CONTEXT(2) 
PARAMETRIC_REPRESENTATION_CONTEXT() REPRESENTATION_CONTEXT('2D SPACE',''
  ) );
#1228 = ORIENTED_EDGE('',*,*,#1229,.F.);
#1229 = EDGE_CURVE('',#484,#1208,#1230,.T.);
#1230 = SURFACE_CURVE('',#1231,(#1238,#1267),.PCURVE_S1.);
#1231 = B_SPLINE_CURVE_WITH_KNOTS('',3,(#1232,#1233,#1234,#1235,#1236,
    #1237),.UNSPECIFIED.,.F.,.F.,(4,2,4),(0.744941730938,0.782809481278,
    0.826828089973),.UNSPECIFIED.);
#1232 = CARTESIAN_POINT('',(-21.90642895705,-0.58406031199,
    8.414213563313));
#1233 = CARTESIAN_POINT('',(-21.98885149736,-0.52171373249,
    8.494945155893));
#1234 = CARTESIAN_POINT('',(-22.07844799958,-0.471563717292,
    8.583448969996));
#1235 = CARTESIAN_POINT('',(-22.27824478357,-0.391155268557,
    8.781632328346));
#1236 = CARTESIAN_POINT('',(-22.38953815868,-0.365527496684,
    8.89251883436));
#1237 = CARTESIAN_POINT('',(-22.4971859013,-0.355846205741,9.));
#1238 = PCURVE('',#558,#1239);
#1239 = DEFINITIONAL_REPRESENTATION('',(#1240),#1266);
#1240 = B_SPLINE_CURVE_WITH_KNOTS('',3,(#1241,#1242,#1243,#1244,#1245,
    #1246,#1247,#1248,#1249,#1250,#1251,#1252,#1253,#1254,#1255,#1256,
    #1257,#1258,#1259,#1260,#1261,#1262,#1263,#1264,#1265),
  .UNSPECIFIED.,.F.,.F.,(4,1,1,1,1,1,1,1,1,1,1,1,1,1,1,1,1,1,1,1,1,1,4),
  (0.744941730938,0.748663838166,0.752385945395,0.756108052624,
    0.759830159853,0.763552267082,0.767274374311,0.77099648154,
    0.774718588769,0.778440695998,0.782162803226,0.785884910455,
    0.789607017684,0.793329124913,0.797051232142,0.800773339371,
    0.8044954466,0.808217553829,0.811939661058,0.815661768286,
    0.819383875515,0.823105982744,0.826828089973),
  .QUASI_UNIFORM_KNOTS.);
#1241 = CARTESIAN_POINT('',(10.347972999553,-0.585786436687));
#1242 = CARTESIAN_POINT('',(10.356806160241,-0.577851145004));
#1243 = CARTESIAN_POINT('',(10.374445191782,-0.561830381007));
#1244 = CARTESIAN_POINT('',(10.400820323038,-0.537375060323));
#1245 = CARTESIAN_POINT('',(10.427110729914,-0.512521932095));
#1246 = CARTESIAN_POINT('',(10.453314270306,-0.487297363652));
#1247 = CARTESIAN_POINT('',(10.479428339264,-0.461727721649));
#1248 = CARTESIAN_POINT('',(10.505449853542,-0.435839375252));
#1249 = CARTESIAN_POINT('',(10.531375348366,-0.409658684254));
#1250 = CARTESIAN_POINT('',(10.55720101941,-0.383212043436));
#1251 = CARTESIAN_POINT('',(10.582922877262,-0.35652571699));
#1252 = CARTESIAN_POINT('',(10.608536510038,-0.329626456483));
#1253 = CARTESIAN_POINT('',(10.634038301919,-0.302539194569));
#1254 = CARTESIAN_POINT('',(10.659427726459,-0.275287651504));
#1255 = CARTESIAN_POINT('',(10.684700352675,-0.247901040406));
#1256 = CARTESIAN_POINT('',(10.709851642521,-0.2204072117));
#1257 = CARTESIAN_POINT('',(10.734876092612,-0.19283438094));
#1258 = CARTESIAN_POINT('',(10.759767561682,-0.165210665847));
#1259 = CARTESIAN_POINT('',(10.784519282394,-0.137564210354));
#1260 = CARTESIAN_POINT('',(10.809123958597,-0.109923151373));
#1261 = CARTESIAN_POINT('',(10.833573842013,-8.231562769487E-02));
#1262 = CARTESIAN_POINT('',(10.857860808069,-5.476977760853E-02));
#1263 = CARTESIAN_POINT('',(10.881976454498,-2.731373953692E-02));
#1264 = CARTESIAN_POINT('',(10.897933554726,-9.088347756888E-03));
#1265 = CARTESIAN_POINT('',(10.905880672473,0.));
#1266 = ( GEOMETRIC_REPRESENTATION_CONTEXT(2) 
PARAMETRIC_REPRESENTATION_CONTEXT() REPRESENTATION_CONTEXT('2D SPACE',''
  ) );
#1267 = PCURVE('',#654,#1268);
#1268 = DEFINITIONAL_REPRESENTATION('',(#1269),#1295);
#1269 = B_SPLINE_CURVE_WITH_KNOTS('',3,(#1270,#1271,#1272,#1273,#1274,
    #1275,#1276,#1277,#1278,#1279,#1280,#1281,#1282,#1283,#1284,#1285,
    #1286,#1287,#1288,#1289,#1290,#1291,#1292,#1293,#1294),
  .UNSPECIFIED.,.F.,.F.,(4,1,1,1,1,1,1,1,1,1,1,1,1,1,1,1,1,1,1,1,1,1,4),
  (0.744941730938,0.748663838166,0.752385945395,0.756108052624,
    0.759830159853,0.763552267082,0.767274374311,0.77099648154,
    0.774718588769,0.778440695998,0.782162803226,0.785884910455,
    0.789607017684,0.793329124913,0.797051232142,0.800773339371,
    0.8044954466,0.808217553829,0.811939661058,0.815661768286,
    0.819383875515,0.823105982744,0.826828089973),
  .QUASI_UNIFORM_KNOTS.);
#1270 = CARTESIAN_POINT('',(6.309840586361,0.414213563312));
#1271 = CARTESIAN_POINT('',(6.309551187536,0.422148857372));
#1272 = CARTESIAN_POINT('',(6.308983603182,0.438169706074));
#1273 = CARTESIAN_POINT('',(6.308166026377,0.462625285776));
#1274 = CARTESIAN_POINT('',(6.307382412358,0.487478685691));
#1275 = CARTESIAN_POINT('',(6.30663291288,0.512703459069));
#1276 = CARTESIAN_POINT('',(6.30591767287,0.538273187122));
#1277 = CARTESIAN_POINT('',(6.305236829608,0.564161480087));
#1278 = CARTESIAN_POINT('',(6.304590514104,0.590341989718));
#1279 = CARTESIAN_POINT('',(6.303978848999,0.616788363119));
#1280 = CARTESIAN_POINT('',(6.303401958163,0.643474419637));
#1281 = CARTESIAN_POINT('',(6.302859932989,0.670373494027));
#1282 = CARTESIAN_POINT('',(6.302352960226,0.69746089134));
#1283 = CARTESIAN_POINT('',(6.301880879222,0.724712903007));
#1284 = CARTESIAN_POINT('',(6.301443275871,0.752100063669));
#1285 = CARTESIAN_POINT('',(6.301039797481,0.779594392714));
#1286 = CARTESIAN_POINT('',(6.300670073147,0.807167567047));
#1287 = CARTESIAN_POINT('',(6.300333735668,0.834791409273));
#1288 = CARTESIAN_POINT('',(6.300030416235,0.86243775544));
#1289 = CARTESIAN_POINT('',(6.299759746405,0.890078489131));
#1290 = CARTESIAN_POINT('',(6.299521358079,0.917685530621));
#1291 = CARTESIAN_POINT('',(6.299314884082,0.945230839468));
#1292 = CARTESIAN_POINT('',(6.299139958276,0.972686408336));
#1293 = CARTESIAN_POINT('',(6.29904413065,0.990911655138));
#1294 = CARTESIAN_POINT('',(6.299001353483,0.999999999997));
#1295 = ( GEOMETRIC_REPRESENTATION_CONTEXT(2) 
PARAMETRIC_REPRESENTATION_CONTEXT() REPRESENTATION_CONTEXT('2D SPACE',''
  ) );
#1296 = ORIENTED_EDGE('',*,*,#483,.F.);
#1297 = ORIENTED_EDGE('',*,*,#1298,.F.);
#1298 = EDGE_CURVE('',#1299,#455,#1301,.T.);
#1299 = VERTEX_POINT('',#1300);
#1300 = CARTESIAN_POINT('',(-22.34659544796,-2.622912862629,9.));
#1301 = SURFACE_CURVE('',#1302,(#1309,#1338),.PCURVE_S1.);
#1302 = B_SPLINE_CURVE_WITH_KNOTS('',3,(#1303,#1304,#1305,#1306,#1307,
    #1308),.UNSPECIFIED.,.F.,.F.,(4,2,4),(0.452026596909,0.496045205605,
    0.533912955945),.UNSPECIFIED.);
#1303 = CARTESIAN_POINT('',(-22.34659544796,-2.622912862629,9.));
#1304 = CARTESIAN_POINT('',(-22.2411739975,-2.599078398782,8.89251883436
    ));
#1305 = CARTESIAN_POINT('',(-22.13424813588,-2.558955361105,
    8.781632328346));
#1306 = CARTESIAN_POINT('',(-21.9468421133,-2.452826871895,
    8.583448969996));
#1307 = CARTESIAN_POINT('',(-21.86466597958,-2.391266817632,
    8.494945155893));
#1308 = CARTESIAN_POINT('',(-21.79121397988,-2.318566233951,
    8.414213563313));
#1309 = PCURVE('',#558,#1310);
#1310 = DEFINITIONAL_REPRESENTATION('',(#1311),#1337);
#1311 = B_SPLINE_CURVE_WITH_KNOTS('',3,(#1312,#1313,#1314,#1315,#1316,
    #1317,#1318,#1319,#1320,#1321,#1322,#1323,#1324,#1325,#1326,#1327,
    #1328,#1329,#1330,#1331,#1332,#1333,#1334,#1335,#1336),
  .UNSPECIFIED.,.F.,.F.,(4,1,1,1,1,1,1,1,1,1,1,1,1,1,1,1,1,1,1,1,1,1,4),
  (0.452026596909,0.455748704138,0.459470811367,0.463192918596,
    0.466915025825,0.470637133054,0.474359240282,0.478081347511,
    0.48180345474,0.485525561969,0.489247669198,0.492969776427,
    0.496691883656,0.500413990885,0.504136098114,0.507858205342,
    0.511580312571,0.5153024198,0.519024527029,0.522746634258,
    0.526468741487,0.530190848716,0.533912955945),
  .QUASI_UNIFORM_KNOTS.);
#1312 = CARTESIAN_POINT('',(8.07633085787,0.));
#1313 = CARTESIAN_POINT('',(8.084277975617,-9.088347756887E-03));
#1314 = CARTESIAN_POINT('',(8.100235075846,-2.731373953692E-02));
#1315 = CARTESIAN_POINT('',(8.124350722274,-5.476977760853E-02));
#1316 = CARTESIAN_POINT('',(8.14863768833,-8.231562769487E-02));
#1317 = CARTESIAN_POINT('',(8.173087571746,-0.109923151373));
#1318 = CARTESIAN_POINT('',(8.197692247949,-0.137564210354));
#1319 = CARTESIAN_POINT('',(8.222443968661,-0.165210665847));
#1320 = CARTESIAN_POINT('',(8.247335437732,-0.19283438094));
#1321 = CARTESIAN_POINT('',(8.272359887822,-0.2204072117));
#1322 = CARTESIAN_POINT('',(8.297511177668,-0.247901040406));
#1323 = CARTESIAN_POINT('',(8.322783803884,-0.275287651504));
#1324 = CARTESIAN_POINT('',(8.348173228424,-0.30253919457));
#1325 = CARTESIAN_POINT('',(8.373675020305,-0.329626456483));
#1326 = CARTESIAN_POINT('',(8.399288653081,-0.35652571699));
#1327 = CARTESIAN_POINT('',(8.425010510933,-0.383212043436));
#1328 = CARTESIAN_POINT('',(8.450836181977,-0.409658684254));
#1329 = CARTESIAN_POINT('',(8.476761676801,-0.435839375252));
#1330 = CARTESIAN_POINT('',(8.502783191079,-0.461727721649));
#1331 = CARTESIAN_POINT('',(8.528897260037,-0.487297363652));
#1332 = CARTESIAN_POINT('',(8.555100800429,-0.512521932095));
#1333 = CARTESIAN_POINT('',(8.581391207305,-0.537375060323));
#1334 = CARTESIAN_POINT('',(8.607766338562,-0.561830381007));
#1335 = CARTESIAN_POINT('',(8.625405370102,-0.577851145004));
#1336 = CARTESIAN_POINT('',(8.63423853079,-0.585786436687));
#1337 = ( GEOMETRIC_REPRESENTATION_CONTEXT(2) 
PARAMETRIC_REPRESENTATION_CONTEXT() REPRESENTATION_CONTEXT('2D SPACE',''
  ) );
#1338 = PCURVE('',#471,#1339);
#1339 = DEFINITIONAL_REPRESENTATION('',(#1340),#1366);
#1340 = B_SPLINE_CURVE_WITH_KNOTS('',3,(#1341,#1342,#1343,#1344,#1345,
    #1346,#1347,#1348,#1349,#1350,#1351,#1352,#1353,#1354,#1355,#1356,
    #1357,#1358,#1359,#1360,#1361,#1362,#1363,#1364,#1365),
  .UNSPECIFIED.,.F.,.F.,(4,1,1,1,1,1,1,1,1,1,1,1,1,1,1,1,1,1,1,1,1,1,4),
  (0.452026596909,0.455748704138,0.459470811367,0.463192918596,
    0.466915025825,0.470637133054,0.474359240282,0.478081347511,
    0.48180345474,0.485525561969,0.489247669198,0.492969776427,
    0.496691883656,0.500413990885,0.504136098114,0.507858205342,
    0.511580312571,0.5153024198,0.519024527029,0.522746634258,
    0.526468741487,0.530190848716,0.533912955945),
  .QUASI_UNIFORM_KNOTS.);
#1341 = CARTESIAN_POINT('',(0.116839562501,0.999999999997));
#1342 = CARTESIAN_POINT('',(0.116796785334,0.990911655138));
#1343 = CARTESIAN_POINT('',(0.116700957708,0.972686408336));
#1344 = CARTESIAN_POINT('',(0.116526031902,0.945230839468));
#1345 = CARTESIAN_POINT('',(0.116319557905,0.917685530621));
#1346 = CARTESIAN_POINT('',(0.116081169579,0.890078489131));
#1347 = CARTESIAN_POINT('',(0.115810499749,0.86243775544));
#1348 = CARTESIAN_POINT('',(0.115507180316,0.834791409273));
#1349 = CARTESIAN_POINT('',(0.115170842837,0.807167567047));
#1350 = CARTESIAN_POINT('',(0.114801118503,0.779594392714));
#1351 = CARTESIAN_POINT('',(0.114397640113,0.752100063669));
#1352 = CARTESIAN_POINT('',(0.113960036762,0.724712903007));
#1353 = CARTESIAN_POINT('',(0.113487955758,0.697460891339));
#1354 = CARTESIAN_POINT('',(0.112980982995,0.670373494027));
#1355 = CARTESIAN_POINT('',(0.112438957821,0.643474419637));
#1356 = CARTESIAN_POINT('',(0.111862066985,0.616788363119));
#1357 = CARTESIAN_POINT('',(0.11125040188,0.590341989718));
#1358 = CARTESIAN_POINT('',(0.110604086376,0.564161480087));
#1359 = CARTESIAN_POINT('',(0.109923243114,0.538273187122));
#1360 = CARTESIAN_POINT('',(0.109208003104,0.512703459069));
#1361 = CARTESIAN_POINT('',(0.108458503626,0.487478685691));
#1362 = CARTESIAN_POINT('',(0.107674889607,0.462625285776));
#1363 = CARTESIAN_POINT('',(0.106857312802,0.438169706074));
#1364 = CARTESIAN_POINT('',(0.106289728448,0.422148857372));
#1365 = CARTESIAN_POINT('',(0.106000329623,0.414213563312));
#1366 = ( GEOMETRIC_REPRESENTATION_CONTEXT(2) 
PARAMETRIC_REPRESENTATION_CONTEXT() REPRESENTATION_CONTEXT('2D SPACE',''
  ) );
#1367 = ORIENTED_EDGE('',*,*,#1368,.T.);
#1368 = EDGE_CURVE('',#1299,#1208,#1369,.T.);
#1369 = SURFACE_CURVE('',#1370,(#1375,#1382),.PCURVE_S1.);
#1370 = CIRCLE('',#1371,1.15);
#1371 = AXIS2_PLACEMENT_3D('',#1372,#1373,#1374);
#1372 = CARTESIAN_POINT('',(-22.60019531141,-1.501223462992,9.));
#1373 = DIRECTION('',(0.,0.,-1.));
#1374 = DIRECTION('',(-1.,0.,0.));
#1375 = PCURVE('',#558,#1376);
#1376 = DEFINITIONAL_REPRESENTATION('',(#1377),#1381);
#1377 = LINE('',#1378,#1379);
#1378 = CARTESIAN_POINT('',(12.566370614359,0.));
#1379 = VECTOR('',#1380,1.);
#1380 = DIRECTION('',(-1.,0.));
#1381 = ( GEOMETRIC_REPRESENTATION_CONTEXT(2) 
PARAMETRIC_REPRESENTATION_CONTEXT() REPRESENTATION_CONTEXT('2D SPACE',''
  ) );
#1382 = PCURVE('',#1383,#1388);
#1383 = PLANE('',#1384);
#1384 = AXIS2_PLACEMENT_3D('',#1385,#1386,#1387);
#1385 = CARTESIAN_POINT('',(-13.,-4.28E-15,9.));
#1386 = DIRECTION('',(0.,0.,1.));
#1387 = DIRECTION('',(1.,0.,-0.));
#1388 = DEFINITIONAL_REPRESENTATION('',(#1389),#1397);
#1389 = ( BOUNDED_CURVE() B_SPLINE_CURVE(2,(#1390,#1391,#1392,#1393,
#1394,#1395,#1396),.UNSPECIFIED.,.T.,.F.) B_SPLINE_CURVE_WITH_KNOTS((1,2
    ,2,2,2,1),(-2.094395102393,0.,2.094395102393,4.188790204786,
6.28318530718,8.377580409573),.UNSPECIFIED.) CURVE() 
GEOMETRIC_REPRESENTATION_ITEM() RATIONAL_B_SPLINE_CURVE((1.,0.5,1.,0.5,
1.,0.5,1.)) REPRESENTATION_ITEM('') );
#1390 = CARTESIAN_POINT('',(-10.75019531141,-1.501223462992));
#1391 = CARTESIAN_POINT('',(-10.75019531141,0.490634965712));
#1392 = CARTESIAN_POINT('',(-9.025195311416,-0.50529424864));
#1393 = CARTESIAN_POINT('',(-7.300195311416,-1.501223462992));
#1394 = CARTESIAN_POINT('',(-9.025195311416,-2.497152677344));
#1395 = CARTESIAN_POINT('',(-10.75019531141,-3.493081891696));
#1396 = CARTESIAN_POINT('',(-10.75019531141,-1.501223462992));
#1397 = ( GEOMETRIC_REPRESENTATION_CONTEXT(2) 
PARAMETRIC_REPRESENTATION_CONTEXT() REPRESENTATION_CONTEXT('2D SPACE',''
  ) );
#1398 = ORIENTED_EDGE('',*,*,#1207,.F.);
#1399 = ORIENTED_EDGE('',*,*,#1400,.F.);
#1400 = EDGE_CURVE('',#1175,#1173,#1401,.T.);
#1401 = SURFACE_CURVE('',#1402,(#1407,#1414),.PCURVE_S1.);
#1402 = CIRCLE('',#1403,1.15);
#1403 = AXIS2_PLACEMENT_3D('',#1404,#1405,#1406);
#1404 = CARTESIAN_POINT('',(-22.60019531141,-1.501223462992,1.5));
#1405 = DIRECTION('',(0.,0.,-1.));
#1406 = DIRECTION('',(-1.,0.,0.));
#1407 = PCURVE('',#558,#1408);
#1408 = DEFINITIONAL_REPRESENTATION('',(#1409),#1413);
#1409 = LINE('',#1410,#1411);
#1410 = CARTESIAN_POINT('',(12.566370614359,-7.5));
#1411 = VECTOR('',#1412,1.);
#1412 = DIRECTION('',(-1.,0.));
#1413 = ( GEOMETRIC_REPRESENTATION_CONTEXT(2) 
PARAMETRIC_REPRESENTATION_CONTEXT() REPRESENTATION_CONTEXT('2D SPACE',''
  ) );
#1414 = PCURVE('',#1191,#1415);
#1415 = DEFINITIONAL_REPRESENTATION('',(#1416),#1424);
#1416 = ( BOUNDED_CURVE() B_SPLINE_CURVE(2,(#1417,#1418,#1419,#1420,
#1421,#1422,#1423),.UNSPECIFIED.,.T.,.F.) B_SPLINE_CURVE_WITH_KNOTS((1,2
    ,2,2,2,1),(-2.094395102393,0.,2.094395102393,4.188790204786,
6.28318530718,8.377580409573),.UNSPECIFIED.) CURVE() 
GEOMETRIC_REPRESENTATION_ITEM() RATIONAL_B_SPLINE_CURVE((1.,0.5,1.,0.5,
1.,0.5,1.)) REPRESENTATION_ITEM('') );
#1417 = CARTESIAN_POINT('',(-1.15,0.));
#1418 = CARTESIAN_POINT('',(-1.15,1.991858428704));
#1419 = CARTESIAN_POINT('',(0.575,0.995929214352));
#1420 = CARTESIAN_POINT('',(2.3,2.816687638039E-16));
#1421 = CARTESIAN_POINT('',(0.575,-0.995929214352));
#1422 = CARTESIAN_POINT('',(-1.15,-1.991858428704));
#1423 = CARTESIAN_POINT('',(-1.15,0.));
#1424 = ( GEOMETRIC_REPRESENTATION_CONTEXT(2) 
PARAMETRIC_REPRESENTATION_CONTEXT() REPRESENTATION_CONTEXT('2D SPACE',''
  ) );
#1425 = ADVANCED_FACE('',(#1426),#741,.F.);
#1426 = FACE_BOUND('',#1427,.F.);
#1427 = EDGE_LOOP('',(#1428,#1463,#1485,#1513,#1581,#1582,#1650,#1651));
#1428 = ORIENTED_EDGE('',*,*,#1429,.F.);
#1429 = EDGE_CURVE('',#1430,#1432,#1434,.T.);
#1430 = VERTEX_POINT('',#1431);
#1431 = CARTESIAN_POINT('',(-10.94042109664,19.661057607061,1.5));
#1432 = VERTEX_POINT('',#1433);
#1433 = CARTESIAN_POINT('',(-8.85,20.322955001672,1.5));
#1434 = SURFACE_CURVE('',#1435,(#1440,#1447),.PCURVE_S1.);
#1435 = CIRCLE('',#1436,1.15);
#1436 = AXIS2_PLACEMENT_3D('',#1437,#1438,#1439);
#1437 = CARTESIAN_POINT('',(-10.,20.322955001672,1.5));
#1438 = DIRECTION('',(0.,0.,-1.));
#1439 = DIRECTION('',(-1.,0.,0.));
#1440 = PCURVE('',#741,#1441);
#1441 = DEFINITIONAL_REPRESENTATION('',(#1442),#1446);
#1442 = LINE('',#1443,#1444);
#1443 = CARTESIAN_POINT('',(12.566370614359,-7.5));
#1444 = VECTOR('',#1445,1.);
#1445 = DIRECTION('',(-1.,0.));
#1446 = ( GEOMETRIC_REPRESENTATION_CONTEXT(2) 
PARAMETRIC_REPRESENTATION_CONTEXT() REPRESENTATION_CONTEXT('2D SPACE',''
  ) );
#1447 = PCURVE('',#1448,#1453);
#1448 = PLANE('',#1449);
#1449 = AXIS2_PLACEMENT_3D('',#1450,#1451,#1452);
#1450 = CARTESIAN_POINT('',(-10.,20.322955001672,1.5));
#1451 = DIRECTION('',(0.,0.,1.));
#1452 = DIRECTION('',(1.,0.,-0.));
#1453 = DEFINITIONAL_REPRESENTATION('',(#1454),#1462);
#1454 = ( BOUNDED_CURVE() B_SPLINE_CURVE(2,(#1455,#1456,#1457,#1458,
#1459,#1460,#1461),.UNSPECIFIED.,.T.,.F.) B_SPLINE_CURVE_WITH_KNOTS((1,2
    ,2,2,2,1),(-2.094395102393,0.,2.094395102393,4.188790204786,
6.28318530718,8.377580409573),.UNSPECIFIED.) CURVE() 
GEOMETRIC_REPRESENTATION_ITEM() RATIONAL_B_SPLINE_CURVE((1.,0.5,1.,0.5,
1.,0.5,1.)) REPRESENTATION_ITEM('') );
#1455 = CARTESIAN_POINT('',(-1.15,0.));
#1456 = CARTESIAN_POINT('',(-1.15,1.991858428704));
#1457 = CARTESIAN_POINT('',(0.575,0.995929214352));
#1458 = CARTESIAN_POINT('',(2.3,2.816687638039E-16));
#1459 = CARTESIAN_POINT('',(0.575,-0.995929214352));
#1460 = CARTESIAN_POINT('',(-1.15,-1.991858428704));
#1461 = CARTESIAN_POINT('',(-1.15,0.));
#1462 = ( GEOMETRIC_REPRESENTATION_CONTEXT(2) 
PARAMETRIC_REPRESENTATION_CONTEXT() REPRESENTATION_CONTEXT('2D SPACE',''
  ) );
#1463 = ORIENTED_EDGE('',*,*,#1464,.T.);
#1464 = EDGE_CURVE('',#1430,#1465,#1467,.T.);
#1465 = VERTEX_POINT('',#1466);
#1466 = CARTESIAN_POINT('',(-10.94042109664,19.661057607061,9.));
#1467 = SEAM_CURVE('',#1468,(#1471,#1478),.PCURVE_S1.);
#1468 = B_SPLINE_CURVE_WITH_KNOTS('',1,(#1469,#1470),.UNSPECIFIED.,.F.,
  .F.,(2,2),(-7.5,0.),.PIECEWISE_BEZIER_KNOTS.);
#1469 = CARTESIAN_POINT('',(-10.94042109664,19.661057607061,1.5));
#1470 = CARTESIAN_POINT('',(-10.94042109664,19.661057607061,9.));
#1471 = PCURVE('',#741,#1472);
#1472 = DEFINITIONAL_REPRESENTATION('',(#1473),#1477);
#1473 = LINE('',#1474,#1475);
#1474 = CARTESIAN_POINT('',(6.896477697869,0.));
#1475 = VECTOR('',#1476,1.);
#1476 = DIRECTION('',(0.,1.));
#1477 = ( GEOMETRIC_REPRESENTATION_CONTEXT(2) 
PARAMETRIC_REPRESENTATION_CONTEXT() REPRESENTATION_CONTEXT('2D SPACE',''
  ) );
#1478 = PCURVE('',#741,#1479);
#1479 = DEFINITIONAL_REPRESENTATION('',(#1480),#1484);
#1480 = LINE('',#1481,#1482);
#1481 = CARTESIAN_POINT('',(0.61329239069,0.));
#1482 = VECTOR('',#1483,1.);
#1483 = DIRECTION('',(0.,1.));
#1484 = ( GEOMETRIC_REPRESENTATION_CONTEXT(2) 
PARAMETRIC_REPRESENTATION_CONTEXT() REPRESENTATION_CONTEXT('2D SPACE',''
  ) );
#1485 = ORIENTED_EDGE('',*,*,#1486,.T.);
#1486 = EDGE_CURVE('',#1465,#1487,#1489,.T.);
#1487 = VERTEX_POINT('',#1488);
#1488 = CARTESIAN_POINT('',(-8.901788553034,20.664175777347,9.));
#1489 = SURFACE_CURVE('',#1490,(#1495,#1502),.PCURVE_S1.);
#1490 = CIRCLE('',#1491,1.15);
#1491 = AXIS2_PLACEMENT_3D('',#1492,#1493,#1494);
#1492 = CARTESIAN_POINT('',(-10.,20.322955001672,9.));
#1493 = DIRECTION('',(0.,0.,-1.));
#1494 = DIRECTION('',(-1.,0.,0.));
#1495 = PCURVE('',#741,#1496);
#1496 = DEFINITIONAL_REPRESENTATION('',(#1497),#1501);
#1497 = LINE('',#1498,#1499);
#1498 = CARTESIAN_POINT('',(12.566370614359,0.));
#1499 = VECTOR('',#1500,1.);
#1500 = DIRECTION('',(-1.,0.));
#1501 = ( GEOMETRIC_REPRESENTATION_CONTEXT(2) 
PARAMETRIC_REPRESENTATION_CONTEXT() REPRESENTATION_CONTEXT('2D SPACE',''
  ) );
#1502 = PCURVE('',#1383,#1503);
#1503 = DEFINITIONAL_REPRESENTATION('',(#1504),#1512);
#1504 = ( BOUNDED_CURVE() B_SPLINE_CURVE(2,(#1505,#1506,#1507,#1508,
#1509,#1510,#1511),.UNSPECIFIED.,.T.,.F.) B_SPLINE_CURVE_WITH_KNOTS((1,2
    ,2,2,2,1),(-2.094395102393,0.,2.094395102393,4.188790204786,
6.28318530718,8.377580409573),.UNSPECIFIED.) CURVE() 
GEOMETRIC_REPRESENTATION_ITEM() RATIONAL_B_SPLINE_CURVE((1.,0.5,1.,0.5,
1.,0.5,1.)) REPRESENTATION_ITEM('') );
#1505 = CARTESIAN_POINT('',(1.85,20.322955001672));
#1506 = CARTESIAN_POINT('',(1.85,22.314813430377));
#1507 = CARTESIAN_POINT('',(3.575,21.318884216025));
#1508 = CARTESIAN_POINT('',(5.3,20.322955001672));
#1509 = CARTESIAN_POINT('',(3.575,19.32702578732));
#1510 = CARTESIAN_POINT('',(1.85,18.331096572968));
#1511 = CARTESIAN_POINT('',(1.85,20.322955001672));
#1512 = ( GEOMETRIC_REPRESENTATION_CONTEXT(2) 
PARAMETRIC_REPRESENTATION_CONTEXT() REPRESENTATION_CONTEXT('2D SPACE',''
  ) );
#1513 = ORIENTED_EDGE('',*,*,#1514,.F.);
#1514 = EDGE_CURVE('',#667,#1487,#1515,.T.);
#1515 = SURFACE_CURVE('',#1516,(#1523,#1552),.PCURVE_S1.);
#1516 = B_SPLINE_CURVE_WITH_KNOTS('',3,(#1517,#1518,#1519,#1520,#1521,
    #1522),.UNSPECIFIED.,.F.,.F.,(4,2,4),(0.744941730938,0.782809481278,
    0.826828089973),.UNSPECIFIED.);
#1517 = CARTESIAN_POINT('',(-8.887669730986,20.031028002861,
    8.414213563313));
#1518 = CARTESIAN_POINT('',(-8.861435178495,20.130989592396,
    8.494945155893));
#1519 = CARTESIAN_POINT('',(-8.849210674507,20.232936238917,
    8.583448969996));
#1520 = CARTESIAN_POINT('',(-8.851003718073,20.448298859894,
    8.781632328346));
#1521 = CARTESIAN_POINT('',(-8.869719078977,20.560960891216,
    8.89251883436));
#1522 = CARTESIAN_POINT('',(-8.901788553034,20.664175777347,9.));
#1523 = PCURVE('',#741,#1524);
#1524 = DEFINITIONAL_REPRESENTATION('',(#1525),#1551);
#1525 = B_SPLINE_CURVE_WITH_KNOTS('',3,(#1526,#1527,#1528,#1529,#1530,
    #1531,#1532,#1533,#1534,#1535,#1536,#1537,#1538,#1539,#1540,#1541,
    #1542,#1543,#1544,#1545,#1546,#1547,#1548,#1549,#1550),
  .UNSPECIFIED.,.F.,.F.,(4,1,1,1,1,1,1,1,1,1,1,1,1,1,1,1,1,1,1,1,1,1,4),
  (0.744941730938,0.748663838166,0.752385945395,0.756108052624,
    0.759830159853,0.763552267082,0.767274374311,0.77099648154,
    0.774718588769,0.778440695998,0.782162803226,0.785884910455,
    0.789607017684,0.793329124913,0.797051232142,0.800773339371,
    0.8044954466,0.808217553829,0.811939661058,0.815661768286,
    0.819383875515,0.823105982744,0.826828089973),
  .QUASI_UNIFORM_KNOTS.);
#1526 = CARTESIAN_POINT('',(2.884934532372,-0.585786436687));
#1527 = CARTESIAN_POINT('',(2.89376769306,-0.577851145004));
#1528 = CARTESIAN_POINT('',(2.911406724601,-0.561830381007));
#1529 = CARTESIAN_POINT('',(2.937781855858,-0.537375060323));
#1530 = CARTESIAN_POINT('',(2.964072262733,-0.512521932095));
#1531 = CARTESIAN_POINT('',(2.990275803126,-0.487297363652));
#1532 = CARTESIAN_POINT('',(3.016389872084,-0.461727721649));
#1533 = CARTESIAN_POINT('',(3.042411386362,-0.435839375252));
#1534 = CARTESIAN_POINT('',(3.068336881186,-0.409658684254));
#1535 = CARTESIAN_POINT('',(3.09416255223,-0.383212043436));
#1536 = CARTESIAN_POINT('',(3.119884410082,-0.35652571699));
#1537 = CARTESIAN_POINT('',(3.145498042858,-0.329626456483));
#1538 = CARTESIAN_POINT('',(3.170999834739,-0.302539194569));
#1539 = CARTESIAN_POINT('',(3.196389259279,-0.275287651504));
#1540 = CARTESIAN_POINT('',(3.221661885495,-0.247901040406));
#1541 = CARTESIAN_POINT('',(3.24681317534,-0.2204072117));
#1542 = CARTESIAN_POINT('',(3.271837625431,-0.19283438094));
#1543 = CARTESIAN_POINT('',(3.296729094502,-0.165210665847));
#1544 = CARTESIAN_POINT('',(3.321480815213,-0.137564210354));
#1545 = CARTESIAN_POINT('',(3.346085491416,-0.109923151373));
#1546 = CARTESIAN_POINT('',(3.370535374832,-8.231562769487E-02));
#1547 = CARTESIAN_POINT('',(3.394822340888,-5.476977760852E-02));
#1548 = CARTESIAN_POINT('',(3.418937987317,-2.731373953692E-02));
#1549 = CARTESIAN_POINT('',(3.434895087546,-9.088347756889E-03));
#1550 = CARTESIAN_POINT('',(3.442842205292,0.));
#1551 = ( GEOMETRIC_REPRESENTATION_CONTEXT(2) 
PARAMETRIC_REPRESENTATION_CONTEXT() REPRESENTATION_CONTEXT('2D SPACE',''
  ) );
#1552 = PCURVE('',#814,#1553);
#1553 = DEFINITIONAL_REPRESENTATION('',(#1554),#1580);
#1554 = B_SPLINE_CURVE_WITH_KNOTS('',3,(#1555,#1556,#1557,#1558,#1559,
    #1560,#1561,#1562,#1563,#1564,#1565,#1566,#1567,#1568,#1569,#1570,
    #1571,#1572,#1573,#1574,#1575,#1576,#1577,#1578,#1579),
  .UNSPECIFIED.,.F.,.F.,(4,1,1,1,1,1,1,1,1,1,1,1,1,1,1,1,1,1,1,1,1,1,4),
  (0.744941730938,0.748663838166,0.752385945395,0.756108052624,
    0.759830159853,0.763552267082,0.767274374311,0.77099648154,
    0.774718588769,0.778440695998,0.782162803226,0.785884910455,
    0.789607017684,0.793329124913,0.797051232142,0.800773339371,
    0.8044954466,0.808217553829,0.811939661058,0.815661768286,
    0.819383875515,0.823105982744,0.826828089973),
  .QUASI_UNIFORM_KNOTS.);
#1555 = CARTESIAN_POINT('',(5.12998742636,0.414213563312));
#1556 = CARTESIAN_POINT('',(5.129698027535,0.422148857372));
#1557 = CARTESIAN_POINT('',(5.129130443181,0.438169706074));
#1558 = CARTESIAN_POINT('',(5.128312866376,0.462625285776));
#1559 = CARTESIAN_POINT('',(5.127529252357,0.487478685691));
#1560 = CARTESIAN_POINT('',(5.126779752879,0.512703459069));
#1561 = CARTESIAN_POINT('',(5.126064512869,0.538273187122));
#1562 = CARTESIAN_POINT('',(5.125383669607,0.564161480087));
#1563 = CARTESIAN_POINT('',(5.124737354103,0.590341989718));
#1564 = CARTESIAN_POINT('',(5.124125688998,0.616788363119));
#1565 = CARTESIAN_POINT('',(5.123548798162,0.643474419637));
#1566 = CARTESIAN_POINT('',(5.123006772988,0.670373494027));
#1567 = CARTESIAN_POINT('',(5.122499800225,0.69746089134));
#1568 = CARTESIAN_POINT('',(5.122027719221,0.724712903007));
#1569 = CARTESIAN_POINT('',(5.12159011587,0.752100063669));
#1570 = CARTESIAN_POINT('',(5.12118663748,0.779594392714));
#1571 = CARTESIAN_POINT('',(5.120816913146,0.807167567047));
#1572 = CARTESIAN_POINT('',(5.120480575667,0.834791409273));
#1573 = CARTESIAN_POINT('',(5.120177256234,0.86243775544));
#1574 = CARTESIAN_POINT('',(5.119906586404,0.890078489131));
#1575 = CARTESIAN_POINT('',(5.119668198078,0.917685530621));
#1576 = CARTESIAN_POINT('',(5.119461724081,0.945230839469));
#1577 = CARTESIAN_POINT('',(5.119286798275,0.972686408336));
#1578 = CARTESIAN_POINT('',(5.119190970649,0.990911655138));
#1579 = CARTESIAN_POINT('',(5.119148193482,0.999999999997));
#1580 = ( GEOMETRIC_REPRESENTATION_CONTEXT(2) 
PARAMETRIC_REPRESENTATION_CONTEXT() REPRESENTATION_CONTEXT('2D SPACE',''
  ) );
#1581 = ORIENTED_EDGE('',*,*,#666,.F.);
#1582 = ORIENTED_EDGE('',*,*,#1583,.F.);
#1583 = EDGE_CURVE('',#1465,#638,#1584,.T.);
#1584 = SURFACE_CURVE('',#1585,(#1592,#1621),.PCURVE_S1.);
#1585 = B_SPLINE_CURVE_WITH_KNOTS('',3,(#1586,#1587,#1588,#1589,#1590,
    #1591),.UNSPECIFIED.,.F.,.F.,(4,2,4),(0.452026596909,0.496045205605,
    0.533912955945),.UNSPECIFIED.);
#1586 = CARTESIAN_POINT('',(-10.94042109664,19.661057607061,9.));
#1587 = CARTESIAN_POINT('',(-10.87821298143,19.572672572765,
    8.89251883436));
#1588 = CARTESIAN_POINT('',(-10.80037199239,19.489103568581,
    8.781632328346));
#1589 = CARTESIAN_POINT('',(-10.63083784111,19.356278702421,
    8.583448969996));
#1590 = CARTESIAN_POINT('',(-10.54260840284,19.303760863006,
    8.494945155893));
#1591 = CARTESIAN_POINT('',(-10.447403411,19.263554139003,8.414213563313
    ));
#1592 = PCURVE('',#741,#1593);
#1593 = DEFINITIONAL_REPRESENTATION('',(#1594),#1620);
#1594 = B_SPLINE_CURVE_WITH_KNOTS('',3,(#1595,#1596,#1597,#1598,#1599,
    #1600,#1601,#1602,#1603,#1604,#1605,#1606,#1607,#1608,#1609,#1610,
    #1611,#1612,#1613,#1614,#1615,#1616,#1617,#1618,#1619),
  .UNSPECIFIED.,.F.,.F.,(4,1,1,1,1,1,1,1,1,1,1,1,1,1,1,1,1,1,1,1,1,1,4),
  (0.452026596909,0.455748704138,0.459470811367,0.463192918596,
    0.466915025825,0.470637133054,0.474359240282,0.478081347511,
    0.48180345474,0.485525561969,0.489247669198,0.492969776427,
    0.496691883656,0.500413990885,0.504136098114,0.507858205342,
    0.511580312571,0.5153024198,0.519024527029,0.522746634258,
    0.526468741487,0.530190848716,0.533912955945),
  .QUASI_UNIFORM_KNOTS.);
#1595 = CARTESIAN_POINT('',(0.61329239069,0.));
#1596 = CARTESIAN_POINT('',(0.621239508436,-9.088347756888E-03));
#1597 = CARTESIAN_POINT('',(0.637196608665,-2.731373953692E-02));
#1598 = CARTESIAN_POINT('',(0.661312255094,-5.476977760853E-02));
#1599 = CARTESIAN_POINT('',(0.68559922115,-8.231562769487E-02));
#1600 = CARTESIAN_POINT('',(0.710049104566,-0.109923151373));
#1601 = CARTESIAN_POINT('',(0.734653780769,-0.137564210354));
#1602 = CARTESIAN_POINT('',(0.75940550148,-0.165210665847));
#1603 = CARTESIAN_POINT('',(0.784296970551,-0.19283438094));
#1604 = CARTESIAN_POINT('',(0.809321420642,-0.2204072117));
#1605 = CARTESIAN_POINT('',(0.834472710487,-0.247901040406));
#1606 = CARTESIAN_POINT('',(0.859745336703,-0.275287651504));
#1607 = CARTESIAN_POINT('',(0.885134761243,-0.302539194569));
#1608 = CARTESIAN_POINT('',(0.910636553124,-0.329626456483));
#1609 = CARTESIAN_POINT('',(0.9362501859,-0.35652571699));
#1610 = CARTESIAN_POINT('',(0.961972043752,-0.383212043436));
#1611 = CARTESIAN_POINT('',(0.987797714796,-0.409658684254));
#1612 = CARTESIAN_POINT('',(1.01372320962,-0.435839375252));
#1613 = CARTESIAN_POINT('',(1.039744723898,-0.461727721649));
#1614 = CARTESIAN_POINT('',(1.065858792856,-0.487297363652));
#1615 = CARTESIAN_POINT('',(1.092062333249,-0.512521932095));
#1616 = CARTESIAN_POINT('',(1.118352740124,-0.537375060323));
#1617 = CARTESIAN_POINT('',(1.144727871381,-0.561830381007));
#1618 = CARTESIAN_POINT('',(1.162366902922,-0.577851145004));
#1619 = CARTESIAN_POINT('',(1.17120006361,-0.585786436687));
#1620 = ( GEOMETRIC_REPRESENTATION_CONTEXT(2) 
PARAMETRIC_REPRESENTATION_CONTEXT() REPRESENTATION_CONTEXT('2D SPACE',''
  ) );
#1621 = PCURVE('',#654,#1622);
#1622 = DEFINITIONAL_REPRESENTATION('',(#1623),#1649);
#1623 = B_SPLINE_CURVE_WITH_KNOTS('',3,(#1624,#1625,#1626,#1627,#1628,
    #1629,#1630,#1631,#1632,#1633,#1634,#1635,#1636,#1637,#1638,#1639,
    #1640,#1641,#1642,#1643,#1644,#1645,#1646,#1647,#1648),
  .UNSPECIFIED.,.F.,.F.,(4,1,1,1,1,1,1,1,1,1,1,1,1,1,1,1,1,1,1,1,1,1,4),
  (0.452026596909,0.455748704138,0.459470811367,0.463192918596,
    0.466915025825,0.470637133054,0.474359240282,0.478081347511,
    0.48180345474,0.485525561969,0.489247669198,0.492969776427,
    0.496691883656,0.500413990885,0.504136098114,0.507858205342,
    0.511580312571,0.5153024198,0.519024527029,0.522746634258,
    0.526468741487,0.530190848716,0.533912955945),
  .QUASI_UNIFORM_KNOTS.);
#1624 = CARTESIAN_POINT('',(5.220171709679,0.999999999997));
#1625 = CARTESIAN_POINT('',(5.220128932513,0.990911655138));
#1626 = CARTESIAN_POINT('',(5.220033104886,0.972686408336));
#1627 = CARTESIAN_POINT('',(5.21985817908,0.945230839468));
#1628 = CARTESIAN_POINT('',(5.219651705083,0.917685530621));
#1629 = CARTESIAN_POINT('',(5.219413316758,0.890078489131));
#1630 = CARTESIAN_POINT('',(5.219142646927,0.86243775544));
#1631 = CARTESIAN_POINT('',(5.218839327495,0.834791409273));
#1632 = CARTESIAN_POINT('',(5.218502990016,0.807167567047));
#1633 = CARTESIAN_POINT('',(5.218133265682,0.779594392714));
#1634 = CARTESIAN_POINT('',(5.217729787292,0.752100063669));
#1635 = CARTESIAN_POINT('',(5.217292183941,0.724712903007));
#1636 = CARTESIAN_POINT('',(5.216820102937,0.69746089134));
#1637 = CARTESIAN_POINT('',(5.216313130174,0.670373494027));
#1638 = CARTESIAN_POINT('',(5.215771105,0.643474419637));
#1639 = CARTESIAN_POINT('',(5.215194214164,0.616788363119));
#1640 = CARTESIAN_POINT('',(5.214582549058,0.590341989718));
#1641 = CARTESIAN_POINT('',(5.213936233554,0.564161480087));
#1642 = CARTESIAN_POINT('',(5.213255390293,0.538273187122));
#1643 = CARTESIAN_POINT('',(5.212540150283,0.512703459069));
#1644 = CARTESIAN_POINT('',(5.211790650805,0.487478685691));
#1645 = CARTESIAN_POINT('',(5.211007036786,0.462625285776));
#1646 = CARTESIAN_POINT('',(5.210189459981,0.438169706074));
#1647 = CARTESIAN_POINT('',(5.209621875627,0.422148857372));
#1648 = CARTESIAN_POINT('',(5.209332476801,0.414213563312));
#1649 = ( GEOMETRIC_REPRESENTATION_CONTEXT(2) 
PARAMETRIC_REPRESENTATION_CONTEXT() REPRESENTATION_CONTEXT('2D SPACE',''
  ) );
#1650 = ORIENTED_EDGE('',*,*,#1464,.F.);
#1651 = ORIENTED_EDGE('',*,*,#1652,.F.);
#1652 = EDGE_CURVE('',#1432,#1430,#1653,.T.);
#1653 = SURFACE_CURVE('',#1654,(#1659,#1666),.PCURVE_S1.);
#1654 = CIRCLE('',#1655,1.15);
#1655 = AXIS2_PLACEMENT_3D('',#1656,#1657,#1658);
#1656 = CARTESIAN_POINT('',(-10.,20.322955001672,1.5));
#1657 = DIRECTION('',(0.,0.,-1.));
#1658 = DIRECTION('',(-1.,0.,0.));
#1659 = PCURVE('',#741,#1660);
#1660 = DEFINITIONAL_REPRESENTATION('',(#1661),#1665);
#1661 = LINE('',#1662,#1663);
#1662 = CARTESIAN_POINT('',(6.28318530718,-7.5));
#1663 = VECTOR('',#1664,1.);
#1664 = DIRECTION('',(-1.,0.));
#1665 = ( GEOMETRIC_REPRESENTATION_CONTEXT(2) 
PARAMETRIC_REPRESENTATION_CONTEXT() REPRESENTATION_CONTEXT('2D SPACE',''
  ) );
#1666 = PCURVE('',#1448,#1667);
#1667 = DEFINITIONAL_REPRESENTATION('',(#1668),#1676);
#1668 = ( BOUNDED_CURVE() B_SPLINE_CURVE(2,(#1669,#1670,#1671,#1672,
#1673,#1674,#1675),.UNSPECIFIED.,.T.,.F.) B_SPLINE_CURVE_WITH_KNOTS((1,2
    ,2,2,2,1),(-2.094395102393,0.,2.094395102393,4.188790204786,
6.28318530718,8.377580409573),.UNSPECIFIED.) CURVE() 
GEOMETRIC_REPRESENTATION_ITEM() RATIONAL_B_SPLINE_CURVE((1.,0.5,1.,0.5,
1.,0.5,1.)) REPRESENTATION_ITEM('') );
#1669 = CARTESIAN_POINT('',(-1.15,0.));
#1670 = CARTESIAN_POINT('',(-1.15,1.991858428704));
#1671 = CARTESIAN_POINT('',(0.575,0.995929214352));
#1672 = CARTESIAN_POINT('',(2.3,2.816687638039E-16));
#1673 = CARTESIAN_POINT('',(0.575,-0.995929214352));
#1674 = CARTESIAN_POINT('',(-1.15,-1.991858428704));
#1675 = CARTESIAN_POINT('',(-1.15,0.));
#1676 = ( GEOMETRIC_REPRESENTATION_CONTEXT(2) 
PARAMETRIC_REPRESENTATION_CONTEXT() REPRESENTATION_CONTEXT('2D SPACE',''
  ) );
#1677 = ADVANCED_FACE('',(#1678),#901,.F.);
#1678 = FACE_BOUND('',#1679,.F.);
#1679 = EDGE_LOOP('',(#1680,#1750,#1778,#1846,#1847,#1869,#1902,#1928));
#1680 = ORIENTED_EDGE('',*,*,#1681,.F.);
#1681 = EDGE_CURVE('',#1682,#798,#1684,.T.);
#1682 = VERTEX_POINT('',#1683);
#1683 = CARTESIAN_POINT('',(8.901788553034,20.664175777347,9.));
#1684 = SURFACE_CURVE('',#1685,(#1692,#1721),.PCURVE_S1.);
#1685 = B_SPLINE_CURVE_WITH_KNOTS('',3,(#1686,#1687,#1688,#1689,#1690,
    #1691),.UNSPECIFIED.,.F.,.F.,(4,2,4),(0.452026596909,0.496045205605,
    0.533912955945),.UNSPECIFIED.);
#1686 = CARTESIAN_POINT('',(8.901788553034,20.664175777347,9.));
#1687 = CARTESIAN_POINT('',(8.869719078977,20.560960891216,8.89251883436
    ));
#1688 = CARTESIAN_POINT('',(8.851003718073,20.448298859894,
    8.781632328346));
#1689 = CARTESIAN_POINT('',(8.849210674507,20.232936238917,
    8.583448969996));
#1690 = CARTESIAN_POINT('',(8.861435178495,20.130989592396,
    8.494945155893));
#1691 = CARTESIAN_POINT('',(8.887669730986,20.031028002861,
    8.414213563313));
#1692 = PCURVE('',#901,#1693);
#1693 = DEFINITIONAL_REPRESENTATION('',(#1694),#1720);
#1694 = B_SPLINE_CURVE_WITH_KNOTS('',3,(#1695,#1696,#1697,#1698,#1699,
    #1700,#1701,#1702,#1703,#1704,#1705,#1706,#1707,#1708,#1709,#1710,
    #1711,#1712,#1713,#1714,#1715,#1716,#1717,#1718,#1719),
  .UNSPECIFIED.,.F.,.F.,(4,1,1,1,1,1,1,1,1,1,1,1,1,1,1,1,1,1,1,1,1,1,4),
  (0.452026596909,0.455748704138,0.459470811367,0.463192918596,
    0.466915025825,0.470637133054,0.474359240282,0.478081347511,
    0.48180345474,0.485525561969,0.489247669198,0.492969776427,
    0.496691883656,0.500413990885,0.504136098114,0.507858205342,
    0.511580312571,0.5153024198,0.519024527029,0.522746634258,
    0.526468741487,0.530190848716,0.533912955945),
  .QUASI_UNIFORM_KNOTS.);
#1695 = CARTESIAN_POINT('',(5.981935755477,0.));
#1696 = CARTESIAN_POINT('',(5.989882873224,-9.088347756888E-03));
#1697 = CARTESIAN_POINT('',(6.005839973452,-2.731373953692E-02));
#1698 = CARTESIAN_POINT('',(6.029955619881,-5.476977760853E-02));
#1699 = CARTESIAN_POINT('',(6.054242585937,-8.231562769487E-02));
#1700 = CARTESIAN_POINT('',(6.078692469353,-0.109923151373));
#1701 = CARTESIAN_POINT('',(6.103297145556,-0.137564210354));
#1702 = CARTESIAN_POINT('',(6.128048866268,-0.165210665847));
#1703 = CARTESIAN_POINT('',(6.152940335338,-0.19283438094));
#1704 = CARTESIAN_POINT('',(6.177964785429,-0.2204072117));
#1705 = CARTESIAN_POINT('',(6.203116075275,-0.247901040406));
#1706 = CARTESIAN_POINT('',(6.228388701491,-0.275287651504));
#1707 = CARTESIAN_POINT('',(6.253778126031,-0.302539194569));
#1708 = CARTESIAN_POINT('',(6.279279917912,-0.329626456483));
#1709 = CARTESIAN_POINT('',(6.304893550688,-0.35652571699));
#1710 = CARTESIAN_POINT('',(6.33061540854,-0.383212043436));
#1711 = CARTESIAN_POINT('',(6.356441079584,-0.409658684254));
#1712 = CARTESIAN_POINT('',(6.382366574408,-0.435839375252));
#1713 = CARTESIAN_POINT('',(6.408388088686,-0.461727721649));
#1714 = CARTESIAN_POINT('',(6.434502157644,-0.487297363652));
#1715 = CARTESIAN_POINT('',(6.460705698036,-0.512521932095));
#1716 = CARTESIAN_POINT('',(6.486996104912,-0.537375060323));
#1717 = CARTESIAN_POINT('',(6.513371236168,-0.561830381007));
#1718 = CARTESIAN_POINT('',(6.531010267709,-0.577851145004));
#1719 = CARTESIAN_POINT('',(6.539843428397,-0.585786436687));
#1720 = ( GEOMETRIC_REPRESENTATION_CONTEXT(2) 
PARAMETRIC_REPRESENTATION_CONTEXT() REPRESENTATION_CONTEXT('2D SPACE',''
  ) );
#1721 = PCURVE('',#814,#1722);
#1722 = DEFINITIONAL_REPRESENTATION('',(#1723),#1749);
#1723 = B_SPLINE_CURVE_WITH_KNOTS('',3,(#1724,#1725,#1726,#1727,#1728,
    #1729,#1730,#1731,#1732,#1733,#1734,#1735,#1736,#1737,#1738,#1739,
    #1740,#1741,#1742,#1743,#1744,#1745,#1746,#1747,#1748),
  .UNSPECIFIED.,.F.,.F.,(4,1,1,1,1,1,1,1,1,1,1,1,1,1,1,1,1,1,1,1,1,1,4),
  (0.452026596909,0.455748704138,0.459470811367,0.463192918596,
    0.466915025825,0.470637133054,0.474359240282,0.478081347511,
    0.48180345474,0.485525561969,0.489247669198,0.492969776427,
    0.496691883656,0.500413990885,0.504136098114,0.507858205342,
    0.511580312571,0.5153024198,0.519024527029,0.522746634258,
    0.526468741487,0.530190848716,0.533912955945),
  .QUASI_UNIFORM_KNOTS.);
#1724 = CARTESIAN_POINT('',(4.305629767287,0.999999999997));
#1725 = CARTESIAN_POINT('',(4.30558699012,0.990911655138));
#1726 = CARTESIAN_POINT('',(4.305491162494,0.972686408336));
#1727 = CARTESIAN_POINT('',(4.305316236688,0.945230839469));
#1728 = CARTESIAN_POINT('',(4.305109762691,0.917685530621));
#1729 = CARTESIAN_POINT('',(4.304871374365,0.890078489131));
#1730 = CARTESIAN_POINT('',(4.304600704535,0.86243775544));
#1731 = CARTESIAN_POINT('',(4.304297385103,0.834791409273));
#1732 = CARTESIAN_POINT('',(4.303961047624,0.807167567047));
#1733 = CARTESIAN_POINT('',(4.30359132329,0.779594392714));
#1734 = CARTESIAN_POINT('',(4.3031878449,0.752100063669));
#1735 = CARTESIAN_POINT('',(4.302750241549,0.724712903007));
#1736 = CARTESIAN_POINT('',(4.302278160545,0.69746089134));
#1737 = CARTESIAN_POINT('',(4.301771187782,0.670373494027));
#1738 = CARTESIAN_POINT('',(4.301229162607,0.643474419637));
#1739 = CARTESIAN_POINT('',(4.300652271772,0.616788363119));
#1740 = CARTESIAN_POINT('',(4.300040606666,0.590341989718));
#1741 = CARTESIAN_POINT('',(4.299394291162,0.564161480087));
#1742 = CARTESIAN_POINT('',(4.298713447901,0.538273187122));
#1743 = CARTESIAN_POINT('',(4.297998207891,0.512703459069));
#1744 = CARTESIAN_POINT('',(4.297248708413,0.487478685691));
#1745 = CARTESIAN_POINT('',(4.296465094394,0.462625285776));
#1746 = CARTESIAN_POINT('',(4.295647517588,0.438169706074));
#1747 = CARTESIAN_POINT('',(4.295079933235,0.422148857372));
#1748 = CARTESIAN_POINT('',(4.294790534409,0.414213563312));
#1749 = ( GEOMETRIC_REPRESENTATION_CONTEXT(2) 
PARAMETRIC_REPRESENTATION_CONTEXT() REPRESENTATION_CONTEXT('2D SPACE',''
  ) );
#1750 = ORIENTED_EDGE('',*,*,#1751,.T.);
#1751 = EDGE_CURVE('',#1682,#1752,#1754,.T.);
#1752 = VERTEX_POINT('',#1753);
#1753 = CARTESIAN_POINT('',(10.940421096641,19.661057607061,9.));
#1754 = SURFACE_CURVE('',#1755,(#1760,#1767),.PCURVE_S1.);
#1755 = CIRCLE('',#1756,1.15);
#1756 = AXIS2_PLACEMENT_3D('',#1757,#1758,#1759);
#1757 = CARTESIAN_POINT('',(10.,20.322955001672,9.));
#1758 = DIRECTION('',(0.,0.,-1.));
#1759 = DIRECTION('',(-1.,0.,0.));
#1760 = PCURVE('',#901,#1761);
#1761 = DEFINITIONAL_REPRESENTATION('',(#1762),#1766);
#1762 = LINE('',#1763,#1764);
#1763 = CARTESIAN_POINT('',(6.28318530718,0.));
#1764 = VECTOR('',#1765,1.);
#1765 = DIRECTION('',(-1.,0.));
#1766 = ( GEOMETRIC_REPRESENTATION_CONTEXT(2) 
PARAMETRIC_REPRESENTATION_CONTEXT() REPRESENTATION_CONTEXT('2D SPACE',''
  ) );
#1767 = PCURVE('',#1383,#1768);
#1768 = DEFINITIONAL_REPRESENTATION('',(#1769),#1777);
#1769 = ( BOUNDED_CURVE() B_SPLINE_CURVE(2,(#1770,#1771,#1772,#1773,
#1774,#1775,#1776),.UNSPECIFIED.,.T.,.F.) B_SPLINE_CURVE_WITH_KNOTS((1,2
    ,2,2,2,1),(-2.094395102393,0.,2.094395102393,4.188790204786,
6.28318530718,8.377580409573),.UNSPECIFIED.) CURVE() 
GEOMETRIC_REPRESENTATION_ITEM() RATIONAL_B_SPLINE_CURVE((1.,0.5,1.,0.5,
1.,0.5,1.)) REPRESENTATION_ITEM('') );
#1770 = CARTESIAN_POINT('',(21.85,20.322955001672));
#1771 = CARTESIAN_POINT('',(21.85,22.314813430377));
#1772 = CARTESIAN_POINT('',(23.575,21.318884216025));
#1773 = CARTESIAN_POINT('',(25.3,20.322955001672));
#1774 = CARTESIAN_POINT('',(23.575,19.32702578732));
#1775 = CARTESIAN_POINT('',(21.85,18.331096572968));
#1776 = CARTESIAN_POINT('',(21.85,20.322955001672));
#1777 = ( GEOMETRIC_REPRESENTATION_CONTEXT(2) 
PARAMETRIC_REPRESENTATION_CONTEXT() REPRESENTATION_CONTEXT('2D SPACE',''
  ) );
#1778 = ORIENTED_EDGE('',*,*,#1779,.F.);
#1779 = EDGE_CURVE('',#827,#1752,#1780,.T.);
#1780 = SURFACE_CURVE('',#1781,(#1788,#1817),.PCURVE_S1.);
#1781 = B_SPLINE_CURVE_WITH_KNOTS('',3,(#1782,#1783,#1784,#1785,#1786,
    #1787),.UNSPECIFIED.,.F.,.F.,(4,2,4),(0.744941730938,0.782809481278,
    0.826828089973),.UNSPECIFIED.);
#1782 = CARTESIAN_POINT('',(10.447403411001,19.263554139003,
    8.414213563313));
#1783 = CARTESIAN_POINT('',(10.542608402843,19.303760863006,
    8.494945155893));
#1784 = CARTESIAN_POINT('',(10.630837841115,19.356278702421,
    8.583448969996));
#1785 = CARTESIAN_POINT('',(10.800371992392,19.489103568581,
    8.781632328346));
#1786 = CARTESIAN_POINT('',(10.878212981433,19.572672572765,
    8.89251883436));
#1787 = CARTESIAN_POINT('',(10.940421096641,19.661057607061,9.));
#1788 = PCURVE('',#901,#1789);
#1789 = DEFINITIONAL_REPRESENTATION('',(#1790),#1816);
#1790 = B_SPLINE_CURVE_WITH_KNOTS('',3,(#1791,#1792,#1793,#1794,#1795,
    #1796,#1797,#1798,#1799,#1800,#1801,#1802,#1803,#1804,#1805,#1806,
    #1807,#1808,#1809,#1810,#1811,#1812,#1813,#1814,#1815),
  .UNSPECIFIED.,.F.,.F.,(4,1,1,1,1,1,1,1,1,1,1,1,1,1,1,1,1,1,1,1,1,1,4),
  (0.744941730938,0.748663838166,0.752385945395,0.756108052624,
    0.759830159853,0.763552267082,0.767274374311,0.77099648154,
    0.774718588769,0.778440695998,0.782162803226,0.785884910455,
    0.789607017684,0.793329124913,0.797051232142,0.800773339371,
    0.8044954466,0.808217553829,0.811939661058,0.815661768286,
    0.819383875515,0.823105982744,0.826828089973),
  .QUASI_UNIFORM_KNOTS.);
#1791 = CARTESIAN_POINT('',(1.97039258998,-0.585786436687));
#1792 = CARTESIAN_POINT('',(1.979225750668,-0.577851145004));
#1793 = CARTESIAN_POINT('',(1.996864782209,-0.561830381007));
#1794 = CARTESIAN_POINT('',(2.023239913465,-0.537375060323));
#1795 = CARTESIAN_POINT('',(2.049530320341,-0.512521932095));
#1796 = CARTESIAN_POINT('',(2.075733860734,-0.487297363652));
#1797 = CARTESIAN_POINT('',(2.101847929691,-0.461727721649));
#1798 = CARTESIAN_POINT('',(2.127869443969,-0.435839375252));
#1799 = CARTESIAN_POINT('',(2.153794938793,-0.409658684254));
#1800 = CARTESIAN_POINT('',(2.179620609837,-0.383212043436));
#1801 = CARTESIAN_POINT('',(2.20534246769,-0.35652571699));
#1802 = CARTESIAN_POINT('',(2.230956100466,-0.329626456483));
#1803 = CARTESIAN_POINT('',(2.256457892346,-0.302539194569));
#1804 = CARTESIAN_POINT('',(2.281847316886,-0.275287651504));
#1805 = CARTESIAN_POINT('',(2.307119943102,-0.247901040406));
#1806 = CARTESIAN_POINT('',(2.332271232948,-0.2204072117));
#1807 = CARTESIAN_POINT('',(2.357295683039,-0.19283438094));
#1808 = CARTESIAN_POINT('',(2.382187152109,-0.165210665847));
#1809 = CARTESIAN_POINT('',(2.406938872821,-0.137564210354));
#1810 = CARTESIAN_POINT('',(2.431543549024,-0.109923151373));
#1811 = CARTESIAN_POINT('',(2.45599343244,-8.231562769487E-02));
#1812 = CARTESIAN_POINT('',(2.480280398496,-5.476977760853E-02));
#1813 = CARTESIAN_POINT('',(2.504396044925,-2.731373953692E-02));
#1814 = CARTESIAN_POINT('',(2.520353145153,-9.088347756888E-03));
#1815 = CARTESIAN_POINT('',(2.5283002629,0.));
#1816 = ( GEOMETRIC_REPRESENTATION_CONTEXT(2) 
PARAMETRIC_REPRESENTATION_CONTEXT() REPRESENTATION_CONTEXT('2D SPACE',''
  ) );
#1817 = PCURVE('',#974,#1818);
#1818 = DEFINITIONAL_REPRESENTATION('',(#1819),#1845);
#1819 = B_SPLINE_CURVE_WITH_KNOTS('',3,(#1820,#1821,#1822,#1823,#1824,
    #1825,#1826,#1827,#1828,#1829,#1830,#1831,#1832,#1833,#1834,#1835,
    #1836,#1837,#1838,#1839,#1840,#1841,#1842,#1843,#1844),
  .UNSPECIFIED.,.F.,.F.,(4,1,1,1,1,1,1,1,1,1,1,1,1,1,1,1,1,1,1,1,1,1,4),
  (0.744941730938,0.748663838166,0.752385945395,0.756108052624,
    0.759830159853,0.763552267082,0.767274374311,0.77099648154,
    0.774718588769,0.778440695998,0.782162803226,0.785884910455,
    0.789607017684,0.793329124913,0.797051232142,0.800773339371,
    0.8044954466,0.808217553829,0.811939661058,0.815661768286,
    0.819383875515,0.823105982744,0.826828089973),
  .QUASI_UNIFORM_KNOTS.);
#1820 = CARTESIAN_POINT('',(4.215445483968,0.414213563312));
#1821 = CARTESIAN_POINT('',(4.215156085142,0.422148857372));
#1822 = CARTESIAN_POINT('',(4.214588500789,0.438169706074));
#1823 = CARTESIAN_POINT('',(4.213770923983,0.462625285776));
#1824 = CARTESIAN_POINT('',(4.212987309964,0.487478685691));
#1825 = CARTESIAN_POINT('',(4.212237810486,0.512703459069));
#1826 = CARTESIAN_POINT('',(4.211522570476,0.538273187122));
#1827 = CARTESIAN_POINT('',(4.210841727215,0.564161480087));
#1828 = CARTESIAN_POINT('',(4.210195411711,0.590341989718));
#1829 = CARTESIAN_POINT('',(4.209583746605,0.616788363119));
#1830 = CARTESIAN_POINT('',(4.20900685577,0.643474419637));
#1831 = CARTESIAN_POINT('',(4.208464830595,0.670373494027));
#1832 = CARTESIAN_POINT('',(4.207957857832,0.69746089134));
#1833 = CARTESIAN_POINT('',(4.207485776828,0.724712903007));
#1834 = CARTESIAN_POINT('',(4.207048173478,0.752100063669));
#1835 = CARTESIAN_POINT('',(4.206644695087,0.779594392714));
#1836 = CARTESIAN_POINT('',(4.206274970753,0.807167567047));
#1837 = CARTESIAN_POINT('',(4.205938633274,0.834791409273));
#1838 = CARTESIAN_POINT('',(4.205635313842,0.86243775544));
#1839 = CARTESIAN_POINT('',(4.205364644012,0.890078489131));
#1840 = CARTESIAN_POINT('',(4.205126255686,0.917685530621));
#1841 = CARTESIAN_POINT('',(4.204919781689,0.945230839469));
#1842 = CARTESIAN_POINT('',(4.204744855883,0.972686408336));
#1843 = CARTESIAN_POINT('',(4.204649028257,0.990911655138));
#1844 = CARTESIAN_POINT('',(4.20460625109,0.999999999997));
#1845 = ( GEOMETRIC_REPRESENTATION_CONTEXT(2) 
PARAMETRIC_REPRESENTATION_CONTEXT() REPRESENTATION_CONTEXT('2D SPACE',''
  ) );
#1846 = ORIENTED_EDGE('',*,*,#826,.F.);
#1847 = ORIENTED_EDGE('',*,*,#1848,.F.);
#1848 = EDGE_CURVE('',#1849,#798,#1851,.T.);
#1849 = VERTEX_POINT('',#1850);
#1850 = CARTESIAN_POINT('',(8.887669731112,20.031028002381,1.5));
#1851 = SEAM_CURVE('',#1852,(#1855,#1862),.PCURVE_S1.);
#1852 = B_SPLINE_CURVE_WITH_KNOTS('',1,(#1853,#1854),.UNSPECIFIED.,.F.,
  .F.,(2,2),(-7.5,-0.585786436491),.PIECEWISE_BEZIER_KNOTS.);
#1853 = CARTESIAN_POINT('',(8.887669731112,20.031028002381,1.5));
#1854 = CARTESIAN_POINT('',(8.887669731112,20.031028002381,
    8.414213563509));
#1855 = PCURVE('',#901,#1856);
#1856 = DEFINITIONAL_REPRESENTATION('',(#1857),#1861);
#1857 = LINE('',#1858,#1859);
#1858 = CARTESIAN_POINT('',(0.256658121649,0.));
#1859 = VECTOR('',#1860,1.);
#1860 = DIRECTION('',(0.,1.));
#1861 = ( GEOMETRIC_REPRESENTATION_CONTEXT(2) 
PARAMETRIC_REPRESENTATION_CONTEXT() REPRESENTATION_CONTEXT('2D SPACE',''
  ) );
#1862 = PCURVE('',#901,#1863);
#1863 = DEFINITIONAL_REPRESENTATION('',(#1864),#1868);
#1864 = LINE('',#1865,#1866);
#1865 = CARTESIAN_POINT('',(6.539843428829,0.));
#1866 = VECTOR('',#1867,1.);
#1867 = DIRECTION('',(0.,1.));
#1868 = ( GEOMETRIC_REPRESENTATION_CONTEXT(2) 
PARAMETRIC_REPRESENTATION_CONTEXT() REPRESENTATION_CONTEXT('2D SPACE',''
  ) );
#1869 = ORIENTED_EDGE('',*,*,#1870,.F.);
#1870 = EDGE_CURVE('',#1871,#1849,#1873,.T.);
#1871 = VERTEX_POINT('',#1872);
#1872 = CARTESIAN_POINT('',(11.15,20.322955001672,1.5));
#1873 = SURFACE_CURVE('',#1874,(#1879,#1886),.PCURVE_S1.);
#1874 = CIRCLE('',#1875,1.15);
#1875 = AXIS2_PLACEMENT_3D('',#1876,#1877,#1878);
#1876 = CARTESIAN_POINT('',(10.,20.322955001672,1.5));
#1877 = DIRECTION('',(0.,0.,-1.));
#1878 = DIRECTION('',(-1.,0.,0.));
#1879 = PCURVE('',#901,#1880);
#1880 = DEFINITIONAL_REPRESENTATION('',(#1881),#1885);
#1881 = LINE('',#1882,#1883);
#1882 = CARTESIAN_POINT('',(6.28318530718,-7.5));
#1883 = VECTOR('',#1884,1.);
#1884 = DIRECTION('',(-1.,0.));
#1885 = ( GEOMETRIC_REPRESENTATION_CONTEXT(2) 
PARAMETRIC_REPRESENTATION_CONTEXT() REPRESENTATION_CONTEXT('2D SPACE',''
  ) );
#1886 = PCURVE('',#1887,#1892);
#1887 = PLANE('',#1888);
#1888 = AXIS2_PLACEMENT_3D('',#1889,#1890,#1891);
#1889 = CARTESIAN_POINT('',(10.,20.322955001672,1.5));
#1890 = DIRECTION('',(0.,0.,1.));
#1891 = DIRECTION('',(1.,0.,-0.));
#1892 = DEFINITIONAL_REPRESENTATION('',(#1893),#1901);
#1893 = ( BOUNDED_CURVE() B_SPLINE_CURVE(2,(#1894,#1895,#1896,#1897,
#1898,#1899,#1900),.UNSPECIFIED.,.T.,.F.) B_SPLINE_CURVE_WITH_KNOTS((1,2
    ,2,2,2,1),(-2.094395102393,0.,2.094395102393,4.188790204786,
6.28318530718,8.377580409573),.UNSPECIFIED.) CURVE() 
GEOMETRIC_REPRESENTATION_ITEM() RATIONAL_B_SPLINE_CURVE((1.,0.5,1.,0.5,
1.,0.5,1.)) REPRESENTATION_ITEM('') );
#1894 = CARTESIAN_POINT('',(-1.15,0.));
#1895 = CARTESIAN_POINT('',(-1.15,1.991858428704));
#1896 = CARTESIAN_POINT('',(0.575,0.995929214352));
#1897 = CARTESIAN_POINT('',(2.3,2.816687638039E-16));
#1898 = CARTESIAN_POINT('',(0.575,-0.995929214352));
#1899 = CARTESIAN_POINT('',(-1.15,-1.991858428704));
#1900 = CARTESIAN_POINT('',(-1.15,0.));
#1901 = ( GEOMETRIC_REPRESENTATION_CONTEXT(2) 
PARAMETRIC_REPRESENTATION_CONTEXT() REPRESENTATION_CONTEXT('2D SPACE',''
  ) );
#1902 = ORIENTED_EDGE('',*,*,#1903,.F.);
#1903 = EDGE_CURVE('',#1849,#1871,#1904,.T.);
#1904 = SURFACE_CURVE('',#1905,(#1910,#1917),.PCURVE_S1.);
#1905 = CIRCLE('',#1906,1.15);
#1906 = AXIS2_PLACEMENT_3D('',#1907,#1908,#1909);
#1907 = CARTESIAN_POINT('',(10.,20.322955001672,1.5));
#1908 = DIRECTION('',(0.,0.,-1.));
#1909 = DIRECTION('',(-1.,0.,0.));
#1910 = PCURVE('',#901,#1911);
#1911 = DEFINITIONAL_REPRESENTATION('',(#1912),#1916);
#1912 = LINE('',#1913,#1914);
#1913 = CARTESIAN_POINT('',(12.566370614359,-7.5));
#1914 = VECTOR('',#1915,1.);
#1915 = DIRECTION('',(-1.,0.));
#1916 = ( GEOMETRIC_REPRESENTATION_CONTEXT(2) 
PARAMETRIC_REPRESENTATION_CONTEXT() REPRESENTATION_CONTEXT('2D SPACE',''
  ) );
#1917 = PCURVE('',#1887,#1918);
#1918 = DEFINITIONAL_REPRESENTATION('',(#1919),#1927);
#1919 = ( BOUNDED_CURVE() B_SPLINE_CURVE(2,(#1920,#1921,#1922,#1923,
#1924,#1925,#1926),.UNSPECIFIED.,.T.,.F.) B_SPLINE_CURVE_WITH_KNOTS((1,2
    ,2,2,2,1),(-2.094395102393,0.,2.094395102393,4.188790204786,
6.28318530718,8.377580409573),.UNSPECIFIED.) CURVE() 
GEOMETRIC_REPRESENTATION_ITEM() RATIONAL_B_SPLINE_CURVE((1.,0.5,1.,0.5,
1.,0.5,1.)) REPRESENTATION_ITEM('') );
#1920 = CARTESIAN_POINT('',(-1.15,0.));
#1921 = CARTESIAN_POINT('',(-1.15,1.991858428704));
#1922 = CARTESIAN_POINT('',(0.575,0.995929214352));
#1923 = CARTESIAN_POINT('',(2.3,2.816687638039E-16));
#1924 = CARTESIAN_POINT('',(0.575,-0.995929214352));
#1925 = CARTESIAN_POINT('',(-1.15,-1.991858428704));
#1926 = CARTESIAN_POINT('',(-1.15,0.));
#1927 = ( GEOMETRIC_REPRESENTATION_CONTEXT(2) 
PARAMETRIC_REPRESENTATION_CONTEXT() REPRESENTATION_CONTEXT('2D SPACE',''
  ) );
#1928 = ORIENTED_EDGE('',*,*,#1848,.T.);
#1929 = ADVANCED_FACE('',(#1930),#654,.F.);
#1930 = FACE_BOUND('',#1931,.F.);
#1931 = EDGE_LOOP('',(#1932,#1933,#1955,#1956));
#1932 = ORIENTED_EDGE('',*,*,#1229,.T.);
#1933 = ORIENTED_EDGE('',*,*,#1934,.F.);
#1934 = EDGE_CURVE('',#1465,#1208,#1935,.T.);
#1935 = SURFACE_CURVE('',#1936,(#1941,#1948),.PCURVE_S1.);
#1936 = CIRCLE('',#1937,22.5);
#1937 = AXIS2_PLACEMENT_3D('',#1938,#1939,#1940);
#1938 = CARTESIAN_POINT('',(0.,0.,9.));
#1939 = DIRECTION('',(0.,0.,1.));
#1940 = DIRECTION('',(-1.,0.,0.));
#1941 = PCURVE('',#654,#1942);
#1942 = DEFINITIONAL_REPRESENTATION('',(#1943),#1947);
#1943 = LINE('',#1944,#1945);
#1944 = CARTESIAN_POINT('',(0.,0.999999999997));
#1945 = VECTOR('',#1946,1.);
#1946 = DIRECTION('',(1.,1.598061325478E-15));
#1947 = ( GEOMETRIC_REPRESENTATION_CONTEXT(2) 
PARAMETRIC_REPRESENTATION_CONTEXT() REPRESENTATION_CONTEXT('2D SPACE',''
  ) );
#1948 = PCURVE('',#1383,#1949);
#1949 = DEFINITIONAL_REPRESENTATION('',(#1950),#1954);
#1950 = CIRCLE('',#1951,22.5);
#1951 = AXIS2_PLACEMENT_2D('',#1952,#1953);
#1952 = CARTESIAN_POINT('',(13.,4.28E-15));
#1953 = DIRECTION('',(-1.,0.));
#1954 = ( GEOMETRIC_REPRESENTATION_CONTEXT(2) 
PARAMETRIC_REPRESENTATION_CONTEXT() REPRESENTATION_CONTEXT('2D SPACE',''
  ) );
#1955 = ORIENTED_EDGE('',*,*,#1583,.T.);
#1956 = ORIENTED_EDGE('',*,*,#637,.T.);
#1957 = ADVANCED_FACE('',(#1958),#814,.F.);
#1958 = FACE_BOUND('',#1959,.F.);
#1959 = EDGE_LOOP('',(#1960,#1961,#1983,#1984));
#1960 = ORIENTED_EDGE('',*,*,#1514,.T.);
#1961 = ORIENTED_EDGE('',*,*,#1962,.F.);
#1962 = EDGE_CURVE('',#1682,#1487,#1963,.T.);
#1963 = SURFACE_CURVE('',#1964,(#1969,#1976),.PCURVE_S1.);
#1964 = CIRCLE('',#1965,22.5);
#1965 = AXIS2_PLACEMENT_3D('',#1966,#1967,#1968);
#1966 = CARTESIAN_POINT('',(0.,0.,9.));
#1967 = DIRECTION('',(0.,0.,1.));
#1968 = DIRECTION('',(-1.,0.,0.));
#1969 = PCURVE('',#814,#1970);
#1970 = DEFINITIONAL_REPRESENTATION('',(#1971),#1975);
#1971 = LINE('',#1972,#1973);
#1972 = CARTESIAN_POINT('',(0.,0.999999999997));
#1973 = VECTOR('',#1974,1.);
#1974 = DIRECTION('',(1.,2.121320343554E-15));
#1975 = ( GEOMETRIC_REPRESENTATION_CONTEXT(2) 
PARAMETRIC_REPRESENTATION_CONTEXT() REPRESENTATION_CONTEXT('2D SPACE',''
  ) );
#1976 = PCURVE('',#1383,#1977);
#1977 = DEFINITIONAL_REPRESENTATION('',(#1978),#1982);
#1978 = CIRCLE('',#1979,22.5);
#1979 = AXIS2_PLACEMENT_2D('',#1980,#1981);
#1980 = CARTESIAN_POINT('',(13.,4.28E-15));
#1981 = DIRECTION('',(-1.,0.));
#1982 = ( GEOMETRIC_REPRESENTATION_CONTEXT(2) 
PARAMETRIC_REPRESENTATION_CONTEXT() REPRESENTATION_CONTEXT('2D SPACE',''
  ) );
#1983 = ORIENTED_EDGE('',*,*,#1681,.T.);
#1984 = ORIENTED_EDGE('',*,*,#797,.T.);
#1985 = ADVANCED_FACE('',(#1986),#974,.F.);
#1986 = FACE_BOUND('',#1987,.F.);
#1987 = EDGE_LOOP('',(#1988,#1989,#2013,#2081));
#1988 = ORIENTED_EDGE('',*,*,#1779,.T.);
#1989 = ORIENTED_EDGE('',*,*,#1990,.F.);
#1990 = EDGE_CURVE('',#1991,#1752,#1993,.T.);
#1991 = VERTEX_POINT('',#1992);
#1992 = CARTESIAN_POINT('',(22.497185901305,-0.355846205741,9.));
#1993 = SURFACE_CURVE('',#1994,(#1999,#2006),.PCURVE_S1.);
#1994 = CIRCLE('',#1995,22.5);
#1995 = AXIS2_PLACEMENT_3D('',#1996,#1997,#1998);
#1996 = CARTESIAN_POINT('',(0.,0.,9.));
#1997 = DIRECTION('',(0.,0.,1.));
#1998 = DIRECTION('',(-1.,0.,0.));
#1999 = PCURVE('',#974,#2000);
#2000 = DEFINITIONAL_REPRESENTATION('',(#2001),#2005);
#2001 = LINE('',#2002,#2003);
#2002 = CARTESIAN_POINT('',(0.,0.999999999997));
#2003 = VECTOR('',#2004,1.);
#2004 = DIRECTION('',(1.,0.));
#2005 = ( GEOMETRIC_REPRESENTATION_CONTEXT(2) 
PARAMETRIC_REPRESENTATION_CONTEXT() REPRESENTATION_CONTEXT('2D SPACE',''
  ) );
#2006 = PCURVE('',#1383,#2007);
#2007 = DEFINITIONAL_REPRESENTATION('',(#2008),#2012);
#2008 = CIRCLE('',#2009,22.5);
#2009 = AXIS2_PLACEMENT_2D('',#2010,#2011);
#2010 = CARTESIAN_POINT('',(13.,4.28E-15));
#2011 = DIRECTION('',(-1.,0.));
#2012 = ( GEOMETRIC_REPRESENTATION_CONTEXT(2) 
PARAMETRIC_REPRESENTATION_CONTEXT() REPRESENTATION_CONTEXT('2D SPACE',''
  ) );
#2013 = ORIENTED_EDGE('',*,*,#2014,.T.);
#2014 = EDGE_CURVE('',#1991,#958,#2015,.T.);
#2015 = SURFACE_CURVE('',#2016,(#2023,#2052),.PCURVE_S1.);
#2016 = B_SPLINE_CURVE_WITH_KNOTS('',3,(#2017,#2018,#2019,#2020,#2021,
    #2022),.UNSPECIFIED.,.F.,.F.,(4,2,4),(0.452026596909,0.496045205605,
    0.533912955945),.UNSPECIFIED.);
#2017 = CARTESIAN_POINT('',(22.497185901305,-0.355846205741,9.));
#2018 = CARTESIAN_POINT('',(22.389538158686,-0.365527496684,
    8.89251883436));
#2019 = CARTESIAN_POINT('',(22.278244783573,-0.391155268557,
    8.781632328346));
#2020 = CARTESIAN_POINT('',(22.078447999586,-0.471563717292,
    8.583448969996));
#2021 = CARTESIAN_POINT('',(21.988851497365,-0.52171373249,
    8.494945155893));
#2022 = CARTESIAN_POINT('',(21.906428957054,-0.584060311991,
    8.414213563313));
#2023 = PCURVE('',#974,#2024);
#2024 = DEFINITIONAL_REPRESENTATION('',(#2025),#2051);
#2025 = B_SPLINE_CURVE_WITH_KNOTS('',3,(#2026,#2027,#2028,#2029,#2030,
    #2031,#2032,#2033,#2034,#2035,#2036,#2037,#2038,#2039,#2040,#2041,
    #2042,#2043,#2044,#2045,#2046,#2047,#2048,#2049,#2050),
  .UNSPECIFIED.,.F.,.F.,(4,1,1,1,1,1,1,1,1,1,1,1,1,1,1,1,1,1,1,1,1,1,4),
  (0.452026596909,0.455748704138,0.459470811367,0.463192918596,
    0.466915025825,0.470637133054,0.474359240282,0.478081347511,
    0.48180345474,0.485525561969,0.489247669198,0.492969776427,
    0.496691883656,0.500413990885,0.504136098114,0.507858205342,
    0.511580312571,0.5153024198,0.519024527029,0.522746634258,
    0.526468741487,0.530190848716,0.533912955945),
  .QUASI_UNIFORM_KNOTS.);
#2026 = CARTESIAN_POINT('',(3.125776607286,0.999999999997));
#2027 = CARTESIAN_POINT('',(3.125733830119,0.990911655138));
#2028 = CARTESIAN_POINT('',(3.125638002493,0.972686408336));
#2029 = CARTESIAN_POINT('',(3.125463076687,0.945230839468));
#2030 = CARTESIAN_POINT('',(3.12525660269,0.917685530621));
#2031 = CARTESIAN_POINT('',(3.125018214364,0.890078489131));
#2032 = CARTESIAN_POINT('',(3.124747544534,0.86243775544));
#2033 = CARTESIAN_POINT('',(3.124444225102,0.834791409273));
#2034 = CARTESIAN_POINT('',(3.124107887623,0.807167567047));
#2035 = CARTESIAN_POINT('',(3.123738163289,0.779594392714));
#2036 = CARTESIAN_POINT('',(3.123334684899,0.752100063669));
#2037 = CARTESIAN_POINT('',(3.122897081548,0.724712903007));
#2038 = CARTESIAN_POINT('',(3.122425000544,0.69746089134));
#2039 = CARTESIAN_POINT('',(3.121918027781,0.670373494027));
#2040 = CARTESIAN_POINT('',(3.121376002606,0.643474419637));
#2041 = CARTESIAN_POINT('',(3.120799111771,0.616788363119));
#2042 = CARTESIAN_POINT('',(3.120187446665,0.590341989718));
#2043 = CARTESIAN_POINT('',(3.119541131161,0.564161480087));
#2044 = CARTESIAN_POINT('',(3.1188602879,0.538273187122));
#2045 = CARTESIAN_POINT('',(3.11814504789,0.512703459069));
#2046 = CARTESIAN_POINT('',(3.117395548412,0.487478685691));
#2047 = CARTESIAN_POINT('',(3.116611934393,0.462625285776));
#2048 = CARTESIAN_POINT('',(3.115794357587,0.438169706074));
#2049 = CARTESIAN_POINT('',(3.115226773234,0.422148857372));
#2050 = CARTESIAN_POINT('',(3.114937374408,0.414213563312));
#2051 = ( GEOMETRIC_REPRESENTATION_CONTEXT(2) 
PARAMETRIC_REPRESENTATION_CONTEXT() REPRESENTATION_CONTEXT('2D SPACE',''
  ) );
#2052 = PCURVE('',#1059,#2053);
#2053 = DEFINITIONAL_REPRESENTATION('',(#2054),#2080);
#2054 = B_SPLINE_CURVE_WITH_KNOTS('',3,(#2055,#2056,#2057,#2058,#2059,
    #2060,#2061,#2062,#2063,#2064,#2065,#2066,#2067,#2068,#2069,#2070,
    #2071,#2072,#2073,#2074,#2075,#2076,#2077,#2078,#2079),
  .UNSPECIFIED.,.F.,.F.,(4,1,1,1,1,1,1,1,1,1,1,1,1,1,1,1,1,1,1,1,1,1,4),
  (0.452026596909,0.455748704138,0.459470811367,0.463192918596,
    0.466915025825,0.470637133054,0.474359240282,0.478081347511,
    0.48180345474,0.485525561969,0.489247669198,0.492969776427,
    0.496691883656,0.500413990885,0.504136098114,0.507858205342,
    0.511580312571,0.5153024198,0.519024527029,0.522746634258,
    0.526468741487,0.530190848716,0.533912955945),
  .QUASI_UNIFORM_KNOTS.);
#2055 = CARTESIAN_POINT('',(4.802082595476,0.));
#2056 = CARTESIAN_POINT('',(4.810029713223,-9.088347756886E-03));
#2057 = CARTESIAN_POINT('',(4.825986813451,-2.731373953692E-02));
#2058 = CARTESIAN_POINT('',(4.85010245988,-5.476977760853E-02));
#2059 = CARTESIAN_POINT('',(4.874389425936,-8.231562769487E-02));
#2060 = CARTESIAN_POINT('',(4.898839309352,-0.109923151373));
#2061 = CARTESIAN_POINT('',(4.923443985555,-0.137564210354));
#2062 = CARTESIAN_POINT('',(4.948195706267,-0.165210665847));
#2063 = CARTESIAN_POINT('',(4.973087175337,-0.19283438094));
#2064 = CARTESIAN_POINT('',(4.998111625428,-0.2204072117));
#2065 = CARTESIAN_POINT('',(5.023262915274,-0.247901040406));
#2066 = CARTESIAN_POINT('',(5.04853554149,-0.275287651504));
#2067 = CARTESIAN_POINT('',(5.07392496603,-0.302539194569));
#2068 = CARTESIAN_POINT('',(5.099426757911,-0.329626456483));
#2069 = CARTESIAN_POINT('',(5.125040390687,-0.35652571699));
#2070 = CARTESIAN_POINT('',(5.150762248539,-0.383212043436));
#2071 = CARTESIAN_POINT('',(5.176587919583,-0.409658684254));
#2072 = CARTESIAN_POINT('',(5.202513414407,-0.435839375252));
#2073 = CARTESIAN_POINT('',(5.228534928685,-0.461727721649));
#2074 = CARTESIAN_POINT('',(5.254648997643,-0.487297363652));
#2075 = CARTESIAN_POINT('',(5.280852538035,-0.512521932095));
#2076 = CARTESIAN_POINT('',(5.307142944911,-0.537375060323));
#2077 = CARTESIAN_POINT('',(5.333518076167,-0.561830381007));
#2078 = CARTESIAN_POINT('',(5.351157107708,-0.577851145004));
#2079 = CARTESIAN_POINT('',(5.359990268396,-0.585786436687));
#2080 = ( GEOMETRIC_REPRESENTATION_CONTEXT(2) 
PARAMETRIC_REPRESENTATION_CONTEXT() REPRESENTATION_CONTEXT('2D SPACE',''
  ) );
#2081 = ORIENTED_EDGE('',*,*,#957,.T.);
#2082 = ADVANCED_FACE('',(#2083),#151,.F.);
#2083 = FACE_BOUND('',#2084,.F.);
#2084 = EDGE_LOOP('',(#2085,#2155,#2179,#2247));
#2085 = ORIENTED_EDGE('',*,*,#2086,.T.);
#2086 = EDGE_CURVE('',#135,#2087,#2089,.T.);
#2087 = VERTEX_POINT('',#2088);
#2088 = CARTESIAN_POINT('',(22.346595447966,-2.622912862629,9.));
#2089 = SURFACE_CURVE('',#2090,(#2097,#2126),.PCURVE_S1.);
#2090 = B_SPLINE_CURVE_WITH_KNOTS('',3,(#2091,#2092,#2093,#2094,#2095,
    #2096),.UNSPECIFIED.,.F.,.F.,(4,2,4),(0.744941730938,0.782809481278,
    0.826828089973),.UNSPECIFIED.);
#2091 = CARTESIAN_POINT('',(21.791213979888,-2.318566233951,
    8.414213563313));
#2092 = CARTESIAN_POINT('',(21.864665979583,-2.391266817632,
    8.494945155893));
#2093 = CARTESIAN_POINT('',(21.946842113306,-2.452826871895,
    8.583448969996));
#2094 = CARTESIAN_POINT('',(22.134248135882,-2.558955361105,
    8.781632328346));
#2095 = CARTESIAN_POINT('',(22.2411739975,-2.599078398782,8.89251883436)
  );
#2096 = CARTESIAN_POINT('',(22.346595447966,-2.622912862629,9.));
#2097 = PCURVE('',#151,#2098);
#2098 = DEFINITIONAL_REPRESENTATION('',(#2099),#2125);
#2099 = B_SPLINE_CURVE_WITH_KNOTS('',3,(#2100,#2101,#2102,#2103,#2104,
    #2105,#2106,#2107,#2108,#2109,#2110,#2111,#2112,#2113,#2114,#2115,
    #2116,#2117,#2118,#2119,#2120,#2121,#2122,#2123,#2124),
  .UNSPECIFIED.,.F.,.F.,(4,1,1,1,1,1,1,1,1,1,1,1,1,1,1,1,1,1,1,1,1,1,4),
  (0.744941730938,0.748663838166,0.752385945395,0.756108052624,
    0.759830159853,0.763552267082,0.767274374311,0.77099648154,
    0.774718588769,0.778440695998,0.782162803226,0.785884910455,
    0.789607017684,0.793329124913,0.797051232142,0.800773339371,
    0.8044954466,0.808217553829,0.811939661058,0.815661768286,
    0.819383875515,0.823105982744,0.826828089973),
  .QUASI_UNIFORM_KNOTS.);
#2100 = CARTESIAN_POINT('',(3.035592323967,0.414213563312));
#2101 = CARTESIAN_POINT('',(3.035302925141,0.422148857372));
#2102 = CARTESIAN_POINT('',(3.034735340788,0.438169706074));
#2103 = CARTESIAN_POINT('',(3.033917763982,0.462625285776));
#2104 = CARTESIAN_POINT('',(3.033134149963,0.487478685691));
#2105 = CARTESIAN_POINT('',(3.032384650485,0.512703459069));
#2106 = CARTESIAN_POINT('',(3.031669410475,0.538273187122));
#2107 = CARTESIAN_POINT('',(3.030988567214,0.564161480087));
#2108 = CARTESIAN_POINT('',(3.03034225171,0.590341989718));
#2109 = CARTESIAN_POINT('',(3.029730586604,0.616788363119));
#2110 = CARTESIAN_POINT('',(3.029153695769,0.643474419637));
#2111 = CARTESIAN_POINT('',(3.028611670594,0.670373494027));
#2112 = CARTESIAN_POINT('',(3.028104697831,0.697460891339));
#2113 = CARTESIAN_POINT('',(3.027632616827,0.724712903007));
#2114 = CARTESIAN_POINT('',(3.027195013477,0.752100063669));
#2115 = CARTESIAN_POINT('',(3.026791535086,0.779594392714));
#2116 = CARTESIAN_POINT('',(3.026421810752,0.807167567047));
#2117 = CARTESIAN_POINT('',(3.026085473273,0.834791409273));
#2118 = CARTESIAN_POINT('',(3.025782153841,0.86243775544));
#2119 = CARTESIAN_POINT('',(3.025511484011,0.890078489131));
#2120 = CARTESIAN_POINT('',(3.025273095685,0.917685530621));
#2121 = CARTESIAN_POINT('',(3.025066621688,0.945230839468));
#2122 = CARTESIAN_POINT('',(3.024891695882,0.972686408336));
#2123 = CARTESIAN_POINT('',(3.024795868256,0.990911655138));
#2124 = CARTESIAN_POINT('',(3.024753091089,0.999999999997));
#2125 = ( GEOMETRIC_REPRESENTATION_CONTEXT(2) 
PARAMETRIC_REPRESENTATION_CONTEXT() REPRESENTATION_CONTEXT('2D SPACE',''
  ) );
#2126 = PCURVE('',#1059,#2127);
#2127 = DEFINITIONAL_REPRESENTATION('',(#2128),#2154);
#2128 = B_SPLINE_CURVE_WITH_KNOTS('',3,(#2129,#2130,#2131,#2132,#2133,
    #2134,#2135,#2136,#2137,#2138,#2139,#2140,#2141,#2142,#2143,#2144,
    #2145,#2146,#2147,#2148,#2149,#2150,#2151,#2152,#2153),
  .UNSPECIFIED.,.F.,.F.,(4,1,1,1,1,1,1,1,1,1,1,1,1,1,1,1,1,1,1,1,1,1,4),
  (0.744941730938,0.748663838166,0.752385945395,0.756108052624,
    0.759830159853,0.763552267082,0.767274374311,0.77099648154,
    0.774718588769,0.778440695998,0.782162803226,0.785884910455,
    0.789607017684,0.793329124913,0.797051232142,0.800773339371,
    0.8044954466,0.808217553829,0.811939661058,0.815661768286,
    0.819383875515,0.823105982744,0.826828089973),
  .QUASI_UNIFORM_KNOTS.);
#2129 = CARTESIAN_POINT('',(0.790539429979,-0.585786436687));
#2130 = CARTESIAN_POINT('',(0.799372590667,-0.577851145004));
#2131 = CARTESIAN_POINT('',(0.817011622208,-0.561830381007));
#2132 = CARTESIAN_POINT('',(0.843386753465,-0.537375060323));
#2133 = CARTESIAN_POINT('',(0.86967716034,-0.512521932095));
#2134 = CARTESIAN_POINT('',(0.895880700733,-0.487297363652));
#2135 = CARTESIAN_POINT('',(0.92199476969,-0.461727721649));
#2136 = CARTESIAN_POINT('',(0.948016283968,-0.435839375252));
#2137 = CARTESIAN_POINT('',(0.973941778792,-0.409658684254));
#2138 = CARTESIAN_POINT('',(0.999767449836,-0.383212043436));
#2139 = CARTESIAN_POINT('',(1.025489307689,-0.35652571699));
#2140 = CARTESIAN_POINT('',(1.051102940465,-0.329626456483));
#2141 = CARTESIAN_POINT('',(1.076604732345,-0.302539194569));
#2142 = CARTESIAN_POINT('',(1.101994156885,-0.275287651504));
#2143 = CARTESIAN_POINT('',(1.127266783101,-0.247901040406));
#2144 = CARTESIAN_POINT('',(1.152418072947,-0.2204072117));
#2145 = CARTESIAN_POINT('',(1.177442523038,-0.19283438094));
#2146 = CARTESIAN_POINT('',(1.202333992108,-0.165210665847));
#2147 = CARTESIAN_POINT('',(1.22708571282,-0.137564210354));
#2148 = CARTESIAN_POINT('',(1.251690389023,-0.109923151373));
#2149 = CARTESIAN_POINT('',(1.276140272439,-8.231562769487E-02));
#2150 = CARTESIAN_POINT('',(1.300427238495,-5.476977760853E-02));
#2151 = CARTESIAN_POINT('',(1.324542884924,-2.731373953692E-02));
#2152 = CARTESIAN_POINT('',(1.340499985152,-9.088347756888E-03));
#2153 = CARTESIAN_POINT('',(1.348447102899,0.));
#2154 = ( GEOMETRIC_REPRESENTATION_CONTEXT(2) 
PARAMETRIC_REPRESENTATION_CONTEXT() REPRESENTATION_CONTEXT('2D SPACE',''
  ) );
#2155 = ORIENTED_EDGE('',*,*,#2156,.F.);
#2156 = EDGE_CURVE('',#2157,#2087,#2159,.T.);
#2157 = VERTEX_POINT('',#2158);
#2158 = CARTESIAN_POINT('',(13.444806894932,-18.04126291471,9.));
#2159 = SURFACE_CURVE('',#2160,(#2165,#2172),.PCURVE_S1.);
#2160 = CIRCLE('',#2161,22.5);
#2161 = AXIS2_PLACEMENT_3D('',#2162,#2163,#2164);
#2162 = CARTESIAN_POINT('',(0.,0.,9.));
#2163 = DIRECTION('',(0.,0.,1.));
#2164 = DIRECTION('',(-1.,0.,0.));
#2165 = PCURVE('',#151,#2166);
#2166 = DEFINITIONAL_REPRESENTATION('',(#2167),#2171);
#2167 = LINE('',#2168,#2169);
#2168 = CARTESIAN_POINT('',(0.,0.999999999997));
#2169 = VECTOR('',#2170,1.);
#2170 = DIRECTION('',(1.,0.));
#2171 = ( GEOMETRIC_REPRESENTATION_CONTEXT(2) 
PARAMETRIC_REPRESENTATION_CONTEXT() REPRESENTATION_CONTEXT('2D SPACE',''
  ) );
#2172 = PCURVE('',#1383,#2173);
#2173 = DEFINITIONAL_REPRESENTATION('',(#2174),#2178);
#2174 = CIRCLE('',#2175,22.5);
#2175 = AXIS2_PLACEMENT_2D('',#2176,#2177);
#2176 = CARTESIAN_POINT('',(13.,4.28E-15));
#2177 = DIRECTION('',(-1.,0.));
#2178 = ( GEOMETRIC_REPRESENTATION_CONTEXT(2) 
PARAMETRIC_REPRESENTATION_CONTEXT() REPRESENTATION_CONTEXT('2D SPACE',''
  ) );
#2179 = ORIENTED_EDGE('',*,*,#2180,.T.);
#2180 = EDGE_CURVE('',#2157,#133,#2181,.T.);
#2181 = SURFACE_CURVE('',#2182,(#2189,#2218),.PCURVE_S1.);
#2182 = B_SPLINE_CURVE_WITH_KNOTS('',3,(#2183,#2184,#2185,#2186,#2187,
    #2188),.UNSPECIFIED.,.F.,.F.,(4,2,4),(0.452026596909,0.496045205605,
    0.533912955945),.UNSPECIFIED.);
#2183 = CARTESIAN_POINT('',(13.444806894932,-18.04126291471,9.));
#2184 = CARTESIAN_POINT('',(13.371454918523,-17.96188249243,
    8.89251883436));
#2185 = CARTESIAN_POINT('',(13.283244417808,-17.88934349878,
    8.781632328346));
#2186 = CARTESIAN_POINT('',(13.097631438799,-17.78010936702,
    8.583448969996));
#2187 = CARTESIAN_POINT('',(13.003230801088,-17.73972277476,
    8.494945155893));
#2188 = CARTESIAN_POINT('',(12.903544248902,-17.71246176891,
    8.414213563313));
#2189 = PCURVE('',#151,#2190);
#2190 = DEFINITIONAL_REPRESENTATION('',(#2191),#2217);
#2191 = B_SPLINE_CURVE_WITH_KNOTS('',3,(#2192,#2193,#2194,#2195,#2196,
    #2197,#2198,#2199,#2200,#2201,#2202,#2203,#2204,#2205,#2206,#2207,
    #2208,#2209,#2210,#2211,#2212,#2213,#2214,#2215,#2216),
  .UNSPECIFIED.,.F.,.F.,(4,1,1,1,1,1,1,1,1,1,1,1,1,1,1,1,1,1,1,1,1,1,4),
  (0.452026596909,0.455748704138,0.459470811367,0.463192918596,
    0.466915025825,0.470637133054,0.474359240282,0.478081347511,
    0.48180345474,0.485525561969,0.489247669198,0.492969776427,
    0.496691883656,0.500413990885,0.504136098114,0.507858205342,
    0.511580312571,0.5153024198,0.519024527029,0.522746634258,
    0.526468741487,0.530190848716,0.533912955945),
  .QUASI_UNIFORM_KNOTS.);
#2192 = CARTESIAN_POINT('',(2.211234664894,0.999999999997));
#2193 = CARTESIAN_POINT('',(2.211191887727,0.990911655138));
#2194 = CARTESIAN_POINT('',(2.211096060101,0.972686408336));
#2195 = CARTESIAN_POINT('',(2.210921134295,0.945230839468));
#2196 = CARTESIAN_POINT('',(2.210714660298,0.917685530621));
#2197 = CARTESIAN_POINT('',(2.210476271972,0.890078489131));
#2198 = CARTESIAN_POINT('',(2.210205602142,0.86243775544));
#2199 = CARTESIAN_POINT('',(2.20990228271,0.834791409273));
#2200 = CARTESIAN_POINT('',(2.209565945231,0.807167567047));
#2201 = CARTESIAN_POINT('',(2.209196220897,0.779594392714));
#2202 = CARTESIAN_POINT('',(2.208792742506,0.752100063669));
#2203 = CARTESIAN_POINT('',(2.208355139156,0.724712903007));
#2204 = CARTESIAN_POINT('',(2.207883058152,0.697460891339));
#2205 = CARTESIAN_POINT('',(2.207376085389,0.670373494027));
#2206 = CARTESIAN_POINT('',(2.206834060214,0.643474419637));
#2207 = CARTESIAN_POINT('',(2.206257169379,0.616788363119));
#2208 = CARTESIAN_POINT('',(2.205645504273,0.590341989718));
#2209 = CARTESIAN_POINT('',(2.204999188769,0.564161480087));
#2210 = CARTESIAN_POINT('',(2.204318345508,0.538273187122));
#2211 = CARTESIAN_POINT('',(2.203603105498,0.512703459069));
#2212 = CARTESIAN_POINT('',(2.202853606019,0.487478685691));
#2213 = CARTESIAN_POINT('',(2.202069992001,0.462625285776));
#2214 = CARTESIAN_POINT('',(2.201252415195,0.438169706074));
#2215 = CARTESIAN_POINT('',(2.200684830842,0.422148857372));
#2216 = CARTESIAN_POINT('',(2.200395432016,0.414213563312));
#2217 = ( GEOMETRIC_REPRESENTATION_CONTEXT(2) 
PARAMETRIC_REPRESENTATION_CONTEXT() REPRESENTATION_CONTEXT('2D SPACE',''
  ) );
#2218 = PCURVE('',#238,#2219);
#2219 = DEFINITIONAL_REPRESENTATION('',(#2220),#2246);
#2220 = B_SPLINE_CURVE_WITH_KNOTS('',3,(#2221,#2222,#2223,#2224,#2225,
    #2226,#2227,#2228,#2229,#2230,#2231,#2232,#2233,#2234,#2235,#2236,
    #2237,#2238,#2239,#2240,#2241,#2242,#2243,#2244,#2245),
  .UNSPECIFIED.,.F.,.F.,(4,1,1,1,1,1,1,1,1,1,1,1,1,1,1,1,1,1,1,1,1,1,4),
  (0.452026596909,0.455748704138,0.459470811367,0.463192918596,
    0.466915025825,0.470637133054,0.474359240282,0.478081347511,
    0.48180345474,0.485525561969,0.489247669198,0.492969776427,
    0.496691883656,0.500413990885,0.504136098114,0.507858205342,
    0.511580312571,0.5153024198,0.519024527029,0.522746634258,
    0.526468741487,0.530190848716,0.533912955945),
  .QUASI_UNIFORM_KNOTS.);
#2221 = CARTESIAN_POINT('',(10.170725960263,0.));
#2222 = CARTESIAN_POINT('',(10.17867307801,-9.088347756886E-03));
#2223 = CARTESIAN_POINT('',(10.194630178239,-2.731373953692E-02));
#2224 = CARTESIAN_POINT('',(10.218745824667,-5.476977760853E-02));
#2225 = CARTESIAN_POINT('',(10.243032790723,-8.231562769487E-02));
#2226 = CARTESIAN_POINT('',(10.267482674139,-0.109923151373));
#2227 = CARTESIAN_POINT('',(10.292087350342,-0.137564210354));
#2228 = CARTESIAN_POINT('',(10.316839071054,-0.165210665847));
#2229 = CARTESIAN_POINT('',(10.341730540125,-0.19283438094));
#2230 = CARTESIAN_POINT('',(10.366754990216,-0.2204072117));
#2231 = CARTESIAN_POINT('',(10.391906280061,-0.247901040406));
#2232 = CARTESIAN_POINT('',(10.417178906277,-0.275287651504));
#2233 = CARTESIAN_POINT('',(10.442568330817,-0.302539194569));
#2234 = CARTESIAN_POINT('',(10.468070122698,-0.329626456483));
#2235 = CARTESIAN_POINT('',(10.493683755474,-0.35652571699));
#2236 = CARTESIAN_POINT('',(10.519405613326,-0.383212043436));
#2237 = CARTESIAN_POINT('',(10.54523128437,-0.409658684254));
#2238 = CARTESIAN_POINT('',(10.571156779194,-0.435839375252));
#2239 = CARTESIAN_POINT('',(10.597178293472,-0.461727721649));
#2240 = CARTESIAN_POINT('',(10.62329236243,-0.487297363652));
#2241 = CARTESIAN_POINT('',(10.649495902822,-0.512521932095));
#2242 = CARTESIAN_POINT('',(10.675786309698,-0.537375060323));
#2243 = CARTESIAN_POINT('',(10.702161440955,-0.561830381007));
#2244 = CARTESIAN_POINT('',(10.719800472495,-0.577851145004));
#2245 = CARTESIAN_POINT('',(10.728633633183,-0.585786436687));
#2246 = ( GEOMETRIC_REPRESENTATION_CONTEXT(2) 
PARAMETRIC_REPRESENTATION_CONTEXT() REPRESENTATION_CONTEXT('2D SPACE',''
  ) );
#2247 = ORIENTED_EDGE('',*,*,#132,.T.);
#2248 = ADVANCED_FACE('',(#2249),#311,.F.);
#2249 = FACE_BOUND('',#2250,.F.);
#2250 = EDGE_LOOP('',(#2251,#2321,#2345,#2413));
#2251 = ORIENTED_EDGE('',*,*,#2252,.T.);
#2252 = EDGE_CURVE('',#164,#2253,#2255,.T.);
#2253 = VERTEX_POINT('',#2254);
#2254 = CARTESIAN_POINT('',(11.556764804664,-19.30521140132,9.));
#2255 = SURFACE_CURVE('',#2256,(#2263,#2292),.PCURVE_S1.);
#2256 = B_SPLINE_CURVE_WITH_KNOTS('',3,(#2257,#2258,#2259,#2260,#2261,
    #2262),.UNSPECIFIED.,.F.,.F.,(4,2,4),(0.744941730938,0.782809481278,
    0.826828089973),.UNSPECIFIED.);
#2257 = CARTESIAN_POINT('',(11.459025546053,-18.67949382701,
    8.414213563313));
#2258 = CARTESIAN_POINT('',(11.446243094522,-18.78204713051,
    8.494945155893));
#2259 = CARTESIAN_POINT('',(11.447610158471,-18.88471498512,
    8.583448969996));
#2260 = CARTESIAN_POINT('',(11.477872791181,-19.09794830002,
    8.781632328346));
#2261 = CARTESIAN_POINT('',(11.511325177253,-19.20714507608,
    8.89251883436));
#2262 = CARTESIAN_POINT('',(11.556764804664,-19.30521140132,9.));
#2263 = PCURVE('',#311,#2264);
#2264 = DEFINITIONAL_REPRESENTATION('',(#2265),#2291);
#2265 = B_SPLINE_CURVE_WITH_KNOTS('',3,(#2266,#2267,#2268,#2269,#2270,
    #2271,#2272,#2273,#2274,#2275,#2276,#2277,#2278,#2279,#2280,#2281,
    #2282,#2283,#2284,#2285,#2286,#2287,#2288,#2289,#2290),
  .UNSPECIFIED.,.F.,.F.,(4,1,1,1,1,1,1,1,1,1,1,1,1,1,1,1,1,1,1,1,1,1,4),
  (0.744941730938,0.748663838166,0.752385945395,0.756108052624,
    0.759830159853,0.763552267082,0.767274374311,0.77099648154,
    0.774718588769,0.778440695998,0.782162803226,0.785884910455,
    0.789607017684,0.793329124913,0.797051232142,0.800773339371,
    0.8044954466,0.808217553829,0.811939661058,0.815661768286,
    0.819383875515,0.823105982744,0.826828089973),
  .QUASI_UNIFORM_KNOTS.);
#2266 = CARTESIAN_POINT('',(2.121050381575,0.414213563312));
#2267 = CARTESIAN_POINT('',(2.120760982749,0.422148857372));
#2268 = CARTESIAN_POINT('',(2.120193398396,0.438169706074));
#2269 = CARTESIAN_POINT('',(2.11937582159,0.462625285776));
#2270 = CARTESIAN_POINT('',(2.118592207571,0.487478685691));
#2271 = CARTESIAN_POINT('',(2.117842708093,0.512703459069));
#2272 = CARTESIAN_POINT('',(2.117127468083,0.538273187122));
#2273 = CARTESIAN_POINT('',(2.116446624822,0.564161480087));
#2274 = CARTESIAN_POINT('',(2.115800309318,0.590341989718));
#2275 = CARTESIAN_POINT('',(2.115188644212,0.616788363119));
#2276 = CARTESIAN_POINT('',(2.114611753377,0.643474419637));
#2277 = CARTESIAN_POINT('',(2.114069728202,0.670373494027));
#2278 = CARTESIAN_POINT('',(2.113562755439,0.697460891339));
#2279 = CARTESIAN_POINT('',(2.113090674435,0.724712903007));
#2280 = CARTESIAN_POINT('',(2.112653071084,0.752100063669));
#2281 = CARTESIAN_POINT('',(2.112249592694,0.779594392714));
#2282 = CARTESIAN_POINT('',(2.11187986836,0.807167567047));
#2283 = CARTESIAN_POINT('',(2.111543530881,0.834791409273));
#2284 = CARTESIAN_POINT('',(2.111240211449,0.86243775544));
#2285 = CARTESIAN_POINT('',(2.110969541619,0.890078489131));
#2286 = CARTESIAN_POINT('',(2.110731153293,0.917685530621));
#2287 = CARTESIAN_POINT('',(2.110524679296,0.945230839469));
#2288 = CARTESIAN_POINT('',(2.11034975349,0.972686408336));
#2289 = CARTESIAN_POINT('',(2.110253925864,0.990911655138));
#2290 = CARTESIAN_POINT('',(2.110211148697,0.999999999997));
#2291 = ( GEOMETRIC_REPRESENTATION_CONTEXT(2) 
PARAMETRIC_REPRESENTATION_CONTEXT() REPRESENTATION_CONTEXT('2D SPACE',''
  ) );
#2292 = PCURVE('',#238,#2293);
#2293 = DEFINITIONAL_REPRESENTATION('',(#2294),#2320);
#2294 = B_SPLINE_CURVE_WITH_KNOTS('',3,(#2295,#2296,#2297,#2298,#2299,
    #2300,#2301,#2302,#2303,#2304,#2305,#2306,#2307,#2308,#2309,#2310,
    #2311,#2312,#2313,#2314,#2315,#2316,#2317,#2318,#2319),
  .UNSPECIFIED.,.F.,.F.,(4,1,1,1,1,1,1,1,1,1,1,1,1,1,1,1,1,1,1,1,1,1,4),
  (0.744941730938,0.748663838166,0.752385945395,0.756108052624,
    0.759830159853,0.763552267082,0.767274374311,0.77099648154,
    0.774718588769,0.778440695998,0.782162803226,0.785884910455,
    0.789607017684,0.793329124913,0.797051232142,0.800773339371,
    0.8044954466,0.808217553829,0.811939661058,0.815661768286,
    0.819383875515,0.823105982744,0.826828089973),
  .QUASI_UNIFORM_KNOTS.);
#2295 = CARTESIAN_POINT('',(6.159182794767,-0.585786436687));
#2296 = CARTESIAN_POINT('',(6.168015955455,-0.577851145004));
#2297 = CARTESIAN_POINT('',(6.185654986995,-0.561830381007));
#2298 = CARTESIAN_POINT('',(6.212030118252,-0.537375060323));
#2299 = CARTESIAN_POINT('',(6.238320525128,-0.512521932095));
#2300 = CARTESIAN_POINT('',(6.26452406552,-0.487297363652));
#2301 = CARTESIAN_POINT('',(6.290638134478,-0.461727721649));
#2302 = CARTESIAN_POINT('',(6.316659648756,-0.435839375252));
#2303 = CARTESIAN_POINT('',(6.34258514358,-0.409658684254));
#2304 = CARTESIAN_POINT('',(6.368410814624,-0.383212043436));
#2305 = CARTESIAN_POINT('',(6.394132672476,-0.35652571699));
#2306 = CARTESIAN_POINT('',(6.419746305252,-0.329626456483));
#2307 = CARTESIAN_POINT('',(6.445248097133,-0.302539194569));
#2308 = CARTESIAN_POINT('',(6.470637521673,-0.275287651504));
#2309 = CARTESIAN_POINT('',(6.495910147889,-0.247901040406));
#2310 = CARTESIAN_POINT('',(6.521061437734,-0.2204072117));
#2311 = CARTESIAN_POINT('',(6.546085887825,-0.19283438094));
#2312 = CARTESIAN_POINT('',(6.570977356896,-0.165210665847));
#2313 = CARTESIAN_POINT('',(6.595729077608,-0.137564210354));
#2314 = CARTESIAN_POINT('',(6.620333753811,-0.109923151373));
#2315 = CARTESIAN_POINT('',(6.644783637227,-8.231562769487E-02));
#2316 = CARTESIAN_POINT('',(6.669070603283,-5.476977760852E-02));
#2317 = CARTESIAN_POINT('',(6.693186249711,-2.731373953692E-02));
#2318 = CARTESIAN_POINT('',(6.70914334994,-9.088347756889E-03));
#2319 = CARTESIAN_POINT('',(6.717090467687,0.));
#2320 = ( GEOMETRIC_REPRESENTATION_CONTEXT(2) 
PARAMETRIC_REPRESENTATION_CONTEXT() REPRESENTATION_CONTEXT('2D SPACE',''
  ) );
#2321 = ORIENTED_EDGE('',*,*,#2322,.F.);
#2322 = EDGE_CURVE('',#2323,#2253,#2325,.T.);
#2323 = VERTEX_POINT('',#2324);
#2324 = CARTESIAN_POINT('',(-11.55676480466,-19.30521140132,9.));
#2325 = SURFACE_CURVE('',#2326,(#2331,#2338),.PCURVE_S1.);
#2326 = CIRCLE('',#2327,22.5);
#2327 = AXIS2_PLACEMENT_3D('',#2328,#2329,#2330);
#2328 = CARTESIAN_POINT('',(0.,0.,9.));
#2329 = DIRECTION('',(0.,0.,1.));
#2330 = DIRECTION('',(-1.,0.,0.));
#2331 = PCURVE('',#311,#2332);
#2332 = DEFINITIONAL_REPRESENTATION('',(#2333),#2337);
#2333 = LINE('',#2334,#2335);
#2334 = CARTESIAN_POINT('',(0.,0.999999999997));
#2335 = VECTOR('',#2336,1.);
#2336 = DIRECTION('',(1.,0.));
#2337 = ( GEOMETRIC_REPRESENTATION_CONTEXT(2) 
PARAMETRIC_REPRESENTATION_CONTEXT() REPRESENTATION_CONTEXT('2D SPACE',''
  ) );
#2338 = PCURVE('',#1383,#2339);
#2339 = DEFINITIONAL_REPRESENTATION('',(#2340),#2344);
#2340 = CIRCLE('',#2341,22.5);
#2341 = AXIS2_PLACEMENT_2D('',#2342,#2343);
#2342 = CARTESIAN_POINT('',(13.,4.28E-15));
#2343 = DIRECTION('',(-1.,0.));
#2344 = ( GEOMETRIC_REPRESENTATION_CONTEXT(2) 
PARAMETRIC_REPRESENTATION_CONTEXT() REPRESENTATION_CONTEXT('2D SPACE',''
  ) );
#2345 = ORIENTED_EDGE('',*,*,#2346,.T.);
#2346 = EDGE_CURVE('',#2323,#295,#2347,.T.);
#2347 = SURFACE_CURVE('',#2348,(#2355,#2384),.PCURVE_S1.);
#2348 = B_SPLINE_CURVE_WITH_KNOTS('',3,(#2349,#2350,#2351,#2352,#2353,
    #2354),.UNSPECIFIED.,.F.,.F.,(4,2,4),(0.452026596909,0.496045205605,
    0.533912955945),.UNSPECIFIED.);
#2349 = CARTESIAN_POINT('',(-11.55676480466,-19.30521140132,9.));
#2350 = CARTESIAN_POINT('',(-11.51132517725,-19.20714507608,
    8.89251883436));
#2351 = CARTESIAN_POINT('',(-11.47787279118,-19.09794830002,
    8.781632328346));
#2352 = CARTESIAN_POINT('',(-11.44761015847,-18.88471498512,
    8.583448969996));
#2353 = CARTESIAN_POINT('',(-11.44624309452,-18.78204713051,
    8.494945155893));
#2354 = CARTESIAN_POINT('',(-11.45902554605,-18.67949382701,
    8.414213563313));
#2355 = PCURVE('',#311,#2356);
#2356 = DEFINITIONAL_REPRESENTATION('',(#2357),#2383);
#2357 = B_SPLINE_CURVE_WITH_KNOTS('',3,(#2358,#2359,#2360,#2361,#2362,
    #2363,#2364,#2365,#2366,#2367,#2368,#2369,#2370,#2371,#2372,#2373,
    #2374,#2375,#2376,#2377,#2378,#2379,#2380,#2381,#2382),
  .UNSPECIFIED.,.F.,.F.,(4,1,1,1,1,1,1,1,1,1,1,1,1,1,1,1,1,1,1,1,1,1,4),
  (0.452026596909,0.455748704138,0.459470811367,0.463192918596,
    0.466915025825,0.470637133054,0.474359240282,0.478081347511,
    0.48180345474,0.485525561969,0.489247669198,0.492969776427,
    0.496691883656,0.500413990885,0.504136098114,0.507858205342,
    0.511580312571,0.5153024198,0.519024527029,0.522746634258,
    0.526468741487,0.530190848716,0.533912955945),
  .QUASI_UNIFORM_KNOTS.);
#2358 = CARTESIAN_POINT('',(1.031381504893,0.999999999997));
#2359 = CARTESIAN_POINT('',(1.031338727726,0.990911655138));
#2360 = CARTESIAN_POINT('',(1.0312429001,0.972686408336));
#2361 = CARTESIAN_POINT('',(1.031067974294,0.945230839468));
#2362 = CARTESIAN_POINT('',(1.030861500297,0.917685530621));
#2363 = CARTESIAN_POINT('',(1.030623111971,0.890078489131));
#2364 = CARTESIAN_POINT('',(1.030352442141,0.86243775544));
#2365 = CARTESIAN_POINT('',(1.030049122709,0.834791409273));
#2366 = CARTESIAN_POINT('',(1.02971278523,0.807167567047));
#2367 = CARTESIAN_POINT('',(1.029343060896,0.779594392714));
#2368 = CARTESIAN_POINT('',(1.028939582505,0.752100063669));
#2369 = CARTESIAN_POINT('',(1.028501979155,0.724712903007));
#2370 = CARTESIAN_POINT('',(1.028029898151,0.697460891339));
#2371 = CARTESIAN_POINT('',(1.027522925388,0.670373494027));
#2372 = CARTESIAN_POINT('',(1.026980900213,0.643474419637));
#2373 = CARTESIAN_POINT('',(1.026404009378,0.616788363119));
#2374 = CARTESIAN_POINT('',(1.025792344272,0.590341989718));
#2375 = CARTESIAN_POINT('',(1.025146028768,0.564161480087));
#2376 = CARTESIAN_POINT('',(1.024465185507,0.538273187122));
#2377 = CARTESIAN_POINT('',(1.023749945497,0.512703459069));
#2378 = CARTESIAN_POINT('',(1.023000446018,0.487478685691));
#2379 = CARTESIAN_POINT('',(1.022216832,0.462625285776));
#2380 = CARTESIAN_POINT('',(1.021399255194,0.438169706074));
#2381 = CARTESIAN_POINT('',(1.020831670841,0.422148857372));
#2382 = CARTESIAN_POINT('',(1.020542272015,0.414213563312));
#2383 = ( GEOMETRIC_REPRESENTATION_CONTEXT(2) 
PARAMETRIC_REPRESENTATION_CONTEXT() REPRESENTATION_CONTEXT('2D SPACE',''
  ) );
#2384 = PCURVE('',#398,#2385);
#2385 = DEFINITIONAL_REPRESENTATION('',(#2386),#2412);
#2386 = B_SPLINE_CURVE_WITH_KNOTS('',3,(#2387,#2388,#2389,#2390,#2391,
    #2392,#2393,#2394,#2395,#2396,#2397,#2398,#2399,#2400,#2401,#2402,
    #2403,#2404,#2405,#2406,#2407,#2408,#2409,#2410,#2411),
  .UNSPECIFIED.,.F.,.F.,(4,1,1,1,1,1,1,1,1,1,1,1,1,1,1,1,1,1,1,1,1,1,4),
  (0.452026596909,0.455748704138,0.459470811367,0.463192918596,
    0.466915025825,0.470637133054,0.474359240282,0.478081347511,
    0.48180345474,0.485525561969,0.489247669198,0.492969776427,
    0.496691883656,0.500413990885,0.504136098114,0.507858205342,
    0.511580312571,0.5153024198,0.519024527029,0.522746634258,
    0.526468741487,0.530190848716,0.533912955945),
  .QUASI_UNIFORM_KNOTS.);
#2387 = CARTESIAN_POINT('',(8.990872800262,0.));
#2388 = CARTESIAN_POINT('',(8.998819918009,-9.088347756888E-03));
#2389 = CARTESIAN_POINT('',(9.014777018238,-2.731373953692E-02));
#2390 = CARTESIAN_POINT('',(9.038892664666,-5.476977760853E-02));
#2391 = CARTESIAN_POINT('',(9.063179630722,-8.231562769487E-02));
#2392 = CARTESIAN_POINT('',(9.087629514138,-0.109923151373));
#2393 = CARTESIAN_POINT('',(9.112234190341,-0.137564210354));
#2394 = CARTESIAN_POINT('',(9.136985911053,-0.165210665847));
#2395 = CARTESIAN_POINT('',(9.161877380124,-0.19283438094));
#2396 = CARTESIAN_POINT('',(9.186901830215,-0.2204072117));
#2397 = CARTESIAN_POINT('',(9.21205312006,-0.247901040406));
#2398 = CARTESIAN_POINT('',(9.237325746276,-0.275287651504));
#2399 = CARTESIAN_POINT('',(9.262715170816,-0.302539194569));
#2400 = CARTESIAN_POINT('',(9.288216962697,-0.329626456483));
#2401 = CARTESIAN_POINT('',(9.313830595473,-0.35652571699));
#2402 = CARTESIAN_POINT('',(9.339552453325,-0.383212043436));
#2403 = CARTESIAN_POINT('',(9.365378124369,-0.409658684254));
#2404 = CARTESIAN_POINT('',(9.391303619193,-0.435839375252));
#2405 = CARTESIAN_POINT('',(9.417325133471,-0.461727721649));
#2406 = CARTESIAN_POINT('',(9.443439202429,-0.487297363652));
#2407 = CARTESIAN_POINT('',(9.469642742821,-0.512521932095));
#2408 = CARTESIAN_POINT('',(9.495933149697,-0.537375060323));
#2409 = CARTESIAN_POINT('',(9.522308280954,-0.561830381007));
#2410 = CARTESIAN_POINT('',(9.539947312494,-0.577851145004));
#2411 = CARTESIAN_POINT('',(9.548780473182,-0.585786436687));
#2412 = ( GEOMETRIC_REPRESENTATION_CONTEXT(2) 
PARAMETRIC_REPRESENTATION_CONTEXT() REPRESENTATION_CONTEXT('2D SPACE',''
  ) );
#2413 = ORIENTED_EDGE('',*,*,#294,.T.);
#2414 = ADVANCED_FACE('',(#2415),#471,.F.);
#2415 = FACE_BOUND('',#2416,.F.);
#2416 = EDGE_LOOP('',(#2417,#2487,#2509,#2510));
#2417 = ORIENTED_EDGE('',*,*,#2418,.T.);
#2418 = EDGE_CURVE('',#324,#2419,#2421,.T.);
#2419 = VERTEX_POINT('',#2420);
#2420 = CARTESIAN_POINT('',(-13.44480689493,-18.04126291471,9.));
#2421 = SURFACE_CURVE('',#2422,(#2429,#2458),.PCURVE_S1.);
#2422 = B_SPLINE_CURVE_WITH_KNOTS('',3,(#2423,#2424,#2425,#2426,#2427,
    #2428),.UNSPECIFIED.,.F.,.F.,(4,2,4),(0.744941730938,0.782809481278,
    0.826828089973),.UNSPECIFIED.);
#2423 = CARTESIAN_POINT('',(-12.9035442489,-17.71246176891,
    8.414213563313));
#2424 = CARTESIAN_POINT('',(-13.00323080108,-17.73972277476,
    8.494945155893));
#2425 = CARTESIAN_POINT('',(-13.09763143879,-17.78010936702,
    8.583448969996));
#2426 = CARTESIAN_POINT('',(-13.2832444178,-17.88934349878,
    8.781632328346));
#2427 = CARTESIAN_POINT('',(-13.37145491852,-17.96188249243,
    8.89251883436));
#2428 = CARTESIAN_POINT('',(-13.44480689493,-18.04126291471,9.));
#2429 = PCURVE('',#471,#2430);
#2430 = DEFINITIONAL_REPRESENTATION('',(#2431),#2457);
#2431 = B_SPLINE_CURVE_WITH_KNOTS('',3,(#2432,#2433,#2434,#2435,#2436,
    #2437,#2438,#2439,#2440,#2441,#2442,#2443,#2444,#2445,#2446,#2447,
    #2448,#2449,#2450,#2451,#2452,#2453,#2454,#2455,#2456),
  .UNSPECIFIED.,.F.,.F.,(4,1,1,1,1,1,1,1,1,1,1,1,1,1,1,1,1,1,1,1,1,1,4),
  (0.744941730938,0.748663838166,0.752385945395,0.756108052624,
    0.759830159853,0.763552267082,0.767274374311,0.77099648154,
    0.774718588769,0.778440695998,0.782162803226,0.785884910455,
    0.789607017684,0.793329124913,0.797051232142,0.800773339371,
    0.8044954466,0.808217553829,0.811939661058,0.815661768286,
    0.819383875515,0.823105982744,0.826828089973),
  .QUASI_UNIFORM_KNOTS.);
#2432 = CARTESIAN_POINT('',(0.941197221574,0.414213563312));
#2433 = CARTESIAN_POINT('',(0.940907822748,0.422148857372));
#2434 = CARTESIAN_POINT('',(0.940340238395,0.438169706074));
#2435 = CARTESIAN_POINT('',(0.939522661589,0.462625285776));
#2436 = CARTESIAN_POINT('',(0.93873904757,0.487478685691));
#2437 = CARTESIAN_POINT('',(0.937989548092,0.512703459069));
#2438 = CARTESIAN_POINT('',(0.937274308082,0.538273187122));
#2439 = CARTESIAN_POINT('',(0.936593464821,0.564161480087));
#2440 = CARTESIAN_POINT('',(0.935947149317,0.590341989718));
#2441 = CARTESIAN_POINT('',(0.935335484211,0.616788363119));
#2442 = CARTESIAN_POINT('',(0.934758593376,0.643474419637));
#2443 = CARTESIAN_POINT('',(0.934216568201,0.670373494027));
#2444 = CARTESIAN_POINT('',(0.933709595438,0.69746089134));
#2445 = CARTESIAN_POINT('',(0.933237514434,0.724712903007));
#2446 = CARTESIAN_POINT('',(0.932799911083,0.752100063669));
#2447 = CARTESIAN_POINT('',(0.932396432693,0.779594392714));
#2448 = CARTESIAN_POINT('',(0.932026708359,0.807167567047));
#2449 = CARTESIAN_POINT('',(0.93169037088,0.834791409273));
#2450 = CARTESIAN_POINT('',(0.931387051448,0.86243775544));
#2451 = CARTESIAN_POINT('',(0.931116381618,0.890078489131));
#2452 = CARTESIAN_POINT('',(0.930877993292,0.917685530621));
#2453 = CARTESIAN_POINT('',(0.930671519295,0.945230839469));
#2454 = CARTESIAN_POINT('',(0.930496593489,0.972686408336));
#2455 = CARTESIAN_POINT('',(0.930400765863,0.990911655138));
#2456 = CARTESIAN_POINT('',(0.930357988696,0.999999999997));
#2457 = ( GEOMETRIC_REPRESENTATION_CONTEXT(2) 
PARAMETRIC_REPRESENTATION_CONTEXT() REPRESENTATION_CONTEXT('2D SPACE',''
  ) );
#2458 = PCURVE('',#398,#2459);
#2459 = DEFINITIONAL_REPRESENTATION('',(#2460),#2486);
#2460 = B_SPLINE_CURVE_WITH_KNOTS('',3,(#2461,#2462,#2463,#2464,#2465,
    #2466,#2467,#2468,#2469,#2470,#2471,#2472,#2473,#2474,#2475,#2476,
    #2477,#2478,#2479,#2480,#2481,#2482,#2483,#2484,#2485),
  .UNSPECIFIED.,.F.,.F.,(4,1,1,1,1,1,1,1,1,1,1,1,1,1,1,1,1,1,1,1,1,1,4),
  (0.744941730938,0.748663838166,0.752385945395,0.756108052624,
    0.759830159853,0.763552267082,0.767274374311,0.77099648154,
    0.774718588769,0.778440695998,0.782162803226,0.785884910455,
    0.789607017684,0.793329124913,0.797051232142,0.800773339371,
    0.8044954466,0.808217553829,0.811939661058,0.815661768286,
    0.819383875515,0.823105982744,0.826828089973),
  .QUASI_UNIFORM_KNOTS.);
#2461 = CARTESIAN_POINT('',(11.262514941945,-0.585786436687));
#2462 = CARTESIAN_POINT('',(11.271348102633,-0.577851145004));
#2463 = CARTESIAN_POINT('',(11.288987134174,-0.561830381007));
#2464 = CARTESIAN_POINT('',(11.31536226543,-0.537375060323));
#2465 = CARTESIAN_POINT('',(11.341652672306,-0.512521932095));
#2466 = CARTESIAN_POINT('',(11.367856212699,-0.487297363652));
#2467 = CARTESIAN_POINT('',(11.393970281656,-0.461727721649));
#2468 = CARTESIAN_POINT('',(11.419991795934,-0.435839375252));
#2469 = CARTESIAN_POINT('',(11.445917290758,-0.409658684254));
#2470 = CARTESIAN_POINT('',(11.471742961802,-0.383212043436));
#2471 = CARTESIAN_POINT('',(11.497464819655,-0.35652571699));
#2472 = CARTESIAN_POINT('',(11.523078452431,-0.329626456483));
#2473 = CARTESIAN_POINT('',(11.548580244311,-0.302539194569));
#2474 = CARTESIAN_POINT('',(11.573969668851,-0.275287651504));
#2475 = CARTESIAN_POINT('',(11.599242295067,-0.247901040406));
#2476 = CARTESIAN_POINT('',(11.624393584913,-0.2204072117));
#2477 = CARTESIAN_POINT('',(11.649418035004,-0.19283438094));
#2478 = CARTESIAN_POINT('',(11.674309504074,-0.165210665847));
#2479 = CARTESIAN_POINT('',(11.699061224786,-0.137564210354));
#2480 = CARTESIAN_POINT('',(11.723665900989,-0.109923151373));
#2481 = CARTESIAN_POINT('',(11.748115784405,-8.231562769487E-02));
#2482 = CARTESIAN_POINT('',(11.772402750461,-5.476977760853E-02));
#2483 = CARTESIAN_POINT('',(11.79651839689,-2.731373953692E-02));
#2484 = CARTESIAN_POINT('',(11.812475497118,-9.088347756888E-03));
#2485 = CARTESIAN_POINT('',(11.820422614865,0.));
#2486 = ( GEOMETRIC_REPRESENTATION_CONTEXT(2) 
PARAMETRIC_REPRESENTATION_CONTEXT() REPRESENTATION_CONTEXT('2D SPACE',''
  ) );
#2487 = ORIENTED_EDGE('',*,*,#2488,.F.);
#2488 = EDGE_CURVE('',#1299,#2419,#2489,.T.);
#2489 = SURFACE_CURVE('',#2490,(#2495,#2502),.PCURVE_S1.);
#2490 = CIRCLE('',#2491,22.5);
#2491 = AXIS2_PLACEMENT_3D('',#2492,#2493,#2494);
#2492 = CARTESIAN_POINT('',(0.,0.,9.));
#2493 = DIRECTION('',(0.,0.,1.));
#2494 = DIRECTION('',(-1.,0.,0.));
#2495 = PCURVE('',#471,#2496);
#2496 = DEFINITIONAL_REPRESENTATION('',(#2497),#2501);
#2497 = LINE('',#2498,#2499);
#2498 = CARTESIAN_POINT('',(-1.E-17,0.999999999997));
#2499 = VECTOR('',#2500,1.);
#2500 = DIRECTION('',(1.,-2.121320343554E-15));
#2501 = ( GEOMETRIC_REPRESENTATION_CONTEXT(2) 
PARAMETRIC_REPRESENTATION_CONTEXT() REPRESENTATION_CONTEXT('2D SPACE',''
  ) );
#2502 = PCURVE('',#1383,#2503);
#2503 = DEFINITIONAL_REPRESENTATION('',(#2504),#2508);
#2504 = CIRCLE('',#2505,22.5);
#2505 = AXIS2_PLACEMENT_2D('',#2506,#2507);
#2506 = CARTESIAN_POINT('',(13.,4.28E-15));
#2507 = DIRECTION('',(-1.,0.));
#2508 = ( GEOMETRIC_REPRESENTATION_CONTEXT(2) 
PARAMETRIC_REPRESENTATION_CONTEXT() REPRESENTATION_CONTEXT('2D SPACE',''
  ) );
#2509 = ORIENTED_EDGE('',*,*,#1298,.T.);
#2510 = ORIENTED_EDGE('',*,*,#454,.T.);
#2511 = ADVANCED_FACE('',(#2512),#1059,.F.);
#2512 = FACE_BOUND('',#2513,.F.);
#2513 = EDGE_LOOP('',(#2514,#2515,#2541,#2542,#2564,#2597,#2623,#2624));
#2514 = ORIENTED_EDGE('',*,*,#2014,.F.);
#2515 = ORIENTED_EDGE('',*,*,#2516,.T.);
#2516 = EDGE_CURVE('',#1991,#2087,#2517,.T.);
#2517 = SURFACE_CURVE('',#2518,(#2523,#2530),.PCURVE_S1.);
#2518 = CIRCLE('',#2519,1.15);
#2519 = AXIS2_PLACEMENT_3D('',#2520,#2521,#2522);
#2520 = CARTESIAN_POINT('',(22.600195311416,-1.501223462992,9.));
#2521 = DIRECTION('',(0.,0.,-1.));
#2522 = DIRECTION('',(-1.,0.,0.));
#2523 = PCURVE('',#1059,#2524);
#2524 = DEFINITIONAL_REPRESENTATION('',(#2525),#2529);
#2525 = LINE('',#2526,#2527);
#2526 = CARTESIAN_POINT('',(6.28318530718,0.));
#2527 = VECTOR('',#2528,1.);
#2528 = DIRECTION('',(-1.,0.));
#2529 = ( GEOMETRIC_REPRESENTATION_CONTEXT(2) 
PARAMETRIC_REPRESENTATION_CONTEXT() REPRESENTATION_CONTEXT('2D SPACE',''
  ) );
#2530 = PCURVE('',#1383,#2531);
#2531 = DEFINITIONAL_REPRESENTATION('',(#2532),#2540);
#2532 = ( BOUNDED_CURVE() B_SPLINE_CURVE(2,(#2533,#2534,#2535,#2536,
#2537,#2538,#2539),.UNSPECIFIED.,.T.,.F.) B_SPLINE_CURVE_WITH_KNOTS((1,2
    ,2,2,2,1),(-2.094395102393,0.,2.094395102393,4.188790204786,
6.28318530718,8.377580409573),.UNSPECIFIED.) CURVE() 
GEOMETRIC_REPRESENTATION_ITEM() RATIONAL_B_SPLINE_CURVE((1.,0.5,1.,0.5,
1.,0.5,1.)) REPRESENTATION_ITEM('') );
#2533 = CARTESIAN_POINT('',(34.450195311416,-1.501223462992));
#2534 = CARTESIAN_POINT('',(34.450195311416,0.490634965712));
#2535 = CARTESIAN_POINT('',(36.175195311416,-0.50529424864));
#2536 = CARTESIAN_POINT('',(37.900195311416,-1.501223462992));
#2537 = CARTESIAN_POINT('',(36.175195311416,-2.497152677344));
#2538 = CARTESIAN_POINT('',(34.450195311416,-3.493081891696));
#2539 = CARTESIAN_POINT('',(34.450195311416,-1.501223462992));
#2540 = ( GEOMETRIC_REPRESENTATION_CONTEXT(2) 
PARAMETRIC_REPRESENTATION_CONTEXT() REPRESENTATION_CONTEXT('2D SPACE',''
  ) );
#2541 = ORIENTED_EDGE('',*,*,#2086,.F.);
#2542 = ORIENTED_EDGE('',*,*,#2543,.F.);
#2543 = EDGE_CURVE('',#2544,#135,#2546,.T.);
#2544 = VERTEX_POINT('',#2545);
#2545 = CARTESIAN_POINT('',(21.791213979888,-2.318566233951,1.5));
#2546 = SEAM_CURVE('',#2547,(#2550,#2557),.PCURVE_S1.);
#2547 = B_SPLINE_CURVE_WITH_KNOTS('',1,(#2548,#2549),.UNSPECIFIED.,.F.,
  .F.,(2,2),(-7.5,-0.585786436491),.PIECEWISE_BEZIER_KNOTS.);
#2548 = CARTESIAN_POINT('',(21.791213979888,-2.318566233951,1.5));
#2549 = CARTESIAN_POINT('',(21.791213979888,-2.318566233951,
    8.414213563509));
#2550 = PCURVE('',#1059,#2551);
#2551 = DEFINITIONAL_REPRESENTATION('',(#2552),#2556);
#2552 = LINE('',#2553,#2554);
#2553 = CARTESIAN_POINT('',(0.790539429979,0.));
#2554 = VECTOR('',#2555,1.);
#2555 = DIRECTION('',(0.,1.));
#2556 = ( GEOMETRIC_REPRESENTATION_CONTEXT(2) 
PARAMETRIC_REPRESENTATION_CONTEXT() REPRESENTATION_CONTEXT('2D SPACE',''
  ) );
#2557 = PCURVE('',#1059,#2558);
#2558 = DEFINITIONAL_REPRESENTATION('',(#2559),#2563);
#2559 = LINE('',#2560,#2561);
#2560 = CARTESIAN_POINT('',(7.073724737159,0.));
#2561 = VECTOR('',#2562,1.);
#2562 = DIRECTION('',(0.,1.));
#2563 = ( GEOMETRIC_REPRESENTATION_CONTEXT(2) 
PARAMETRIC_REPRESENTATION_CONTEXT() REPRESENTATION_CONTEXT('2D SPACE',''
  ) );
#2564 = ORIENTED_EDGE('',*,*,#2565,.F.);
#2565 = EDGE_CURVE('',#2566,#2544,#2568,.T.);
#2566 = VERTEX_POINT('',#2567);
#2567 = CARTESIAN_POINT('',(23.750195311416,-1.501223462992,1.5));
#2568 = SURFACE_CURVE('',#2569,(#2574,#2581),.PCURVE_S1.);
#2569 = CIRCLE('',#2570,1.15);
#2570 = AXIS2_PLACEMENT_3D('',#2571,#2572,#2573);
#2571 = CARTESIAN_POINT('',(22.600195311416,-1.501223462992,1.5));
#2572 = DIRECTION('',(0.,0.,-1.));
#2573 = DIRECTION('',(-1.,0.,0.));
#2574 = PCURVE('',#1059,#2575);
#2575 = DEFINITIONAL_REPRESENTATION('',(#2576),#2580);
#2576 = LINE('',#2577,#2578);
#2577 = CARTESIAN_POINT('',(6.28318530718,-7.5));
#2578 = VECTOR('',#2579,1.);
#2579 = DIRECTION('',(-1.,0.));
#2580 = ( GEOMETRIC_REPRESENTATION_CONTEXT(2) 
PARAMETRIC_REPRESENTATION_CONTEXT() REPRESENTATION_CONTEXT('2D SPACE',''
  ) );
#2581 = PCURVE('',#2582,#2587);
#2582 = PLANE('',#2583);
#2583 = AXIS2_PLACEMENT_3D('',#2584,#2585,#2586);
#2584 = CARTESIAN_POINT('',(22.600195311416,-1.501223462992,1.5));
#2585 = DIRECTION('',(0.,0.,1.));
#2586 = DIRECTION('',(1.,0.,-0.));
#2587 = DEFINITIONAL_REPRESENTATION('',(#2588),#2596);
#2588 = ( BOUNDED_CURVE() B_SPLINE_CURVE(2,(#2589,#2590,#2591,#2592,
#2593,#2594,#2595),.UNSPECIFIED.,.T.,.F.) B_SPLINE_CURVE_WITH_KNOTS((1,2
    ,2,2,2,1),(-2.094395102393,0.,2.094395102393,4.188790204786,
6.28318530718,8.377580409573),.UNSPECIFIED.) CURVE() 
GEOMETRIC_REPRESENTATION_ITEM() RATIONAL_B_SPLINE_CURVE((1.,0.5,1.,0.5,
1.,0.5,1.)) REPRESENTATION_ITEM('') );
#2589 = CARTESIAN_POINT('',(-1.15,0.));
#2590 = CARTESIAN_POINT('',(-1.15,1.991858428704));
#2591 = CARTESIAN_POINT('',(0.575,0.995929214352));
#2592 = CARTESIAN_POINT('',(2.3,2.816687638039E-16));
#2593 = CARTESIAN_POINT('',(0.575,-0.995929214352));
#2594 = CARTESIAN_POINT('',(-1.15,-1.991858428704));
#2595 = CARTESIAN_POINT('',(-1.15,0.));
#2596 = ( GEOMETRIC_REPRESENTATION_CONTEXT(2) 
PARAMETRIC_REPRESENTATION_CONTEXT() REPRESENTATION_CONTEXT('2D SPACE',''
  ) );
#2597 = ORIENTED_EDGE('',*,*,#2598,.F.);
#2598 = EDGE_CURVE('',#2544,#2566,#2599,.T.);
#2599 = SURFACE_CURVE('',#2600,(#2605,#2612),.PCURVE_S1.);
#2600 = CIRCLE('',#2601,1.15);
#2601 = AXIS2_PLACEMENT_3D('',#2602,#2603,#2604);
#2602 = CARTESIAN_POINT('',(22.600195311416,-1.501223462992,1.5));
#2603 = DIRECTION('',(0.,0.,-1.));
#2604 = DIRECTION('',(-1.,0.,0.));
#2605 = PCURVE('',#1059,#2606);
#2606 = DEFINITIONAL_REPRESENTATION('',(#2607),#2611);
#2607 = LINE('',#2608,#2609);
#2608 = CARTESIAN_POINT('',(12.566370614359,-7.5));
#2609 = VECTOR('',#2610,1.);
#2610 = DIRECTION('',(-1.,0.));
#2611 = ( GEOMETRIC_REPRESENTATION_CONTEXT(2) 
PARAMETRIC_REPRESENTATION_CONTEXT() REPRESENTATION_CONTEXT('2D SPACE',''
  ) );
#2612 = PCURVE('',#2582,#2613);
#2613 = DEFINITIONAL_REPRESENTATION('',(#2614),#2622);
#2614 = ( BOUNDED_CURVE() B_SPLINE_CURVE(2,(#2615,#2616,#2617,#2618,
#2619,#2620,#2621),.UNSPECIFIED.,.T.,.F.) B_SPLINE_CURVE_WITH_KNOTS((1,2
    ,2,2,2,1),(-2.094395102393,0.,2.094395102393,4.188790204786,
6.28318530718,8.377580409573),.UNSPECIFIED.) CURVE() 
GEOMETRIC_REPRESENTATION_ITEM() RATIONAL_B_SPLINE_CURVE((1.,0.5,1.,0.5,
1.,0.5,1.)) REPRESENTATION_ITEM('') );
#2615 = CARTESIAN_POINT('',(-1.15,0.));
#2616 = CARTESIAN_POINT('',(-1.15,1.991858428704));
#2617 = CARTESIAN_POINT('',(0.575,0.995929214352));
#2618 = CARTESIAN_POINT('',(2.3,2.816687638039E-16));
#2619 = CARTESIAN_POINT('',(0.575,-0.995929214352));
#2620 = CARTESIAN_POINT('',(-1.15,-1.991858428704));
#2621 = CARTESIAN_POINT('',(-1.15,0.));
#2622 = ( GEOMETRIC_REPRESENTATION_CONTEXT(2) 
PARAMETRIC_REPRESENTATION_CONTEXT() REPRESENTATION_CONTEXT('2D SPACE',''
  ) );
#2623 = ORIENTED_EDGE('',*,*,#2543,.T.);
#2624 = ORIENTED_EDGE('',*,*,#986,.F.);
#2625 = ADVANCED_FACE('',(#2626,#2856),#1383,.T.);
#2626 = FACE_BOUND('',#2627,.T.);
#2627 = EDGE_LOOP('',(#2628,#2658,#2687,#2715,#2744,#2772,#2801,#2829));
#2628 = ORIENTED_EDGE('',*,*,#2629,.T.);
#2629 = EDGE_CURVE('',#2630,#2632,#2634,.T.);
#2630 = VERTEX_POINT('',#2631);
#2631 = CARTESIAN_POINT('',(25.,35.,9.));
#2632 = VERTEX_POINT('',#2633);
#2633 = CARTESIAN_POINT('',(-51.,35.,9.));
#2634 = SURFACE_CURVE('',#2635,(#2639,#2646),.PCURVE_S1.);
#2635 = LINE('',#2636,#2637);
#2636 = CARTESIAN_POINT('',(-51.,35.,9.));
#2637 = VECTOR('',#2638,1.);
#2638 = DIRECTION('',(-1.,6.E-17,0.));
#2639 = PCURVE('',#1383,#2640);
#2640 = DEFINITIONAL_REPRESENTATION('',(#2641),#2645);
#2641 = LINE('',#2642,#2643);
#2642 = CARTESIAN_POINT('',(-38.,35.));
#2643 = VECTOR('',#2644,1.);
#2644 = DIRECTION('',(-1.,6.E-17));
#2645 = ( GEOMETRIC_REPRESENTATION_CONTEXT(2) 
PARAMETRIC_REPRESENTATION_CONTEXT() REPRESENTATION_CONTEXT('2D SPACE',''
  ) );
#2646 = PCURVE('',#2647,#2652);
#2647 = PLANE('',#2648);
#2648 = AXIS2_PLACEMENT_3D('',#2649,#2650,#2651);
#2649 = CARTESIAN_POINT('',(25.,35.,0.));
#2650 = DIRECTION('',(6.E-17,1.,0.));
#2651 = DIRECTION('',(-1.,6.E-17,0.));
#2652 = DEFINITIONAL_REPRESENTATION('',(#2653),#2657);
#2653 = LINE('',#2654,#2655);
#2654 = CARTESIAN_POINT('',(76.,9.));
#2655 = VECTOR('',#2656,1.);
#2656 = DIRECTION('',(1.,0.));
#2657 = ( GEOMETRIC_REPRESENTATION_CONTEXT(2) 
PARAMETRIC_REPRESENTATION_CONTEXT() REPRESENTATION_CONTEXT('2D SPACE',''
  ) );
#2658 = ORIENTED_EDGE('',*,*,#2659,.T.);
#2659 = EDGE_CURVE('',#2632,#2660,#2662,.T.);
#2660 = VERTEX_POINT('',#2661);
#2661 = CARTESIAN_POINT('',(-56.,30.,9.));
#2662 = SURFACE_CURVE('',#2663,(#2668,#2675),.PCURVE_S1.);
#2663 = CIRCLE('',#2664,5.);
#2664 = AXIS2_PLACEMENT_3D('',#2665,#2666,#2667);
#2665 = CARTESIAN_POINT('',(-51.,30.,9.));
#2666 = DIRECTION('',(0.,0.,1.));
#2667 = DIRECTION('',(0.,-1.,0.));
#2668 = PCURVE('',#1383,#2669);
#2669 = DEFINITIONAL_REPRESENTATION('',(#2670),#2674);
#2670 = CIRCLE('',#2671,5.);
#2671 = AXIS2_PLACEMENT_2D('',#2672,#2673);
#2672 = CARTESIAN_POINT('',(-38.,30.));
#2673 = DIRECTION('',(0.,-1.));
#2674 = ( GEOMETRIC_REPRESENTATION_CONTEXT(2) 
PARAMETRIC_REPRESENTATION_CONTEXT() REPRESENTATION_CONTEXT('2D SPACE',''
  ) );
#2675 = PCURVE('',#2676,#2681);
#2676 = CYLINDRICAL_SURFACE('',#2677,5.);
#2677 = AXIS2_PLACEMENT_3D('',#2678,#2679,#2680);
#2678 = CARTESIAN_POINT('',(-51.,30.,0.));
#2679 = DIRECTION('',(0.,0.,1.));
#2680 = DIRECTION('',(0.,-1.,0.));
#2681 = DEFINITIONAL_REPRESENTATION('',(#2682),#2686);
#2682 = LINE('',#2683,#2684);
#2683 = CARTESIAN_POINT('',(0.,9.));
#2684 = VECTOR('',#2685,1.);
#2685 = DIRECTION('',(1.,0.));
#2686 = ( GEOMETRIC_REPRESENTATION_CONTEXT(2) 
PARAMETRIC_REPRESENTATION_CONTEXT() REPRESENTATION_CONTEXT('2D SPACE',''
  ) );
#2687 = ORIENTED_EDGE('',*,*,#2688,.T.);
#2688 = EDGE_CURVE('',#2660,#2689,#2691,.T.);
#2689 = VERTEX_POINT('',#2690);
#2690 = CARTESIAN_POINT('',(-56.,-30.,9.));
#2691 = SURFACE_CURVE('',#2692,(#2696,#2703),.PCURVE_S1.);
#2692 = LINE('',#2693,#2694);
#2693 = CARTESIAN_POINT('',(-56.,-30.,9.));
#2694 = VECTOR('',#2695,1.);
#2695 = DIRECTION('',(0.,-1.,0.));
#2696 = PCURVE('',#1383,#2697);
#2697 = DEFINITIONAL_REPRESENTATION('',(#2698),#2702);
#2698 = LINE('',#2699,#2700);
#2699 = CARTESIAN_POINT('',(-43.,-30.));
#2700 = VECTOR('',#2701,1.);
#2701 = DIRECTION('',(0.,-1.));
#2702 = ( GEOMETRIC_REPRESENTATION_CONTEXT(2) 
PARAMETRIC_REPRESENTATION_CONTEXT() REPRESENTATION_CONTEXT('2D SPACE',''
  ) );
#2703 = PCURVE('',#2704,#2709);
#2704 = PLANE('',#2705);
#2705 = AXIS2_PLACEMENT_3D('',#2706,#2707,#2708);
#2706 = CARTESIAN_POINT('',(-56.,30.,0.));
#2707 = DIRECTION('',(-1.,0.,0.));
#2708 = DIRECTION('',(0.,-1.,0.));
#2709 = DEFINITIONAL_REPRESENTATION('',(#2710),#2714);
#2710 = LINE('',#2711,#2712);
#2711 = CARTESIAN_POINT('',(60.,9.));
#2712 = VECTOR('',#2713,1.);
#2713 = DIRECTION('',(1.,0.));
#2714 = ( GEOMETRIC_REPRESENTATION_CONTEXT(2) 
PARAMETRIC_REPRESENTATION_CONTEXT() REPRESENTATION_CONTEXT('2D SPACE',''
  ) );
#2715 = ORIENTED_EDGE('',*,*,#2716,.T.);
#2716 = EDGE_CURVE('',#2689,#2717,#2719,.T.);
#2717 = VERTEX_POINT('',#2718);
#2718 = CARTESIAN_POINT('',(-51.,-35.,9.));
#2719 = SURFACE_CURVE('',#2720,(#2725,#2732),.PCURVE_S1.);
#2720 = CIRCLE('',#2721,5.);
#2721 = AXIS2_PLACEMENT_3D('',#2722,#2723,#2724);
#2722 = CARTESIAN_POINT('',(-51.,-30.,9.));
#2723 = DIRECTION('',(0.,0.,1.));
#2724 = DIRECTION('',(1.,0.,-0.));
#2725 = PCURVE('',#1383,#2726);
#2726 = DEFINITIONAL_REPRESENTATION('',(#2727),#2731);
#2727 = CIRCLE('',#2728,5.);
#2728 = AXIS2_PLACEMENT_2D('',#2729,#2730);
#2729 = CARTESIAN_POINT('',(-38.,-30.));
#2730 = DIRECTION('',(1.,0.));
#2731 = ( GEOMETRIC_REPRESENTATION_CONTEXT(2) 
PARAMETRIC_REPRESENTATION_CONTEXT() REPRESENTATION_CONTEXT('2D SPACE',''
  ) );
#2732 = PCURVE('',#2733,#2738);
#2733 = CYLINDRICAL_SURFACE('',#2734,5.);
#2734 = AXIS2_PLACEMENT_3D('',#2735,#2736,#2737);
#2735 = CARTESIAN_POINT('',(-51.,-30.,0.));
#2736 = DIRECTION('',(0.,0.,1.));
#2737 = DIRECTION('',(1.,0.,-0.));
#2738 = DEFINITIONAL_REPRESENTATION('',(#2739),#2743);
#2739 = LINE('',#2740,#2741);
#2740 = CARTESIAN_POINT('',(0.,9.));
#2741 = VECTOR('',#2742,1.);
#2742 = DIRECTION('',(1.,0.));
#2743 = ( GEOMETRIC_REPRESENTATION_CONTEXT(2) 
PARAMETRIC_REPRESENTATION_CONTEXT() REPRESENTATION_CONTEXT('2D SPACE',''
  ) );
#2744 = ORIENTED_EDGE('',*,*,#2745,.T.);
#2745 = EDGE_CURVE('',#2717,#2746,#2748,.T.);
#2746 = VERTEX_POINT('',#2747);
#2747 = CARTESIAN_POINT('',(25.,-35.,9.));
#2748 = SURFACE_CURVE('',#2749,(#2753,#2760),.PCURVE_S1.);
#2749 = LINE('',#2750,#2751);
#2750 = CARTESIAN_POINT('',(25.,-35.,9.));
#2751 = VECTOR('',#2752,1.);
#2752 = DIRECTION('',(1.,6.E-17,0.));
#2753 = PCURVE('',#1383,#2754);
#2754 = DEFINITIONAL_REPRESENTATION('',(#2755),#2759);
#2755 = LINE('',#2756,#2757);
#2756 = CARTESIAN_POINT('',(38.,-35.));
#2757 = VECTOR('',#2758,1.);
#2758 = DIRECTION('',(1.,6.E-17));
#2759 = ( GEOMETRIC_REPRESENTATION_CONTEXT(2) 
PARAMETRIC_REPRESENTATION_CONTEXT() REPRESENTATION_CONTEXT('2D SPACE',''
  ) );
#2760 = PCURVE('',#2761,#2766);
#2761 = PLANE('',#2762);
#2762 = AXIS2_PLACEMENT_3D('',#2763,#2764,#2765);
#2763 = CARTESIAN_POINT('',(-51.,-35.,0.));
#2764 = DIRECTION('',(6.E-17,-1.,0.));
#2765 = DIRECTION('',(1.,6.E-17,0.));
#2766 = DEFINITIONAL_REPRESENTATION('',(#2767),#2771);
#2767 = LINE('',#2768,#2769);
#2768 = CARTESIAN_POINT('',(76.,9.));
#2769 = VECTOR('',#2770,1.);
#2770 = DIRECTION('',(1.,0.));
#2771 = ( GEOMETRIC_REPRESENTATION_CONTEXT(2) 
PARAMETRIC_REPRESENTATION_CONTEXT() REPRESENTATION_CONTEXT('2D SPACE',''
  ) );
#2772 = ORIENTED_EDGE('',*,*,#2773,.T.);
#2773 = EDGE_CURVE('',#2746,#2774,#2776,.T.);
#2774 = VERTEX_POINT('',#2775);
#2775 = CARTESIAN_POINT('',(30.,-30.,9.));
#2776 = SURFACE_CURVE('',#2777,(#2782,#2789),.PCURVE_S1.);
#2777 = CIRCLE('',#2778,5.);
#2778 = AXIS2_PLACEMENT_3D('',#2779,#2780,#2781);
#2779 = CARTESIAN_POINT('',(25.,-30.,9.));
#2780 = DIRECTION('',(0.,-0.,1.));
#2781 = DIRECTION('',(0.,1.,0.));
#2782 = PCURVE('',#1383,#2783);
#2783 = DEFINITIONAL_REPRESENTATION('',(#2784),#2788);
#2784 = CIRCLE('',#2785,5.);
#2785 = AXIS2_PLACEMENT_2D('',#2786,#2787);
#2786 = CARTESIAN_POINT('',(38.,-30.));
#2787 = DIRECTION('',(0.,1.));
#2788 = ( GEOMETRIC_REPRESENTATION_CONTEXT(2) 
PARAMETRIC_REPRESENTATION_CONTEXT() REPRESENTATION_CONTEXT('2D SPACE',''
  ) );
#2789 = PCURVE('',#2790,#2795);
#2790 = CYLINDRICAL_SURFACE('',#2791,5.);
#2791 = AXIS2_PLACEMENT_3D('',#2792,#2793,#2794);
#2792 = CARTESIAN_POINT('',(25.,-30.,0.));
#2793 = DIRECTION('',(0.,0.,1.));
#2794 = DIRECTION('',(0.,1.,0.));
#2795 = DEFINITIONAL_REPRESENTATION('',(#2796),#2800);
#2796 = LINE('',#2797,#2798);
#2797 = CARTESIAN_POINT('',(0.,9.));
#2798 = VECTOR('',#2799,1.);
#2799 = DIRECTION('',(1.,0.));
#2800 = ( GEOMETRIC_REPRESENTATION_CONTEXT(2) 
PARAMETRIC_REPRESENTATION_CONTEXT() REPRESENTATION_CONTEXT('2D SPACE',''
  ) );
#2801 = ORIENTED_EDGE('',*,*,#2802,.T.);
#2802 = EDGE_CURVE('',#2774,#2803,#2805,.T.);
#2803 = VERTEX_POINT('',#2804);
#2804 = CARTESIAN_POINT('',(30.,30.,9.));
#2805 = SURFACE_CURVE('',#2806,(#2810,#2817),.PCURVE_S1.);
#2806 = LINE('',#2807,#2808);
#2807 = CARTESIAN_POINT('',(30.,30.,9.));
#2808 = VECTOR('',#2809,1.);
#2809 = DIRECTION('',(0.,1.,0.));
#2810 = PCURVE('',#1383,#2811);
#2811 = DEFINITIONAL_REPRESENTATION('',(#2812),#2816);
#2812 = LINE('',#2813,#2814);
#2813 = CARTESIAN_POINT('',(43.,30.));
#2814 = VECTOR('',#2815,1.);
#2815 = DIRECTION('',(0.,1.));
#2816 = ( GEOMETRIC_REPRESENTATION_CONTEXT(2) 
PARAMETRIC_REPRESENTATION_CONTEXT() REPRESENTATION_CONTEXT('2D SPACE',''
  ) );
#2817 = PCURVE('',#2818,#2823);
#2818 = PLANE('',#2819);
#2819 = AXIS2_PLACEMENT_3D('',#2820,#2821,#2822);
#2820 = CARTESIAN_POINT('',(30.,-30.,0.));
#2821 = DIRECTION('',(1.,0.,0.));
#2822 = DIRECTION('',(-0.,1.,0.));
#2823 = DEFINITIONAL_REPRESENTATION('',(#2824),#2828);
#2824 = LINE('',#2825,#2826);
#2825 = CARTESIAN_POINT('',(60.,9.));
#2826 = VECTOR('',#2827,1.);
#2827 = DIRECTION('',(1.,0.));
#2828 = ( GEOMETRIC_REPRESENTATION_CONTEXT(2) 
PARAMETRIC_REPRESENTATION_CONTEXT() REPRESENTATION_CONTEXT('2D SPACE',''
  ) );
#2829 = ORIENTED_EDGE('',*,*,#2830,.T.);
#2830 = EDGE_CURVE('',#2803,#2630,#2831,.T.);
#2831 = SURFACE_CURVE('',#2832,(#2837,#2844),.PCURVE_S1.);
#2832 = CIRCLE('',#2833,5.);
#2833 = AXIS2_PLACEMENT_3D('',#2834,#2835,#2836);
#2834 = CARTESIAN_POINT('',(25.,30.,9.));
#2835 = DIRECTION('',(0.,0.,1.));
#2836 = DIRECTION('',(-1.,0.,0.));
#2837 = PCURVE('',#1383,#2838);
#2838 = DEFINITIONAL_REPRESENTATION('',(#2839),#2843);
#2839 = CIRCLE('',#2840,5.);
#2840 = AXIS2_PLACEMENT_2D('',#2841,#2842);
#2841 = CARTESIAN_POINT('',(38.,30.));
#2842 = DIRECTION('',(-1.,0.));
#2843 = ( GEOMETRIC_REPRESENTATION_CONTEXT(2) 
PARAMETRIC_REPRESENTATION_CONTEXT() REPRESENTATION_CONTEXT('2D SPACE',''
  ) );
#2844 = PCURVE('',#2845,#2850);
#2845 = CYLINDRICAL_SURFACE('',#2846,5.);
#2846 = AXIS2_PLACEMENT_3D('',#2847,#2848,#2849);
#2847 = CARTESIAN_POINT('',(25.,30.,0.));
#2848 = DIRECTION('',(0.,0.,1.));
#2849 = DIRECTION('',(-1.,0.,0.));
#2850 = DEFINITIONAL_REPRESENTATION('',(#2851),#2855);
#2851 = LINE('',#2852,#2853);
#2852 = CARTESIAN_POINT('',(0.,9.));
#2853 = VECTOR('',#2854,1.);
#2854 = DIRECTION('',(1.,0.));
#2855 = ( GEOMETRIC_REPRESENTATION_CONTEXT(2) 
PARAMETRIC_REPRESENTATION_CONTEXT() REPRESENTATION_CONTEXT('2D SPACE',''
  ) );
#2856 = FACE_BOUND('',#2857,.T.);
#2857 = EDGE_LOOP('',(#2858,#2859,#2860,#2861,#2862,#2863,#2889,#2890,
    #2916,#2917,#2918,#2919));
#2858 = ORIENTED_EDGE('',*,*,#1962,.F.);
#2859 = ORIENTED_EDGE('',*,*,#1751,.T.);
#2860 = ORIENTED_EDGE('',*,*,#1990,.F.);
#2861 = ORIENTED_EDGE('',*,*,#2516,.T.);
#2862 = ORIENTED_EDGE('',*,*,#2156,.F.);
#2863 = ORIENTED_EDGE('',*,*,#2864,.T.);
#2864 = EDGE_CURVE('',#2157,#2253,#2865,.T.);
#2865 = SURFACE_CURVE('',#2866,(#2871,#2882),.PCURVE_S1.);
#2866 = CIRCLE('',#2867,1.15);
#2867 = AXIS2_PLACEMENT_3D('',#2868,#2869,#2870);
#2868 = CARTESIAN_POINT('',(12.600195311416,-18.82173153868,9.));
#2869 = DIRECTION('',(0.,0.,-1.));
#2870 = DIRECTION('',(-1.,0.,0.));
#2871 = PCURVE('',#1383,#2872);
#2872 = DEFINITIONAL_REPRESENTATION('',(#2873),#2881);
#2873 = ( BOUNDED_CURVE() B_SPLINE_CURVE(2,(#2874,#2875,#2876,#2877,
#2878,#2879,#2880),.UNSPECIFIED.,.T.,.F.) B_SPLINE_CURVE_WITH_KNOTS((1,2
    ,2,2,2,1),(-2.094395102393,0.,2.094395102393,4.188790204786,
6.28318530718,8.377580409573),.UNSPECIFIED.) CURVE() 
GEOMETRIC_REPRESENTATION_ITEM() RATIONAL_B_SPLINE_CURVE((1.,0.5,1.,0.5,
1.,0.5,1.)) REPRESENTATION_ITEM('') );
#2874 = CARTESIAN_POINT('',(24.450195311416,-18.82173153868));
#2875 = CARTESIAN_POINT('',(24.450195311416,-16.82987310997));
#2876 = CARTESIAN_POINT('',(26.175195311416,-17.82580232432));
#2877 = CARTESIAN_POINT('',(27.900195311416,-18.82173153868));
#2878 = CARTESIAN_POINT('',(26.175195311416,-19.81766075303));
#2879 = CARTESIAN_POINT('',(24.450195311416,-20.81358996738));
#2880 = CARTESIAN_POINT('',(24.450195311416,-18.82173153868));
#2881 = ( GEOMETRIC_REPRESENTATION_CONTEXT(2) 
PARAMETRIC_REPRESENTATION_CONTEXT() REPRESENTATION_CONTEXT('2D SPACE',''
  ) );
#2882 = PCURVE('',#238,#2883);
#2883 = DEFINITIONAL_REPRESENTATION('',(#2884),#2888);
#2884 = LINE('',#2885,#2886);
#2885 = CARTESIAN_POINT('',(12.566370614359,0.));
#2886 = VECTOR('',#2887,1.);
#2887 = DIRECTION('',(-1.,0.));
#2888 = ( GEOMETRIC_REPRESENTATION_CONTEXT(2) 
PARAMETRIC_REPRESENTATION_CONTEXT() REPRESENTATION_CONTEXT('2D SPACE',''
  ) );
#2889 = ORIENTED_EDGE('',*,*,#2322,.F.);
#2890 = ORIENTED_EDGE('',*,*,#2891,.T.);
#2891 = EDGE_CURVE('',#2323,#2419,#2892,.T.);
#2892 = SURFACE_CURVE('',#2893,(#2898,#2909),.PCURVE_S1.);
#2893 = CIRCLE('',#2894,1.15);
#2894 = AXIS2_PLACEMENT_3D('',#2895,#2896,#2897);
#2895 = CARTESIAN_POINT('',(-12.60019531141,-18.82173153868,9.));
#2896 = DIRECTION('',(0.,0.,-1.));
#2897 = DIRECTION('',(-1.,0.,0.));
#2898 = PCURVE('',#1383,#2899);
#2899 = DEFINITIONAL_REPRESENTATION('',(#2900),#2908);
#2900 = ( BOUNDED_CURVE() B_SPLINE_CURVE(2,(#2901,#2902,#2903,#2904,
#2905,#2906,#2907),.UNSPECIFIED.,.T.,.F.) B_SPLINE_CURVE_WITH_KNOTS((1,2
    ,2,2,2,1),(-2.094395102393,0.,2.094395102393,4.188790204786,
6.28318530718,8.377580409573),.UNSPECIFIED.) CURVE() 
GEOMETRIC_REPRESENTATION_ITEM() RATIONAL_B_SPLINE_CURVE((1.,0.5,1.,0.5,
1.,0.5,1.)) REPRESENTATION_ITEM('') );
#2901 = CARTESIAN_POINT('',(-0.750195311416,-18.82173153868));
#2902 = CARTESIAN_POINT('',(-0.750195311416,-16.82987310997));
#2903 = CARTESIAN_POINT('',(0.974804688584,-17.82580232432));
#2904 = CARTESIAN_POINT('',(2.699804688584,-18.82173153868));
#2905 = CARTESIAN_POINT('',(0.974804688584,-19.81766075303));
#2906 = CARTESIAN_POINT('',(-0.750195311416,-20.81358996738));
#2907 = CARTESIAN_POINT('',(-0.750195311416,-18.82173153868));
#2908 = ( GEOMETRIC_REPRESENTATION_CONTEXT(2) 
PARAMETRIC_REPRESENTATION_CONTEXT() REPRESENTATION_CONTEXT('2D SPACE',''
  ) );
#2909 = PCURVE('',#398,#2910);
#2910 = DEFINITIONAL_REPRESENTATION('',(#2911),#2915);
#2911 = LINE('',#2912,#2913);
#2912 = CARTESIAN_POINT('',(12.566370614359,0.));
#2913 = VECTOR('',#2914,1.);
#2914 = DIRECTION('',(-1.,0.));
#2915 = ( GEOMETRIC_REPRESENTATION_CONTEXT(2) 
PARAMETRIC_REPRESENTATION_CONTEXT() REPRESENTATION_CONTEXT('2D SPACE',''
  ) );
#2916 = ORIENTED_EDGE('',*,*,#2488,.F.);
#2917 = ORIENTED_EDGE('',*,*,#1368,.T.);
#2918 = ORIENTED_EDGE('',*,*,#1934,.F.);
#2919 = ORIENTED_EDGE('',*,*,#1486,.T.);
#2920 = ADVANCED_FACE('',(#2921),#2582,.T.);
#2921 = FACE_BOUND('',#2922,.T.);
#2922 = EDGE_LOOP('',(#2923,#2924));
#2923 = ORIENTED_EDGE('',*,*,#2565,.F.);
#2924 = ORIENTED_EDGE('',*,*,#2598,.F.);
#2925 = ADVANCED_FACE('',(#2926),#2941,.T.);
#2926 = FACE_BOUND('',#2927,.T.);
#2927 = EDGE_LOOP('',(#2928,#2963));
#2928 = ORIENTED_EDGE('',*,*,#2929,.F.);
#2929 = EDGE_CURVE('',#2930,#2932,#2934,.T.);
#2930 = VERTEX_POINT('',#2931);
#2931 = CARTESIAN_POINT('',(-11.45019531141,-18.82173153868,1.5));
#2932 = VERTEX_POINT('',#2933);
#2933 = CARTESIAN_POINT('',(-13.44480689493,-18.04126291471,1.5));
#2934 = SURFACE_CURVE('',#2935,(#2940,#2956),.PCURVE_S1.);
#2935 = CIRCLE('',#2936,1.15);
#2936 = AXIS2_PLACEMENT_3D('',#2937,#2938,#2939);
#2937 = CARTESIAN_POINT('',(-12.60019531141,-18.82173153868,1.5));
#2938 = DIRECTION('',(0.,0.,-1.));
#2939 = DIRECTION('',(-1.,0.,0.));
#2940 = PCURVE('',#2941,#2946);
#2941 = PLANE('',#2942);
#2942 = AXIS2_PLACEMENT_3D('',#2943,#2944,#2945);
#2943 = CARTESIAN_POINT('',(-12.60019531141,-18.82173153868,1.5));
#2944 = DIRECTION('',(0.,0.,1.));
#2945 = DIRECTION('',(1.,0.,-0.));
#2946 = DEFINITIONAL_REPRESENTATION('',(#2947),#2955);
#2947 = ( BOUNDED_CURVE() B_SPLINE_CURVE(2,(#2948,#2949,#2950,#2951,
#2952,#2953,#2954),.UNSPECIFIED.,.T.,.F.) B_SPLINE_CURVE_WITH_KNOTS((1,2
    ,2,2,2,1),(-2.094395102393,0.,2.094395102393,4.188790204786,
6.28318530718,8.377580409573),.UNSPECIFIED.) CURVE() 
GEOMETRIC_REPRESENTATION_ITEM() RATIONAL_B_SPLINE_CURVE((1.,0.5,1.,0.5,
1.,0.5,1.)) REPRESENTATION_ITEM('') );
#2948 = CARTESIAN_POINT('',(-1.15,0.));
#2949 = CARTESIAN_POINT('',(-1.15,1.991858428704));
#2950 = CARTESIAN_POINT('',(0.575,0.995929214352));
#2951 = CARTESIAN_POINT('',(2.3,2.816687638039E-16));
#2952 = CARTESIAN_POINT('',(0.575,-0.995929214352));
#2953 = CARTESIAN_POINT('',(-1.15,-1.991858428704));
#2954 = CARTESIAN_POINT('',(-1.15,0.));
#2955 = ( GEOMETRIC_REPRESENTATION_CONTEXT(2) 
PARAMETRIC_REPRESENTATION_CONTEXT() REPRESENTATION_CONTEXT('2D SPACE',''
  ) );
#2956 = PCURVE('',#398,#2957);
#2957 = DEFINITIONAL_REPRESENTATION('',(#2958),#2962);
#2958 = LINE('',#2959,#2960);
#2959 = CARTESIAN_POINT('',(12.566370614359,-7.5));
#2960 = VECTOR('',#2961,1.);
#2961 = DIRECTION('',(-1.,0.));
#2962 = ( GEOMETRIC_REPRESENTATION_CONTEXT(2) 
PARAMETRIC_REPRESENTATION_CONTEXT() REPRESENTATION_CONTEXT('2D SPACE',''
  ) );
#2963 = ORIENTED_EDGE('',*,*,#2964,.F.);
#2964 = EDGE_CURVE('',#2932,#2930,#2965,.T.);
#2965 = SURFACE_CURVE('',#2966,(#2971,#2982),.PCURVE_S1.);
#2966 = CIRCLE('',#2967,1.15);
#2967 = AXIS2_PLACEMENT_3D('',#2968,#2969,#2970);
#2968 = CARTESIAN_POINT('',(-12.60019531141,-18.82173153868,1.5));
#2969 = DIRECTION('',(0.,0.,-1.));
#2970 = DIRECTION('',(-1.,0.,0.));
#2971 = PCURVE('',#2941,#2972);
#2972 = DEFINITIONAL_REPRESENTATION('',(#2973),#2981);
#2973 = ( BOUNDED_CURVE() B_SPLINE_CURVE(2,(#2974,#2975,#2976,#2977,
#2978,#2979,#2980),.UNSPECIFIED.,.T.,.F.) B_SPLINE_CURVE_WITH_KNOTS((1,2
    ,2,2,2,1),(-2.094395102393,0.,2.094395102393,4.188790204786,
6.28318530718,8.377580409573),.UNSPECIFIED.) CURVE() 
GEOMETRIC_REPRESENTATION_ITEM() RATIONAL_B_SPLINE_CURVE((1.,0.5,1.,0.5,
1.,0.5,1.)) REPRESENTATION_ITEM('') );
#2974 = CARTESIAN_POINT('',(-1.15,0.));
#2975 = CARTESIAN_POINT('',(-1.15,1.991858428704));
#2976 = CARTESIAN_POINT('',(0.575,0.995929214352));
#2977 = CARTESIAN_POINT('',(2.3,2.816687638039E-16));
#2978 = CARTESIAN_POINT('',(0.575,-0.995929214352));
#2979 = CARTESIAN_POINT('',(-1.15,-1.991858428704));
#2980 = CARTESIAN_POINT('',(-1.15,0.));
#2981 = ( GEOMETRIC_REPRESENTATION_CONTEXT(2) 
PARAMETRIC_REPRESENTATION_CONTEXT() REPRESENTATION_CONTEXT('2D SPACE',''
  ) );
#2982 = PCURVE('',#398,#2983);
#2983 = DEFINITIONAL_REPRESENTATION('',(#2984),#2988);
#2984 = LINE('',#2985,#2986);
#2985 = CARTESIAN_POINT('',(12.566370614359,-7.5));
#2986 = VECTOR('',#2987,1.);
#2987 = DIRECTION('',(-1.,0.));
#2988 = ( GEOMETRIC_REPRESENTATION_CONTEXT(2) 
PARAMETRIC_REPRESENTATION_CONTEXT() REPRESENTATION_CONTEXT('2D SPACE',''
  ) );
#2989 = ADVANCED_FACE('',(#2990),#398,.F.);
#2990 = FACE_BOUND('',#2991,.F.);
#2991 = EDGE_LOOP('',(#2992,#2993,#2994,#3014,#3015,#3016,#3017,#3018));
#2992 = ORIENTED_EDGE('',*,*,#2346,.F.);
#2993 = ORIENTED_EDGE('',*,*,#2891,.T.);
#2994 = ORIENTED_EDGE('',*,*,#2995,.F.);
#2995 = EDGE_CURVE('',#2932,#2419,#2996,.T.);
#2996 = SEAM_CURVE('',#2997,(#3000,#3007),.PCURVE_S1.);
#2997 = B_SPLINE_CURVE_WITH_KNOTS('',1,(#2998,#2999),.UNSPECIFIED.,.F.,
  .F.,(2,2),(-7.5,0.),.PIECEWISE_BEZIER_KNOTS.);
#2998 = CARTESIAN_POINT('',(-13.44480689493,-18.04126291471,1.5));
#2999 = CARTESIAN_POINT('',(-13.44480689493,-18.04126291471,9.));
#3000 = PCURVE('',#398,#3001);
#3001 = DEFINITIONAL_REPRESENTATION('',(#3002),#3006);
#3002 = LINE('',#3003,#3004);
#3003 = CARTESIAN_POINT('',(5.537237307686,0.));
#3004 = VECTOR('',#3005,1.);
#3005 = DIRECTION('',(0.,1.));
#3006 = ( GEOMETRIC_REPRESENTATION_CONTEXT(2) 
PARAMETRIC_REPRESENTATION_CONTEXT() REPRESENTATION_CONTEXT('2D SPACE',''
  ) );
#3007 = PCURVE('',#398,#3008);
#3008 = DEFINITIONAL_REPRESENTATION('',(#3009),#3013);
#3009 = LINE('',#3010,#3011);
#3010 = CARTESIAN_POINT('',(11.820422614865,0.));
#3011 = VECTOR('',#3012,1.);
#3012 = DIRECTION('',(0.,1.));
#3013 = ( GEOMETRIC_REPRESENTATION_CONTEXT(2) 
PARAMETRIC_REPRESENTATION_CONTEXT() REPRESENTATION_CONTEXT('2D SPACE',''
  ) );
#3014 = ORIENTED_EDGE('',*,*,#2929,.F.);
#3015 = ORIENTED_EDGE('',*,*,#2964,.F.);
#3016 = ORIENTED_EDGE('',*,*,#2995,.T.);
#3017 = ORIENTED_EDGE('',*,*,#2418,.F.);
#3018 = ORIENTED_EDGE('',*,*,#323,.F.);
#3019 = ADVANCED_FACE('',(#3020),#1448,.T.);
#3020 = FACE_BOUND('',#3021,.T.);
#3021 = EDGE_LOOP('',(#3022,#3023));
#3022 = ORIENTED_EDGE('',*,*,#1652,.F.);
#3023 = ORIENTED_EDGE('',*,*,#1429,.F.);
#3024 = ADVANCED_FACE('',(#3025),#1887,.T.);
#3025 = FACE_BOUND('',#3026,.T.);
#3026 = EDGE_LOOP('',(#3027,#3028));
#3027 = ORIENTED_EDGE('',*,*,#1870,.F.);
#3028 = ORIENTED_EDGE('',*,*,#1903,.F.);
#3029 = ADVANCED_FACE('',(#3030),#1191,.T.);
#3030 = FACE_BOUND('',#3031,.T.);
#3031 = EDGE_LOOP('',(#3032,#3033));
#3032 = ORIENTED_EDGE('',*,*,#1400,.F.);
#3033 = ORIENTED_EDGE('',*,*,#1172,.F.);
#3034 = ADVANCED_FACE('',(#3035),#3050,.T.);
#3035 = FACE_BOUND('',#3036,.T.);
#3036 = EDGE_LOOP('',(#3037,#3072));
#3037 = ORIENTED_EDGE('',*,*,#3038,.F.);
#3038 = EDGE_CURVE('',#3039,#3041,#3043,.T.);
#3039 = VERTEX_POINT('',#3040);
#3040 = CARTESIAN_POINT('',(13.750195311416,-18.82173153868,1.5));
#3041 = VERTEX_POINT('',#3042);
#3042 = CARTESIAN_POINT('',(11.459025546053,-18.67949382701,1.5));
#3043 = SURFACE_CURVE('',#3044,(#3049,#3065),.PCURVE_S1.);
#3044 = CIRCLE('',#3045,1.15);
#3045 = AXIS2_PLACEMENT_3D('',#3046,#3047,#3048);
#3046 = CARTESIAN_POINT('',(12.600195311416,-18.82173153868,1.5));
#3047 = DIRECTION('',(0.,0.,-1.));
#3048 = DIRECTION('',(-1.,0.,0.));
#3049 = PCURVE('',#3050,#3055);
#3050 = PLANE('',#3051);
#3051 = AXIS2_PLACEMENT_3D('',#3052,#3053,#3054);
#3052 = CARTESIAN_POINT('',(12.600195311416,-18.82173153868,1.5));
#3053 = DIRECTION('',(0.,0.,1.));
#3054 = DIRECTION('',(1.,0.,-0.));
#3055 = DEFINITIONAL_REPRESENTATION('',(#3056),#3064);
#3056 = ( BOUNDED_CURVE() B_SPLINE_CURVE(2,(#3057,#3058,#3059,#3060,
#3061,#3062,#3063),.UNSPECIFIED.,.T.,.F.) B_SPLINE_CURVE_WITH_KNOTS((1,2
    ,2,2,2,1),(-2.094395102393,0.,2.094395102393,4.188790204786,
6.28318530718,8.377580409573),.UNSPECIFIED.) CURVE() 
GEOMETRIC_REPRESENTATION_ITEM() RATIONAL_B_SPLINE_CURVE((1.,0.5,1.,0.5,
1.,0.5,1.)) REPRESENTATION_ITEM('') );
#3057 = CARTESIAN_POINT('',(-1.15,0.));
#3058 = CARTESIAN_POINT('',(-1.15,1.991858428704));
#3059 = CARTESIAN_POINT('',(0.575,0.995929214352));
#3060 = CARTESIAN_POINT('',(2.3,2.816687638039E-16));
#3061 = CARTESIAN_POINT('',(0.575,-0.995929214352));
#3062 = CARTESIAN_POINT('',(-1.15,-1.991858428704));
#3063 = CARTESIAN_POINT('',(-1.15,0.));
#3064 = ( GEOMETRIC_REPRESENTATION_CONTEXT(2) 
PARAMETRIC_REPRESENTATION_CONTEXT() REPRESENTATION_CONTEXT('2D SPACE',''
  ) );
#3065 = PCURVE('',#238,#3066);
#3066 = DEFINITIONAL_REPRESENTATION('',(#3067),#3071);
#3067 = LINE('',#3068,#3069);
#3068 = CARTESIAN_POINT('',(12.566370614359,-7.5));
#3069 = VECTOR('',#3070,1.);
#3070 = DIRECTION('',(-1.,0.));
#3071 = ( GEOMETRIC_REPRESENTATION_CONTEXT(2) 
PARAMETRIC_REPRESENTATION_CONTEXT() REPRESENTATION_CONTEXT('2D SPACE',''
  ) );
#3072 = ORIENTED_EDGE('',*,*,#3073,.F.);
#3073 = EDGE_CURVE('',#3041,#3039,#3074,.T.);
#3074 = SURFACE_CURVE('',#3075,(#3080,#3091),.PCURVE_S1.);
#3075 = CIRCLE('',#3076,1.15);
#3076 = AXIS2_PLACEMENT_3D('',#3077,#3078,#3079);
#3077 = CARTESIAN_POINT('',(12.600195311416,-18.82173153868,1.5));
#3078 = DIRECTION('',(0.,0.,-1.));
#3079 = DIRECTION('',(-1.,0.,0.));
#3080 = PCURVE('',#3050,#3081);
#3081 = DEFINITIONAL_REPRESENTATION('',(#3082),#3090);
#3082 = ( BOUNDED_CURVE() B_SPLINE_CURVE(2,(#3083,#3084,#3085,#3086,
#3087,#3088,#3089),.UNSPECIFIED.,.T.,.F.) B_SPLINE_CURVE_WITH_KNOTS((1,2
    ,2,2,2,1),(-2.094395102393,0.,2.094395102393,4.188790204786,
6.28318530718,8.377580409573),.UNSPECIFIED.) CURVE() 
GEOMETRIC_REPRESENTATION_ITEM() RATIONAL_B_SPLINE_CURVE((1.,0.5,1.,0.5,
1.,0.5,1.)) REPRESENTATION_ITEM('') );
#3083 = CARTESIAN_POINT('',(-1.15,0.));
#3084 = CARTESIAN_POINT('',(-1.15,1.991858428704));
#3085 = CARTESIAN_POINT('',(0.575,0.995929214352));
#3086 = CARTESIAN_POINT('',(2.3,2.816687638039E-16));
#3087 = CARTESIAN_POINT('',(0.575,-0.995929214352));
#3088 = CARTESIAN_POINT('',(-1.15,-1.991858428704));
#3089 = CARTESIAN_POINT('',(-1.15,0.));
#3090 = ( GEOMETRIC_REPRESENTATION_CONTEXT(2) 
PARAMETRIC_REPRESENTATION_CONTEXT() REPRESENTATION_CONTEXT('2D SPACE',''
  ) );
#3091 = PCURVE('',#238,#3092);
#3092 = DEFINITIONAL_REPRESENTATION('',(#3093),#3097);
#3093 = LINE('',#3094,#3095);
#3094 = CARTESIAN_POINT('',(12.566370614359,-7.5));
#3095 = VECTOR('',#3096,1.);
#3096 = DIRECTION('',(-1.,0.));
#3097 = ( GEOMETRIC_REPRESENTATION_CONTEXT(2) 
PARAMETRIC_REPRESENTATION_CONTEXT() REPRESENTATION_CONTEXT('2D SPACE',''
  ) );
#3098 = ADVANCED_FACE('',(#3099),#238,.F.);
#3099 = FACE_BOUND('',#3100,.F.);
#3100 = EDGE_LOOP('',(#3101,#3102,#3103,#3104,#3124,#3125,#3126,#3127));
#3101 = ORIENTED_EDGE('',*,*,#2180,.F.);
#3102 = ORIENTED_EDGE('',*,*,#2864,.T.);
#3103 = ORIENTED_EDGE('',*,*,#2252,.F.);
#3104 = ORIENTED_EDGE('',*,*,#3105,.F.);
#3105 = EDGE_CURVE('',#3041,#164,#3106,.T.);
#3106 = SEAM_CURVE('',#3107,(#3110,#3117),.PCURVE_S1.);
#3107 = B_SPLINE_CURVE_WITH_KNOTS('',1,(#3108,#3109),.UNSPECIFIED.,.F.,
  .F.,(2,2),(-7.5,-0.585786436491),.PIECEWISE_BEZIER_KNOTS.);
#3108 = CARTESIAN_POINT('',(11.459025546053,-18.67949382701,1.5));
#3109 = CARTESIAN_POINT('',(11.459025546053,-18.67949382701,
    8.414213563509));
#3110 = PCURVE('',#238,#3111);
#3111 = DEFINITIONAL_REPRESENTATION('',(#3112),#3116);
#3112 = LINE('',#3113,#3114);
#3113 = CARTESIAN_POINT('',(6.159182794767,0.));
#3114 = VECTOR('',#3115,1.);
#3115 = DIRECTION('',(0.,1.));
#3116 = ( GEOMETRIC_REPRESENTATION_CONTEXT(2) 
PARAMETRIC_REPRESENTATION_CONTEXT() REPRESENTATION_CONTEXT('2D SPACE',''
  ) );
#3117 = PCURVE('',#238,#3118);
#3118 = DEFINITIONAL_REPRESENTATION('',(#3119),#3123);
#3119 = LINE('',#3120,#3121);
#3120 = CARTESIAN_POINT('',(12.442368101946,0.));
#3121 = VECTOR('',#3122,1.);
#3122 = DIRECTION('',(0.,1.));
#3123 = ( GEOMETRIC_REPRESENTATION_CONTEXT(2) 
PARAMETRIC_REPRESENTATION_CONTEXT() REPRESENTATION_CONTEXT('2D SPACE',''
  ) );
#3124 = ORIENTED_EDGE('',*,*,#3038,.F.);
#3125 = ORIENTED_EDGE('',*,*,#3073,.F.);
#3126 = ORIENTED_EDGE('',*,*,#3105,.T.);
#3127 = ORIENTED_EDGE('',*,*,#163,.F.);
#3128 = ADVANCED_FACE('',(#3129),#3142,.F.);
#3129 = FACE_BOUND('',#3130,.F.);
#3130 = EDGE_LOOP('',(#3131,#3165,#3187));
#3131 = ORIENTED_EDGE('',*,*,#3132,.F.);
#3132 = EDGE_CURVE('',#3133,#3133,#3135,.T.);
#3133 = VERTEX_POINT('',#3134);
#3134 = CARTESIAN_POINT('',(-54.4,27.,4.4));
#3135 = SURFACE_CURVE('',#3136,(#3141,#3153),.PCURVE_S1.);
#3136 = CIRCLE('',#3137,1.4);
#3137 = AXIS2_PLACEMENT_3D('',#3138,#3139,#3140);
#3138 = CARTESIAN_POINT('',(-53.,27.,4.4));
#3139 = DIRECTION('',(0.,0.,-1.));
#3140 = DIRECTION('',(-1.,0.,0.));
#3141 = PCURVE('',#3142,#3147);
#3142 = CONICAL_SURFACE('',#3143,0.7,1.02974425868);
#3143 = AXIS2_PLACEMENT_3D('',#3144,#3145,#3146);
#3144 = CARTESIAN_POINT('',(-53.,27.,4.820602433319));
#3145 = DIRECTION('',(0.,0.,-1.));
#3146 = DIRECTION('',(-1.,0.,0.));
#3147 = DEFINITIONAL_REPRESENTATION('',(#3148),#3152);
#3148 = LINE('',#3149,#3150);
#3149 = CARTESIAN_POINT('',(0.,0.420602433317));
#3150 = VECTOR('',#3151,1.);
#3151 = DIRECTION('',(1.,0.));
#3152 = ( GEOMETRIC_REPRESENTATION_CONTEXT(2) 
PARAMETRIC_REPRESENTATION_CONTEXT() REPRESENTATION_CONTEXT('2D SPACE',''
  ) );
#3153 = PCURVE('',#3154,#3159);
#3154 = CYLINDRICAL_SURFACE('',#3155,1.4);
#3155 = AXIS2_PLACEMENT_3D('',#3156,#3157,#3158);
#3156 = CARTESIAN_POINT('',(-53.,27.,0.4));
#3157 = DIRECTION('',(0.,0.,-1.));
#3158 = DIRECTION('',(-1.,0.,0.));
#3159 = DEFINITIONAL_REPRESENTATION('',(#3160),#3164);
#3160 = LINE('',#3161,#3162);
#3161 = CARTESIAN_POINT('',(0.,-4.));
#3162 = VECTOR('',#3163,1.);
#3163 = DIRECTION('',(1.,0.));
#3164 = ( GEOMETRIC_REPRESENTATION_CONTEXT(2) 
PARAMETRIC_REPRESENTATION_CONTEXT() REPRESENTATION_CONTEXT('2D SPACE',''
  ) );
#3165 = ORIENTED_EDGE('',*,*,#3166,.F.);
#3166 = EDGE_CURVE('',#3167,#3133,#3169,.T.);
#3167 = VERTEX_POINT('',#3168);
#3168 = CARTESIAN_POINT('',(-53.,27.,5.241204866635));
#3169 = SEAM_CURVE('',#3170,(#3173,#3180),.PCURVE_S1.);
#3170 = B_SPLINE_CURVE_WITH_KNOTS('',1,(#3171,#3172),.UNSPECIFIED.,.F.,
  .F.,(2,2),(-0.816643378049,0.816643378051),.PIECEWISE_BEZIER_KNOTS.);
#3171 = CARTESIAN_POINT('',(-53.,27.,5.241204866635));
#3172 = CARTESIAN_POINT('',(-54.4,27.,4.400000000002));
#3173 = PCURVE('',#3142,#3174);
#3174 = DEFINITIONAL_REPRESENTATION('',(#3175),#3179);
#3175 = LINE('',#3176,#3177);
#3176 = CARTESIAN_POINT('',(0.,0.));
#3177 = VECTOR('',#3178,1.);
#3178 = DIRECTION('',(0.,1.));
#3179 = ( GEOMETRIC_REPRESENTATION_CONTEXT(2) 
PARAMETRIC_REPRESENTATION_CONTEXT() REPRESENTATION_CONTEXT('2D SPACE',''
  ) );
#3180 = PCURVE('',#3142,#3181);
#3181 = DEFINITIONAL_REPRESENTATION('',(#3182),#3186);
#3182 = LINE('',#3183,#3184);
#3183 = CARTESIAN_POINT('',(6.28318530718,0.));
#3184 = VECTOR('',#3185,1.);
#3185 = DIRECTION('',(0.,1.));
#3186 = ( GEOMETRIC_REPRESENTATION_CONTEXT(2) 
PARAMETRIC_REPRESENTATION_CONTEXT() REPRESENTATION_CONTEXT('2D SPACE',''
  ) );
#3187 = ORIENTED_EDGE('',*,*,#3166,.T.);
#3188 = ADVANCED_FACE('',(#3189),#3154,.F.);
#3189 = FACE_BOUND('',#3190,.F.);
#3190 = EDGE_LOOP('',(#3191,#3220,#3240,#3241));
#3191 = ORIENTED_EDGE('',*,*,#3192,.T.);
#3192 = EDGE_CURVE('',#3193,#3193,#3195,.T.);
#3193 = VERTEX_POINT('',#3194);
#3194 = CARTESIAN_POINT('',(-54.4,27.,-3.6));
#3195 = SURFACE_CURVE('',#3196,(#3201,#3208),.PCURVE_S1.);
#3196 = CIRCLE('',#3197,1.4);
#3197 = AXIS2_PLACEMENT_3D('',#3198,#3199,#3200);
#3198 = CARTESIAN_POINT('',(-53.,27.,-3.6));
#3199 = DIRECTION('',(0.,0.,1.));
#3200 = DIRECTION('',(-1.,0.,0.));
#3201 = PCURVE('',#3154,#3202);
#3202 = DEFINITIONAL_REPRESENTATION('',(#3203),#3207);
#3203 = LINE('',#3204,#3205);
#3204 = CARTESIAN_POINT('',(6.28318530718,4.));
#3205 = VECTOR('',#3206,1.);
#3206 = DIRECTION('',(-1.,0.));
#3207 = ( GEOMETRIC_REPRESENTATION_CONTEXT(2) 
PARAMETRIC_REPRESENTATION_CONTEXT() REPRESENTATION_CONTEXT('2D SPACE',''
  ) );
#3208 = PCURVE('',#3209,#3214);
#3209 = PLANE('',#3210);
#3210 = AXIS2_PLACEMENT_3D('',#3211,#3212,#3213);
#3211 = CARTESIAN_POINT('',(-14.58478912497,29.384347707119,-3.6));
#3212 = DIRECTION('',(0.,0.,1.));
#3213 = DIRECTION('',(1.,0.,-0.));
#3214 = DEFINITIONAL_REPRESENTATION('',(#3215),#3219);
#3215 = CIRCLE('',#3216,1.4);
#3216 = AXIS2_PLACEMENT_2D('',#3217,#3218);
#3217 = CARTESIAN_POINT('',(-38.41521087502,-2.384347707119));
#3218 = DIRECTION('',(-1.,0.));
#3219 = ( GEOMETRIC_REPRESENTATION_CONTEXT(2) 
PARAMETRIC_REPRESENTATION_CONTEXT() REPRESENTATION_CONTEXT('2D SPACE',''
  ) );
#3220 = ORIENTED_EDGE('',*,*,#3221,.F.);
#3221 = EDGE_CURVE('',#3133,#3193,#3222,.T.);
#3222 = SEAM_CURVE('',#3223,(#3226,#3233),.PCURVE_S1.);
#3223 = B_SPLINE_CURVE_WITH_KNOTS('',1,(#3224,#3225),.UNSPECIFIED.,.F.,
  .F.,(2,2),(-4.,4.),.PIECEWISE_BEZIER_KNOTS.);
#3224 = CARTESIAN_POINT('',(-54.4,27.,4.4));
#3225 = CARTESIAN_POINT('',(-54.4,27.,-3.6));
#3226 = PCURVE('',#3154,#3227);
#3227 = DEFINITIONAL_REPRESENTATION('',(#3228),#3232);
#3228 = LINE('',#3229,#3230);
#3229 = CARTESIAN_POINT('',(0.,0.));
#3230 = VECTOR('',#3231,1.);
#3231 = DIRECTION('',(0.,1.));
#3232 = ( GEOMETRIC_REPRESENTATION_CONTEXT(2) 
PARAMETRIC_REPRESENTATION_CONTEXT() REPRESENTATION_CONTEXT('2D SPACE',''
  ) );
#3233 = PCURVE('',#3154,#3234);
#3234 = DEFINITIONAL_REPRESENTATION('',(#3235),#3239);
#3235 = LINE('',#3236,#3237);
#3236 = CARTESIAN_POINT('',(6.28318530718,0.));
#3237 = VECTOR('',#3238,1.);
#3238 = DIRECTION('',(0.,1.));
#3239 = ( GEOMETRIC_REPRESENTATION_CONTEXT(2) 
PARAMETRIC_REPRESENTATION_CONTEXT() REPRESENTATION_CONTEXT('2D SPACE',''
  ) );
#3240 = ORIENTED_EDGE('',*,*,#3132,.T.);
#3241 = ORIENTED_EDGE('',*,*,#3221,.T.);
#3242 = ADVANCED_FACE('',(#3243),#3256,.F.);
#3243 = FACE_BOUND('',#3244,.F.);
#3244 = EDGE_LOOP('',(#3245,#3279,#3301));
#3245 = ORIENTED_EDGE('',*,*,#3246,.F.);
#3246 = EDGE_CURVE('',#3247,#3247,#3249,.T.);
#3247 = VERTEX_POINT('',#3248);
#3248 = CARTESIAN_POINT('',(-24.4,-27.,4.4));
#3249 = SURFACE_CURVE('',#3250,(#3255,#3267),.PCURVE_S1.);
#3250 = CIRCLE('',#3251,1.4);
#3251 = AXIS2_PLACEMENT_3D('',#3252,#3253,#3254);
#3252 = CARTESIAN_POINT('',(-23.,-27.,4.4));
#3253 = DIRECTION('',(0.,0.,-1.));
#3254 = DIRECTION('',(-1.,0.,0.));
#3255 = PCURVE('',#3256,#3261);
#3256 = CONICAL_SURFACE('',#3257,0.7,1.02974425868);
#3257 = AXIS2_PLACEMENT_3D('',#3258,#3259,#3260);
#3258 = CARTESIAN_POINT('',(-23.,-27.,4.820602433319));
#3259 = DIRECTION('',(0.,0.,-1.));
#3260 = DIRECTION('',(-1.,0.,0.));
#3261 = DEFINITIONAL_REPRESENTATION('',(#3262),#3266);
#3262 = LINE('',#3263,#3264);
#3263 = CARTESIAN_POINT('',(0.,0.420602433317));
#3264 = VECTOR('',#3265,1.);
#3265 = DIRECTION('',(1.,0.));
#3266 = ( GEOMETRIC_REPRESENTATION_CONTEXT(2) 
PARAMETRIC_REPRESENTATION_CONTEXT() REPRESENTATION_CONTEXT('2D SPACE',''
  ) );
#3267 = PCURVE('',#3268,#3273);
#3268 = CYLINDRICAL_SURFACE('',#3269,1.4);
#3269 = AXIS2_PLACEMENT_3D('',#3270,#3271,#3272);
#3270 = CARTESIAN_POINT('',(-23.,-27.,0.4));
#3271 = DIRECTION('',(0.,0.,-1.));
#3272 = DIRECTION('',(-1.,0.,0.));
#3273 = DEFINITIONAL_REPRESENTATION('',(#3274),#3278);
#3274 = LINE('',#3275,#3276);
#3275 = CARTESIAN_POINT('',(0.,-4.));
#3276 = VECTOR('',#3277,1.);
#3277 = DIRECTION('',(1.,0.));
#3278 = ( GEOMETRIC_REPRESENTATION_CONTEXT(2) 
PARAMETRIC_REPRESENTATION_CONTEXT() REPRESENTATION_CONTEXT('2D SPACE',''
  ) );
#3279 = ORIENTED_EDGE('',*,*,#3280,.F.);
#3280 = EDGE_CURVE('',#3281,#3247,#3283,.T.);
#3281 = VERTEX_POINT('',#3282);
#3282 = CARTESIAN_POINT('',(-23.,-27.,5.241204866635));
#3283 = SEAM_CURVE('',#3284,(#3287,#3294),.PCURVE_S1.);
#3284 = B_SPLINE_CURVE_WITH_KNOTS('',1,(#3285,#3286),.UNSPECIFIED.,.F.,
  .F.,(2,2),(-0.816643378049,0.816643378051),.PIECEWISE_BEZIER_KNOTS.);
#3285 = CARTESIAN_POINT('',(-23.,-27.,5.241204866635));
#3286 = CARTESIAN_POINT('',(-24.4,-27.,4.400000000002));
#3287 = PCURVE('',#3256,#3288);
#3288 = DEFINITIONAL_REPRESENTATION('',(#3289),#3293);
#3289 = LINE('',#3290,#3291);
#3290 = CARTESIAN_POINT('',(0.,0.));
#3291 = VECTOR('',#3292,1.);
#3292 = DIRECTION('',(0.,1.));
#3293 = ( GEOMETRIC_REPRESENTATION_CONTEXT(2) 
PARAMETRIC_REPRESENTATION_CONTEXT() REPRESENTATION_CONTEXT('2D SPACE',''
  ) );
#3294 = PCURVE('',#3256,#3295);
#3295 = DEFINITIONAL_REPRESENTATION('',(#3296),#3300);
#3296 = LINE('',#3297,#3298);
#3297 = CARTESIAN_POINT('',(6.28318530718,0.));
#3298 = VECTOR('',#3299,1.);
#3299 = DIRECTION('',(0.,1.));
#3300 = ( GEOMETRIC_REPRESENTATION_CONTEXT(2) 
PARAMETRIC_REPRESENTATION_CONTEXT() REPRESENTATION_CONTEXT('2D SPACE',''
  ) );
#3301 = ORIENTED_EDGE('',*,*,#3280,.T.);
#3302 = ADVANCED_FACE('',(#3303),#3268,.F.);
#3303 = FACE_BOUND('',#3304,.F.);
#3304 = EDGE_LOOP('',(#3305,#3334,#3354,#3355));
#3305 = ORIENTED_EDGE('',*,*,#3306,.T.);
#3306 = EDGE_CURVE('',#3307,#3307,#3309,.T.);
#3307 = VERTEX_POINT('',#3308);
#3308 = CARTESIAN_POINT('',(-24.4,-27.,-3.6));
#3309 = SURFACE_CURVE('',#3310,(#3315,#3322),.PCURVE_S1.);
#3310 = CIRCLE('',#3311,1.4);
#3311 = AXIS2_PLACEMENT_3D('',#3312,#3313,#3314);
#3312 = CARTESIAN_POINT('',(-23.,-27.,-3.6));
#3313 = DIRECTION('',(0.,0.,1.));
#3314 = DIRECTION('',(-1.,0.,0.));
#3315 = PCURVE('',#3268,#3316);
#3316 = DEFINITIONAL_REPRESENTATION('',(#3317),#3321);
#3317 = LINE('',#3318,#3319);
#3318 = CARTESIAN_POINT('',(6.28318530718,4.));
#3319 = VECTOR('',#3320,1.);
#3320 = DIRECTION('',(-1.,0.));
#3321 = ( GEOMETRIC_REPRESENTATION_CONTEXT(2) 
PARAMETRIC_REPRESENTATION_CONTEXT() REPRESENTATION_CONTEXT('2D SPACE',''
  ) );
#3322 = PCURVE('',#3323,#3328);
#3323 = PLANE('',#3324);
#3324 = AXIS2_PLACEMENT_3D('',#3325,#3326,#3327);
#3325 = CARTESIAN_POINT('',(-14.58478912497,-29.38434770711,-3.6));
#3326 = DIRECTION('',(0.,0.,1.));
#3327 = DIRECTION('',(1.,0.,-0.));
#3328 = DEFINITIONAL_REPRESENTATION('',(#3329),#3333);
#3329 = CIRCLE('',#3330,1.4);
#3330 = AXIS2_PLACEMENT_2D('',#3331,#3332);
#3331 = CARTESIAN_POINT('',(-8.415210875028,2.384347707119));
#3332 = DIRECTION('',(-1.,0.));
#3333 = ( GEOMETRIC_REPRESENTATION_CONTEXT(2) 
PARAMETRIC_REPRESENTATION_CONTEXT() REPRESENTATION_CONTEXT('2D SPACE',''
  ) );
#3334 = ORIENTED_EDGE('',*,*,#3335,.F.);
#3335 = EDGE_CURVE('',#3247,#3307,#3336,.T.);
#3336 = SEAM_CURVE('',#3337,(#3340,#3347),.PCURVE_S1.);
#3337 = B_SPLINE_CURVE_WITH_KNOTS('',1,(#3338,#3339),.UNSPECIFIED.,.F.,
  .F.,(2,2),(-4.,4.),.PIECEWISE_BEZIER_KNOTS.);
#3338 = CARTESIAN_POINT('',(-24.4,-27.,4.4));
#3339 = CARTESIAN_POINT('',(-24.4,-27.,-3.6));
#3340 = PCURVE('',#3268,#3341);
#3341 = DEFINITIONAL_REPRESENTATION('',(#3342),#3346);
#3342 = LINE('',#3343,#3344);
#3343 = CARTESIAN_POINT('',(0.,0.));
#3344 = VECTOR('',#3345,1.);
#3345 = DIRECTION('',(0.,1.));
#3346 = ( GEOMETRIC_REPRESENTATION_CONTEXT(2) 
PARAMETRIC_REPRESENTATION_CONTEXT() REPRESENTATION_CONTEXT('2D SPACE',''
  ) );
#3347 = PCURVE('',#3268,#3348);
#3348 = DEFINITIONAL_REPRESENTATION('',(#3349),#3353);
#3349 = LINE('',#3350,#3351);
#3350 = CARTESIAN_POINT('',(6.28318530718,0.));
#3351 = VECTOR('',#3352,1.);
#3352 = DIRECTION('',(0.,1.));
#3353 = ( GEOMETRIC_REPRESENTATION_CONTEXT(2) 
PARAMETRIC_REPRESENTATION_CONTEXT() REPRESENTATION_CONTEXT('2D SPACE',''
  ) );
#3354 = ORIENTED_EDGE('',*,*,#3246,.T.);
#3355 = ORIENTED_EDGE('',*,*,#3335,.T.);
#3356 = ADVANCED_FACE('',(#3357),#3370,.F.);
#3357 = FACE_BOUND('',#3358,.F.);
#3358 = EDGE_LOOP('',(#3359,#3393,#3415));
#3359 = ORIENTED_EDGE('',*,*,#3360,.F.);
#3360 = EDGE_CURVE('',#3361,#3361,#3363,.T.);
#3361 = VERTEX_POINT('',#3362);
#3362 = CARTESIAN_POINT('',(-54.4,-27.,4.4));
#3363 = SURFACE_CURVE('',#3364,(#3369,#3381),.PCURVE_S1.);
#3364 = CIRCLE('',#3365,1.4);
#3365 = AXIS2_PLACEMENT_3D('',#3366,#3367,#3368);
#3366 = CARTESIAN_POINT('',(-53.,-27.,4.4));
#3367 = DIRECTION('',(0.,0.,-1.));
#3368 = DIRECTION('',(-1.,0.,0.));
#3369 = PCURVE('',#3370,#3375);
#3370 = CONICAL_SURFACE('',#3371,0.7,1.02974425868);
#3371 = AXIS2_PLACEMENT_3D('',#3372,#3373,#3374);
#3372 = CARTESIAN_POINT('',(-53.,-27.,4.820602433319));
#3373 = DIRECTION('',(0.,0.,-1.));
#3374 = DIRECTION('',(-1.,0.,0.));
#3375 = DEFINITIONAL_REPRESENTATION('',(#3376),#3380);
#3376 = LINE('',#3377,#3378);
#3377 = CARTESIAN_POINT('',(0.,0.420602433317));
#3378 = VECTOR('',#3379,1.);
#3379 = DIRECTION('',(1.,0.));
#3380 = ( GEOMETRIC_REPRESENTATION_CONTEXT(2) 
PARAMETRIC_REPRESENTATION_CONTEXT() REPRESENTATION_CONTEXT('2D SPACE',''
  ) );
#3381 = PCURVE('',#3382,#3387);
#3382 = CYLINDRICAL_SURFACE('',#3383,1.4);
#3383 = AXIS2_PLACEMENT_3D('',#3384,#3385,#3386);
#3384 = CARTESIAN_POINT('',(-53.,-27.,0.4));
#3385 = DIRECTION('',(0.,0.,-1.));
#3386 = DIRECTION('',(-1.,0.,0.));
#3387 = DEFINITIONAL_REPRESENTATION('',(#3388),#3392);
#3388 = LINE('',#3389,#3390);
#3389 = CARTESIAN_POINT('',(0.,-4.));
#3390 = VECTOR('',#3391,1.);
#3391 = DIRECTION('',(1.,0.));
#3392 = ( GEOMETRIC_REPRESENTATION_CONTEXT(2) 
PARAMETRIC_REPRESENTATION_CONTEXT() REPRESENTATION_CONTEXT('2D SPACE',''
  ) );
#3393 = ORIENTED_EDGE('',*,*,#3394,.F.);
#3394 = EDGE_CURVE('',#3395,#3361,#3397,.T.);
#3395 = VERTEX_POINT('',#3396);
#3396 = CARTESIAN_POINT('',(-53.,-27.,5.241204866635));
#3397 = SEAM_CURVE('',#3398,(#3401,#3408),.PCURVE_S1.);
#3398 = B_SPLINE_CURVE_WITH_KNOTS('',1,(#3399,#3400),.UNSPECIFIED.,.F.,
  .F.,(2,2),(-0.816643378049,0.816643378051),.PIECEWISE_BEZIER_KNOTS.);
#3399 = CARTESIAN_POINT('',(-53.,-27.,5.241204866635));
#3400 = CARTESIAN_POINT('',(-54.4,-27.,4.400000000002));
#3401 = PCURVE('',#3370,#3402);
#3402 = DEFINITIONAL_REPRESENTATION('',(#3403),#3407);
#3403 = LINE('',#3404,#3405);
#3404 = CARTESIAN_POINT('',(0.,0.));
#3405 = VECTOR('',#3406,1.);
#3406 = DIRECTION('',(0.,1.));
#3407 = ( GEOMETRIC_REPRESENTATION_CONTEXT(2) 
PARAMETRIC_REPRESENTATION_CONTEXT() REPRESENTATION_CONTEXT('2D SPACE',''
  ) );
#3408 = PCURVE('',#3370,#3409);
#3409 = DEFINITIONAL_REPRESENTATION('',(#3410),#3414);
#3410 = LINE('',#3411,#3412);
#3411 = CARTESIAN_POINT('',(6.28318530718,0.));
#3412 = VECTOR('',#3413,1.);
#3413 = DIRECTION('',(0.,1.));
#3414 = ( GEOMETRIC_REPRESENTATION_CONTEXT(2) 
PARAMETRIC_REPRESENTATION_CONTEXT() REPRESENTATION_CONTEXT('2D SPACE',''
  ) );
#3415 = ORIENTED_EDGE('',*,*,#3394,.T.);
#3416 = ADVANCED_FACE('',(#3417),#3382,.F.);
#3417 = FACE_BOUND('',#3418,.F.);
#3418 = EDGE_LOOP('',(#3419,#3443,#3463,#3464));
#3419 = ORIENTED_EDGE('',*,*,#3420,.T.);
#3420 = EDGE_CURVE('',#3421,#3421,#3423,.T.);
#3421 = VERTEX_POINT('',#3422);
#3422 = CARTESIAN_POINT('',(-54.4,-27.,-3.6));
#3423 = SURFACE_CURVE('',#3424,(#3429,#3436),.PCURVE_S1.);
#3424 = CIRCLE('',#3425,1.4);
#3425 = AXIS2_PLACEMENT_3D('',#3426,#3427,#3428);
#3426 = CARTESIAN_POINT('',(-53.,-27.,-3.6));
#3427 = DIRECTION('',(0.,0.,1.));
#3428 = DIRECTION('',(-1.,0.,0.));
#3429 = PCURVE('',#3382,#3430);
#3430 = DEFINITIONAL_REPRESENTATION('',(#3431),#3435);
#3431 = LINE('',#3432,#3433);
#3432 = CARTESIAN_POINT('',(6.28318530718,4.));
#3433 = VECTOR('',#3434,1.);
#3434 = DIRECTION('',(-1.,0.));
#3435 = ( GEOMETRIC_REPRESENTATION_CONTEXT(2) 
PARAMETRIC_REPRESENTATION_CONTEXT() REPRESENTATION_CONTEXT('2D SPACE',''
  ) );
#3436 = PCURVE('',#3323,#3437);
#3437 = DEFINITIONAL_REPRESENTATION('',(#3438),#3442);
#3438 = CIRCLE('',#3439,1.4);
#3439 = AXIS2_PLACEMENT_2D('',#3440,#3441);
#3440 = CARTESIAN_POINT('',(-38.41521087502,2.384347707119));
#3441 = DIRECTION('',(-1.,0.));
#3442 = ( GEOMETRIC_REPRESENTATION_CONTEXT(2) 
PARAMETRIC_REPRESENTATION_CONTEXT() REPRESENTATION_CONTEXT('2D SPACE',''
  ) );
#3443 = ORIENTED_EDGE('',*,*,#3444,.F.);
#3444 = EDGE_CURVE('',#3361,#3421,#3445,.T.);
#3445 = SEAM_CURVE('',#3446,(#3449,#3456),.PCURVE_S1.);
#3446 = B_SPLINE_CURVE_WITH_KNOTS('',1,(#3447,#3448),.UNSPECIFIED.,.F.,
  .F.,(2,2),(-4.,4.),.PIECEWISE_BEZIER_KNOTS.);
#3447 = CARTESIAN_POINT('',(-54.4,-27.,4.4));
#3448 = CARTESIAN_POINT('',(-54.4,-27.,-3.6));
#3449 = PCURVE('',#3382,#3450);
#3450 = DEFINITIONAL_REPRESENTATION('',(#3451),#3455);
#3451 = LINE('',#3452,#3453);
#3452 = CARTESIAN_POINT('',(0.,0.));
#3453 = VECTOR('',#3454,1.);
#3454 = DIRECTION('',(0.,1.));
#3455 = ( GEOMETRIC_REPRESENTATION_CONTEXT(2) 
PARAMETRIC_REPRESENTATION_CONTEXT() REPRESENTATION_CONTEXT('2D SPACE',''
  ) );
#3456 = PCURVE('',#3382,#3457);
#3457 = DEFINITIONAL_REPRESENTATION('',(#3458),#3462);
#3458 = LINE('',#3459,#3460);
#3459 = CARTESIAN_POINT('',(6.28318530718,0.));
#3460 = VECTOR('',#3461,1.);
#3461 = DIRECTION('',(0.,1.));
#3462 = ( GEOMETRIC_REPRESENTATION_CONTEXT(2) 
PARAMETRIC_REPRESENTATION_CONTEXT() REPRESENTATION_CONTEXT('2D SPACE',''
  ) );
#3463 = ORIENTED_EDGE('',*,*,#3360,.T.);
#3464 = ORIENTED_EDGE('',*,*,#3444,.T.);
#3465 = ADVANCED_FACE('',(#3466),#3479,.F.);
#3466 = FACE_BOUND('',#3467,.F.);
#3467 = EDGE_LOOP('',(#3468,#3502,#3524));
#3468 = ORIENTED_EDGE('',*,*,#3469,.F.);
#3469 = EDGE_CURVE('',#3470,#3470,#3472,.T.);
#3470 = VERTEX_POINT('',#3471);
#3471 = CARTESIAN_POINT('',(-24.4,27.,4.4));
#3472 = SURFACE_CURVE('',#3473,(#3478,#3490),.PCURVE_S1.);
#3473 = CIRCLE('',#3474,1.4);
#3474 = AXIS2_PLACEMENT_3D('',#3475,#3476,#3477);
#3475 = CARTESIAN_POINT('',(-23.,27.,4.4));
#3476 = DIRECTION('',(0.,0.,-1.));
#3477 = DIRECTION('',(-1.,0.,0.));
#3478 = PCURVE('',#3479,#3484);
#3479 = CONICAL_SURFACE('',#3480,0.7,1.02974425868);
#3480 = AXIS2_PLACEMENT_3D('',#3481,#3482,#3483);
#3481 = CARTESIAN_POINT('',(-23.,27.,4.820602433319));
#3482 = DIRECTION('',(0.,0.,-1.));
#3483 = DIRECTION('',(-1.,0.,0.));
#3484 = DEFINITIONAL_REPRESENTATION('',(#3485),#3489);
#3485 = LINE('',#3486,#3487);
#3486 = CARTESIAN_POINT('',(0.,0.420602433317));
#3487 = VECTOR('',#3488,1.);
#3488 = DIRECTION('',(1.,0.));
#3489 = ( GEOMETRIC_REPRESENTATION_CONTEXT(2) 
PARAMETRIC_REPRESENTATION_CONTEXT() REPRESENTATION_CONTEXT('2D SPACE',''
  ) );
#3490 = PCURVE('',#3491,#3496);
#3491 = CYLINDRICAL_SURFACE('',#3492,1.4);
#3492 = AXIS2_PLACEMENT_3D('',#3493,#3494,#3495);
#3493 = CARTESIAN_POINT('',(-23.,27.,0.4));
#3494 = DIRECTION('',(0.,0.,-1.));
#3495 = DIRECTION('',(-1.,0.,0.));
#3496 = DEFINITIONAL_REPRESENTATION('',(#3497),#3501);
#3497 = LINE('',#3498,#3499);
#3498 = CARTESIAN_POINT('',(0.,-4.));
#3499 = VECTOR('',#3500,1.);
#3500 = DIRECTION('',(1.,0.));
#3501 = ( GEOMETRIC_REPRESENTATION_CONTEXT(2) 
PARAMETRIC_REPRESENTATION_CONTEXT() REPRESENTATION_CONTEXT('2D SPACE',''
  ) );
#3502 = ORIENTED_EDGE('',*,*,#3503,.F.);
#3503 = EDGE_CURVE('',#3504,#3470,#3506,.T.);
#3504 = VERTEX_POINT('',#3505);
#3505 = CARTESIAN_POINT('',(-23.,27.,5.241204866635));
#3506 = SEAM_CURVE('',#3507,(#3510,#3517),.PCURVE_S1.);
#3507 = B_SPLINE_CURVE_WITH_KNOTS('',1,(#3508,#3509),.UNSPECIFIED.,.F.,
  .F.,(2,2),(-0.816643378049,0.816643378051),.PIECEWISE_BEZIER_KNOTS.);
#3508 = CARTESIAN_POINT('',(-23.,27.,5.241204866635));
#3509 = CARTESIAN_POINT('',(-24.4,27.,4.400000000002));
#3510 = PCURVE('',#3479,#3511);
#3511 = DEFINITIONAL_REPRESENTATION('',(#3512),#3516);
#3512 = LINE('',#3513,#3514);
#3513 = CARTESIAN_POINT('',(0.,0.));
#3514 = VECTOR('',#3515,1.);
#3515 = DIRECTION('',(0.,1.));
#3516 = ( GEOMETRIC_REPRESENTATION_CONTEXT(2) 
PARAMETRIC_REPRESENTATION_CONTEXT() REPRESENTATION_CONTEXT('2D SPACE',''
  ) );
#3517 = PCURVE('',#3479,#3518);
#3518 = DEFINITIONAL_REPRESENTATION('',(#3519),#3523);
#3519 = LINE('',#3520,#3521);
#3520 = CARTESIAN_POINT('',(6.28318530718,0.));
#3521 = VECTOR('',#3522,1.);
#3522 = DIRECTION('',(0.,1.));
#3523 = ( GEOMETRIC_REPRESENTATION_CONTEXT(2) 
PARAMETRIC_REPRESENTATION_CONTEXT() REPRESENTATION_CONTEXT('2D SPACE',''
  ) );
#3524 = ORIENTED_EDGE('',*,*,#3503,.T.);
#3525 = ADVANCED_FACE('',(#3526),#3491,.F.);
#3526 = FACE_BOUND('',#3527,.F.);
#3527 = EDGE_LOOP('',(#3528,#3552,#3572,#3573));
#3528 = ORIENTED_EDGE('',*,*,#3529,.T.);
#3529 = EDGE_CURVE('',#3530,#3530,#3532,.T.);
#3530 = VERTEX_POINT('',#3531);
#3531 = CARTESIAN_POINT('',(-24.4,27.,-3.6));
#3532 = SURFACE_CURVE('',#3533,(#3538,#3545),.PCURVE_S1.);
#3533 = CIRCLE('',#3534,1.4);
#3534 = AXIS2_PLACEMENT_3D('',#3535,#3536,#3537);
#3535 = CARTESIAN_POINT('',(-23.,27.,-3.6));
#3536 = DIRECTION('',(0.,0.,1.));
#3537 = DIRECTION('',(-1.,0.,0.));
#3538 = PCURVE('',#3491,#3539);
#3539 = DEFINITIONAL_REPRESENTATION('',(#3540),#3544);
#3540 = LINE('',#3541,#3542);
#3541 = CARTESIAN_POINT('',(6.28318530718,4.));
#3542 = VECTOR('',#3543,1.);
#3543 = DIRECTION('',(-1.,0.));
#3544 = ( GEOMETRIC_REPRESENTATION_CONTEXT(2) 
PARAMETRIC_REPRESENTATION_CONTEXT() REPRESENTATION_CONTEXT('2D SPACE',''
  ) );
#3545 = PCURVE('',#3209,#3546);
#3546 = DEFINITIONAL_REPRESENTATION('',(#3547),#3551);
#3547 = CIRCLE('',#3548,1.4);
#3548 = AXIS2_PLACEMENT_2D('',#3549,#3550);
#3549 = CARTESIAN_POINT('',(-8.415210875028,-2.384347707119));
#3550 = DIRECTION('',(-1.,0.));
#3551 = ( GEOMETRIC_REPRESENTATION_CONTEXT(2) 
PARAMETRIC_REPRESENTATION_CONTEXT() REPRESENTATION_CONTEXT('2D SPACE',''
  ) );
#3552 = ORIENTED_EDGE('',*,*,#3553,.F.);
#3553 = EDGE_CURVE('',#3470,#3530,#3554,.T.);
#3554 = SEAM_CURVE('',#3555,(#3558,#3565),.PCURVE_S1.);
#3555 = B_SPLINE_CURVE_WITH_KNOTS('',1,(#3556,#3557),.UNSPECIFIED.,.F.,
  .F.,(2,2),(-4.,4.),.PIECEWISE_BEZIER_KNOTS.);
#3556 = CARTESIAN_POINT('',(-24.4,27.,4.4));
#3557 = CARTESIAN_POINT('',(-24.4,27.,-3.6));
#3558 = PCURVE('',#3491,#3559);
#3559 = DEFINITIONAL_REPRESENTATION('',(#3560),#3564);
#3560 = LINE('',#3561,#3562);
#3561 = CARTESIAN_POINT('',(0.,0.));
#3562 = VECTOR('',#3563,1.);
#3563 = DIRECTION('',(0.,1.));
#3564 = ( GEOMETRIC_REPRESENTATION_CONTEXT(2) 
PARAMETRIC_REPRESENTATION_CONTEXT() REPRESENTATION_CONTEXT('2D SPACE',''
  ) );
#3565 = PCURVE('',#3491,#3566);
#3566 = DEFINITIONAL_REPRESENTATION('',(#3567),#3571);
#3567 = LINE('',#3568,#3569);
#3568 = CARTESIAN_POINT('',(6.28318530718,0.));
#3569 = VECTOR('',#3570,1.);
#3570 = DIRECTION('',(0.,1.));
#3571 = ( GEOMETRIC_REPRESENTATION_CONTEXT(2) 
PARAMETRIC_REPRESENTATION_CONTEXT() REPRESENTATION_CONTEXT('2D SPACE',''
  ) );
#3572 = ORIENTED_EDGE('',*,*,#3469,.T.);
#3573 = ORIENTED_EDGE('',*,*,#3553,.T.);
#3574 = ADVANCED_FACE('',(#3575),#3589,.T.);
#3575 = FACE_BOUND('',#3576,.T.);
#3576 = EDGE_LOOP('',(#3577,#3607,#3630,#3653));
#3577 = ORIENTED_EDGE('',*,*,#3578,.F.);
#3578 = EDGE_CURVE('',#3579,#3581,#3583,.T.);
#3579 = VERTEX_POINT('',#3580);
#3580 = CARTESIAN_POINT('',(-56.,24.,0.));
#3581 = VERTEX_POINT('',#3582);
#3582 = CARTESIAN_POINT('',(25.,24.,0.));
#3583 = SURFACE_CURVE('',#3584,(#3588,#3600),.PCURVE_S1.);
#3584 = LINE('',#3585,#3586);
#3585 = CARTESIAN_POINT('',(6.,24.,0.));
#3586 = VECTOR('',#3587,1.);
#3587 = DIRECTION('',(1.,0.,0.));
#3588 = PCURVE('',#3589,#3594);
#3589 = PLANE('',#3590);
#3590 = AXIS2_PLACEMENT_3D('',#3591,#3592,#3593);
#3591 = CARTESIAN_POINT('',(25.,24.,0.));
#3592 = DIRECTION('',(0.,-1.,0.));
#3593 = DIRECTION('',(-1.,0.,0.));
#3594 = DEFINITIONAL_REPRESENTATION('',(#3595),#3599);
#3595 = LINE('',#3596,#3597);
#3596 = CARTESIAN_POINT('',(19.,0.));
#3597 = VECTOR('',#3598,1.);
#3598 = DIRECTION('',(-1.,-0.));
#3599 = ( GEOMETRIC_REPRESENTATION_CONTEXT(2) 
PARAMETRIC_REPRESENTATION_CONTEXT() REPRESENTATION_CONTEXT('2D SPACE',''
  ) );
#3600 = PCURVE('',#1135,#3601);
#3601 = DEFINITIONAL_REPRESENTATION('',(#3602),#3606);
#3602 = LINE('',#3603,#3604);
#3603 = CARTESIAN_POINT('',(19.,24.));
#3604 = VECTOR('',#3605,1.);
#3605 = DIRECTION('',(1.,0.));
#3606 = ( GEOMETRIC_REPRESENTATION_CONTEXT(2) 
PARAMETRIC_REPRESENTATION_CONTEXT() REPRESENTATION_CONTEXT('2D SPACE',''
  ) );
#3607 = ORIENTED_EDGE('',*,*,#3608,.T.);
#3608 = EDGE_CURVE('',#3579,#3609,#3611,.T.);
#3609 = VERTEX_POINT('',#3610);
#3610 = CARTESIAN_POINT('',(-56.,24.,-3.6));
#3611 = SURFACE_CURVE('',#3612,(#3616,#3623),.PCURVE_S1.);
#3612 = LINE('',#3613,#3614);
#3613 = CARTESIAN_POINT('',(-56.,24.,0.));
#3614 = VECTOR('',#3615,1.);
#3615 = DIRECTION('',(0.,0.,-1.));
#3616 = PCURVE('',#3589,#3617);
#3617 = DEFINITIONAL_REPRESENTATION('',(#3618),#3622);
#3618 = LINE('',#3619,#3620);
#3619 = CARTESIAN_POINT('',(81.,0.));
#3620 = VECTOR('',#3621,1.);
#3621 = DIRECTION('',(0.,1.));
#3622 = ( GEOMETRIC_REPRESENTATION_CONTEXT(2) 
PARAMETRIC_REPRESENTATION_CONTEXT() REPRESENTATION_CONTEXT('2D SPACE',''
  ) );
#3623 = PCURVE('',#2704,#3624);
#3624 = DEFINITIONAL_REPRESENTATION('',(#3625),#3629);
#3625 = LINE('',#3626,#3627);
#3626 = CARTESIAN_POINT('',(6.,0.));
#3627 = VECTOR('',#3628,1.);
#3628 = DIRECTION('',(0.,-1.));
#3629 = ( GEOMETRIC_REPRESENTATION_CONTEXT(2) 
PARAMETRIC_REPRESENTATION_CONTEXT() REPRESENTATION_CONTEXT('2D SPACE',''
  ) );
#3630 = ORIENTED_EDGE('',*,*,#3631,.F.);
#3631 = EDGE_CURVE('',#3632,#3609,#3634,.T.);
#3632 = VERTEX_POINT('',#3633);
#3633 = CARTESIAN_POINT('',(25.,24.,-3.6));
#3634 = SURFACE_CURVE('',#3635,(#3639,#3646),.PCURVE_S1.);
#3635 = LINE('',#3636,#3637);
#3636 = CARTESIAN_POINT('',(25.,24.,-3.6));
#3637 = VECTOR('',#3638,1.);
#3638 = DIRECTION('',(-1.,0.,0.));
#3639 = PCURVE('',#3589,#3640);
#3640 = DEFINITIONAL_REPRESENTATION('',(#3641),#3645);
#3641 = LINE('',#3642,#3643);
#3642 = CARTESIAN_POINT('',(0.,3.6));
#3643 = VECTOR('',#3644,1.);
#3644 = DIRECTION('',(1.,0.));
#3645 = ( GEOMETRIC_REPRESENTATION_CONTEXT(2) 
PARAMETRIC_REPRESENTATION_CONTEXT() REPRESENTATION_CONTEXT('2D SPACE',''
  ) );
#3646 = PCURVE('',#3209,#3647);
#3647 = DEFINITIONAL_REPRESENTATION('',(#3648),#3652);
#3648 = LINE('',#3649,#3650);
#3649 = CARTESIAN_POINT('',(39.584789124972,-5.384347707119));
#3650 = VECTOR('',#3651,1.);
#3651 = DIRECTION('',(-1.,0.));
#3652 = ( GEOMETRIC_REPRESENTATION_CONTEXT(2) 
PARAMETRIC_REPRESENTATION_CONTEXT() REPRESENTATION_CONTEXT('2D SPACE',''
  ) );
#3653 = ORIENTED_EDGE('',*,*,#3654,.F.);
#3654 = EDGE_CURVE('',#3581,#3632,#3655,.T.);
#3655 = SURFACE_CURVE('',#3656,(#3660,#3667),.PCURVE_S1.);
#3656 = LINE('',#3657,#3658);
#3657 = CARTESIAN_POINT('',(25.,24.,0.));
#3658 = VECTOR('',#3659,1.);
#3659 = DIRECTION('',(0.,0.,-1.));
#3660 = PCURVE('',#3589,#3661);
#3661 = DEFINITIONAL_REPRESENTATION('',(#3662),#3666);
#3662 = LINE('',#3663,#3664);
#3663 = CARTESIAN_POINT('',(0.,-0.));
#3664 = VECTOR('',#3665,1.);
#3665 = DIRECTION('',(0.,1.));
#3666 = ( GEOMETRIC_REPRESENTATION_CONTEXT(2) 
PARAMETRIC_REPRESENTATION_CONTEXT() REPRESENTATION_CONTEXT('2D SPACE',''
  ) );
#3667 = PCURVE('',#3668,#3673);
#3668 = PLANE('',#3669);
#3669 = AXIS2_PLACEMENT_3D('',#3670,#3671,#3672);
#3670 = CARTESIAN_POINT('',(25.,35.,0.));
#3671 = DIRECTION('',(1.,0.,0.));
#3672 = DIRECTION('',(0.,-1.,0.));
#3673 = DEFINITIONAL_REPRESENTATION('',(#3674),#3678);
#3674 = LINE('',#3675,#3676);
#3675 = CARTESIAN_POINT('',(11.,0.));
#3676 = VECTOR('',#3677,1.);
#3677 = DIRECTION('',(0.,1.));
#3678 = ( GEOMETRIC_REPRESENTATION_CONTEXT(2) 
PARAMETRIC_REPRESENTATION_CONTEXT() REPRESENTATION_CONTEXT('2D SPACE',''
  ) );
#3679 = ADVANCED_FACE('',(#3680),#3668,.T.);
#3680 = FACE_BOUND('',#3681,.T.);
#3681 = EDGE_LOOP('',(#3682,#3705,#3706,#3729));
#3682 = ORIENTED_EDGE('',*,*,#3683,.F.);
#3683 = EDGE_CURVE('',#3581,#3684,#3686,.T.);
#3684 = VERTEX_POINT('',#3685);
#3685 = CARTESIAN_POINT('',(25.,35.,0.));
#3686 = SURFACE_CURVE('',#3687,(#3691,#3698),.PCURVE_S1.);
#3687 = LINE('',#3688,#3689);
#3688 = CARTESIAN_POINT('',(25.,17.5,0.));
#3689 = VECTOR('',#3690,1.);
#3690 = DIRECTION('',(0.,1.,0.));
#3691 = PCURVE('',#3668,#3692);
#3692 = DEFINITIONAL_REPRESENTATION('',(#3693),#3697);
#3693 = LINE('',#3694,#3695);
#3694 = CARTESIAN_POINT('',(17.5,0.));
#3695 = VECTOR('',#3696,1.);
#3696 = DIRECTION('',(-1.,0.));
#3697 = ( GEOMETRIC_REPRESENTATION_CONTEXT(2) 
PARAMETRIC_REPRESENTATION_CONTEXT() REPRESENTATION_CONTEXT('2D SPACE',''
  ) );
#3698 = PCURVE('',#1135,#3699);
#3699 = DEFINITIONAL_REPRESENTATION('',(#3700),#3704);
#3700 = LINE('',#3701,#3702);
#3701 = CARTESIAN_POINT('',(38.,17.5));
#3702 = VECTOR('',#3703,1.);
#3703 = DIRECTION('',(0.,1.));
#3704 = ( GEOMETRIC_REPRESENTATION_CONTEXT(2) 
PARAMETRIC_REPRESENTATION_CONTEXT() REPRESENTATION_CONTEXT('2D SPACE',''
  ) );
#3705 = ORIENTED_EDGE('',*,*,#3654,.T.);
#3706 = ORIENTED_EDGE('',*,*,#3707,.F.);
#3707 = EDGE_CURVE('',#3708,#3632,#3710,.T.);
#3708 = VERTEX_POINT('',#3709);
#3709 = CARTESIAN_POINT('',(25.,35.,-3.6));
#3710 = SURFACE_CURVE('',#3711,(#3715,#3722),.PCURVE_S1.);
#3711 = LINE('',#3712,#3713);
#3712 = CARTESIAN_POINT('',(25.,35.,-3.6));
#3713 = VECTOR('',#3714,1.);
#3714 = DIRECTION('',(0.,-1.,0.));
#3715 = PCURVE('',#3668,#3716);
#3716 = DEFINITIONAL_REPRESENTATION('',(#3717),#3721);
#3717 = LINE('',#3718,#3719);
#3718 = CARTESIAN_POINT('',(0.,3.6));
#3719 = VECTOR('',#3720,1.);
#3720 = DIRECTION('',(1.,0.));
#3721 = ( GEOMETRIC_REPRESENTATION_CONTEXT(2) 
PARAMETRIC_REPRESENTATION_CONTEXT() REPRESENTATION_CONTEXT('2D SPACE',''
  ) );
#3722 = PCURVE('',#3209,#3723);
#3723 = DEFINITIONAL_REPRESENTATION('',(#3724),#3728);
#3724 = LINE('',#3725,#3726);
#3725 = CARTESIAN_POINT('',(39.584789124972,5.615652292881));
#3726 = VECTOR('',#3727,1.);
#3727 = DIRECTION('',(0.,-1.));
#3728 = ( GEOMETRIC_REPRESENTATION_CONTEXT(2) 
PARAMETRIC_REPRESENTATION_CONTEXT() REPRESENTATION_CONTEXT('2D SPACE',''
  ) );
#3729 = ORIENTED_EDGE('',*,*,#3730,.F.);
#3730 = EDGE_CURVE('',#3684,#3708,#3731,.T.);
#3731 = SURFACE_CURVE('',#3732,(#3736,#3743),.PCURVE_S1.);
#3732 = LINE('',#3733,#3734);
#3733 = CARTESIAN_POINT('',(25.,35.,0.));
#3734 = VECTOR('',#3735,1.);
#3735 = DIRECTION('',(0.,0.,-1.));
#3736 = PCURVE('',#3668,#3737);
#3737 = DEFINITIONAL_REPRESENTATION('',(#3738),#3742);
#3738 = LINE('',#3739,#3740);
#3739 = CARTESIAN_POINT('',(0.,0.));
#3740 = VECTOR('',#3741,1.);
#3741 = DIRECTION('',(0.,1.));
#3742 = ( GEOMETRIC_REPRESENTATION_CONTEXT(2) 
PARAMETRIC_REPRESENTATION_CONTEXT() REPRESENTATION_CONTEXT('2D SPACE',''
  ) );
#3743 = PCURVE('',#2647,#3744);
#3744 = DEFINITIONAL_REPRESENTATION('',(#3745),#3749);
#3745 = LINE('',#3746,#3747);
#3746 = CARTESIAN_POINT('',(0.,0.));
#3747 = VECTOR('',#3748,1.);
#3748 = DIRECTION('',(0.,-1.));
#3749 = ( GEOMETRIC_REPRESENTATION_CONTEXT(2) 
PARAMETRIC_REPRESENTATION_CONTEXT() REPRESENTATION_CONTEXT('2D SPACE',''
  ) );
#3750 = ADVANCED_FACE('',(#3751,#3754,#3757),#3209,.F.);
#3751 = FACE_BOUND('',#3752,.T.);
#3752 = EDGE_LOOP('',(#3753));
#3753 = ORIENTED_EDGE('',*,*,#3192,.T.);
#3754 = FACE_BOUND('',#3755,.T.);
#3755 = EDGE_LOOP('',(#3756));
#3756 = ORIENTED_EDGE('',*,*,#3529,.T.);
#3757 = FACE_BOUND('',#3758,.T.);
#3758 = EDGE_LOOP('',(#3759,#3782,#3783,#3784,#3807));
#3759 = ORIENTED_EDGE('',*,*,#3760,.T.);
#3760 = EDGE_CURVE('',#3761,#3708,#3763,.T.);
#3761 = VERTEX_POINT('',#3762);
#3762 = CARTESIAN_POINT('',(-51.,35.,-3.6));
#3763 = SURFACE_CURVE('',#3764,(#3768,#3775),.PCURVE_S1.);
#3764 = LINE('',#3765,#3766);
#3765 = CARTESIAN_POINT('',(-51.,35.,-3.6));
#3766 = VECTOR('',#3767,1.);
#3767 = DIRECTION('',(1.,-6.E-17,0.));
#3768 = PCURVE('',#3209,#3769);
#3769 = DEFINITIONAL_REPRESENTATION('',(#3770),#3774);
#3770 = LINE('',#3771,#3772);
#3771 = CARTESIAN_POINT('',(-36.41521087502,5.615652292881));
#3772 = VECTOR('',#3773,1.);
#3773 = DIRECTION('',(1.,-6.E-17));
#3774 = ( GEOMETRIC_REPRESENTATION_CONTEXT(2) 
PARAMETRIC_REPRESENTATION_CONTEXT() REPRESENTATION_CONTEXT('2D SPACE',''
  ) );
#3775 = PCURVE('',#2647,#3776);
#3776 = DEFINITIONAL_REPRESENTATION('',(#3777),#3781);
#3777 = LINE('',#3778,#3779);
#3778 = CARTESIAN_POINT('',(76.,-3.6));
#3779 = VECTOR('',#3780,1.);
#3780 = DIRECTION('',(-1.,0.));
#3781 = ( GEOMETRIC_REPRESENTATION_CONTEXT(2) 
PARAMETRIC_REPRESENTATION_CONTEXT() REPRESENTATION_CONTEXT('2D SPACE',''
  ) );
#3782 = ORIENTED_EDGE('',*,*,#3707,.T.);
#3783 = ORIENTED_EDGE('',*,*,#3631,.T.);
#3784 = ORIENTED_EDGE('',*,*,#3785,.T.);
#3785 = EDGE_CURVE('',#3609,#3786,#3788,.T.);
#3786 = VERTEX_POINT('',#3787);
#3787 = CARTESIAN_POINT('',(-56.,30.,-3.6));
#3788 = SURFACE_CURVE('',#3789,(#3793,#3800),.PCURVE_S1.);
#3789 = LINE('',#3790,#3791);
#3790 = CARTESIAN_POINT('',(-56.,24.,-3.6));
#3791 = VECTOR('',#3792,1.);
#3792 = DIRECTION('',(-4.44E-15,1.,0.));
#3793 = PCURVE('',#3209,#3794);
#3794 = DEFINITIONAL_REPRESENTATION('',(#3795),#3799);
#3795 = LINE('',#3796,#3797);
#3796 = CARTESIAN_POINT('',(-41.41521087502,-5.384347707119));
#3797 = VECTOR('',#3798,1.);
#3798 = DIRECTION('',(-4.44E-15,1.));
#3799 = ( GEOMETRIC_REPRESENTATION_CONTEXT(2) 
PARAMETRIC_REPRESENTATION_CONTEXT() REPRESENTATION_CONTEXT('2D SPACE',''
  ) );
#3800 = PCURVE('',#2704,#3801);
#3801 = DEFINITIONAL_REPRESENTATION('',(#3802),#3806);
#3802 = LINE('',#3803,#3804);
#3803 = CARTESIAN_POINT('',(6.,-3.6));
#3804 = VECTOR('',#3805,1.);
#3805 = DIRECTION('',(-1.,0.));
#3806 = ( GEOMETRIC_REPRESENTATION_CONTEXT(2) 
PARAMETRIC_REPRESENTATION_CONTEXT() REPRESENTATION_CONTEXT('2D SPACE',''
  ) );
#3807 = ORIENTED_EDGE('',*,*,#3808,.T.);
#3808 = EDGE_CURVE('',#3786,#3761,#3809,.T.);
#3809 = SURFACE_CURVE('',#3810,(#3815,#3826),.PCURVE_S1.);
#3810 = CIRCLE('',#3811,5.);
#3811 = AXIS2_PLACEMENT_3D('',#3812,#3813,#3814);
#3812 = CARTESIAN_POINT('',(-51.,30.,-3.6));
#3813 = DIRECTION('',(0.,0.,-1.));
#3814 = DIRECTION('',(-1.,1.78E-15,0.));
#3815 = PCURVE('',#3209,#3816);
#3816 = DEFINITIONAL_REPRESENTATION('',(#3817),#3825);
#3817 = ( BOUNDED_CURVE() B_SPLINE_CURVE(2,(#3818,#3819,#3820,#3821,
#3822,#3823,#3824),.UNSPECIFIED.,.T.,.F.) B_SPLINE_CURVE_WITH_KNOTS((1,2
    ,2,2,2,1),(-2.094395102393,0.,2.094395102393,4.188790204786,
6.28318530718,8.377580409573),.UNSPECIFIED.) CURVE() 
GEOMETRIC_REPRESENTATION_ITEM() RATIONAL_B_SPLINE_CURVE((1.,0.5,1.,0.5,
1.,0.5,1.)) REPRESENTATION_ITEM('') );
#3818 = CARTESIAN_POINT('',(-41.41521087502,0.615652292881));
#3819 = CARTESIAN_POINT('',(-41.41521087502,9.275906330725));
#3820 = CARTESIAN_POINT('',(-33.91521087502,4.945779311803));
#3821 = CARTESIAN_POINT('',(-26.41521087502,0.615652292881));
#3822 = CARTESIAN_POINT('',(-33.91521087502,-3.714474726041));
#3823 = CARTESIAN_POINT('',(-41.41521087502,-8.044601744964));
#3824 = CARTESIAN_POINT('',(-41.41521087502,0.615652292881));
#3825 = ( GEOMETRIC_REPRESENTATION_CONTEXT(2) 
PARAMETRIC_REPRESENTATION_CONTEXT() REPRESENTATION_CONTEXT('2D SPACE',''
  ) );
#3826 = PCURVE('',#2676,#3827);
#3827 = DEFINITIONAL_REPRESENTATION('',(#3828),#3832);
#3828 = LINE('',#3829,#3830);
#3829 = CARTESIAN_POINT('',(4.712388980385,-3.6));
#3830 = VECTOR('',#3831,1.);
#3831 = DIRECTION('',(-1.,0.));
#3832 = ( GEOMETRIC_REPRESENTATION_CONTEXT(2) 
PARAMETRIC_REPRESENTATION_CONTEXT() REPRESENTATION_CONTEXT('2D SPACE',''
  ) );
#3833 = ADVANCED_FACE('',(#3834),#3848,.T.);
#3834 = FACE_BOUND('',#3835,.T.);
#3835 = EDGE_LOOP('',(#3836,#3866,#3889,#3912));
#3836 = ORIENTED_EDGE('',*,*,#3837,.F.);
#3837 = EDGE_CURVE('',#3838,#3840,#3842,.T.);
#3838 = VERTEX_POINT('',#3839);
#3839 = CARTESIAN_POINT('',(25.,-35.,0.));
#3840 = VERTEX_POINT('',#3841);
#3841 = CARTESIAN_POINT('',(25.,-24.,0.));
#3842 = SURFACE_CURVE('',#3843,(#3847,#3859),.PCURVE_S1.);
#3843 = LINE('',#3844,#3845);
#3844 = CARTESIAN_POINT('',(25.,-12.,0.));
#3845 = VECTOR('',#3846,1.);
#3846 = DIRECTION('',(-8.1E-16,1.,0.));
#3847 = PCURVE('',#3848,#3853);
#3848 = PLANE('',#3849);
#3849 = AXIS2_PLACEMENT_3D('',#3850,#3851,#3852);
#3850 = CARTESIAN_POINT('',(25.,-24.,0.));
#3851 = DIRECTION('',(1.,8.1E-16,0.));
#3852 = DIRECTION('',(8.1E-16,-1.,0.));
#3853 = DEFINITIONAL_REPRESENTATION('',(#3854),#3858);
#3854 = LINE('',#3855,#3856);
#3855 = CARTESIAN_POINT('',(-12.,0.));
#3856 = VECTOR('',#3857,1.);
#3857 = DIRECTION('',(-1.,0.));
#3858 = ( GEOMETRIC_REPRESENTATION_CONTEXT(2) 
PARAMETRIC_REPRESENTATION_CONTEXT() REPRESENTATION_CONTEXT('2D SPACE',''
  ) );
#3859 = PCURVE('',#1135,#3860);
#3860 = DEFINITIONAL_REPRESENTATION('',(#3861),#3865);
#3861 = LINE('',#3862,#3863);
#3862 = CARTESIAN_POINT('',(38.,-12.));
#3863 = VECTOR('',#3864,1.);
#3864 = DIRECTION('',(-8.1E-16,1.));
#3865 = ( GEOMETRIC_REPRESENTATION_CONTEXT(2) 
PARAMETRIC_REPRESENTATION_CONTEXT() REPRESENTATION_CONTEXT('2D SPACE',''
  ) );
#3866 = ORIENTED_EDGE('',*,*,#3867,.T.);
#3867 = EDGE_CURVE('',#3838,#3868,#3870,.T.);
#3868 = VERTEX_POINT('',#3869);
#3869 = CARTESIAN_POINT('',(25.,-35.,-3.6));
#3870 = SURFACE_CURVE('',#3871,(#3875,#3882),.PCURVE_S1.);
#3871 = LINE('',#3872,#3873);
#3872 = CARTESIAN_POINT('',(25.,-35.,0.));
#3873 = VECTOR('',#3874,1.);
#3874 = DIRECTION('',(0.,0.,-1.));
#3875 = PCURVE('',#3848,#3876);
#3876 = DEFINITIONAL_REPRESENTATION('',(#3877),#3881);
#3877 = LINE('',#3878,#3879);
#3878 = CARTESIAN_POINT('',(11.,0.));
#3879 = VECTOR('',#3880,1.);
#3880 = DIRECTION('',(0.,1.));
#3881 = ( GEOMETRIC_REPRESENTATION_CONTEXT(2) 
PARAMETRIC_REPRESENTATION_CONTEXT() REPRESENTATION_CONTEXT('2D SPACE',''
  ) );
#3882 = PCURVE('',#2761,#3883);
#3883 = DEFINITIONAL_REPRESENTATION('',(#3884),#3888);
#3884 = LINE('',#3885,#3886);
#3885 = CARTESIAN_POINT('',(76.,0.));
#3886 = VECTOR('',#3887,1.);
#3887 = DIRECTION('',(0.,-1.));
#3888 = ( GEOMETRIC_REPRESENTATION_CONTEXT(2) 
PARAMETRIC_REPRESENTATION_CONTEXT() REPRESENTATION_CONTEXT('2D SPACE',''
  ) );
#3889 = ORIENTED_EDGE('',*,*,#3890,.F.);
#3890 = EDGE_CURVE('',#3891,#3868,#3893,.T.);
#3891 = VERTEX_POINT('',#3892);
#3892 = CARTESIAN_POINT('',(25.,-24.,-3.6));
#3893 = SURFACE_CURVE('',#3894,(#3898,#3905),.PCURVE_S1.);
#3894 = LINE('',#3895,#3896);
#3895 = CARTESIAN_POINT('',(25.,-24.,-3.6));
#3896 = VECTOR('',#3897,1.);
#3897 = DIRECTION('',(8.1E-16,-1.,0.));
#3898 = PCURVE('',#3848,#3899);
#3899 = DEFINITIONAL_REPRESENTATION('',(#3900),#3904);
#3900 = LINE('',#3901,#3902);
#3901 = CARTESIAN_POINT('',(0.,3.6));
#3902 = VECTOR('',#3903,1.);
#3903 = DIRECTION('',(1.,0.));
#3904 = ( GEOMETRIC_REPRESENTATION_CONTEXT(2) 
PARAMETRIC_REPRESENTATION_CONTEXT() REPRESENTATION_CONTEXT('2D SPACE',''
  ) );
#3905 = PCURVE('',#3323,#3906);
#3906 = DEFINITIONAL_REPRESENTATION('',(#3907),#3911);
#3907 = LINE('',#3908,#3909);
#3908 = CARTESIAN_POINT('',(39.584789124972,5.384347707119));
#3909 = VECTOR('',#3910,1.);
#3910 = DIRECTION('',(8.1E-16,-1.));
#3911 = ( GEOMETRIC_REPRESENTATION_CONTEXT(2) 
PARAMETRIC_REPRESENTATION_CONTEXT() REPRESENTATION_CONTEXT('2D SPACE',''
  ) );
#3912 = ORIENTED_EDGE('',*,*,#3913,.F.);
#3913 = EDGE_CURVE('',#3840,#3891,#3914,.T.);
#3914 = SURFACE_CURVE('',#3915,(#3919,#3926),.PCURVE_S1.);
#3915 = LINE('',#3916,#3917);
#3916 = CARTESIAN_POINT('',(25.,-24.,0.));
#3917 = VECTOR('',#3918,1.);
#3918 = DIRECTION('',(0.,0.,-1.));
#3919 = PCURVE('',#3848,#3920);
#3920 = DEFINITIONAL_REPRESENTATION('',(#3921),#3925);
#3921 = LINE('',#3922,#3923);
#3922 = CARTESIAN_POINT('',(0.,0.));
#3923 = VECTOR('',#3924,1.);
#3924 = DIRECTION('',(0.,1.));
#3925 = ( GEOMETRIC_REPRESENTATION_CONTEXT(2) 
PARAMETRIC_REPRESENTATION_CONTEXT() REPRESENTATION_CONTEXT('2D SPACE',''
  ) );
#3926 = PCURVE('',#3927,#3932);
#3927 = PLANE('',#3928);
#3928 = AXIS2_PLACEMENT_3D('',#3929,#3930,#3931);
#3929 = CARTESIAN_POINT('',(-56.,-24.,0.));
#3930 = DIRECTION('',(2.2E-16,1.,0.));
#3931 = DIRECTION('',(1.,-2.2E-16,0.));
#3932 = DEFINITIONAL_REPRESENTATION('',(#3933),#3937);
#3933 = LINE('',#3934,#3935);
#3934 = CARTESIAN_POINT('',(81.,0.));
#3935 = VECTOR('',#3936,1.);
#3936 = DIRECTION('',(0.,1.));
#3937 = ( GEOMETRIC_REPRESENTATION_CONTEXT(2) 
PARAMETRIC_REPRESENTATION_CONTEXT() REPRESENTATION_CONTEXT('2D SPACE',''
  ) );
#3938 = ADVANCED_FACE('',(#3939),#3927,.T.);
#3939 = FACE_BOUND('',#3940,.T.);
#3940 = EDGE_LOOP('',(#3941,#3964,#3965,#3988));
#3941 = ORIENTED_EDGE('',*,*,#3942,.F.);
#3942 = EDGE_CURVE('',#3840,#3943,#3945,.T.);
#3943 = VERTEX_POINT('',#3944);
#3944 = CARTESIAN_POINT('',(-56.,-24.,0.));
#3945 = SURFACE_CURVE('',#3946,(#3950,#3957),.PCURVE_S1.);
#3946 = LINE('',#3947,#3948);
#3947 = CARTESIAN_POINT('',(-34.5,-24.,0.));
#3948 = VECTOR('',#3949,1.);
#3949 = DIRECTION('',(-1.,2.2E-16,0.));
#3950 = PCURVE('',#3927,#3951);
#3951 = DEFINITIONAL_REPRESENTATION('',(#3952),#3956);
#3952 = LINE('',#3953,#3954);
#3953 = CARTESIAN_POINT('',(21.5,0.));
#3954 = VECTOR('',#3955,1.);
#3955 = DIRECTION('',(-1.,0.));
#3956 = ( GEOMETRIC_REPRESENTATION_CONTEXT(2) 
PARAMETRIC_REPRESENTATION_CONTEXT() REPRESENTATION_CONTEXT('2D SPACE',''
  ) );
#3957 = PCURVE('',#1135,#3958);
#3958 = DEFINITIONAL_REPRESENTATION('',(#3959),#3963);
#3959 = LINE('',#3960,#3961);
#3960 = CARTESIAN_POINT('',(-21.5,-24.));
#3961 = VECTOR('',#3962,1.);
#3962 = DIRECTION('',(-1.,2.2E-16));
#3963 = ( GEOMETRIC_REPRESENTATION_CONTEXT(2) 
PARAMETRIC_REPRESENTATION_CONTEXT() REPRESENTATION_CONTEXT('2D SPACE',''
  ) );
#3964 = ORIENTED_EDGE('',*,*,#3913,.T.);
#3965 = ORIENTED_EDGE('',*,*,#3966,.F.);
#3966 = EDGE_CURVE('',#3967,#3891,#3969,.T.);
#3967 = VERTEX_POINT('',#3968);
#3968 = CARTESIAN_POINT('',(-56.,-24.,-3.6));
#3969 = SURFACE_CURVE('',#3970,(#3974,#3981),.PCURVE_S1.);
#3970 = LINE('',#3971,#3972);
#3971 = CARTESIAN_POINT('',(-56.,-24.,-3.6));
#3972 = VECTOR('',#3973,1.);
#3973 = DIRECTION('',(1.,-2.2E-16,0.));
#3974 = PCURVE('',#3927,#3975);
#3975 = DEFINITIONAL_REPRESENTATION('',(#3976),#3980);
#3976 = LINE('',#3977,#3978);
#3977 = CARTESIAN_POINT('',(0.,3.6));
#3978 = VECTOR('',#3979,1.);
#3979 = DIRECTION('',(1.,0.));
#3980 = ( GEOMETRIC_REPRESENTATION_CONTEXT(2) 
PARAMETRIC_REPRESENTATION_CONTEXT() REPRESENTATION_CONTEXT('2D SPACE',''
  ) );
#3981 = PCURVE('',#3323,#3982);
#3982 = DEFINITIONAL_REPRESENTATION('',(#3983),#3987);
#3983 = LINE('',#3984,#3985);
#3984 = CARTESIAN_POINT('',(-41.41521087502,5.384347707119));
#3985 = VECTOR('',#3986,1.);
#3986 = DIRECTION('',(1.,-2.2E-16));
#3987 = ( GEOMETRIC_REPRESENTATION_CONTEXT(2) 
PARAMETRIC_REPRESENTATION_CONTEXT() REPRESENTATION_CONTEXT('2D SPACE',''
  ) );
#3988 = ORIENTED_EDGE('',*,*,#3989,.F.);
#3989 = EDGE_CURVE('',#3943,#3967,#3990,.T.);
#3990 = SURFACE_CURVE('',#3991,(#3995,#4002),.PCURVE_S1.);
#3991 = LINE('',#3992,#3993);
#3992 = CARTESIAN_POINT('',(-56.,-24.,0.));
#3993 = VECTOR('',#3994,1.);
#3994 = DIRECTION('',(0.,0.,-1.));
#3995 = PCURVE('',#3927,#3996);
#3996 = DEFINITIONAL_REPRESENTATION('',(#3997),#4001);
#3997 = LINE('',#3998,#3999);
#3998 = CARTESIAN_POINT('',(0.,0.));
#3999 = VECTOR('',#4000,1.);
#4000 = DIRECTION('',(0.,1.));
#4001 = ( GEOMETRIC_REPRESENTATION_CONTEXT(2) 
PARAMETRIC_REPRESENTATION_CONTEXT() REPRESENTATION_CONTEXT('2D SPACE',''
  ) );
#4002 = PCURVE('',#2704,#4003);
#4003 = DEFINITIONAL_REPRESENTATION('',(#4004),#4008);
#4004 = LINE('',#4005,#4006);
#4005 = CARTESIAN_POINT('',(54.,0.));
#4006 = VECTOR('',#4007,1.);
#4007 = DIRECTION('',(0.,-1.));
#4008 = ( GEOMETRIC_REPRESENTATION_CONTEXT(2) 
PARAMETRIC_REPRESENTATION_CONTEXT() REPRESENTATION_CONTEXT('2D SPACE',''
  ) );
#4009 = ADVANCED_FACE('',(#4010,#4013,#4016),#3323,.F.);
#4010 = FACE_BOUND('',#4011,.T.);
#4011 = EDGE_LOOP('',(#4012));
#4012 = ORIENTED_EDGE('',*,*,#3306,.T.);
#4013 = FACE_BOUND('',#4014,.T.);
#4014 = EDGE_LOOP('',(#4015));
#4015 = ORIENTED_EDGE('',*,*,#3420,.T.);
#4016 = FACE_BOUND('',#4017,.T.);
#4017 = EDGE_LOOP('',(#4018,#4041,#4069,#4090,#4091));
#4018 = ORIENTED_EDGE('',*,*,#4019,.T.);
#4019 = EDGE_CURVE('',#3868,#4020,#4022,.T.);
#4020 = VERTEX_POINT('',#4021);
#4021 = CARTESIAN_POINT('',(-51.,-35.,-3.6));
#4022 = SURFACE_CURVE('',#4023,(#4027,#4034),.PCURVE_S1.);
#4023 = LINE('',#4024,#4025);
#4024 = CARTESIAN_POINT('',(25.,-35.,-3.6));
#4025 = VECTOR('',#4026,1.);
#4026 = DIRECTION('',(-1.,-6.E-17,0.));
#4027 = PCURVE('',#3323,#4028);
#4028 = DEFINITIONAL_REPRESENTATION('',(#4029),#4033);
#4029 = LINE('',#4030,#4031);
#4030 = CARTESIAN_POINT('',(39.584789124972,-5.615652292881));
#4031 = VECTOR('',#4032,1.);
#4032 = DIRECTION('',(-1.,-6.E-17));
#4033 = ( GEOMETRIC_REPRESENTATION_CONTEXT(2) 
PARAMETRIC_REPRESENTATION_CONTEXT() REPRESENTATION_CONTEXT('2D SPACE',''
  ) );
#4034 = PCURVE('',#2761,#4035);
#4035 = DEFINITIONAL_REPRESENTATION('',(#4036),#4040);
#4036 = LINE('',#4037,#4038);
#4037 = CARTESIAN_POINT('',(76.,-3.6));
#4038 = VECTOR('',#4039,1.);
#4039 = DIRECTION('',(-1.,0.));
#4040 = ( GEOMETRIC_REPRESENTATION_CONTEXT(2) 
PARAMETRIC_REPRESENTATION_CONTEXT() REPRESENTATION_CONTEXT('2D SPACE',''
  ) );
#4041 = ORIENTED_EDGE('',*,*,#4042,.T.);
#4042 = EDGE_CURVE('',#4020,#4043,#4045,.T.);
#4043 = VERTEX_POINT('',#4044);
#4044 = CARTESIAN_POINT('',(-56.,-30.,-3.6));
#4045 = SURFACE_CURVE('',#4046,(#4051,#4062),.PCURVE_S1.);
#4046 = CIRCLE('',#4047,5.);
#4047 = AXIS2_PLACEMENT_3D('',#4048,#4049,#4050);
#4048 = CARTESIAN_POINT('',(-51.,-30.,-3.6));
#4049 = DIRECTION('',(0.,0.,-1.));
#4050 = DIRECTION('',(0.,-1.,0.));
#4051 = PCURVE('',#3323,#4052);
#4052 = DEFINITIONAL_REPRESENTATION('',(#4053),#4061);
#4053 = ( BOUNDED_CURVE() B_SPLINE_CURVE(2,(#4054,#4055,#4056,#4057,
#4058,#4059,#4060),.UNSPECIFIED.,.T.,.F.) B_SPLINE_CURVE_WITH_KNOTS((1,2
    ,2,2,2,1),(-2.094395102393,0.,2.094395102393,4.188790204786,
6.28318530718,8.377580409573),.UNSPECIFIED.) CURVE() 
GEOMETRIC_REPRESENTATION_ITEM() RATIONAL_B_SPLINE_CURVE((1.,0.5,1.,0.5,
1.,0.5,1.)) REPRESENTATION_ITEM('') );
#4054 = CARTESIAN_POINT('',(-36.41521087502,-5.615652292881));
#4055 = CARTESIAN_POINT('',(-45.07546491287,-5.615652292881));
#4056 = CARTESIAN_POINT('',(-40.74533789395,1.884347707119));
#4057 = CARTESIAN_POINT('',(-36.41521087502,9.384347707119));
#4058 = CARTESIAN_POINT('',(-32.0850838561,1.884347707119));
#4059 = CARTESIAN_POINT('',(-27.75495683718,-5.615652292881));
#4060 = CARTESIAN_POINT('',(-36.41521087502,-5.615652292881));
#4061 = ( GEOMETRIC_REPRESENTATION_CONTEXT(2) 
PARAMETRIC_REPRESENTATION_CONTEXT() REPRESENTATION_CONTEXT('2D SPACE',''
  ) );
#4062 = PCURVE('',#2733,#4063);
#4063 = DEFINITIONAL_REPRESENTATION('',(#4064),#4068);
#4064 = LINE('',#4065,#4066);
#4065 = CARTESIAN_POINT('',(4.712388980385,-3.6));
#4066 = VECTOR('',#4067,1.);
#4067 = DIRECTION('',(-1.,0.));
#4068 = ( GEOMETRIC_REPRESENTATION_CONTEXT(2) 
PARAMETRIC_REPRESENTATION_CONTEXT() REPRESENTATION_CONTEXT('2D SPACE',''
  ) );
#4069 = ORIENTED_EDGE('',*,*,#4070,.T.);
#4070 = EDGE_CURVE('',#4043,#3967,#4071,.T.);
#4071 = SURFACE_CURVE('',#4072,(#4076,#4083),.PCURVE_S1.);
#4072 = LINE('',#4073,#4074);
#4073 = CARTESIAN_POINT('',(-56.,-30.,-3.6));
#4074 = VECTOR('',#4075,1.);
#4075 = DIRECTION('',(0.,1.,0.));
#4076 = PCURVE('',#3323,#4077);
#4077 = DEFINITIONAL_REPRESENTATION('',(#4078),#4082);
#4078 = LINE('',#4079,#4080);
#4079 = CARTESIAN_POINT('',(-41.41521087502,-0.615652292881));
#4080 = VECTOR('',#4081,1.);
#4081 = DIRECTION('',(0.,1.));
#4082 = ( GEOMETRIC_REPRESENTATION_CONTEXT(2) 
PARAMETRIC_REPRESENTATION_CONTEXT() REPRESENTATION_CONTEXT('2D SPACE',''
  ) );
#4083 = PCURVE('',#2704,#4084);
#4084 = DEFINITIONAL_REPRESENTATION('',(#4085),#4089);
#4085 = LINE('',#4086,#4087);
#4086 = CARTESIAN_POINT('',(60.,-3.6));
#4087 = VECTOR('',#4088,1.);
#4088 = DIRECTION('',(-1.,0.));
#4089 = ( GEOMETRIC_REPRESENTATION_CONTEXT(2) 
PARAMETRIC_REPRESENTATION_CONTEXT() REPRESENTATION_CONTEXT('2D SPACE',''
  ) );
#4090 = ORIENTED_EDGE('',*,*,#3966,.T.);
#4091 = ORIENTED_EDGE('',*,*,#3890,.T.);
#4092 = ADVANCED_FACE('',(#4093),#2845,.T.);
#4093 = FACE_BOUND('',#4094,.T.);
#4094 = EDGE_LOOP('',(#4095,#4123,#4144,#4145));
#4095 = ORIENTED_EDGE('',*,*,#4096,.F.);
#4096 = EDGE_CURVE('',#3684,#4097,#4099,.T.);
#4097 = VERTEX_POINT('',#4098);
#4098 = CARTESIAN_POINT('',(30.,30.,0.));
#4099 = SURFACE_CURVE('',#4100,(#4105,#4112),.PCURVE_S1.);
#4100 = CIRCLE('',#4101,5.);
#4101 = AXIS2_PLACEMENT_3D('',#4102,#4103,#4104);
#4102 = CARTESIAN_POINT('',(25.,30.,0.));
#4103 = DIRECTION('',(0.,0.,-1.));
#4104 = DIRECTION('',(-1.,0.,0.));
#4105 = PCURVE('',#2845,#4106);
#4106 = DEFINITIONAL_REPRESENTATION('',(#4107),#4111);
#4107 = LINE('',#4108,#4109);
#4108 = CARTESIAN_POINT('',(6.28318530718,0.));
#4109 = VECTOR('',#4110,1.);
#4110 = DIRECTION('',(-1.,0.));
#4111 = ( GEOMETRIC_REPRESENTATION_CONTEXT(2) 
PARAMETRIC_REPRESENTATION_CONTEXT() REPRESENTATION_CONTEXT('2D SPACE',''
  ) );
#4112 = PCURVE('',#1135,#4113);
#4113 = DEFINITIONAL_REPRESENTATION('',(#4114),#4122);
#4114 = ( BOUNDED_CURVE() B_SPLINE_CURVE(2,(#4115,#4116,#4117,#4118,
#4119,#4120,#4121),.UNSPECIFIED.,.T.,.F.) B_SPLINE_CURVE_WITH_KNOTS((1,2
    ,2,2,2,1),(-2.094395102393,0.,2.094395102393,4.188790204786,
6.28318530718,8.377580409573),.UNSPECIFIED.) CURVE() 
GEOMETRIC_REPRESENTATION_ITEM() RATIONAL_B_SPLINE_CURVE((1.,0.5,1.,0.5,
1.,0.5,1.)) REPRESENTATION_ITEM('') );
#4115 = CARTESIAN_POINT('',(33.,30.));
#4116 = CARTESIAN_POINT('',(33.,38.660254037844));
#4117 = CARTESIAN_POINT('',(40.5,34.330127018922));
#4118 = CARTESIAN_POINT('',(48.,30.));
#4119 = CARTESIAN_POINT('',(40.5,25.669872981078));
#4120 = CARTESIAN_POINT('',(33.,21.339745962156));
#4121 = CARTESIAN_POINT('',(33.,30.));
#4122 = ( GEOMETRIC_REPRESENTATION_CONTEXT(2) 
PARAMETRIC_REPRESENTATION_CONTEXT() REPRESENTATION_CONTEXT('2D SPACE',''
  ) );
#4123 = ORIENTED_EDGE('',*,*,#4124,.T.);
#4124 = EDGE_CURVE('',#3684,#2630,#4125,.T.);
#4125 = SURFACE_CURVE('',#4126,(#4130,#4137),.PCURVE_S1.);
#4126 = LINE('',#4127,#4128);
#4127 = CARTESIAN_POINT('',(25.,35.,0.));
#4128 = VECTOR('',#4129,1.);
#4129 = DIRECTION('',(0.,0.,1.));
#4130 = PCURVE('',#2845,#4131);
#4131 = DEFINITIONAL_REPRESENTATION('',(#4132),#4136);
#4132 = LINE('',#4133,#4134);
#4133 = CARTESIAN_POINT('',(4.712388980385,0.));
#4134 = VECTOR('',#4135,1.);
#4135 = DIRECTION('',(0.,1.));
#4136 = ( GEOMETRIC_REPRESENTATION_CONTEXT(2) 
PARAMETRIC_REPRESENTATION_CONTEXT() REPRESENTATION_CONTEXT('2D SPACE',''
  ) );
#4137 = PCURVE('',#2647,#4138);
#4138 = DEFINITIONAL_REPRESENTATION('',(#4139),#4143);
#4139 = LINE('',#4140,#4141);
#4140 = CARTESIAN_POINT('',(0.,0.));
#4141 = VECTOR('',#4142,1.);
#4142 = DIRECTION('',(0.,1.));
#4143 = ( GEOMETRIC_REPRESENTATION_CONTEXT(2) 
PARAMETRIC_REPRESENTATION_CONTEXT() REPRESENTATION_CONTEXT('2D SPACE',''
  ) );
#4144 = ORIENTED_EDGE('',*,*,#2830,.F.);
#4145 = ORIENTED_EDGE('',*,*,#4146,.F.);
#4146 = EDGE_CURVE('',#4097,#2803,#4147,.T.);
#4147 = SURFACE_CURVE('',#4148,(#4152,#4159),.PCURVE_S1.);
#4148 = LINE('',#4149,#4150);
#4149 = CARTESIAN_POINT('',(30.,30.,0.));
#4150 = VECTOR('',#4151,1.);
#4151 = DIRECTION('',(0.,0.,1.));
#4152 = PCURVE('',#2845,#4153);
#4153 = DEFINITIONAL_REPRESENTATION('',(#4154),#4158);
#4154 = LINE('',#4155,#4156);
#4155 = CARTESIAN_POINT('',(3.14159265359,0.));
#4156 = VECTOR('',#4157,1.);
#4157 = DIRECTION('',(0.,1.));
#4158 = ( GEOMETRIC_REPRESENTATION_CONTEXT(2) 
PARAMETRIC_REPRESENTATION_CONTEXT() REPRESENTATION_CONTEXT('2D SPACE',''
  ) );
#4159 = PCURVE('',#2818,#4160);
#4160 = DEFINITIONAL_REPRESENTATION('',(#4161),#4165);
#4161 = LINE('',#4162,#4163);
#4162 = CARTESIAN_POINT('',(60.,0.));
#4163 = VECTOR('',#4164,1.);
#4164 = DIRECTION('',(0.,1.));
#4165 = ( GEOMETRIC_REPRESENTATION_CONTEXT(2) 
PARAMETRIC_REPRESENTATION_CONTEXT() REPRESENTATION_CONTEXT('2D SPACE',''
  ) );
#4166 = ADVANCED_FACE('',(#4167),#2818,.T.);
#4167 = FACE_BOUND('',#4168,.T.);
#4168 = EDGE_LOOP('',(#4169,#4192,#4193,#4194));
#4169 = ORIENTED_EDGE('',*,*,#4170,.F.);
#4170 = EDGE_CURVE('',#4097,#4171,#4173,.T.);
#4171 = VERTEX_POINT('',#4172);
#4172 = CARTESIAN_POINT('',(30.,-30.,0.));
#4173 = SURFACE_CURVE('',#4174,(#4178,#4185),.PCURVE_S1.);
#4174 = LINE('',#4175,#4176);
#4175 = CARTESIAN_POINT('',(30.,30.,0.));
#4176 = VECTOR('',#4177,1.);
#4177 = DIRECTION('',(0.,-1.,0.));
#4178 = PCURVE('',#2818,#4179);
#4179 = DEFINITIONAL_REPRESENTATION('',(#4180),#4184);
#4180 = LINE('',#4181,#4182);
#4181 = CARTESIAN_POINT('',(60.,0.));
#4182 = VECTOR('',#4183,1.);
#4183 = DIRECTION('',(-1.,0.));
#4184 = ( GEOMETRIC_REPRESENTATION_CONTEXT(2) 
PARAMETRIC_REPRESENTATION_CONTEXT() REPRESENTATION_CONTEXT('2D SPACE',''
  ) );
#4185 = PCURVE('',#1135,#4186);
#4186 = DEFINITIONAL_REPRESENTATION('',(#4187),#4191);
#4187 = LINE('',#4188,#4189);
#4188 = CARTESIAN_POINT('',(43.,30.));
#4189 = VECTOR('',#4190,1.);
#4190 = DIRECTION('',(0.,-1.));
#4191 = ( GEOMETRIC_REPRESENTATION_CONTEXT(2) 
PARAMETRIC_REPRESENTATION_CONTEXT() REPRESENTATION_CONTEXT('2D SPACE',''
  ) );
#4192 = ORIENTED_EDGE('',*,*,#4146,.T.);
#4193 = ORIENTED_EDGE('',*,*,#2802,.F.);
#4194 = ORIENTED_EDGE('',*,*,#4195,.F.);
#4195 = EDGE_CURVE('',#4171,#2774,#4196,.T.);
#4196 = SURFACE_CURVE('',#4197,(#4201,#4208),.PCURVE_S1.);
#4197 = LINE('',#4198,#4199);
#4198 = CARTESIAN_POINT('',(30.,-30.,0.));
#4199 = VECTOR('',#4200,1.);
#4200 = DIRECTION('',(0.,0.,1.));
#4201 = PCURVE('',#2818,#4202);
#4202 = DEFINITIONAL_REPRESENTATION('',(#4203),#4207);
#4203 = LINE('',#4204,#4205);
#4204 = CARTESIAN_POINT('',(0.,0.));
#4205 = VECTOR('',#4206,1.);
#4206 = DIRECTION('',(0.,1.));
#4207 = ( GEOMETRIC_REPRESENTATION_CONTEXT(2) 
PARAMETRIC_REPRESENTATION_CONTEXT() REPRESENTATION_CONTEXT('2D SPACE',''
  ) );
#4208 = PCURVE('',#2790,#4209);
#4209 = DEFINITIONAL_REPRESENTATION('',(#4210),#4214);
#4210 = LINE('',#4211,#4212);
#4211 = CARTESIAN_POINT('',(4.712388980385,0.));
#4212 = VECTOR('',#4213,1.);
#4213 = DIRECTION('',(0.,1.));
#4214 = ( GEOMETRIC_REPRESENTATION_CONTEXT(2) 
PARAMETRIC_REPRESENTATION_CONTEXT() REPRESENTATION_CONTEXT('2D SPACE',''
  ) );
#4215 = ADVANCED_FACE('',(#4216),#2790,.T.);
#4216 = FACE_BOUND('',#4217,.T.);
#4217 = EDGE_LOOP('',(#4218,#4244,#4245,#4246));
#4218 = ORIENTED_EDGE('',*,*,#4219,.F.);
#4219 = EDGE_CURVE('',#4171,#3838,#4220,.T.);
#4220 = SURFACE_CURVE('',#4221,(#4226,#4233),.PCURVE_S1.);
#4221 = CIRCLE('',#4222,5.);
#4222 = AXIS2_PLACEMENT_3D('',#4223,#4224,#4225);
#4223 = CARTESIAN_POINT('',(25.,-30.,0.));
#4224 = DIRECTION('',(0.,0.,-1.));
#4225 = DIRECTION('',(0.,1.,0.));
#4226 = PCURVE('',#2790,#4227);
#4227 = DEFINITIONAL_REPRESENTATION('',(#4228),#4232);
#4228 = LINE('',#4229,#4230);
#4229 = CARTESIAN_POINT('',(6.28318530718,0.));
#4230 = VECTOR('',#4231,1.);
#4231 = DIRECTION('',(-1.,0.));
#4232 = ( GEOMETRIC_REPRESENTATION_CONTEXT(2) 
PARAMETRIC_REPRESENTATION_CONTEXT() REPRESENTATION_CONTEXT('2D SPACE',''
  ) );
#4233 = PCURVE('',#1135,#4234);
#4234 = DEFINITIONAL_REPRESENTATION('',(#4235),#4243);
#4235 = ( BOUNDED_CURVE() B_SPLINE_CURVE(2,(#4236,#4237,#4238,#4239,
#4240,#4241,#4242),.UNSPECIFIED.,.T.,.F.) B_SPLINE_CURVE_WITH_KNOTS((1,2
    ,2,2,2,1),(-2.094395102393,0.,2.094395102393,4.188790204786,
6.28318530718,8.377580409573),.UNSPECIFIED.) CURVE() 
GEOMETRIC_REPRESENTATION_ITEM() RATIONAL_B_SPLINE_CURVE((1.,0.5,1.,0.5,
1.,0.5,1.)) REPRESENTATION_ITEM('') );
#4236 = CARTESIAN_POINT('',(38.,-25.));
#4237 = CARTESIAN_POINT('',(46.660254037844,-25.));
#4238 = CARTESIAN_POINT('',(42.330127018922,-32.5));
#4239 = CARTESIAN_POINT('',(38.,-40.));
#4240 = CARTESIAN_POINT('',(33.669872981078,-32.5));
#4241 = CARTESIAN_POINT('',(29.339745962156,-25.));
#4242 = CARTESIAN_POINT('',(38.,-25.));
#4243 = ( GEOMETRIC_REPRESENTATION_CONTEXT(2) 
PARAMETRIC_REPRESENTATION_CONTEXT() REPRESENTATION_CONTEXT('2D SPACE',''
  ) );
#4244 = ORIENTED_EDGE('',*,*,#4195,.T.);
#4245 = ORIENTED_EDGE('',*,*,#2773,.F.);
#4246 = ORIENTED_EDGE('',*,*,#4247,.F.);
#4247 = EDGE_CURVE('',#3838,#2746,#4248,.T.);
#4248 = SURFACE_CURVE('',#4249,(#4253,#4260),.PCURVE_S1.);
#4249 = LINE('',#4250,#4251);
#4250 = CARTESIAN_POINT('',(25.,-35.,0.));
#4251 = VECTOR('',#4252,1.);
#4252 = DIRECTION('',(0.,0.,1.));
#4253 = PCURVE('',#2790,#4254);
#4254 = DEFINITIONAL_REPRESENTATION('',(#4255),#4259);
#4255 = LINE('',#4256,#4257);
#4256 = CARTESIAN_POINT('',(3.14159265359,0.));
#4257 = VECTOR('',#4258,1.);
#4258 = DIRECTION('',(0.,1.));
#4259 = ( GEOMETRIC_REPRESENTATION_CONTEXT(2) 
PARAMETRIC_REPRESENTATION_CONTEXT() REPRESENTATION_CONTEXT('2D SPACE',''
  ) );
#4260 = PCURVE('',#2761,#4261);
#4261 = DEFINITIONAL_REPRESENTATION('',(#4262),#4266);
#4262 = LINE('',#4263,#4264);
#4263 = CARTESIAN_POINT('',(76.,0.));
#4264 = VECTOR('',#4265,1.);
#4265 = DIRECTION('',(0.,1.));
#4266 = ( GEOMETRIC_REPRESENTATION_CONTEXT(2) 
PARAMETRIC_REPRESENTATION_CONTEXT() REPRESENTATION_CONTEXT('2D SPACE',''
  ) );
#4267 = ADVANCED_FACE('',(#4268),#2761,.T.);
#4268 = FACE_BOUND('',#4269,.T.);
#4269 = EDGE_LOOP('',(#4270,#4271,#4272,#4293,#4294));
#4270 = ORIENTED_EDGE('',*,*,#4247,.T.);
#4271 = ORIENTED_EDGE('',*,*,#2745,.F.);
#4272 = ORIENTED_EDGE('',*,*,#4273,.T.);
#4273 = EDGE_CURVE('',#2717,#4020,#4274,.T.);
#4274 = SURFACE_CURVE('',#4275,(#4279,#4286),.PCURVE_S1.);
#4275 = LINE('',#4276,#4277);
#4276 = CARTESIAN_POINT('',(-51.,-35.,0.));
#4277 = VECTOR('',#4278,1.);
#4278 = DIRECTION('',(0.,0.,-1.));
#4279 = PCURVE('',#2761,#4280);
#4280 = DEFINITIONAL_REPRESENTATION('',(#4281),#4285);
#4281 = LINE('',#4282,#4283);
#4282 = CARTESIAN_POINT('',(0.,0.));
#4283 = VECTOR('',#4284,1.);
#4284 = DIRECTION('',(0.,-1.));
#4285 = ( GEOMETRIC_REPRESENTATION_CONTEXT(2) 
PARAMETRIC_REPRESENTATION_CONTEXT() REPRESENTATION_CONTEXT('2D SPACE',''
  ) );
#4286 = PCURVE('',#2733,#4287);
#4287 = DEFINITIONAL_REPRESENTATION('',(#4288),#4292);
#4288 = LINE('',#4289,#4290);
#4289 = CARTESIAN_POINT('',(4.712388980385,0.));
#4290 = VECTOR('',#4291,1.);
#4291 = DIRECTION('',(0.,-1.));
#4292 = ( GEOMETRIC_REPRESENTATION_CONTEXT(2) 
PARAMETRIC_REPRESENTATION_CONTEXT() REPRESENTATION_CONTEXT('2D SPACE',''
  ) );
#4293 = ORIENTED_EDGE('',*,*,#4019,.F.);
#4294 = ORIENTED_EDGE('',*,*,#3867,.F.);
#4295 = ADVANCED_FACE('',(#4296),#2733,.T.);
#4296 = FACE_BOUND('',#4297,.T.);
#4297 = EDGE_LOOP('',(#4298,#4299,#4300,#4321));
#4298 = ORIENTED_EDGE('',*,*,#4273,.F.);
#4299 = ORIENTED_EDGE('',*,*,#2716,.F.);
#4300 = ORIENTED_EDGE('',*,*,#4301,.T.);
#4301 = EDGE_CURVE('',#2689,#4043,#4302,.T.);
#4302 = SURFACE_CURVE('',#4303,(#4307,#4314),.PCURVE_S1.);
#4303 = LINE('',#4304,#4305);
#4304 = CARTESIAN_POINT('',(-56.,-30.,0.));
#4305 = VECTOR('',#4306,1.);
#4306 = DIRECTION('',(0.,0.,-1.));
#4307 = PCURVE('',#2733,#4308);
#4308 = DEFINITIONAL_REPRESENTATION('',(#4309),#4313);
#4309 = LINE('',#4310,#4311);
#4310 = CARTESIAN_POINT('',(3.14159265359,0.));
#4311 = VECTOR('',#4312,1.);
#4312 = DIRECTION('',(0.,-1.));
#4313 = ( GEOMETRIC_REPRESENTATION_CONTEXT(2) 
PARAMETRIC_REPRESENTATION_CONTEXT() REPRESENTATION_CONTEXT('2D SPACE',''
  ) );
#4314 = PCURVE('',#2704,#4315);
#4315 = DEFINITIONAL_REPRESENTATION('',(#4316),#4320);
#4316 = LINE('',#4317,#4318);
#4317 = CARTESIAN_POINT('',(60.,0.));
#4318 = VECTOR('',#4319,1.);
#4319 = DIRECTION('',(0.,-1.));
#4320 = ( GEOMETRIC_REPRESENTATION_CONTEXT(2) 
PARAMETRIC_REPRESENTATION_CONTEXT() REPRESENTATION_CONTEXT('2D SPACE',''
  ) );
#4321 = ORIENTED_EDGE('',*,*,#4042,.F.);
#4322 = ADVANCED_FACE('',(#4323),#2704,.T.);
#4323 = FACE_BOUND('',#4324,.T.);
#4324 = EDGE_LOOP('',(#4325,#4326,#4327,#4348,#4349,#4350,#4371,#4372));
#4325 = ORIENTED_EDGE('',*,*,#4301,.F.);
#4326 = ORIENTED_EDGE('',*,*,#2688,.F.);
#4327 = ORIENTED_EDGE('',*,*,#4328,.T.);
#4328 = EDGE_CURVE('',#2660,#3786,#4329,.T.);
#4329 = SURFACE_CURVE('',#4330,(#4334,#4341),.PCURVE_S1.);
#4330 = LINE('',#4331,#4332);
#4331 = CARTESIAN_POINT('',(-56.,30.,0.));
#4332 = VECTOR('',#4333,1.);
#4333 = DIRECTION('',(0.,0.,-1.));
#4334 = PCURVE('',#2704,#4335);
#4335 = DEFINITIONAL_REPRESENTATION('',(#4336),#4340);
#4336 = LINE('',#4337,#4338);
#4337 = CARTESIAN_POINT('',(0.,0.));
#4338 = VECTOR('',#4339,1.);
#4339 = DIRECTION('',(0.,-1.));
#4340 = ( GEOMETRIC_REPRESENTATION_CONTEXT(2) 
PARAMETRIC_REPRESENTATION_CONTEXT() REPRESENTATION_CONTEXT('2D SPACE',''
  ) );
#4341 = PCURVE('',#2676,#4342);
#4342 = DEFINITIONAL_REPRESENTATION('',(#4343),#4347);
#4343 = LINE('',#4344,#4345);
#4344 = CARTESIAN_POINT('',(4.712388980385,0.));
#4345 = VECTOR('',#4346,1.);
#4346 = DIRECTION('',(0.,-1.));
#4347 = ( GEOMETRIC_REPRESENTATION_CONTEXT(2) 
PARAMETRIC_REPRESENTATION_CONTEXT() REPRESENTATION_CONTEXT('2D SPACE',''
  ) );
#4348 = ORIENTED_EDGE('',*,*,#3785,.F.);
#4349 = ORIENTED_EDGE('',*,*,#3608,.F.);
#4350 = ORIENTED_EDGE('',*,*,#4351,.F.);
#4351 = EDGE_CURVE('',#3943,#3579,#4352,.T.);
#4352 = SURFACE_CURVE('',#4353,(#4357,#4364),.PCURVE_S1.);
#4353 = LINE('',#4354,#4355);
#4354 = CARTESIAN_POINT('',(-56.,-30.,0.));
#4355 = VECTOR('',#4356,1.);
#4356 = DIRECTION('',(0.,1.,0.));
#4357 = PCURVE('',#2704,#4358);
#4358 = DEFINITIONAL_REPRESENTATION('',(#4359),#4363);
#4359 = LINE('',#4360,#4361);
#4360 = CARTESIAN_POINT('',(60.,0.));
#4361 = VECTOR('',#4362,1.);
#4362 = DIRECTION('',(-1.,0.));
#4363 = ( GEOMETRIC_REPRESENTATION_CONTEXT(2) 
PARAMETRIC_REPRESENTATION_CONTEXT() REPRESENTATION_CONTEXT('2D SPACE',''
  ) );
#4364 = PCURVE('',#1135,#4365);
#4365 = DEFINITIONAL_REPRESENTATION('',(#4366),#4370);
#4366 = LINE('',#4367,#4368);
#4367 = CARTESIAN_POINT('',(-43.,-30.));
#4368 = VECTOR('',#4369,1.);
#4369 = DIRECTION('',(0.,1.));
#4370 = ( GEOMETRIC_REPRESENTATION_CONTEXT(2) 
PARAMETRIC_REPRESENTATION_CONTEXT() REPRESENTATION_CONTEXT('2D SPACE',''
  ) );
#4371 = ORIENTED_EDGE('',*,*,#3989,.T.);
#4372 = ORIENTED_EDGE('',*,*,#4070,.F.);
#4373 = ADVANCED_FACE('',(#4374),#2676,.T.);
#4374 = FACE_BOUND('',#4375,.T.);
#4375 = EDGE_LOOP('',(#4376,#4377,#4378,#4399));
#4376 = ORIENTED_EDGE('',*,*,#4328,.F.);
#4377 = ORIENTED_EDGE('',*,*,#2659,.F.);
#4378 = ORIENTED_EDGE('',*,*,#4379,.F.);
#4379 = EDGE_CURVE('',#3761,#2632,#4380,.T.);
#4380 = SURFACE_CURVE('',#4381,(#4385,#4392),.PCURVE_S1.);
#4381 = LINE('',#4382,#4383);
#4382 = CARTESIAN_POINT('',(-51.,35.,0.));
#4383 = VECTOR('',#4384,1.);
#4384 = DIRECTION('',(0.,0.,1.));
#4385 = PCURVE('',#2676,#4386);
#4386 = DEFINITIONAL_REPRESENTATION('',(#4387),#4391);
#4387 = LINE('',#4388,#4389);
#4388 = CARTESIAN_POINT('',(3.14159265359,0.));
#4389 = VECTOR('',#4390,1.);
#4390 = DIRECTION('',(0.,1.));
#4391 = ( GEOMETRIC_REPRESENTATION_CONTEXT(2) 
PARAMETRIC_REPRESENTATION_CONTEXT() REPRESENTATION_CONTEXT('2D SPACE',''
  ) );
#4392 = PCURVE('',#2647,#4393);
#4393 = DEFINITIONAL_REPRESENTATION('',(#4394),#4398);
#4394 = LINE('',#4395,#4396);
#4395 = CARTESIAN_POINT('',(76.,0.));
#4396 = VECTOR('',#4397,1.);
#4397 = DIRECTION('',(0.,1.));
#4398 = ( GEOMETRIC_REPRESENTATION_CONTEXT(2) 
PARAMETRIC_REPRESENTATION_CONTEXT() REPRESENTATION_CONTEXT('2D SPACE',''
  ) );
#4399 = ORIENTED_EDGE('',*,*,#3808,.F.);
#4400 = ADVANCED_FACE('',(#4401),#2647,.T.);
#4401 = FACE_BOUND('',#4402,.T.);
#4402 = EDGE_LOOP('',(#4403,#4404,#4405,#4406,#4407));
#4403 = ORIENTED_EDGE('',*,*,#4379,.T.);
#4404 = ORIENTED_EDGE('',*,*,#2629,.F.);
#4405 = ORIENTED_EDGE('',*,*,#4124,.F.);
#4406 = ORIENTED_EDGE('',*,*,#3730,.T.);
#4407 = ORIENTED_EDGE('',*,*,#3760,.F.);
#4408 = ADVANCED_FACE('',(#4409,#4419),#1135,.F.);
#4409 = FACE_BOUND('',#4410,.T.);
#4410 = EDGE_LOOP('',(#4411,#4412,#4413,#4414,#4415,#4416,#4417,#4418));
#4411 = ORIENTED_EDGE('',*,*,#3683,.T.);
#4412 = ORIENTED_EDGE('',*,*,#4096,.T.);
#4413 = ORIENTED_EDGE('',*,*,#4170,.T.);
#4414 = ORIENTED_EDGE('',*,*,#4219,.T.);
#4415 = ORIENTED_EDGE('',*,*,#3837,.T.);
#4416 = ORIENTED_EDGE('',*,*,#3942,.T.);
#4417 = ORIENTED_EDGE('',*,*,#4351,.T.);
#4418 = ORIENTED_EDGE('',*,*,#3578,.T.);
#4419 = FACE_BOUND('',#4420,.T.);
#4420 = EDGE_LOOP('',(#4421));
#4421 = ORIENTED_EDGE('',*,*,#1118,.T.);
#4422 = ( GEOMETRIC_REPRESENTATION_CONTEXT(3) 
GLOBAL_UNCERTAINTY_ASSIGNED_CONTEXT((#4426)) 
GLOBAL_UNIT_ASSIGNED_CONTEXT((#4423,#4424,#4425)) REPRESENTATION_CONTEXT
('Context #1','3D Context with UNIT and UNCERTAINTY') );
#4423 = ( LENGTH_UNIT() NAMED_UNIT(*) SI_UNIT(.MILLI.,.METRE.) );
#4424 = ( NAMED_UNIT(*) PLANE_ANGLE_UNIT() SI_UNIT($,.RADIAN.) );
#4425 = ( NAMED_UNIT(*) SI_UNIT($,.STERADIAN.) SOLID_ANGLE_UNIT() );
#4426 = UNCERTAINTY_MEASURE_WITH_UNIT(LENGTH_MEASURE(5.E-05),#4423,
  'distance_accuracy_value','confusion accuracy');
#4427 = PRODUCT_RELATED_PRODUCT_CATEGORY('part',$,(#7));
#4428 = MECHANICAL_DESIGN_GEOMETRIC_PRESENTATION_REPRESENTATION('',(
    #4429),#4422);
#4429 = STYLED_ITEM('color',(#4430),#15);
#4430 = PRESENTATION_STYLE_ASSIGNMENT((#4431,#4437));
#4431 = SURFACE_STYLE_USAGE(.BOTH.,#4432);
#4432 = SURFACE_SIDE_STYLE('',(#4433));
#4433 = SURFACE_STYLE_FILL_AREA(#4434);
#4434 = FILL_AREA_STYLE('',(#4435));
#4435 = FILL_AREA_STYLE_COLOUR('',#4436);
#4436 = COLOUR_RGB('',0.,0.600000020288,0.800000010877);
#4437 = CURVE_STYLE('',#4438,POSITIVE_LENGTH_MEASURE(0.1),#4439);
#4438 = DRAUGHTING_PRE_DEFINED_CURVE_FONT('continuous');
#4439 = COLOUR_RGB('',9.803921802644E-02,9.803921802644E-02,
  9.803921802644E-02);
ENDSEC;
END-ISO-10303-21;
