ISO-10303-21;
HEADER;
FILE_DESCRIPTION(('FreeCAD Model'),'2;1');
FILE_NAME('Open CASCADE Shape Model','2026-05-25T15:13:10',('Author'),(
    ''),'Open CASCADE STEP processor 7.8','FreeCAD','Unknown');
FILE_SCHEMA(('AUTOMOTIVE_DESIGN { 1 0 10303 214 1 1 1 1 }'));
ENDSEC;
DATA;
#1 = APPLICATION_PROTOCOL_DEFINITION('international standard',
  'automotive_design',2000,#2);
#2 = APPLICATION_CONTEXT(
  'core data for automotive mechanical design processes');
#3 = SHAPE_DEFINITION_REPRESENTATION(#4,#10);
#4 = PRODUCT_DEFINITION_SHAPE('','',#5);
#5 = PRODUCT_DEFINITION('design','',#6,#9);
#6 = PRODUCT_DEFINITION_FORMATION('','',#7);
#7 = PRODUCT('Spendergrundplatte','Spendergrundplatte','',(#8));
#8 = PRODUCT_CONTEXT('',#2,'mechanical');
#9 = PRODUCT_DEFINITION_CONTEXT('part definition',#2,'design');
#10 = ADVANCED_BREP_SHAPE_REPRESENTATION('',(#11,#15),#13833);
#11 = AXIS2_PLACEMENT_3D('',#12,#13,#14);
#12 = CARTESIAN_POINT('',(0.,0.,0.));
#13 = DIRECTION('',(0.,0.,1.));
#14 = DIRECTION('',(1.,0.,-0.));
#15 = MANIFOLD_SOLID_BREP('',#16);
#16 = CLOSED_SHELL('',(#17,#137,#252,#357,#433,#538,#614,#741,#788,#904,
    #1562,#1857,#1929,#2246,#2332,#2437,#3843,#3959,#4030,#4141,#4212,
    #4265,#4318,#4474,#4585,#4684,#4738,#4865,#4914,#4968,#5044,#5272,
    #5320,#5442,#5492,#5541,#5573,#5744,#5794,#5912,#6025,#6091,#6160,
    #6238,#6288,#6338,#6412,#6486,#6535,#6617,#6649,#6704,#6731,#6738,
    #6824,#6905,#6986,#7067,#7526,#7781,#8012,#8144,#8215,#8265,#8465,
    #8538,#8566,#8594,#8621,#8648,#8771,#8853,#8936,#8988,#9120,#9324,
    #9654,#9701,#9728,#9759,#9786,#9814,#9841,#9868,#9875,#9981,#10032,
    #10060,#10342,#10369,#10474,#10712,#10739,#11058,#11085,#11112,
    #11119,#11166,#11193,#11220,#11227,#11274,#11301,#11328,#11335,
    #11434,#11441,#12195,#12274,#12334,#12412,#12468,#12553,#12631,
    #12691,#12740,#12795,#12821,#12847,#12873,#12899,#12906,#12938,
    #12948,#13002,#13029,#13056,#13083,#13137,#13164,#13213,#13262,
    #13311,#13362,#13389,#13396,#13448,#13459,#13486,#13493,#13520,
    #13527,#13534,#13541,#13548,#13633,#13826));
#17 = ADVANCED_FACE('',(#18),#32,.F.);
#18 = FACE_BOUND('',#19,.T.);
#19 = EDGE_LOOP('',(#20,#55,#83,#111));
#20 = ORIENTED_EDGE('',*,*,#21,.F.);
#21 = EDGE_CURVE('',#22,#24,#26,.T.);
#22 = VERTEX_POINT('',#23);
#23 = CARTESIAN_POINT('',(-8.369345497706,39.,62.));
#24 = VERTEX_POINT('',#25);
#25 = CARTESIAN_POINT('',(-8.369345497706,39.,60.));
#26 = SURFACE_CURVE('',#27,(#31,#43),.PCURVE_S1.);
#27 = LINE('',#28,#29);
#28 = CARTESIAN_POINT('',(-8.369345497706,39.,70.));
#29 = VECTOR('',#30,1.);
#30 = DIRECTION('',(-3.5E-16,-0.,-1.));
#31 = PCURVE('',#32,#37);
#32 = PLANE('',#33);
#33 = AXIS2_PLACEMENT_3D('',#34,#35,#36);
#34 = CARTESIAN_POINT('',(-8.369345497706,-39.,60.));
#35 = DIRECTION('',(-1.,0.,3.5E-16));
#36 = DIRECTION('',(3.5E-16,0.,1.));
#37 = DEFINITIONAL_REPRESENTATION('',(#38),#42);
#38 = LINE('',#39,#40);
#39 = CARTESIAN_POINT('',(10.,78.));
#40 = VECTOR('',#41,1.);
#41 = DIRECTION('',(-1.,0.));
#42 = ( GEOMETRIC_REPRESENTATION_CONTEXT(2) 
PARAMETRIC_REPRESENTATION_CONTEXT() REPRESENTATION_CONTEXT('2D SPACE',''
  ) );
#43 = PCURVE('',#44,#49);
#44 = PLANE('',#45);
#45 = AXIS2_PLACEMENT_3D('',#46,#47,#48);
#46 = CARTESIAN_POINT('',(1.,39.,80.));
#47 = DIRECTION('',(-0.,1.,-0.));
#48 = DIRECTION('',(-3.9E-16,-0.,-1.));
#49 = DEFINITIONAL_REPRESENTATION('',(#50),#54);
#50 = LINE('',#51,#52);
#51 = CARTESIAN_POINT('',(10.,9.369345497706));
#52 = VECTOR('',#53,1.);
#53 = DIRECTION('',(1.,-4.E-17));
#54 = ( GEOMETRIC_REPRESENTATION_CONTEXT(2) 
PARAMETRIC_REPRESENTATION_CONTEXT() REPRESENTATION_CONTEXT('2D SPACE',''
  ) );
#55 = ORIENTED_EDGE('',*,*,#56,.F.);
#56 = EDGE_CURVE('',#57,#22,#59,.T.);
#57 = VERTEX_POINT('',#58);
#58 = CARTESIAN_POINT('',(-8.369345497706,33.,62.));
#59 = SURFACE_CURVE('',#60,(#64,#71),.PCURVE_S1.);
#60 = LINE('',#61,#62);
#61 = CARTESIAN_POINT('',(-8.369345497706,-39.,62.));
#62 = VECTOR('',#63,1.);
#63 = DIRECTION('',(0.,1.,0.));
#64 = PCURVE('',#32,#65);
#65 = DEFINITIONAL_REPRESENTATION('',(#66),#70);
#66 = LINE('',#67,#68);
#67 = CARTESIAN_POINT('',(2.,0.));
#68 = VECTOR('',#69,1.);
#69 = DIRECTION('',(0.,1.));
#70 = ( GEOMETRIC_REPRESENTATION_CONTEXT(2) 
PARAMETRIC_REPRESENTATION_CONTEXT() REPRESENTATION_CONTEXT('2D SPACE',''
  ) );
#71 = PCURVE('',#72,#77);
#72 = PLANE('',#73);
#73 = AXIS2_PLACEMENT_3D('',#74,#75,#76);
#74 = CARTESIAN_POINT('',(7.,0.,62.));
#75 = DIRECTION('',(0.,0.,-1.));
#76 = DIRECTION('',(-1.,0.,0.));
#77 = DEFINITIONAL_REPRESENTATION('',(#78),#82);
#78 = LINE('',#79,#80);
#79 = CARTESIAN_POINT('',(15.369345497706,-39.));
#80 = VECTOR('',#81,1.);
#81 = DIRECTION('',(0.,1.));
#82 = ( GEOMETRIC_REPRESENTATION_CONTEXT(2) 
PARAMETRIC_REPRESENTATION_CONTEXT() REPRESENTATION_CONTEXT('2D SPACE',''
  ) );
#83 = ORIENTED_EDGE('',*,*,#84,.F.);
#84 = EDGE_CURVE('',#85,#57,#87,.T.);
#85 = VERTEX_POINT('',#86);
#86 = CARTESIAN_POINT('',(-8.369345497706,33.,60.));
#87 = SURFACE_CURVE('',#88,(#92,#99),.PCURVE_S1.);
#88 = LINE('',#89,#90);
#89 = CARTESIAN_POINT('',(-8.369345497706,33.,31.5));
#90 = VECTOR('',#91,1.);
#91 = DIRECTION('',(3.5E-16,0.,1.));
#92 = PCURVE('',#32,#93);
#93 = DEFINITIONAL_REPRESENTATION('',(#94),#98);
#94 = LINE('',#95,#96);
#95 = CARTESIAN_POINT('',(-28.5,72.));
#96 = VECTOR('',#97,1.);
#97 = DIRECTION('',(1.,0.));
#98 = ( GEOMETRIC_REPRESENTATION_CONTEXT(2) 
PARAMETRIC_REPRESENTATION_CONTEXT() REPRESENTATION_CONTEXT('2D SPACE',''
  ) );
#99 = PCURVE('',#100,#105);
#100 = PLANE('',#101);
#101 = AXIS2_PLACEMENT_3D('',#102,#103,#104);
#102 = CARTESIAN_POINT('',(-39.,33.,3.));
#103 = DIRECTION('',(0.,-1.,0.));
#104 = DIRECTION('',(1.,0.,0.));
#105 = DEFINITIONAL_REPRESENTATION('',(#106),#110);
#106 = LINE('',#107,#108);
#107 = CARTESIAN_POINT('',(30.630654502294,28.5));
#108 = VECTOR('',#109,1.);
#109 = DIRECTION('',(3.5E-16,1.));
#110 = ( GEOMETRIC_REPRESENTATION_CONTEXT(2) 
PARAMETRIC_REPRESENTATION_CONTEXT() REPRESENTATION_CONTEXT('2D SPACE',''
  ) );
#111 = ORIENTED_EDGE('',*,*,#112,.F.);
#112 = EDGE_CURVE('',#24,#85,#113,.T.);
#113 = SURFACE_CURVE('',#114,(#118,#125),.PCURVE_S1.);
#114 = LINE('',#115,#116);
#115 = CARTESIAN_POINT('',(-8.369345497706,0.,60.));
#116 = VECTOR('',#117,1.);
#117 = DIRECTION('',(0.,-1.,3.7E-16));
#118 = PCURVE('',#32,#119);
#119 = DEFINITIONAL_REPRESENTATION('',(#120),#124);
#120 = LINE('',#121,#122);
#121 = CARTESIAN_POINT('',(0.,39.));
#122 = VECTOR('',#123,1.);
#123 = DIRECTION('',(3.7E-16,-1.));
#124 = ( GEOMETRIC_REPRESENTATION_CONTEXT(2) 
PARAMETRIC_REPRESENTATION_CONTEXT() REPRESENTATION_CONTEXT('2D SPACE',''
  ) );
#125 = PCURVE('',#126,#131);
#126 = PLANE('',#127);
#127 = AXIS2_PLACEMENT_3D('',#128,#129,#130);
#128 = CARTESIAN_POINT('',(1.,39.,60.));
#129 = DIRECTION('',(-3.2E-16,-3.7E-16,-1.));
#130 = DIRECTION('',(0.,-1.,3.7E-16));
#131 = DEFINITIONAL_REPRESENTATION('',(#132),#136);
#132 = LINE('',#133,#134);
#133 = CARTESIAN_POINT('',(39.,9.369345497706));
#134 = VECTOR('',#135,1.);
#135 = DIRECTION('',(1.,0.));
#136 = ( GEOMETRIC_REPRESENTATION_CONTEXT(2) 
PARAMETRIC_REPRESENTATION_CONTEXT() REPRESENTATION_CONTEXT('2D SPACE',''
  ) );
#137 = ADVANCED_FACE('',(#138),#152,.F.);
#138 = FACE_BOUND('',#139,.T.);
#139 = EDGE_LOOP('',(#140,#175,#198,#226));
#140 = ORIENTED_EDGE('',*,*,#141,.F.);
#141 = EDGE_CURVE('',#142,#144,#146,.T.);
#142 = VERTEX_POINT('',#143);
#143 = CARTESIAN_POINT('',(-8.369345497706,-33.,62.));
#144 = VERTEX_POINT('',#145);
#145 = CARTESIAN_POINT('',(-8.369345497706,-33.,60.));
#146 = SURFACE_CURVE('',#147,(#151,#163),.PCURVE_S1.);
#147 = LINE('',#148,#149);
#148 = CARTESIAN_POINT('',(-8.369345497706,-33.,31.5));
#149 = VECTOR('',#150,1.);
#150 = DIRECTION('',(-3.5E-16,0.,-1.));
#151 = PCURVE('',#152,#157);
#152 = PLANE('',#153);
#153 = AXIS2_PLACEMENT_3D('',#154,#155,#156);
#154 = CARTESIAN_POINT('',(-8.369345497706,-39.,60.));
#155 = DIRECTION('',(-1.,0.,3.5E-16));
#156 = DIRECTION('',(3.5E-16,0.,1.));
#157 = DEFINITIONAL_REPRESENTATION('',(#158),#162);
#158 = LINE('',#159,#160);
#159 = CARTESIAN_POINT('',(-28.5,6.));
#160 = VECTOR('',#161,1.);
#161 = DIRECTION('',(-1.,0.));
#162 = ( GEOMETRIC_REPRESENTATION_CONTEXT(2) 
PARAMETRIC_REPRESENTATION_CONTEXT() REPRESENTATION_CONTEXT('2D SPACE',''
  ) );
#163 = PCURVE('',#164,#169);
#164 = PLANE('',#165);
#165 = AXIS2_PLACEMENT_3D('',#166,#167,#168);
#166 = CARTESIAN_POINT('',(-36.,-33.,3.));
#167 = DIRECTION('',(0.,1.,0.));
#168 = DIRECTION('',(-1.,0.,0.));
#169 = DEFINITIONAL_REPRESENTATION('',(#170),#174);
#170 = LINE('',#171,#172);
#171 = CARTESIAN_POINT('',(-27.63065450229,28.5));
#172 = VECTOR('',#173,1.);
#173 = DIRECTION('',(3.5E-16,-1.));
#174 = ( GEOMETRIC_REPRESENTATION_CONTEXT(2) 
PARAMETRIC_REPRESENTATION_CONTEXT() REPRESENTATION_CONTEXT('2D SPACE',''
  ) );
#175 = ORIENTED_EDGE('',*,*,#176,.F.);
#176 = EDGE_CURVE('',#177,#142,#179,.T.);
#177 = VERTEX_POINT('',#178);
#178 = CARTESIAN_POINT('',(-8.369345497706,-39.,62.));
#179 = SURFACE_CURVE('',#180,(#184,#191),.PCURVE_S1.);
#180 = LINE('',#181,#182);
#181 = CARTESIAN_POINT('',(-8.369345497706,-39.,62.));
#182 = VECTOR('',#183,1.);
#183 = DIRECTION('',(0.,1.,0.));
#184 = PCURVE('',#152,#185);
#185 = DEFINITIONAL_REPRESENTATION('',(#186),#190);
#186 = LINE('',#187,#188);
#187 = CARTESIAN_POINT('',(2.,0.));
#188 = VECTOR('',#189,1.);
#189 = DIRECTION('',(0.,1.));
#190 = ( GEOMETRIC_REPRESENTATION_CONTEXT(2) 
PARAMETRIC_REPRESENTATION_CONTEXT() REPRESENTATION_CONTEXT('2D SPACE',''
  ) );
#191 = PCURVE('',#72,#192);
#192 = DEFINITIONAL_REPRESENTATION('',(#193),#197);
#193 = LINE('',#194,#195);
#194 = CARTESIAN_POINT('',(15.369345497706,-39.));
#195 = VECTOR('',#196,1.);
#196 = DIRECTION('',(0.,1.));
#197 = ( GEOMETRIC_REPRESENTATION_CONTEXT(2) 
PARAMETRIC_REPRESENTATION_CONTEXT() REPRESENTATION_CONTEXT('2D SPACE',''
  ) );
#198 = ORIENTED_EDGE('',*,*,#199,.F.);
#199 = EDGE_CURVE('',#200,#177,#202,.T.);
#200 = VERTEX_POINT('',#201);
#201 = CARTESIAN_POINT('',(-8.369345497706,-39.,60.));
#202 = SURFACE_CURVE('',#203,(#207,#214),.PCURVE_S1.);
#203 = LINE('',#204,#205);
#204 = CARTESIAN_POINT('',(-8.369345497706,-39.,60.));
#205 = VECTOR('',#206,1.);
#206 = DIRECTION('',(3.5E-16,0.,1.));
#207 = PCURVE('',#152,#208);
#208 = DEFINITIONAL_REPRESENTATION('',(#209),#213);
#209 = LINE('',#210,#211);
#210 = CARTESIAN_POINT('',(0.,0.));
#211 = VECTOR('',#212,1.);
#212 = DIRECTION('',(1.,0.));
#213 = ( GEOMETRIC_REPRESENTATION_CONTEXT(2) 
PARAMETRIC_REPRESENTATION_CONTEXT() REPRESENTATION_CONTEXT('2D SPACE',''
  ) );
#214 = PCURVE('',#215,#220);
#215 = PLANE('',#216);
#216 = AXIS2_PLACEMENT_3D('',#217,#218,#219);
#217 = CARTESIAN_POINT('',(1.,-39.,60.));
#218 = DIRECTION('',(0.,-1.,0.));
#219 = DIRECTION('',(3.9E-16,0.,1.));
#220 = DEFINITIONAL_REPRESENTATION('',(#221),#225);
#221 = LINE('',#222,#223);
#222 = CARTESIAN_POINT('',(-3.654044744105E-15,9.369345497706));
#223 = VECTOR('',#224,1.);
#224 = DIRECTION('',(1.,4.E-17));
#225 = ( GEOMETRIC_REPRESENTATION_CONTEXT(2) 
PARAMETRIC_REPRESENTATION_CONTEXT() REPRESENTATION_CONTEXT('2D SPACE',''
  ) );
#226 = ORIENTED_EDGE('',*,*,#227,.F.);
#227 = EDGE_CURVE('',#144,#200,#228,.T.);
#228 = SURFACE_CURVE('',#229,(#233,#240),.PCURVE_S1.);
#229 = LINE('',#230,#231);
#230 = CARTESIAN_POINT('',(-8.369345497706,-36.,60.));
#231 = VECTOR('',#232,1.);
#232 = DIRECTION('',(0.,-1.,2.59E-15));
#233 = PCURVE('',#152,#234);
#234 = DEFINITIONAL_REPRESENTATION('',(#235),#239);
#235 = LINE('',#236,#237);
#236 = CARTESIAN_POINT('',(0.,3.));
#237 = VECTOR('',#238,1.);
#238 = DIRECTION('',(2.59E-15,-1.));
#239 = ( GEOMETRIC_REPRESENTATION_CONTEXT(2) 
PARAMETRIC_REPRESENTATION_CONTEXT() REPRESENTATION_CONTEXT('2D SPACE',''
  ) );
#240 = PCURVE('',#241,#246);
#241 = PLANE('',#242);
#242 = AXIS2_PLACEMENT_3D('',#243,#244,#245);
#243 = CARTESIAN_POINT('',(1.,-33.,60.));
#244 = DIRECTION('',(-3.2E-16,-2.59E-15,-1.));
#245 = DIRECTION('',(0.,-1.,2.59E-15));
#246 = DEFINITIONAL_REPRESENTATION('',(#247),#251);
#247 = LINE('',#248,#249);
#248 = CARTESIAN_POINT('',(3.,9.369345497706));
#249 = VECTOR('',#250,1.);
#250 = DIRECTION('',(1.,0.));
#251 = ( GEOMETRIC_REPRESENTATION_CONTEXT(2) 
PARAMETRIC_REPRESENTATION_CONTEXT() REPRESENTATION_CONTEXT('2D SPACE',''
  ) );
#252 = ADVANCED_FACE('',(#253),#267,.F.);
#253 = FACE_BOUND('',#254,.T.);
#254 = EDGE_LOOP('',(#255,#285,#313,#336));
#255 = ORIENTED_EDGE('',*,*,#256,.F.);
#256 = EDGE_CURVE('',#257,#259,#261,.T.);
#257 = VERTEX_POINT('',#258);
#258 = CARTESIAN_POINT('',(-25.17600878134,33.,62.));
#259 = VERTEX_POINT('',#260);
#260 = CARTESIAN_POINT('',(-25.17600878134,33.,60.));
#261 = SURFACE_CURVE('',#262,(#266,#278),.PCURVE_S1.);
#262 = LINE('',#263,#264);
#263 = CARTESIAN_POINT('',(-25.17600878134,33.,32.5));
#264 = VECTOR('',#265,1.);
#265 = DIRECTION('',(-3.5E-16,0.,-1.));
#266 = PCURVE('',#267,#272);
#267 = PLANE('',#268);
#268 = AXIS2_PLACEMENT_3D('',#269,#270,#271);
#269 = CARTESIAN_POINT('',(-25.17600878134,-39.,62.));
#270 = DIRECTION('',(1.,0.,-3.5E-16));
#271 = DIRECTION('',(-3.5E-16,0.,-1.));
#272 = DEFINITIONAL_REPRESENTATION('',(#273),#277);
#273 = LINE('',#274,#275);
#274 = CARTESIAN_POINT('',(29.5,72.));
#275 = VECTOR('',#276,1.);
#276 = DIRECTION('',(1.,0.));
#277 = ( GEOMETRIC_REPRESENTATION_CONTEXT(2) 
PARAMETRIC_REPRESENTATION_CONTEXT() REPRESENTATION_CONTEXT('2D SPACE',''
  ) );
#278 = PCURVE('',#100,#279);
#279 = DEFINITIONAL_REPRESENTATION('',(#280),#284);
#280 = LINE('',#281,#282);
#281 = CARTESIAN_POINT('',(13.82399121866,29.5));
#282 = VECTOR('',#283,1.);
#283 = DIRECTION('',(-3.5E-16,-1.));
#284 = ( GEOMETRIC_REPRESENTATION_CONTEXT(2) 
PARAMETRIC_REPRESENTATION_CONTEXT() REPRESENTATION_CONTEXT('2D SPACE',''
  ) );
#285 = ORIENTED_EDGE('',*,*,#286,.T.);
#286 = EDGE_CURVE('',#257,#287,#289,.T.);
#287 = VERTEX_POINT('',#288);
#288 = CARTESIAN_POINT('',(-25.17600878134,39.,62.));
#289 = SURFACE_CURVE('',#290,(#294,#301),.PCURVE_S1.);
#290 = LINE('',#291,#292);
#291 = CARTESIAN_POINT('',(-25.17600878134,-39.,62.));
#292 = VECTOR('',#293,1.);
#293 = DIRECTION('',(0.,1.,0.));
#294 = PCURVE('',#267,#295);
#295 = DEFINITIONAL_REPRESENTATION('',(#296),#300);
#296 = LINE('',#297,#298);
#297 = CARTESIAN_POINT('',(0.,0.));
#298 = VECTOR('',#299,1.);
#299 = DIRECTION('',(0.,1.));
#300 = ( GEOMETRIC_REPRESENTATION_CONTEXT(2) 
PARAMETRIC_REPRESENTATION_CONTEXT() REPRESENTATION_CONTEXT('2D SPACE',''
  ) );
#301 = PCURVE('',#302,#307);
#302 = PLANE('',#303);
#303 = AXIS2_PLACEMENT_3D('',#304,#305,#306);
#304 = CARTESIAN_POINT('',(-36.,-39.,62.));
#305 = DIRECTION('',(2.4E-16,0.,1.));
#306 = DIRECTION('',(1.,0.,-2.4E-16));
#307 = DEFINITIONAL_REPRESENTATION('',(#308),#312);
#308 = LINE('',#309,#310);
#309 = CARTESIAN_POINT('',(10.82399121866,0.));
#310 = VECTOR('',#311,1.);
#311 = DIRECTION('',(0.,1.));
#312 = ( GEOMETRIC_REPRESENTATION_CONTEXT(2) 
PARAMETRIC_REPRESENTATION_CONTEXT() REPRESENTATION_CONTEXT('2D SPACE',''
  ) );
#313 = ORIENTED_EDGE('',*,*,#314,.F.);
#314 = EDGE_CURVE('',#315,#287,#317,.T.);
#315 = VERTEX_POINT('',#316);
#316 = CARTESIAN_POINT('',(-25.17600878134,39.,60.));
#317 = SURFACE_CURVE('',#318,(#322,#329),.PCURVE_S1.);
#318 = LINE('',#319,#320);
#319 = CARTESIAN_POINT('',(-25.17600878134,39.,71.));
#320 = VECTOR('',#321,1.);
#321 = DIRECTION('',(3.5E-16,0.,1.));
#322 = PCURVE('',#267,#323);
#323 = DEFINITIONAL_REPRESENTATION('',(#324),#328);
#324 = LINE('',#325,#326);
#325 = CARTESIAN_POINT('',(-9.,78.));
#326 = VECTOR('',#327,1.);
#327 = DIRECTION('',(-1.,0.));
#328 = ( GEOMETRIC_REPRESENTATION_CONTEXT(2) 
PARAMETRIC_REPRESENTATION_CONTEXT() REPRESENTATION_CONTEXT('2D SPACE',''
  ) );
#329 = PCURVE('',#44,#330);
#330 = DEFINITIONAL_REPRESENTATION('',(#331),#335);
#331 = LINE('',#332,#333);
#332 = CARTESIAN_POINT('',(9.,26.17600878134));
#333 = VECTOR('',#334,1.);
#334 = DIRECTION('',(-1.,4.E-17));
#335 = ( GEOMETRIC_REPRESENTATION_CONTEXT(2) 
PARAMETRIC_REPRESENTATION_CONTEXT() REPRESENTATION_CONTEXT('2D SPACE',''
  ) );
#336 = ORIENTED_EDGE('',*,*,#337,.F.);
#337 = EDGE_CURVE('',#259,#315,#338,.T.);
#338 = SURFACE_CURVE('',#339,(#343,#350),.PCURVE_S1.);
#339 = LINE('',#340,#341);
#340 = CARTESIAN_POINT('',(-25.17600878134,-3.7E-16,60.));
#341 = VECTOR('',#342,1.);
#342 = DIRECTION('',(-0.,1.,-3.7E-16));
#343 = PCURVE('',#267,#344);
#344 = DEFINITIONAL_REPRESENTATION('',(#345),#349);
#345 = LINE('',#346,#347);
#346 = CARTESIAN_POINT('',(2.,39.));
#347 = VECTOR('',#348,1.);
#348 = DIRECTION('',(3.7E-16,1.));
#349 = ( GEOMETRIC_REPRESENTATION_CONTEXT(2) 
PARAMETRIC_REPRESENTATION_CONTEXT() REPRESENTATION_CONTEXT('2D SPACE',''
  ) );
#350 = PCURVE('',#126,#351);
#351 = DEFINITIONAL_REPRESENTATION('',(#352),#356);
#352 = LINE('',#353,#354);
#353 = CARTESIAN_POINT('',(39.,26.17600878134));
#354 = VECTOR('',#355,1.);
#355 = DIRECTION('',(-1.,0.));
#356 = ( GEOMETRIC_REPRESENTATION_CONTEXT(2) 
PARAMETRIC_REPRESENTATION_CONTEXT() REPRESENTATION_CONTEXT('2D SPACE',''
  ) );
#357 = ADVANCED_FACE('',(#358),#302,.F.);
#358 = FACE_BOUND('',#359,.T.);
#359 = EDGE_LOOP('',(#360,#383,#411,#432));
#360 = ORIENTED_EDGE('',*,*,#361,.F.);
#361 = EDGE_CURVE('',#362,#257,#364,.T.);
#362 = VERTEX_POINT('',#363);
#363 = CARTESIAN_POINT('',(-36.,33.,62.));
#364 = SURFACE_CURVE('',#365,(#369,#376),.PCURVE_S1.);
#365 = LINE('',#366,#367);
#366 = CARTESIAN_POINT('',(-37.5,33.,62.));
#367 = VECTOR('',#368,1.);
#368 = DIRECTION('',(1.,0.,-2.4E-16));
#369 = PCURVE('',#302,#370);
#370 = DEFINITIONAL_REPRESENTATION('',(#371),#375);
#371 = LINE('',#372,#373);
#372 = CARTESIAN_POINT('',(-1.5,72.));
#373 = VECTOR('',#374,1.);
#374 = DIRECTION('',(1.,0.));
#375 = ( GEOMETRIC_REPRESENTATION_CONTEXT(2) 
PARAMETRIC_REPRESENTATION_CONTEXT() REPRESENTATION_CONTEXT('2D SPACE',''
  ) );
#376 = PCURVE('',#100,#377);
#377 = DEFINITIONAL_REPRESENTATION('',(#378),#382);
#378 = LINE('',#379,#380);
#379 = CARTESIAN_POINT('',(1.5,59.));
#380 = VECTOR('',#381,1.);
#381 = DIRECTION('',(1.,-2.4E-16));
#382 = ( GEOMETRIC_REPRESENTATION_CONTEXT(2) 
PARAMETRIC_REPRESENTATION_CONTEXT() REPRESENTATION_CONTEXT('2D SPACE',''
  ) );
#383 = ORIENTED_EDGE('',*,*,#384,.T.);
#384 = EDGE_CURVE('',#362,#385,#387,.T.);
#385 = VERTEX_POINT('',#386);
#386 = CARTESIAN_POINT('',(-36.,39.,62.));
#387 = SURFACE_CURVE('',#388,(#392,#399),.PCURVE_S1.);
#388 = LINE('',#389,#390);
#389 = CARTESIAN_POINT('',(-36.,-39.,62.));
#390 = VECTOR('',#391,1.);
#391 = DIRECTION('',(0.,1.,0.));
#392 = PCURVE('',#302,#393);
#393 = DEFINITIONAL_REPRESENTATION('',(#394),#398);
#394 = LINE('',#395,#396);
#395 = CARTESIAN_POINT('',(0.,0.));
#396 = VECTOR('',#397,1.);
#397 = DIRECTION('',(0.,1.));
#398 = ( GEOMETRIC_REPRESENTATION_CONTEXT(2) 
PARAMETRIC_REPRESENTATION_CONTEXT() REPRESENTATION_CONTEXT('2D SPACE',''
  ) );
#399 = PCURVE('',#400,#405);
#400 = PLANE('',#401);
#401 = AXIS2_PLACEMENT_3D('',#402,#403,#404);
#402 = CARTESIAN_POINT('',(-36.,33.,3.));
#403 = DIRECTION('',(1.,0.,0.));
#404 = DIRECTION('',(-0.,1.,0.));
#405 = DEFINITIONAL_REPRESENTATION('',(#406),#410);
#406 = LINE('',#407,#408);
#407 = CARTESIAN_POINT('',(-72.,59.));
#408 = VECTOR('',#409,1.);
#409 = DIRECTION('',(1.,0.));
#410 = ( GEOMETRIC_REPRESENTATION_CONTEXT(2) 
PARAMETRIC_REPRESENTATION_CONTEXT() REPRESENTATION_CONTEXT('2D SPACE',''
  ) );
#411 = ORIENTED_EDGE('',*,*,#412,.F.);
#412 = EDGE_CURVE('',#287,#385,#413,.T.);
#413 = SURFACE_CURVE('',#414,(#418,#425),.PCURVE_S1.);
#414 = LINE('',#415,#416);
#415 = CARTESIAN_POINT('',(-17.5,39.,62.));
#416 = VECTOR('',#417,1.);
#417 = DIRECTION('',(-1.,-0.,2.4E-16));
#418 = PCURVE('',#302,#419);
#419 = DEFINITIONAL_REPRESENTATION('',(#420),#424);
#420 = LINE('',#421,#422);
#421 = CARTESIAN_POINT('',(18.5,78.));
#422 = VECTOR('',#423,1.);
#423 = DIRECTION('',(-1.,0.));
#424 = ( GEOMETRIC_REPRESENTATION_CONTEXT(2) 
PARAMETRIC_REPRESENTATION_CONTEXT() REPRESENTATION_CONTEXT('2D SPACE',''
  ) );
#425 = PCURVE('',#44,#426);
#426 = DEFINITIONAL_REPRESENTATION('',(#427),#431);
#427 = LINE('',#428,#429);
#428 = CARTESIAN_POINT('',(18.,18.5));
#429 = VECTOR('',#430,1.);
#430 = DIRECTION('',(1.5E-16,1.));
#431 = ( GEOMETRIC_REPRESENTATION_CONTEXT(2) 
PARAMETRIC_REPRESENTATION_CONTEXT() REPRESENTATION_CONTEXT('2D SPACE',''
  ) );
#432 = ORIENTED_EDGE('',*,*,#286,.F.);
#433 = ADVANCED_FACE('',(#434),#448,.F.);
#434 = FACE_BOUND('',#435,.T.);
#435 = EDGE_LOOP('',(#436,#466,#489,#512));
#436 = ORIENTED_EDGE('',*,*,#437,.F.);
#437 = EDGE_CURVE('',#438,#440,#442,.T.);
#438 = VERTEX_POINT('',#439);
#439 = CARTESIAN_POINT('',(-25.17600878134,-33.,60.));
#440 = VERTEX_POINT('',#441);
#441 = CARTESIAN_POINT('',(-25.17600878134,-33.,62.));
#442 = SURFACE_CURVE('',#443,(#447,#459),.PCURVE_S1.);
#443 = LINE('',#444,#445);
#444 = CARTESIAN_POINT('',(-25.17600878134,-33.,32.5));
#445 = VECTOR('',#446,1.);
#446 = DIRECTION('',(3.5E-16,0.,1.));
#447 = PCURVE('',#448,#453);
#448 = PLANE('',#449);
#449 = AXIS2_PLACEMENT_3D('',#450,#451,#452);
#450 = CARTESIAN_POINT('',(-25.17600878134,-39.,62.));
#451 = DIRECTION('',(1.,0.,-3.5E-16));
#452 = DIRECTION('',(-3.5E-16,0.,-1.));
#453 = DEFINITIONAL_REPRESENTATION('',(#454),#458);
#454 = LINE('',#455,#456);
#455 = CARTESIAN_POINT('',(29.5,6.));
#456 = VECTOR('',#457,1.);
#457 = DIRECTION('',(-1.,0.));
#458 = ( GEOMETRIC_REPRESENTATION_CONTEXT(2) 
PARAMETRIC_REPRESENTATION_CONTEXT() REPRESENTATION_CONTEXT('2D SPACE',''
  ) );
#459 = PCURVE('',#164,#460);
#460 = DEFINITIONAL_REPRESENTATION('',(#461),#465);
#461 = LINE('',#462,#463);
#462 = CARTESIAN_POINT('',(-10.82399121866,29.5));
#463 = VECTOR('',#464,1.);
#464 = DIRECTION('',(-3.5E-16,1.));
#465 = ( GEOMETRIC_REPRESENTATION_CONTEXT(2) 
PARAMETRIC_REPRESENTATION_CONTEXT() REPRESENTATION_CONTEXT('2D SPACE',''
  ) );
#466 = ORIENTED_EDGE('',*,*,#467,.F.);
#467 = EDGE_CURVE('',#468,#438,#470,.T.);
#468 = VERTEX_POINT('',#469);
#469 = CARTESIAN_POINT('',(-25.17600878134,-39.,60.));
#470 = SURFACE_CURVE('',#471,(#475,#482),.PCURVE_S1.);
#471 = LINE('',#472,#473);
#472 = CARTESIAN_POINT('',(-25.17600878134,-36.,60.));
#473 = VECTOR('',#474,1.);
#474 = DIRECTION('',(-0.,1.,-2.59E-15));
#475 = PCURVE('',#448,#476);
#476 = DEFINITIONAL_REPRESENTATION('',(#477),#481);
#477 = LINE('',#478,#479);
#478 = CARTESIAN_POINT('',(2.,3.));
#479 = VECTOR('',#480,1.);
#480 = DIRECTION('',(2.59E-15,1.));
#481 = ( GEOMETRIC_REPRESENTATION_CONTEXT(2) 
PARAMETRIC_REPRESENTATION_CONTEXT() REPRESENTATION_CONTEXT('2D SPACE',''
  ) );
#482 = PCURVE('',#241,#483);
#483 = DEFINITIONAL_REPRESENTATION('',(#484),#488);
#484 = LINE('',#485,#486);
#485 = CARTESIAN_POINT('',(3.,26.17600878134));
#486 = VECTOR('',#487,1.);
#487 = DIRECTION('',(-1.,0.));
#488 = ( GEOMETRIC_REPRESENTATION_CONTEXT(2) 
PARAMETRIC_REPRESENTATION_CONTEXT() REPRESENTATION_CONTEXT('2D SPACE',''
  ) );
#489 = ORIENTED_EDGE('',*,*,#490,.F.);
#490 = EDGE_CURVE('',#491,#468,#493,.T.);
#491 = VERTEX_POINT('',#492);
#492 = CARTESIAN_POINT('',(-25.17600878134,-39.,62.));
#493 = SURFACE_CURVE('',#494,(#498,#505),.PCURVE_S1.);
#494 = LINE('',#495,#496);
#495 = CARTESIAN_POINT('',(-25.17600878134,-39.,61.));
#496 = VECTOR('',#497,1.);
#497 = DIRECTION('',(-3.5E-16,-0.,-1.));
#498 = PCURVE('',#448,#499);
#499 = DEFINITIONAL_REPRESENTATION('',(#500),#504);
#500 = LINE('',#501,#502);
#501 = CARTESIAN_POINT('',(1.,0.));
#502 = VECTOR('',#503,1.);
#503 = DIRECTION('',(1.,-0.));
#504 = ( GEOMETRIC_REPRESENTATION_CONTEXT(2) 
PARAMETRIC_REPRESENTATION_CONTEXT() REPRESENTATION_CONTEXT('2D SPACE',''
  ) );
#505 = PCURVE('',#215,#506);
#506 = DEFINITIONAL_REPRESENTATION('',(#507),#511);
#507 = LINE('',#508,#509);
#508 = CARTESIAN_POINT('',(1.,26.17600878134));
#509 = VECTOR('',#510,1.);
#510 = DIRECTION('',(-1.,-4.E-17));
#511 = ( GEOMETRIC_REPRESENTATION_CONTEXT(2) 
PARAMETRIC_REPRESENTATION_CONTEXT() REPRESENTATION_CONTEXT('2D SPACE',''
  ) );
#512 = ORIENTED_EDGE('',*,*,#513,.T.);
#513 = EDGE_CURVE('',#491,#440,#514,.T.);
#514 = SURFACE_CURVE('',#515,(#519,#526),.PCURVE_S1.);
#515 = LINE('',#516,#517);
#516 = CARTESIAN_POINT('',(-25.17600878134,-39.,62.));
#517 = VECTOR('',#518,1.);
#518 = DIRECTION('',(0.,1.,0.));
#519 = PCURVE('',#448,#520);
#520 = DEFINITIONAL_REPRESENTATION('',(#521),#525);
#521 = LINE('',#522,#523);
#522 = CARTESIAN_POINT('',(0.,0.));
#523 = VECTOR('',#524,1.);
#524 = DIRECTION('',(0.,1.));
#525 = ( GEOMETRIC_REPRESENTATION_CONTEXT(2) 
PARAMETRIC_REPRESENTATION_CONTEXT() REPRESENTATION_CONTEXT('2D SPACE',''
  ) );
#526 = PCURVE('',#527,#532);
#527 = PLANE('',#528);
#528 = AXIS2_PLACEMENT_3D('',#529,#530,#531);
#529 = CARTESIAN_POINT('',(-36.,-39.,62.));
#530 = DIRECTION('',(2.4E-16,0.,1.));
#531 = DIRECTION('',(1.,0.,-2.4E-16));
#532 = DEFINITIONAL_REPRESENTATION('',(#533),#537);
#533 = LINE('',#534,#535);
#534 = CARTESIAN_POINT('',(10.82399121866,0.));
#535 = VECTOR('',#536,1.);
#536 = DIRECTION('',(0.,1.));
#537 = ( GEOMETRIC_REPRESENTATION_CONTEXT(2) 
PARAMETRIC_REPRESENTATION_CONTEXT() REPRESENTATION_CONTEXT('2D SPACE',''
  ) );
#538 = ADVANCED_FACE('',(#539),#527,.F.);
#539 = FACE_BOUND('',#540,.T.);
#540 = EDGE_LOOP('',(#541,#564,#565,#588));
#541 = ORIENTED_EDGE('',*,*,#542,.F.);
#542 = EDGE_CURVE('',#440,#543,#545,.T.);
#543 = VERTEX_POINT('',#544);
#544 = CARTESIAN_POINT('',(-36.,-33.,62.));
#545 = SURFACE_CURVE('',#546,(#550,#557),.PCURVE_S1.);
#546 = LINE('',#547,#548);
#547 = CARTESIAN_POINT('',(-36.,-33.,62.));
#548 = VECTOR('',#549,1.);
#549 = DIRECTION('',(-1.,0.,2.4E-16));
#550 = PCURVE('',#527,#551);
#551 = DEFINITIONAL_REPRESENTATION('',(#552),#556);
#552 = LINE('',#553,#554);
#553 = CARTESIAN_POINT('',(0.,6.));
#554 = VECTOR('',#555,1.);
#555 = DIRECTION('',(-1.,0.));
#556 = ( GEOMETRIC_REPRESENTATION_CONTEXT(2) 
PARAMETRIC_REPRESENTATION_CONTEXT() REPRESENTATION_CONTEXT('2D SPACE',''
  ) );
#557 = PCURVE('',#164,#558);
#558 = DEFINITIONAL_REPRESENTATION('',(#559),#563);
#559 = LINE('',#560,#561);
#560 = CARTESIAN_POINT('',(0.,59.));
#561 = VECTOR('',#562,1.);
#562 = DIRECTION('',(1.,2.4E-16));
#563 = ( GEOMETRIC_REPRESENTATION_CONTEXT(2) 
PARAMETRIC_REPRESENTATION_CONTEXT() REPRESENTATION_CONTEXT('2D SPACE',''
  ) );
#564 = ORIENTED_EDGE('',*,*,#513,.F.);
#565 = ORIENTED_EDGE('',*,*,#566,.F.);
#566 = EDGE_CURVE('',#567,#491,#569,.T.);
#567 = VERTEX_POINT('',#568);
#568 = CARTESIAN_POINT('',(-36.,-39.,62.));
#569 = SURFACE_CURVE('',#570,(#574,#581),.PCURVE_S1.);
#570 = LINE('',#571,#572);
#571 = CARTESIAN_POINT('',(-17.5,-39.,62.));
#572 = VECTOR('',#573,1.);
#573 = DIRECTION('',(1.,0.,-2.4E-16));
#574 = PCURVE('',#527,#575);
#575 = DEFINITIONAL_REPRESENTATION('',(#576),#580);
#576 = LINE('',#577,#578);
#577 = CARTESIAN_POINT('',(18.5,0.));
#578 = VECTOR('',#579,1.);
#579 = DIRECTION('',(1.,0.));
#580 = ( GEOMETRIC_REPRESENTATION_CONTEXT(2) 
PARAMETRIC_REPRESENTATION_CONTEXT() REPRESENTATION_CONTEXT('2D SPACE',''
  ) );
#581 = PCURVE('',#215,#582);
#582 = DEFINITIONAL_REPRESENTATION('',(#583),#587);
#583 = LINE('',#584,#585);
#584 = CARTESIAN_POINT('',(2.,18.5));
#585 = VECTOR('',#586,1.);
#586 = DIRECTION('',(1.5E-16,-1.));
#587 = ( GEOMETRIC_REPRESENTATION_CONTEXT(2) 
PARAMETRIC_REPRESENTATION_CONTEXT() REPRESENTATION_CONTEXT('2D SPACE',''
  ) );
#588 = ORIENTED_EDGE('',*,*,#589,.T.);
#589 = EDGE_CURVE('',#567,#543,#590,.T.);
#590 = SURFACE_CURVE('',#591,(#595,#602),.PCURVE_S1.);
#591 = LINE('',#592,#593);
#592 = CARTESIAN_POINT('',(-36.,-39.,62.));
#593 = VECTOR('',#594,1.);
#594 = DIRECTION('',(0.,1.,0.));
#595 = PCURVE('',#527,#596);
#596 = DEFINITIONAL_REPRESENTATION('',(#597),#601);
#597 = LINE('',#598,#599);
#598 = CARTESIAN_POINT('',(0.,0.));
#599 = VECTOR('',#600,1.);
#600 = DIRECTION('',(0.,1.));
#601 = ( GEOMETRIC_REPRESENTATION_CONTEXT(2) 
PARAMETRIC_REPRESENTATION_CONTEXT() REPRESENTATION_CONTEXT('2D SPACE',''
  ) );
#602 = PCURVE('',#603,#608);
#603 = PLANE('',#604);
#604 = AXIS2_PLACEMENT_3D('',#605,#606,#607);
#605 = CARTESIAN_POINT('',(-36.,-45.,3.));
#606 = DIRECTION('',(1.,0.,0.));
#607 = DIRECTION('',(-0.,1.,0.));
#608 = DEFINITIONAL_REPRESENTATION('',(#609),#613);
#609 = LINE('',#610,#611);
#610 = CARTESIAN_POINT('',(6.,59.));
#611 = VECTOR('',#612,1.);
#612 = DIRECTION('',(1.,0.));
#613 = ( GEOMETRIC_REPRESENTATION_CONTEXT(2) 
PARAMETRIC_REPRESENTATION_CONTEXT() REPRESENTATION_CONTEXT('2D SPACE',''
  ) );
#614 = ADVANCED_FACE('',(#615),#215,.T.);
#615 = FACE_BOUND('',#616,.T.);
#616 = EDGE_LOOP('',(#617,#618,#641,#669,#697,#718,#719,#720));
#617 = ORIENTED_EDGE('',*,*,#199,.T.);
#618 = ORIENTED_EDGE('',*,*,#619,.T.);
#619 = EDGE_CURVE('',#177,#620,#622,.T.);
#620 = VERTEX_POINT('',#621);
#621 = CARTESIAN_POINT('',(1.,-39.,62.));
#622 = SURFACE_CURVE('',#623,(#627,#634),.PCURVE_S1.);
#623 = LINE('',#624,#625);
#624 = CARTESIAN_POINT('',(-3.684672748853,-39.,62.));
#625 = VECTOR('',#626,1.);
#626 = DIRECTION('',(1.,0.,-1.1E-16));
#627 = PCURVE('',#215,#628);
#628 = DEFINITIONAL_REPRESENTATION('',(#629),#633);
#629 = LINE('',#630,#631);
#630 = CARTESIAN_POINT('',(2.,4.684672748853));
#631 = VECTOR('',#632,1.);
#632 = DIRECTION('',(2.8E-16,-1.));
#633 = ( GEOMETRIC_REPRESENTATION_CONTEXT(2) 
PARAMETRIC_REPRESENTATION_CONTEXT() REPRESENTATION_CONTEXT('2D SPACE',''
  ) );
#634 = PCURVE('',#72,#635);
#635 = DEFINITIONAL_REPRESENTATION('',(#636),#640);
#636 = LINE('',#637,#638);
#637 = CARTESIAN_POINT('',(10.684672748853,-39.));
#638 = VECTOR('',#639,1.);
#639 = DIRECTION('',(-1.,0.));
#640 = ( GEOMETRIC_REPRESENTATION_CONTEXT(2) 
PARAMETRIC_REPRESENTATION_CONTEXT() REPRESENTATION_CONTEXT('2D SPACE',''
  ) );
#641 = ORIENTED_EDGE('',*,*,#642,.F.);
#642 = EDGE_CURVE('',#643,#620,#645,.T.);
#643 = VERTEX_POINT('',#644);
#644 = CARTESIAN_POINT('',(1.,-39.,79.));
#645 = SURFACE_CURVE('',#646,(#650,#657),.PCURVE_S1.);
#646 = LINE('',#647,#648);
#647 = CARTESIAN_POINT('',(1.,-39.,61.));
#648 = VECTOR('',#649,1.);
#649 = DIRECTION('',(-3.9E-16,-0.,-1.));
#650 = PCURVE('',#215,#651);
#651 = DEFINITIONAL_REPRESENTATION('',(#652),#656);
#652 = LINE('',#653,#654);
#653 = CARTESIAN_POINT('',(1.,3.9E-16));
#654 = VECTOR('',#655,1.);
#655 = DIRECTION('',(-1.,0.));
#656 = ( GEOMETRIC_REPRESENTATION_CONTEXT(2) 
PARAMETRIC_REPRESENTATION_CONTEXT() REPRESENTATION_CONTEXT('2D SPACE',''
  ) );
#657 = PCURVE('',#658,#663);
#658 = PLANE('',#659);
#659 = AXIS2_PLACEMENT_3D('',#660,#661,#662);
#660 = CARTESIAN_POINT('',(1.,0.,62.));
#661 = DIRECTION('',(-1.,0.,3.9E-16));
#662 = DIRECTION('',(3.9E-16,0.,1.));
#663 = DEFINITIONAL_REPRESENTATION('',(#664),#668);
#664 = LINE('',#665,#666);
#665 = CARTESIAN_POINT('',(-1.,-39.));
#666 = VECTOR('',#667,1.);
#667 = DIRECTION('',(-1.,0.));
#668 = ( GEOMETRIC_REPRESENTATION_CONTEXT(2) 
PARAMETRIC_REPRESENTATION_CONTEXT() REPRESENTATION_CONTEXT('2D SPACE',''
  ) );
#669 = ORIENTED_EDGE('',*,*,#670,.F.);
#670 = EDGE_CURVE('',#671,#643,#673,.T.);
#671 = VERTEX_POINT('',#672);
#672 = CARTESIAN_POINT('',(-36.,-39.,79.));
#673 = SURFACE_CURVE('',#674,(#678,#685),.PCURVE_S1.);
#674 = LINE('',#675,#676);
#675 = CARTESIAN_POINT('',(-16.78998803508,-39.,79.));
#676 = VECTOR('',#677,1.);
#677 = DIRECTION('',(1.,0.,0.));
#678 = PCURVE('',#215,#679);
#679 = DEFINITIONAL_REPRESENTATION('',(#680),#684);
#680 = LINE('',#681,#682);
#681 = CARTESIAN_POINT('',(19.,17.789988035087));
#682 = VECTOR('',#683,1.);
#683 = DIRECTION('',(3.9E-16,-1.));
#684 = ( GEOMETRIC_REPRESENTATION_CONTEXT(2) 
PARAMETRIC_REPRESENTATION_CONTEXT() REPRESENTATION_CONTEXT('2D SPACE',''
  ) );
#685 = PCURVE('',#686,#691);
#686 = PLANE('',#687);
#687 = AXIS2_PLACEMENT_3D('',#688,#689,#690);
#688 = CARTESIAN_POINT('',(-34.57997607017,-5.1E-15,79.));
#689 = DIRECTION('',(0.,0.,1.));
#690 = DIRECTION('',(1.,0.,-0.));
#691 = DEFINITIONAL_REPRESENTATION('',(#692),#696);
#692 = LINE('',#693,#694);
#693 = CARTESIAN_POINT('',(17.789988035087,-39.));
#694 = VECTOR('',#695,1.);
#695 = DIRECTION('',(1.,0.));
#696 = ( GEOMETRIC_REPRESENTATION_CONTEXT(2) 
PARAMETRIC_REPRESENTATION_CONTEXT() REPRESENTATION_CONTEXT('2D SPACE',''
  ) );
#697 = ORIENTED_EDGE('',*,*,#698,.F.);
#698 = EDGE_CURVE('',#567,#671,#699,.T.);
#699 = SURFACE_CURVE('',#700,(#704,#711),.PCURVE_S1.);
#700 = LINE('',#701,#702);
#701 = CARTESIAN_POINT('',(-36.,-39.,31.5));
#702 = VECTOR('',#703,1.);
#703 = DIRECTION('',(0.,0.,1.));
#704 = PCURVE('',#215,#705);
#705 = DEFINITIONAL_REPRESENTATION('',(#706),#710);
#706 = LINE('',#707,#708);
#707 = CARTESIAN_POINT('',(-28.5,37.));
#708 = VECTOR('',#709,1.);
#709 = DIRECTION('',(1.,3.9E-16));
#710 = ( GEOMETRIC_REPRESENTATION_CONTEXT(2) 
PARAMETRIC_REPRESENTATION_CONTEXT() REPRESENTATION_CONTEXT('2D SPACE',''
  ) );
#711 = PCURVE('',#603,#712);
#712 = DEFINITIONAL_REPRESENTATION('',(#713),#717);
#713 = LINE('',#714,#715);
#714 = CARTESIAN_POINT('',(6.,28.5));
#715 = VECTOR('',#716,1.);
#716 = DIRECTION('',(0.,1.));
#717 = ( GEOMETRIC_REPRESENTATION_CONTEXT(2) 
PARAMETRIC_REPRESENTATION_CONTEXT() REPRESENTATION_CONTEXT('2D SPACE',''
  ) );
#718 = ORIENTED_EDGE('',*,*,#566,.T.);
#719 = ORIENTED_EDGE('',*,*,#490,.T.);
#720 = ORIENTED_EDGE('',*,*,#721,.F.);
#721 = EDGE_CURVE('',#200,#468,#722,.T.);
#722 = SURFACE_CURVE('',#723,(#727,#734),.PCURVE_S1.);
#723 = LINE('',#724,#725);
#724 = CARTESIAN_POINT('',(1.,-39.,60.));
#725 = VECTOR('',#726,1.);
#726 = DIRECTION('',(-1.,0.,3.2E-16));
#727 = PCURVE('',#215,#728);
#728 = DEFINITIONAL_REPRESENTATION('',(#729),#733);
#729 = LINE('',#730,#731);
#730 = CARTESIAN_POINT('',(0.,0.));
#731 = VECTOR('',#732,1.);
#732 = DIRECTION('',(-7.E-17,1.));
#733 = ( GEOMETRIC_REPRESENTATION_CONTEXT(2) 
PARAMETRIC_REPRESENTATION_CONTEXT() REPRESENTATION_CONTEXT('2D SPACE',''
  ) );
#734 = PCURVE('',#241,#735);
#735 = DEFINITIONAL_REPRESENTATION('',(#736),#740);
#736 = LINE('',#737,#738);
#737 = CARTESIAN_POINT('',(6.,-4.253264911354E-31));
#738 = VECTOR('',#739,1.);
#739 = DIRECTION('',(8.288E-31,1.));
#740 = ( GEOMETRIC_REPRESENTATION_CONTEXT(2) 
PARAMETRIC_REPRESENTATION_CONTEXT() REPRESENTATION_CONTEXT('2D SPACE',''
  ) );
#741 = ADVANCED_FACE('',(#742),#126,.T.);
#742 = FACE_BOUND('',#743,.T.);
#743 = EDGE_LOOP('',(#744,#745,#766,#767));
#744 = ORIENTED_EDGE('',*,*,#112,.T.);
#745 = ORIENTED_EDGE('',*,*,#746,.T.);
#746 = EDGE_CURVE('',#85,#259,#747,.T.);
#747 = SURFACE_CURVE('',#748,(#752,#759),.PCURVE_S1.);
#748 = LINE('',#749,#750);
#749 = CARTESIAN_POINT('',(1.,33.,60.));
#750 = VECTOR('',#751,1.);
#751 = DIRECTION('',(-1.,0.,3.2E-16));
#752 = PCURVE('',#126,#753);
#753 = DEFINITIONAL_REPRESENTATION('',(#754),#758);
#754 = LINE('',#755,#756);
#755 = CARTESIAN_POINT('',(6.,-7.104E-31));
#756 = VECTOR('',#757,1.);
#757 = DIRECTION('',(1.184E-31,1.));
#758 = ( GEOMETRIC_REPRESENTATION_CONTEXT(2) 
PARAMETRIC_REPRESENTATION_CONTEXT() REPRESENTATION_CONTEXT('2D SPACE',''
  ) );
#759 = PCURVE('',#100,#760);
#760 = DEFINITIONAL_REPRESENTATION('',(#761),#765);
#761 = LINE('',#762,#763);
#762 = CARTESIAN_POINT('',(40.,57.));
#763 = VECTOR('',#764,1.);
#764 = DIRECTION('',(-1.,3.2E-16));
#765 = ( GEOMETRIC_REPRESENTATION_CONTEXT(2) 
PARAMETRIC_REPRESENTATION_CONTEXT() REPRESENTATION_CONTEXT('2D SPACE',''
  ) );
#766 = ORIENTED_EDGE('',*,*,#337,.T.);
#767 = ORIENTED_EDGE('',*,*,#768,.F.);
#768 = EDGE_CURVE('',#24,#315,#769,.T.);
#769 = SURFACE_CURVE('',#770,(#774,#781),.PCURVE_S1.);
#770 = LINE('',#771,#772);
#771 = CARTESIAN_POINT('',(1.,39.,60.));
#772 = VECTOR('',#773,1.);
#773 = DIRECTION('',(-1.,0.,3.2E-16));
#774 = PCURVE('',#126,#775);
#775 = DEFINITIONAL_REPRESENTATION('',(#776),#780);
#776 = LINE('',#777,#778);
#777 = CARTESIAN_POINT('',(0.,0.));
#778 = VECTOR('',#779,1.);
#779 = DIRECTION('',(1.184E-31,1.));
#780 = ( GEOMETRIC_REPRESENTATION_CONTEXT(2) 
PARAMETRIC_REPRESENTATION_CONTEXT() REPRESENTATION_CONTEXT('2D SPACE',''
  ) );
#781 = PCURVE('',#44,#782);
#782 = DEFINITIONAL_REPRESENTATION('',(#783),#787);
#783 = LINE('',#784,#785);
#784 = CARTESIAN_POINT('',(20.,1.936057773011E-16));
#785 = VECTOR('',#786,1.);
#786 = DIRECTION('',(7.E-17,1.));
#787 = ( GEOMETRIC_REPRESENTATION_CONTEXT(2) 
PARAMETRIC_REPRESENTATION_CONTEXT() REPRESENTATION_CONTEXT('2D SPACE',''
  ) );
#788 = ADVANCED_FACE('',(#789),#803,.F.);
#789 = FACE_BOUND('',#790,.F.);
#790 = EDGE_LOOP('',(#791,#821,#845,#873));
#791 = ORIENTED_EDGE('',*,*,#792,.F.);
#792 = EDGE_CURVE('',#793,#795,#797,.T.);
#793 = VERTEX_POINT('',#794);
#794 = CARTESIAN_POINT('',(-8.75,-33.,62.));
#795 = VERTEX_POINT('',#796);
#796 = CARTESIAN_POINT('',(-8.75,-33.,79.));
#797 = SURFACE_CURVE('',#798,(#802,#814),.PCURVE_S1.);
#798 = LINE('',#799,#800);
#799 = CARTESIAN_POINT('',(-8.75,-33.,32.5));
#800 = VECTOR('',#801,1.);
#801 = DIRECTION('',(3.9E-16,0.,1.));
#802 = PCURVE('',#803,#808);
#803 = CYLINDRICAL_SURFACE('',#804,9.75);
#804 = AXIS2_PLACEMENT_3D('',#805,#806,#807);
#805 = CARTESIAN_POINT('',(-8.75,-23.25,32.5));
#806 = DIRECTION('',(3.9E-16,0.,1.));
#807 = DIRECTION('',(0.707106781187,-0.707106781187,-2.757716446628E-16)
  );
#808 = DEFINITIONAL_REPRESENTATION('',(#809),#813);
#809 = LINE('',#810,#811);
#810 = CARTESIAN_POINT('',(-0.785398163397,0.));
#811 = VECTOR('',#812,1.);
#812 = DIRECTION('',(0.,1.));
#813 = ( GEOMETRIC_REPRESENTATION_CONTEXT(2) 
PARAMETRIC_REPRESENTATION_CONTEXT() REPRESENTATION_CONTEXT('2D SPACE',''
  ) );
#814 = PCURVE('',#164,#815);
#815 = DEFINITIONAL_REPRESENTATION('',(#816),#820);
#816 = LINE('',#817,#818);
#817 = CARTESIAN_POINT('',(-27.25,29.5));
#818 = VECTOR('',#819,1.);
#819 = DIRECTION('',(-3.9E-16,1.));
#820 = ( GEOMETRIC_REPRESENTATION_CONTEXT(2) 
PARAMETRIC_REPRESENTATION_CONTEXT() REPRESENTATION_CONTEXT('2D SPACE',''
  ) );
#821 = ORIENTED_EDGE('',*,*,#822,.F.);
#822 = EDGE_CURVE('',#823,#793,#825,.T.);
#823 = VERTEX_POINT('',#824);
#824 = CARTESIAN_POINT('',(1.,-23.25,62.));
#825 = SURFACE_CURVE('',#826,(#831,#838),.PCURVE_S1.);
#826 = CIRCLE('',#827,9.75);
#827 = AXIS2_PLACEMENT_3D('',#828,#829,#830);
#828 = CARTESIAN_POINT('',(-8.75,-23.25,62.));
#829 = DIRECTION('',(0.,0.,-1.));
#830 = DIRECTION('',(0.707106781187,-0.707106781187,0.));
#831 = PCURVE('',#803,#832);
#832 = DEFINITIONAL_REPRESENTATION('',(#833),#837);
#833 = LINE('',#834,#835);
#834 = CARTESIAN_POINT('',(6.28318530718,29.5));
#835 = VECTOR('',#836,1.);
#836 = DIRECTION('',(-1.,0.));
#837 = ( GEOMETRIC_REPRESENTATION_CONTEXT(2) 
PARAMETRIC_REPRESENTATION_CONTEXT() REPRESENTATION_CONTEXT('2D SPACE',''
  ) );
#838 = PCURVE('',#72,#839);
#839 = DEFINITIONAL_REPRESENTATION('',(#840),#844);
#840 = CIRCLE('',#841,9.75);
#841 = AXIS2_PLACEMENT_2D('',#842,#843);
#842 = CARTESIAN_POINT('',(15.75,-23.25));
#843 = DIRECTION('',(-0.707106781187,-0.707106781187));
#844 = ( GEOMETRIC_REPRESENTATION_CONTEXT(2) 
PARAMETRIC_REPRESENTATION_CONTEXT() REPRESENTATION_CONTEXT('2D SPACE',''
  ) );
#845 = ORIENTED_EDGE('',*,*,#846,.F.);
#846 = EDGE_CURVE('',#847,#823,#849,.T.);
#847 = VERTEX_POINT('',#848);
#848 = CARTESIAN_POINT('',(1.,-23.25,79.));
#849 = SURFACE_CURVE('',#850,(#854,#861),.PCURVE_S1.);
#850 = LINE('',#851,#852);
#851 = CARTESIAN_POINT('',(1.,-23.25,32.5));
#852 = VECTOR('',#853,1.);
#853 = DIRECTION('',(-3.9E-16,0.,-1.));
#854 = PCURVE('',#803,#855);
#855 = DEFINITIONAL_REPRESENTATION('',(#856),#860);
#856 = LINE('',#857,#858);
#857 = CARTESIAN_POINT('',(0.785398163397,0.));
#858 = VECTOR('',#859,1.);
#859 = DIRECTION('',(0.,-1.));
#860 = ( GEOMETRIC_REPRESENTATION_CONTEXT(2) 
PARAMETRIC_REPRESENTATION_CONTEXT() REPRESENTATION_CONTEXT('2D SPACE',''
  ) );
#861 = PCURVE('',#862,#867);
#862 = PLANE('',#863);
#863 = AXIS2_PLACEMENT_3D('',#864,#865,#866);
#864 = CARTESIAN_POINT('',(1.,0.,62.));
#865 = DIRECTION('',(-1.,0.,3.9E-16));
#866 = DIRECTION('',(3.9E-16,0.,1.));
#867 = DEFINITIONAL_REPRESENTATION('',(#868),#872);
#868 = LINE('',#869,#870);
#869 = CARTESIAN_POINT('',(-29.5,-23.25));
#870 = VECTOR('',#871,1.);
#871 = DIRECTION('',(-1.,0.));
#872 = ( GEOMETRIC_REPRESENTATION_CONTEXT(2) 
PARAMETRIC_REPRESENTATION_CONTEXT() REPRESENTATION_CONTEXT('2D SPACE',''
  ) );
#873 = ORIENTED_EDGE('',*,*,#874,.T.);
#874 = EDGE_CURVE('',#847,#795,#875,.T.);
#875 = SURFACE_CURVE('',#876,(#881,#888),.PCURVE_S1.);
#876 = CIRCLE('',#877,9.75);
#877 = AXIS2_PLACEMENT_3D('',#878,#879,#880);
#878 = CARTESIAN_POINT('',(-8.75,-23.25,79.));
#879 = DIRECTION('',(0.,0.,-1.));
#880 = DIRECTION('',(0.707106781187,-0.707106781187,0.));
#881 = PCURVE('',#803,#882);
#882 = DEFINITIONAL_REPRESENTATION('',(#883),#887);
#883 = LINE('',#884,#885);
#884 = CARTESIAN_POINT('',(6.28318530718,46.5));
#885 = VECTOR('',#886,1.);
#886 = DIRECTION('',(-1.,0.));
#887 = ( GEOMETRIC_REPRESENTATION_CONTEXT(2) 
PARAMETRIC_REPRESENTATION_CONTEXT() REPRESENTATION_CONTEXT('2D SPACE',''
  ) );
#888 = PCURVE('',#889,#894);
#889 = PLANE('',#890);
#890 = AXIS2_PLACEMENT_3D('',#891,#892,#893);
#891 = CARTESIAN_POINT('',(-34.57997607017,-5.1E-15,79.));
#892 = DIRECTION('',(0.,0.,1.));
#893 = DIRECTION('',(1.,0.,-0.));
#894 = DEFINITIONAL_REPRESENTATION('',(#895),#903);
#895 = ( BOUNDED_CURVE() B_SPLINE_CURVE(2,(#896,#897,#898,#899,#900,#901
,#902),.UNSPECIFIED.,.T.,.F.) B_SPLINE_CURVE_WITH_KNOTS((1,2,2,2,2,1),(
    -2.094395102393,0.,2.094395102393,4.188790204786,6.28318530718,
8.377580409573),.UNSPECIFIED.) CURVE() GEOMETRIC_REPRESENTATION_ITEM() 
RATIONAL_B_SPLINE_CURVE((1.,0.5,1.,0.5,1.,0.5,1.)) REPRESENTATION_ITEM(
  '') );
#896 = CARTESIAN_POINT('',(32.724267186743,-30.14429111656));
#897 = CARTESIAN_POINT('',(20.783004690675,-42.08555361263));
#898 = CARTESIAN_POINT('',(16.412199263856,-25.77348568975));
#899 = CARTESIAN_POINT('',(12.041393837037,-9.461417766862));
#900 = CARTESIAN_POINT('',(28.353461759924,-13.83222319368));
#901 = CARTESIAN_POINT('',(44.665529682811,-18.2030286205));
#902 = CARTESIAN_POINT('',(32.724267186743,-30.14429111656));
#903 = ( GEOMETRIC_REPRESENTATION_CONTEXT(2) 
PARAMETRIC_REPRESENTATION_CONTEXT() REPRESENTATION_CONTEXT('2D SPACE',''
  ) );
#904 = ADVANCED_FACE('',(#905,#1021,#1137,#1168,#1199,#1230,#1261),#889,
  .F.);
#905 = FACE_BOUND('',#906,.T.);
#906 = EDGE_LOOP('',(#907,#938,#966,#995));
#907 = ORIENTED_EDGE('',*,*,#908,.T.);
#908 = EDGE_CURVE('',#909,#911,#913,.T.);
#909 = VERTEX_POINT('',#910);
#910 = CARTESIAN_POINT('',(-5.,17.5,79.));
#911 = VERTEX_POINT('',#912);
#912 = CARTESIAN_POINT('',(-5.,22.5,79.));
#913 = SURFACE_CURVE('',#914,(#919,#926),.PCURVE_S1.);
#914 = CIRCLE('',#915,2.5);
#915 = AXIS2_PLACEMENT_3D('',#916,#917,#918);
#916 = CARTESIAN_POINT('',(-5.,20.,79.));
#917 = DIRECTION('',(0.,0.,1.));
#918 = DIRECTION('',(0.,-1.,0.));
#919 = PCURVE('',#889,#920);
#920 = DEFINITIONAL_REPRESENTATION('',(#921),#925);
#921 = CIRCLE('',#922,2.5);
#922 = AXIS2_PLACEMENT_2D('',#923,#924);
#923 = CARTESIAN_POINT('',(29.579976070174,20.));
#924 = DIRECTION('',(0.,-1.));
#925 = ( GEOMETRIC_REPRESENTATION_CONTEXT(2) 
PARAMETRIC_REPRESENTATION_CONTEXT() REPRESENTATION_CONTEXT('2D SPACE',''
  ) );
#926 = PCURVE('',#927,#932);
#927 = CYLINDRICAL_SURFACE('',#928,2.5);
#928 = AXIS2_PLACEMENT_3D('',#929,#930,#931);
#929 = CARTESIAN_POINT('',(-5.,20.,82.));
#930 = DIRECTION('',(0.,0.,-1.));
#931 = DIRECTION('',(0.,-1.,0.));
#932 = DEFINITIONAL_REPRESENTATION('',(#933),#937);
#933 = LINE('',#934,#935);
#934 = CARTESIAN_POINT('',(6.28318530718,3.));
#935 = VECTOR('',#936,1.);
#936 = DIRECTION('',(-1.,0.));
#937 = ( GEOMETRIC_REPRESENTATION_CONTEXT(2) 
PARAMETRIC_REPRESENTATION_CONTEXT() REPRESENTATION_CONTEXT('2D SPACE',''
  ) );
#938 = ORIENTED_EDGE('',*,*,#939,.T.);
#939 = EDGE_CURVE('',#911,#940,#942,.T.);
#940 = VERTEX_POINT('',#941);
#941 = CARTESIAN_POINT('',(-70.,22.5,79.));
#942 = SURFACE_CURVE('',#943,(#947,#954),.PCURVE_S1.);
#943 = LINE('',#944,#945);
#944 = CARTESIAN_POINT('',(-52.28998803508,22.5,79.));
#945 = VECTOR('',#946,1.);
#946 = DIRECTION('',(-1.,-2.E-16,0.));
#947 = PCURVE('',#889,#948);
#948 = DEFINITIONAL_REPRESENTATION('',(#949),#953);
#949 = LINE('',#950,#951);
#950 = CARTESIAN_POINT('',(-17.71001196491,22.5));
#951 = VECTOR('',#952,1.);
#952 = DIRECTION('',(-1.,-2.E-16));
#953 = ( GEOMETRIC_REPRESENTATION_CONTEXT(2) 
PARAMETRIC_REPRESENTATION_CONTEXT() REPRESENTATION_CONTEXT('2D SPACE',''
  ) );
#954 = PCURVE('',#955,#960);
#955 = PLANE('',#956);
#956 = AXIS2_PLACEMENT_3D('',#957,#958,#959);
#957 = CARTESIAN_POINT('',(-70.,22.5,82.));
#958 = DIRECTION('',(-2.E-16,1.,0.));
#959 = DIRECTION('',(1.,2.E-16,0.));
#960 = DEFINITIONAL_REPRESENTATION('',(#961),#965);
#961 = LINE('',#962,#963);
#962 = CARTESIAN_POINT('',(17.710011964913,3.));
#963 = VECTOR('',#964,1.);
#964 = DIRECTION('',(-1.,-0.));
#965 = ( GEOMETRIC_REPRESENTATION_CONTEXT(2) 
PARAMETRIC_REPRESENTATION_CONTEXT() REPRESENTATION_CONTEXT('2D SPACE',''
  ) );
#966 = ORIENTED_EDGE('',*,*,#967,.T.);
#967 = EDGE_CURVE('',#940,#968,#970,.T.);
#968 = VERTEX_POINT('',#969);
#969 = CARTESIAN_POINT('',(-70.,17.5,79.));
#970 = SURFACE_CURVE('',#971,(#976,#983),.PCURVE_S1.);
#971 = CIRCLE('',#972,2.5);
#972 = AXIS2_PLACEMENT_3D('',#973,#974,#975);
#973 = CARTESIAN_POINT('',(-70.,20.,79.));
#974 = DIRECTION('',(0.,-0.,1.));
#975 = DIRECTION('',(0.,1.,0.));
#976 = PCURVE('',#889,#977);
#977 = DEFINITIONAL_REPRESENTATION('',(#978),#982);
#978 = CIRCLE('',#979,2.5);
#979 = AXIS2_PLACEMENT_2D('',#980,#981);
#980 = CARTESIAN_POINT('',(-35.42002392982,20.));
#981 = DIRECTION('',(0.,1.));
#982 = ( GEOMETRIC_REPRESENTATION_CONTEXT(2) 
PARAMETRIC_REPRESENTATION_CONTEXT() REPRESENTATION_CONTEXT('2D SPACE',''
  ) );
#983 = PCURVE('',#984,#989);
#984 = CYLINDRICAL_SURFACE('',#985,2.5);
#985 = AXIS2_PLACEMENT_3D('',#986,#987,#988);
#986 = CARTESIAN_POINT('',(-70.,20.,82.));
#987 = DIRECTION('',(0.,0.,-1.));
#988 = DIRECTION('',(0.,1.,0.));
#989 = DEFINITIONAL_REPRESENTATION('',(#990),#994);
#990 = LINE('',#991,#992);
#991 = CARTESIAN_POINT('',(6.28318530718,3.));
#992 = VECTOR('',#993,1.);
#993 = DIRECTION('',(-1.,0.));
#994 = ( GEOMETRIC_REPRESENTATION_CONTEXT(2) 
PARAMETRIC_REPRESENTATION_CONTEXT() REPRESENTATION_CONTEXT('2D SPACE',''
  ) );
#995 = ORIENTED_EDGE('',*,*,#996,.T.);
#996 = EDGE_CURVE('',#968,#909,#997,.T.);
#997 = SURFACE_CURVE('',#998,(#1002,#1009),.PCURVE_S1.);
#998 = LINE('',#999,#1000);
#999 = CARTESIAN_POINT('',(-19.78998803508,17.5,79.));
#1000 = VECTOR('',#1001,1.);
#1001 = DIRECTION('',(1.,1.7E-16,0.));
#1002 = PCURVE('',#889,#1003);
#1003 = DEFINITIONAL_REPRESENTATION('',(#1004),#1008);
#1004 = LINE('',#1005,#1006);
#1005 = CARTESIAN_POINT('',(14.789988035087,17.5));
#1006 = VECTOR('',#1007,1.);
#1007 = DIRECTION('',(1.,1.7E-16));
#1008 = ( GEOMETRIC_REPRESENTATION_CONTEXT(2) 
PARAMETRIC_REPRESENTATION_CONTEXT() REPRESENTATION_CONTEXT('2D SPACE',''
  ) );
#1009 = PCURVE('',#1010,#1015);
#1010 = PLANE('',#1011);
#1011 = AXIS2_PLACEMENT_3D('',#1012,#1013,#1014);
#1012 = CARTESIAN_POINT('',(-5.,17.5,82.));
#1013 = DIRECTION('',(1.7E-16,-1.,0.));
#1014 = DIRECTION('',(-1.,-1.7E-16,0.));
#1015 = DEFINITIONAL_REPRESENTATION('',(#1016),#1020);
#1016 = LINE('',#1017,#1018);
#1017 = CARTESIAN_POINT('',(14.789988035087,3.));
#1018 = VECTOR('',#1019,1.);
#1019 = DIRECTION('',(-1.,0.));
#1020 = ( GEOMETRIC_REPRESENTATION_CONTEXT(2) 
PARAMETRIC_REPRESENTATION_CONTEXT() REPRESENTATION_CONTEXT('2D SPACE',''
  ) );
#1021 = FACE_BOUND('',#1022,.T.);
#1022 = EDGE_LOOP('',(#1023,#1054,#1082,#1111));
#1023 = ORIENTED_EDGE('',*,*,#1024,.T.);
#1024 = EDGE_CURVE('',#1025,#1027,#1029,.T.);
#1025 = VERTEX_POINT('',#1026);
#1026 = CARTESIAN_POINT('',(-70.,-20.5,79.));
#1027 = VERTEX_POINT('',#1028);
#1028 = CARTESIAN_POINT('',(-70.,-25.5,79.));
#1029 = SURFACE_CURVE('',#1030,(#1035,#1042),.PCURVE_S1.);
#1030 = CIRCLE('',#1031,2.5);
#1031 = AXIS2_PLACEMENT_3D('',#1032,#1033,#1034);
#1032 = CARTESIAN_POINT('',(-70.,-23.,79.));
#1033 = DIRECTION('',(0.,0.,1.));
#1034 = DIRECTION('',(0.,-1.,0.));
#1035 = PCURVE('',#889,#1036);
#1036 = DEFINITIONAL_REPRESENTATION('',(#1037),#1041);
#1037 = CIRCLE('',#1038,2.5);
#1038 = AXIS2_PLACEMENT_2D('',#1039,#1040);
#1039 = CARTESIAN_POINT('',(-35.42002392982,-23.));
#1040 = DIRECTION('',(0.,-1.));
#1041 = ( GEOMETRIC_REPRESENTATION_CONTEXT(2) 
PARAMETRIC_REPRESENTATION_CONTEXT() REPRESENTATION_CONTEXT('2D SPACE',''
  ) );
#1042 = PCURVE('',#1043,#1048);
#1043 = CYLINDRICAL_SURFACE('',#1044,2.5);
#1044 = AXIS2_PLACEMENT_3D('',#1045,#1046,#1047);
#1045 = CARTESIAN_POINT('',(-70.,-23.,82.));
#1046 = DIRECTION('',(0.,0.,-1.));
#1047 = DIRECTION('',(0.,-1.,0.));
#1048 = DEFINITIONAL_REPRESENTATION('',(#1049),#1053);
#1049 = LINE('',#1050,#1051);
#1050 = CARTESIAN_POINT('',(6.28318530718,3.));
#1051 = VECTOR('',#1052,1.);
#1052 = DIRECTION('',(-1.,0.));
#1053 = ( GEOMETRIC_REPRESENTATION_CONTEXT(2) 
PARAMETRIC_REPRESENTATION_CONTEXT() REPRESENTATION_CONTEXT('2D SPACE',''
  ) );
#1054 = ORIENTED_EDGE('',*,*,#1055,.T.);
#1055 = EDGE_CURVE('',#1027,#1056,#1058,.T.);
#1056 = VERTEX_POINT('',#1057);
#1057 = CARTESIAN_POINT('',(-5.,-25.5,79.));
#1058 = SURFACE_CURVE('',#1059,(#1063,#1070),.PCURVE_S1.);
#1059 = LINE('',#1060,#1061);
#1060 = CARTESIAN_POINT('',(-19.78998803508,-25.5,79.));
#1061 = VECTOR('',#1062,1.);
#1062 = DIRECTION('',(1.,1.4E-16,0.));
#1063 = PCURVE('',#889,#1064);
#1064 = DEFINITIONAL_REPRESENTATION('',(#1065),#1069);
#1065 = LINE('',#1066,#1067);
#1066 = CARTESIAN_POINT('',(14.789988035087,-25.5));
#1067 = VECTOR('',#1068,1.);
#1068 = DIRECTION('',(1.,1.4E-16));
#1069 = ( GEOMETRIC_REPRESENTATION_CONTEXT(2) 
PARAMETRIC_REPRESENTATION_CONTEXT() REPRESENTATION_CONTEXT('2D SPACE',''
  ) );
#1070 = PCURVE('',#1071,#1076);
#1071 = PLANE('',#1072);
#1072 = AXIS2_PLACEMENT_3D('',#1073,#1074,#1075);
#1073 = CARTESIAN_POINT('',(-5.,-25.5,82.));
#1074 = DIRECTION('',(1.4E-16,-1.,0.));
#1075 = DIRECTION('',(-1.,-1.4E-16,0.));
#1076 = DEFINITIONAL_REPRESENTATION('',(#1077),#1081);
#1077 = LINE('',#1078,#1079);
#1078 = CARTESIAN_POINT('',(14.789988035087,3.));
#1079 = VECTOR('',#1080,1.);
#1080 = DIRECTION('',(-1.,0.));
#1081 = ( GEOMETRIC_REPRESENTATION_CONTEXT(2) 
PARAMETRIC_REPRESENTATION_CONTEXT() REPRESENTATION_CONTEXT('2D SPACE',''
  ) );
#1082 = ORIENTED_EDGE('',*,*,#1083,.T.);
#1083 = EDGE_CURVE('',#1056,#1084,#1086,.T.);
#1084 = VERTEX_POINT('',#1085);
#1085 = CARTESIAN_POINT('',(-5.,-20.5,79.));
#1086 = SURFACE_CURVE('',#1087,(#1092,#1099),.PCURVE_S1.);
#1087 = CIRCLE('',#1088,2.5);
#1088 = AXIS2_PLACEMENT_3D('',#1089,#1090,#1091);
#1089 = CARTESIAN_POINT('',(-5.,-23.,79.));
#1090 = DIRECTION('',(0.,-0.,1.));
#1091 = DIRECTION('',(0.,1.,0.));
#1092 = PCURVE('',#889,#1093);
#1093 = DEFINITIONAL_REPRESENTATION('',(#1094),#1098);
#1094 = CIRCLE('',#1095,2.5);
#1095 = AXIS2_PLACEMENT_2D('',#1096,#1097);
#1096 = CARTESIAN_POINT('',(29.579976070174,-23.));
#1097 = DIRECTION('',(0.,1.));
#1098 = ( GEOMETRIC_REPRESENTATION_CONTEXT(2) 
PARAMETRIC_REPRESENTATION_CONTEXT() REPRESENTATION_CONTEXT('2D SPACE',''
  ) );
#1099 = PCURVE('',#1100,#1105);
#1100 = CYLINDRICAL_SURFACE('',#1101,2.5);
#1101 = AXIS2_PLACEMENT_3D('',#1102,#1103,#1104);
#1102 = CARTESIAN_POINT('',(-5.,-23.,82.));
#1103 = DIRECTION('',(0.,0.,-1.));
#1104 = DIRECTION('',(0.,1.,0.));
#1105 = DEFINITIONAL_REPRESENTATION('',(#1106),#1110);
#1106 = LINE('',#1107,#1108);
#1107 = CARTESIAN_POINT('',(6.28318530718,3.));
#1108 = VECTOR('',#1109,1.);
#1109 = DIRECTION('',(-1.,0.));
#1110 = ( GEOMETRIC_REPRESENTATION_CONTEXT(2) 
PARAMETRIC_REPRESENTATION_CONTEXT() REPRESENTATION_CONTEXT('2D SPACE',''
  ) );
#1111 = ORIENTED_EDGE('',*,*,#1112,.T.);
#1112 = EDGE_CURVE('',#1084,#1025,#1113,.T.);
#1113 = SURFACE_CURVE('',#1114,(#1118,#1125),.PCURVE_S1.);
#1114 = LINE('',#1115,#1116);
#1115 = CARTESIAN_POINT('',(-52.28998803508,-20.5,79.));
#1116 = VECTOR('',#1117,1.);
#1117 = DIRECTION('',(-1.,-7.E-17,0.));
#1118 = PCURVE('',#889,#1119);
#1119 = DEFINITIONAL_REPRESENTATION('',(#1120),#1124);
#1120 = LINE('',#1121,#1122);
#1121 = CARTESIAN_POINT('',(-17.71001196491,-20.5));
#1122 = VECTOR('',#1123,1.);
#1123 = DIRECTION('',(-1.,-7.E-17));
#1124 = ( GEOMETRIC_REPRESENTATION_CONTEXT(2) 
PARAMETRIC_REPRESENTATION_CONTEXT() REPRESENTATION_CONTEXT('2D SPACE',''
  ) );
#1125 = PCURVE('',#1126,#1131);
#1126 = PLANE('',#1127);
#1127 = AXIS2_PLACEMENT_3D('',#1128,#1129,#1130);
#1128 = CARTESIAN_POINT('',(-70.,-20.5,82.));
#1129 = DIRECTION('',(-7.E-17,1.,0.));
#1130 = DIRECTION('',(1.,7.E-17,0.));
#1131 = DEFINITIONAL_REPRESENTATION('',(#1132),#1136);
#1132 = LINE('',#1133,#1134);
#1133 = CARTESIAN_POINT('',(17.710011964913,3.));
#1134 = VECTOR('',#1135,1.);
#1135 = DIRECTION('',(-1.,-0.));
#1136 = ( GEOMETRIC_REPRESENTATION_CONTEXT(2) 
PARAMETRIC_REPRESENTATION_CONTEXT() REPRESENTATION_CONTEXT('2D SPACE',''
  ) );
#1137 = FACE_BOUND('',#1138,.T.);
#1138 = EDGE_LOOP('',(#1139));
#1139 = ORIENTED_EDGE('',*,*,#1140,.T.);
#1140 = EDGE_CURVE('',#1141,#1141,#1143,.T.);
#1141 = VERTEX_POINT('',#1142);
#1142 = CARTESIAN_POINT('',(-72.7,-28.5,79.));
#1143 = SURFACE_CURVE('',#1144,(#1149,#1156),.PCURVE_S1.);
#1144 = CIRCLE('',#1145,1.7);
#1145 = AXIS2_PLACEMENT_3D('',#1146,#1147,#1148);
#1146 = CARTESIAN_POINT('',(-71.,-28.5,79.));
#1147 = DIRECTION('',(0.,0.,1.));
#1148 = DIRECTION('',(-1.,0.,0.));
#1149 = PCURVE('',#889,#1150);
#1150 = DEFINITIONAL_REPRESENTATION('',(#1151),#1155);
#1151 = CIRCLE('',#1152,1.7);
#1152 = AXIS2_PLACEMENT_2D('',#1153,#1154);
#1153 = CARTESIAN_POINT('',(-36.42002392982,-28.5));
#1154 = DIRECTION('',(-1.,0.));
#1155 = ( GEOMETRIC_REPRESENTATION_CONTEXT(2) 
PARAMETRIC_REPRESENTATION_CONTEXT() REPRESENTATION_CONTEXT('2D SPACE',''
  ) );
#1156 = PCURVE('',#1157,#1162);
#1157 = CYLINDRICAL_SURFACE('',#1158,1.7);
#1158 = AXIS2_PLACEMENT_3D('',#1159,#1160,#1161);
#1159 = CARTESIAN_POINT('',(-71.,-28.5,83.));
#1160 = DIRECTION('',(0.,0.,-1.));
#1161 = DIRECTION('',(-1.,0.,0.));
#1162 = DEFINITIONAL_REPRESENTATION('',(#1163),#1167);
#1163 = LINE('',#1164,#1165);
#1164 = CARTESIAN_POINT('',(6.28318530718,4.));
#1165 = VECTOR('',#1166,1.);
#1166 = DIRECTION('',(-1.,0.));
#1167 = ( GEOMETRIC_REPRESENTATION_CONTEXT(2) 
PARAMETRIC_REPRESENTATION_CONTEXT() REPRESENTATION_CONTEXT('2D SPACE',''
  ) );
#1168 = FACE_BOUND('',#1169,.T.);
#1169 = EDGE_LOOP('',(#1170));
#1170 = ORIENTED_EDGE('',*,*,#1171,.T.);
#1171 = EDGE_CURVE('',#1172,#1172,#1174,.T.);
#1172 = VERTEX_POINT('',#1173);
#1173 = CARTESIAN_POINT('',(-72.7,25.5,79.));
#1174 = SURFACE_CURVE('',#1175,(#1180,#1187),.PCURVE_S1.);
#1175 = CIRCLE('',#1176,1.7);
#1176 = AXIS2_PLACEMENT_3D('',#1177,#1178,#1179);
#1177 = CARTESIAN_POINT('',(-71.,25.5,79.));
#1178 = DIRECTION('',(0.,0.,1.));
#1179 = DIRECTION('',(-1.,0.,0.));
#1180 = PCURVE('',#889,#1181);
#1181 = DEFINITIONAL_REPRESENTATION('',(#1182),#1186);
#1182 = CIRCLE('',#1183,1.7);
#1183 = AXIS2_PLACEMENT_2D('',#1184,#1185);
#1184 = CARTESIAN_POINT('',(-36.42002392982,25.5));
#1185 = DIRECTION('',(-1.,0.));
#1186 = ( GEOMETRIC_REPRESENTATION_CONTEXT(2) 
PARAMETRIC_REPRESENTATION_CONTEXT() REPRESENTATION_CONTEXT('2D SPACE',''
  ) );
#1187 = PCURVE('',#1188,#1193);
#1188 = CYLINDRICAL_SURFACE('',#1189,1.7);
#1189 = AXIS2_PLACEMENT_3D('',#1190,#1191,#1192);
#1190 = CARTESIAN_POINT('',(-71.,25.5,83.));
#1191 = DIRECTION('',(0.,0.,-1.));
#1192 = DIRECTION('',(-1.,0.,0.));
#1193 = DEFINITIONAL_REPRESENTATION('',(#1194),#1198);
#1194 = LINE('',#1195,#1196);
#1195 = CARTESIAN_POINT('',(6.28318530718,4.));
#1196 = VECTOR('',#1197,1.);
#1197 = DIRECTION('',(-1.,0.));
#1198 = ( GEOMETRIC_REPRESENTATION_CONTEXT(2) 
PARAMETRIC_REPRESENTATION_CONTEXT() REPRESENTATION_CONTEXT('2D SPACE',''
  ) );
#1199 = FACE_BOUND('',#1200,.T.);
#1200 = EDGE_LOOP('',(#1201));
#1201 = ORIENTED_EDGE('',*,*,#1202,.T.);
#1202 = EDGE_CURVE('',#1203,#1203,#1205,.T.);
#1203 = VERTEX_POINT('',#1204);
#1204 = CARTESIAN_POINT('',(-42.7,25.5,79.));
#1205 = SURFACE_CURVE('',#1206,(#1211,#1218),.PCURVE_S1.);
#1206 = CIRCLE('',#1207,1.7);
#1207 = AXIS2_PLACEMENT_3D('',#1208,#1209,#1210);
#1208 = CARTESIAN_POINT('',(-41.,25.5,79.));
#1209 = DIRECTION('',(0.,0.,1.));
#1210 = DIRECTION('',(-1.,0.,0.));
#1211 = PCURVE('',#889,#1212);
#1212 = DEFINITIONAL_REPRESENTATION('',(#1213),#1217);
#1213 = CIRCLE('',#1214,1.7);
#1214 = AXIS2_PLACEMENT_2D('',#1215,#1216);
#1215 = CARTESIAN_POINT('',(-6.420023929826,25.5));
#1216 = DIRECTION('',(-1.,0.));
#1217 = ( GEOMETRIC_REPRESENTATION_CONTEXT(2) 
PARAMETRIC_REPRESENTATION_CONTEXT() REPRESENTATION_CONTEXT('2D SPACE',''
  ) );
#1218 = PCURVE('',#1219,#1224);
#1219 = CYLINDRICAL_SURFACE('',#1220,1.7);
#1220 = AXIS2_PLACEMENT_3D('',#1221,#1222,#1223);
#1221 = CARTESIAN_POINT('',(-41.,25.5,83.));
#1222 = DIRECTION('',(0.,0.,-1.));
#1223 = DIRECTION('',(-1.,0.,0.));
#1224 = DEFINITIONAL_REPRESENTATION('',(#1225),#1229);
#1225 = LINE('',#1226,#1227);
#1226 = CARTESIAN_POINT('',(6.28318530718,4.));
#1227 = VECTOR('',#1228,1.);
#1228 = DIRECTION('',(-1.,0.));
#1229 = ( GEOMETRIC_REPRESENTATION_CONTEXT(2) 
PARAMETRIC_REPRESENTATION_CONTEXT() REPRESENTATION_CONTEXT('2D SPACE',''
  ) );
#1230 = FACE_BOUND('',#1231,.T.);
#1231 = EDGE_LOOP('',(#1232));
#1232 = ORIENTED_EDGE('',*,*,#1233,.T.);
#1233 = EDGE_CURVE('',#1234,#1234,#1236,.T.);
#1234 = VERTEX_POINT('',#1235);
#1235 = CARTESIAN_POINT('',(-42.7,-28.5,79.));
#1236 = SURFACE_CURVE('',#1237,(#1242,#1249),.PCURVE_S1.);
#1237 = CIRCLE('',#1238,1.7);
#1238 = AXIS2_PLACEMENT_3D('',#1239,#1240,#1241);
#1239 = CARTESIAN_POINT('',(-41.,-28.5,79.));
#1240 = DIRECTION('',(0.,0.,1.));
#1241 = DIRECTION('',(-1.,0.,0.));
#1242 = PCURVE('',#889,#1243);
#1243 = DEFINITIONAL_REPRESENTATION('',(#1244),#1248);
#1244 = CIRCLE('',#1245,1.7);
#1245 = AXIS2_PLACEMENT_2D('',#1246,#1247);
#1246 = CARTESIAN_POINT('',(-6.420023929826,-28.5));
#1247 = DIRECTION('',(-1.,0.));
#1248 = ( GEOMETRIC_REPRESENTATION_CONTEXT(2) 
PARAMETRIC_REPRESENTATION_CONTEXT() REPRESENTATION_CONTEXT('2D SPACE',''
  ) );
#1249 = PCURVE('',#1250,#1255);
#1250 = CYLINDRICAL_SURFACE('',#1251,1.7);
#1251 = AXIS2_PLACEMENT_3D('',#1252,#1253,#1254);
#1252 = CARTESIAN_POINT('',(-41.,-28.5,83.));
#1253 = DIRECTION('',(0.,0.,-1.));
#1254 = DIRECTION('',(-1.,0.,0.));
#1255 = DEFINITIONAL_REPRESENTATION('',(#1256),#1260);
#1256 = LINE('',#1257,#1258);
#1257 = CARTESIAN_POINT('',(6.28318530718,4.));
#1258 = VECTOR('',#1259,1.);
#1259 = DIRECTION('',(-1.,0.));
#1260 = ( GEOMETRIC_REPRESENTATION_CONTEXT(2) 
PARAMETRIC_REPRESENTATION_CONTEXT() REPRESENTATION_CONTEXT('2D SPACE',''
  ) );
#1261 = FACE_BOUND('',#1262,.T.);
#1262 = EDGE_LOOP('',(#1263,#1264,#1287,#1315,#1343,#1372,#1400,#1429,
    #1457,#1485,#1508,#1541));
#1263 = ORIENTED_EDGE('',*,*,#874,.T.);
#1264 = ORIENTED_EDGE('',*,*,#1265,.T.);
#1265 = EDGE_CURVE('',#795,#1266,#1268,.T.);
#1266 = VERTEX_POINT('',#1267);
#1267 = CARTESIAN_POINT('',(-57.,-33.,79.));
#1268 = SURFACE_CURVE('',#1269,(#1273,#1280),.PCURVE_S1.);
#1269 = LINE('',#1270,#1271);
#1270 = CARTESIAN_POINT('',(-16.78998803508,-33.,79.));
#1271 = VECTOR('',#1272,1.);
#1272 = DIRECTION('',(-1.,-0.,0.));
#1273 = PCURVE('',#889,#1274);
#1274 = DEFINITIONAL_REPRESENTATION('',(#1275),#1279);
#1275 = LINE('',#1276,#1277);
#1276 = CARTESIAN_POINT('',(17.789988035087,-33.));
#1277 = VECTOR('',#1278,1.);
#1278 = DIRECTION('',(-1.,0.));
#1279 = ( GEOMETRIC_REPRESENTATION_CONTEXT(2) 
PARAMETRIC_REPRESENTATION_CONTEXT() REPRESENTATION_CONTEXT('2D SPACE',''
  ) );
#1280 = PCURVE('',#164,#1281);
#1281 = DEFINITIONAL_REPRESENTATION('',(#1282),#1286);
#1282 = LINE('',#1283,#1284);
#1283 = CARTESIAN_POINT('',(-19.21001196491,76.));
#1284 = VECTOR('',#1285,1.);
#1285 = DIRECTION('',(1.,0.));
#1286 = ( GEOMETRIC_REPRESENTATION_CONTEXT(2) 
PARAMETRIC_REPRESENTATION_CONTEXT() REPRESENTATION_CONTEXT('2D SPACE',''
  ) );
#1287 = ORIENTED_EDGE('',*,*,#1288,.T.);
#1288 = EDGE_CURVE('',#1266,#1289,#1291,.T.);
#1289 = VERTEX_POINT('',#1290);
#1290 = CARTESIAN_POINT('',(-57.,-45.,79.));
#1291 = SURFACE_CURVE('',#1292,(#1296,#1303),.PCURVE_S1.);
#1292 = LINE('',#1293,#1294);
#1293 = CARTESIAN_POINT('',(-57.,-45.,79.));
#1294 = VECTOR('',#1295,1.);
#1295 = DIRECTION('',(0.,-1.,0.));
#1296 = PCURVE('',#889,#1297);
#1297 = DEFINITIONAL_REPRESENTATION('',(#1298),#1302);
#1298 = LINE('',#1299,#1300);
#1299 = CARTESIAN_POINT('',(-22.42002392982,-45.));
#1300 = VECTOR('',#1301,1.);
#1301 = DIRECTION('',(0.,-1.));
#1302 = ( GEOMETRIC_REPRESENTATION_CONTEXT(2) 
PARAMETRIC_REPRESENTATION_CONTEXT() REPRESENTATION_CONTEXT('2D SPACE',''
  ) );
#1303 = PCURVE('',#1304,#1309);
#1304 = PLANE('',#1305);
#1305 = AXIS2_PLACEMENT_3D('',#1306,#1307,#1308);
#1306 = CARTESIAN_POINT('',(-57.,-33.,3.));
#1307 = DIRECTION('',(-1.,0.,0.));
#1308 = DIRECTION('',(0.,-1.,0.));
#1309 = DEFINITIONAL_REPRESENTATION('',(#1310),#1314);
#1310 = LINE('',#1311,#1312);
#1311 = CARTESIAN_POINT('',(12.,76.));
#1312 = VECTOR('',#1313,1.);
#1313 = DIRECTION('',(1.,0.));
#1314 = ( GEOMETRIC_REPRESENTATION_CONTEXT(2) 
PARAMETRIC_REPRESENTATION_CONTEXT() REPRESENTATION_CONTEXT('2D SPACE',''
  ) );
#1315 = ORIENTED_EDGE('',*,*,#1316,.F.);
#1316 = EDGE_CURVE('',#1317,#1289,#1319,.T.);
#1317 = VERTEX_POINT('',#1318);
#1318 = CARTESIAN_POINT('',(-64.,-45.,79.));
#1319 = SURFACE_CURVE('',#1320,(#1324,#1331),.PCURVE_S1.);
#1320 = LINE('',#1321,#1322);
#1321 = CARTESIAN_POINT('',(-64.,-45.,79.));
#1322 = VECTOR('',#1323,1.);
#1323 = DIRECTION('',(1.,1.4E-16,0.));
#1324 = PCURVE('',#889,#1325);
#1325 = DEFINITIONAL_REPRESENTATION('',(#1326),#1330);
#1326 = LINE('',#1327,#1328);
#1327 = CARTESIAN_POINT('',(-29.42002392982,-45.));
#1328 = VECTOR('',#1329,1.);
#1329 = DIRECTION('',(1.,1.4E-16));
#1330 = ( GEOMETRIC_REPRESENTATION_CONTEXT(2) 
PARAMETRIC_REPRESENTATION_CONTEXT() REPRESENTATION_CONTEXT('2D SPACE',''
  ) );
#1331 = PCURVE('',#1332,#1337);
#1332 = PLANE('',#1333);
#1333 = AXIS2_PLACEMENT_3D('',#1334,#1335,#1336);
#1334 = CARTESIAN_POINT('',(-57.,-45.,3.));
#1335 = DIRECTION('',(0.,-1.,0.));
#1336 = DIRECTION('',(1.,0.,0.));
#1337 = DEFINITIONAL_REPRESENTATION('',(#1338),#1342);
#1338 = LINE('',#1339,#1340);
#1339 = CARTESIAN_POINT('',(-7.,76.));
#1340 = VECTOR('',#1341,1.);
#1341 = DIRECTION('',(1.,0.));
#1342 = ( GEOMETRIC_REPRESENTATION_CONTEXT(2) 
PARAMETRIC_REPRESENTATION_CONTEXT() REPRESENTATION_CONTEXT('2D SPACE',''
  ) );
#1343 = ORIENTED_EDGE('',*,*,#1344,.F.);
#1344 = EDGE_CURVE('',#1345,#1317,#1347,.T.);
#1345 = VERTEX_POINT('',#1346);
#1346 = CARTESIAN_POINT('',(-74.,-35.,79.));
#1347 = SURFACE_CURVE('',#1348,(#1353,#1360),.PCURVE_S1.);
#1348 = CIRCLE('',#1349,10.);
#1349 = AXIS2_PLACEMENT_3D('',#1350,#1351,#1352);
#1350 = CARTESIAN_POINT('',(-64.,-35.,79.));
#1351 = DIRECTION('',(0.,0.,1.));
#1352 = DIRECTION('',(-1.,0.,0.));
#1353 = PCURVE('',#889,#1354);
#1354 = DEFINITIONAL_REPRESENTATION('',(#1355),#1359);
#1355 = CIRCLE('',#1356,10.);
#1356 = AXIS2_PLACEMENT_2D('',#1357,#1358);
#1357 = CARTESIAN_POINT('',(-29.42002392982,-35.));
#1358 = DIRECTION('',(-1.,0.));
#1359 = ( GEOMETRIC_REPRESENTATION_CONTEXT(2) 
PARAMETRIC_REPRESENTATION_CONTEXT() REPRESENTATION_CONTEXT('2D SPACE',''
  ) );
#1360 = PCURVE('',#1361,#1366);
#1361 = CYLINDRICAL_SURFACE('',#1362,10.);
#1362 = AXIS2_PLACEMENT_3D('',#1363,#1364,#1365);
#1363 = CARTESIAN_POINT('',(-64.,-35.,79.));
#1364 = DIRECTION('',(0.,0.,1.));
#1365 = DIRECTION('',(-1.,0.,0.));
#1366 = DEFINITIONAL_REPRESENTATION('',(#1367),#1371);
#1367 = LINE('',#1368,#1369);
#1368 = CARTESIAN_POINT('',(0.,0.));
#1369 = VECTOR('',#1370,1.);
#1370 = DIRECTION('',(1.,0.));
#1371 = ( GEOMETRIC_REPRESENTATION_CONTEXT(2) 
PARAMETRIC_REPRESENTATION_CONTEXT() REPRESENTATION_CONTEXT('2D SPACE',''
  ) );
#1372 = ORIENTED_EDGE('',*,*,#1373,.F.);
#1373 = EDGE_CURVE('',#1374,#1345,#1376,.T.);
#1374 = VERTEX_POINT('',#1375);
#1375 = CARTESIAN_POINT('',(-74.,35.,79.));
#1376 = SURFACE_CURVE('',#1377,(#1381,#1388),.PCURVE_S1.);
#1377 = LINE('',#1378,#1379);
#1378 = CARTESIAN_POINT('',(-74.,35.,79.));
#1379 = VECTOR('',#1380,1.);
#1380 = DIRECTION('',(3.8E-16,-1.,0.));
#1381 = PCURVE('',#889,#1382);
#1382 = DEFINITIONAL_REPRESENTATION('',(#1383),#1387);
#1383 = LINE('',#1384,#1385);
#1384 = CARTESIAN_POINT('',(-39.42002392982,35.));
#1385 = VECTOR('',#1386,1.);
#1386 = DIRECTION('',(3.8E-16,-1.));
#1387 = ( GEOMETRIC_REPRESENTATION_CONTEXT(2) 
PARAMETRIC_REPRESENTATION_CONTEXT() REPRESENTATION_CONTEXT('2D SPACE',''
  ) );
#1388 = PCURVE('',#1389,#1394);
#1389 = PLANE('',#1390);
#1390 = AXIS2_PLACEMENT_3D('',#1391,#1392,#1393);
#1391 = CARTESIAN_POINT('',(-74.,35.,79.));
#1392 = DIRECTION('',(-1.,-3.8E-16,0.));
#1393 = DIRECTION('',(3.8E-16,-1.,0.));
#1394 = DEFINITIONAL_REPRESENTATION('',(#1395),#1399);
#1395 = LINE('',#1396,#1397);
#1396 = CARTESIAN_POINT('',(0.,0.));
#1397 = VECTOR('',#1398,1.);
#1398 = DIRECTION('',(1.,0.));
#1399 = ( GEOMETRIC_REPRESENTATION_CONTEXT(2) 
PARAMETRIC_REPRESENTATION_CONTEXT() REPRESENTATION_CONTEXT('2D SPACE',''
  ) );
#1400 = ORIENTED_EDGE('',*,*,#1401,.F.);
#1401 = EDGE_CURVE('',#1402,#1374,#1404,.T.);
#1402 = VERTEX_POINT('',#1403);
#1403 = CARTESIAN_POINT('',(-64.,45.,79.));
#1404 = SURFACE_CURVE('',#1405,(#1410,#1417),.PCURVE_S1.);
#1405 = CIRCLE('',#1406,10.);
#1406 = AXIS2_PLACEMENT_3D('',#1407,#1408,#1409);
#1407 = CARTESIAN_POINT('',(-64.,35.,79.));
#1408 = DIRECTION('',(0.,-0.,1.));
#1409 = DIRECTION('',(0.,1.,0.));
#1410 = PCURVE('',#889,#1411);
#1411 = DEFINITIONAL_REPRESENTATION('',(#1412),#1416);
#1412 = CIRCLE('',#1413,10.);
#1413 = AXIS2_PLACEMENT_2D('',#1414,#1415);
#1414 = CARTESIAN_POINT('',(-29.42002392982,35.));
#1415 = DIRECTION('',(0.,1.));
#1416 = ( GEOMETRIC_REPRESENTATION_CONTEXT(2) 
PARAMETRIC_REPRESENTATION_CONTEXT() REPRESENTATION_CONTEXT('2D SPACE',''
  ) );
#1417 = PCURVE('',#1418,#1423);
#1418 = CYLINDRICAL_SURFACE('',#1419,10.);
#1419 = AXIS2_PLACEMENT_3D('',#1420,#1421,#1422);
#1420 = CARTESIAN_POINT('',(-64.,35.,79.));
#1421 = DIRECTION('',(0.,0.,1.));
#1422 = DIRECTION('',(0.,1.,0.));
#1423 = DEFINITIONAL_REPRESENTATION('',(#1424),#1428);
#1424 = LINE('',#1425,#1426);
#1425 = CARTESIAN_POINT('',(0.,0.));
#1426 = VECTOR('',#1427,1.);
#1427 = DIRECTION('',(1.,0.));
#1428 = ( GEOMETRIC_REPRESENTATION_CONTEXT(2) 
PARAMETRIC_REPRESENTATION_CONTEXT() REPRESENTATION_CONTEXT('2D SPACE',''
  ) );
#1429 = ORIENTED_EDGE('',*,*,#1430,.F.);
#1430 = EDGE_CURVE('',#1431,#1402,#1433,.T.);
#1431 = VERTEX_POINT('',#1432);
#1432 = CARTESIAN_POINT('',(-57.,45.,79.));
#1433 = SURFACE_CURVE('',#1434,(#1438,#1445),.PCURVE_S1.);
#1434 = LINE('',#1435,#1436);
#1435 = CARTESIAN_POINT('',(1.,45.,79.));
#1436 = VECTOR('',#1437,1.);
#1437 = DIRECTION('',(-1.,1.4E-16,0.));
#1438 = PCURVE('',#889,#1439);
#1439 = DEFINITIONAL_REPRESENTATION('',(#1440),#1444);
#1440 = LINE('',#1441,#1442);
#1441 = CARTESIAN_POINT('',(35.579976070174,45.));
#1442 = VECTOR('',#1443,1.);
#1443 = DIRECTION('',(-1.,1.4E-16));
#1444 = ( GEOMETRIC_REPRESENTATION_CONTEXT(2) 
PARAMETRIC_REPRESENTATION_CONTEXT() REPRESENTATION_CONTEXT('2D SPACE',''
  ) );
#1445 = PCURVE('',#1446,#1451);
#1446 = PLANE('',#1447);
#1447 = AXIS2_PLACEMENT_3D('',#1448,#1449,#1450);
#1448 = CARTESIAN_POINT('',(-36.,45.,3.));
#1449 = DIRECTION('',(0.,1.,0.));
#1450 = DIRECTION('',(-1.,0.,0.));
#1451 = DEFINITIONAL_REPRESENTATION('',(#1452),#1456);
#1452 = LINE('',#1453,#1454);
#1453 = CARTESIAN_POINT('',(-37.,76.));
#1454 = VECTOR('',#1455,1.);
#1455 = DIRECTION('',(1.,0.));
#1456 = ( GEOMETRIC_REPRESENTATION_CONTEXT(2) 
PARAMETRIC_REPRESENTATION_CONTEXT() REPRESENTATION_CONTEXT('2D SPACE',''
  ) );
#1457 = ORIENTED_EDGE('',*,*,#1458,.T.);
#1458 = EDGE_CURVE('',#1431,#1459,#1461,.T.);
#1459 = VERTEX_POINT('',#1460);
#1460 = CARTESIAN_POINT('',(-57.,33.,79.));
#1461 = SURFACE_CURVE('',#1462,(#1466,#1473),.PCURVE_S1.);
#1462 = LINE('',#1463,#1464);
#1463 = CARTESIAN_POINT('',(-57.,33.,79.));
#1464 = VECTOR('',#1465,1.);
#1465 = DIRECTION('',(0.,-1.,0.));
#1466 = PCURVE('',#889,#1467);
#1467 = DEFINITIONAL_REPRESENTATION('',(#1468),#1472);
#1468 = LINE('',#1469,#1470);
#1469 = CARTESIAN_POINT('',(-22.42002392982,33.));
#1470 = VECTOR('',#1471,1.);
#1471 = DIRECTION('',(0.,-1.));
#1472 = ( GEOMETRIC_REPRESENTATION_CONTEXT(2) 
PARAMETRIC_REPRESENTATION_CONTEXT() REPRESENTATION_CONTEXT('2D SPACE',''
  ) );
#1473 = PCURVE('',#1474,#1479);
#1474 = PLANE('',#1475);
#1475 = AXIS2_PLACEMENT_3D('',#1476,#1477,#1478);
#1476 = CARTESIAN_POINT('',(-57.,45.,3.));
#1477 = DIRECTION('',(-1.,0.,0.));
#1478 = DIRECTION('',(0.,-1.,0.));
#1479 = DEFINITIONAL_REPRESENTATION('',(#1480),#1484);
#1480 = LINE('',#1481,#1482);
#1481 = CARTESIAN_POINT('',(12.,76.));
#1482 = VECTOR('',#1483,1.);
#1483 = DIRECTION('',(1.,0.));
#1484 = ( GEOMETRIC_REPRESENTATION_CONTEXT(2) 
PARAMETRIC_REPRESENTATION_CONTEXT() REPRESENTATION_CONTEXT('2D SPACE',''
  ) );
#1485 = ORIENTED_EDGE('',*,*,#1486,.T.);
#1486 = EDGE_CURVE('',#1459,#1487,#1489,.T.);
#1487 = VERTEX_POINT('',#1488);
#1488 = CARTESIAN_POINT('',(-8.75,33.,79.));
#1489 = SURFACE_CURVE('',#1490,(#1494,#1501),.PCURVE_S1.);
#1490 = LINE('',#1491,#1492);
#1491 = CARTESIAN_POINT('',(-54.,33.,79.));
#1492 = VECTOR('',#1493,1.);
#1493 = DIRECTION('',(1.,0.,0.));
#1494 = PCURVE('',#889,#1495);
#1495 = DEFINITIONAL_REPRESENTATION('',(#1496),#1500);
#1496 = LINE('',#1497,#1498);
#1497 = CARTESIAN_POINT('',(-19.42002392982,33.));
#1498 = VECTOR('',#1499,1.);
#1499 = DIRECTION('',(1.,0.));
#1500 = ( GEOMETRIC_REPRESENTATION_CONTEXT(2) 
PARAMETRIC_REPRESENTATION_CONTEXT() REPRESENTATION_CONTEXT('2D SPACE',''
  ) );
#1501 = PCURVE('',#100,#1502);
#1502 = DEFINITIONAL_REPRESENTATION('',(#1503),#1507);
#1503 = LINE('',#1504,#1505);
#1504 = CARTESIAN_POINT('',(-15.,76.));
#1505 = VECTOR('',#1506,1.);
#1506 = DIRECTION('',(1.,0.));
#1507 = ( GEOMETRIC_REPRESENTATION_CONTEXT(2) 
PARAMETRIC_REPRESENTATION_CONTEXT() REPRESENTATION_CONTEXT('2D SPACE',''
  ) );
#1508 = ORIENTED_EDGE('',*,*,#1509,.T.);
#1509 = EDGE_CURVE('',#1487,#1510,#1512,.T.);
#1510 = VERTEX_POINT('',#1511);
#1511 = CARTESIAN_POINT('',(1.,23.25,79.));
#1512 = SURFACE_CURVE('',#1513,(#1518,#1529),.PCURVE_S1.);
#1513 = CIRCLE('',#1514,9.75);
#1514 = AXIS2_PLACEMENT_3D('',#1515,#1516,#1517);
#1515 = CARTESIAN_POINT('',(-8.75,23.25,79.));
#1516 = DIRECTION('',(0.,0.,-1.));
#1517 = DIRECTION('',(0.707106781187,0.707106781187,0.));
#1518 = PCURVE('',#889,#1519);
#1519 = DEFINITIONAL_REPRESENTATION('',(#1520),#1528);
#1520 = ( BOUNDED_CURVE() B_SPLINE_CURVE(2,(#1521,#1522,#1523,#1524,
#1525,#1526,#1527),.UNSPECIFIED.,.T.,.F.) B_SPLINE_CURVE_WITH_KNOTS((1,2
    ,2,2,2,1),(-2.094395102393,0.,2.094395102393,4.188790204786,
6.28318530718,8.377580409573),.UNSPECIFIED.) CURVE() 
GEOMETRIC_REPRESENTATION_ITEM() RATIONAL_B_SPLINE_CURVE((1.,0.5,1.,0.5,
1.,0.5,1.)) REPRESENTATION_ITEM('') );
#1521 = CARTESIAN_POINT('',(32.724267186743,30.144291116569));
#1522 = CARTESIAN_POINT('',(44.665529682811,18.203028620501));
#1523 = CARTESIAN_POINT('',(28.353461759924,13.832223193682));
#1524 = CARTESIAN_POINT('',(12.041393837037,9.461417766862));
#1525 = CARTESIAN_POINT('',(16.412199263856,25.77348568975));
#1526 = CARTESIAN_POINT('',(20.783004690675,42.085553612637));
#1527 = CARTESIAN_POINT('',(32.724267186743,30.144291116569));
#1528 = ( GEOMETRIC_REPRESENTATION_CONTEXT(2) 
PARAMETRIC_REPRESENTATION_CONTEXT() REPRESENTATION_CONTEXT('2D SPACE',''
  ) );
#1529 = PCURVE('',#1530,#1535);
#1530 = CYLINDRICAL_SURFACE('',#1531,9.75);
#1531 = AXIS2_PLACEMENT_3D('',#1532,#1533,#1534);
#1532 = CARTESIAN_POINT('',(-8.75,23.25,32.5));
#1533 = DIRECTION('',(-3.9E-16,0.,-1.));
#1534 = DIRECTION('',(0.707106781187,0.707106781187,-2.757716446628E-16)
  );
#1535 = DEFINITIONAL_REPRESENTATION('',(#1536),#1540);
#1536 = LINE('',#1537,#1538);
#1537 = CARTESIAN_POINT('',(-6.28318530718,-46.5));
#1538 = VECTOR('',#1539,1.);
#1539 = DIRECTION('',(1.,0.));
#1540 = ( GEOMETRIC_REPRESENTATION_CONTEXT(2) 
PARAMETRIC_REPRESENTATION_CONTEXT() REPRESENTATION_CONTEXT('2D SPACE',''
  ) );
#1541 = ORIENTED_EDGE('',*,*,#1542,.F.);
#1542 = EDGE_CURVE('',#847,#1510,#1543,.T.);
#1543 = SURFACE_CURVE('',#1544,(#1548,#1555),.PCURVE_S1.);
#1544 = LINE('',#1545,#1546);
#1545 = CARTESIAN_POINT('',(1.,-45.,79.));
#1546 = VECTOR('',#1547,1.);
#1547 = DIRECTION('',(-1.E-16,1.,0.));
#1548 = PCURVE('',#889,#1549);
#1549 = DEFINITIONAL_REPRESENTATION('',(#1550),#1554);
#1550 = LINE('',#1551,#1552);
#1551 = CARTESIAN_POINT('',(35.579976070174,-45.));
#1552 = VECTOR('',#1553,1.);
#1553 = DIRECTION('',(-1.E-16,1.));
#1554 = ( GEOMETRIC_REPRESENTATION_CONTEXT(2) 
PARAMETRIC_REPRESENTATION_CONTEXT() REPRESENTATION_CONTEXT('2D SPACE',''
  ) );
#1555 = PCURVE('',#862,#1556);
#1556 = DEFINITIONAL_REPRESENTATION('',(#1557),#1561);
#1557 = LINE('',#1558,#1559);
#1558 = CARTESIAN_POINT('',(17.,-45.));
#1559 = VECTOR('',#1560,1.);
#1560 = DIRECTION('',(-3.9E-32,1.));
#1561 = ( GEOMETRIC_REPRESENTATION_CONTEXT(2) 
PARAMETRIC_REPRESENTATION_CONTEXT() REPRESENTATION_CONTEXT('2D SPACE',''
  ) );
#1562 = ADVANCED_FACE('',(#1563),#164,.T.);
#1563 = FACE_BOUND('',#1564,.T.);
#1564 = EDGE_LOOP('',(#1565,#1566,#1587,#1588,#1589,#1612,#1640,#1668,
    #1701,#1729,#1757,#1785,#1813,#1834,#1835,#1836));
#1565 = ORIENTED_EDGE('',*,*,#141,.T.);
#1566 = ORIENTED_EDGE('',*,*,#1567,.T.);
#1567 = EDGE_CURVE('',#144,#438,#1568,.T.);
#1568 = SURFACE_CURVE('',#1569,(#1573,#1580),.PCURVE_S1.);
#1569 = LINE('',#1570,#1571);
#1570 = CARTESIAN_POINT('',(1.,-33.,60.));
#1571 = VECTOR('',#1572,1.);
#1572 = DIRECTION('',(-1.,0.,3.2E-16));
#1573 = PCURVE('',#164,#1574);
#1574 = DEFINITIONAL_REPRESENTATION('',(#1575),#1579);
#1575 = LINE('',#1576,#1577);
#1576 = CARTESIAN_POINT('',(-37.,57.));
#1577 = VECTOR('',#1578,1.);
#1578 = DIRECTION('',(1.,3.2E-16));
#1579 = ( GEOMETRIC_REPRESENTATION_CONTEXT(2) 
PARAMETRIC_REPRESENTATION_CONTEXT() REPRESENTATION_CONTEXT('2D SPACE',''
  ) );
#1580 = PCURVE('',#241,#1581);
#1581 = DEFINITIONAL_REPRESENTATION('',(#1582),#1586);
#1582 = LINE('',#1583,#1584);
#1583 = CARTESIAN_POINT('',(0.,0.));
#1584 = VECTOR('',#1585,1.);
#1585 = DIRECTION('',(8.288E-31,1.));
#1586 = ( GEOMETRIC_REPRESENTATION_CONTEXT(2) 
PARAMETRIC_REPRESENTATION_CONTEXT() REPRESENTATION_CONTEXT('2D SPACE',''
  ) );
#1587 = ORIENTED_EDGE('',*,*,#437,.T.);
#1588 = ORIENTED_EDGE('',*,*,#542,.T.);
#1589 = ORIENTED_EDGE('',*,*,#1590,.F.);
#1590 = EDGE_CURVE('',#1591,#543,#1593,.T.);
#1591 = VERTEX_POINT('',#1592);
#1592 = CARTESIAN_POINT('',(-36.,-33.,3.));
#1593 = SURFACE_CURVE('',#1594,(#1598,#1605),.PCURVE_S1.);
#1594 = LINE('',#1595,#1596);
#1595 = CARTESIAN_POINT('',(-36.,-33.,3.));
#1596 = VECTOR('',#1597,1.);
#1597 = DIRECTION('',(0.,0.,1.));
#1598 = PCURVE('',#164,#1599);
#1599 = DEFINITIONAL_REPRESENTATION('',(#1600),#1604);
#1600 = LINE('',#1601,#1602);
#1601 = CARTESIAN_POINT('',(0.,0.));
#1602 = VECTOR('',#1603,1.);
#1603 = DIRECTION('',(0.,1.));
#1604 = ( GEOMETRIC_REPRESENTATION_CONTEXT(2) 
PARAMETRIC_REPRESENTATION_CONTEXT() REPRESENTATION_CONTEXT('2D SPACE',''
  ) );
#1605 = PCURVE('',#603,#1606);
#1606 = DEFINITIONAL_REPRESENTATION('',(#1607),#1611);
#1607 = LINE('',#1608,#1609);
#1608 = CARTESIAN_POINT('',(12.,0.));
#1609 = VECTOR('',#1610,1.);
#1610 = DIRECTION('',(0.,1.));
#1611 = ( GEOMETRIC_REPRESENTATION_CONTEXT(2) 
PARAMETRIC_REPRESENTATION_CONTEXT() REPRESENTATION_CONTEXT('2D SPACE',''
  ) );
#1612 = ORIENTED_EDGE('',*,*,#1613,.F.);
#1613 = EDGE_CURVE('',#1614,#1591,#1616,.T.);
#1614 = VERTEX_POINT('',#1615);
#1615 = CARTESIAN_POINT('',(-36.5,-33.,3.));
#1616 = SURFACE_CURVE('',#1617,(#1621,#1628),.PCURVE_S1.);
#1617 = LINE('',#1618,#1619);
#1618 = CARTESIAN_POINT('',(-18.,-33.,3.));
#1619 = VECTOR('',#1620,1.);
#1620 = DIRECTION('',(1.,0.,0.));
#1621 = PCURVE('',#164,#1622);
#1622 = DEFINITIONAL_REPRESENTATION('',(#1623),#1627);
#1623 = LINE('',#1624,#1625);
#1624 = CARTESIAN_POINT('',(-18.,0.));
#1625 = VECTOR('',#1626,1.);
#1626 = DIRECTION('',(-1.,0.));
#1627 = ( GEOMETRIC_REPRESENTATION_CONTEXT(2) 
PARAMETRIC_REPRESENTATION_CONTEXT() REPRESENTATION_CONTEXT('2D SPACE',''
  ) );
#1628 = PCURVE('',#1629,#1634);
#1629 = PLANE('',#1630);
#1630 = AXIS2_PLACEMENT_3D('',#1631,#1632,#1633);
#1631 = CARTESIAN_POINT('',(3.2E-16,-1.92E-15,3.));
#1632 = DIRECTION('',(0.,0.,1.));
#1633 = DIRECTION('',(1.,0.,-0.));
#1634 = DEFINITIONAL_REPRESENTATION('',(#1635),#1639);
#1635 = LINE('',#1636,#1637);
#1636 = CARTESIAN_POINT('',(-18.,-33.));
#1637 = VECTOR('',#1638,1.);
#1638 = DIRECTION('',(1.,0.));
#1639 = ( GEOMETRIC_REPRESENTATION_CONTEXT(2) 
PARAMETRIC_REPRESENTATION_CONTEXT() REPRESENTATION_CONTEXT('2D SPACE',''
  ) );
#1640 = ORIENTED_EDGE('',*,*,#1641,.T.);
#1641 = EDGE_CURVE('',#1614,#1642,#1644,.T.);
#1642 = VERTEX_POINT('',#1643);
#1643 = CARTESIAN_POINT('',(-36.5,-33.,23.));
#1644 = SURFACE_CURVE('',#1645,(#1649,#1656),.PCURVE_S1.);
#1645 = LINE('',#1646,#1647);
#1646 = CARTESIAN_POINT('',(-36.5,-33.,13.));
#1647 = VECTOR('',#1648,1.);
#1648 = DIRECTION('',(2.2E-16,0.,1.));
#1649 = PCURVE('',#164,#1650);
#1650 = DEFINITIONAL_REPRESENTATION('',(#1651),#1655);
#1651 = LINE('',#1652,#1653);
#1652 = CARTESIAN_POINT('',(0.5,10.));
#1653 = VECTOR('',#1654,1.);
#1654 = DIRECTION('',(-2.2E-16,1.));
#1655 = ( GEOMETRIC_REPRESENTATION_CONTEXT(2) 
PARAMETRIC_REPRESENTATION_CONTEXT() REPRESENTATION_CONTEXT('2D SPACE',''
  ) );
#1656 = PCURVE('',#1657,#1662);
#1657 = PLANE('',#1658);
#1658 = AXIS2_PLACEMENT_3D('',#1659,#1660,#1661);
#1659 = CARTESIAN_POINT('',(-36.5,-33.,23.));
#1660 = DIRECTION('',(1.,0.,-2.2E-16));
#1661 = DIRECTION('',(-2.2E-16,-0.,-1.));
#1662 = DEFINITIONAL_REPRESENTATION('',(#1663),#1667);
#1663 = LINE('',#1664,#1665);
#1664 = CARTESIAN_POINT('',(10.,0.));
#1665 = VECTOR('',#1666,1.);
#1666 = DIRECTION('',(-1.,0.));
#1667 = ( GEOMETRIC_REPRESENTATION_CONTEXT(2) 
PARAMETRIC_REPRESENTATION_CONTEXT() REPRESENTATION_CONTEXT('2D SPACE',''
  ) );
#1668 = ORIENTED_EDGE('',*,*,#1669,.T.);
#1669 = EDGE_CURVE('',#1642,#1670,#1672,.T.);
#1670 = VERTEX_POINT('',#1671);
#1671 = CARTESIAN_POINT('',(-39.,-33.,30.664854858378));
#1672 = SURFACE_CURVE('',#1673,(#1678,#1689),.PCURVE_S1.);
#1673 = CIRCLE('',#1674,13.);
#1674 = AXIS2_PLACEMENT_3D('',#1675,#1676,#1677);
#1675 = CARTESIAN_POINT('',(-49.5,-33.,23.));
#1676 = DIRECTION('',(0.,-1.,0.));
#1677 = DIRECTION('',(-1.,0.,1.7E-16));
#1678 = PCURVE('',#164,#1679);
#1679 = DEFINITIONAL_REPRESENTATION('',(#1680),#1688);
#1680 = ( BOUNDED_CURVE() B_SPLINE_CURVE(2,(#1681,#1682,#1683,#1684,
#1685,#1686,#1687),.UNSPECIFIED.,.T.,.F.) B_SPLINE_CURVE_WITH_KNOTS((1,2
    ,2,2,2,1),(-2.094395102393,0.,2.094395102393,4.188790204786,
6.28318530718,8.377580409573),.UNSPECIFIED.) CURVE() 
GEOMETRIC_REPRESENTATION_ITEM() RATIONAL_B_SPLINE_CURVE((1.,0.5,1.,0.5,
1.,0.5,1.)) REPRESENTATION_ITEM('') );
#1681 = CARTESIAN_POINT('',(26.5,20.));
#1682 = CARTESIAN_POINT('',(26.5,-2.516660498395));
#1683 = CARTESIAN_POINT('',(7.,8.741669750802));
#1684 = CARTESIAN_POINT('',(-12.5,20.));
#1685 = CARTESIAN_POINT('',(7.,31.258330249198));
#1686 = CARTESIAN_POINT('',(26.5,42.516660498395));
#1687 = CARTESIAN_POINT('',(26.5,20.));
#1688 = ( GEOMETRIC_REPRESENTATION_CONTEXT(2) 
PARAMETRIC_REPRESENTATION_CONTEXT() REPRESENTATION_CONTEXT('2D SPACE',''
  ) );
#1689 = PCURVE('',#1690,#1695);
#1690 = CYLINDRICAL_SURFACE('',#1691,13.);
#1691 = AXIS2_PLACEMENT_3D('',#1692,#1693,#1694);
#1692 = CARTESIAN_POINT('',(-49.5,-33.,23.));
#1693 = DIRECTION('',(0.,1.,0.));
#1694 = DIRECTION('',(-1.,0.,1.7E-16));
#1695 = DEFINITIONAL_REPRESENTATION('',(#1696),#1700);
#1696 = LINE('',#1697,#1698);
#1697 = CARTESIAN_POINT('',(6.28318530718,0.));
#1698 = VECTOR('',#1699,1.);
#1699 = DIRECTION('',(-1.,0.));
#1700 = ( GEOMETRIC_REPRESENTATION_CONTEXT(2) 
PARAMETRIC_REPRESENTATION_CONTEXT() REPRESENTATION_CONTEXT('2D SPACE',''
  ) );
#1701 = ORIENTED_EDGE('',*,*,#1702,.T.);
#1702 = EDGE_CURVE('',#1670,#1703,#1705,.T.);
#1703 = VERTEX_POINT('',#1704);
#1704 = CARTESIAN_POINT('',(-39.,-33.,60.));
#1705 = SURFACE_CURVE('',#1706,(#1710,#1717),.PCURVE_S1.);
#1706 = LINE('',#1707,#1708);
#1707 = CARTESIAN_POINT('',(-39.,-33.,3.));
#1708 = VECTOR('',#1709,1.);
#1709 = DIRECTION('',(0.,0.,1.));
#1710 = PCURVE('',#164,#1711);
#1711 = DEFINITIONAL_REPRESENTATION('',(#1712),#1716);
#1712 = LINE('',#1713,#1714);
#1713 = CARTESIAN_POINT('',(3.,0.));
#1714 = VECTOR('',#1715,1.);
#1715 = DIRECTION('',(0.,1.));
#1716 = ( GEOMETRIC_REPRESENTATION_CONTEXT(2) 
PARAMETRIC_REPRESENTATION_CONTEXT() REPRESENTATION_CONTEXT('2D SPACE',''
  ) );
#1717 = PCURVE('',#1718,#1723);
#1718 = PLANE('',#1719);
#1719 = AXIS2_PLACEMENT_3D('',#1720,#1721,#1722);
#1720 = CARTESIAN_POINT('',(-39.,-33.,3.));
#1721 = DIRECTION('',(-1.,0.,0.));
#1722 = DIRECTION('',(0.,-1.,0.));
#1723 = DEFINITIONAL_REPRESENTATION('',(#1724),#1728);
#1724 = LINE('',#1725,#1726);
#1725 = CARTESIAN_POINT('',(0.,0.));
#1726 = VECTOR('',#1727,1.);
#1727 = DIRECTION('',(0.,1.));
#1728 = ( GEOMETRIC_REPRESENTATION_CONTEXT(2) 
PARAMETRIC_REPRESENTATION_CONTEXT() REPRESENTATION_CONTEXT('2D SPACE',''
  ) );
#1729 = ORIENTED_EDGE('',*,*,#1730,.T.);
#1730 = EDGE_CURVE('',#1703,#1731,#1733,.T.);
#1731 = VERTEX_POINT('',#1732);
#1732 = CARTESIAN_POINT('',(-54.,-33.,60.));
#1733 = SURFACE_CURVE('',#1734,(#1738,#1745),.PCURVE_S1.);
#1734 = LINE('',#1735,#1736);
#1735 = CARTESIAN_POINT('',(1.,-33.,60.));
#1736 = VECTOR('',#1737,1.);
#1737 = DIRECTION('',(-1.,0.,3.2E-16));
#1738 = PCURVE('',#164,#1739);
#1739 = DEFINITIONAL_REPRESENTATION('',(#1740),#1744);
#1740 = LINE('',#1741,#1742);
#1741 = CARTESIAN_POINT('',(-37.,57.));
#1742 = VECTOR('',#1743,1.);
#1743 = DIRECTION('',(1.,3.2E-16));
#1744 = ( GEOMETRIC_REPRESENTATION_CONTEXT(2) 
PARAMETRIC_REPRESENTATION_CONTEXT() REPRESENTATION_CONTEXT('2D SPACE',''
  ) );
#1745 = PCURVE('',#1746,#1751);
#1746 = PLANE('',#1747);
#1747 = AXIS2_PLACEMENT_3D('',#1748,#1749,#1750);
#1748 = CARTESIAN_POINT('',(1.,-33.,60.));
#1749 = DIRECTION('',(-3.2E-16,-2.59E-15,-1.));
#1750 = DIRECTION('',(0.,-1.,2.59E-15));
#1751 = DEFINITIONAL_REPRESENTATION('',(#1752),#1756);
#1752 = LINE('',#1753,#1754);
#1753 = CARTESIAN_POINT('',(0.,0.));
#1754 = VECTOR('',#1755,1.);
#1755 = DIRECTION('',(8.288E-31,1.));
#1756 = ( GEOMETRIC_REPRESENTATION_CONTEXT(2) 
PARAMETRIC_REPRESENTATION_CONTEXT() REPRESENTATION_CONTEXT('2D SPACE',''
  ) );
#1757 = ORIENTED_EDGE('',*,*,#1758,.F.);
#1758 = EDGE_CURVE('',#1759,#1731,#1761,.T.);
#1759 = VERTEX_POINT('',#1760);
#1760 = CARTESIAN_POINT('',(-54.,-33.,35.196310917651));
#1761 = SURFACE_CURVE('',#1762,(#1766,#1773),.PCURVE_S1.);
#1762 = LINE('',#1763,#1764);
#1763 = CARTESIAN_POINT('',(-54.,-33.,3.));
#1764 = VECTOR('',#1765,1.);
#1765 = DIRECTION('',(0.,0.,1.));
#1766 = PCURVE('',#164,#1767);
#1767 = DEFINITIONAL_REPRESENTATION('',(#1768),#1772);
#1768 = LINE('',#1769,#1770);
#1769 = CARTESIAN_POINT('',(18.,0.));
#1770 = VECTOR('',#1771,1.);
#1771 = DIRECTION('',(0.,1.));
#1772 = ( GEOMETRIC_REPRESENTATION_CONTEXT(2) 
PARAMETRIC_REPRESENTATION_CONTEXT() REPRESENTATION_CONTEXT('2D SPACE',''
  ) );
#1773 = PCURVE('',#1774,#1779);
#1774 = PLANE('',#1775);
#1775 = AXIS2_PLACEMENT_3D('',#1776,#1777,#1778);
#1776 = CARTESIAN_POINT('',(-54.,-45.,3.));
#1777 = DIRECTION('',(1.,0.,0.));
#1778 = DIRECTION('',(-0.,1.,0.));
#1779 = DEFINITIONAL_REPRESENTATION('',(#1780),#1784);
#1780 = LINE('',#1781,#1782);
#1781 = CARTESIAN_POINT('',(12.,0.));
#1782 = VECTOR('',#1783,1.);
#1783 = DIRECTION('',(0.,1.));
#1784 = ( GEOMETRIC_REPRESENTATION_CONTEXT(2) 
PARAMETRIC_REPRESENTATION_CONTEXT() REPRESENTATION_CONTEXT('2D SPACE',''
  ) );
#1785 = ORIENTED_EDGE('',*,*,#1786,.T.);
#1786 = EDGE_CURVE('',#1759,#1787,#1789,.T.);
#1787 = VERTEX_POINT('',#1788);
#1788 = CARTESIAN_POINT('',(-57.,-33.,33.618380290798));
#1789 = SURFACE_CURVE('',#1790,(#1795,#1806),.PCURVE_S1.);
#1790 = CIRCLE('',#1791,13.);
#1791 = AXIS2_PLACEMENT_3D('',#1792,#1793,#1794);
#1792 = CARTESIAN_POINT('',(-49.5,-33.,23.));
#1793 = DIRECTION('',(0.,-1.,0.));
#1794 = DIRECTION('',(-1.,0.,1.7E-16));
#1795 = PCURVE('',#164,#1796);
#1796 = DEFINITIONAL_REPRESENTATION('',(#1797),#1805);
#1797 = ( BOUNDED_CURVE() B_SPLINE_CURVE(2,(#1798,#1799,#1800,#1801,
#1802,#1803,#1804),.UNSPECIFIED.,.T.,.F.) B_SPLINE_CURVE_WITH_KNOTS((1,2
    ,2,2,2,1),(-2.094395102393,0.,2.094395102393,4.188790204786,
6.28318530718,8.377580409573),.UNSPECIFIED.) CURVE() 
GEOMETRIC_REPRESENTATION_ITEM() RATIONAL_B_SPLINE_CURVE((1.,0.5,1.,0.5,
1.,0.5,1.)) REPRESENTATION_ITEM('') );
#1798 = CARTESIAN_POINT('',(26.5,20.));
#1799 = CARTESIAN_POINT('',(26.5,-2.516660498395));
#1800 = CARTESIAN_POINT('',(7.,8.741669750802));
#1801 = CARTESIAN_POINT('',(-12.5,20.));
#1802 = CARTESIAN_POINT('',(7.,31.258330249198));
#1803 = CARTESIAN_POINT('',(26.5,42.516660498395));
#1804 = CARTESIAN_POINT('',(26.5,20.));
#1805 = ( GEOMETRIC_REPRESENTATION_CONTEXT(2) 
PARAMETRIC_REPRESENTATION_CONTEXT() REPRESENTATION_CONTEXT('2D SPACE',''
  ) );
#1806 = PCURVE('',#1690,#1807);
#1807 = DEFINITIONAL_REPRESENTATION('',(#1808),#1812);
#1808 = LINE('',#1809,#1810);
#1809 = CARTESIAN_POINT('',(6.28318530718,0.));
#1810 = VECTOR('',#1811,1.);
#1811 = DIRECTION('',(-1.,0.));
#1812 = ( GEOMETRIC_REPRESENTATION_CONTEXT(2) 
PARAMETRIC_REPRESENTATION_CONTEXT() REPRESENTATION_CONTEXT('2D SPACE',''
  ) );
#1813 = ORIENTED_EDGE('',*,*,#1814,.T.);
#1814 = EDGE_CURVE('',#1787,#1266,#1815,.T.);
#1815 = SURFACE_CURVE('',#1816,(#1820,#1827),.PCURVE_S1.);
#1816 = LINE('',#1817,#1818);
#1817 = CARTESIAN_POINT('',(-57.,-33.,3.));
#1818 = VECTOR('',#1819,1.);
#1819 = DIRECTION('',(0.,0.,1.));
#1820 = PCURVE('',#164,#1821);
#1821 = DEFINITIONAL_REPRESENTATION('',(#1822),#1826);
#1822 = LINE('',#1823,#1824);
#1823 = CARTESIAN_POINT('',(21.,0.));
#1824 = VECTOR('',#1825,1.);
#1825 = DIRECTION('',(0.,1.));
#1826 = ( GEOMETRIC_REPRESENTATION_CONTEXT(2) 
PARAMETRIC_REPRESENTATION_CONTEXT() REPRESENTATION_CONTEXT('2D SPACE',''
  ) );
#1827 = PCURVE('',#1304,#1828);
#1828 = DEFINITIONAL_REPRESENTATION('',(#1829),#1833);
#1829 = LINE('',#1830,#1831);
#1830 = CARTESIAN_POINT('',(0.,0.));
#1831 = VECTOR('',#1832,1.);
#1832 = DIRECTION('',(0.,1.));
#1833 = ( GEOMETRIC_REPRESENTATION_CONTEXT(2) 
PARAMETRIC_REPRESENTATION_CONTEXT() REPRESENTATION_CONTEXT('2D SPACE',''
  ) );
#1834 = ORIENTED_EDGE('',*,*,#1265,.F.);
#1835 = ORIENTED_EDGE('',*,*,#792,.F.);
#1836 = ORIENTED_EDGE('',*,*,#1837,.T.);
#1837 = EDGE_CURVE('',#793,#142,#1838,.T.);
#1838 = SURFACE_CURVE('',#1839,(#1843,#1850),.PCURVE_S1.);
#1839 = LINE('',#1840,#1841);
#1840 = CARTESIAN_POINT('',(-14.5,-33.,62.));
#1841 = VECTOR('',#1842,1.);
#1842 = DIRECTION('',(1.,0.,0.));
#1843 = PCURVE('',#164,#1844);
#1844 = DEFINITIONAL_REPRESENTATION('',(#1845),#1849);
#1845 = LINE('',#1846,#1847);
#1846 = CARTESIAN_POINT('',(-21.5,59.));
#1847 = VECTOR('',#1848,1.);
#1848 = DIRECTION('',(-1.,0.));
#1849 = ( GEOMETRIC_REPRESENTATION_CONTEXT(2) 
PARAMETRIC_REPRESENTATION_CONTEXT() REPRESENTATION_CONTEXT('2D SPACE',''
  ) );
#1850 = PCURVE('',#72,#1851);
#1851 = DEFINITIONAL_REPRESENTATION('',(#1852),#1856);
#1852 = LINE('',#1853,#1854);
#1853 = CARTESIAN_POINT('',(21.5,-33.));
#1854 = VECTOR('',#1855,1.);
#1855 = DIRECTION('',(-1.,0.));
#1856 = ( GEOMETRIC_REPRESENTATION_CONTEXT(2) 
PARAMETRIC_REPRESENTATION_CONTEXT() REPRESENTATION_CONTEXT('2D SPACE',''
  ) );
#1857 = ADVANCED_FACE('',(#1858),#1530,.F.);
#1858 = FACE_BOUND('',#1859,.F.);
#1859 = EDGE_LOOP('',(#1860,#1883,#1907,#1928));
#1860 = ORIENTED_EDGE('',*,*,#1861,.F.);
#1861 = EDGE_CURVE('',#1862,#1510,#1864,.T.);
#1862 = VERTEX_POINT('',#1863);
#1863 = CARTESIAN_POINT('',(1.,23.25,62.));
#1864 = SURFACE_CURVE('',#1865,(#1869,#1876),.PCURVE_S1.);
#1865 = LINE('',#1866,#1867);
#1866 = CARTESIAN_POINT('',(1.,23.25,32.5));
#1867 = VECTOR('',#1868,1.);
#1868 = DIRECTION('',(3.9E-16,0.,1.));
#1869 = PCURVE('',#1530,#1870);
#1870 = DEFINITIONAL_REPRESENTATION('',(#1871),#1875);
#1871 = LINE('',#1872,#1873);
#1872 = CARTESIAN_POINT('',(0.785398163397,0.));
#1873 = VECTOR('',#1874,1.);
#1874 = DIRECTION('',(1.E-17,-1.));
#1875 = ( GEOMETRIC_REPRESENTATION_CONTEXT(2) 
PARAMETRIC_REPRESENTATION_CONTEXT() REPRESENTATION_CONTEXT('2D SPACE',''
  ) );
#1876 = PCURVE('',#862,#1877);
#1877 = DEFINITIONAL_REPRESENTATION('',(#1878),#1882);
#1878 = LINE('',#1879,#1880);
#1879 = CARTESIAN_POINT('',(-29.5,23.25));
#1880 = VECTOR('',#1881,1.);
#1881 = DIRECTION('',(1.,0.));
#1882 = ( GEOMETRIC_REPRESENTATION_CONTEXT(2) 
PARAMETRIC_REPRESENTATION_CONTEXT() REPRESENTATION_CONTEXT('2D SPACE',''
  ) );
#1883 = ORIENTED_EDGE('',*,*,#1884,.F.);
#1884 = EDGE_CURVE('',#1885,#1862,#1887,.T.);
#1885 = VERTEX_POINT('',#1886);
#1886 = CARTESIAN_POINT('',(-8.75,33.,62.));
#1887 = SURFACE_CURVE('',#1888,(#1893,#1900),.PCURVE_S1.);
#1888 = CIRCLE('',#1889,9.75);
#1889 = AXIS2_PLACEMENT_3D('',#1890,#1891,#1892);
#1890 = CARTESIAN_POINT('',(-8.75,23.25,62.));
#1891 = DIRECTION('',(0.,0.,-1.));
#1892 = DIRECTION('',(0.707106781187,0.707106781187,0.));
#1893 = PCURVE('',#1530,#1894);
#1894 = DEFINITIONAL_REPRESENTATION('',(#1895),#1899);
#1895 = LINE('',#1896,#1897);
#1896 = CARTESIAN_POINT('',(-6.28318530718,-29.5));
#1897 = VECTOR('',#1898,1.);
#1898 = DIRECTION('',(1.,0.));
#1899 = ( GEOMETRIC_REPRESENTATION_CONTEXT(2) 
PARAMETRIC_REPRESENTATION_CONTEXT() REPRESENTATION_CONTEXT('2D SPACE',''
  ) );
#1900 = PCURVE('',#72,#1901);
#1901 = DEFINITIONAL_REPRESENTATION('',(#1902),#1906);
#1902 = CIRCLE('',#1903,9.75);
#1903 = AXIS2_PLACEMENT_2D('',#1904,#1905);
#1904 = CARTESIAN_POINT('',(15.75,23.25));
#1905 = DIRECTION('',(-0.707106781187,0.707106781187));
#1906 = ( GEOMETRIC_REPRESENTATION_CONTEXT(2) 
PARAMETRIC_REPRESENTATION_CONTEXT() REPRESENTATION_CONTEXT('2D SPACE',''
  ) );
#1907 = ORIENTED_EDGE('',*,*,#1908,.F.);
#1908 = EDGE_CURVE('',#1487,#1885,#1909,.T.);
#1909 = SURFACE_CURVE('',#1910,(#1914,#1921),.PCURVE_S1.);
#1910 = LINE('',#1911,#1912);
#1911 = CARTESIAN_POINT('',(-8.75,33.,32.5));
#1912 = VECTOR('',#1913,1.);
#1913 = DIRECTION('',(-3.9E-16,0.,-1.));
#1914 = PCURVE('',#1530,#1915);
#1915 = DEFINITIONAL_REPRESENTATION('',(#1916),#1920);
#1916 = LINE('',#1917,#1918);
#1917 = CARTESIAN_POINT('',(-0.785398163397,0.));
#1918 = VECTOR('',#1919,1.);
#1919 = DIRECTION('',(0.,1.));
#1920 = ( GEOMETRIC_REPRESENTATION_CONTEXT(2) 
PARAMETRIC_REPRESENTATION_CONTEXT() REPRESENTATION_CONTEXT('2D SPACE',''
  ) );
#1921 = PCURVE('',#100,#1922);
#1922 = DEFINITIONAL_REPRESENTATION('',(#1923),#1927);
#1923 = LINE('',#1924,#1925);
#1924 = CARTESIAN_POINT('',(30.25,29.5));
#1925 = VECTOR('',#1926,1.);
#1926 = DIRECTION('',(-3.9E-16,-1.));
#1927 = ( GEOMETRIC_REPRESENTATION_CONTEXT(2) 
PARAMETRIC_REPRESENTATION_CONTEXT() REPRESENTATION_CONTEXT('2D SPACE',''
  ) );
#1928 = ORIENTED_EDGE('',*,*,#1509,.T.);
#1929 = ADVANCED_FACE('',(#1930),#100,.T.);
#1930 = FACE_BOUND('',#1931,.T.);
#1931 = EDGE_LOOP('',(#1932,#1933,#1954,#1955,#1956,#1979,#2002,#2030,
    #2058,#2086,#2109,#2137,#2166,#2194,#2222,#2243,#2244,#2245));
#1932 = ORIENTED_EDGE('',*,*,#84,.T.);
#1933 = ORIENTED_EDGE('',*,*,#1934,.T.);
#1934 = EDGE_CURVE('',#57,#1885,#1935,.T.);
#1935 = SURFACE_CURVE('',#1936,(#1940,#1947),.PCURVE_S1.);
#1936 = LINE('',#1937,#1938);
#1937 = CARTESIAN_POINT('',(-16.,33.,62.));
#1938 = VECTOR('',#1939,1.);
#1939 = DIRECTION('',(-1.,0.,0.));
#1940 = PCURVE('',#100,#1941);
#1941 = DEFINITIONAL_REPRESENTATION('',(#1942),#1946);
#1942 = LINE('',#1943,#1944);
#1943 = CARTESIAN_POINT('',(23.,59.));
#1944 = VECTOR('',#1945,1.);
#1945 = DIRECTION('',(-1.,0.));
#1946 = ( GEOMETRIC_REPRESENTATION_CONTEXT(2) 
PARAMETRIC_REPRESENTATION_CONTEXT() REPRESENTATION_CONTEXT('2D SPACE',''
  ) );
#1947 = PCURVE('',#72,#1948);
#1948 = DEFINITIONAL_REPRESENTATION('',(#1949),#1953);
#1949 = LINE('',#1950,#1951);
#1950 = CARTESIAN_POINT('',(23.,33.));
#1951 = VECTOR('',#1952,1.);
#1952 = DIRECTION('',(1.,0.));
#1953 = ( GEOMETRIC_REPRESENTATION_CONTEXT(2) 
PARAMETRIC_REPRESENTATION_CONTEXT() REPRESENTATION_CONTEXT('2D SPACE',''
  ) );
#1954 = ORIENTED_EDGE('',*,*,#1908,.F.);
#1955 = ORIENTED_EDGE('',*,*,#1486,.F.);
#1956 = ORIENTED_EDGE('',*,*,#1957,.F.);
#1957 = EDGE_CURVE('',#1958,#1459,#1960,.T.);
#1958 = VERTEX_POINT('',#1959);
#1959 = CARTESIAN_POINT('',(-57.,33.,3.));
#1960 = SURFACE_CURVE('',#1961,(#1965,#1972),.PCURVE_S1.);
#1961 = LINE('',#1962,#1963);
#1962 = CARTESIAN_POINT('',(-57.,33.,3.));
#1963 = VECTOR('',#1964,1.);
#1964 = DIRECTION('',(0.,0.,1.));
#1965 = PCURVE('',#100,#1966);
#1966 = DEFINITIONAL_REPRESENTATION('',(#1967),#1971);
#1967 = LINE('',#1968,#1969);
#1968 = CARTESIAN_POINT('',(-18.,0.));
#1969 = VECTOR('',#1970,1.);
#1970 = DIRECTION('',(0.,1.));
#1971 = ( GEOMETRIC_REPRESENTATION_CONTEXT(2) 
PARAMETRIC_REPRESENTATION_CONTEXT() REPRESENTATION_CONTEXT('2D SPACE',''
  ) );
#1972 = PCURVE('',#1474,#1973);
#1973 = DEFINITIONAL_REPRESENTATION('',(#1974),#1978);
#1974 = LINE('',#1975,#1976);
#1975 = CARTESIAN_POINT('',(12.,0.));
#1976 = VECTOR('',#1977,1.);
#1977 = DIRECTION('',(0.,1.));
#1978 = ( GEOMETRIC_REPRESENTATION_CONTEXT(2) 
PARAMETRIC_REPRESENTATION_CONTEXT() REPRESENTATION_CONTEXT('2D SPACE',''
  ) );
#1979 = ORIENTED_EDGE('',*,*,#1980,.F.);
#1980 = EDGE_CURVE('',#1981,#1958,#1983,.T.);
#1981 = VERTEX_POINT('',#1982);
#1982 = CARTESIAN_POINT('',(-54.,33.,3.));
#1983 = SURFACE_CURVE('',#1984,(#1988,#1995),.PCURVE_S1.);
#1984 = LINE('',#1985,#1986);
#1985 = CARTESIAN_POINT('',(-28.5,33.,3.));
#1986 = VECTOR('',#1987,1.);
#1987 = DIRECTION('',(-1.,0.,0.));
#1988 = PCURVE('',#100,#1989);
#1989 = DEFINITIONAL_REPRESENTATION('',(#1990),#1994);
#1990 = LINE('',#1991,#1992);
#1991 = CARTESIAN_POINT('',(10.5,0.));
#1992 = VECTOR('',#1993,1.);
#1993 = DIRECTION('',(-1.,0.));
#1994 = ( GEOMETRIC_REPRESENTATION_CONTEXT(2) 
PARAMETRIC_REPRESENTATION_CONTEXT() REPRESENTATION_CONTEXT('2D SPACE',''
  ) );
#1995 = PCURVE('',#1629,#1996);
#1996 = DEFINITIONAL_REPRESENTATION('',(#1997),#2001);
#1997 = LINE('',#1998,#1999);
#1998 = CARTESIAN_POINT('',(-28.5,33.));
#1999 = VECTOR('',#2000,1.);
#2000 = DIRECTION('',(-1.,0.));
#2001 = ( GEOMETRIC_REPRESENTATION_CONTEXT(2) 
PARAMETRIC_REPRESENTATION_CONTEXT() REPRESENTATION_CONTEXT('2D SPACE',''
  ) );
#2002 = ORIENTED_EDGE('',*,*,#2003,.T.);
#2003 = EDGE_CURVE('',#1981,#2004,#2006,.T.);
#2004 = VERTEX_POINT('',#2005);
#2005 = CARTESIAN_POINT('',(-54.,33.,60.));
#2006 = SURFACE_CURVE('',#2007,(#2011,#2018),.PCURVE_S1.);
#2007 = LINE('',#2008,#2009);
#2008 = CARTESIAN_POINT('',(-54.,33.,3.));
#2009 = VECTOR('',#2010,1.);
#2010 = DIRECTION('',(0.,0.,1.));
#2011 = PCURVE('',#100,#2012);
#2012 = DEFINITIONAL_REPRESENTATION('',(#2013),#2017);
#2013 = LINE('',#2014,#2015);
#2014 = CARTESIAN_POINT('',(-15.,0.));
#2015 = VECTOR('',#2016,1.);
#2016 = DIRECTION('',(0.,1.));
#2017 = ( GEOMETRIC_REPRESENTATION_CONTEXT(2) 
PARAMETRIC_REPRESENTATION_CONTEXT() REPRESENTATION_CONTEXT('2D SPACE',''
  ) );
#2018 = PCURVE('',#2019,#2024);
#2019 = PLANE('',#2020);
#2020 = AXIS2_PLACEMENT_3D('',#2021,#2022,#2023);
#2021 = CARTESIAN_POINT('',(-54.,33.,3.));
#2022 = DIRECTION('',(1.,0.,0.));
#2023 = DIRECTION('',(-0.,1.,0.));
#2024 = DEFINITIONAL_REPRESENTATION('',(#2025),#2029);
#2025 = LINE('',#2026,#2027);
#2026 = CARTESIAN_POINT('',(0.,0.));
#2027 = VECTOR('',#2028,1.);
#2028 = DIRECTION('',(0.,1.));
#2029 = ( GEOMETRIC_REPRESENTATION_CONTEXT(2) 
PARAMETRIC_REPRESENTATION_CONTEXT() REPRESENTATION_CONTEXT('2D SPACE',''
  ) );
#2030 = ORIENTED_EDGE('',*,*,#2031,.F.);
#2031 = EDGE_CURVE('',#2032,#2004,#2034,.T.);
#2032 = VERTEX_POINT('',#2033);
#2033 = CARTESIAN_POINT('',(-39.,33.,60.));
#2034 = SURFACE_CURVE('',#2035,(#2039,#2046),.PCURVE_S1.);
#2035 = LINE('',#2036,#2037);
#2036 = CARTESIAN_POINT('',(1.,33.,60.));
#2037 = VECTOR('',#2038,1.);
#2038 = DIRECTION('',(-1.,0.,3.2E-16));
#2039 = PCURVE('',#100,#2040);
#2040 = DEFINITIONAL_REPRESENTATION('',(#2041),#2045);
#2041 = LINE('',#2042,#2043);
#2042 = CARTESIAN_POINT('',(40.,57.));
#2043 = VECTOR('',#2044,1.);
#2044 = DIRECTION('',(-1.,3.2E-16));
#2045 = ( GEOMETRIC_REPRESENTATION_CONTEXT(2) 
PARAMETRIC_REPRESENTATION_CONTEXT() REPRESENTATION_CONTEXT('2D SPACE',''
  ) );
#2046 = PCURVE('',#2047,#2052);
#2047 = PLANE('',#2048);
#2048 = AXIS2_PLACEMENT_3D('',#2049,#2050,#2051);
#2049 = CARTESIAN_POINT('',(1.,39.,60.));
#2050 = DIRECTION('',(-3.2E-16,-3.7E-16,-1.));
#2051 = DIRECTION('',(0.,-1.,3.7E-16));
#2052 = DEFINITIONAL_REPRESENTATION('',(#2053),#2057);
#2053 = LINE('',#2054,#2055);
#2054 = CARTESIAN_POINT('',(6.,-7.104E-31));
#2055 = VECTOR('',#2056,1.);
#2056 = DIRECTION('',(1.184E-31,1.));
#2057 = ( GEOMETRIC_REPRESENTATION_CONTEXT(2) 
PARAMETRIC_REPRESENTATION_CONTEXT() REPRESENTATION_CONTEXT('2D SPACE',''
  ) );
#2058 = ORIENTED_EDGE('',*,*,#2059,.F.);
#2059 = EDGE_CURVE('',#2060,#2032,#2062,.T.);
#2060 = VERTEX_POINT('',#2061);
#2061 = CARTESIAN_POINT('',(-39.,33.,3.));
#2062 = SURFACE_CURVE('',#2063,(#2067,#2074),.PCURVE_S1.);
#2063 = LINE('',#2064,#2065);
#2064 = CARTESIAN_POINT('',(-39.,33.,3.));
#2065 = VECTOR('',#2066,1.);
#2066 = DIRECTION('',(0.,0.,1.));
#2067 = PCURVE('',#100,#2068);
#2068 = DEFINITIONAL_REPRESENTATION('',(#2069),#2073);
#2069 = LINE('',#2070,#2071);
#2070 = CARTESIAN_POINT('',(0.,0.));
#2071 = VECTOR('',#2072,1.);
#2072 = DIRECTION('',(0.,1.));
#2073 = ( GEOMETRIC_REPRESENTATION_CONTEXT(2) 
PARAMETRIC_REPRESENTATION_CONTEXT() REPRESENTATION_CONTEXT('2D SPACE',''
  ) );
#2074 = PCURVE('',#2075,#2080);
#2075 = PLANE('',#2076);
#2076 = AXIS2_PLACEMENT_3D('',#2077,#2078,#2079);
#2077 = CARTESIAN_POINT('',(-39.,45.,3.));
#2078 = DIRECTION('',(-1.,0.,0.));
#2079 = DIRECTION('',(0.,-1.,0.));
#2080 = DEFINITIONAL_REPRESENTATION('',(#2081),#2085);
#2081 = LINE('',#2082,#2083);
#2082 = CARTESIAN_POINT('',(12.,0.));
#2083 = VECTOR('',#2084,1.);
#2084 = DIRECTION('',(0.,1.));
#2085 = ( GEOMETRIC_REPRESENTATION_CONTEXT(2) 
PARAMETRIC_REPRESENTATION_CONTEXT() REPRESENTATION_CONTEXT('2D SPACE',''
  ) );
#2086 = ORIENTED_EDGE('',*,*,#2087,.T.);
#2087 = EDGE_CURVE('',#2060,#2088,#2090,.T.);
#2088 = VERTEX_POINT('',#2089);
#2089 = CARTESIAN_POINT('',(-35.5,33.,3.));
#2090 = SURFACE_CURVE('',#2091,(#2095,#2102),.PCURVE_S1.);
#2091 = LINE('',#2092,#2093);
#2092 = CARTESIAN_POINT('',(-63.5,33.,3.));
#2093 = VECTOR('',#2094,1.);
#2094 = DIRECTION('',(1.,0.,1.2E-16));
#2095 = PCURVE('',#100,#2096);
#2096 = DEFINITIONAL_REPRESENTATION('',(#2097),#2101);
#2097 = LINE('',#2098,#2099);
#2098 = CARTESIAN_POINT('',(-24.5,0.));
#2099 = VECTOR('',#2100,1.);
#2100 = DIRECTION('',(1.,1.2E-16));
#2101 = ( GEOMETRIC_REPRESENTATION_CONTEXT(2) 
PARAMETRIC_REPRESENTATION_CONTEXT() REPRESENTATION_CONTEXT('2D SPACE',''
  ) );
#2102 = PCURVE('',#1629,#2103);
#2103 = DEFINITIONAL_REPRESENTATION('',(#2104),#2108);
#2104 = LINE('',#2105,#2106);
#2105 = CARTESIAN_POINT('',(-63.5,33.));
#2106 = VECTOR('',#2107,1.);
#2107 = DIRECTION('',(1.,0.));
#2108 = ( GEOMETRIC_REPRESENTATION_CONTEXT(2) 
PARAMETRIC_REPRESENTATION_CONTEXT() REPRESENTATION_CONTEXT('2D SPACE',''
  ) );
#2109 = ORIENTED_EDGE('',*,*,#2110,.T.);
#2110 = EDGE_CURVE('',#2088,#2111,#2113,.T.);
#2111 = VERTEX_POINT('',#2112);
#2112 = CARTESIAN_POINT('',(-35.5,33.,25.));
#2113 = SURFACE_CURVE('',#2114,(#2118,#2125),.PCURVE_S1.);
#2114 = LINE('',#2115,#2116);
#2115 = CARTESIAN_POINT('',(-35.5,33.,3.));
#2116 = VECTOR('',#2117,1.);
#2117 = DIRECTION('',(0.,0.,1.));
#2118 = PCURVE('',#100,#2119);
#2119 = DEFINITIONAL_REPRESENTATION('',(#2120),#2124);
#2120 = LINE('',#2121,#2122);
#2121 = CARTESIAN_POINT('',(3.5,0.));
#2122 = VECTOR('',#2123,1.);
#2123 = DIRECTION('',(0.,1.));
#2124 = ( GEOMETRIC_REPRESENTATION_CONTEXT(2) 
PARAMETRIC_REPRESENTATION_CONTEXT() REPRESENTATION_CONTEXT('2D SPACE',''
  ) );
#2125 = PCURVE('',#2126,#2131);
#2126 = PLANE('',#2127);
#2127 = AXIS2_PLACEMENT_3D('',#2128,#2129,#2130);
#2128 = CARTESIAN_POINT('',(-35.5,33.,3.));
#2129 = DIRECTION('',(1.,0.,0.));
#2130 = DIRECTION('',(0.,0.,1.));
#2131 = DEFINITIONAL_REPRESENTATION('',(#2132),#2136);
#2132 = LINE('',#2133,#2134);
#2133 = CARTESIAN_POINT('',(0.,0.));
#2134 = VECTOR('',#2135,1.);
#2135 = DIRECTION('',(1.,0.));
#2136 = ( GEOMETRIC_REPRESENTATION_CONTEXT(2) 
PARAMETRIC_REPRESENTATION_CONTEXT() REPRESENTATION_CONTEXT('2D SPACE',''
  ) );
#2137 = ORIENTED_EDGE('',*,*,#2138,.T.);
#2138 = EDGE_CURVE('',#2111,#2139,#2141,.T.);
#2139 = VERTEX_POINT('',#2140);
#2140 = CARTESIAN_POINT('',(-38.5,33.,33.660254037844));
#2141 = SURFACE_CURVE('',#2142,(#2147,#2154),.PCURVE_S1.);
#2142 = CIRCLE('',#2143,14.);
#2143 = AXIS2_PLACEMENT_3D('',#2144,#2145,#2146);
#2144 = CARTESIAN_POINT('',(-49.5,33.,25.));
#2145 = DIRECTION('',(0.,-1.,0.));
#2146 = DIRECTION('',(1.,0.,0.));
#2147 = PCURVE('',#100,#2148);
#2148 = DEFINITIONAL_REPRESENTATION('',(#2149),#2153);
#2149 = CIRCLE('',#2150,14.);
#2150 = AXIS2_PLACEMENT_2D('',#2151,#2152);
#2151 = CARTESIAN_POINT('',(-10.5,22.));
#2152 = DIRECTION('',(1.,0.));
#2153 = ( GEOMETRIC_REPRESENTATION_CONTEXT(2) 
PARAMETRIC_REPRESENTATION_CONTEXT() REPRESENTATION_CONTEXT('2D SPACE',''
  ) );
#2154 = PCURVE('',#2155,#2160);
#2155 = CYLINDRICAL_SURFACE('',#2156,14.);
#2156 = AXIS2_PLACEMENT_3D('',#2157,#2158,#2159);
#2157 = CARTESIAN_POINT('',(-49.5,33.,25.));
#2158 = DIRECTION('',(0.,-1.,0.));
#2159 = DIRECTION('',(1.,0.,0.));
#2160 = DEFINITIONAL_REPRESENTATION('',(#2161),#2165);
#2161 = LINE('',#2162,#2163);
#2162 = CARTESIAN_POINT('',(0.,0.));
#2163 = VECTOR('',#2164,1.);
#2164 = DIRECTION('',(1.,0.));
#2165 = ( GEOMETRIC_REPRESENTATION_CONTEXT(2) 
PARAMETRIC_REPRESENTATION_CONTEXT() REPRESENTATION_CONTEXT('2D SPACE',''
  ) );
#2166 = ORIENTED_EDGE('',*,*,#2167,.F.);
#2167 = EDGE_CURVE('',#2168,#2139,#2170,.T.);
#2168 = VERTEX_POINT('',#2169);
#2169 = CARTESIAN_POINT('',(-38.5,33.,43.));
#2170 = SURFACE_CURVE('',#2171,(#2175,#2182),.PCURVE_S1.);
#2171 = LINE('',#2172,#2173);
#2172 = CARTESIAN_POINT('',(-38.5,33.,3.));
#2173 = VECTOR('',#2174,1.);
#2174 = DIRECTION('',(0.,0.,-1.));
#2175 = PCURVE('',#100,#2176);
#2176 = DEFINITIONAL_REPRESENTATION('',(#2177),#2181);
#2177 = LINE('',#2178,#2179);
#2178 = CARTESIAN_POINT('',(0.5,0.));
#2179 = VECTOR('',#2180,1.);
#2180 = DIRECTION('',(0.,-1.));
#2181 = ( GEOMETRIC_REPRESENTATION_CONTEXT(2) 
PARAMETRIC_REPRESENTATION_CONTEXT() REPRESENTATION_CONTEXT('2D SPACE',''
  ) );
#2182 = PCURVE('',#2183,#2188);
#2183 = PLANE('',#2184);
#2184 = AXIS2_PLACEMENT_3D('',#2185,#2186,#2187);
#2185 = CARTESIAN_POINT('',(-38.5,40.,3.));
#2186 = DIRECTION('',(-1.,-1.9E-16,0.));
#2187 = DIRECTION('',(1.9E-16,-1.,0.));
#2188 = DEFINITIONAL_REPRESENTATION('',(#2189),#2193);
#2189 = LINE('',#2190,#2191);
#2190 = CARTESIAN_POINT('',(7.,0.));
#2191 = VECTOR('',#2192,1.);
#2192 = DIRECTION('',(0.,-1.));
#2193 = ( GEOMETRIC_REPRESENTATION_CONTEXT(2) 
PARAMETRIC_REPRESENTATION_CONTEXT() REPRESENTATION_CONTEXT('2D SPACE',''
  ) );
#2194 = ORIENTED_EDGE('',*,*,#2195,.F.);
#2195 = EDGE_CURVE('',#2196,#2168,#2198,.T.);
#2196 = VERTEX_POINT('',#2197);
#2197 = CARTESIAN_POINT('',(-36.,33.,43.));
#2198 = SURFACE_CURVE('',#2199,(#2203,#2210),.PCURVE_S1.);
#2199 = LINE('',#2200,#2201);
#2200 = CARTESIAN_POINT('',(-22.25131578947,33.,43.));
#2201 = VECTOR('',#2202,1.);
#2202 = DIRECTION('',(-1.,0.,0.));
#2203 = PCURVE('',#100,#2204);
#2204 = DEFINITIONAL_REPRESENTATION('',(#2205),#2209);
#2205 = LINE('',#2206,#2207);
#2206 = CARTESIAN_POINT('',(16.748684210526,40.));
#2207 = VECTOR('',#2208,1.);
#2208 = DIRECTION('',(-1.,0.));
#2209 = ( GEOMETRIC_REPRESENTATION_CONTEXT(2) 
PARAMETRIC_REPRESENTATION_CONTEXT() REPRESENTATION_CONTEXT('2D SPACE',''
  ) );
#2210 = PCURVE('',#2211,#2216);
#2211 = PLANE('',#2212);
#2212 = AXIS2_PLACEMENT_3D('',#2213,#2214,#2215);
#2213 = CARTESIAN_POINT('',(-5.502631578947,25.497368421053,43.));
#2214 = DIRECTION('',(0.,0.,1.));
#2215 = DIRECTION('',(1.,0.,-0.));
#2216 = DEFINITIONAL_REPRESENTATION('',(#2217),#2221);
#2217 = LINE('',#2218,#2219);
#2218 = CARTESIAN_POINT('',(-16.74868421052,7.502631578947));
#2219 = VECTOR('',#2220,1.);
#2220 = DIRECTION('',(-1.,0.));
#2221 = ( GEOMETRIC_REPRESENTATION_CONTEXT(2) 
PARAMETRIC_REPRESENTATION_CONTEXT() REPRESENTATION_CONTEXT('2D SPACE',''
  ) );
#2222 = ORIENTED_EDGE('',*,*,#2223,.T.);
#2223 = EDGE_CURVE('',#2196,#362,#2224,.T.);
#2224 = SURFACE_CURVE('',#2225,(#2229,#2236),.PCURVE_S1.);
#2225 = LINE('',#2226,#2227);
#2226 = CARTESIAN_POINT('',(-36.,33.,31.5));
#2227 = VECTOR('',#2228,1.);
#2228 = DIRECTION('',(3.5E-16,0.,1.));
#2229 = PCURVE('',#100,#2230);
#2230 = DEFINITIONAL_REPRESENTATION('',(#2231),#2235);
#2231 = LINE('',#2232,#2233);
#2232 = CARTESIAN_POINT('',(3.,28.5));
#2233 = VECTOR('',#2234,1.);
#2234 = DIRECTION('',(3.5E-16,1.));
#2235 = ( GEOMETRIC_REPRESENTATION_CONTEXT(2) 
PARAMETRIC_REPRESENTATION_CONTEXT() REPRESENTATION_CONTEXT('2D SPACE',''
  ) );
#2236 = PCURVE('',#400,#2237);
#2237 = DEFINITIONAL_REPRESENTATION('',(#2238),#2242);
#2238 = LINE('',#2239,#2240);
#2239 = CARTESIAN_POINT('',(0.,28.5));
#2240 = VECTOR('',#2241,1.);
#2241 = DIRECTION('',(0.,1.));
#2242 = ( GEOMETRIC_REPRESENTATION_CONTEXT(2) 
PARAMETRIC_REPRESENTATION_CONTEXT() REPRESENTATION_CONTEXT('2D SPACE',''
  ) );
#2243 = ORIENTED_EDGE('',*,*,#361,.T.);
#2244 = ORIENTED_EDGE('',*,*,#256,.T.);
#2245 = ORIENTED_EDGE('',*,*,#746,.F.);
#2246 = ADVANCED_FACE('',(#2247),#2260,.F.);
#2247 = FACE_BOUND('',#2248,.F.);
#2248 = EDGE_LOOP('',(#2249,#2282,#2304,#2331));
#2249 = ORIENTED_EDGE('',*,*,#2250,.T.);
#2250 = EDGE_CURVE('',#2251,#2251,#2253,.T.);
#2251 = VERTEX_POINT('',#2252);
#2252 = CARTESIAN_POINT('',(-44.,20.,3.));
#2253 = SURFACE_CURVE('',#2254,(#2259,#2271),.PCURVE_S1.);
#2254 = CIRCLE('',#2255,3.);
#2255 = AXIS2_PLACEMENT_3D('',#2256,#2257,#2258);
#2256 = CARTESIAN_POINT('',(-41.,20.,3.));
#2257 = DIRECTION('',(0.,0.,-1.));
#2258 = DIRECTION('',(1.,0.,0.));
#2259 = PCURVE('',#2260,#2265);
#2260 = CYLINDRICAL_SURFACE('',#2261,3.);
#2261 = AXIS2_PLACEMENT_3D('',#2262,#2263,#2264);
#2262 = CARTESIAN_POINT('',(-41.,20.,0.));
#2263 = DIRECTION('',(0.,0.,1.));
#2264 = DIRECTION('',(1.,0.,-0.));
#2265 = DEFINITIONAL_REPRESENTATION('',(#2266),#2270);
#2266 = LINE('',#2267,#2268);
#2267 = CARTESIAN_POINT('',(12.566370614359,3.));
#2268 = VECTOR('',#2269,1.);
#2269 = DIRECTION('',(-1.,0.));
#2270 = ( GEOMETRIC_REPRESENTATION_CONTEXT(2) 
PARAMETRIC_REPRESENTATION_CONTEXT() REPRESENTATION_CONTEXT('2D SPACE',''
  ) );
#2271 = PCURVE('',#1629,#2272);
#2272 = DEFINITIONAL_REPRESENTATION('',(#2273),#2281);
#2273 = ( BOUNDED_CURVE() B_SPLINE_CURVE(2,(#2274,#2275,#2276,#2277,
#2278,#2279,#2280),.UNSPECIFIED.,.T.,.F.) B_SPLINE_CURVE_WITH_KNOTS((1,2
    ,2,2,2,1),(-2.094395102393,0.,2.094395102393,4.188790204786,
6.28318530718,8.377580409573),.UNSPECIFIED.) CURVE() 
GEOMETRIC_REPRESENTATION_ITEM() RATIONAL_B_SPLINE_CURVE((1.,0.5,1.,0.5,
1.,0.5,1.)) REPRESENTATION_ITEM('') );
#2274 = CARTESIAN_POINT('',(-38.,20.));
#2275 = CARTESIAN_POINT('',(-38.,14.803847577293));
#2276 = CARTESIAN_POINT('',(-42.5,17.401923788647));
#2277 = CARTESIAN_POINT('',(-47.,20.));
#2278 = CARTESIAN_POINT('',(-42.5,22.598076211353));
#2279 = CARTESIAN_POINT('',(-38.,25.196152422707));
#2280 = CARTESIAN_POINT('',(-38.,20.));
#2281 = ( GEOMETRIC_REPRESENTATION_CONTEXT(2) 
PARAMETRIC_REPRESENTATION_CONTEXT() REPRESENTATION_CONTEXT('2D SPACE',''
  ) );
#2282 = ORIENTED_EDGE('',*,*,#2283,.F.);
#2283 = EDGE_CURVE('',#2284,#2251,#2286,.T.);
#2284 = VERTEX_POINT('',#2285);
#2285 = CARTESIAN_POINT('',(-44.,20.,0.));
#2286 = SEAM_CURVE('',#2287,(#2290,#2297),.PCURVE_S1.);
#2287 = B_SPLINE_CURVE_WITH_KNOTS('',1,(#2288,#2289),.UNSPECIFIED.,.F.,
  .F.,(2,2),(0.,3.),.PIECEWISE_BEZIER_KNOTS.);
#2288 = CARTESIAN_POINT('',(-44.,20.,0.));
#2289 = CARTESIAN_POINT('',(-44.,20.,3.));
#2290 = PCURVE('',#2260,#2291);
#2291 = DEFINITIONAL_REPRESENTATION('',(#2292),#2296);
#2292 = LINE('',#2293,#2294);
#2293 = CARTESIAN_POINT('',(3.14159265359,0.));
#2294 = VECTOR('',#2295,1.);
#2295 = DIRECTION('',(0.,1.));
#2296 = ( GEOMETRIC_REPRESENTATION_CONTEXT(2) 
PARAMETRIC_REPRESENTATION_CONTEXT() REPRESENTATION_CONTEXT('2D SPACE',''
  ) );
#2297 = PCURVE('',#2260,#2298);
#2298 = DEFINITIONAL_REPRESENTATION('',(#2299),#2303);
#2299 = LINE('',#2300,#2301);
#2300 = CARTESIAN_POINT('',(9.424777960769,0.));
#2301 = VECTOR('',#2302,1.);
#2302 = DIRECTION('',(0.,1.));
#2303 = ( GEOMETRIC_REPRESENTATION_CONTEXT(2) 
PARAMETRIC_REPRESENTATION_CONTEXT() REPRESENTATION_CONTEXT('2D SPACE',''
  ) );
#2304 = ORIENTED_EDGE('',*,*,#2305,.T.);
#2305 = EDGE_CURVE('',#2284,#2284,#2306,.T.);
#2306 = SURFACE_CURVE('',#2307,(#2312,#2319),.PCURVE_S1.);
#2307 = CIRCLE('',#2308,3.);
#2308 = AXIS2_PLACEMENT_3D('',#2309,#2310,#2311);
#2309 = CARTESIAN_POINT('',(-41.,20.,0.));
#2310 = DIRECTION('',(0.,0.,1.));
#2311 = DIRECTION('',(1.,0.,-0.));
#2312 = PCURVE('',#2260,#2313);
#2313 = DEFINITIONAL_REPRESENTATION('',(#2314),#2318);
#2314 = LINE('',#2315,#2316);
#2315 = CARTESIAN_POINT('',(0.,0.));
#2316 = VECTOR('',#2317,1.);
#2317 = DIRECTION('',(1.,0.));
#2318 = ( GEOMETRIC_REPRESENTATION_CONTEXT(2) 
PARAMETRIC_REPRESENTATION_CONTEXT() REPRESENTATION_CONTEXT('2D SPACE',''
  ) );
#2319 = PCURVE('',#2320,#2325);
#2320 = PLANE('',#2321);
#2321 = AXIS2_PLACEMENT_3D('',#2322,#2323,#2324);
#2322 = CARTESIAN_POINT('',(3.2E-16,-1.92E-15,0.));
#2323 = DIRECTION('',(0.,0.,1.));
#2324 = DIRECTION('',(1.,0.,-0.));
#2325 = DEFINITIONAL_REPRESENTATION('',(#2326),#2330);
#2326 = CIRCLE('',#2327,3.);
#2327 = AXIS2_PLACEMENT_2D('',#2328,#2329);
#2328 = CARTESIAN_POINT('',(-41.,20.));
#2329 = DIRECTION('',(1.,0.));
#2330 = ( GEOMETRIC_REPRESENTATION_CONTEXT(2) 
PARAMETRIC_REPRESENTATION_CONTEXT() REPRESENTATION_CONTEXT('2D SPACE',''
  ) );
#2331 = ORIENTED_EDGE('',*,*,#2283,.T.);
#2332 = ADVANCED_FACE('',(#2333),#2346,.F.);
#2333 = FACE_BOUND('',#2334,.F.);
#2334 = EDGE_LOOP('',(#2335,#2368,#2390,#2414,#2436));
#2335 = ORIENTED_EDGE('',*,*,#2336,.T.);
#2336 = EDGE_CURVE('',#2337,#2337,#2339,.T.);
#2337 = VERTEX_POINT('',#2338);
#2338 = CARTESIAN_POINT('',(-41.,-23.,3.));
#2339 = SURFACE_CURVE('',#2340,(#2345,#2357),.PCURVE_S1.);
#2340 = CIRCLE('',#2341,3.);
#2341 = AXIS2_PLACEMENT_3D('',#2342,#2343,#2344);
#2342 = CARTESIAN_POINT('',(-41.,-20.,3.));
#2343 = DIRECTION('',(0.,0.,-1.));
#2344 = DIRECTION('',(1.,0.,0.));
#2345 = PCURVE('',#2346,#2351);
#2346 = CYLINDRICAL_SURFACE('',#2347,3.);
#2347 = AXIS2_PLACEMENT_3D('',#2348,#2349,#2350);
#2348 = CARTESIAN_POINT('',(-41.,-20.,0.));
#2349 = DIRECTION('',(0.,0.,1.));
#2350 = DIRECTION('',(1.,0.,-0.));
#2351 = DEFINITIONAL_REPRESENTATION('',(#2352),#2356);
#2352 = LINE('',#2353,#2354);
#2353 = CARTESIAN_POINT('',(12.566370614359,3.));
#2354 = VECTOR('',#2355,1.);
#2355 = DIRECTION('',(-1.,0.));
#2356 = ( GEOMETRIC_REPRESENTATION_CONTEXT(2) 
PARAMETRIC_REPRESENTATION_CONTEXT() REPRESENTATION_CONTEXT('2D SPACE',''
  ) );
#2357 = PCURVE('',#1629,#2358);
#2358 = DEFINITIONAL_REPRESENTATION('',(#2359),#2367);
#2359 = ( BOUNDED_CURVE() B_SPLINE_CURVE(2,(#2360,#2361,#2362,#2363,
#2364,#2365,#2366),.UNSPECIFIED.,.T.,.F.) B_SPLINE_CURVE_WITH_KNOTS((1,2
    ,2,2,2,1),(-2.094395102393,0.,2.094395102393,4.188790204786,
6.28318530718,8.377580409573),.UNSPECIFIED.) CURVE() 
GEOMETRIC_REPRESENTATION_ITEM() RATIONAL_B_SPLINE_CURVE((1.,0.5,1.,0.5,
1.,0.5,1.)) REPRESENTATION_ITEM('') );
#2360 = CARTESIAN_POINT('',(-38.,-20.));
#2361 = CARTESIAN_POINT('',(-38.,-25.1961524227));
#2362 = CARTESIAN_POINT('',(-42.5,-22.59807621135));
#2363 = CARTESIAN_POINT('',(-47.,-20.));
#2364 = CARTESIAN_POINT('',(-42.5,-17.40192378864));
#2365 = CARTESIAN_POINT('',(-38.,-14.80384757729));
#2366 = CARTESIAN_POINT('',(-38.,-20.));
#2367 = ( GEOMETRIC_REPRESENTATION_CONTEXT(2) 
PARAMETRIC_REPRESENTATION_CONTEXT() REPRESENTATION_CONTEXT('2D SPACE',''
  ) );
#2368 = ORIENTED_EDGE('',*,*,#2369,.F.);
#2369 = EDGE_CURVE('',#2370,#2337,#2372,.T.);
#2370 = VERTEX_POINT('',#2371);
#2371 = CARTESIAN_POINT('',(-41.,-23.,0.));
#2372 = SEAM_CURVE('',#2373,(#2376,#2383),.PCURVE_S1.);
#2373 = B_SPLINE_CURVE_WITH_KNOTS('',1,(#2374,#2375),.UNSPECIFIED.,.F.,
  .F.,(2,2),(0.,3.),.PIECEWISE_BEZIER_KNOTS.);
#2374 = CARTESIAN_POINT('',(-41.,-23.,0.));
#2375 = CARTESIAN_POINT('',(-41.,-23.,3.));
#2376 = PCURVE('',#2346,#2377);
#2377 = DEFINITIONAL_REPRESENTATION('',(#2378),#2382);
#2378 = LINE('',#2379,#2380);
#2379 = CARTESIAN_POINT('',(4.712388980385,0.));
#2380 = VECTOR('',#2381,1.);
#2381 = DIRECTION('',(0.,1.));
#2382 = ( GEOMETRIC_REPRESENTATION_CONTEXT(2) 
PARAMETRIC_REPRESENTATION_CONTEXT() REPRESENTATION_CONTEXT('2D SPACE',''
  ) );
#2383 = PCURVE('',#2346,#2384);
#2384 = DEFINITIONAL_REPRESENTATION('',(#2385),#2389);
#2385 = LINE('',#2386,#2387);
#2386 = CARTESIAN_POINT('',(10.995574287564,0.));
#2387 = VECTOR('',#2388,1.);
#2388 = DIRECTION('',(0.,1.));
#2389 = ( GEOMETRIC_REPRESENTATION_CONTEXT(2) 
PARAMETRIC_REPRESENTATION_CONTEXT() REPRESENTATION_CONTEXT('2D SPACE',''
  ) );
#2390 = ORIENTED_EDGE('',*,*,#2391,.T.);
#2391 = EDGE_CURVE('',#2370,#2392,#2394,.T.);
#2392 = VERTEX_POINT('',#2393);
#2393 = CARTESIAN_POINT('',(-44.,-20.,0.));
#2394 = SURFACE_CURVE('',#2395,(#2400,#2407),.PCURVE_S1.);
#2395 = CIRCLE('',#2396,3.);
#2396 = AXIS2_PLACEMENT_3D('',#2397,#2398,#2399);
#2397 = CARTESIAN_POINT('',(-41.,-20.,0.));
#2398 = DIRECTION('',(0.,0.,1.));
#2399 = DIRECTION('',(1.,0.,-0.));
#2400 = PCURVE('',#2346,#2401);
#2401 = DEFINITIONAL_REPRESENTATION('',(#2402),#2406);
#2402 = LINE('',#2403,#2404);
#2403 = CARTESIAN_POINT('',(0.,0.));
#2404 = VECTOR('',#2405,1.);
#2405 = DIRECTION('',(1.,0.));
#2406 = ( GEOMETRIC_REPRESENTATION_CONTEXT(2) 
PARAMETRIC_REPRESENTATION_CONTEXT() REPRESENTATION_CONTEXT('2D SPACE',''
  ) );
#2407 = PCURVE('',#2320,#2408);
#2408 = DEFINITIONAL_REPRESENTATION('',(#2409),#2413);
#2409 = CIRCLE('',#2410,3.);
#2410 = AXIS2_PLACEMENT_2D('',#2411,#2412);
#2411 = CARTESIAN_POINT('',(-41.,-20.));
#2412 = DIRECTION('',(1.,0.));
#2413 = ( GEOMETRIC_REPRESENTATION_CONTEXT(2) 
PARAMETRIC_REPRESENTATION_CONTEXT() REPRESENTATION_CONTEXT('2D SPACE',''
  ) );
#2414 = ORIENTED_EDGE('',*,*,#2415,.T.);
#2415 = EDGE_CURVE('',#2392,#2370,#2416,.T.);
#2416 = SURFACE_CURVE('',#2417,(#2422,#2429),.PCURVE_S1.);
#2417 = CIRCLE('',#2418,3.);
#2418 = AXIS2_PLACEMENT_3D('',#2419,#2420,#2421);
#2419 = CARTESIAN_POINT('',(-41.,-20.,0.));
#2420 = DIRECTION('',(0.,0.,1.));
#2421 = DIRECTION('',(1.,0.,-0.));
#2422 = PCURVE('',#2346,#2423);
#2423 = DEFINITIONAL_REPRESENTATION('',(#2424),#2428);
#2424 = LINE('',#2425,#2426);
#2425 = CARTESIAN_POINT('',(6.28318530718,0.));
#2426 = VECTOR('',#2427,1.);
#2427 = DIRECTION('',(1.,0.));
#2428 = ( GEOMETRIC_REPRESENTATION_CONTEXT(2) 
PARAMETRIC_REPRESENTATION_CONTEXT() REPRESENTATION_CONTEXT('2D SPACE',''
  ) );
#2429 = PCURVE('',#2320,#2430);
#2430 = DEFINITIONAL_REPRESENTATION('',(#2431),#2435);
#2431 = CIRCLE('',#2432,3.);
#2432 = AXIS2_PLACEMENT_2D('',#2433,#2434);
#2433 = CARTESIAN_POINT('',(-41.,-20.));
#2434 = DIRECTION('',(1.,0.));
#2435 = ( GEOMETRIC_REPRESENTATION_CONTEXT(2) 
PARAMETRIC_REPRESENTATION_CONTEXT() REPRESENTATION_CONTEXT('2D SPACE',''
  ) );
#2436 = ORIENTED_EDGE('',*,*,#2369,.T.);
#2437 = ADVANCED_FACE('',(#2438,#2616,#2679,#2742,#2777,#2812,#2847,
    #2882,#2952,#2955,#3095,#3634,#3840),#1629,.T.);
#2438 = FACE_BOUND('',#2439,.T.);
#2439 = EDGE_LOOP('',(#2440,#2470,#2498,#2526,#2554));
#2440 = ORIENTED_EDGE('',*,*,#2441,.T.);
#2441 = EDGE_CURVE('',#2442,#2444,#2446,.T.);
#2442 = VERTEX_POINT('',#2443);
#2443 = CARTESIAN_POINT('',(23.022758664048,10.,3.));
#2444 = VERTEX_POINT('',#2445);
#2445 = CARTESIAN_POINT('',(5.5,10.,3.));
#2446 = SURFACE_CURVE('',#2447,(#2451,#2458),.PCURVE_S1.);
#2447 = LINE('',#2448,#2449);
#2448 = CARTESIAN_POINT('',(-12.5,10.,3.));
#2449 = VECTOR('',#2450,1.);
#2450 = DIRECTION('',(-1.,9.E-17,0.));
#2451 = PCURVE('',#1629,#2452);
#2452 = DEFINITIONAL_REPRESENTATION('',(#2453),#2457);
#2453 = LINE('',#2454,#2455);
#2454 = CARTESIAN_POINT('',(-12.5,10.));
#2455 = VECTOR('',#2456,1.);
#2456 = DIRECTION('',(-1.,9.E-17));
#2457 = ( GEOMETRIC_REPRESENTATION_CONTEXT(2) 
PARAMETRIC_REPRESENTATION_CONTEXT() REPRESENTATION_CONTEXT('2D SPACE',''
  ) );
#2458 = PCURVE('',#2459,#2464);
#2459 = PLANE('',#2460);
#2460 = AXIS2_PLACEMENT_3D('',#2461,#2462,#2463);
#2461 = CARTESIAN_POINT('',(-25.,10.,3.));
#2462 = DIRECTION('',(-9.E-17,-1.,0.));
#2463 = DIRECTION('',(1.,-9.E-17,0.));
#2464 = DEFINITIONAL_REPRESENTATION('',(#2465),#2469);
#2465 = LINE('',#2466,#2467);
#2466 = CARTESIAN_POINT('',(12.5,0.));
#2467 = VECTOR('',#2468,1.);
#2468 = DIRECTION('',(-1.,0.));
#2469 = ( GEOMETRIC_REPRESENTATION_CONTEXT(2) 
PARAMETRIC_REPRESENTATION_CONTEXT() REPRESENTATION_CONTEXT('2D SPACE',''
  ) );
#2470 = ORIENTED_EDGE('',*,*,#2471,.F.);
#2471 = EDGE_CURVE('',#2472,#2444,#2474,.T.);
#2472 = VERTEX_POINT('',#2473);
#2473 = CARTESIAN_POINT('',(5.5,22.,3.));
#2474 = SURFACE_CURVE('',#2475,(#2479,#2486),.PCURVE_S1.);
#2475 = LINE('',#2476,#2477);
#2476 = CARTESIAN_POINT('',(5.5,11.,3.));
#2477 = VECTOR('',#2478,1.);
#2478 = DIRECTION('',(0.,-1.,0.));
#2479 = PCURVE('',#1629,#2480);
#2480 = DEFINITIONAL_REPRESENTATION('',(#2481),#2485);
#2481 = LINE('',#2482,#2483);
#2482 = CARTESIAN_POINT('',(5.5,11.));
#2483 = VECTOR('',#2484,1.);
#2484 = DIRECTION('',(0.,-1.));
#2485 = ( GEOMETRIC_REPRESENTATION_CONTEXT(2) 
PARAMETRIC_REPRESENTATION_CONTEXT() REPRESENTATION_CONTEXT('2D SPACE',''
  ) );
#2486 = PCURVE('',#2487,#2492);
#2487 = CYLINDRICAL_SURFACE('',#2488,10.5);
#2488 = AXIS2_PLACEMENT_3D('',#2489,#2490,#2491);
#2489 = CARTESIAN_POINT('',(5.5,11.,13.5));
#2490 = DIRECTION('',(0.,-1.,0.));
#2491 = DIRECTION('',(0.707106781187,0.,-0.707106781187));
#2492 = DEFINITIONAL_REPRESENTATION('',(#2493),#2497);
#2493 = LINE('',#2494,#2495);
#2494 = CARTESIAN_POINT('',(-0.785398163397,0.));
#2495 = VECTOR('',#2496,1.);
#2496 = DIRECTION('',(0.,1.));
#2497 = ( GEOMETRIC_REPRESENTATION_CONTEXT(2) 
PARAMETRIC_REPRESENTATION_CONTEXT() REPRESENTATION_CONTEXT('2D SPACE',''
  ) );
#2498 = ORIENTED_EDGE('',*,*,#2499,.T.);
#2499 = EDGE_CURVE('',#2472,#2500,#2502,.T.);
#2500 = VERTEX_POINT('',#2501);
#2501 = CARTESIAN_POINT('',(31.25,22.,3.));
#2502 = SURFACE_CURVE('',#2503,(#2507,#2514),.PCURVE_S1.);
#2503 = LINE('',#2504,#2505);
#2504 = CARTESIAN_POINT('',(-1.253787878788,22.,3.));
#2505 = VECTOR('',#2506,1.);
#2506 = DIRECTION('',(1.,0.,0.));
#2507 = PCURVE('',#1629,#2508);
#2508 = DEFINITIONAL_REPRESENTATION('',(#2509),#2513);
#2509 = LINE('',#2510,#2511);
#2510 = CARTESIAN_POINT('',(-1.253787878788,22.));
#2511 = VECTOR('',#2512,1.);
#2512 = DIRECTION('',(1.,0.));
#2513 = ( GEOMETRIC_REPRESENTATION_CONTEXT(2) 
PARAMETRIC_REPRESENTATION_CONTEXT() REPRESENTATION_CONTEXT('2D SPACE',''
  ) );
#2514 = PCURVE('',#2515,#2520);
#2515 = PLANE('',#2516);
#2516 = AXIS2_PLACEMENT_3D('',#2517,#2518,#2519);
#2517 = CARTESIAN_POINT('',(-2.507575757576,22.,24.212121212121));
#2518 = DIRECTION('',(0.,-1.,0.));
#2519 = DIRECTION('',(0.,0.,-1.));
#2520 = DEFINITIONAL_REPRESENTATION('',(#2521),#2525);
#2521 = LINE('',#2522,#2523);
#2522 = CARTESIAN_POINT('',(21.212121212121,1.253787878788));
#2523 = VECTOR('',#2524,1.);
#2524 = DIRECTION('',(0.,1.));
#2525 = ( GEOMETRIC_REPRESENTATION_CONTEXT(2) 
PARAMETRIC_REPRESENTATION_CONTEXT() REPRESENTATION_CONTEXT('2D SPACE',''
  ) );
#2526 = ORIENTED_EDGE('',*,*,#2527,.F.);
#2527 = EDGE_CURVE('',#2528,#2500,#2530,.T.);
#2528 = VERTEX_POINT('',#2529);
#2529 = CARTESIAN_POINT('',(31.25,14.75,3.));
#2530 = SURFACE_CURVE('',#2531,(#2535,#2542),.PCURVE_S1.);
#2531 = LINE('',#2532,#2533);
#2532 = CARTESIAN_POINT('',(31.25,5.,3.));
#2533 = VECTOR('',#2534,1.);
#2534 = DIRECTION('',(3.E-16,1.,0.));
#2535 = PCURVE('',#1629,#2536);
#2536 = DEFINITIONAL_REPRESENTATION('',(#2537),#2541);
#2537 = LINE('',#2538,#2539);
#2538 = CARTESIAN_POINT('',(31.25,5.));
#2539 = VECTOR('',#2540,1.);
#2540 = DIRECTION('',(3.E-16,1.));
#2541 = ( GEOMETRIC_REPRESENTATION_CONTEXT(2) 
PARAMETRIC_REPRESENTATION_CONTEXT() REPRESENTATION_CONTEXT('2D SPACE',''
  ) );
#2542 = PCURVE('',#2543,#2548);
#2543 = CYLINDRICAL_SURFACE('',#2544,4.75);
#2544 = AXIS2_PLACEMENT_3D('',#2545,#2546,#2547);
#2545 = CARTESIAN_POINT('',(31.25,5.,7.75));
#2546 = DIRECTION('',(-3.E-16,-1.,0.));
#2547 = DIRECTION('',(-0.707106781187,2.12132034356E-16,-0.707106781187)
  );
#2548 = DEFINITIONAL_REPRESENTATION('',(#2549),#2553);
#2549 = LINE('',#2550,#2551);
#2550 = CARTESIAN_POINT('',(7.068583470577,0.));
#2551 = VECTOR('',#2552,1.);
#2552 = DIRECTION('',(0.,-1.));
#2553 = ( GEOMETRIC_REPRESENTATION_CONTEXT(2) 
PARAMETRIC_REPRESENTATION_CONTEXT() REPRESENTATION_CONTEXT('2D SPACE',''
  ) );
#2554 = ORIENTED_EDGE('',*,*,#2555,.T.);
#2555 = EDGE_CURVE('',#2528,#2442,#2556,.T.);
#2556 = SURFACE_CURVE('',#2557,(#2568,#2582),.PCURVE_S1.);
#2557 = B_SPLINE_CURVE_WITH_KNOTS('',3,(#2558,#2559,#2560,#2561,#2562,
    #2563,#2564,#2565,#2566,#2567),.UNSPECIFIED.,.F.,.F.,(4,2,2,2,4),(0.
    ,0.279211695441,0.558423390881,0.740023553968,0.921623717054),
  .UNSPECIFIED.);
#2558 = CARTESIAN_POINT('',(31.25,14.75,3.));
#2559 = CARTESIAN_POINT('',(30.591891722558,14.091891722558,3.));
#2560 = CARTESIAN_POINT('',(29.868817154088,13.366130310059,3.));
#2561 = CARTESIAN_POINT('',(28.329431809533,12.037459149315,3.));
#2562 = CARTESIAN_POINT('',(27.508144480108,11.440326125712,3.));
#2563 = CARTESIAN_POINT('',(26.155564877859,10.712352326418,3.));
#2564 = CARTESIAN_POINT('',(25.545528031391,10.44926037157,3.));
#2565 = CARTESIAN_POINT('',(24.281982626833,10.092408058624,3.));
#2566 = CARTESIAN_POINT('',(23.628092541002,10.,3.));
#2567 = CARTESIAN_POINT('',(23.022758664048,10.,3.));
#2568 = PCURVE('',#1629,#2569);
#2569 = DEFINITIONAL_REPRESENTATION('',(#2570),#2581);
#2570 = B_SPLINE_CURVE_WITH_KNOTS('',3,(#2571,#2572,#2573,#2574,#2575,
    #2576,#2577,#2578,#2579,#2580),.UNSPECIFIED.,.F.,.F.,(4,2,2,2,4),(0.
    ,0.279211695441,0.558423390881,0.740023553968,0.921623717054),
  .UNSPECIFIED.);
#2571 = CARTESIAN_POINT('',(31.25,14.75));
#2572 = CARTESIAN_POINT('',(30.591891722558,14.091891722558));
#2573 = CARTESIAN_POINT('',(29.868817154088,13.366130310059));
#2574 = CARTESIAN_POINT('',(28.329431809533,12.037459149315));
#2575 = CARTESIAN_POINT('',(27.508144480108,11.440326125712));
#2576 = CARTESIAN_POINT('',(26.155564877859,10.712352326418));
#2577 = CARTESIAN_POINT('',(25.545528031391,10.44926037157));
#2578 = CARTESIAN_POINT('',(24.281982626833,10.092408058624));
#2579 = CARTESIAN_POINT('',(23.628092541002,10.));
#2580 = CARTESIAN_POINT('',(23.022758664048,10.));
#2581 = ( GEOMETRIC_REPRESENTATION_CONTEXT(2) 
PARAMETRIC_REPRESENTATION_CONTEXT() REPRESENTATION_CONTEXT('2D SPACE',''
  ) );
#2582 = PCURVE('',#2583,#2588);
#2583 = TOROIDAL_SURFACE('',#2584,9.5,4.75);
#2584 = AXIS2_PLACEMENT_3D('',#2585,#2586,#2587);
#2585 = CARTESIAN_POINT('',(31.25,14.75,7.75));
#2586 = DIRECTION('',(-9.E-17,-1.,0.));
#2587 = DIRECTION('',(-0.,0.,-1.));
#2588 = DEFINITIONAL_REPRESENTATION('',(#2589),#2615);
#2589 = B_SPLINE_CURVE_WITH_KNOTS('',3,(#2590,#2591,#2592,#2593,#2594,
    #2595,#2596,#2597,#2598,#2599,#2600,#2601,#2602,#2603,#2604,#2605,
    #2606,#2607,#2608,#2609,#2610,#2611,#2612,#2613,#2614),
  .UNSPECIFIED.,.F.,.F.,(4,1,1,1,1,1,1,1,1,1,1,1,1,1,1,1,1,1,1,1,1,1,4),
  (0.,4.189198713882E-02,8.378397427764E-02,0.125675961416,
    0.167567948555,0.209459935694,0.251351922833,0.293243909972,
    0.335135897111,0.377027884249,0.418919871388,0.460811858527,
    0.502703845666,0.544595832805,0.586487819943,0.628379807082,
    0.670271794221,0.71216378136,0.754055768499,0.795947755638,
    0.837839742776,0.879731729915,0.921623717054),
  .QUASI_UNIFORM_KNOTS.);
#2590 = CARTESIAN_POINT('',(6.28318530718,3.14159265359));
#2591 = CARTESIAN_POINT('',(6.262402142883,3.120802304879));
#2592 = CARTESIAN_POINT('',(6.220202959487,3.078591571262));
#2593 = CARTESIAN_POINT('',(6.155666021378,3.013634780214));
#2594 = CARTESIAN_POINT('',(6.09053935895,2.947298200664));
#2595 = CARTESIAN_POINT('',(6.025513280352,2.879802540178));
#2596 = CARTESIAN_POINT('',(5.9612586507,2.811355279083));
#2597 = CARTESIAN_POINT('',(5.898390376989,2.742164020654));
#2598 = CARTESIAN_POINT('',(5.837458943389,2.67242403715));
#2599 = CARTESIAN_POINT('',(5.778811417787,2.602438975911));
#2600 = CARTESIAN_POINT('',(5.722903536774,2.532293766752));
#2601 = CARTESIAN_POINT('',(5.670039647544,2.462140964827));
#2602 = CARTESIAN_POINT('',(5.620406764998,2.392184082604));
#2603 = CARTESIAN_POINT('',(5.574058089807,2.322630921362));
#2604 = CARTESIAN_POINT('',(5.531048648859,2.253809023573));
#2605 = CARTESIAN_POINT('',(5.491034254689,2.185631501469));
#2606 = CARTESIAN_POINT('',(5.451487852591,2.113400016359));
#2607 = CARTESIAN_POINT('',(5.413667369334,2.038737736834));
#2608 = CARTESIAN_POINT('',(5.37783295751,1.962036515257));
#2609 = CARTESIAN_POINT('',(5.344302405009,1.884030450317));
#2610 = CARTESIAN_POINT('',(5.313229705323,1.80526092653));
#2611 = CARTESIAN_POINT('',(5.284744237702,1.72628849493));
#2612 = CARTESIAN_POINT('',(5.258871741388,1.647795304324));
#2613 = CARTESIAN_POINT('',(5.243333667749,1.596254027334));
#2614 = CARTESIAN_POINT('',(5.235987755983,1.570796326795));
#2615 = ( GEOMETRIC_REPRESENTATION_CONTEXT(2) 
PARAMETRIC_REPRESENTATION_CONTEXT() REPRESENTATION_CONTEXT('2D SPACE',''
  ) );
#2616 = FACE_BOUND('',#2617,.T.);
#2617 = EDGE_LOOP('',(#2618,#2653));
#2618 = ORIENTED_EDGE('',*,*,#2619,.T.);
#2619 = EDGE_CURVE('',#2620,#2622,#2624,.T.);
#2620 = VERTEX_POINT('',#2621);
#2621 = CARTESIAN_POINT('',(-37.75,28.5,3.));
#2622 = VERTEX_POINT('',#2623);
#2623 = CARTESIAN_POINT('',(-41.25,28.5,3.));
#2624 = SURFACE_CURVE('',#2625,(#2630,#2641),.PCURVE_S1.);
#2625 = CIRCLE('',#2626,1.75);
#2626 = AXIS2_PLACEMENT_3D('',#2627,#2628,#2629);
#2627 = CARTESIAN_POINT('',(-39.5,28.5,3.));
#2628 = DIRECTION('',(0.,0.,-1.));
#2629 = DIRECTION('',(-1.,0.,0.));
#2630 = PCURVE('',#1629,#2631);
#2631 = DEFINITIONAL_REPRESENTATION('',(#2632),#2640);
#2632 = ( BOUNDED_CURVE() B_SPLINE_CURVE(2,(#2633,#2634,#2635,#2636,
#2637,#2638,#2639),.UNSPECIFIED.,.T.,.F.) B_SPLINE_CURVE_WITH_KNOTS((1,2
    ,2,2,2,1),(-2.094395102393,0.,2.094395102393,4.188790204786,
6.28318530718,8.377580409573),.UNSPECIFIED.) CURVE() 
GEOMETRIC_REPRESENTATION_ITEM() RATIONAL_B_SPLINE_CURVE((1.,0.5,1.,0.5,
1.,0.5,1.)) REPRESENTATION_ITEM('') );
#2633 = CARTESIAN_POINT('',(-41.25,28.5));
#2634 = CARTESIAN_POINT('',(-41.25,31.531088913246));
#2635 = CARTESIAN_POINT('',(-38.625,30.015544456623));
#2636 = CARTESIAN_POINT('',(-36.,28.5));
#2637 = CARTESIAN_POINT('',(-38.625,26.984455543377));
#2638 = CARTESIAN_POINT('',(-41.25,25.468911086754));
#2639 = CARTESIAN_POINT('',(-41.25,28.5));
#2640 = ( GEOMETRIC_REPRESENTATION_CONTEXT(2) 
PARAMETRIC_REPRESENTATION_CONTEXT() REPRESENTATION_CONTEXT('2D SPACE',''
  ) );
#2641 = PCURVE('',#2642,#2647);
#2642 = CYLINDRICAL_SURFACE('',#2643,1.75);
#2643 = AXIS2_PLACEMENT_3D('',#2644,#2645,#2646);
#2644 = CARTESIAN_POINT('',(-39.5,28.5,4.));
#2645 = DIRECTION('',(0.,0.,-1.));
#2646 = DIRECTION('',(-1.,0.,0.));
#2647 = DEFINITIONAL_REPRESENTATION('',(#2648),#2652);
#2648 = LINE('',#2649,#2650);
#2649 = CARTESIAN_POINT('',(0.,1.));
#2650 = VECTOR('',#2651,1.);
#2651 = DIRECTION('',(1.,0.));
#2652 = ( GEOMETRIC_REPRESENTATION_CONTEXT(2) 
PARAMETRIC_REPRESENTATION_CONTEXT() REPRESENTATION_CONTEXT('2D SPACE',''
  ) );
#2653 = ORIENTED_EDGE('',*,*,#2654,.T.);
#2654 = EDGE_CURVE('',#2622,#2620,#2655,.T.);
#2655 = SURFACE_CURVE('',#2656,(#2661,#2672),.PCURVE_S1.);
#2656 = CIRCLE('',#2657,1.75);
#2657 = AXIS2_PLACEMENT_3D('',#2658,#2659,#2660);
#2658 = CARTESIAN_POINT('',(-39.5,28.5,3.));
#2659 = DIRECTION('',(0.,0.,-1.));
#2660 = DIRECTION('',(-1.,0.,0.));
#2661 = PCURVE('',#1629,#2662);
#2662 = DEFINITIONAL_REPRESENTATION('',(#2663),#2671);
#2663 = ( BOUNDED_CURVE() B_SPLINE_CURVE(2,(#2664,#2665,#2666,#2667,
#2668,#2669,#2670),.UNSPECIFIED.,.T.,.F.) B_SPLINE_CURVE_WITH_KNOTS((1,2
    ,2,2,2,1),(-2.094395102393,0.,2.094395102393,4.188790204786,
6.28318530718,8.377580409573),.UNSPECIFIED.) CURVE() 
GEOMETRIC_REPRESENTATION_ITEM() RATIONAL_B_SPLINE_CURVE((1.,0.5,1.,0.5,
1.,0.5,1.)) REPRESENTATION_ITEM('') );
#2664 = CARTESIAN_POINT('',(-41.25,28.5));
#2665 = CARTESIAN_POINT('',(-41.25,31.531088913246));
#2666 = CARTESIAN_POINT('',(-38.625,30.015544456623));
#2667 = CARTESIAN_POINT('',(-36.,28.5));
#2668 = CARTESIAN_POINT('',(-38.625,26.984455543377));
#2669 = CARTESIAN_POINT('',(-41.25,25.468911086754));
#2670 = CARTESIAN_POINT('',(-41.25,28.5));
#2671 = ( GEOMETRIC_REPRESENTATION_CONTEXT(2) 
PARAMETRIC_REPRESENTATION_CONTEXT() REPRESENTATION_CONTEXT('2D SPACE',''
  ) );
#2672 = PCURVE('',#2642,#2673);
#2673 = DEFINITIONAL_REPRESENTATION('',(#2674),#2678);
#2674 = LINE('',#2675,#2676);
#2675 = CARTESIAN_POINT('',(-6.28318530718,1.));
#2676 = VECTOR('',#2677,1.);
#2677 = DIRECTION('',(1.,0.));
#2678 = ( GEOMETRIC_REPRESENTATION_CONTEXT(2) 
PARAMETRIC_REPRESENTATION_CONTEXT() REPRESENTATION_CONTEXT('2D SPACE',''
  ) );
#2679 = FACE_BOUND('',#2680,.T.);
#2680 = EDGE_LOOP('',(#2681,#2716));
#2681 = ORIENTED_EDGE('',*,*,#2682,.T.);
#2682 = EDGE_CURVE('',#2683,#2685,#2687,.T.);
#2683 = VERTEX_POINT('',#2684);
#2684 = CARTESIAN_POINT('',(-57.75,28.5,3.));
#2685 = VERTEX_POINT('',#2686);
#2686 = CARTESIAN_POINT('',(-61.25,28.5,3.));
#2687 = SURFACE_CURVE('',#2688,(#2693,#2704),.PCURVE_S1.);
#2688 = CIRCLE('',#2689,1.75);
#2689 = AXIS2_PLACEMENT_3D('',#2690,#2691,#2692);
#2690 = CARTESIAN_POINT('',(-59.5,28.5,3.));
#2691 = DIRECTION('',(0.,0.,-1.));
#2692 = DIRECTION('',(-1.,0.,0.));
#2693 = PCURVE('',#1629,#2694);
#2694 = DEFINITIONAL_REPRESENTATION('',(#2695),#2703);
#2695 = ( BOUNDED_CURVE() B_SPLINE_CURVE(2,(#2696,#2697,#2698,#2699,
#2700,#2701,#2702),.UNSPECIFIED.,.T.,.F.) B_SPLINE_CURVE_WITH_KNOTS((1,2
    ,2,2,2,1),(-2.094395102393,0.,2.094395102393,4.188790204786,
6.28318530718,8.377580409573),.UNSPECIFIED.) CURVE() 
GEOMETRIC_REPRESENTATION_ITEM() RATIONAL_B_SPLINE_CURVE((1.,0.5,1.,0.5,
1.,0.5,1.)) REPRESENTATION_ITEM('') );
#2696 = CARTESIAN_POINT('',(-61.25,28.5));
#2697 = CARTESIAN_POINT('',(-61.25,31.531088913246));
#2698 = CARTESIAN_POINT('',(-58.625,30.015544456623));
#2699 = CARTESIAN_POINT('',(-56.,28.5));
#2700 = CARTESIAN_POINT('',(-58.625,26.984455543377));
#2701 = CARTESIAN_POINT('',(-61.25,25.468911086754));
#2702 = CARTESIAN_POINT('',(-61.25,28.5));
#2703 = ( GEOMETRIC_REPRESENTATION_CONTEXT(2) 
PARAMETRIC_REPRESENTATION_CONTEXT() REPRESENTATION_CONTEXT('2D SPACE',''
  ) );
#2704 = PCURVE('',#2705,#2710);
#2705 = CYLINDRICAL_SURFACE('',#2706,1.75);
#2706 = AXIS2_PLACEMENT_3D('',#2707,#2708,#2709);
#2707 = CARTESIAN_POINT('',(-59.5,28.5,4.));
#2708 = DIRECTION('',(0.,0.,-1.));
#2709 = DIRECTION('',(-1.,0.,0.));
#2710 = DEFINITIONAL_REPRESENTATION('',(#2711),#2715);
#2711 = LINE('',#2712,#2713);
#2712 = CARTESIAN_POINT('',(0.,1.));
#2713 = VECTOR('',#2714,1.);
#2714 = DIRECTION('',(1.,0.));
#2715 = ( GEOMETRIC_REPRESENTATION_CONTEXT(2) 
PARAMETRIC_REPRESENTATION_CONTEXT() REPRESENTATION_CONTEXT('2D SPACE',''
  ) );
#2716 = ORIENTED_EDGE('',*,*,#2717,.T.);
#2717 = EDGE_CURVE('',#2685,#2683,#2718,.T.);
#2718 = SURFACE_CURVE('',#2719,(#2724,#2735),.PCURVE_S1.);
#2719 = CIRCLE('',#2720,1.75);
#2720 = AXIS2_PLACEMENT_3D('',#2721,#2722,#2723);
#2721 = CARTESIAN_POINT('',(-59.5,28.5,3.));
#2722 = DIRECTION('',(0.,0.,-1.));
#2723 = DIRECTION('',(-1.,0.,0.));
#2724 = PCURVE('',#1629,#2725);
#2725 = DEFINITIONAL_REPRESENTATION('',(#2726),#2734);
#2726 = ( BOUNDED_CURVE() B_SPLINE_CURVE(2,(#2727,#2728,#2729,#2730,
#2731,#2732,#2733),.UNSPECIFIED.,.T.,.F.) B_SPLINE_CURVE_WITH_KNOTS((1,2
    ,2,2,2,1),(-2.094395102393,0.,2.094395102393,4.188790204786,
6.28318530718,8.377580409573),.UNSPECIFIED.) CURVE() 
GEOMETRIC_REPRESENTATION_ITEM() RATIONAL_B_SPLINE_CURVE((1.,0.5,1.,0.5,
1.,0.5,1.)) REPRESENTATION_ITEM('') );
#2727 = CARTESIAN_POINT('',(-61.25,28.5));
#2728 = CARTESIAN_POINT('',(-61.25,31.531088913246));
#2729 = CARTESIAN_POINT('',(-58.625,30.015544456623));
#2730 = CARTESIAN_POINT('',(-56.,28.5));
#2731 = CARTESIAN_POINT('',(-58.625,26.984455543377));
#2732 = CARTESIAN_POINT('',(-61.25,25.468911086754));
#2733 = CARTESIAN_POINT('',(-61.25,28.5));
#2734 = ( GEOMETRIC_REPRESENTATION_CONTEXT(2) 
PARAMETRIC_REPRESENTATION_CONTEXT() REPRESENTATION_CONTEXT('2D SPACE',''
  ) );
#2735 = PCURVE('',#2705,#2736);
#2736 = DEFINITIONAL_REPRESENTATION('',(#2737),#2741);
#2737 = LINE('',#2738,#2739);
#2738 = CARTESIAN_POINT('',(-6.28318530718,1.));
#2739 = VECTOR('',#2740,1.);
#2740 = DIRECTION('',(1.,0.));
#2741 = ( GEOMETRIC_REPRESENTATION_CONTEXT(2) 
PARAMETRIC_REPRESENTATION_CONTEXT() REPRESENTATION_CONTEXT('2D SPACE',''
  ) );
#2742 = FACE_BOUND('',#2743,.T.);
#2743 = EDGE_LOOP('',(#2744));
#2744 = ORIENTED_EDGE('',*,*,#2745,.T.);
#2745 = EDGE_CURVE('',#2746,#2746,#2748,.T.);
#2746 = VERTEX_POINT('',#2747);
#2747 = CARTESIAN_POINT('',(-45.75,40.,3.));
#2748 = SURFACE_CURVE('',#2749,(#2754,#2765),.PCURVE_S1.);
#2749 = CIRCLE('',#2750,1.75);
#2750 = AXIS2_PLACEMENT_3D('',#2751,#2752,#2753);
#2751 = CARTESIAN_POINT('',(-47.5,40.,3.));
#2752 = DIRECTION('',(0.,0.,-1.));
#2753 = DIRECTION('',(-1.,0.,0.));
#2754 = PCURVE('',#1629,#2755);
#2755 = DEFINITIONAL_REPRESENTATION('',(#2756),#2764);
#2756 = ( BOUNDED_CURVE() B_SPLINE_CURVE(2,(#2757,#2758,#2759,#2760,
#2761,#2762,#2763),.UNSPECIFIED.,.T.,.F.) B_SPLINE_CURVE_WITH_KNOTS((1,2
    ,2,2,2,1),(-2.094395102393,0.,2.094395102393,4.188790204786,
6.28318530718,8.377580409573),.UNSPECIFIED.) CURVE() 
GEOMETRIC_REPRESENTATION_ITEM() RATIONAL_B_SPLINE_CURVE((1.,0.5,1.,0.5,
1.,0.5,1.)) REPRESENTATION_ITEM('') );
#2757 = CARTESIAN_POINT('',(-49.25,40.));
#2758 = CARTESIAN_POINT('',(-49.25,43.031088913246));
#2759 = CARTESIAN_POINT('',(-46.625,41.515544456623));
#2760 = CARTESIAN_POINT('',(-44.,40.));
#2761 = CARTESIAN_POINT('',(-46.625,38.484455543377));
#2762 = CARTESIAN_POINT('',(-49.25,36.968911086754));
#2763 = CARTESIAN_POINT('',(-49.25,40.));
#2764 = ( GEOMETRIC_REPRESENTATION_CONTEXT(2) 
PARAMETRIC_REPRESENTATION_CONTEXT() REPRESENTATION_CONTEXT('2D SPACE',''
  ) );
#2765 = PCURVE('',#2766,#2771);
#2766 = CYLINDRICAL_SURFACE('',#2767,1.75);
#2767 = AXIS2_PLACEMENT_3D('',#2768,#2769,#2770);
#2768 = CARTESIAN_POINT('',(-47.5,40.,3.));
#2769 = DIRECTION('',(0.,0.,-1.));
#2770 = DIRECTION('',(-1.,0.,0.));
#2771 = DEFINITIONAL_REPRESENTATION('',(#2772),#2776);
#2772 = LINE('',#2773,#2774);
#2773 = CARTESIAN_POINT('',(0.,0.));
#2774 = VECTOR('',#2775,1.);
#2775 = DIRECTION('',(1.,0.));
#2776 = ( GEOMETRIC_REPRESENTATION_CONTEXT(2) 
PARAMETRIC_REPRESENTATION_CONTEXT() REPRESENTATION_CONTEXT('2D SPACE',''
  ) );
#2777 = FACE_BOUND('',#2778,.T.);
#2778 = EDGE_LOOP('',(#2779));
#2779 = ORIENTED_EDGE('',*,*,#2780,.T.);
#2780 = EDGE_CURVE('',#2781,#2781,#2783,.T.);
#2781 = VERTEX_POINT('',#2782);
#2782 = CARTESIAN_POINT('',(-45.75,-43.,3.));
#2783 = SURFACE_CURVE('',#2784,(#2789,#2800),.PCURVE_S1.);
#2784 = CIRCLE('',#2785,1.75);
#2785 = AXIS2_PLACEMENT_3D('',#2786,#2787,#2788);
#2786 = CARTESIAN_POINT('',(-47.5,-43.,3.));
#2787 = DIRECTION('',(0.,0.,-1.));
#2788 = DIRECTION('',(-1.,0.,0.));
#2789 = PCURVE('',#1629,#2790);
#2790 = DEFINITIONAL_REPRESENTATION('',(#2791),#2799);
#2791 = ( BOUNDED_CURVE() B_SPLINE_CURVE(2,(#2792,#2793,#2794,#2795,
#2796,#2797,#2798),.UNSPECIFIED.,.T.,.F.) B_SPLINE_CURVE_WITH_KNOTS((1,2
    ,2,2,2,1),(-2.094395102393,0.,2.094395102393,4.188790204786,
6.28318530718,8.377580409573),.UNSPECIFIED.) CURVE() 
GEOMETRIC_REPRESENTATION_ITEM() RATIONAL_B_SPLINE_CURVE((1.,0.5,1.,0.5,
1.,0.5,1.)) REPRESENTATION_ITEM('') );
#2792 = CARTESIAN_POINT('',(-49.25,-43.));
#2793 = CARTESIAN_POINT('',(-49.25,-39.96891108675));
#2794 = CARTESIAN_POINT('',(-46.625,-41.48445554337));
#2795 = CARTESIAN_POINT('',(-44.,-43.));
#2796 = CARTESIAN_POINT('',(-46.625,-44.51554445662));
#2797 = CARTESIAN_POINT('',(-49.25,-46.03108891324));
#2798 = CARTESIAN_POINT('',(-49.25,-43.));
#2799 = ( GEOMETRIC_REPRESENTATION_CONTEXT(2) 
PARAMETRIC_REPRESENTATION_CONTEXT() REPRESENTATION_CONTEXT('2D SPACE',''
  ) );
#2800 = PCURVE('',#2801,#2806);
#2801 = CYLINDRICAL_SURFACE('',#2802,1.75);
#2802 = AXIS2_PLACEMENT_3D('',#2803,#2804,#2805);
#2803 = CARTESIAN_POINT('',(-47.5,-43.,3.));
#2804 = DIRECTION('',(0.,0.,-1.));
#2805 = DIRECTION('',(-1.,0.,0.));
#2806 = DEFINITIONAL_REPRESENTATION('',(#2807),#2811);
#2807 = LINE('',#2808,#2809);
#2808 = CARTESIAN_POINT('',(0.,0.));
#2809 = VECTOR('',#2810,1.);
#2810 = DIRECTION('',(1.,0.));
#2811 = ( GEOMETRIC_REPRESENTATION_CONTEXT(2) 
PARAMETRIC_REPRESENTATION_CONTEXT() REPRESENTATION_CONTEXT('2D SPACE',''
  ) );
#2812 = FACE_BOUND('',#2813,.T.);
#2813 = EDGE_LOOP('',(#2814));
#2814 = ORIENTED_EDGE('',*,*,#2815,.T.);
#2815 = EDGE_CURVE('',#2816,#2816,#2818,.T.);
#2816 = VERTEX_POINT('',#2817);
#2817 = CARTESIAN_POINT('',(14.25,-43.,3.));
#2818 = SURFACE_CURVE('',#2819,(#2824,#2835),.PCURVE_S1.);
#2819 = CIRCLE('',#2820,1.75);
#2820 = AXIS2_PLACEMENT_3D('',#2821,#2822,#2823);
#2821 = CARTESIAN_POINT('',(12.5,-43.,3.));
#2822 = DIRECTION('',(0.,0.,-1.));
#2823 = DIRECTION('',(-1.,0.,0.));
#2824 = PCURVE('',#1629,#2825);
#2825 = DEFINITIONAL_REPRESENTATION('',(#2826),#2834);
#2826 = ( BOUNDED_CURVE() B_SPLINE_CURVE(2,(#2827,#2828,#2829,#2830,
#2831,#2832,#2833),.UNSPECIFIED.,.T.,.F.) B_SPLINE_CURVE_WITH_KNOTS((1,2
    ,2,2,2,1),(-2.094395102393,0.,2.094395102393,4.188790204786,
6.28318530718,8.377580409573),.UNSPECIFIED.) CURVE() 
GEOMETRIC_REPRESENTATION_ITEM() RATIONAL_B_SPLINE_CURVE((1.,0.5,1.,0.5,
1.,0.5,1.)) REPRESENTATION_ITEM('') );
#2827 = CARTESIAN_POINT('',(10.75,-43.));
#2828 = CARTESIAN_POINT('',(10.75,-39.96891108675));
#2829 = CARTESIAN_POINT('',(13.375,-41.48445554337));
#2830 = CARTESIAN_POINT('',(16.,-43.));
#2831 = CARTESIAN_POINT('',(13.375,-44.51554445662));
#2832 = CARTESIAN_POINT('',(10.75,-46.03108891324));
#2833 = CARTESIAN_POINT('',(10.75,-43.));
#2834 = ( GEOMETRIC_REPRESENTATION_CONTEXT(2) 
PARAMETRIC_REPRESENTATION_CONTEXT() REPRESENTATION_CONTEXT('2D SPACE',''
  ) );
#2835 = PCURVE('',#2836,#2841);
#2836 = CYLINDRICAL_SURFACE('',#2837,1.75);
#2837 = AXIS2_PLACEMENT_3D('',#2838,#2839,#2840);
#2838 = CARTESIAN_POINT('',(12.5,-43.,3.));
#2839 = DIRECTION('',(0.,0.,-1.));
#2840 = DIRECTION('',(-1.,0.,0.));
#2841 = DEFINITIONAL_REPRESENTATION('',(#2842),#2846);
#2842 = LINE('',#2843,#2844);
#2843 = CARTESIAN_POINT('',(0.,0.));
#2844 = VECTOR('',#2845,1.);
#2845 = DIRECTION('',(1.,0.));
#2846 = ( GEOMETRIC_REPRESENTATION_CONTEXT(2) 
PARAMETRIC_REPRESENTATION_CONTEXT() REPRESENTATION_CONTEXT('2D SPACE',''
  ) );
#2847 = FACE_BOUND('',#2848,.T.);
#2848 = EDGE_LOOP('',(#2849));
#2849 = ORIENTED_EDGE('',*,*,#2850,.T.);
#2850 = EDGE_CURVE('',#2851,#2851,#2853,.T.);
#2851 = VERTEX_POINT('',#2852);
#2852 = CARTESIAN_POINT('',(54.25,40.,3.));
#2853 = SURFACE_CURVE('',#2854,(#2859,#2870),.PCURVE_S1.);
#2854 = CIRCLE('',#2855,1.75);
#2855 = AXIS2_PLACEMENT_3D('',#2856,#2857,#2858);
#2856 = CARTESIAN_POINT('',(52.5,40.,3.));
#2857 = DIRECTION('',(0.,0.,-1.));
#2858 = DIRECTION('',(-1.,0.,0.));
#2859 = PCURVE('',#1629,#2860);
#2860 = DEFINITIONAL_REPRESENTATION('',(#2861),#2869);
#2861 = ( BOUNDED_CURVE() B_SPLINE_CURVE(2,(#2862,#2863,#2864,#2865,
#2866,#2867,#2868),.UNSPECIFIED.,.T.,.F.) B_SPLINE_CURVE_WITH_KNOTS((1,2
    ,2,2,2,1),(-2.094395102393,0.,2.094395102393,4.188790204786,
6.28318530718,8.377580409573),.UNSPECIFIED.) CURVE() 
GEOMETRIC_REPRESENTATION_ITEM() RATIONAL_B_SPLINE_CURVE((1.,0.5,1.,0.5,
1.,0.5,1.)) REPRESENTATION_ITEM('') );
#2862 = CARTESIAN_POINT('',(50.75,40.));
#2863 = CARTESIAN_POINT('',(50.75,43.031088913246));
#2864 = CARTESIAN_POINT('',(53.375,41.515544456623));
#2865 = CARTESIAN_POINT('',(56.,40.));
#2866 = CARTESIAN_POINT('',(53.375,38.484455543377));
#2867 = CARTESIAN_POINT('',(50.75,36.968911086754));
#2868 = CARTESIAN_POINT('',(50.75,40.));
#2869 = ( GEOMETRIC_REPRESENTATION_CONTEXT(2) 
PARAMETRIC_REPRESENTATION_CONTEXT() REPRESENTATION_CONTEXT('2D SPACE',''
  ) );
#2870 = PCURVE('',#2871,#2876);
#2871 = CYLINDRICAL_SURFACE('',#2872,1.75);
#2872 = AXIS2_PLACEMENT_3D('',#2873,#2874,#2875);
#2873 = CARTESIAN_POINT('',(52.5,40.,3.));
#2874 = DIRECTION('',(0.,0.,-1.));
#2875 = DIRECTION('',(-1.,0.,0.));
#2876 = DEFINITIONAL_REPRESENTATION('',(#2877),#2881);
#2877 = LINE('',#2878,#2879);
#2878 = CARTESIAN_POINT('',(0.,0.));
#2879 = VECTOR('',#2880,1.);
#2880 = DIRECTION('',(1.,0.));
#2881 = ( GEOMETRIC_REPRESENTATION_CONTEXT(2) 
PARAMETRIC_REPRESENTATION_CONTEXT() REPRESENTATION_CONTEXT('2D SPACE',''
  ) );
#2882 = FACE_BOUND('',#2883,.T.);
#2883 = EDGE_LOOP('',(#2884,#2885,#2908,#2931));
#2884 = ORIENTED_EDGE('',*,*,#1980,.T.);
#2885 = ORIENTED_EDGE('',*,*,#2886,.T.);
#2886 = EDGE_CURVE('',#1958,#2887,#2889,.T.);
#2887 = VERTEX_POINT('',#2888);
#2888 = CARTESIAN_POINT('',(-57.,45.,3.));
#2889 = SURFACE_CURVE('',#2890,(#2894,#2901),.PCURVE_S1.);
#2890 = LINE('',#2891,#2892);
#2891 = CARTESIAN_POINT('',(-57.,22.5,3.));
#2892 = VECTOR('',#2893,1.);
#2893 = DIRECTION('',(0.,1.,0.));
#2894 = PCURVE('',#1629,#2895);
#2895 = DEFINITIONAL_REPRESENTATION('',(#2896),#2900);
#2896 = LINE('',#2897,#2898);
#2897 = CARTESIAN_POINT('',(-57.,22.5));
#2898 = VECTOR('',#2899,1.);
#2899 = DIRECTION('',(0.,1.));
#2900 = ( GEOMETRIC_REPRESENTATION_CONTEXT(2) 
PARAMETRIC_REPRESENTATION_CONTEXT() REPRESENTATION_CONTEXT('2D SPACE',''
  ) );
#2901 = PCURVE('',#1474,#2902);
#2902 = DEFINITIONAL_REPRESENTATION('',(#2903),#2907);
#2903 = LINE('',#2904,#2905);
#2904 = CARTESIAN_POINT('',(22.5,0.));
#2905 = VECTOR('',#2906,1.);
#2906 = DIRECTION('',(-1.,0.));
#2907 = ( GEOMETRIC_REPRESENTATION_CONTEXT(2) 
PARAMETRIC_REPRESENTATION_CONTEXT() REPRESENTATION_CONTEXT('2D SPACE',''
  ) );
#2908 = ORIENTED_EDGE('',*,*,#2909,.T.);
#2909 = EDGE_CURVE('',#2887,#2910,#2912,.T.);
#2910 = VERTEX_POINT('',#2911);
#2911 = CARTESIAN_POINT('',(-54.,45.,3.));
#2912 = SURFACE_CURVE('',#2913,(#2917,#2924),.PCURVE_S1.);
#2913 = LINE('',#2914,#2915);
#2914 = CARTESIAN_POINT('',(-27.,45.,3.));
#2915 = VECTOR('',#2916,1.);
#2916 = DIRECTION('',(1.,0.,0.));
#2917 = PCURVE('',#1629,#2918);
#2918 = DEFINITIONAL_REPRESENTATION('',(#2919),#2923);
#2919 = LINE('',#2920,#2921);
#2920 = CARTESIAN_POINT('',(-27.,45.));
#2921 = VECTOR('',#2922,1.);
#2922 = DIRECTION('',(1.,0.));
#2923 = ( GEOMETRIC_REPRESENTATION_CONTEXT(2) 
PARAMETRIC_REPRESENTATION_CONTEXT() REPRESENTATION_CONTEXT('2D SPACE',''
  ) );
#2924 = PCURVE('',#1446,#2925);
#2925 = DEFINITIONAL_REPRESENTATION('',(#2926),#2930);
#2926 = LINE('',#2927,#2928);
#2927 = CARTESIAN_POINT('',(-9.,0.));
#2928 = VECTOR('',#2929,1.);
#2929 = DIRECTION('',(-1.,0.));
#2930 = ( GEOMETRIC_REPRESENTATION_CONTEXT(2) 
PARAMETRIC_REPRESENTATION_CONTEXT() REPRESENTATION_CONTEXT('2D SPACE',''
  ) );
#2931 = ORIENTED_EDGE('',*,*,#2932,.T.);
#2932 = EDGE_CURVE('',#2910,#1981,#2933,.T.);
#2933 = SURFACE_CURVE('',#2934,(#2938,#2945),.PCURVE_S1.);
#2934 = LINE('',#2935,#2936);
#2935 = CARTESIAN_POINT('',(-54.,16.5,3.));
#2936 = VECTOR('',#2937,1.);
#2937 = DIRECTION('',(0.,-1.,0.));
#2938 = PCURVE('',#1629,#2939);
#2939 = DEFINITIONAL_REPRESENTATION('',(#2940),#2944);
#2940 = LINE('',#2941,#2942);
#2941 = CARTESIAN_POINT('',(-54.,16.5));
#2942 = VECTOR('',#2943,1.);
#2943 = DIRECTION('',(0.,-1.));
#2944 = ( GEOMETRIC_REPRESENTATION_CONTEXT(2) 
PARAMETRIC_REPRESENTATION_CONTEXT() REPRESENTATION_CONTEXT('2D SPACE',''
  ) );
#2945 = PCURVE('',#2019,#2946);
#2946 = DEFINITIONAL_REPRESENTATION('',(#2947),#2951);
#2947 = LINE('',#2948,#2949);
#2948 = CARTESIAN_POINT('',(-16.5,0.));
#2949 = VECTOR('',#2950,1.);
#2950 = DIRECTION('',(-1.,0.));
#2951 = ( GEOMETRIC_REPRESENTATION_CONTEXT(2) 
PARAMETRIC_REPRESENTATION_CONTEXT() REPRESENTATION_CONTEXT('2D SPACE',''
  ) );
#2952 = FACE_BOUND('',#2953,.T.);
#2953 = EDGE_LOOP('',(#2954));
#2954 = ORIENTED_EDGE('',*,*,#2336,.T.);
#2955 = FACE_BOUND('',#2956,.T.);
#2956 = EDGE_LOOP('',(#2957,#2988,#3016,#3045,#3073));
#2957 = ORIENTED_EDGE('',*,*,#2958,.F.);
#2958 = EDGE_CURVE('',#2959,#2961,#2963,.T.);
#2959 = VERTEX_POINT('',#2960);
#2960 = CARTESIAN_POINT('',(34.5,-40.,3.));
#2961 = VERTEX_POINT('',#2962);
#2962 = CARTESIAN_POINT('',(44.5,-50.,3.));
#2963 = SURFACE_CURVE('',#2964,(#2969,#2976),.PCURVE_S1.);
#2964 = CIRCLE('',#2965,10.);
#2965 = AXIS2_PLACEMENT_3D('',#2966,#2967,#2968);
#2966 = CARTESIAN_POINT('',(44.5,-40.,3.));
#2967 = DIRECTION('',(0.,0.,1.));
#2968 = DIRECTION('',(0.,-1.,0.));
#2969 = PCURVE('',#1629,#2970);
#2970 = DEFINITIONAL_REPRESENTATION('',(#2971),#2975);
#2971 = CIRCLE('',#2972,10.);
#2972 = AXIS2_PLACEMENT_2D('',#2973,#2974);
#2973 = CARTESIAN_POINT('',(44.5,-40.));
#2974 = DIRECTION('',(0.,-1.));
#2975 = ( GEOMETRIC_REPRESENTATION_CONTEXT(2) 
PARAMETRIC_REPRESENTATION_CONTEXT() REPRESENTATION_CONTEXT('2D SPACE',''
  ) );
#2976 = PCURVE('',#2977,#2982);
#2977 = TOROIDAL_SURFACE('',#2978,10.,2.);
#2978 = AXIS2_PLACEMENT_3D('',#2979,#2980,#2981);
#2979 = CARTESIAN_POINT('',(44.5,-40.,5.));
#2980 = DIRECTION('',(0.,0.,-1.));
#2981 = DIRECTION('',(-1.,0.,0.));
#2982 = DEFINITIONAL_REPRESENTATION('',(#2983),#2987);
#2983 = LINE('',#2984,#2985);
#2984 = CARTESIAN_POINT('',(10.995574287564,1.570796326795));
#2985 = VECTOR('',#2986,1.);
#2986 = DIRECTION('',(-1.,0.));
#2987 = ( GEOMETRIC_REPRESENTATION_CONTEXT(2) 
PARAMETRIC_REPRESENTATION_CONTEXT() REPRESENTATION_CONTEXT('2D SPACE',''
  ) );
#2988 = ORIENTED_EDGE('',*,*,#2989,.F.);
#2989 = EDGE_CURVE('',#2990,#2959,#2992,.T.);
#2990 = VERTEX_POINT('',#2991);
#2991 = CARTESIAN_POINT('',(34.5,-10.,3.));
#2992 = SURFACE_CURVE('',#2993,(#2997,#3004),.PCURVE_S1.);
#2993 = LINE('',#2994,#2995);
#2994 = CARTESIAN_POINT('',(34.5,-5.,3.));
#2995 = VECTOR('',#2996,1.);
#2996 = DIRECTION('',(0.,-1.,0.));
#2997 = PCURVE('',#1629,#2998);
#2998 = DEFINITIONAL_REPRESENTATION('',(#2999),#3003);
#2999 = LINE('',#3000,#3001);
#3000 = CARTESIAN_POINT('',(34.5,-5.));
#3001 = VECTOR('',#3002,1.);
#3002 = DIRECTION('',(0.,-1.));
#3003 = ( GEOMETRIC_REPRESENTATION_CONTEXT(2) 
PARAMETRIC_REPRESENTATION_CONTEXT() REPRESENTATION_CONTEXT('2D SPACE',''
  ) );
#3004 = PCURVE('',#3005,#3010);
#3005 = CYLINDRICAL_SURFACE('',#3006,2.);
#3006 = AXIS2_PLACEMENT_3D('',#3007,#3008,#3009);
#3007 = CARTESIAN_POINT('',(34.5,-5.,5.));
#3008 = DIRECTION('',(0.,1.,0.));
#3009 = DIRECTION('',(0.707106781187,0.,-0.707106781187));
#3010 = DEFINITIONAL_REPRESENTATION('',(#3011),#3015);
#3011 = LINE('',#3012,#3013);
#3012 = CARTESIAN_POINT('',(0.785398163397,0.));
#3013 = VECTOR('',#3014,1.);
#3014 = DIRECTION('',(0.,-1.));
#3015 = ( GEOMETRIC_REPRESENTATION_CONTEXT(2) 
PARAMETRIC_REPRESENTATION_CONTEXT() REPRESENTATION_CONTEXT('2D SPACE',''
  ) );
#3016 = ORIENTED_EDGE('',*,*,#3017,.F.);
#3017 = EDGE_CURVE('',#3018,#2990,#3020,.T.);
#3018 = VERTEX_POINT('',#3019);
#3019 = CARTESIAN_POINT('',(54.5,-10.,3.));
#3020 = SURFACE_CURVE('',#3021,(#3026,#3033),.PCURVE_S1.);
#3021 = CIRCLE('',#3022,10.);
#3022 = AXIS2_PLACEMENT_3D('',#3023,#3024,#3025);
#3023 = CARTESIAN_POINT('',(44.5,-10.,3.));
#3024 = DIRECTION('',(0.,-0.,1.));
#3025 = DIRECTION('',(0.,1.,0.));
#3026 = PCURVE('',#1629,#3027);
#3027 = DEFINITIONAL_REPRESENTATION('',(#3028),#3032);
#3028 = CIRCLE('',#3029,10.);
#3029 = AXIS2_PLACEMENT_2D('',#3030,#3031);
#3030 = CARTESIAN_POINT('',(44.5,-10.));
#3031 = DIRECTION('',(0.,1.));
#3032 = ( GEOMETRIC_REPRESENTATION_CONTEXT(2) 
PARAMETRIC_REPRESENTATION_CONTEXT() REPRESENTATION_CONTEXT('2D SPACE',''
  ) );
#3033 = PCURVE('',#3034,#3039);
#3034 = TOROIDAL_SURFACE('',#3035,10.,2.);
#3035 = AXIS2_PLACEMENT_3D('',#3036,#3037,#3038);
#3036 = CARTESIAN_POINT('',(44.5,-10.,5.));
#3037 = DIRECTION('',(0.,0.,-1.));
#3038 = DIRECTION('',(-1.,0.,0.));
#3039 = DEFINITIONAL_REPRESENTATION('',(#3040),#3044);
#3040 = LINE('',#3041,#3042);
#3041 = CARTESIAN_POINT('',(7.853981633974,1.570796326795));
#3042 = VECTOR('',#3043,1.);
#3043 = DIRECTION('',(-1.,0.));
#3044 = ( GEOMETRIC_REPRESENTATION_CONTEXT(2) 
PARAMETRIC_REPRESENTATION_CONTEXT() REPRESENTATION_CONTEXT('2D SPACE',''
  ) );
#3045 = ORIENTED_EDGE('',*,*,#3046,.F.);
#3046 = EDGE_CURVE('',#3047,#3018,#3049,.T.);
#3047 = VERTEX_POINT('',#3048);
#3048 = CARTESIAN_POINT('',(54.5,-40.,3.));
#3049 = SURFACE_CURVE('',#3050,(#3054,#3061),.PCURVE_S1.);
#3050 = LINE('',#3051,#3052);
#3051 = CARTESIAN_POINT('',(54.5,-20.,3.));
#3052 = VECTOR('',#3053,1.);
#3053 = DIRECTION('',(-3.E-16,1.,0.));
#3054 = PCURVE('',#1629,#3055);
#3055 = DEFINITIONAL_REPRESENTATION('',(#3056),#3060);
#3056 = LINE('',#3057,#3058);
#3057 = CARTESIAN_POINT('',(54.5,-20.));
#3058 = VECTOR('',#3059,1.);
#3059 = DIRECTION('',(-3.E-16,1.));
#3060 = ( GEOMETRIC_REPRESENTATION_CONTEXT(2) 
PARAMETRIC_REPRESENTATION_CONTEXT() REPRESENTATION_CONTEXT('2D SPACE',''
  ) );
#3061 = PCURVE('',#3062,#3067);
#3062 = CYLINDRICAL_SURFACE('',#3063,2.);
#3063 = AXIS2_PLACEMENT_3D('',#3064,#3065,#3066);
#3064 = CARTESIAN_POINT('',(54.5,-20.,5.));
#3065 = DIRECTION('',(3.E-16,-1.,0.));
#3066 = DIRECTION('',(-0.707106781187,-2.12132034356E-16,-0.707106781187
    ));
#3067 = DEFINITIONAL_REPRESENTATION('',(#3068),#3072);
#3068 = LINE('',#3069,#3070);
#3069 = CARTESIAN_POINT('',(7.068583470577,-3.55E-15));
#3070 = VECTOR('',#3071,1.);
#3071 = DIRECTION('',(1.8E-16,-1.));
#3072 = ( GEOMETRIC_REPRESENTATION_CONTEXT(2) 
PARAMETRIC_REPRESENTATION_CONTEXT() REPRESENTATION_CONTEXT('2D SPACE',''
  ) );
#3073 = ORIENTED_EDGE('',*,*,#3074,.F.);
#3074 = EDGE_CURVE('',#2961,#3047,#3075,.T.);
#3075 = SURFACE_CURVE('',#3076,(#3081,#3088),.PCURVE_S1.);
#3076 = CIRCLE('',#3077,10.);
#3077 = AXIS2_PLACEMENT_3D('',#3078,#3079,#3080);
#3078 = CARTESIAN_POINT('',(44.5,-40.,3.));
#3079 = DIRECTION('',(0.,0.,1.));
#3080 = DIRECTION('',(0.,-1.,0.));
#3081 = PCURVE('',#1629,#3082);
#3082 = DEFINITIONAL_REPRESENTATION('',(#3083),#3087);
#3083 = CIRCLE('',#3084,10.);
#3084 = AXIS2_PLACEMENT_2D('',#3085,#3086);
#3085 = CARTESIAN_POINT('',(44.5,-40.));
#3086 = DIRECTION('',(0.,-1.));
#3087 = ( GEOMETRIC_REPRESENTATION_CONTEXT(2) 
PARAMETRIC_REPRESENTATION_CONTEXT() REPRESENTATION_CONTEXT('2D SPACE',''
  ) );
#3088 = PCURVE('',#2977,#3089);
#3089 = DEFINITIONAL_REPRESENTATION('',(#3090),#3094);
#3090 = LINE('',#3091,#3092);
#3091 = CARTESIAN_POINT('',(4.712388980385,1.570796326795));
#3092 = VECTOR('',#3093,1.);
#3093 = DIRECTION('',(-1.,0.));
#3094 = ( GEOMETRIC_REPRESENTATION_CONTEXT(2) 
PARAMETRIC_REPRESENTATION_CONTEXT() REPRESENTATION_CONTEXT('2D SPACE',''
  ) );
#3095 = FACE_BOUND('',#3096,.T.);
#3096 = EDGE_LOOP('',(#3097,#3125,#3148,#3169,#3170,#3193,#3216,#3239,
    #3267,#3290,#3313,#3336,#3364,#3392,#3421,#3447,#3470,#3499,#3527,
    #3556,#3584,#3613));
#3097 = ORIENTED_EDGE('',*,*,#3098,.T.);
#3098 = EDGE_CURVE('',#3099,#2337,#3101,.T.);
#3099 = VERTEX_POINT('',#3100);
#3100 = CARTESIAN_POINT('',(-62.5,-23.,3.));
#3101 = SURFACE_CURVE('',#3102,(#3106,#3113),.PCURVE_S1.);
#3102 = LINE('',#3103,#3104);
#3103 = CARTESIAN_POINT('',(-24.75,-23.,3.));
#3104 = VECTOR('',#3105,1.);
#3105 = DIRECTION('',(1.,0.,0.));
#3106 = PCURVE('',#1629,#3107);
#3107 = DEFINITIONAL_REPRESENTATION('',(#3108),#3112);
#3108 = LINE('',#3109,#3110);
#3109 = CARTESIAN_POINT('',(-24.75,-23.));
#3110 = VECTOR('',#3111,1.);
#3111 = DIRECTION('',(1.,0.));
#3112 = ( GEOMETRIC_REPRESENTATION_CONTEXT(2) 
PARAMETRIC_REPRESENTATION_CONTEXT() REPRESENTATION_CONTEXT('2D SPACE',''
  ) );
#3113 = PCURVE('',#3114,#3119);
#3114 = PLANE('',#3115);
#3115 = AXIS2_PLACEMENT_3D('',#3116,#3117,#3118);
#3116 = CARTESIAN_POINT('',(-49.5,-23.,16.10261561941));
#3117 = DIRECTION('',(0.,-1.,0.));
#3118 = DIRECTION('',(0.,0.,-1.));
#3119 = DEFINITIONAL_REPRESENTATION('',(#3120),#3124);
#3120 = LINE('',#3121,#3122);
#3121 = CARTESIAN_POINT('',(13.10261561941,24.75));
#3122 = VECTOR('',#3123,1.);
#3123 = DIRECTION('',(0.,1.));
#3124 = ( GEOMETRIC_REPRESENTATION_CONTEXT(2) 
PARAMETRIC_REPRESENTATION_CONTEXT() REPRESENTATION_CONTEXT('2D SPACE',''
  ) );
#3125 = ORIENTED_EDGE('',*,*,#3126,.T.);
#3126 = EDGE_CURVE('',#2337,#3127,#3129,.T.);
#3127 = VERTEX_POINT('',#3128);
#3128 = CARTESIAN_POINT('',(-36.5,-23.,3.));
#3129 = SURFACE_CURVE('',#3130,(#3134,#3141),.PCURVE_S1.);
#3130 = LINE('',#3131,#3132);
#3131 = CARTESIAN_POINT('',(-24.75,-23.,3.));
#3132 = VECTOR('',#3133,1.);
#3133 = DIRECTION('',(1.,0.,0.));
#3134 = PCURVE('',#1629,#3135);
#3135 = DEFINITIONAL_REPRESENTATION('',(#3136),#3140);
#3136 = LINE('',#3137,#3138);
#3137 = CARTESIAN_POINT('',(-24.75,-23.));
#3138 = VECTOR('',#3139,1.);
#3139 = DIRECTION('',(1.,0.));
#3140 = ( GEOMETRIC_REPRESENTATION_CONTEXT(2) 
PARAMETRIC_REPRESENTATION_CONTEXT() REPRESENTATION_CONTEXT('2D SPACE',''
  ) );
#3141 = PCURVE('',#3114,#3142);
#3142 = DEFINITIONAL_REPRESENTATION('',(#3143),#3147);
#3143 = LINE('',#3144,#3145);
#3144 = CARTESIAN_POINT('',(13.10261561941,24.75));
#3145 = VECTOR('',#3146,1.);
#3146 = DIRECTION('',(0.,1.));
#3147 = ( GEOMETRIC_REPRESENTATION_CONTEXT(2) 
PARAMETRIC_REPRESENTATION_CONTEXT() REPRESENTATION_CONTEXT('2D SPACE',''
  ) );
#3148 = ORIENTED_EDGE('',*,*,#3149,.T.);
#3149 = EDGE_CURVE('',#3127,#1614,#3150,.T.);
#3150 = SURFACE_CURVE('',#3151,(#3155,#3162),.PCURVE_S1.);
#3151 = LINE('',#3152,#3153);
#3152 = CARTESIAN_POINT('',(-36.5,-16.5,3.));
#3153 = VECTOR('',#3154,1.);
#3154 = DIRECTION('',(0.,-1.,0.));
#3155 = PCURVE('',#1629,#3156);
#3156 = DEFINITIONAL_REPRESENTATION('',(#3157),#3161);
#3157 = LINE('',#3158,#3159);
#3158 = CARTESIAN_POINT('',(-36.5,-16.5));
#3159 = VECTOR('',#3160,1.);
#3160 = DIRECTION('',(0.,-1.));
#3161 = ( GEOMETRIC_REPRESENTATION_CONTEXT(2) 
PARAMETRIC_REPRESENTATION_CONTEXT() REPRESENTATION_CONTEXT('2D SPACE',''
  ) );
#3162 = PCURVE('',#1657,#3163);
#3163 = DEFINITIONAL_REPRESENTATION('',(#3164),#3168);
#3164 = LINE('',#3165,#3166);
#3165 = CARTESIAN_POINT('',(20.,16.5));
#3166 = VECTOR('',#3167,1.);
#3167 = DIRECTION('',(0.,-1.));
#3168 = ( GEOMETRIC_REPRESENTATION_CONTEXT(2) 
PARAMETRIC_REPRESENTATION_CONTEXT() REPRESENTATION_CONTEXT('2D SPACE',''
  ) );
#3169 = ORIENTED_EDGE('',*,*,#1613,.T.);
#3170 = ORIENTED_EDGE('',*,*,#3171,.T.);
#3171 = EDGE_CURVE('',#1591,#3172,#3174,.T.);
#3172 = VERTEX_POINT('',#3173);
#3173 = CARTESIAN_POINT('',(-36.,-45.,3.));
#3174 = SURFACE_CURVE('',#3175,(#3179,#3186),.PCURVE_S1.);
#3175 = LINE('',#3176,#3177);
#3176 = CARTESIAN_POINT('',(-36.,-22.5,3.));
#3177 = VECTOR('',#3178,1.);
#3178 = DIRECTION('',(0.,-1.,0.));
#3179 = PCURVE('',#1629,#3180);
#3180 = DEFINITIONAL_REPRESENTATION('',(#3181),#3185);
#3181 = LINE('',#3182,#3183);
#3182 = CARTESIAN_POINT('',(-36.,-22.5));
#3183 = VECTOR('',#3184,1.);
#3184 = DIRECTION('',(0.,-1.));
#3185 = ( GEOMETRIC_REPRESENTATION_CONTEXT(2) 
PARAMETRIC_REPRESENTATION_CONTEXT() REPRESENTATION_CONTEXT('2D SPACE',''
  ) );
#3186 = PCURVE('',#603,#3187);
#3187 = DEFINITIONAL_REPRESENTATION('',(#3188),#3192);
#3188 = LINE('',#3189,#3190);
#3189 = CARTESIAN_POINT('',(22.5,0.));
#3190 = VECTOR('',#3191,1.);
#3191 = DIRECTION('',(-1.,0.));
#3192 = ( GEOMETRIC_REPRESENTATION_CONTEXT(2) 
PARAMETRIC_REPRESENTATION_CONTEXT() REPRESENTATION_CONTEXT('2D SPACE',''
  ) );
#3193 = ORIENTED_EDGE('',*,*,#3194,.T.);
#3194 = EDGE_CURVE('',#3172,#3195,#3197,.T.);
#3195 = VERTEX_POINT('',#3196);
#3196 = CARTESIAN_POINT('',(-39.,-45.,3.));
#3197 = SURFACE_CURVE('',#3198,(#3202,#3209),.PCURVE_S1.);
#3198 = LINE('',#3199,#3200);
#3199 = CARTESIAN_POINT('',(-19.5,-45.,3.));
#3200 = VECTOR('',#3201,1.);
#3201 = DIRECTION('',(-1.,0.,0.));
#3202 = PCURVE('',#1629,#3203);
#3203 = DEFINITIONAL_REPRESENTATION('',(#3204),#3208);
#3204 = LINE('',#3205,#3206);
#3205 = CARTESIAN_POINT('',(-19.5,-45.));
#3206 = VECTOR('',#3207,1.);
#3207 = DIRECTION('',(-1.,0.));
#3208 = ( GEOMETRIC_REPRESENTATION_CONTEXT(2) 
PARAMETRIC_REPRESENTATION_CONTEXT() REPRESENTATION_CONTEXT('2D SPACE',''
  ) );
#3209 = PCURVE('',#1332,#3210);
#3210 = DEFINITIONAL_REPRESENTATION('',(#3211),#3215);
#3211 = LINE('',#3212,#3213);
#3212 = CARTESIAN_POINT('',(37.5,0.));
#3213 = VECTOR('',#3214,1.);
#3214 = DIRECTION('',(-1.,0.));
#3215 = ( GEOMETRIC_REPRESENTATION_CONTEXT(2) 
PARAMETRIC_REPRESENTATION_CONTEXT() REPRESENTATION_CONTEXT('2D SPACE',''
  ) );
#3216 = ORIENTED_EDGE('',*,*,#3217,.T.);
#3217 = EDGE_CURVE('',#3195,#3218,#3220,.T.);
#3218 = VERTEX_POINT('',#3219);
#3219 = CARTESIAN_POINT('',(-39.,-33.,3.));
#3220 = SURFACE_CURVE('',#3221,(#3225,#3232),.PCURVE_S1.);
#3221 = LINE('',#3222,#3223);
#3222 = CARTESIAN_POINT('',(-39.,-16.5,3.));
#3223 = VECTOR('',#3224,1.);
#3224 = DIRECTION('',(0.,1.,0.));
#3225 = PCURVE('',#1629,#3226);
#3226 = DEFINITIONAL_REPRESENTATION('',(#3227),#3231);
#3227 = LINE('',#3228,#3229);
#3228 = CARTESIAN_POINT('',(-39.,-16.5));
#3229 = VECTOR('',#3230,1.);
#3230 = DIRECTION('',(0.,1.));
#3231 = ( GEOMETRIC_REPRESENTATION_CONTEXT(2) 
PARAMETRIC_REPRESENTATION_CONTEXT() REPRESENTATION_CONTEXT('2D SPACE',''
  ) );
#3232 = PCURVE('',#1718,#3233);
#3233 = DEFINITIONAL_REPRESENTATION('',(#3234),#3238);
#3234 = LINE('',#3235,#3236);
#3235 = CARTESIAN_POINT('',(-16.5,0.));
#3236 = VECTOR('',#3237,1.);
#3237 = DIRECTION('',(-1.,0.));
#3238 = ( GEOMETRIC_REPRESENTATION_CONTEXT(2) 
PARAMETRIC_REPRESENTATION_CONTEXT() REPRESENTATION_CONTEXT('2D SPACE',''
  ) );
#3239 = ORIENTED_EDGE('',*,*,#3240,.T.);
#3240 = EDGE_CURVE('',#3218,#3241,#3243,.T.);
#3241 = VERTEX_POINT('',#3242);
#3242 = CARTESIAN_POINT('',(-54.,-33.,3.));
#3243 = SURFACE_CURVE('',#3244,(#3248,#3255),.PCURVE_S1.);
#3244 = LINE('',#3245,#3246);
#3245 = CARTESIAN_POINT('',(-24.75,-33.,3.));
#3246 = VECTOR('',#3247,1.);
#3247 = DIRECTION('',(-1.,0.,0.));
#3248 = PCURVE('',#1629,#3249);
#3249 = DEFINITIONAL_REPRESENTATION('',(#3250),#3254);
#3250 = LINE('',#3251,#3252);
#3251 = CARTESIAN_POINT('',(-24.75,-33.));
#3252 = VECTOR('',#3253,1.);
#3253 = DIRECTION('',(-1.,0.));
#3254 = ( GEOMETRIC_REPRESENTATION_CONTEXT(2) 
PARAMETRIC_REPRESENTATION_CONTEXT() REPRESENTATION_CONTEXT('2D SPACE',''
  ) );
#3255 = PCURVE('',#3256,#3261);
#3256 = PLANE('',#3257);
#3257 = AXIS2_PLACEMENT_3D('',#3258,#3259,#3260);
#3258 = CARTESIAN_POINT('',(-49.5,-33.,16.10261561941));
#3259 = DIRECTION('',(0.,-1.,0.));
#3260 = DIRECTION('',(0.,0.,-1.));
#3261 = DEFINITIONAL_REPRESENTATION('',(#3262),#3266);
#3262 = LINE('',#3263,#3264);
#3263 = CARTESIAN_POINT('',(13.10261561941,24.75));
#3264 = VECTOR('',#3265,1.);
#3265 = DIRECTION('',(0.,-1.));
#3266 = ( GEOMETRIC_REPRESENTATION_CONTEXT(2) 
PARAMETRIC_REPRESENTATION_CONTEXT() REPRESENTATION_CONTEXT('2D SPACE',''
  ) );
#3267 = ORIENTED_EDGE('',*,*,#3268,.T.);
#3268 = EDGE_CURVE('',#3241,#3269,#3271,.T.);
#3269 = VERTEX_POINT('',#3270);
#3270 = CARTESIAN_POINT('',(-54.,-45.,3.));
#3271 = SURFACE_CURVE('',#3272,(#3276,#3283),.PCURVE_S1.);
#3272 = LINE('',#3273,#3274);
#3273 = CARTESIAN_POINT('',(-54.,-22.5,3.));
#3274 = VECTOR('',#3275,1.);
#3275 = DIRECTION('',(0.,-1.,0.));
#3276 = PCURVE('',#1629,#3277);
#3277 = DEFINITIONAL_REPRESENTATION('',(#3278),#3282);
#3278 = LINE('',#3279,#3280);
#3279 = CARTESIAN_POINT('',(-54.,-22.5));
#3280 = VECTOR('',#3281,1.);
#3281 = DIRECTION('',(0.,-1.));
#3282 = ( GEOMETRIC_REPRESENTATION_CONTEXT(2) 
PARAMETRIC_REPRESENTATION_CONTEXT() REPRESENTATION_CONTEXT('2D SPACE',''
  ) );
#3283 = PCURVE('',#1774,#3284);
#3284 = DEFINITIONAL_REPRESENTATION('',(#3285),#3289);
#3285 = LINE('',#3286,#3287);
#3286 = CARTESIAN_POINT('',(22.5,0.));
#3287 = VECTOR('',#3288,1.);
#3288 = DIRECTION('',(-1.,0.));
#3289 = ( GEOMETRIC_REPRESENTATION_CONTEXT(2) 
PARAMETRIC_REPRESENTATION_CONTEXT() REPRESENTATION_CONTEXT('2D SPACE',''
  ) );
#3290 = ORIENTED_EDGE('',*,*,#3291,.T.);
#3291 = EDGE_CURVE('',#3269,#3292,#3294,.T.);
#3292 = VERTEX_POINT('',#3293);
#3293 = CARTESIAN_POINT('',(-57.,-45.,3.));
#3294 = SURFACE_CURVE('',#3295,(#3299,#3306),.PCURVE_S1.);
#3295 = LINE('',#3296,#3297);
#3296 = CARTESIAN_POINT('',(-28.5,-45.,3.));
#3297 = VECTOR('',#3298,1.);
#3298 = DIRECTION('',(-1.,0.,0.));
#3299 = PCURVE('',#1629,#3300);
#3300 = DEFINITIONAL_REPRESENTATION('',(#3301),#3305);
#3301 = LINE('',#3302,#3303);
#3302 = CARTESIAN_POINT('',(-28.5,-45.));
#3303 = VECTOR('',#3304,1.);
#3304 = DIRECTION('',(-1.,0.));
#3305 = ( GEOMETRIC_REPRESENTATION_CONTEXT(2) 
PARAMETRIC_REPRESENTATION_CONTEXT() REPRESENTATION_CONTEXT('2D SPACE',''
  ) );
#3306 = PCURVE('',#1332,#3307);
#3307 = DEFINITIONAL_REPRESENTATION('',(#3308),#3312);
#3308 = LINE('',#3309,#3310);
#3309 = CARTESIAN_POINT('',(28.5,0.));
#3310 = VECTOR('',#3311,1.);
#3311 = DIRECTION('',(-1.,0.));
#3312 = ( GEOMETRIC_REPRESENTATION_CONTEXT(2) 
PARAMETRIC_REPRESENTATION_CONTEXT() REPRESENTATION_CONTEXT('2D SPACE',''
  ) );
#3313 = ORIENTED_EDGE('',*,*,#3314,.T.);
#3314 = EDGE_CURVE('',#3292,#3315,#3317,.T.);
#3315 = VERTEX_POINT('',#3316);
#3316 = CARTESIAN_POINT('',(-57.,-33.,3.));
#3317 = SURFACE_CURVE('',#3318,(#3322,#3329),.PCURVE_S1.);
#3318 = LINE('',#3319,#3320);
#3319 = CARTESIAN_POINT('',(-57.,-16.5,3.));
#3320 = VECTOR('',#3321,1.);
#3321 = DIRECTION('',(0.,1.,0.));
#3322 = PCURVE('',#1629,#3323);
#3323 = DEFINITIONAL_REPRESENTATION('',(#3324),#3328);
#3324 = LINE('',#3325,#3326);
#3325 = CARTESIAN_POINT('',(-57.,-16.5));
#3326 = VECTOR('',#3327,1.);
#3327 = DIRECTION('',(0.,1.));
#3328 = ( GEOMETRIC_REPRESENTATION_CONTEXT(2) 
PARAMETRIC_REPRESENTATION_CONTEXT() REPRESENTATION_CONTEXT('2D SPACE',''
  ) );
#3329 = PCURVE('',#1304,#3330);
#3330 = DEFINITIONAL_REPRESENTATION('',(#3331),#3335);
#3331 = LINE('',#3332,#3333);
#3332 = CARTESIAN_POINT('',(-16.5,0.));
#3333 = VECTOR('',#3334,1.);
#3334 = DIRECTION('',(-1.,0.));
#3335 = ( GEOMETRIC_REPRESENTATION_CONTEXT(2) 
PARAMETRIC_REPRESENTATION_CONTEXT() REPRESENTATION_CONTEXT('2D SPACE',''
  ) );
#3336 = ORIENTED_EDGE('',*,*,#3337,.T.);
#3337 = EDGE_CURVE('',#3315,#3338,#3340,.T.);
#3338 = VERTEX_POINT('',#3339);
#3339 = CARTESIAN_POINT('',(-62.5,-33.,3.));
#3340 = SURFACE_CURVE('',#3341,(#3345,#3352),.PCURVE_S1.);
#3341 = LINE('',#3342,#3343);
#3342 = CARTESIAN_POINT('',(-24.75,-33.,3.));
#3343 = VECTOR('',#3344,1.);
#3344 = DIRECTION('',(-1.,0.,0.));
#3345 = PCURVE('',#1629,#3346);
#3346 = DEFINITIONAL_REPRESENTATION('',(#3347),#3351);
#3347 = LINE('',#3348,#3349);
#3348 = CARTESIAN_POINT('',(-24.75,-33.));
#3349 = VECTOR('',#3350,1.);
#3350 = DIRECTION('',(-1.,0.));
#3351 = ( GEOMETRIC_REPRESENTATION_CONTEXT(2) 
PARAMETRIC_REPRESENTATION_CONTEXT() REPRESENTATION_CONTEXT('2D SPACE',''
  ) );
#3352 = PCURVE('',#3353,#3358);
#3353 = PLANE('',#3354);
#3354 = AXIS2_PLACEMENT_3D('',#3355,#3356,#3357);
#3355 = CARTESIAN_POINT('',(-49.5,-33.,16.10261561941));
#3356 = DIRECTION('',(0.,-1.,0.));
#3357 = DIRECTION('',(0.,0.,-1.));
#3358 = DEFINITIONAL_REPRESENTATION('',(#3359),#3363);
#3359 = LINE('',#3360,#3361);
#3360 = CARTESIAN_POINT('',(13.10261561941,24.75));
#3361 = VECTOR('',#3362,1.);
#3362 = DIRECTION('',(0.,-1.));
#3363 = ( GEOMETRIC_REPRESENTATION_CONTEXT(2) 
PARAMETRIC_REPRESENTATION_CONTEXT() REPRESENTATION_CONTEXT('2D SPACE',''
  ) );
#3364 = ORIENTED_EDGE('',*,*,#3365,.T.);
#3365 = EDGE_CURVE('',#3338,#3366,#3368,.T.);
#3366 = VERTEX_POINT('',#3367);
#3367 = CARTESIAN_POINT('',(-62.5,-40.,3.));
#3368 = SURFACE_CURVE('',#3369,(#3373,#3380),.PCURVE_S1.);
#3369 = LINE('',#3370,#3371);
#3370 = CARTESIAN_POINT('',(-62.5,-40.,3.));
#3371 = VECTOR('',#3372,1.);
#3372 = DIRECTION('',(0.,-1.,0.));
#3373 = PCURVE('',#1629,#3374);
#3374 = DEFINITIONAL_REPRESENTATION('',(#3375),#3379);
#3375 = LINE('',#3376,#3377);
#3376 = CARTESIAN_POINT('',(-62.5,-40.));
#3377 = VECTOR('',#3378,1.);
#3378 = DIRECTION('',(0.,-1.));
#3379 = ( GEOMETRIC_REPRESENTATION_CONTEXT(2) 
PARAMETRIC_REPRESENTATION_CONTEXT() REPRESENTATION_CONTEXT('2D SPACE',''
  ) );
#3380 = PCURVE('',#3381,#3386);
#3381 = PLANE('',#3382);
#3382 = AXIS2_PLACEMENT_3D('',#3383,#3384,#3385);
#3383 = CARTESIAN_POINT('',(-62.5,40.,0.));
#3384 = DIRECTION('',(-1.,0.,0.));
#3385 = DIRECTION('',(0.,-1.,0.));
#3386 = DEFINITIONAL_REPRESENTATION('',(#3387),#3391);
#3387 = LINE('',#3388,#3389);
#3388 = CARTESIAN_POINT('',(80.,3.));
#3389 = VECTOR('',#3390,1.);
#3390 = DIRECTION('',(1.,0.));
#3391 = ( GEOMETRIC_REPRESENTATION_CONTEXT(2) 
PARAMETRIC_REPRESENTATION_CONTEXT() REPRESENTATION_CONTEXT('2D SPACE',''
  ) );
#3392 = ORIENTED_EDGE('',*,*,#3393,.T.);
#3393 = EDGE_CURVE('',#3366,#3394,#3396,.T.);
#3394 = VERTEX_POINT('',#3395);
#3395 = CARTESIAN_POINT('',(-52.5,-50.,3.));
#3396 = SURFACE_CURVE('',#3397,(#3402,#3409),.PCURVE_S1.);
#3397 = CIRCLE('',#3398,10.);
#3398 = AXIS2_PLACEMENT_3D('',#3399,#3400,#3401);
#3399 = CARTESIAN_POINT('',(-52.5,-40.,3.));
#3400 = DIRECTION('',(0.,0.,1.));
#3401 = DIRECTION('',(1.,0.,-0.));
#3402 = PCURVE('',#1629,#3403);
#3403 = DEFINITIONAL_REPRESENTATION('',(#3404),#3408);
#3404 = CIRCLE('',#3405,10.);
#3405 = AXIS2_PLACEMENT_2D('',#3406,#3407);
#3406 = CARTESIAN_POINT('',(-52.5,-40.));
#3407 = DIRECTION('',(1.,0.));
#3408 = ( GEOMETRIC_REPRESENTATION_CONTEXT(2) 
PARAMETRIC_REPRESENTATION_CONTEXT() REPRESENTATION_CONTEXT('2D SPACE',''
  ) );
#3409 = PCURVE('',#3410,#3415);
#3410 = CYLINDRICAL_SURFACE('',#3411,10.);
#3411 = AXIS2_PLACEMENT_3D('',#3412,#3413,#3414);
#3412 = CARTESIAN_POINT('',(-52.5,-40.,0.));
#3413 = DIRECTION('',(0.,0.,1.));
#3414 = DIRECTION('',(1.,0.,-0.));
#3415 = DEFINITIONAL_REPRESENTATION('',(#3416),#3420);
#3416 = LINE('',#3417,#3418);
#3417 = CARTESIAN_POINT('',(0.,3.));
#3418 = VECTOR('',#3419,1.);
#3419 = DIRECTION('',(1.,0.));
#3420 = ( GEOMETRIC_REPRESENTATION_CONTEXT(2) 
PARAMETRIC_REPRESENTATION_CONTEXT() REPRESENTATION_CONTEXT('2D SPACE',''
  ) );
#3421 = ORIENTED_EDGE('',*,*,#3422,.T.);
#3422 = EDGE_CURVE('',#3394,#2961,#3423,.T.);
#3423 = SURFACE_CURVE('',#3424,(#3428,#3435),.PCURVE_S1.);
#3424 = LINE('',#3425,#3426);
#3425 = CARTESIAN_POINT('',(52.5,-50.,3.));
#3426 = VECTOR('',#3427,1.);
#3427 = DIRECTION('',(1.,0.,0.));
#3428 = PCURVE('',#1629,#3429);
#3429 = DEFINITIONAL_REPRESENTATION('',(#3430),#3434);
#3430 = LINE('',#3431,#3432);
#3431 = CARTESIAN_POINT('',(52.5,-50.));
#3432 = VECTOR('',#3433,1.);
#3433 = DIRECTION('',(1.,0.));
#3434 = ( GEOMETRIC_REPRESENTATION_CONTEXT(2) 
PARAMETRIC_REPRESENTATION_CONTEXT() REPRESENTATION_CONTEXT('2D SPACE',''
  ) );
#3435 = PCURVE('',#3436,#3441);
#3436 = PLANE('',#3437);
#3437 = AXIS2_PLACEMENT_3D('',#3438,#3439,#3440);
#3438 = CARTESIAN_POINT('',(-52.5,-50.,0.));
#3439 = DIRECTION('',(0.,-1.,0.));
#3440 = DIRECTION('',(1.,0.,0.));
#3441 = DEFINITIONAL_REPRESENTATION('',(#3442),#3446);
#3442 = LINE('',#3443,#3444);
#3443 = CARTESIAN_POINT('',(105.,3.));
#3444 = VECTOR('',#3445,1.);
#3445 = DIRECTION('',(1.,0.));
#3446 = ( GEOMETRIC_REPRESENTATION_CONTEXT(2) 
PARAMETRIC_REPRESENTATION_CONTEXT() REPRESENTATION_CONTEXT('2D SPACE',''
  ) );
#3447 = ORIENTED_EDGE('',*,*,#3448,.T.);
#3448 = EDGE_CURVE('',#2961,#3449,#3451,.T.);
#3449 = VERTEX_POINT('',#3450);
#3450 = CARTESIAN_POINT('',(52.5,-50.,3.));
#3451 = SURFACE_CURVE('',#3452,(#3456,#3463),.PCURVE_S1.);
#3452 = LINE('',#3453,#3454);
#3453 = CARTESIAN_POINT('',(52.5,-50.,3.));
#3454 = VECTOR('',#3455,1.);
#3455 = DIRECTION('',(1.,0.,0.));
#3456 = PCURVE('',#1629,#3457);
#3457 = DEFINITIONAL_REPRESENTATION('',(#3458),#3462);
#3458 = LINE('',#3459,#3460);
#3459 = CARTESIAN_POINT('',(52.5,-50.));
#3460 = VECTOR('',#3461,1.);
#3461 = DIRECTION('',(1.,0.));
#3462 = ( GEOMETRIC_REPRESENTATION_CONTEXT(2) 
PARAMETRIC_REPRESENTATION_CONTEXT() REPRESENTATION_CONTEXT('2D SPACE',''
  ) );
#3463 = PCURVE('',#3436,#3464);
#3464 = DEFINITIONAL_REPRESENTATION('',(#3465),#3469);
#3465 = LINE('',#3466,#3467);
#3466 = CARTESIAN_POINT('',(105.,3.));
#3467 = VECTOR('',#3468,1.);
#3468 = DIRECTION('',(1.,0.));
#3469 = ( GEOMETRIC_REPRESENTATION_CONTEXT(2) 
PARAMETRIC_REPRESENTATION_CONTEXT() REPRESENTATION_CONTEXT('2D SPACE',''
  ) );
#3470 = ORIENTED_EDGE('',*,*,#3471,.T.);
#3471 = EDGE_CURVE('',#3449,#3472,#3474,.T.);
#3472 = VERTEX_POINT('',#3473);
#3473 = CARTESIAN_POINT('',(62.5,-40.,3.));
#3474 = SURFACE_CURVE('',#3475,(#3480,#3487),.PCURVE_S1.);
#3475 = CIRCLE('',#3476,10.);
#3476 = AXIS2_PLACEMENT_3D('',#3477,#3478,#3479);
#3477 = CARTESIAN_POINT('',(52.5,-40.,3.));
#3478 = DIRECTION('',(0.,-0.,1.));
#3479 = DIRECTION('',(0.,1.,0.));
#3480 = PCURVE('',#1629,#3481);
#3481 = DEFINITIONAL_REPRESENTATION('',(#3482),#3486);
#3482 = CIRCLE('',#3483,10.);
#3483 = AXIS2_PLACEMENT_2D('',#3484,#3485);
#3484 = CARTESIAN_POINT('',(52.5,-40.));
#3485 = DIRECTION('',(0.,1.));
#3486 = ( GEOMETRIC_REPRESENTATION_CONTEXT(2) 
PARAMETRIC_REPRESENTATION_CONTEXT() REPRESENTATION_CONTEXT('2D SPACE',''
  ) );
#3487 = PCURVE('',#3488,#3493);
#3488 = CYLINDRICAL_SURFACE('',#3489,10.);
#3489 = AXIS2_PLACEMENT_3D('',#3490,#3491,#3492);
#3490 = CARTESIAN_POINT('',(52.5,-40.,0.));
#3491 = DIRECTION('',(0.,0.,1.));
#3492 = DIRECTION('',(0.,1.,0.));
#3493 = DEFINITIONAL_REPRESENTATION('',(#3494),#3498);
#3494 = LINE('',#3495,#3496);
#3495 = CARTESIAN_POINT('',(0.,3.));
#3496 = VECTOR('',#3497,1.);
#3497 = DIRECTION('',(1.,0.));
#3498 = ( GEOMETRIC_REPRESENTATION_CONTEXT(2) 
PARAMETRIC_REPRESENTATION_CONTEXT() REPRESENTATION_CONTEXT('2D SPACE',''
  ) );
#3499 = ORIENTED_EDGE('',*,*,#3500,.T.);
#3500 = EDGE_CURVE('',#3472,#3501,#3503,.T.);
#3501 = VERTEX_POINT('',#3502);
#3502 = CARTESIAN_POINT('',(62.5,40.,3.));
#3503 = SURFACE_CURVE('',#3504,(#3508,#3515),.PCURVE_S1.);
#3504 = LINE('',#3505,#3506);
#3505 = CARTESIAN_POINT('',(62.5,40.,3.));
#3506 = VECTOR('',#3507,1.);
#3507 = DIRECTION('',(0.,1.,0.));
#3508 = PCURVE('',#1629,#3509);
#3509 = DEFINITIONAL_REPRESENTATION('',(#3510),#3514);
#3510 = LINE('',#3511,#3512);
#3511 = CARTESIAN_POINT('',(62.5,40.));
#3512 = VECTOR('',#3513,1.);
#3513 = DIRECTION('',(0.,1.));
#3514 = ( GEOMETRIC_REPRESENTATION_CONTEXT(2) 
PARAMETRIC_REPRESENTATION_CONTEXT() REPRESENTATION_CONTEXT('2D SPACE',''
  ) );
#3515 = PCURVE('',#3516,#3521);
#3516 = PLANE('',#3517);
#3517 = AXIS2_PLACEMENT_3D('',#3518,#3519,#3520);
#3518 = CARTESIAN_POINT('',(62.5,-40.,0.));
#3519 = DIRECTION('',(1.,0.,0.));
#3520 = DIRECTION('',(-0.,1.,0.));
#3521 = DEFINITIONAL_REPRESENTATION('',(#3522),#3526);
#3522 = LINE('',#3523,#3524);
#3523 = CARTESIAN_POINT('',(80.,3.));
#3524 = VECTOR('',#3525,1.);
#3525 = DIRECTION('',(1.,0.));
#3526 = ( GEOMETRIC_REPRESENTATION_CONTEXT(2) 
PARAMETRIC_REPRESENTATION_CONTEXT() REPRESENTATION_CONTEXT('2D SPACE',''
  ) );
#3527 = ORIENTED_EDGE('',*,*,#3528,.T.);
#3528 = EDGE_CURVE('',#3501,#3529,#3531,.T.);
#3529 = VERTEX_POINT('',#3530);
#3530 = CARTESIAN_POINT('',(52.5,50.,3.));
#3531 = SURFACE_CURVE('',#3532,(#3537,#3544),.PCURVE_S1.);
#3532 = CIRCLE('',#3533,10.);
#3533 = AXIS2_PLACEMENT_3D('',#3534,#3535,#3536);
#3534 = CARTESIAN_POINT('',(52.5,40.,3.));
#3535 = DIRECTION('',(0.,0.,1.));
#3536 = DIRECTION('',(-1.,0.,0.));
#3537 = PCURVE('',#1629,#3538);
#3538 = DEFINITIONAL_REPRESENTATION('',(#3539),#3543);
#3539 = CIRCLE('',#3540,10.);
#3540 = AXIS2_PLACEMENT_2D('',#3541,#3542);
#3541 = CARTESIAN_POINT('',(52.5,40.));
#3542 = DIRECTION('',(-1.,0.));
#3543 = ( GEOMETRIC_REPRESENTATION_CONTEXT(2) 
PARAMETRIC_REPRESENTATION_CONTEXT() REPRESENTATION_CONTEXT('2D SPACE',''
  ) );
#3544 = PCURVE('',#3545,#3550);
#3545 = CYLINDRICAL_SURFACE('',#3546,10.);
#3546 = AXIS2_PLACEMENT_3D('',#3547,#3548,#3549);
#3547 = CARTESIAN_POINT('',(52.5,40.,0.));
#3548 = DIRECTION('',(0.,0.,1.));
#3549 = DIRECTION('',(-1.,0.,0.));
#3550 = DEFINITIONAL_REPRESENTATION('',(#3551),#3555);
#3551 = LINE('',#3552,#3553);
#3552 = CARTESIAN_POINT('',(0.,3.));
#3553 = VECTOR('',#3554,1.);
#3554 = DIRECTION('',(1.,0.));
#3555 = ( GEOMETRIC_REPRESENTATION_CONTEXT(2) 
PARAMETRIC_REPRESENTATION_CONTEXT() REPRESENTATION_CONTEXT('2D SPACE',''
  ) );
#3556 = ORIENTED_EDGE('',*,*,#3557,.T.);
#3557 = EDGE_CURVE('',#3529,#3558,#3560,.T.);
#3558 = VERTEX_POINT('',#3559);
#3559 = CARTESIAN_POINT('',(-52.5,50.,3.));
#3560 = SURFACE_CURVE('',#3561,(#3565,#3572),.PCURVE_S1.);
#3561 = LINE('',#3562,#3563);
#3562 = CARTESIAN_POINT('',(-52.5,50.,3.));
#3563 = VECTOR('',#3564,1.);
#3564 = DIRECTION('',(-1.,0.,0.));
#3565 = PCURVE('',#1629,#3566);
#3566 = DEFINITIONAL_REPRESENTATION('',(#3567),#3571);
#3567 = LINE('',#3568,#3569);
#3568 = CARTESIAN_POINT('',(-52.5,50.));
#3569 = VECTOR('',#3570,1.);
#3570 = DIRECTION('',(-1.,0.));
#3571 = ( GEOMETRIC_REPRESENTATION_CONTEXT(2) 
PARAMETRIC_REPRESENTATION_CONTEXT() REPRESENTATION_CONTEXT('2D SPACE',''
  ) );
#3572 = PCURVE('',#3573,#3578);
#3573 = PLANE('',#3574);
#3574 = AXIS2_PLACEMENT_3D('',#3575,#3576,#3577);
#3575 = CARTESIAN_POINT('',(52.5,50.,0.));
#3576 = DIRECTION('',(0.,1.,0.));
#3577 = DIRECTION('',(-1.,0.,0.));
#3578 = DEFINITIONAL_REPRESENTATION('',(#3579),#3583);
#3579 = LINE('',#3580,#3581);
#3580 = CARTESIAN_POINT('',(105.,3.));
#3581 = VECTOR('',#3582,1.);
#3582 = DIRECTION('',(1.,0.));
#3583 = ( GEOMETRIC_REPRESENTATION_CONTEXT(2) 
PARAMETRIC_REPRESENTATION_CONTEXT() REPRESENTATION_CONTEXT('2D SPACE',''
  ) );
#3584 = ORIENTED_EDGE('',*,*,#3585,.T.);
#3585 = EDGE_CURVE('',#3558,#3586,#3588,.T.);
#3586 = VERTEX_POINT('',#3587);
#3587 = CARTESIAN_POINT('',(-62.5,40.,3.));
#3588 = SURFACE_CURVE('',#3589,(#3594,#3601),.PCURVE_S1.);
#3589 = CIRCLE('',#3590,10.);
#3590 = AXIS2_PLACEMENT_3D('',#3591,#3592,#3593);
#3591 = CARTESIAN_POINT('',(-52.5,40.,3.));
#3592 = DIRECTION('',(0.,0.,1.));
#3593 = DIRECTION('',(0.,-1.,0.));
#3594 = PCURVE('',#1629,#3595);
#3595 = DEFINITIONAL_REPRESENTATION('',(#3596),#3600);
#3596 = CIRCLE('',#3597,10.);
#3597 = AXIS2_PLACEMENT_2D('',#3598,#3599);
#3598 = CARTESIAN_POINT('',(-52.5,40.));
#3599 = DIRECTION('',(0.,-1.));
#3600 = ( GEOMETRIC_REPRESENTATION_CONTEXT(2) 
PARAMETRIC_REPRESENTATION_CONTEXT() REPRESENTATION_CONTEXT('2D SPACE',''
  ) );
#3601 = PCURVE('',#3602,#3607);
#3602 = CYLINDRICAL_SURFACE('',#3603,10.);
#3603 = AXIS2_PLACEMENT_3D('',#3604,#3605,#3606);
#3604 = CARTESIAN_POINT('',(-52.5,40.,0.));
#3605 = DIRECTION('',(0.,0.,1.));
#3606 = DIRECTION('',(0.,-1.,0.));
#3607 = DEFINITIONAL_REPRESENTATION('',(#3608),#3612);
#3608 = LINE('',#3609,#3610);
#3609 = CARTESIAN_POINT('',(0.,3.));
#3610 = VECTOR('',#3611,1.);
#3611 = DIRECTION('',(1.,0.));
#3612 = ( GEOMETRIC_REPRESENTATION_CONTEXT(2) 
PARAMETRIC_REPRESENTATION_CONTEXT() REPRESENTATION_CONTEXT('2D SPACE',''
  ) );
#3613 = ORIENTED_EDGE('',*,*,#3614,.T.);
#3614 = EDGE_CURVE('',#3586,#3099,#3615,.T.);
#3615 = SURFACE_CURVE('',#3616,(#3620,#3627),.PCURVE_S1.);
#3616 = LINE('',#3617,#3618);
#3617 = CARTESIAN_POINT('',(-62.5,-40.,3.));
#3618 = VECTOR('',#3619,1.);
#3619 = DIRECTION('',(0.,-1.,0.));
#3620 = PCURVE('',#1629,#3621);
#3621 = DEFINITIONAL_REPRESENTATION('',(#3622),#3626);
#3622 = LINE('',#3623,#3624);
#3623 = CARTESIAN_POINT('',(-62.5,-40.));
#3624 = VECTOR('',#3625,1.);
#3625 = DIRECTION('',(0.,-1.));
#3626 = ( GEOMETRIC_REPRESENTATION_CONTEXT(2) 
PARAMETRIC_REPRESENTATION_CONTEXT() REPRESENTATION_CONTEXT('2D SPACE',''
  ) );
#3627 = PCURVE('',#3381,#3628);
#3628 = DEFINITIONAL_REPRESENTATION('',(#3629),#3633);
#3629 = LINE('',#3630,#3631);
#3630 = CARTESIAN_POINT('',(80.,3.));
#3631 = VECTOR('',#3632,1.);
#3632 = DIRECTION('',(1.,0.));
#3633 = ( GEOMETRIC_REPRESENTATION_CONTEXT(2) 
PARAMETRIC_REPRESENTATION_CONTEXT() REPRESENTATION_CONTEXT('2D SPACE',''
  ) );
#3634 = FACE_BOUND('',#3635,.T.);
#3635 = EDGE_LOOP('',(#3636,#3666,#3687,#3688,#3711,#3734,#3763,#3791,
    #3814));
#3636 = ORIENTED_EDGE('',*,*,#3637,.T.);
#3637 = EDGE_CURVE('',#3638,#3640,#3642,.T.);
#3638 = VERTEX_POINT('',#3639);
#3639 = CARTESIAN_POINT('',(-14.5,17.,3.));
#3640 = VERTEX_POINT('',#3641);
#3641 = CARTESIAN_POINT('',(-35.5,17.,3.));
#3642 = SURFACE_CURVE('',#3643,(#3647,#3654),.PCURVE_S1.);
#3643 = LINE('',#3644,#3645);
#3644 = CARTESIAN_POINT('',(-19.25,17.,3.));
#3645 = VECTOR('',#3646,1.);
#3646 = DIRECTION('',(-1.,-3.3E-16,0.));
#3647 = PCURVE('',#1629,#3648);
#3648 = DEFINITIONAL_REPRESENTATION('',(#3649),#3653);
#3649 = LINE('',#3650,#3651);
#3650 = CARTESIAN_POINT('',(-19.25,17.));
#3651 = VECTOR('',#3652,1.);
#3652 = DIRECTION('',(-1.,-3.3E-16));
#3653 = ( GEOMETRIC_REPRESENTATION_CONTEXT(2) 
PARAMETRIC_REPRESENTATION_CONTEXT() REPRESENTATION_CONTEXT('2D SPACE',''
  ) );
#3654 = PCURVE('',#3655,#3660);
#3655 = PLANE('',#3656);
#3656 = AXIS2_PLACEMENT_3D('',#3657,#3658,#3659);
#3657 = CARTESIAN_POINT('',(-38.5,17.,3.));
#3658 = DIRECTION('',(3.3E-16,-1.,0.));
#3659 = DIRECTION('',(1.,3.3E-16,0.));
#3660 = DEFINITIONAL_REPRESENTATION('',(#3661),#3665);
#3661 = LINE('',#3662,#3663);
#3662 = CARTESIAN_POINT('',(19.25,0.));
#3663 = VECTOR('',#3664,1.);
#3664 = DIRECTION('',(-1.,0.));
#3665 = ( GEOMETRIC_REPRESENTATION_CONTEXT(2) 
PARAMETRIC_REPRESENTATION_CONTEXT() REPRESENTATION_CONTEXT('2D SPACE',''
  ) );
#3666 = ORIENTED_EDGE('',*,*,#3667,.F.);
#3667 = EDGE_CURVE('',#2088,#3640,#3668,.T.);
#3668 = SURFACE_CURVE('',#3669,(#3673,#3680),.PCURVE_S1.);
#3669 = LINE('',#3670,#3671);
#3670 = CARTESIAN_POINT('',(-35.5,33.,3.));
#3671 = VECTOR('',#3672,1.);
#3672 = DIRECTION('',(0.,-1.,0.));
#3673 = PCURVE('',#1629,#3674);
#3674 = DEFINITIONAL_REPRESENTATION('',(#3675),#3679);
#3675 = LINE('',#3676,#3677);
#3676 = CARTESIAN_POINT('',(-35.5,33.));
#3677 = VECTOR('',#3678,1.);
#3678 = DIRECTION('',(0.,-1.));
#3679 = ( GEOMETRIC_REPRESENTATION_CONTEXT(2) 
PARAMETRIC_REPRESENTATION_CONTEXT() REPRESENTATION_CONTEXT('2D SPACE',''
  ) );
#3680 = PCURVE('',#2126,#3681);
#3681 = DEFINITIONAL_REPRESENTATION('',(#3682),#3686);
#3682 = LINE('',#3683,#3684);
#3683 = CARTESIAN_POINT('',(0.,0.));
#3684 = VECTOR('',#3685,1.);
#3685 = DIRECTION('',(0.,1.));
#3686 = ( GEOMETRIC_REPRESENTATION_CONTEXT(2) 
PARAMETRIC_REPRESENTATION_CONTEXT() REPRESENTATION_CONTEXT('2D SPACE',''
  ) );
#3687 = ORIENTED_EDGE('',*,*,#2087,.F.);
#3688 = ORIENTED_EDGE('',*,*,#3689,.T.);
#3689 = EDGE_CURVE('',#2060,#3690,#3692,.T.);
#3690 = VERTEX_POINT('',#3691);
#3691 = CARTESIAN_POINT('',(-39.,45.,3.));
#3692 = SURFACE_CURVE('',#3693,(#3697,#3704),.PCURVE_S1.);
#3693 = LINE('',#3694,#3695);
#3694 = CARTESIAN_POINT('',(-39.,22.5,3.));
#3695 = VECTOR('',#3696,1.);
#3696 = DIRECTION('',(0.,1.,0.));
#3697 = PCURVE('',#1629,#3698);
#3698 = DEFINITIONAL_REPRESENTATION('',(#3699),#3703);
#3699 = LINE('',#3700,#3701);
#3700 = CARTESIAN_POINT('',(-39.,22.5));
#3701 = VECTOR('',#3702,1.);
#3702 = DIRECTION('',(0.,1.));
#3703 = ( GEOMETRIC_REPRESENTATION_CONTEXT(2) 
PARAMETRIC_REPRESENTATION_CONTEXT() REPRESENTATION_CONTEXT('2D SPACE',''
  ) );
#3704 = PCURVE('',#2075,#3705);
#3705 = DEFINITIONAL_REPRESENTATION('',(#3706),#3710);
#3706 = LINE('',#3707,#3708);
#3707 = CARTESIAN_POINT('',(22.5,0.));
#3708 = VECTOR('',#3709,1.);
#3709 = DIRECTION('',(-1.,0.));
#3710 = ( GEOMETRIC_REPRESENTATION_CONTEXT(2) 
PARAMETRIC_REPRESENTATION_CONTEXT() REPRESENTATION_CONTEXT('2D SPACE',''
  ) );
#3711 = ORIENTED_EDGE('',*,*,#3712,.T.);
#3712 = EDGE_CURVE('',#3690,#3713,#3715,.T.);
#3713 = VERTEX_POINT('',#3714);
#3714 = CARTESIAN_POINT('',(-36.,45.,3.));
#3715 = SURFACE_CURVE('',#3716,(#3720,#3727),.PCURVE_S1.);
#3716 = LINE('',#3717,#3718);
#3717 = CARTESIAN_POINT('',(-18.,45.,3.));
#3718 = VECTOR('',#3719,1.);
#3719 = DIRECTION('',(1.,0.,0.));
#3720 = PCURVE('',#1629,#3721);
#3721 = DEFINITIONAL_REPRESENTATION('',(#3722),#3726);
#3722 = LINE('',#3723,#3724);
#3723 = CARTESIAN_POINT('',(-18.,45.));
#3724 = VECTOR('',#3725,1.);
#3725 = DIRECTION('',(1.,0.));
#3726 = ( GEOMETRIC_REPRESENTATION_CONTEXT(2) 
PARAMETRIC_REPRESENTATION_CONTEXT() REPRESENTATION_CONTEXT('2D SPACE',''
  ) );
#3727 = PCURVE('',#1446,#3728);
#3728 = DEFINITIONAL_REPRESENTATION('',(#3729),#3733);
#3729 = LINE('',#3730,#3731);
#3730 = CARTESIAN_POINT('',(-18.,0.));
#3731 = VECTOR('',#3732,1.);
#3732 = DIRECTION('',(-1.,0.));
#3733 = ( GEOMETRIC_REPRESENTATION_CONTEXT(2) 
PARAMETRIC_REPRESENTATION_CONTEXT() REPRESENTATION_CONTEXT('2D SPACE',''
  ) );
#3734 = ORIENTED_EDGE('',*,*,#3735,.T.);
#3735 = EDGE_CURVE('',#3713,#3736,#3738,.T.);
#3736 = VERTEX_POINT('',#3737);
#3737 = CARTESIAN_POINT('',(-33.,40.,3.));
#3738 = SURFACE_CURVE('',#3739,(#3744,#3751),.PCURVE_S1.);
#3739 = CIRCLE('',#3740,11.75);
#3740 = AXIS2_PLACEMENT_3D('',#3741,#3742,#3743);
#3741 = CARTESIAN_POINT('',(-24.739541808,48.356274915196,3.));
#3742 = DIRECTION('',(0.,0.,1.));
#3743 = DIRECTION('',(-0.703017718468,-0.711172333208,0.));
#3744 = PCURVE('',#1629,#3745);
#3745 = DEFINITIONAL_REPRESENTATION('',(#3746),#3750);
#3746 = CIRCLE('',#3747,11.75);
#3747 = AXIS2_PLACEMENT_2D('',#3748,#3749);
#3748 = CARTESIAN_POINT('',(-24.739541808,48.356274915196));
#3749 = DIRECTION('',(-0.703017718468,-0.711172333208));
#3750 = ( GEOMETRIC_REPRESENTATION_CONTEXT(2) 
PARAMETRIC_REPRESENTATION_CONTEXT() REPRESENTATION_CONTEXT('2D SPACE',''
  ) );
#3751 = PCURVE('',#3752,#3757);
#3752 = CYLINDRICAL_SURFACE('',#3753,11.75);
#3753 = AXIS2_PLACEMENT_3D('',#3754,#3755,#3756);
#3754 = CARTESIAN_POINT('',(-24.739541808,48.356274915196,
    24.212121212121));
#3755 = DIRECTION('',(-2.4E-16,-1.4E-16,-1.));
#3756 = DIRECTION('',(-0.703017718468,-0.711172333208,2.682883790813E-16
    ));
#3757 = DEFINITIONAL_REPRESENTATION('',(#3758),#3762);
#3758 = LINE('',#3759,#3760);
#3759 = CARTESIAN_POINT('',(6.28318530718,21.212121212121));
#3760 = VECTOR('',#3761,1.);
#3761 = DIRECTION('',(-1.,0.));
#3762 = ( GEOMETRIC_REPRESENTATION_CONTEXT(2) 
PARAMETRIC_REPRESENTATION_CONTEXT() REPRESENTATION_CONTEXT('2D SPACE',''
  ) );
#3763 = ORIENTED_EDGE('',*,*,#3764,.T.);
#3764 = EDGE_CURVE('',#3736,#3765,#3767,.T.);
#3765 = VERTEX_POINT('',#3766);
#3766 = CARTESIAN_POINT('',(-33.,22.,3.));
#3767 = SURFACE_CURVE('',#3768,(#3772,#3779),.PCURVE_S1.);
#3768 = LINE('',#3769,#3770);
#3769 = CARTESIAN_POINT('',(-33.,40.,3.));
#3770 = VECTOR('',#3771,1.);
#3771 = DIRECTION('',(0.,-1.,0.));
#3772 = PCURVE('',#1629,#3773);
#3773 = DEFINITIONAL_REPRESENTATION('',(#3774),#3778);
#3774 = LINE('',#3775,#3776);
#3775 = CARTESIAN_POINT('',(-33.,40.));
#3776 = VECTOR('',#3777,1.);
#3777 = DIRECTION('',(0.,-1.));
#3778 = ( GEOMETRIC_REPRESENTATION_CONTEXT(2) 
PARAMETRIC_REPRESENTATION_CONTEXT() REPRESENTATION_CONTEXT('2D SPACE',''
  ) );
#3779 = PCURVE('',#3780,#3785);
#3780 = PLANE('',#3781);
#3781 = AXIS2_PLACEMENT_3D('',#3782,#3783,#3784);
#3782 = CARTESIAN_POINT('',(-33.,40.,45.424242424242));
#3783 = DIRECTION('',(-1.,0.,3.2E-16));
#3784 = DIRECTION('',(-3.2E-16,0.,-1.));
#3785 = DEFINITIONAL_REPRESENTATION('',(#3786),#3790);
#3786 = LINE('',#3787,#3788);
#3787 = CARTESIAN_POINT('',(42.424242424242,0.));
#3788 = VECTOR('',#3789,1.);
#3789 = DIRECTION('',(-0.,1.));
#3790 = ( GEOMETRIC_REPRESENTATION_CONTEXT(2) 
PARAMETRIC_REPRESENTATION_CONTEXT() REPRESENTATION_CONTEXT('2D SPACE',''
  ) );
#3791 = ORIENTED_EDGE('',*,*,#3792,.T.);
#3792 = EDGE_CURVE('',#3765,#3793,#3795,.T.);
#3793 = VERTEX_POINT('',#3794);
#3794 = CARTESIAN_POINT('',(-14.5,22.,3.));
#3795 = SURFACE_CURVE('',#3796,(#3800,#3807),.PCURVE_S1.);
#3796 = LINE('',#3797,#3798);
#3797 = CARTESIAN_POINT('',(-1.253787878788,22.,3.));
#3798 = VECTOR('',#3799,1.);
#3799 = DIRECTION('',(1.,0.,0.));
#3800 = PCURVE('',#1629,#3801);
#3801 = DEFINITIONAL_REPRESENTATION('',(#3802),#3806);
#3802 = LINE('',#3803,#3804);
#3803 = CARTESIAN_POINT('',(-1.253787878788,22.));
#3804 = VECTOR('',#3805,1.);
#3805 = DIRECTION('',(1.,0.));
#3806 = ( GEOMETRIC_REPRESENTATION_CONTEXT(2) 
PARAMETRIC_REPRESENTATION_CONTEXT() REPRESENTATION_CONTEXT('2D SPACE',''
  ) );
#3807 = PCURVE('',#2515,#3808);
#3808 = DEFINITIONAL_REPRESENTATION('',(#3809),#3813);
#3809 = LINE('',#3810,#3811);
#3810 = CARTESIAN_POINT('',(21.212121212121,1.253787878788));
#3811 = VECTOR('',#3812,1.);
#3812 = DIRECTION('',(0.,1.));
#3813 = ( GEOMETRIC_REPRESENTATION_CONTEXT(2) 
PARAMETRIC_REPRESENTATION_CONTEXT() REPRESENTATION_CONTEXT('2D SPACE',''
  ) );
#3814 = ORIENTED_EDGE('',*,*,#3815,.F.);
#3815 = EDGE_CURVE('',#3638,#3793,#3816,.T.);
#3816 = SURFACE_CURVE('',#3817,(#3821,#3828),.PCURVE_S1.);
#3817 = LINE('',#3818,#3819);
#3818 = CARTESIAN_POINT('',(-14.5,11.,3.));
#3819 = VECTOR('',#3820,1.);
#3820 = DIRECTION('',(0.,1.,0.));
#3821 = PCURVE('',#1629,#3822);
#3822 = DEFINITIONAL_REPRESENTATION('',(#3823),#3827);
#3823 = LINE('',#3824,#3825);
#3824 = CARTESIAN_POINT('',(-14.5,11.));
#3825 = VECTOR('',#3826,1.);
#3826 = DIRECTION('',(0.,1.));
#3827 = ( GEOMETRIC_REPRESENTATION_CONTEXT(2) 
PARAMETRIC_REPRESENTATION_CONTEXT() REPRESENTATION_CONTEXT('2D SPACE',''
  ) );
#3828 = PCURVE('',#3829,#3834);
#3829 = CYLINDRICAL_SURFACE('',#3830,10.5);
#3830 = AXIS2_PLACEMENT_3D('',#3831,#3832,#3833);
#3831 = CARTESIAN_POINT('',(-14.5,11.,13.5));
#3832 = DIRECTION('',(0.,-1.,0.));
#3833 = DIRECTION('',(-0.707106781187,-0.,-0.707106781187));
#3834 = DEFINITIONAL_REPRESENTATION('',(#3835),#3839);
#3835 = LINE('',#3836,#3837);
#3836 = CARTESIAN_POINT('',(0.785398163397,0.));
#3837 = VECTOR('',#3838,1.);
#3838 = DIRECTION('',(0.,-1.));
#3839 = ( GEOMETRIC_REPRESENTATION_CONTEXT(2) 
PARAMETRIC_REPRESENTATION_CONTEXT() REPRESENTATION_CONTEXT('2D SPACE',''
  ) );
#3840 = FACE_BOUND('',#3841,.T.);
#3841 = EDGE_LOOP('',(#3842));
#3842 = ORIENTED_EDGE('',*,*,#2250,.T.);
#3843 = ADVANCED_FACE('',(#3844),#3858,.F.);
#3844 = FACE_BOUND('',#3845,.F.);
#3845 = EDGE_LOOP('',(#3846,#3881,#3905,#3933));
#3846 = ORIENTED_EDGE('',*,*,#3847,.F.);
#3847 = EDGE_CURVE('',#3848,#3850,#3852,.T.);
#3848 = VERTEX_POINT('',#3849);
#3849 = CARTESIAN_POINT('',(14.,10.,38.));
#3850 = VERTEX_POINT('',#3851);
#3851 = CARTESIAN_POINT('',(14.,22.,38.));
#3852 = SURFACE_CURVE('',#3853,(#3857,#3869),.PCURVE_S1.);
#3853 = LINE('',#3854,#3855);
#3854 = CARTESIAN_POINT('',(14.,22.,38.));
#3855 = VECTOR('',#3856,1.);
#3856 = DIRECTION('',(0.,1.,0.));
#3857 = PCURVE('',#3858,#3863);
#3858 = CYLINDRICAL_SURFACE('',#3859,2.);
#3859 = AXIS2_PLACEMENT_3D('',#3860,#3861,#3862);
#3860 = CARTESIAN_POINT('',(14.,22.,36.));
#3861 = DIRECTION('',(0.,-1.,0.));
#3862 = DIRECTION('',(0.707106781187,0.,0.707106781187));
#3863 = DEFINITIONAL_REPRESENTATION('',(#3864),#3868);
#3864 = LINE('',#3865,#3866);
#3865 = CARTESIAN_POINT('',(7.068583470577,0.));
#3866 = VECTOR('',#3867,1.);
#3867 = DIRECTION('',(0.,-1.));
#3868 = ( GEOMETRIC_REPRESENTATION_CONTEXT(2) 
PARAMETRIC_REPRESENTATION_CONTEXT() REPRESENTATION_CONTEXT('2D SPACE',''
  ) );
#3869 = PCURVE('',#3870,#3875);
#3870 = PLANE('',#3871);
#3871 = AXIS2_PLACEMENT_3D('',#3872,#3873,#3874);
#3872 = CARTESIAN_POINT('',(16.,22.,38.));
#3873 = DIRECTION('',(2.5E-16,0.,1.));
#3874 = DIRECTION('',(-1.,0.,2.5E-16));
#3875 = DEFINITIONAL_REPRESENTATION('',(#3876),#3880);
#3876 = LINE('',#3877,#3878);
#3877 = CARTESIAN_POINT('',(2.,0.));
#3878 = VECTOR('',#3879,1.);
#3879 = DIRECTION('',(0.,-1.));
#3880 = ( GEOMETRIC_REPRESENTATION_CONTEXT(2) 
PARAMETRIC_REPRESENTATION_CONTEXT() REPRESENTATION_CONTEXT('2D SPACE',''
  ) );
#3881 = ORIENTED_EDGE('',*,*,#3882,.F.);
#3882 = EDGE_CURVE('',#3883,#3848,#3885,.T.);
#3883 = VERTEX_POINT('',#3884);
#3884 = CARTESIAN_POINT('',(16.,10.,36.));
#3885 = SURFACE_CURVE('',#3886,(#3891,#3898),.PCURVE_S1.);
#3886 = CIRCLE('',#3887,2.);
#3887 = AXIS2_PLACEMENT_3D('',#3888,#3889,#3890);
#3888 = CARTESIAN_POINT('',(14.,10.,36.));
#3889 = DIRECTION('',(-9.E-17,-1.,0.));
#3890 = DIRECTION('',(0.707106781187,-6.363961030679E-17,0.707106781187)
  );
#3891 = PCURVE('',#3858,#3892);
#3892 = DEFINITIONAL_REPRESENTATION('',(#3893),#3897);
#3893 = LINE('',#3894,#3895);
#3894 = CARTESIAN_POINT('',(1.78E-15,12.));
#3895 = VECTOR('',#3896,1.);
#3896 = DIRECTION('',(1.,0.));
#3897 = ( GEOMETRIC_REPRESENTATION_CONTEXT(2) 
PARAMETRIC_REPRESENTATION_CONTEXT() REPRESENTATION_CONTEXT('2D SPACE',''
  ) );
#3898 = PCURVE('',#2459,#3899);
#3899 = DEFINITIONAL_REPRESENTATION('',(#3900),#3904);
#3900 = CIRCLE('',#3901,2.);
#3901 = AXIS2_PLACEMENT_2D('',#3902,#3903);
#3902 = CARTESIAN_POINT('',(39.,33.));
#3903 = DIRECTION('',(0.707106781187,0.707106781187));
#3904 = ( GEOMETRIC_REPRESENTATION_CONTEXT(2) 
PARAMETRIC_REPRESENTATION_CONTEXT() REPRESENTATION_CONTEXT('2D SPACE',''
  ) );
#3905 = ORIENTED_EDGE('',*,*,#3906,.F.);
#3906 = EDGE_CURVE('',#3907,#3883,#3909,.T.);
#3907 = VERTEX_POINT('',#3908);
#3908 = CARTESIAN_POINT('',(16.,22.,36.));
#3909 = SURFACE_CURVE('',#3910,(#3914,#3921),.PCURVE_S1.);
#3910 = LINE('',#3911,#3912);
#3911 = CARTESIAN_POINT('',(16.,22.,36.));
#3912 = VECTOR('',#3913,1.);
#3913 = DIRECTION('',(0.,-1.,0.));
#3914 = PCURVE('',#3858,#3915);
#3915 = DEFINITIONAL_REPRESENTATION('',(#3916),#3920);
#3916 = LINE('',#3917,#3918);
#3917 = CARTESIAN_POINT('',(5.497787143782,0.));
#3918 = VECTOR('',#3919,1.);
#3919 = DIRECTION('',(0.,1.));
#3920 = ( GEOMETRIC_REPRESENTATION_CONTEXT(2) 
PARAMETRIC_REPRESENTATION_CONTEXT() REPRESENTATION_CONTEXT('2D SPACE',''
  ) );
#3921 = PCURVE('',#3922,#3927);
#3922 = PLANE('',#3923);
#3923 = AXIS2_PLACEMENT_3D('',#3924,#3925,#3926);
#3924 = CARTESIAN_POINT('',(16.,22.,3.));
#3925 = DIRECTION('',(1.,0.,-1.1E-16));
#3926 = DIRECTION('',(1.1E-16,0.,1.));
#3927 = DEFINITIONAL_REPRESENTATION('',(#3928),#3932);
#3928 = LINE('',#3929,#3930);
#3929 = CARTESIAN_POINT('',(33.,0.));
#3930 = VECTOR('',#3931,1.);
#3931 = DIRECTION('',(0.,1.));
#3932 = ( GEOMETRIC_REPRESENTATION_CONTEXT(2) 
PARAMETRIC_REPRESENTATION_CONTEXT() REPRESENTATION_CONTEXT('2D SPACE',''
  ) );
#3933 = ORIENTED_EDGE('',*,*,#3934,.F.);
#3934 = EDGE_CURVE('',#3850,#3907,#3935,.T.);
#3935 = SURFACE_CURVE('',#3936,(#3941,#3948),.PCURVE_S1.);
#3936 = CIRCLE('',#3937,2.);
#3937 = AXIS2_PLACEMENT_3D('',#3938,#3939,#3940);
#3938 = CARTESIAN_POINT('',(14.,22.,36.));
#3939 = DIRECTION('',(0.,1.,0.));
#3940 = DIRECTION('',(0.707106781187,-0.,0.707106781187));
#3941 = PCURVE('',#3858,#3942);
#3942 = DEFINITIONAL_REPRESENTATION('',(#3943),#3947);
#3943 = LINE('',#3944,#3945);
#3944 = CARTESIAN_POINT('',(12.566370614359,0.));
#3945 = VECTOR('',#3946,1.);
#3946 = DIRECTION('',(-1.,0.));
#3947 = ( GEOMETRIC_REPRESENTATION_CONTEXT(2) 
PARAMETRIC_REPRESENTATION_CONTEXT() REPRESENTATION_CONTEXT('2D SPACE',''
  ) );
#3948 = PCURVE('',#2515,#3949);
#3949 = DEFINITIONAL_REPRESENTATION('',(#3950),#3958);
#3950 = ( BOUNDED_CURVE() B_SPLINE_CURVE(2,(#3951,#3952,#3953,#3954,
#3955,#3956,#3957),.UNSPECIFIED.,.T.,.F.) B_SPLINE_CURVE_WITH_KNOTS((1,2
    ,2,2,2,1),(-2.094395102393,0.,2.094395102393,4.188790204786,
6.28318530718,8.377580409573),.UNSPECIFIED.) CURVE() 
GEOMETRIC_REPRESENTATION_ITEM() RATIONAL_B_SPLINE_CURVE((1.,0.5,1.,0.5,
1.,0.5,1.)) REPRESENTATION_ITEM('') );
#3951 = CARTESIAN_POINT('',(-13.20209235025,17.921789319949));
#3952 = CARTESIAN_POINT('',(-10.75260260746,20.371279062732));
#3953 = CARTESIAN_POINT('',(-9.856027135301,17.025213847781));
#3954 = CARTESIAN_POINT('',(-8.959451663133,13.67914863283));
#3955 = CARTESIAN_POINT('',(-12.30551687808,14.575724104998));
#3956 = CARTESIAN_POINT('',(-15.65158209303,15.472299577166));
#3957 = CARTESIAN_POINT('',(-13.20209235025,17.921789319949));
#3958 = ( GEOMETRIC_REPRESENTATION_CONTEXT(2) 
PARAMETRIC_REPRESENTATION_CONTEXT() REPRESENTATION_CONTEXT('2D SPACE',''
  ) );
#3959 = ADVANCED_FACE('',(#3960),#3922,.F.);
#3960 = FACE_BOUND('',#3961,.T.);
#3961 = EDGE_LOOP('',(#3962,#3963,#3986,#4009));
#3962 = ORIENTED_EDGE('',*,*,#3906,.F.);
#3963 = ORIENTED_EDGE('',*,*,#3964,.F.);
#3964 = EDGE_CURVE('',#3965,#3907,#3967,.T.);
#3965 = VERTEX_POINT('',#3966);
#3966 = CARTESIAN_POINT('',(16.,22.,13.5));
#3967 = SURFACE_CURVE('',#3968,(#3972,#3979),.PCURVE_S1.);
#3968 = LINE('',#3969,#3970);
#3969 = CARTESIAN_POINT('',(16.,22.,13.606060606061));
#3970 = VECTOR('',#3971,1.);
#3971 = DIRECTION('',(1.1E-16,0.,1.));
#3972 = PCURVE('',#3922,#3973);
#3973 = DEFINITIONAL_REPRESENTATION('',(#3974),#3978);
#3974 = LINE('',#3975,#3976);
#3975 = CARTESIAN_POINT('',(10.606060606061,0.));
#3976 = VECTOR('',#3977,1.);
#3977 = DIRECTION('',(1.,0.));
#3978 = ( GEOMETRIC_REPRESENTATION_CONTEXT(2) 
PARAMETRIC_REPRESENTATION_CONTEXT() REPRESENTATION_CONTEXT('2D SPACE',''
  ) );
#3979 = PCURVE('',#2515,#3980);
#3980 = DEFINITIONAL_REPRESENTATION('',(#3981),#3985);
#3981 = LINE('',#3982,#3983);
#3982 = CARTESIAN_POINT('',(10.606060606061,18.507575757576));
#3983 = VECTOR('',#3984,1.);
#3984 = DIRECTION('',(-1.,1.1E-16));
#3985 = ( GEOMETRIC_REPRESENTATION_CONTEXT(2) 
PARAMETRIC_REPRESENTATION_CONTEXT() REPRESENTATION_CONTEXT('2D SPACE',''
  ) );
#3986 = ORIENTED_EDGE('',*,*,#3987,.F.);
#3987 = EDGE_CURVE('',#3988,#3965,#3990,.T.);
#3988 = VERTEX_POINT('',#3989);
#3989 = CARTESIAN_POINT('',(16.,10.,13.5));
#3990 = SURFACE_CURVE('',#3991,(#3995,#4002),.PCURVE_S1.);
#3991 = LINE('',#3992,#3993);
#3992 = CARTESIAN_POINT('',(16.,11.,13.5));
#3993 = VECTOR('',#3994,1.);
#3994 = DIRECTION('',(0.,1.,0.));
#3995 = PCURVE('',#3922,#3996);
#3996 = DEFINITIONAL_REPRESENTATION('',(#3997),#4001);
#3997 = LINE('',#3998,#3999);
#3998 = CARTESIAN_POINT('',(10.5,11.));
#3999 = VECTOR('',#4000,1.);
#4000 = DIRECTION('',(0.,-1.));
#4001 = ( GEOMETRIC_REPRESENTATION_CONTEXT(2) 
PARAMETRIC_REPRESENTATION_CONTEXT() REPRESENTATION_CONTEXT('2D SPACE',''
  ) );
#4002 = PCURVE('',#2487,#4003);
#4003 = DEFINITIONAL_REPRESENTATION('',(#4004),#4008);
#4004 = LINE('',#4005,#4006);
#4005 = CARTESIAN_POINT('',(0.785398163397,0.));
#4006 = VECTOR('',#4007,1.);
#4007 = DIRECTION('',(0.,-1.));
#4008 = ( GEOMETRIC_REPRESENTATION_CONTEXT(2) 
PARAMETRIC_REPRESENTATION_CONTEXT() REPRESENTATION_CONTEXT('2D SPACE',''
  ) );
#4009 = ORIENTED_EDGE('',*,*,#4010,.F.);
#4010 = EDGE_CURVE('',#3883,#3988,#4011,.T.);
#4011 = SURFACE_CURVE('',#4012,(#4016,#4023),.PCURVE_S1.);
#4012 = LINE('',#4013,#4014);
#4013 = CARTESIAN_POINT('',(16.,10.,3.));
#4014 = VECTOR('',#4015,1.);
#4015 = DIRECTION('',(-1.1E-16,0.,-1.));
#4016 = PCURVE('',#3922,#4017);
#4017 = DEFINITIONAL_REPRESENTATION('',(#4018),#4022);
#4018 = LINE('',#4019,#4020);
#4019 = CARTESIAN_POINT('',(0.,12.));
#4020 = VECTOR('',#4021,1.);
#4021 = DIRECTION('',(-1.,-0.));
#4022 = ( GEOMETRIC_REPRESENTATION_CONTEXT(2) 
PARAMETRIC_REPRESENTATION_CONTEXT() REPRESENTATION_CONTEXT('2D SPACE',''
  ) );
#4023 = PCURVE('',#2459,#4024);
#4024 = DEFINITIONAL_REPRESENTATION('',(#4025),#4029);
#4025 = LINE('',#4026,#4027);
#4026 = CARTESIAN_POINT('',(41.,0.));
#4027 = VECTOR('',#4028,1.);
#4028 = DIRECTION('',(-1.1E-16,-1.));
#4029 = ( GEOMETRIC_REPRESENTATION_CONTEXT(2) 
PARAMETRIC_REPRESENTATION_CONTEXT() REPRESENTATION_CONTEXT('2D SPACE',''
  ) );
#4030 = ADVANCED_FACE('',(#4031),#4045,.F.);
#4031 = FACE_BOUND('',#4032,.F.);
#4032 = EDGE_LOOP('',(#4033,#4063,#4091,#4119));
#4033 = ORIENTED_EDGE('',*,*,#4034,.F.);
#4034 = EDGE_CURVE('',#4035,#4037,#4039,.T.);
#4035 = VERTEX_POINT('',#4036);
#4036 = CARTESIAN_POINT('',(-23.,22.,38.));
#4037 = VERTEX_POINT('',#4038);
#4038 = CARTESIAN_POINT('',(-23.,17.,38.));
#4039 = SURFACE_CURVE('',#4040,(#4044,#4056),.PCURVE_S1.);
#4040 = LINE('',#4041,#4042);
#4041 = CARTESIAN_POINT('',(-23.,22.,38.));
#4042 = VECTOR('',#4043,1.);
#4043 = DIRECTION('',(0.,-1.,0.));
#4044 = PCURVE('',#4045,#4050);
#4045 = CYLINDRICAL_SURFACE('',#4046,2.);
#4046 = AXIS2_PLACEMENT_3D('',#4047,#4048,#4049);
#4047 = CARTESIAN_POINT('',(-23.,22.,36.));
#4048 = DIRECTION('',(0.,-1.,0.));
#4049 = DIRECTION('',(-0.707106781187,0.,0.707106781187));
#4050 = DEFINITIONAL_REPRESENTATION('',(#4051),#4055);
#4051 = LINE('',#4052,#4053);
#4052 = CARTESIAN_POINT('',(5.497787143782,0.));
#4053 = VECTOR('',#4054,1.);
#4054 = DIRECTION('',(0.,1.));
#4055 = ( GEOMETRIC_REPRESENTATION_CONTEXT(2) 
PARAMETRIC_REPRESENTATION_CONTEXT() REPRESENTATION_CONTEXT('2D SPACE',''
  ) );
#4056 = PCURVE('',#3870,#4057);
#4057 = DEFINITIONAL_REPRESENTATION('',(#4058),#4062);
#4058 = LINE('',#4059,#4060);
#4059 = CARTESIAN_POINT('',(39.,0.));
#4060 = VECTOR('',#4061,1.);
#4061 = DIRECTION('',(0.,1.));
#4062 = ( GEOMETRIC_REPRESENTATION_CONTEXT(2) 
PARAMETRIC_REPRESENTATION_CONTEXT() REPRESENTATION_CONTEXT('2D SPACE',''
  ) );
#4063 = ORIENTED_EDGE('',*,*,#4064,.F.);
#4064 = EDGE_CURVE('',#4065,#4035,#4067,.T.);
#4065 = VERTEX_POINT('',#4066);
#4066 = CARTESIAN_POINT('',(-25.,22.,36.));
#4067 = SURFACE_CURVE('',#4068,(#4073,#4080),.PCURVE_S1.);
#4068 = CIRCLE('',#4069,2.);
#4069 = AXIS2_PLACEMENT_3D('',#4070,#4071,#4072);
#4070 = CARTESIAN_POINT('',(-23.,22.,36.));
#4071 = DIRECTION('',(0.,1.,0.));
#4072 = DIRECTION('',(-0.707106781187,0.,0.707106781187));
#4073 = PCURVE('',#4045,#4074);
#4074 = DEFINITIONAL_REPRESENTATION('',(#4075),#4079);
#4075 = LINE('',#4076,#4077);
#4076 = CARTESIAN_POINT('',(12.566370614359,0.));
#4077 = VECTOR('',#4078,1.);
#4078 = DIRECTION('',(-1.,0.));
#4079 = ( GEOMETRIC_REPRESENTATION_CONTEXT(2) 
PARAMETRIC_REPRESENTATION_CONTEXT() REPRESENTATION_CONTEXT('2D SPACE',''
  ) );
#4080 = PCURVE('',#2515,#4081);
#4081 = DEFINITIONAL_REPRESENTATION('',(#4082),#4090);
#4082 = ( BOUNDED_CURVE() B_SPLINE_CURVE(2,(#4083,#4084,#4085,#4086,
#4087,#4088,#4089),.UNSPECIFIED.,.T.,.F.) B_SPLINE_CURVE_WITH_KNOTS((1,2
    ,2,2,2,1),(-2.094395102393,0.,2.094395102393,4.188790204786,
6.28318530718,8.377580409573),.UNSPECIFIED.) CURVE() 
GEOMETRIC_REPRESENTATION_ITEM() RATIONAL_B_SPLINE_CURVE((1.,0.5,1.,0.5,
1.,0.5,1.)) REPRESENTATION_ITEM('') );
#4083 = CARTESIAN_POINT('',(-13.20209235025,-21.90663780479));
#4084 = CARTESIAN_POINT('',(-15.65158209303,-19.45714806201));
#4085 = CARTESIAN_POINT('',(-12.30551687808,-18.56057258984));
#4086 = CARTESIAN_POINT('',(-8.959451663133,-17.66399711767));
#4087 = CARTESIAN_POINT('',(-9.856027135301,-21.01006233262));
#4088 = CARTESIAN_POINT('',(-10.75260260746,-24.35612754758));
#4089 = CARTESIAN_POINT('',(-13.20209235025,-21.90663780479));
#4090 = ( GEOMETRIC_REPRESENTATION_CONTEXT(2) 
PARAMETRIC_REPRESENTATION_CONTEXT() REPRESENTATION_CONTEXT('2D SPACE',''
  ) );
#4091 = ORIENTED_EDGE('',*,*,#4092,.F.);
#4092 = EDGE_CURVE('',#4093,#4065,#4095,.T.);
#4093 = VERTEX_POINT('',#4094);
#4094 = CARTESIAN_POINT('',(-25.,17.,36.));
#4095 = SURFACE_CURVE('',#4096,(#4100,#4107),.PCURVE_S1.);
#4096 = LINE('',#4097,#4098);
#4097 = CARTESIAN_POINT('',(-25.,22.,36.));
#4098 = VECTOR('',#4099,1.);
#4099 = DIRECTION('',(0.,1.,0.));
#4100 = PCURVE('',#4045,#4101);
#4101 = DEFINITIONAL_REPRESENTATION('',(#4102),#4106);
#4102 = LINE('',#4103,#4104);
#4103 = CARTESIAN_POINT('',(7.068583470577,0.));
#4104 = VECTOR('',#4105,1.);
#4105 = DIRECTION('',(0.,-1.));
#4106 = ( GEOMETRIC_REPRESENTATION_CONTEXT(2) 
PARAMETRIC_REPRESENTATION_CONTEXT() REPRESENTATION_CONTEXT('2D SPACE',''
  ) );
#4107 = PCURVE('',#4108,#4113);
#4108 = PLANE('',#4109);
#4109 = AXIS2_PLACEMENT_3D('',#4110,#4111,#4112);
#4110 = CARTESIAN_POINT('',(-25.,22.,38.));
#4111 = DIRECTION('',(-1.,0.,1.1E-16));
#4112 = DIRECTION('',(-1.1E-16,0.,-1.));
#4113 = DEFINITIONAL_REPRESENTATION('',(#4114),#4118);
#4114 = LINE('',#4115,#4116);
#4115 = CARTESIAN_POINT('',(2.,-0.));
#4116 = VECTOR('',#4117,1.);
#4117 = DIRECTION('',(0.,-1.));
#4118 = ( GEOMETRIC_REPRESENTATION_CONTEXT(2) 
PARAMETRIC_REPRESENTATION_CONTEXT() REPRESENTATION_CONTEXT('2D SPACE',''
  ) );
#4119 = ORIENTED_EDGE('',*,*,#4120,.F.);
#4120 = EDGE_CURVE('',#4037,#4093,#4121,.T.);
#4121 = SURFACE_CURVE('',#4122,(#4127,#4134),.PCURVE_S1.);
#4122 = CIRCLE('',#4123,2.);
#4123 = AXIS2_PLACEMENT_3D('',#4124,#4125,#4126);
#4124 = CARTESIAN_POINT('',(-23.,17.,36.));
#4125 = DIRECTION('',(3.3E-16,-1.,0.));
#4126 = DIRECTION('',(-0.707106781187,-2.333452377916E-16,0.707106781187
    ));
#4127 = PCURVE('',#4045,#4128);
#4128 = DEFINITIONAL_REPRESENTATION('',(#4129),#4133);
#4129 = LINE('',#4130,#4131);
#4130 = CARTESIAN_POINT('',(-8.9E-16,5.));
#4131 = VECTOR('',#4132,1.);
#4132 = DIRECTION('',(1.,0.));
#4133 = ( GEOMETRIC_REPRESENTATION_CONTEXT(2) 
PARAMETRIC_REPRESENTATION_CONTEXT() REPRESENTATION_CONTEXT('2D SPACE',''
  ) );
#4134 = PCURVE('',#3655,#4135);
#4135 = DEFINITIONAL_REPRESENTATION('',(#4136),#4140);
#4136 = CIRCLE('',#4137,2.);
#4137 = AXIS2_PLACEMENT_2D('',#4138,#4139);
#4138 = CARTESIAN_POINT('',(15.5,33.));
#4139 = DIRECTION('',(-0.707106781187,0.707106781187));
#4140 = ( GEOMETRIC_REPRESENTATION_CONTEXT(2) 
PARAMETRIC_REPRESENTATION_CONTEXT() REPRESENTATION_CONTEXT('2D SPACE',''
  ) );
#4141 = ADVANCED_FACE('',(#4142),#4108,.F.);
#4142 = FACE_BOUND('',#4143,.T.);
#4143 = EDGE_LOOP('',(#4144,#4145,#4168,#4191));
#4144 = ORIENTED_EDGE('',*,*,#4092,.F.);
#4145 = ORIENTED_EDGE('',*,*,#4146,.F.);
#4146 = EDGE_CURVE('',#4147,#4093,#4149,.T.);
#4147 = VERTEX_POINT('',#4148);
#4148 = CARTESIAN_POINT('',(-25.,17.,13.5));
#4149 = SURFACE_CURVE('',#4150,(#4154,#4161),.PCURVE_S1.);
#4150 = LINE('',#4151,#4152);
#4151 = CARTESIAN_POINT('',(-25.,17.,3.));
#4152 = VECTOR('',#4153,1.);
#4153 = DIRECTION('',(0.,0.,1.));
#4154 = PCURVE('',#4108,#4155);
#4155 = DEFINITIONAL_REPRESENTATION('',(#4156),#4160);
#4156 = LINE('',#4157,#4158);
#4157 = CARTESIAN_POINT('',(35.,5.));
#4158 = VECTOR('',#4159,1.);
#4159 = DIRECTION('',(-1.,0.));
#4160 = ( GEOMETRIC_REPRESENTATION_CONTEXT(2) 
PARAMETRIC_REPRESENTATION_CONTEXT() REPRESENTATION_CONTEXT('2D SPACE',''
  ) );
#4161 = PCURVE('',#3655,#4162);
#4162 = DEFINITIONAL_REPRESENTATION('',(#4163),#4167);
#4163 = LINE('',#4164,#4165);
#4164 = CARTESIAN_POINT('',(13.5,0.));
#4165 = VECTOR('',#4166,1.);
#4166 = DIRECTION('',(0.,1.));
#4167 = ( GEOMETRIC_REPRESENTATION_CONTEXT(2) 
PARAMETRIC_REPRESENTATION_CONTEXT() REPRESENTATION_CONTEXT('2D SPACE',''
  ) );
#4168 = ORIENTED_EDGE('',*,*,#4169,.F.);
#4169 = EDGE_CURVE('',#4170,#4147,#4172,.T.);
#4170 = VERTEX_POINT('',#4171);
#4171 = CARTESIAN_POINT('',(-25.,22.,13.5));
#4172 = SURFACE_CURVE('',#4173,(#4177,#4184),.PCURVE_S1.);
#4173 = LINE('',#4174,#4175);
#4174 = CARTESIAN_POINT('',(-25.,11.,13.5));
#4175 = VECTOR('',#4176,1.);
#4176 = DIRECTION('',(0.,-1.,0.));
#4177 = PCURVE('',#4108,#4178);
#4178 = DEFINITIONAL_REPRESENTATION('',(#4179),#4183);
#4179 = LINE('',#4180,#4181);
#4180 = CARTESIAN_POINT('',(24.5,11.));
#4181 = VECTOR('',#4182,1.);
#4182 = DIRECTION('',(-0.,1.));
#4183 = ( GEOMETRIC_REPRESENTATION_CONTEXT(2) 
PARAMETRIC_REPRESENTATION_CONTEXT() REPRESENTATION_CONTEXT('2D SPACE',''
  ) );
#4184 = PCURVE('',#3829,#4185);
#4185 = DEFINITIONAL_REPRESENTATION('',(#4186),#4190);
#4186 = LINE('',#4187,#4188);
#4187 = CARTESIAN_POINT('',(-0.785398163397,0.));
#4188 = VECTOR('',#4189,1.);
#4189 = DIRECTION('',(0.,1.));
#4190 = ( GEOMETRIC_REPRESENTATION_CONTEXT(2) 
PARAMETRIC_REPRESENTATION_CONTEXT() REPRESENTATION_CONTEXT('2D SPACE',''
  ) );
#4191 = ORIENTED_EDGE('',*,*,#4192,.F.);
#4192 = EDGE_CURVE('',#4065,#4170,#4193,.T.);
#4193 = SURFACE_CURVE('',#4194,(#4198,#4205),.PCURVE_S1.);
#4194 = LINE('',#4195,#4196);
#4195 = CARTESIAN_POINT('',(-25.,22.,31.106060606061));
#4196 = VECTOR('',#4197,1.);
#4197 = DIRECTION('',(-1.1E-16,0.,-1.));
#4198 = PCURVE('',#4108,#4199);
#4199 = DEFINITIONAL_REPRESENTATION('',(#4200),#4204);
#4200 = LINE('',#4201,#4202);
#4201 = CARTESIAN_POINT('',(6.893939393939,-0.));
#4202 = VECTOR('',#4203,1.);
#4203 = DIRECTION('',(1.,0.));
#4204 = ( GEOMETRIC_REPRESENTATION_CONTEXT(2) 
PARAMETRIC_REPRESENTATION_CONTEXT() REPRESENTATION_CONTEXT('2D SPACE',''
  ) );
#4205 = PCURVE('',#2515,#4206);
#4206 = DEFINITIONAL_REPRESENTATION('',(#4207),#4211);
#4207 = LINE('',#4208,#4209);
#4208 = CARTESIAN_POINT('',(-6.893939393939,-22.49242424242));
#4209 = VECTOR('',#4210,1.);
#4210 = DIRECTION('',(1.,-1.1E-16));
#4211 = ( GEOMETRIC_REPRESENTATION_CONTEXT(2) 
PARAMETRIC_REPRESENTATION_CONTEXT() REPRESENTATION_CONTEXT('2D SPACE',''
  ) );
#4212 = ADVANCED_FACE('',(#4213),#3829,.F.);
#4213 = FACE_BOUND('',#4214,.F.);
#4214 = EDGE_LOOP('',(#4215,#4216,#4238,#4239));
#4215 = ORIENTED_EDGE('',*,*,#3815,.F.);
#4216 = ORIENTED_EDGE('',*,*,#4217,.F.);
#4217 = EDGE_CURVE('',#4147,#3638,#4218,.T.);
#4218 = SURFACE_CURVE('',#4219,(#4224,#4231),.PCURVE_S1.);
#4219 = CIRCLE('',#4220,10.5);
#4220 = AXIS2_PLACEMENT_3D('',#4221,#4222,#4223);
#4221 = CARTESIAN_POINT('',(-14.5,17.,13.5));
#4222 = DIRECTION('',(3.3E-16,-1.,0.));
#4223 = DIRECTION('',(-0.707106781187,-2.333452377916E-16,
    -0.707106781187));
#4224 = PCURVE('',#3829,#4225);
#4225 = DEFINITIONAL_REPRESENTATION('',(#4226),#4230);
#4226 = LINE('',#4227,#4228);
#4227 = CARTESIAN_POINT('',(-6.28318530718,-6.));
#4228 = VECTOR('',#4229,1.);
#4229 = DIRECTION('',(1.,-2.26E-15));
#4230 = ( GEOMETRIC_REPRESENTATION_CONTEXT(2) 
PARAMETRIC_REPRESENTATION_CONTEXT() REPRESENTATION_CONTEXT('2D SPACE',''
  ) );
#4231 = PCURVE('',#3655,#4232);
#4232 = DEFINITIONAL_REPRESENTATION('',(#4233),#4237);
#4233 = CIRCLE('',#4234,10.5);
#4234 = AXIS2_PLACEMENT_2D('',#4235,#4236);
#4235 = CARTESIAN_POINT('',(24.,10.5));
#4236 = DIRECTION('',(-0.707106781187,-0.707106781187));
#4237 = ( GEOMETRIC_REPRESENTATION_CONTEXT(2) 
PARAMETRIC_REPRESENTATION_CONTEXT() REPRESENTATION_CONTEXT('2D SPACE',''
  ) );
#4238 = ORIENTED_EDGE('',*,*,#4169,.F.);
#4239 = ORIENTED_EDGE('',*,*,#4240,.F.);
#4240 = EDGE_CURVE('',#3793,#4170,#4241,.T.);
#4241 = SURFACE_CURVE('',#4242,(#4247,#4254),.PCURVE_S1.);
#4242 = CIRCLE('',#4243,10.5);
#4243 = AXIS2_PLACEMENT_3D('',#4244,#4245,#4246);
#4244 = CARTESIAN_POINT('',(-14.5,22.,13.5));
#4245 = DIRECTION('',(0.,1.,0.));
#4246 = DIRECTION('',(-0.707106781187,0.,-0.707106781187));
#4247 = PCURVE('',#3829,#4248);
#4248 = DEFINITIONAL_REPRESENTATION('',(#4249),#4253);
#4249 = LINE('',#4250,#4251);
#4250 = CARTESIAN_POINT('',(6.28318530718,-11.));
#4251 = VECTOR('',#4252,1.);
#4252 = DIRECTION('',(-1.,0.));
#4253 = ( GEOMETRIC_REPRESENTATION_CONTEXT(2) 
PARAMETRIC_REPRESENTATION_CONTEXT() REPRESENTATION_CONTEXT('2D SPACE',''
  ) );
#4254 = PCURVE('',#2515,#4255);
#4255 = DEFINITIONAL_REPRESENTATION('',(#4256),#4264);
#4256 = ( BOUNDED_CURVE() B_SPLINE_CURVE(2,(#4257,#4258,#4259,#4260,
#4261,#4262,#4263),.UNSPECIFIED.,.T.,.F.) B_SPLINE_CURVE_WITH_KNOTS((1,2
    ,2,2,2,1),(-2.094395102393,0.,2.094395102393,4.188790204786,
6.28318530718,8.377580409573),.UNSPECIFIED.) CURVE() 
GEOMETRIC_REPRESENTATION_ITEM() RATIONAL_B_SPLINE_CURVE((1.,0.5,1.,0.5,
1.,0.5,1.)) REPRESENTATION_ITEM('') );
#4257 = CARTESIAN_POINT('',(18.13674241458,-19.41704544488));
#4258 = CARTESIAN_POINT('',(5.276921264968,-32.27686659449));
#4259 = CARTESIAN_POINT('',(0.569900036086,-14.710024216));
#4260 = CARTESIAN_POINT('',(-4.137121192796,2.856818162493));
#4261 = CARTESIAN_POINT('',(13.429721185698,-1.850203066389));
#4262 = CARTESIAN_POINT('',(30.996563564192,-6.557224295271));
#4263 = CARTESIAN_POINT('',(18.13674241458,-19.41704544488));
#4264 = ( GEOMETRIC_REPRESENTATION_CONTEXT(2) 
PARAMETRIC_REPRESENTATION_CONTEXT() REPRESENTATION_CONTEXT('2D SPACE',''
  ) );
#4265 = ADVANCED_FACE('',(#4266),#2487,.F.);
#4266 = FACE_BOUND('',#4267,.F.);
#4267 = EDGE_LOOP('',(#4268,#4269,#4291,#4292));
#4268 = ORIENTED_EDGE('',*,*,#3987,.F.);
#4269 = ORIENTED_EDGE('',*,*,#4270,.F.);
#4270 = EDGE_CURVE('',#2444,#3988,#4271,.T.);
#4271 = SURFACE_CURVE('',#4272,(#4277,#4284),.PCURVE_S1.);
#4272 = CIRCLE('',#4273,10.5);
#4273 = AXIS2_PLACEMENT_3D('',#4274,#4275,#4276);
#4274 = CARTESIAN_POINT('',(5.5,10.,13.5));
#4275 = DIRECTION('',(-9.E-17,-1.,0.));
#4276 = DIRECTION('',(0.707106781187,-6.363961030679E-17,-0.707106781187
    ));
#4277 = PCURVE('',#2487,#4278);
#4278 = DEFINITIONAL_REPRESENTATION('',(#4279),#4283);
#4279 = LINE('',#4280,#4281);
#4280 = CARTESIAN_POINT('',(-6.28318530718,1.));
#4281 = VECTOR('',#4282,1.);
#4282 = DIRECTION('',(1.,1.13E-15));
#4283 = ( GEOMETRIC_REPRESENTATION_CONTEXT(2) 
PARAMETRIC_REPRESENTATION_CONTEXT() REPRESENTATION_CONTEXT('2D SPACE',''
  ) );
#4284 = PCURVE('',#2459,#4285);
#4285 = DEFINITIONAL_REPRESENTATION('',(#4286),#4290);
#4286 = CIRCLE('',#4287,10.5);
#4287 = AXIS2_PLACEMENT_2D('',#4288,#4289);
#4288 = CARTESIAN_POINT('',(30.5,10.5));
#4289 = DIRECTION('',(0.707106781187,-0.707106781187));
#4290 = ( GEOMETRIC_REPRESENTATION_CONTEXT(2) 
PARAMETRIC_REPRESENTATION_CONTEXT() REPRESENTATION_CONTEXT('2D SPACE',''
  ) );
#4291 = ORIENTED_EDGE('',*,*,#2471,.F.);
#4292 = ORIENTED_EDGE('',*,*,#4293,.F.);
#4293 = EDGE_CURVE('',#3965,#2472,#4294,.T.);
#4294 = SURFACE_CURVE('',#4295,(#4300,#4307),.PCURVE_S1.);
#4295 = CIRCLE('',#4296,10.5);
#4296 = AXIS2_PLACEMENT_3D('',#4297,#4298,#4299);
#4297 = CARTESIAN_POINT('',(5.5,22.,13.5));
#4298 = DIRECTION('',(0.,1.,0.));
#4299 = DIRECTION('',(0.707106781187,0.,-0.707106781187));
#4300 = PCURVE('',#2487,#4301);
#4301 = DEFINITIONAL_REPRESENTATION('',(#4302),#4306);
#4302 = LINE('',#4303,#4304);
#4303 = CARTESIAN_POINT('',(6.28318530718,-11.));
#4304 = VECTOR('',#4305,1.);
#4305 = DIRECTION('',(-1.,0.));
#4306 = ( GEOMETRIC_REPRESENTATION_CONTEXT(2) 
PARAMETRIC_REPRESENTATION_CONTEXT() REPRESENTATION_CONTEXT('2D SPACE',''
  ) );
#4307 = PCURVE('',#2515,#4308);
#4308 = DEFINITIONAL_REPRESENTATION('',(#4309),#4317);
#4309 = ( BOUNDED_CURVE() B_SPLINE_CURVE(2,(#4310,#4311,#4312,#4313,
#4314,#4315,#4316),.UNSPECIFIED.,.T.,.F.) B_SPLINE_CURVE_WITH_KNOTS((1,2
    ,2,2,2,1),(-2.094395102393,0.,2.094395102393,4.188790204786,
6.28318530718,8.377580409573),.UNSPECIFIED.) CURVE() 
GEOMETRIC_REPRESENTATION_ITEM() RATIONAL_B_SPLINE_CURVE((1.,0.5,1.,0.5,
1.,0.5,1.)) REPRESENTATION_ITEM('') );
#4310 = CARTESIAN_POINT('',(18.13674241458,15.432196960035));
#4311 = CARTESIAN_POINT('',(30.996563564192,2.572375810423));
#4312 = CARTESIAN_POINT('',(13.429721185698,-2.134645418459));
#4313 = CARTESIAN_POINT('',(-4.137121192796,-6.841666647342));
#4314 = CARTESIAN_POINT('',(0.569900036086,10.725175731152));
#4315 = CARTESIAN_POINT('',(5.276921264968,28.292018109646));
#4316 = CARTESIAN_POINT('',(18.13674241458,15.432196960035));
#4317 = ( GEOMETRIC_REPRESENTATION_CONTEXT(2) 
PARAMETRIC_REPRESENTATION_CONTEXT() REPRESENTATION_CONTEXT('2D SPACE',''
  ) );
#4318 = ADVANCED_FACE('',(#4319),#4334,.T.);
#4319 = FACE_BOUND('',#4320,.T.);
#4320 = EDGE_LOOP('',(#4321,#4379,#4402,#4453));
#4321 = ORIENTED_EDGE('',*,*,#4322,.T.);
#4322 = EDGE_CURVE('',#4323,#4325,#4327,.T.);
#4323 = VERTEX_POINT('',#4324);
#4324 = CARTESIAN_POINT('',(-20.25,14.75,43.));
#4325 = VERTEX_POINT('',#4326);
#4326 = CARTESIAN_POINT('',(-20.25,10.,38.25));
#4327 = SURFACE_CURVE('',#4328,(#4333,#4345),.PCURVE_S1.);
#4328 = CIRCLE('',#4329,4.75);
#4329 = AXIS2_PLACEMENT_3D('',#4330,#4331,#4332);
#4330 = CARTESIAN_POINT('',(-20.25,14.75,38.25));
#4331 = DIRECTION('',(1.,0.,-0.));
#4332 = DIRECTION('',(0.,0.,1.));
#4333 = PCURVE('',#4334,#4339);
#4334 = CYLINDRICAL_SURFACE('',#4335,4.75);
#4335 = AXIS2_PLACEMENT_3D('',#4336,#4337,#4338);
#4336 = CARTESIAN_POINT('',(-15.25131578947,14.75,38.25));
#4337 = DIRECTION('',(1.,-9.E-17,0.));
#4338 = DIRECTION('',(-6.363961030679E-17,-0.707106781187,0.707106781187
    ));
#4339 = DEFINITIONAL_REPRESENTATION('',(#4340),#4344);
#4340 = LINE('',#4341,#4342);
#4341 = CARTESIAN_POINT('',(-0.785398163397,-4.998684210526));
#4342 = VECTOR('',#4343,1.);
#4343 = DIRECTION('',(1.,0.));
#4344 = ( GEOMETRIC_REPRESENTATION_CONTEXT(2) 
PARAMETRIC_REPRESENTATION_CONTEXT() REPRESENTATION_CONTEXT('2D SPACE',''
  ) );
#4345 = PCURVE('',#4346,#4351);
#4346 = SPHERICAL_SURFACE('',#4347,4.75);
#4347 = AXIS2_PLACEMENT_3D('',#4348,#4349,#4350);
#4348 = CARTESIAN_POINT('',(-20.25,14.75,38.25));
#4349 = DIRECTION('',(-0.85793738659,0.402806883133,-0.31888878248));
#4350 = DIRECTION('',(-0.513754260996,-0.672662225605,0.532524261938));
#4351 = DEFINITIONAL_REPRESENTATION('',(#4352),#4378);
#4352 = B_SPLINE_CURVE_WITH_KNOTS('',3,(#4353,#4354,#4355,#4356,#4357,
    #4358,#4359,#4360,#4361,#4362,#4363,#4364,#4365,#4366,#4367,#4368,
    #4369,#4370,#4371,#4372,#4373,#4374,#4375,#4376,#4377),
  .UNSPECIFIED.,.F.,.F.,(4,1,1,1,1,1,1,1,1,1,1,1,1,1,1,1,1,1,1,1,1,1,4),
  (0.,7.139983303613E-02,0.142799666072,0.214199499108,0.285599332145,
    0.356999165181,0.428398998217,0.499798831253,0.571198664289,
    0.642598497325,0.713998330361,0.785398163397,0.856797996434,
    0.92819782947,0.999597662506,1.070997495542,1.142397328578,
    1.213797161614,1.28519699465,1.356596827687,1.427996660723,
    1.499396493759,1.570796326795),.QUASI_UNIFORM_KNOTS.);
#4353 = CARTESIAN_POINT('',(0.974166623197,-0.324556828247));
#4354 = CARTESIAN_POINT('',(0.951438384671,-0.334671449129));
#4355 = CARTESIAN_POINT('',(0.905510044125,-0.354433147269));
#4356 = CARTESIAN_POINT('',(0.835135539442,-0.382498124999));
#4357 = CARTESIAN_POINT('',(0.763201741142,-0.408811332395));
#4358 = CARTESIAN_POINT('',(0.689669486784,-0.433195986475));
#4359 = CARTESIAN_POINT('',(0.614531041715,-0.455476306905));
#4360 = CARTESIAN_POINT('',(0.537818017213,-0.475480057419));
#4361 = CARTESIAN_POINT('',(0.459604434736,-0.493042150072));
#4362 = CARTESIAN_POINT('',(0.380009421696,-0.508008643177));
#4363 = CARTESIAN_POINT('',(0.299197571791,-0.520241110849));
#4364 = CARTESIAN_POINT('',(0.217376819237,-0.529621088881));
#4365 = CARTESIAN_POINT('',(0.134793419809,-0.536054289828));
#4366 = CARTESIAN_POINT('',(5.172406824332E-02,-0.539474233878));
#4367 = CARTESIAN_POINT('',(-3.153447440408E-02,-0.539844959419));
#4368 = CARTESIAN_POINT('',(-0.114677492566,-0.537162541891));
#4369 = CARTESIAN_POINT('',(-0.197405136178,-0.531455261555));
#4370 = CARTESIAN_POINT('',(-0.279434813538,-0.522782403698));
#4371 = CARTESIAN_POINT('',(-0.360512040704,-0.511231812415));
#4372 = CARTESIAN_POINT('',(-0.440419077474,-0.496916466296));
#4373 = CARTESIAN_POINT('',(-0.51898028314,-0.4799703253));
#4374 = CARTESIAN_POINT('',(-0.596066313711,-0.460544085996));
#4375 = CARTESIAN_POINT('',(-0.671589143902,-0.438800109599));
#4376 = CARTESIAN_POINT('',(-0.72087585658,-0.422873882815));
#4377 = CARTESIAN_POINT('',(-0.745246041901,-0.414581460913));
#4378 = ( GEOMETRIC_REPRESENTATION_CONTEXT(2) 
PARAMETRIC_REPRESENTATION_CONTEXT() REPRESENTATION_CONTEXT('2D SPACE',''
  ) );
#4379 = ORIENTED_EDGE('',*,*,#4380,.T.);
#4380 = EDGE_CURVE('',#4325,#4381,#4383,.T.);
#4381 = VERTEX_POINT('',#4382);
#4382 = CARTESIAN_POINT('',(21.75,10.,38.25));
#4383 = SURFACE_CURVE('',#4384,(#4388,#4395),.PCURVE_S1.);
#4384 = LINE('',#4385,#4386);
#4385 = CARTESIAN_POINT('',(-15.25131578947,10.,38.25));
#4386 = VECTOR('',#4387,1.);
#4387 = DIRECTION('',(1.,-9.E-17,0.));
#4388 = PCURVE('',#4334,#4389);
#4389 = DEFINITIONAL_REPRESENTATION('',(#4390),#4394);
#4390 = LINE('',#4391,#4392);
#4391 = CARTESIAN_POINT('',(0.785398163397,1.78E-15));
#4392 = VECTOR('',#4393,1.);
#4393 = DIRECTION('',(0.,1.));
#4394 = ( GEOMETRIC_REPRESENTATION_CONTEXT(2) 
PARAMETRIC_REPRESENTATION_CONTEXT() REPRESENTATION_CONTEXT('2D SPACE',''
  ) );
#4395 = PCURVE('',#2459,#4396);
#4396 = DEFINITIONAL_REPRESENTATION('',(#4397),#4401);
#4397 = LINE('',#4398,#4399);
#4398 = CARTESIAN_POINT('',(9.748684210526,35.25));
#4399 = VECTOR('',#4400,1.);
#4400 = DIRECTION('',(1.,0.));
#4401 = ( GEOMETRIC_REPRESENTATION_CONTEXT(2) 
PARAMETRIC_REPRESENTATION_CONTEXT() REPRESENTATION_CONTEXT('2D SPACE',''
  ) );
#4402 = ORIENTED_EDGE('',*,*,#4403,.T.);
#4403 = EDGE_CURVE('',#4381,#4404,#4406,.T.);
#4404 = VERTEX_POINT('',#4405);
#4405 = CARTESIAN_POINT('',(21.75,14.75,43.));
#4406 = SURFACE_CURVE('',#4407,(#4412,#4419),.PCURVE_S1.);
#4407 = CIRCLE('',#4408,4.75);
#4408 = AXIS2_PLACEMENT_3D('',#4409,#4410,#4411);
#4409 = CARTESIAN_POINT('',(21.75,14.75,38.25));
#4410 = DIRECTION('',(-1.,0.,0.));
#4411 = DIRECTION('',(0.,-1.,0.));
#4412 = PCURVE('',#4334,#4413);
#4413 = DEFINITIONAL_REPRESENTATION('',(#4414),#4418);
#4414 = LINE('',#4415,#4416);
#4415 = CARTESIAN_POINT('',(0.785398163397,37.001315789474));
#4416 = VECTOR('',#4417,1.);
#4417 = DIRECTION('',(-1.,0.));
#4418 = ( GEOMETRIC_REPRESENTATION_CONTEXT(2) 
PARAMETRIC_REPRESENTATION_CONTEXT() REPRESENTATION_CONTEXT('2D SPACE',''
  ) );
#4419 = PCURVE('',#4420,#4425);
#4420 = SPHERICAL_SURFACE('',#4421,4.75);
#4421 = AXIS2_PLACEMENT_3D('',#4422,#4423,#4424);
#4422 = CARTESIAN_POINT('',(21.75,14.75,38.25));
#4423 = DIRECTION('',(-0.816496580928,-0.408248290464,0.408248290464));
#4424 = DIRECTION('',(0.57735026919,-0.57735026919,0.57735026919));
#4425 = DEFINITIONAL_REPRESENTATION('',(#4426),#4452);
#4426 = B_SPLINE_CURVE_WITH_KNOTS('',3,(#4427,#4428,#4429,#4430,#4431,
    #4432,#4433,#4434,#4435,#4436,#4437,#4438,#4439,#4440,#4441,#4442,
    #4443,#4444,#4445,#4446,#4447,#4448,#4449,#4450,#4451),
  .UNSPECIFIED.,.F.,.F.,(4,1,1,1,1,1,1,1,1,1,1,1,1,1,1,1,1,1,1,1,1,1,4),
  (0.,7.139983303613E-02,0.142799666072,0.214199499108,0.285599332145,
    0.356999165181,0.428398998217,0.499798831253,0.571198664289,
    0.642598497325,0.713998330361,0.785398163397,0.856797996434,
    0.92819782947,0.999597662506,1.070997495542,1.142397328578,
    1.213797161614,1.28519699465,1.356596827687,1.427996660723,
    1.499396493759,1.570796326795),.QUASI_UNIFORM_KNOTS.);
#4427 = CARTESIAN_POINT('',(5.397108183387,0.420534335284));
#4428 = CARTESIAN_POINT('',(5.420423817789,0.431177612946));
#4429 = CARTESIAN_POINT('',(5.467733953185,0.451857720497));
#4430 = CARTESIAN_POINT('',(5.540788008107,0.480841619708));
#4431 = CARTESIAN_POINT('',(5.61600152799,0.507573396942));
#4432 = CARTESIAN_POINT('',(5.693380862171,0.531833486067));
#4433 = CARTESIAN_POINT('',(5.772878886228,0.553405144352));
#4434 = CARTESIAN_POINT('',(5.854382128538,0.572079393981));
#4435 = CARTESIAN_POINT('',(5.937707177355,0.587661669371));
#4436 = CARTESIAN_POINT('',(6.022599242294,0.599978915752));
#4437 = CARTESIAN_POINT('',(6.108736300381,0.608886874916));
#4438 = CARTESIAN_POINT('',(6.195738855851,0.614276835086));
#4439 = CARTESIAN_POINT('',(6.28318530718,0.616081145463));
#4440 = CARTESIAN_POINT('',(6.370631758508,0.614276835086));
#4441 = CARTESIAN_POINT('',(6.457634313978,0.608886874916));
#4442 = CARTESIAN_POINT('',(6.543771372066,0.599978915752));
#4443 = CARTESIAN_POINT('',(6.628663437004,0.587661669371));
#4444 = CARTESIAN_POINT('',(6.711988485821,0.572079393981));
#4445 = CARTESIAN_POINT('',(6.793491728131,0.553405144352));
#4446 = CARTESIAN_POINT('',(6.872989752188,0.531833486067));
#4447 = CARTESIAN_POINT('',(6.950369086369,0.507573396942));
#4448 = CARTESIAN_POINT('',(7.025582606253,0.480841619708));
#4449 = CARTESIAN_POINT('',(7.098636661174,0.451857720497));
#4450 = CARTESIAN_POINT('',(7.14594679657,0.431177612946));
#4451 = CARTESIAN_POINT('',(7.169262430972,0.420534335284));
#4452 = ( GEOMETRIC_REPRESENTATION_CONTEXT(2) 
PARAMETRIC_REPRESENTATION_CONTEXT() REPRESENTATION_CONTEXT('2D SPACE',''
  ) );
#4453 = ORIENTED_EDGE('',*,*,#4454,.T.);
#4454 = EDGE_CURVE('',#4404,#4323,#4455,.T.);
#4455 = SURFACE_CURVE('',#4456,(#4460,#4467),.PCURVE_S1.);
#4456 = LINE('',#4457,#4458);
#4457 = CARTESIAN_POINT('',(-15.25131578947,14.75,43.));
#4458 = VECTOR('',#4459,1.);
#4459 = DIRECTION('',(-1.,9.E-17,0.));
#4460 = PCURVE('',#4334,#4461);
#4461 = DEFINITIONAL_REPRESENTATION('',(#4462),#4466);
#4462 = LINE('',#4463,#4464);
#4463 = CARTESIAN_POINT('',(-0.785398163397,0.));
#4464 = VECTOR('',#4465,1.);
#4465 = DIRECTION('',(0.,-1.));
#4466 = ( GEOMETRIC_REPRESENTATION_CONTEXT(2) 
PARAMETRIC_REPRESENTATION_CONTEXT() REPRESENTATION_CONTEXT('2D SPACE',''
  ) );
#4467 = PCURVE('',#2211,#4468);
#4468 = DEFINITIONAL_REPRESENTATION('',(#4469),#4473);
#4469 = LINE('',#4470,#4471);
#4470 = CARTESIAN_POINT('',(-9.748684210526,-10.74736842105));
#4471 = VECTOR('',#4472,1.);
#4472 = DIRECTION('',(-1.,9.E-17));
#4473 = ( GEOMETRIC_REPRESENTATION_CONTEXT(2) 
PARAMETRIC_REPRESENTATION_CONTEXT() REPRESENTATION_CONTEXT('2D SPACE',''
  ) );
#4474 = ADVANCED_FACE('',(#4475),#4490,.T.);
#4475 = FACE_BOUND('',#4476,.T.);
#4476 = EDGE_LOOP('',(#4477,#4512,#4535,#4564));
#4477 = ORIENTED_EDGE('',*,*,#4478,.T.);
#4478 = EDGE_CURVE('',#4479,#4481,#4483,.T.);
#4479 = VERTEX_POINT('',#4480);
#4480 = CARTESIAN_POINT('',(-38.5,21.75,43.));
#4481 = VERTEX_POINT('',#4482);
#4482 = CARTESIAN_POINT('',(-38.5,17.,38.25));
#4483 = SURFACE_CURVE('',#4484,(#4489,#4501),.PCURVE_S1.);
#4484 = CIRCLE('',#4485,4.75);
#4485 = AXIS2_PLACEMENT_3D('',#4486,#4487,#4488);
#4486 = CARTESIAN_POINT('',(-38.5,21.75,38.25));
#4487 = DIRECTION('',(1.,1.9E-16,0.));
#4488 = DIRECTION('',(1.343502884254E-16,-0.707106781187,0.707106781187)
  );
#4489 = PCURVE('',#4490,#4495);
#4490 = CYLINDRICAL_SURFACE('',#4491,4.75);
#4491 = AXIS2_PLACEMENT_3D('',#4492,#4493,#4494);
#4492 = CARTESIAN_POINT('',(-22.00131578947,21.75,38.25));
#4493 = DIRECTION('',(1.,3.3E-16,0.));
#4494 = DIRECTION('',(2.333452377916E-16,-0.707106781187,0.707106781187)
  );
#4495 = DEFINITIONAL_REPRESENTATION('',(#4496),#4500);
#4496 = LINE('',#4497,#4498);
#4497 = CARTESIAN_POINT('',(-6.28318530718,-16.49868421052));
#4498 = VECTOR('',#4499,1.);
#4499 = DIRECTION('',(1.,0.));
#4500 = ( GEOMETRIC_REPRESENTATION_CONTEXT(2) 
PARAMETRIC_REPRESENTATION_CONTEXT() REPRESENTATION_CONTEXT('2D SPACE',''
  ) );
#4501 = PCURVE('',#2183,#4502);
#4502 = DEFINITIONAL_REPRESENTATION('',(#4503),#4511);
#4503 = ( BOUNDED_CURVE() B_SPLINE_CURVE(2,(#4504,#4505,#4506,#4507,
#4508,#4509,#4510),.UNSPECIFIED.,.T.,.F.) B_SPLINE_CURVE_WITH_KNOTS((1,2
    ,2,2,2,1),(-2.094395102393,0.,2.094395102393,4.188790204786,
6.28318530718,8.377580409573),.UNSPECIFIED.) CURVE() 
GEOMETRIC_REPRESENTATION_ITEM() RATIONAL_B_SPLINE_CURVE((1.,0.5,1.,0.5,
1.,0.5,1.)) REPRESENTATION_ITEM('') );
#4504 = CARTESIAN_POINT('',(21.608757210636,38.608757210636));
#4505 = CARTESIAN_POINT('',(27.426295349746,32.791219071526));
#4506 = CARTESIAN_POINT('',(19.479390464237,30.661852325127));
#4507 = CARTESIAN_POINT('',(11.532485578728,28.532485578728));
#4508 = CARTESIAN_POINT('',(13.661852325127,36.479390464237));
#4509 = CARTESIAN_POINT('',(15.791219071526,44.426295349746));
#4510 = CARTESIAN_POINT('',(21.608757210636,38.608757210636));
#4511 = ( GEOMETRIC_REPRESENTATION_CONTEXT(2) 
PARAMETRIC_REPRESENTATION_CONTEXT() REPRESENTATION_CONTEXT('2D SPACE',''
  ) );
#4512 = ORIENTED_EDGE('',*,*,#4513,.T.);
#4513 = EDGE_CURVE('',#4481,#4514,#4516,.T.);
#4514 = VERTEX_POINT('',#4515);
#4515 = CARTESIAN_POINT('',(-29.41515138991,17.,38.25));
#4516 = SURFACE_CURVE('',#4517,(#4521,#4528),.PCURVE_S1.);
#4517 = LINE('',#4518,#4519);
#4518 = CARTESIAN_POINT('',(-22.00131578947,17.,38.25));
#4519 = VECTOR('',#4520,1.);
#4520 = DIRECTION('',(1.,3.3E-16,0.));
#4521 = PCURVE('',#4490,#4522);
#4522 = DEFINITIONAL_REPRESENTATION('',(#4523),#4527);
#4523 = LINE('',#4524,#4525);
#4524 = CARTESIAN_POINT('',(0.785398163397,0.));
#4525 = VECTOR('',#4526,1.);
#4526 = DIRECTION('',(-1.E-16,1.));
#4527 = ( GEOMETRIC_REPRESENTATION_CONTEXT(2) 
PARAMETRIC_REPRESENTATION_CONTEXT() REPRESENTATION_CONTEXT('2D SPACE',''
  ) );
#4528 = PCURVE('',#3655,#4529);
#4529 = DEFINITIONAL_REPRESENTATION('',(#4530),#4534);
#4530 = LINE('',#4531,#4532);
#4531 = CARTESIAN_POINT('',(16.498684210526,35.25));
#4532 = VECTOR('',#4533,1.);
#4533 = DIRECTION('',(1.,0.));
#4534 = ( GEOMETRIC_REPRESENTATION_CONTEXT(2) 
PARAMETRIC_REPRESENTATION_CONTEXT() REPRESENTATION_CONTEXT('2D SPACE',''
  ) );
#4535 = ORIENTED_EDGE('',*,*,#4536,.T.);
#4536 = EDGE_CURVE('',#4514,#4537,#4539,.T.);
#4537 = VERTEX_POINT('',#4538);
#4538 = CARTESIAN_POINT('',(-29.41515138991,21.75,43.));
#4539 = SURFACE_CURVE('',#4540,(#4545,#4552),.PCURVE_S1.);
#4540 = CIRCLE('',#4541,4.75);
#4541 = AXIS2_PLACEMENT_3D('',#4542,#4543,#4544);
#4542 = CARTESIAN_POINT('',(-29.41515138991,21.75,38.25));
#4543 = DIRECTION('',(-1.,0.,0.));
#4544 = DIRECTION('',(-0.,-1.,-9.3E-16));
#4545 = PCURVE('',#4490,#4546);
#4546 = DEFINITIONAL_REPRESENTATION('',(#4547),#4551);
#4547 = LINE('',#4548,#4549);
#4548 = CARTESIAN_POINT('',(0.785398163397,-7.413835600438));
#4549 = VECTOR('',#4550,1.);
#4550 = DIRECTION('',(-1.,0.));
#4551 = ( GEOMETRIC_REPRESENTATION_CONTEXT(2) 
PARAMETRIC_REPRESENTATION_CONTEXT() REPRESENTATION_CONTEXT('2D SPACE',''
  ) );
#4552 = PCURVE('',#4553,#4558);
#4553 = TOROIDAL_SURFACE('',#4554,9.5,4.75);
#4554 = AXIS2_PLACEMENT_3D('',#4555,#4556,#4557);
#4555 = CARTESIAN_POINT('',(-29.41515138991,12.25,38.25));
#4556 = DIRECTION('',(0.,0.,1.));
#4557 = DIRECTION('',(1.,0.,-0.));
#4558 = DEFINITIONAL_REPRESENTATION('',(#4559),#4563);
#4559 = LINE('',#4560,#4561);
#4560 = CARTESIAN_POINT('',(1.570796326795,3.14159265359));
#4561 = VECTOR('',#4562,1.);
#4562 = DIRECTION('',(0.,-1.));
#4563 = ( GEOMETRIC_REPRESENTATION_CONTEXT(2) 
PARAMETRIC_REPRESENTATION_CONTEXT() REPRESENTATION_CONTEXT('2D SPACE',''
  ) );
#4564 = ORIENTED_EDGE('',*,*,#4565,.T.);
#4565 = EDGE_CURVE('',#4537,#4479,#4566,.T.);
#4566 = SURFACE_CURVE('',#4567,(#4571,#4578),.PCURVE_S1.);
#4567 = LINE('',#4568,#4569);
#4568 = CARTESIAN_POINT('',(-22.00131578947,21.75,43.));
#4569 = VECTOR('',#4570,1.);
#4570 = DIRECTION('',(-1.,-3.3E-16,0.));
#4571 = PCURVE('',#4490,#4572);
#4572 = DEFINITIONAL_REPRESENTATION('',(#4573),#4577);
#4573 = LINE('',#4574,#4575);
#4574 = CARTESIAN_POINT('',(-0.785398163397,0.));
#4575 = VECTOR('',#4576,1.);
#4576 = DIRECTION('',(0.,-1.));
#4577 = ( GEOMETRIC_REPRESENTATION_CONTEXT(2) 
PARAMETRIC_REPRESENTATION_CONTEXT() REPRESENTATION_CONTEXT('2D SPACE',''
  ) );
#4578 = PCURVE('',#2211,#4579);
#4579 = DEFINITIONAL_REPRESENTATION('',(#4580),#4584);
#4580 = LINE('',#4581,#4582);
#4581 = CARTESIAN_POINT('',(-16.49868421052,-3.747368421053));
#4582 = VECTOR('',#4583,1.);
#4583 = DIRECTION('',(-1.,-3.3E-16));
#4584 = ( GEOMETRIC_REPRESENTATION_CONTEXT(2) 
PARAMETRIC_REPRESENTATION_CONTEXT() REPRESENTATION_CONTEXT('2D SPACE',''
  ) );
#4585 = ADVANCED_FACE('',(#4586),#4553,.T.);
#4586 = FACE_BOUND('',#4587,.T.);
#4587 = EDGE_LOOP('',(#4588,#4634,#4656,#4657));
#4588 = ORIENTED_EDGE('',*,*,#4589,.T.);
#4589 = EDGE_CURVE('',#4590,#4323,#4592,.T.);
#4590 = VERTEX_POINT('',#4591);
#4591 = CARTESIAN_POINT('',(-24.83257569495,13.5,38.25));
#4592 = SURFACE_CURVE('',#4593,(#4598,#4605),.PCURVE_S1.);
#4593 = CIRCLE('',#4594,4.75);
#4594 = AXIS2_PLACEMENT_3D('',#4595,#4596,#4597);
#4595 = CARTESIAN_POINT('',(-20.25,14.75,38.25));
#4596 = DIRECTION('',(-0.263157894737,0.964752777885,0.));
#4597 = DIRECTION('',(-0.964752777885,-0.263157894737,0.));
#4598 = PCURVE('',#4553,#4599);
#4599 = DEFINITIONAL_REPRESENTATION('',(#4600),#4604);
#4600 = LINE('',#4601,#4602);
#4601 = CARTESIAN_POINT('',(0.266294017118,3.14159265359));
#4602 = VECTOR('',#4603,1.);
#4603 = DIRECTION('',(1.55E-15,-1.));
#4604 = ( GEOMETRIC_REPRESENTATION_CONTEXT(2) 
PARAMETRIC_REPRESENTATION_CONTEXT() REPRESENTATION_CONTEXT('2D SPACE',''
  ) );
#4605 = PCURVE('',#4346,#4606);
#4606 = DEFINITIONAL_REPRESENTATION('',(#4607),#4633);
#4607 = B_SPLINE_CURVE_WITH_KNOTS('',3,(#4608,#4609,#4610,#4611,#4612,
    #4613,#4614,#4615,#4616,#4617,#4618,#4619,#4620,#4621,#4622,#4623,
    #4624,#4625,#4626,#4627,#4628,#4629,#4630,#4631,#4632),
  .UNSPECIFIED.,.F.,.F.,(4,1,1,1,1,1,1,1,1,1,1,1,1,1,1,1,1,1,1,1,1,1,4),
  (0.,7.139983303613E-02,0.142799666072,0.214199499108,0.285599332145,
    0.356999165181,0.428398998217,0.499798831253,0.571198664289,
    0.642598497325,0.713998330361,0.785398163397,0.856797996434,
    0.92819782947,0.999597662506,1.070997495542,1.142397328578,
    1.213797161614,1.28519699465,1.356596827687,1.427996660723,
    1.499396493759,1.570796326795),.QUASI_UNIFORM_KNOTS.);
#4608 = CARTESIAN_POINT('',(-0.23821956467,0.806248839868));
#4609 = CARTESIAN_POINT('',(-0.207688231238,0.795280924039));
#4610 = CARTESIAN_POINT('',(-0.148776500565,0.771963098251));
#4611 = CARTESIAN_POINT('',(-6.64920115338E-02,0.733339730585));
#4612 = CARTESIAN_POINT('',(1.00291851344E-02,0.691588828782));
#4613 = CARTESIAN_POINT('',(8.128150850096E-02,0.647160392627));
#4614 = CARTESIAN_POINT('',(0.147792039055,0.600454752995));
#4615 = CARTESIAN_POINT('',(0.210101701247,0.551819399791));
#4616 = CARTESIAN_POINT('',(0.268734333153,0.501555440202));
#4617 = CARTESIAN_POINT('',(0.3241846339,0.449923086876));
#4618 = CARTESIAN_POINT('',(0.376911875458,0.397147794173));
#4619 = CARTESIAN_POINT('',(0.427339104339,0.34342592809));
#4620 = CARTESIAN_POINT('',(0.475855182003,0.288929944553));
#4621 = CARTESIAN_POINT('',(0.522818537528,0.233812976291));
#4622 = CARTESIAN_POINT('',(0.568561761992,0.178212871293));
#4623 = CARTESIAN_POINT('',(0.613396571628,0.122255751502));
#4624 = CARTESIAN_POINT('',(0.657618869783,6.60591813405E-02));
#4625 = CARTESIAN_POINT('',(0.701513791935,9.735044615659E-03));
#4626 = CARTESIAN_POINT('',(0.745360673074,-4.660778922975E-02));
#4627 = CARTESIAN_POINT('',(0.789438041452,-0.102860864788));
#4628 = CARTESIAN_POINT('',(0.834028339225,-0.158913708889));
#4629 = CARTESIAN_POINT('',(0.879423668381,-0.214650753121));
#4630 = CARTESIAN_POINT('',(0.925927893145,-0.269950217874));
#4631 = CARTESIAN_POINT('',(0.957891030292,-0.306433265708));
#4632 = CARTESIAN_POINT('',(0.974166623197,-0.324556828247));
#4633 = ( GEOMETRIC_REPRESENTATION_CONTEXT(2) 
PARAMETRIC_REPRESENTATION_CONTEXT() REPRESENTATION_CONTEXT('2D SPACE',''
  ) );
#4634 = ORIENTED_EDGE('',*,*,#4635,.T.);
#4635 = EDGE_CURVE('',#4323,#4537,#4636,.T.);
#4636 = SURFACE_CURVE('',#4637,(#4642,#4649),.PCURVE_S1.);
#4637 = CIRCLE('',#4638,9.5);
#4638 = AXIS2_PLACEMENT_3D('',#4639,#4640,#4641);
#4639 = CARTESIAN_POINT('',(-29.41515138991,12.25,43.));
#4640 = DIRECTION('',(0.,0.,1.));
#4641 = DIRECTION('',(0.606976978667,0.794719414239,-0.));
#4642 = PCURVE('',#4553,#4643);
#4643 = DEFINITIONAL_REPRESENTATION('',(#4644),#4648);
#4644 = LINE('',#4645,#4646);
#4645 = CARTESIAN_POINT('',(-5.364640135223,1.570796326795));
#4646 = VECTOR('',#4647,1.);
#4647 = DIRECTION('',(1.,0.));
#4648 = ( GEOMETRIC_REPRESENTATION_CONTEXT(2) 
PARAMETRIC_REPRESENTATION_CONTEXT() REPRESENTATION_CONTEXT('2D SPACE',''
  ) );
#4649 = PCURVE('',#2211,#4650);
#4650 = DEFINITIONAL_REPRESENTATION('',(#4651),#4655);
#4651 = CIRCLE('',#4652,9.5);
#4652 = AXIS2_PLACEMENT_2D('',#4653,#4654);
#4653 = CARTESIAN_POINT('',(-23.91251981096,-13.24736842105));
#4654 = DIRECTION('',(0.606976978667,0.794719414239));
#4655 = ( GEOMETRIC_REPRESENTATION_CONTEXT(2) 
PARAMETRIC_REPRESENTATION_CONTEXT() REPRESENTATION_CONTEXT('2D SPACE',''
  ) );
#4656 = ORIENTED_EDGE('',*,*,#4536,.F.);
#4657 = ORIENTED_EDGE('',*,*,#4658,.T.);
#4658 = EDGE_CURVE('',#4514,#4590,#4659,.T.);
#4659 = SURFACE_CURVE('',#4660,(#4665,#4672),.PCURVE_S1.);
#4660 = CIRCLE('',#4661,4.75);
#4661 = AXIS2_PLACEMENT_3D('',#4662,#4663,#4664);
#4662 = CARTESIAN_POINT('',(-29.41515138991,12.25,38.25));
#4663 = DIRECTION('',(0.,0.,-1.));
#4664 = DIRECTION('',(0.606976978667,0.794719414239,0.));
#4665 = PCURVE('',#4553,#4666);
#4666 = DEFINITIONAL_REPRESENTATION('',(#4667),#4671);
#4667 = LINE('',#4668,#4669);
#4668 = CARTESIAN_POINT('',(7.201730479136,3.14159265359));
#4669 = VECTOR('',#4670,1.);
#4670 = DIRECTION('',(-1.,0.));
#4671 = ( GEOMETRIC_REPRESENTATION_CONTEXT(2) 
PARAMETRIC_REPRESENTATION_CONTEXT() REPRESENTATION_CONTEXT('2D SPACE',''
  ) );
#4672 = PCURVE('',#4673,#4678);
#4673 = CYLINDRICAL_SURFACE('',#4674,4.75);
#4674 = AXIS2_PLACEMENT_3D('',#4675,#4676,#4677);
#4675 = CARTESIAN_POINT('',(-29.41515138991,12.25,3.));
#4676 = DIRECTION('',(0.,0.,-1.));
#4677 = DIRECTION('',(0.,-1.,0.));
#4678 = DEFINITIONAL_REPRESENTATION('',(#4679),#4683);
#4679 = LINE('',#4680,#4681);
#4680 = CARTESIAN_POINT('',(-2.489341498751,-35.25));
#4681 = VECTOR('',#4682,1.);
#4682 = DIRECTION('',(1.,0.));
#4683 = ( GEOMETRIC_REPRESENTATION_CONTEXT(2) 
PARAMETRIC_REPRESENTATION_CONTEXT() REPRESENTATION_CONTEXT('2D SPACE',''
  ) );
#4684 = ADVANCED_FACE('',(#4685),#4346,.T.);
#4685 = FACE_BOUND('',#4686,.T.);
#4686 = EDGE_LOOP('',(#4687,#4688,#4737));
#4687 = ORIENTED_EDGE('',*,*,#4589,.F.);
#4688 = ORIENTED_EDGE('',*,*,#4689,.T.);
#4689 = EDGE_CURVE('',#4590,#4325,#4690,.T.);
#4690 = SURFACE_CURVE('',#4691,(#4696,#4725),.PCURVE_S1.);
#4691 = CIRCLE('',#4692,4.75);
#4692 = AXIS2_PLACEMENT_3D('',#4693,#4694,#4695);
#4693 = CARTESIAN_POINT('',(-20.25,14.75,38.25));
#4694 = DIRECTION('',(0.,0.,1.));
#4695 = DIRECTION('',(-0.707106781187,-0.707106781187,0.));
#4696 = PCURVE('',#4346,#4697);
#4697 = DEFINITIONAL_REPRESENTATION('',(#4698),#4724);
#4698 = B_SPLINE_CURVE_WITH_KNOTS('',3,(#4699,#4700,#4701,#4702,#4703,
    #4704,#4705,#4706,#4707,#4708,#4709,#4710,#4711,#4712,#4713,#4714,
    #4715,#4716,#4717,#4718,#4719,#4720,#4721,#4722,#4723),
  .UNSPECIFIED.,.F.,.F.,(4,1,1,1,1,1,1,1,1,1,1,1,1,1,1,1,1,1,1,1,1,1,4),
  (5.7640811609,5.823376720431,5.882672279962,5.941967839493,
    6.001263399023,6.060558958554,6.119854518085,6.179150077616,
    6.238445637146,6.297741196677,6.357036756208,6.416332315739,
    6.475627875269,6.5349234348,6.594218994331,6.653514553862,
    6.712810113392,6.772105672923,6.831401232454,6.890696791985,
    6.949992351516,7.009287911046,7.068583470577),
  .QUASI_UNIFORM_KNOTS.);
#4699 = CARTESIAN_POINT('',(-0.23821956467,0.806248839868));
#4700 = CARTESIAN_POINT('',(-0.251361564044,0.78870342804));
#4701 = CARTESIAN_POINT('',(-0.276249359378,0.753363103902));
#4702 = CARTESIAN_POINT('',(-0.310006112176,0.699718254695));
#4703 = CARTESIAN_POINT('',(-0.340850805608,0.645563130392));
#4704 = CARTESIAN_POINT('',(-0.369274082707,0.590986995774));
#4705 = CARTESIAN_POINT('',(-0.395689588683,0.536064277923));
#4706 = CARTESIAN_POINT('',(-0.420435985739,0.48085505372));
#4707 = CARTESIAN_POINT('',(-0.443797558267,0.425409241522));
#4708 = CARTESIAN_POINT('',(-0.46601501896,0.369768716315));
#4709 = CARTESIAN_POINT('',(-0.48729532898,0.313969202965));
#4710 = CARTESIAN_POINT('',(-0.507819083091,0.258041666632));
#4711 = CARTESIAN_POINT('',(-0.527746535602,0.202013429985));
#4712 = CARTESIAN_POINT('',(-0.547222499238,0.145909067656));
#4713 = CARTESIAN_POINT('',(-0.566380452849,8.975114709278E-02));
#4714 = CARTESIAN_POINT('',(-0.585346079046,3.356085997504E-02));
#4715 = CARTESIAN_POINT('',(-0.604240420201,-2.264141892079E-02));
#4716 = CARTESIAN_POINT('',(-0.623182817005,-7.883561401451E-02));
#4717 = CARTESIAN_POINT('',(-0.642293746351,-0.135001450018));
#4718 = CARTESIAN_POINT('',(-0.661697787297,-0.191117929523));
#4719 = CARTESIAN_POINT('',(-0.681526506542,-0.247162823339));
#4720 = CARTESIAN_POINT('',(-0.701922716918,-0.303111910284));
#4721 = CARTESIAN_POINT('',(-0.723041440121,-0.358938803953));
#4722 = CARTESIAN_POINT('',(-0.737724408935,-0.396054311642));
#4723 = CARTESIAN_POINT('',(-0.745246041901,-0.414581460913));
#4724 = ( GEOMETRIC_REPRESENTATION_CONTEXT(2) 
PARAMETRIC_REPRESENTATION_CONTEXT() REPRESENTATION_CONTEXT('2D SPACE',''
  ) );
#4725 = PCURVE('',#4726,#4731);
#4726 = CYLINDRICAL_SURFACE('',#4727,4.75);
#4727 = AXIS2_PLACEMENT_3D('',#4728,#4729,#4730);
#4728 = CARTESIAN_POINT('',(-20.25,14.75,3.));
#4729 = DIRECTION('',(0.,0.,1.));
#4730 = DIRECTION('',(-0.707106781187,-0.707106781187,0.));
#4731 = DEFINITIONAL_REPRESENTATION('',(#4732),#4736);
#4732 = LINE('',#4733,#4734);
#4733 = CARTESIAN_POINT('',(-6.28318530718,35.25));
#4734 = VECTOR('',#4735,1.);
#4735 = DIRECTION('',(1.,0.));
#4736 = ( GEOMETRIC_REPRESENTATION_CONTEXT(2) 
PARAMETRIC_REPRESENTATION_CONTEXT() REPRESENTATION_CONTEXT('2D SPACE',''
  ) );
#4737 = ORIENTED_EDGE('',*,*,#4322,.F.);
#4738 = ADVANCED_FACE('',(#4739),#4754,.T.);
#4739 = FACE_BOUND('',#4740,.T.);
#4740 = EDGE_LOOP('',(#4741,#4772,#4800,#4844));
#4741 = ORIENTED_EDGE('',*,*,#4742,.T.);
#4742 = EDGE_CURVE('',#4743,#4745,#4747,.T.);
#4743 = VERTEX_POINT('',#4744);
#4744 = CARTESIAN_POINT('',(21.75,10.,7.75));
#4745 = VERTEX_POINT('',#4746);
#4746 = CARTESIAN_POINT('',(26.5,14.75,7.75));
#4747 = SURFACE_CURVE('',#4748,(#4753,#4765),.PCURVE_S1.);
#4748 = CIRCLE('',#4749,4.75);
#4749 = AXIS2_PLACEMENT_3D('',#4750,#4751,#4752);
#4750 = CARTESIAN_POINT('',(21.75,14.75,7.75));
#4751 = DIRECTION('',(0.,0.,1.));
#4752 = DIRECTION('',(0.,-1.,0.));
#4753 = PCURVE('',#4754,#4759);
#4754 = CYLINDRICAL_SURFACE('',#4755,4.75);
#4755 = AXIS2_PLACEMENT_3D('',#4756,#4757,#4758);
#4756 = CARTESIAN_POINT('',(21.75,14.75,3.));
#4757 = DIRECTION('',(0.,0.,1.));
#4758 = DIRECTION('',(0.707106781187,-0.707106781187,0.));
#4759 = DEFINITIONAL_REPRESENTATION('',(#4760),#4764);
#4760 = LINE('',#4761,#4762);
#4761 = CARTESIAN_POINT('',(-0.785398163397,4.75));
#4762 = VECTOR('',#4763,1.);
#4763 = DIRECTION('',(1.,0.));
#4764 = ( GEOMETRIC_REPRESENTATION_CONTEXT(2) 
PARAMETRIC_REPRESENTATION_CONTEXT() REPRESENTATION_CONTEXT('2D SPACE',''
  ) );
#4765 = PCURVE('',#2583,#4766);
#4766 = DEFINITIONAL_REPRESENTATION('',(#4767),#4771);
#4767 = LINE('',#4768,#4769);
#4768 = CARTESIAN_POINT('',(4.712388980385,1.570796326795));
#4769 = VECTOR('',#4770,1.);
#4770 = DIRECTION('',(0.,1.));
#4771 = ( GEOMETRIC_REPRESENTATION_CONTEXT(2) 
PARAMETRIC_REPRESENTATION_CONTEXT() REPRESENTATION_CONTEXT('2D SPACE',''
  ) );
#4772 = ORIENTED_EDGE('',*,*,#4773,.T.);
#4773 = EDGE_CURVE('',#4745,#4774,#4776,.T.);
#4774 = VERTEX_POINT('',#4775);
#4775 = CARTESIAN_POINT('',(26.5,14.75,38.25));
#4776 = SURFACE_CURVE('',#4777,(#4781,#4788),.PCURVE_S1.);
#4777 = LINE('',#4778,#4779);
#4778 = CARTESIAN_POINT('',(26.5,14.75,3.));
#4779 = VECTOR('',#4780,1.);
#4780 = DIRECTION('',(0.,0.,1.));
#4781 = PCURVE('',#4754,#4782);
#4782 = DEFINITIONAL_REPRESENTATION('',(#4783),#4787);
#4783 = LINE('',#4784,#4785);
#4784 = CARTESIAN_POINT('',(0.785398163397,0.));
#4785 = VECTOR('',#4786,1.);
#4786 = DIRECTION('',(0.,1.));
#4787 = ( GEOMETRIC_REPRESENTATION_CONTEXT(2) 
PARAMETRIC_REPRESENTATION_CONTEXT() REPRESENTATION_CONTEXT('2D SPACE',''
  ) );
#4788 = PCURVE('',#4789,#4794);
#4789 = PLANE('',#4790);
#4790 = AXIS2_PLACEMENT_3D('',#4791,#4792,#4793);
#4791 = CARTESIAN_POINT('',(26.5,10.,3.));
#4792 = DIRECTION('',(1.,-3.E-16,0.));
#4793 = DIRECTION('',(3.E-16,1.,0.));
#4794 = DEFINITIONAL_REPRESENTATION('',(#4795),#4799);
#4795 = LINE('',#4796,#4797);
#4796 = CARTESIAN_POINT('',(4.75,0.));
#4797 = VECTOR('',#4798,1.);
#4798 = DIRECTION('',(0.,1.));
#4799 = ( GEOMETRIC_REPRESENTATION_CONTEXT(2) 
PARAMETRIC_REPRESENTATION_CONTEXT() REPRESENTATION_CONTEXT('2D SPACE',''
  ) );
#4800 = ORIENTED_EDGE('',*,*,#4801,.T.);
#4801 = EDGE_CURVE('',#4774,#4381,#4802,.T.);
#4802 = SURFACE_CURVE('',#4803,(#4808,#4815),.PCURVE_S1.);
#4803 = CIRCLE('',#4804,4.75);
#4804 = AXIS2_PLACEMENT_3D('',#4805,#4806,#4807);
#4805 = CARTESIAN_POINT('',(21.75,14.75,38.25));
#4806 = DIRECTION('',(9.3E-16,0.,-1.));
#4807 = DIRECTION('',(1.,-4.7E-16,9.3E-16));
#4808 = PCURVE('',#4754,#4809);
#4809 = DEFINITIONAL_REPRESENTATION('',(#4810),#4814);
#4810 = LINE('',#4811,#4812);
#4811 = CARTESIAN_POINT('',(0.785398163397,35.25));
#4812 = VECTOR('',#4813,1.);
#4813 = DIRECTION('',(-1.,-4.52E-15));
#4814 = ( GEOMETRIC_REPRESENTATION_CONTEXT(2) 
PARAMETRIC_REPRESENTATION_CONTEXT() REPRESENTATION_CONTEXT('2D SPACE',''
  ) );
#4815 = PCURVE('',#4420,#4816);
#4816 = DEFINITIONAL_REPRESENTATION('',(#4817),#4843);
#4817 = B_SPLINE_CURVE_WITH_KNOTS('',3,(#4818,#4819,#4820,#4821,#4822,
    #4823,#4824,#4825,#4826,#4827,#4828,#4829,#4830,#4831,#4832,#4833,
    #4834,#4835,#4836,#4837,#4838,#4839,#4840,#4841,#4842),
  .UNSPECIFIED.,.F.,.F.,(4,1,1,1,1,1,1,1,1,1,1,1,1,1,1,1,1,1,1,1,1,1,4),
  (0.,7.139983303613E-02,0.142799666072,0.214199499108,0.285599332145,
    0.356999165181,0.428398998217,0.499798831253,0.571198664289,
    0.642598497325,0.713998330361,0.785398163397,0.856797996434,
    0.92819782947,0.999597662506,1.070997495542,1.142397328578,
    1.213797161614,1.28519699465,1.356596827687,1.427996660723,
    1.499396493759,1.570796326795),.QUASI_UNIFORM_KNOTS.);
#4818 = CARTESIAN_POINT('',(6.28318530718,-0.955316618125));
#4819 = CARTESIAN_POINT('',(6.254059846167,-0.938472816918));
#4820 = CARTESIAN_POINT('',(6.199885059107,-0.903640648239));
#4821 = CARTESIAN_POINT('',(6.129020437536,-0.848555592307));
#4822 = CARTESIAN_POINT('',(6.066604225637,-0.791289937376));
#4823 = CARTESIAN_POINT('',(6.011101336203,-0.732292309234));
#4824 = CARTESIAN_POINT('',(5.961229158455,-0.671921956095));
#4825 = CARTESIAN_POINT('',(5.915950072795,-0.610453711589));
#4826 = CARTESIAN_POINT('',(5.874416943299,-0.548104320227));
#4827 = CARTESIAN_POINT('',(5.835936055775,-0.485045913962));
#4828 = CARTESIAN_POINT('',(5.799933440753,-0.421417575992));
#4829 = CARTESIAN_POINT('',(5.765928414849,-0.357333496394));
#4830 = CARTESIAN_POINT('',(5.733512229971,-0.292889207833));
#4831 = CARTESIAN_POINT('',(5.702331039799,-0.228166302646));
#4832 = CARTESIAN_POINT('',(5.672072112256,-0.163236106295));
#4833 = CARTESIAN_POINT('',(5.642452470234,-9.816260582651E-02));
#4834 = CARTESIAN_POINT('',(5.613209265859,-3.300486811569E-02));
#4835 = CARTESIAN_POINT('',(5.584091299221,3.218087056971E-02));
#4836 = CARTESIAN_POINT('',(5.554851241823,9.733931239663E-02));
#4837 = CARTESIAN_POINT('',(5.525237917477,0.162414226077));
#4838 = CARTESIAN_POINT('',(5.494988967508,0.227346666659));
#4839 = CARTESIAN_POINT('',(5.46382063559,0.292072447429));
#4840 = CARTESIAN_POINT('',(5.431424704515,0.356521383409));
#4841 = CARTESIAN_POINT('',(5.408763388199,0.399245918674));
#4842 = CARTESIAN_POINT('',(5.397108183387,0.420534335284));
#4843 = ( GEOMETRIC_REPRESENTATION_CONTEXT(2) 
PARAMETRIC_REPRESENTATION_CONTEXT() REPRESENTATION_CONTEXT('2D SPACE',''
  ) );
#4844 = ORIENTED_EDGE('',*,*,#4845,.T.);
#4845 = EDGE_CURVE('',#4381,#4743,#4846,.T.);
#4846 = SURFACE_CURVE('',#4847,(#4851,#4858),.PCURVE_S1.);
#4847 = LINE('',#4848,#4849);
#4848 = CARTESIAN_POINT('',(21.75,10.,3.));
#4849 = VECTOR('',#4850,1.);
#4850 = DIRECTION('',(0.,0.,-1.));
#4851 = PCURVE('',#4754,#4852);
#4852 = DEFINITIONAL_REPRESENTATION('',(#4853),#4857);
#4853 = LINE('',#4854,#4855);
#4854 = CARTESIAN_POINT('',(-0.785398163397,0.));
#4855 = VECTOR('',#4856,1.);
#4856 = DIRECTION('',(0.,-1.));
#4857 = ( GEOMETRIC_REPRESENTATION_CONTEXT(2) 
PARAMETRIC_REPRESENTATION_CONTEXT() REPRESENTATION_CONTEXT('2D SPACE',''
  ) );
#4858 = PCURVE('',#2459,#4859);
#4859 = DEFINITIONAL_REPRESENTATION('',(#4860),#4864);
#4860 = LINE('',#4861,#4862);
#4861 = CARTESIAN_POINT('',(46.75,0.));
#4862 = VECTOR('',#4863,1.);
#4863 = DIRECTION('',(0.,-1.));
#4864 = ( GEOMETRIC_REPRESENTATION_CONTEXT(2) 
PARAMETRIC_REPRESENTATION_CONTEXT() REPRESENTATION_CONTEXT('2D SPACE',''
  ) );
#4865 = ADVANCED_FACE('',(#4866),#2583,.T.);
#4866 = FACE_BOUND('',#4867,.T.);
#4867 = EDGE_LOOP('',(#4868,#4869,#4891,#4892));
#4868 = ORIENTED_EDGE('',*,*,#2555,.F.);
#4869 = ORIENTED_EDGE('',*,*,#4870,.T.);
#4870 = EDGE_CURVE('',#2528,#4745,#4871,.T.);
#4871 = SURFACE_CURVE('',#4872,(#4877,#4884),.PCURVE_S1.);
#4872 = CIRCLE('',#4873,4.75);
#4873 = AXIS2_PLACEMENT_3D('',#4874,#4875,#4876);
#4874 = CARTESIAN_POINT('',(31.25,14.75,7.75));
#4875 = DIRECTION('',(9.E-17,1.,0.));
#4876 = DIRECTION('',(-0.707106781187,6.363961030679E-17,-0.707106781187
    ));
#4877 = PCURVE('',#2583,#4878);
#4878 = DEFINITIONAL_REPRESENTATION('',(#4879),#4883);
#4879 = LINE('',#4880,#4881);
#4880 = CARTESIAN_POINT('',(11.780972450962,3.14159265359));
#4881 = VECTOR('',#4882,1.);
#4882 = DIRECTION('',(-1.,-5.7E-16));
#4883 = ( GEOMETRIC_REPRESENTATION_CONTEXT(2) 
PARAMETRIC_REPRESENTATION_CONTEXT() REPRESENTATION_CONTEXT('2D SPACE',''
  ) );
#4884 = PCURVE('',#2543,#4885);
#4885 = DEFINITIONAL_REPRESENTATION('',(#4886),#4890);
#4886 = LINE('',#4887,#4888);
#4887 = CARTESIAN_POINT('',(12.566370614359,-9.75));
#4888 = VECTOR('',#4889,1.);
#4889 = DIRECTION('',(-1.,1.13E-15));
#4890 = ( GEOMETRIC_REPRESENTATION_CONTEXT(2) 
PARAMETRIC_REPRESENTATION_CONTEXT() REPRESENTATION_CONTEXT('2D SPACE',''
  ) );
#4891 = ORIENTED_EDGE('',*,*,#4742,.F.);
#4892 = ORIENTED_EDGE('',*,*,#4893,.T.);
#4893 = EDGE_CURVE('',#4743,#2442,#4894,.T.);
#4894 = SURFACE_CURVE('',#4895,(#4900,#4907),.PCURVE_S1.);
#4895 = CIRCLE('',#4896,9.5);
#4896 = AXIS2_PLACEMENT_3D('',#4897,#4898,#4899);
#4897 = CARTESIAN_POINT('',(31.25,10.,7.75));
#4898 = DIRECTION('',(-9.E-17,-1.,0.));
#4899 = DIRECTION('',(-0.707106781187,6.363961030679E-17,-0.707106781187
    ));
#4900 = PCURVE('',#2583,#4901);
#4901 = DEFINITIONAL_REPRESENTATION('',(#4902),#4906);
#4902 = LINE('',#4903,#4904);
#4903 = CARTESIAN_POINT('',(-0.785398163397,1.570796326795));
#4904 = VECTOR('',#4905,1.);
#4905 = DIRECTION('',(1.,-4.2E-16));
#4906 = ( GEOMETRIC_REPRESENTATION_CONTEXT(2) 
PARAMETRIC_REPRESENTATION_CONTEXT() REPRESENTATION_CONTEXT('2D SPACE',''
  ) );
#4907 = PCURVE('',#2459,#4908);
#4908 = DEFINITIONAL_REPRESENTATION('',(#4909),#4913);
#4909 = CIRCLE('',#4910,9.5);
#4910 = AXIS2_PLACEMENT_2D('',#4911,#4912);
#4911 = CARTESIAN_POINT('',(56.25,4.75));
#4912 = DIRECTION('',(-0.707106781187,-0.707106781187));
#4913 = ( GEOMETRIC_REPRESENTATION_CONTEXT(2) 
PARAMETRIC_REPRESENTATION_CONTEXT() REPRESENTATION_CONTEXT('2D SPACE',''
  ) );
#4914 = ADVANCED_FACE('',(#4915),#4420,.T.);
#4915 = FACE_BOUND('',#4916,.T.);
#4916 = EDGE_LOOP('',(#4917,#4918,#4967));
#4917 = ORIENTED_EDGE('',*,*,#4801,.F.);
#4918 = ORIENTED_EDGE('',*,*,#4919,.T.);
#4919 = EDGE_CURVE('',#4774,#4404,#4920,.T.);
#4920 = SURFACE_CURVE('',#4921,(#4926,#4955),.PCURVE_S1.);
#4921 = CIRCLE('',#4922,4.75);
#4922 = AXIS2_PLACEMENT_3D('',#4923,#4924,#4925);
#4923 = CARTESIAN_POINT('',(21.75,14.75,38.25));
#4924 = DIRECTION('',(-3.E-16,-1.,0.));
#4925 = DIRECTION('',(0.707106781187,-2.12132034356E-16,0.707106781187)
  );
#4926 = PCURVE('',#4420,#4927);
#4927 = DEFINITIONAL_REPRESENTATION('',(#4928),#4954);
#4928 = B_SPLINE_CURVE_WITH_KNOTS('',3,(#4929,#4930,#4931,#4932,#4933,
    #4934,#4935,#4936,#4937,#4938,#4939,#4940,#4941,#4942,#4943,#4944,
    #4945,#4946,#4947,#4948,#4949,#4950,#4951,#4952,#4953),
  .UNSPECIFIED.,.F.,.F.,(4,1,1,1,1,1,1,1,1,1,1,1,1,1,1,1,1,1,1,1,1,1,4),
  (5.497787143782,5.569186976818,5.640586809854,5.711986642891,
    5.783386475927,5.854786308963,5.926186141999,5.997585975035,
    6.068985808071,6.140385641107,6.211785474143,6.28318530718,
    6.354585140216,6.425984973252,6.497384806288,6.568784639324,
    6.64018447236,6.711584305396,6.782984138433,6.854383971469,
    6.925783804505,6.997183637541,7.068583470577),
  .QUASI_UNIFORM_KNOTS.);
#4929 = CARTESIAN_POINT('',(6.28318530718,-0.955316618125));
#4930 = CARTESIAN_POINT('',(6.312310768192,-0.938472816918));
#4931 = CARTESIAN_POINT('',(6.366485555252,-0.903640648239));
#4932 = CARTESIAN_POINT('',(6.437350176823,-0.848555592307));
#4933 = CARTESIAN_POINT('',(6.499766388722,-0.791289937376));
#4934 = CARTESIAN_POINT('',(6.555269278156,-0.732292309234));
#4935 = CARTESIAN_POINT('',(6.605141455905,-0.671921956095));
#4936 = CARTESIAN_POINT('',(6.650420541564,-0.610453711589));
#4937 = CARTESIAN_POINT('',(6.691953671061,-0.548104320227));
#4938 = CARTESIAN_POINT('',(6.730434558584,-0.485045913962));
#4939 = CARTESIAN_POINT('',(6.766437173606,-0.421417575992));
#4940 = CARTESIAN_POINT('',(6.80044219951,-0.357333496394));
#4941 = CARTESIAN_POINT('',(6.832858384388,-0.292889207833));
#4942 = CARTESIAN_POINT('',(6.86403957456,-0.228166302646));
#4943 = CARTESIAN_POINT('',(6.894298502103,-0.163236106295));
#4944 = CARTESIAN_POINT('',(6.923918144126,-9.816260582651E-02));
#4945 = CARTESIAN_POINT('',(6.953161348501,-3.300486811569E-02));
#4946 = CARTESIAN_POINT('',(6.982279315138,3.218087056971E-02));
#4947 = CARTESIAN_POINT('',(7.011519372536,9.733931239663E-02));
#4948 = CARTESIAN_POINT('',(7.041132696882,0.162414226077));
#4949 = CARTESIAN_POINT('',(7.071381646851,0.227346666659));
#4950 = CARTESIAN_POINT('',(7.102549978769,0.292072447429));
#4951 = CARTESIAN_POINT('',(7.134945909844,0.356521383409));
#4952 = CARTESIAN_POINT('',(7.157607226161,0.399245918674));
#4953 = CARTESIAN_POINT('',(7.169262430972,0.420534335284));
#4954 = ( GEOMETRIC_REPRESENTATION_CONTEXT(2) 
PARAMETRIC_REPRESENTATION_CONTEXT() REPRESENTATION_CONTEXT('2D SPACE',''
  ) );
#4955 = PCURVE('',#4956,#4961);
#4956 = CYLINDRICAL_SURFACE('',#4957,4.75);
#4957 = AXIS2_PLACEMENT_3D('',#4958,#4959,#4960);
#4958 = CARTESIAN_POINT('',(21.75,17.748684210526,38.25));
#4959 = DIRECTION('',(3.E-16,1.,0.));
#4960 = DIRECTION('',(0.707106781187,-2.12132034356E-16,0.707106781187)
  );
#4961 = DEFINITIONAL_REPRESENTATION('',(#4962),#4966);
#4962 = LINE('',#4963,#4964);
#4963 = CARTESIAN_POINT('',(6.28318530718,-2.998684210526));
#4964 = VECTOR('',#4965,1.);
#4965 = DIRECTION('',(-1.,1.13E-15));
#4966 = ( GEOMETRIC_REPRESENTATION_CONTEXT(2) 
PARAMETRIC_REPRESENTATION_CONTEXT() REPRESENTATION_CONTEXT('2D SPACE',''
  ) );
#4967 = ORIENTED_EDGE('',*,*,#4403,.F.);
#4968 = ADVANCED_FACE('',(#4969),#4673,.F.);
#4969 = FACE_BOUND('',#4970,.F.);
#4970 = EDGE_LOOP('',(#4971,#4994,#5022,#5043));
#4971 = ORIENTED_EDGE('',*,*,#4972,.F.);
#4972 = EDGE_CURVE('',#4973,#4590,#4975,.T.);
#4973 = VERTEX_POINT('',#4974);
#4974 = CARTESIAN_POINT('',(-24.83257569495,13.5,38.));
#4975 = SURFACE_CURVE('',#4976,(#4980,#4987),.PCURVE_S1.);
#4976 = LINE('',#4977,#4978);
#4977 = CARTESIAN_POINT('',(-24.83257569495,13.5,3.));
#4978 = VECTOR('',#4979,1.);
#4979 = DIRECTION('',(0.,0.,1.));
#4980 = PCURVE('',#4673,#4981);
#4981 = DEFINITIONAL_REPRESENTATION('',(#4982),#4986);
#4982 = LINE('',#4983,#4984);
#4983 = CARTESIAN_POINT('',(4.446094963267,0.));
#4984 = VECTOR('',#4985,1.);
#4985 = DIRECTION('',(0.,-1.));
#4986 = ( GEOMETRIC_REPRESENTATION_CONTEXT(2) 
PARAMETRIC_REPRESENTATION_CONTEXT() REPRESENTATION_CONTEXT('2D SPACE',''
  ) );
#4987 = PCURVE('',#4726,#4988);
#4988 = DEFINITIONAL_REPRESENTATION('',(#4989),#4993);
#4989 = LINE('',#4990,#4991);
#4990 = CARTESIAN_POINT('',(-0.519104146279,0.));
#4991 = VECTOR('',#4992,1.);
#4992 = DIRECTION('',(0.,1.));
#4993 = ( GEOMETRIC_REPRESENTATION_CONTEXT(2) 
PARAMETRIC_REPRESENTATION_CONTEXT() REPRESENTATION_CONTEXT('2D SPACE',''
  ) );
#4994 = ORIENTED_EDGE('',*,*,#4995,.F.);
#4995 = EDGE_CURVE('',#4996,#4973,#4998,.T.);
#4996 = VERTEX_POINT('',#4997);
#4997 = CARTESIAN_POINT('',(-29.41515138991,17.,38.));
#4998 = SURFACE_CURVE('',#4999,(#5004,#5011),.PCURVE_S1.);
#4999 = CIRCLE('',#5000,4.75);
#5000 = AXIS2_PLACEMENT_3D('',#5001,#5002,#5003);
#5001 = CARTESIAN_POINT('',(-29.41515138991,12.25,38.));
#5002 = DIRECTION('',(-2.5E-16,0.,-1.));
#5003 = DIRECTION('',(0.,-1.,-0.));
#5004 = PCURVE('',#4673,#5005);
#5005 = DEFINITIONAL_REPRESENTATION('',(#5006),#5010);
#5006 = LINE('',#5007,#5008);
#5007 = CARTESIAN_POINT('',(0.,-35.));
#5008 = VECTOR('',#5009,1.);
#5009 = DIRECTION('',(1.,0.));
#5010 = ( GEOMETRIC_REPRESENTATION_CONTEXT(2) 
PARAMETRIC_REPRESENTATION_CONTEXT() REPRESENTATION_CONTEXT('2D SPACE',''
  ) );
#5011 = PCURVE('',#3870,#5012);
#5012 = DEFINITIONAL_REPRESENTATION('',(#5013),#5021);
#5013 = ( BOUNDED_CURVE() B_SPLINE_CURVE(2,(#5014,#5015,#5016,#5017,
#5018,#5019,#5020),.UNSPECIFIED.,.T.,.F.) B_SPLINE_CURVE_WITH_KNOTS((1,2
    ,2,2,2,1),(-2.094395102393,0.,2.094395102393,4.188790204786,
6.28318530718,8.377580409573),.UNSPECIFIED.) CURVE() 
GEOMETRIC_REPRESENTATION_ITEM() RATIONAL_B_SPLINE_CURVE((1.,0.5,1.,0.5,
1.,0.5,1.)) REPRESENTATION_ITEM('') );
#5014 = CARTESIAN_POINT('',(45.415151389912,14.5));
#5015 = CARTESIAN_POINT('',(53.642392725864,14.5));
#5016 = CARTESIAN_POINT('',(49.528772057888,7.375));
#5017 = CARTESIAN_POINT('',(45.415151389912,0.25));
#5018 = CARTESIAN_POINT('',(41.301530721936,7.375));
#5019 = CARTESIAN_POINT('',(37.18791005396,14.5));
#5020 = CARTESIAN_POINT('',(45.415151389912,14.5));
#5021 = ( GEOMETRIC_REPRESENTATION_CONTEXT(2) 
PARAMETRIC_REPRESENTATION_CONTEXT() REPRESENTATION_CONTEXT('2D SPACE',''
  ) );
#5022 = ORIENTED_EDGE('',*,*,#5023,.F.);
#5023 = EDGE_CURVE('',#4514,#4996,#5024,.T.);
#5024 = SURFACE_CURVE('',#5025,(#5029,#5036),.PCURVE_S1.);
#5025 = LINE('',#5026,#5027);
#5026 = CARTESIAN_POINT('',(-29.41515138991,17.,3.));
#5027 = VECTOR('',#5028,1.);
#5028 = DIRECTION('',(0.,0.,-1.));
#5029 = PCURVE('',#4673,#5030);
#5030 = DEFINITIONAL_REPRESENTATION('',(#5031),#5035);
#5031 = LINE('',#5032,#5033);
#5032 = CARTESIAN_POINT('',(3.14159265359,0.));
#5033 = VECTOR('',#5034,1.);
#5034 = DIRECTION('',(0.,1.));
#5035 = ( GEOMETRIC_REPRESENTATION_CONTEXT(2) 
PARAMETRIC_REPRESENTATION_CONTEXT() REPRESENTATION_CONTEXT('2D SPACE',''
  ) );
#5036 = PCURVE('',#3655,#5037);
#5037 = DEFINITIONAL_REPRESENTATION('',(#5038),#5042);
#5038 = LINE('',#5039,#5040);
#5039 = CARTESIAN_POINT('',(9.084848610088,0.));
#5040 = VECTOR('',#5041,1.);
#5041 = DIRECTION('',(0.,-1.));
#5042 = ( GEOMETRIC_REPRESENTATION_CONTEXT(2) 
PARAMETRIC_REPRESENTATION_CONTEXT() REPRESENTATION_CONTEXT('2D SPACE',''
  ) );
#5043 = ORIENTED_EDGE('',*,*,#4658,.T.);
#5044 = ADVANCED_FACE('',(#5045,#5146,#5209),#3655,.T.);
#5045 = FACE_BOUND('',#5046,.T.);
#5046 = EDGE_LOOP('',(#5047,#5048,#5071,#5099,#5120,#5121,#5122,#5123,
    #5124,#5145));
#5047 = ORIENTED_EDGE('',*,*,#4513,.F.);
#5048 = ORIENTED_EDGE('',*,*,#5049,.F.);
#5049 = EDGE_CURVE('',#5050,#4481,#5052,.T.);
#5050 = VERTEX_POINT('',#5051);
#5051 = CARTESIAN_POINT('',(-38.5,17.,33.660254037844));
#5052 = SURFACE_CURVE('',#5053,(#5057,#5064),.PCURVE_S1.);
#5053 = LINE('',#5054,#5055);
#5054 = CARTESIAN_POINT('',(-38.5,17.,3.));
#5055 = VECTOR('',#5056,1.);
#5056 = DIRECTION('',(0.,0.,1.));
#5057 = PCURVE('',#3655,#5058);
#5058 = DEFINITIONAL_REPRESENTATION('',(#5059),#5063);
#5059 = LINE('',#5060,#5061);
#5060 = CARTESIAN_POINT('',(0.,0.));
#5061 = VECTOR('',#5062,1.);
#5062 = DIRECTION('',(0.,1.));
#5063 = ( GEOMETRIC_REPRESENTATION_CONTEXT(2) 
PARAMETRIC_REPRESENTATION_CONTEXT() REPRESENTATION_CONTEXT('2D SPACE',''
  ) );
#5064 = PCURVE('',#2183,#5065);
#5065 = DEFINITIONAL_REPRESENTATION('',(#5066),#5070);
#5066 = LINE('',#5067,#5068);
#5067 = CARTESIAN_POINT('',(23.,0.));
#5068 = VECTOR('',#5069,1.);
#5069 = DIRECTION('',(0.,1.));
#5070 = ( GEOMETRIC_REPRESENTATION_CONTEXT(2) 
PARAMETRIC_REPRESENTATION_CONTEXT() REPRESENTATION_CONTEXT('2D SPACE',''
  ) );
#5071 = ORIENTED_EDGE('',*,*,#5072,.T.);
#5072 = EDGE_CURVE('',#5050,#5073,#5075,.T.);
#5073 = VERTEX_POINT('',#5074);
#5074 = CARTESIAN_POINT('',(-35.5,17.,25.));
#5075 = SURFACE_CURVE('',#5076,(#5081,#5092),.PCURVE_S1.);
#5076 = CIRCLE('',#5077,14.);
#5077 = AXIS2_PLACEMENT_3D('',#5078,#5079,#5080);
#5078 = CARTESIAN_POINT('',(-49.5,17.,25.));
#5079 = DIRECTION('',(-3.3E-16,1.,0.));
#5080 = DIRECTION('',(1.,3.3E-16,0.));
#5081 = PCURVE('',#3655,#5082);
#5082 = DEFINITIONAL_REPRESENTATION('',(#5083),#5091);
#5083 = ( BOUNDED_CURVE() B_SPLINE_CURVE(2,(#5084,#5085,#5086,#5087,
#5088,#5089,#5090),.UNSPECIFIED.,.T.,.F.) B_SPLINE_CURVE_WITH_KNOTS((1,2
    ,2,2,2,1),(-2.094395102393,0.,2.094395102393,4.188790204786,
6.28318530718,8.377580409573),.UNSPECIFIED.) CURVE() 
GEOMETRIC_REPRESENTATION_ITEM() RATIONAL_B_SPLINE_CURVE((1.,0.5,1.,0.5,
1.,0.5,1.)) REPRESENTATION_ITEM('') );
#5084 = CARTESIAN_POINT('',(3.,22.));
#5085 = CARTESIAN_POINT('',(3.,-2.248711305964));
#5086 = CARTESIAN_POINT('',(-18.,9.875644347018));
#5087 = CARTESIAN_POINT('',(-39.,22.));
#5088 = CARTESIAN_POINT('',(-18.,34.124355652982));
#5089 = CARTESIAN_POINT('',(3.,46.248711305964));
#5090 = CARTESIAN_POINT('',(3.,22.));
#5091 = ( GEOMETRIC_REPRESENTATION_CONTEXT(2) 
PARAMETRIC_REPRESENTATION_CONTEXT() REPRESENTATION_CONTEXT('2D SPACE',''
  ) );
#5092 = PCURVE('',#2155,#5093);
#5093 = DEFINITIONAL_REPRESENTATION('',(#5094),#5098);
#5094 = LINE('',#5095,#5096);
#5095 = CARTESIAN_POINT('',(6.28318530718,16.));
#5096 = VECTOR('',#5097,1.);
#5097 = DIRECTION('',(-1.,0.));
#5098 = ( GEOMETRIC_REPRESENTATION_CONTEXT(2) 
PARAMETRIC_REPRESENTATION_CONTEXT() REPRESENTATION_CONTEXT('2D SPACE',''
  ) );
#5099 = ORIENTED_EDGE('',*,*,#5100,.T.);
#5100 = EDGE_CURVE('',#5073,#3640,#5101,.T.);
#5101 = SURFACE_CURVE('',#5102,(#5106,#5113),.PCURVE_S1.);
#5102 = LINE('',#5103,#5104);
#5103 = CARTESIAN_POINT('',(-35.5,17.,3.));
#5104 = VECTOR('',#5105,1.);
#5105 = DIRECTION('',(0.,0.,-1.));
#5106 = PCURVE('',#3655,#5107);
#5107 = DEFINITIONAL_REPRESENTATION('',(#5108),#5112);
#5108 = LINE('',#5109,#5110);
#5109 = CARTESIAN_POINT('',(3.,0.));
#5110 = VECTOR('',#5111,1.);
#5111 = DIRECTION('',(0.,-1.));
#5112 = ( GEOMETRIC_REPRESENTATION_CONTEXT(2) 
PARAMETRIC_REPRESENTATION_CONTEXT() REPRESENTATION_CONTEXT('2D SPACE',''
  ) );
#5113 = PCURVE('',#2126,#5114);
#5114 = DEFINITIONAL_REPRESENTATION('',(#5115),#5119);
#5115 = LINE('',#5116,#5117);
#5116 = CARTESIAN_POINT('',(0.,16.));
#5117 = VECTOR('',#5118,1.);
#5118 = DIRECTION('',(-1.,0.));
#5119 = ( GEOMETRIC_REPRESENTATION_CONTEXT(2) 
PARAMETRIC_REPRESENTATION_CONTEXT() REPRESENTATION_CONTEXT('2D SPACE',''
  ) );
#5120 = ORIENTED_EDGE('',*,*,#3637,.F.);
#5121 = ORIENTED_EDGE('',*,*,#4217,.F.);
#5122 = ORIENTED_EDGE('',*,*,#4146,.T.);
#5123 = ORIENTED_EDGE('',*,*,#4120,.F.);
#5124 = ORIENTED_EDGE('',*,*,#5125,.T.);
#5125 = EDGE_CURVE('',#4037,#4996,#5126,.T.);
#5126 = SURFACE_CURVE('',#5127,(#5131,#5138),.PCURVE_S1.);
#5127 = LINE('',#5128,#5129);
#5128 = CARTESIAN_POINT('',(-11.25,17.,38.));
#5129 = VECTOR('',#5130,1.);
#5130 = DIRECTION('',(-1.,-3.3E-16,2.5E-16));
#5131 = PCURVE('',#3655,#5132);
#5132 = DEFINITIONAL_REPRESENTATION('',(#5133),#5137);
#5133 = LINE('',#5134,#5135);
#5134 = CARTESIAN_POINT('',(27.25,35.));
#5135 = VECTOR('',#5136,1.);
#5136 = DIRECTION('',(-1.,2.5E-16));
#5137 = ( GEOMETRIC_REPRESENTATION_CONTEXT(2) 
PARAMETRIC_REPRESENTATION_CONTEXT() REPRESENTATION_CONTEXT('2D SPACE',''
  ) );
#5138 = PCURVE('',#3870,#5139);
#5139 = DEFINITIONAL_REPRESENTATION('',(#5140),#5144);
#5140 = LINE('',#5141,#5142);
#5141 = CARTESIAN_POINT('',(27.25,5.));
#5142 = VECTOR('',#5143,1.);
#5143 = DIRECTION('',(1.,3.3E-16));
#5144 = ( GEOMETRIC_REPRESENTATION_CONTEXT(2) 
PARAMETRIC_REPRESENTATION_CONTEXT() REPRESENTATION_CONTEXT('2D SPACE',''
  ) );
#5145 = ORIENTED_EDGE('',*,*,#5023,.F.);
#5146 = FACE_BOUND('',#5147,.T.);
#5147 = EDGE_LOOP('',(#5148,#5183));
#5148 = ORIENTED_EDGE('',*,*,#5149,.T.);
#5149 = EDGE_CURVE('',#5150,#5152,#5154,.T.);
#5150 = VERTEX_POINT('',#5151);
#5151 = CARTESIAN_POINT('',(-30.8,17.,32.));
#5152 = VERTEX_POINT('',#5153);
#5153 = CARTESIAN_POINT('',(-27.2,17.,32.));
#5154 = SURFACE_CURVE('',#5155,(#5160,#5171),.PCURVE_S1.);
#5155 = CIRCLE('',#5156,1.8);
#5156 = AXIS2_PLACEMENT_3D('',#5157,#5158,#5159);
#5157 = CARTESIAN_POINT('',(-29.,17.,32.));
#5158 = DIRECTION('',(-3.3E-16,1.,0.));
#5159 = DIRECTION('',(1.,3.3E-16,-1.1E-16));
#5160 = PCURVE('',#3655,#5161);
#5161 = DEFINITIONAL_REPRESENTATION('',(#5162),#5170);
#5162 = ( BOUNDED_CURVE() B_SPLINE_CURVE(2,(#5163,#5164,#5165,#5166,
#5167,#5168,#5169),.UNSPECIFIED.,.T.,.F.) B_SPLINE_CURVE_WITH_KNOTS((1,2
    ,2,2,2,1),(-2.094395102393,0.,2.094395102393,4.188790204786,
6.28318530718,8.377580409573),.UNSPECIFIED.) CURVE() 
GEOMETRIC_REPRESENTATION_ITEM() RATIONAL_B_SPLINE_CURVE((1.,0.5,1.,0.5,
1.,0.5,1.)) REPRESENTATION_ITEM('') );
#5163 = CARTESIAN_POINT('',(11.3,29.));
#5164 = CARTESIAN_POINT('',(11.3,25.882308546376));
#5165 = CARTESIAN_POINT('',(8.6,27.441154273188));
#5166 = CARTESIAN_POINT('',(5.9,29.));
#5167 = CARTESIAN_POINT('',(8.6,30.558845726812));
#5168 = CARTESIAN_POINT('',(11.3,32.117691453624));
#5169 = CARTESIAN_POINT('',(11.3,29.));
#5170 = ( GEOMETRIC_REPRESENTATION_CONTEXT(2) 
PARAMETRIC_REPRESENTATION_CONTEXT() REPRESENTATION_CONTEXT('2D SPACE',''
  ) );
#5171 = PCURVE('',#5172,#5177);
#5172 = CYLINDRICAL_SURFACE('',#5173,1.8);
#5173 = AXIS2_PLACEMENT_3D('',#5174,#5175,#5176);
#5174 = CARTESIAN_POINT('',(-29.,18.,32.));
#5175 = DIRECTION('',(0.,1.,0.));
#5176 = DIRECTION('',(1.,0.,-1.1E-16));
#5177 = DEFINITIONAL_REPRESENTATION('',(#5178),#5182);
#5178 = LINE('',#5179,#5180);
#5179 = CARTESIAN_POINT('',(0.,-1.));
#5180 = VECTOR('',#5181,1.);
#5181 = DIRECTION('',(1.,0.));
#5182 = ( GEOMETRIC_REPRESENTATION_CONTEXT(2) 
PARAMETRIC_REPRESENTATION_CONTEXT() REPRESENTATION_CONTEXT('2D SPACE',''
  ) );
#5183 = ORIENTED_EDGE('',*,*,#5184,.T.);
#5184 = EDGE_CURVE('',#5152,#5150,#5185,.T.);
#5185 = SURFACE_CURVE('',#5186,(#5191,#5202),.PCURVE_S1.);
#5186 = CIRCLE('',#5187,1.8);
#5187 = AXIS2_PLACEMENT_3D('',#5188,#5189,#5190);
#5188 = CARTESIAN_POINT('',(-29.,17.,32.));
#5189 = DIRECTION('',(-3.3E-16,1.,0.));
#5190 = DIRECTION('',(1.,3.3E-16,-1.1E-16));
#5191 = PCURVE('',#3655,#5192);
#5192 = DEFINITIONAL_REPRESENTATION('',(#5193),#5201);
#5193 = ( BOUNDED_CURVE() B_SPLINE_CURVE(2,(#5194,#5195,#5196,#5197,
#5198,#5199,#5200),.UNSPECIFIED.,.T.,.F.) B_SPLINE_CURVE_WITH_KNOTS((1,2
    ,2,2,2,1),(-2.094395102393,0.,2.094395102393,4.188790204786,
6.28318530718,8.377580409573),.UNSPECIFIED.) CURVE() 
GEOMETRIC_REPRESENTATION_ITEM() RATIONAL_B_SPLINE_CURVE((1.,0.5,1.,0.5,
1.,0.5,1.)) REPRESENTATION_ITEM('') );
#5194 = CARTESIAN_POINT('',(11.3,29.));
#5195 = CARTESIAN_POINT('',(11.3,25.882308546376));
#5196 = CARTESIAN_POINT('',(8.6,27.441154273188));
#5197 = CARTESIAN_POINT('',(5.9,29.));
#5198 = CARTESIAN_POINT('',(8.6,30.558845726812));
#5199 = CARTESIAN_POINT('',(11.3,32.117691453624));
#5200 = CARTESIAN_POINT('',(11.3,29.));
#5201 = ( GEOMETRIC_REPRESENTATION_CONTEXT(2) 
PARAMETRIC_REPRESENTATION_CONTEXT() REPRESENTATION_CONTEXT('2D SPACE',''
  ) );
#5202 = PCURVE('',#5172,#5203);
#5203 = DEFINITIONAL_REPRESENTATION('',(#5204),#5208);
#5204 = LINE('',#5205,#5206);
#5205 = CARTESIAN_POINT('',(-6.28318530718,-1.));
#5206 = VECTOR('',#5207,1.);
#5207 = DIRECTION('',(1.,0.));
#5208 = ( GEOMETRIC_REPRESENTATION_CONTEXT(2) 
PARAMETRIC_REPRESENTATION_CONTEXT() REPRESENTATION_CONTEXT('2D SPACE',''
  ) );
#5209 = FACE_BOUND('',#5210,.T.);
#5210 = EDGE_LOOP('',(#5211,#5246));
#5211 = ORIENTED_EDGE('',*,*,#5212,.T.);
#5212 = EDGE_CURVE('',#5213,#5215,#5217,.T.);
#5213 = VERTEX_POINT('',#5214);
#5214 = CARTESIAN_POINT('',(-30.8,17.,22.));
#5215 = VERTEX_POINT('',#5216);
#5216 = CARTESIAN_POINT('',(-27.2,17.,22.));
#5217 = SURFACE_CURVE('',#5218,(#5223,#5234),.PCURVE_S1.);
#5218 = CIRCLE('',#5219,1.8);
#5219 = AXIS2_PLACEMENT_3D('',#5220,#5221,#5222);
#5220 = CARTESIAN_POINT('',(-29.,17.,22.));
#5221 = DIRECTION('',(-3.3E-16,1.,0.));
#5222 = DIRECTION('',(1.,3.3E-16,-1.1E-16));
#5223 = PCURVE('',#3655,#5224);
#5224 = DEFINITIONAL_REPRESENTATION('',(#5225),#5233);
#5225 = ( BOUNDED_CURVE() B_SPLINE_CURVE(2,(#5226,#5227,#5228,#5229,
#5230,#5231,#5232),.UNSPECIFIED.,.T.,.F.) B_SPLINE_CURVE_WITH_KNOTS((1,2
    ,2,2,2,1),(-2.094395102393,0.,2.094395102393,4.188790204786,
6.28318530718,8.377580409573),.UNSPECIFIED.) CURVE() 
GEOMETRIC_REPRESENTATION_ITEM() RATIONAL_B_SPLINE_CURVE((1.,0.5,1.,0.5,
1.,0.5,1.)) REPRESENTATION_ITEM('') );
#5226 = CARTESIAN_POINT('',(11.3,19.));
#5227 = CARTESIAN_POINT('',(11.3,15.882308546376));
#5228 = CARTESIAN_POINT('',(8.6,17.441154273188));
#5229 = CARTESIAN_POINT('',(5.9,19.));
#5230 = CARTESIAN_POINT('',(8.6,20.558845726812));
#5231 = CARTESIAN_POINT('',(11.3,22.117691453624));
#5232 = CARTESIAN_POINT('',(11.3,19.));
#5233 = ( GEOMETRIC_REPRESENTATION_CONTEXT(2) 
PARAMETRIC_REPRESENTATION_CONTEXT() REPRESENTATION_CONTEXT('2D SPACE',''
  ) );
#5234 = PCURVE('',#5235,#5240);
#5235 = CYLINDRICAL_SURFACE('',#5236,1.8);
#5236 = AXIS2_PLACEMENT_3D('',#5237,#5238,#5239);
#5237 = CARTESIAN_POINT('',(-29.,18.,22.));
#5238 = DIRECTION('',(0.,1.,0.));
#5239 = DIRECTION('',(1.,0.,-1.1E-16));
#5240 = DEFINITIONAL_REPRESENTATION('',(#5241),#5245);
#5241 = LINE('',#5242,#5243);
#5242 = CARTESIAN_POINT('',(0.,-1.));
#5243 = VECTOR('',#5244,1.);
#5244 = DIRECTION('',(1.,0.));
#5245 = ( GEOMETRIC_REPRESENTATION_CONTEXT(2) 
PARAMETRIC_REPRESENTATION_CONTEXT() REPRESENTATION_CONTEXT('2D SPACE',''
  ) );
#5246 = ORIENTED_EDGE('',*,*,#5247,.T.);
#5247 = EDGE_CURVE('',#5215,#5213,#5248,.T.);
#5248 = SURFACE_CURVE('',#5249,(#5254,#5265),.PCURVE_S1.);
#5249 = CIRCLE('',#5250,1.8);
#5250 = AXIS2_PLACEMENT_3D('',#5251,#5252,#5253);
#5251 = CARTESIAN_POINT('',(-29.,17.,22.));
#5252 = DIRECTION('',(-3.3E-16,1.,0.));
#5253 = DIRECTION('',(1.,3.3E-16,-1.1E-16));
#5254 = PCURVE('',#3655,#5255);
#5255 = DEFINITIONAL_REPRESENTATION('',(#5256),#5264);
#5256 = ( BOUNDED_CURVE() B_SPLINE_CURVE(2,(#5257,#5258,#5259,#5260,
#5261,#5262,#5263),.UNSPECIFIED.,.T.,.F.) B_SPLINE_CURVE_WITH_KNOTS((1,2
    ,2,2,2,1),(-2.094395102393,0.,2.094395102393,4.188790204786,
6.28318530718,8.377580409573),.UNSPECIFIED.) CURVE() 
GEOMETRIC_REPRESENTATION_ITEM() RATIONAL_B_SPLINE_CURVE((1.,0.5,1.,0.5,
1.,0.5,1.)) REPRESENTATION_ITEM('') );
#5257 = CARTESIAN_POINT('',(11.3,19.));
#5258 = CARTESIAN_POINT('',(11.3,15.882308546376));
#5259 = CARTESIAN_POINT('',(8.6,17.441154273188));
#5260 = CARTESIAN_POINT('',(5.9,19.));
#5261 = CARTESIAN_POINT('',(8.6,20.558845726812));
#5262 = CARTESIAN_POINT('',(11.3,22.117691453624));
#5263 = CARTESIAN_POINT('',(11.3,19.));
#5264 = ( GEOMETRIC_REPRESENTATION_CONTEXT(2) 
PARAMETRIC_REPRESENTATION_CONTEXT() REPRESENTATION_CONTEXT('2D SPACE',''
  ) );
#5265 = PCURVE('',#5235,#5266);
#5266 = DEFINITIONAL_REPRESENTATION('',(#5267),#5271);
#5267 = LINE('',#5268,#5269);
#5268 = CARTESIAN_POINT('',(-6.28318530718,-1.));
#5269 = VECTOR('',#5270,1.);
#5270 = DIRECTION('',(1.,0.));
#5271 = ( GEOMETRIC_REPRESENTATION_CONTEXT(2) 
PARAMETRIC_REPRESENTATION_CONTEXT() REPRESENTATION_CONTEXT('2D SPACE',''
  ) );
#5272 = ADVANCED_FACE('',(#5273),#2183,.T.);
#5273 = FACE_BOUND('',#5274,.T.);
#5274 = EDGE_LOOP('',(#5275,#5276,#5297,#5298,#5319));
#5275 = ORIENTED_EDGE('',*,*,#4478,.F.);
#5276 = ORIENTED_EDGE('',*,*,#5277,.F.);
#5277 = EDGE_CURVE('',#2168,#4479,#5278,.T.);
#5278 = SURFACE_CURVE('',#5279,(#5283,#5290),.PCURVE_S1.);
#5279 = LINE('',#5280,#5281);
#5280 = CARTESIAN_POINT('',(-38.5,17.,43.));
#5281 = VECTOR('',#5282,1.);
#5282 = DIRECTION('',(1.9E-16,-1.,0.));
#5283 = PCURVE('',#2183,#5284);
#5284 = DEFINITIONAL_REPRESENTATION('',(#5285),#5289);
#5285 = LINE('',#5286,#5287);
#5286 = CARTESIAN_POINT('',(23.,40.));
#5287 = VECTOR('',#5288,1.);
#5288 = DIRECTION('',(1.,0.));
#5289 = ( GEOMETRIC_REPRESENTATION_CONTEXT(2) 
PARAMETRIC_REPRESENTATION_CONTEXT() REPRESENTATION_CONTEXT('2D SPACE',''
  ) );
#5290 = PCURVE('',#2211,#5291);
#5291 = DEFINITIONAL_REPRESENTATION('',(#5292),#5296);
#5292 = LINE('',#5293,#5294);
#5293 = CARTESIAN_POINT('',(-32.99736842105,-8.497368421053));
#5294 = VECTOR('',#5295,1.);
#5295 = DIRECTION('',(1.9E-16,-1.));
#5296 = ( GEOMETRIC_REPRESENTATION_CONTEXT(2) 
PARAMETRIC_REPRESENTATION_CONTEXT() REPRESENTATION_CONTEXT('2D SPACE',''
  ) );
#5297 = ORIENTED_EDGE('',*,*,#2167,.T.);
#5298 = ORIENTED_EDGE('',*,*,#5299,.T.);
#5299 = EDGE_CURVE('',#2139,#5050,#5300,.T.);
#5300 = SURFACE_CURVE('',#5301,(#5305,#5312),.PCURVE_S1.);
#5301 = LINE('',#5302,#5303);
#5302 = CARTESIAN_POINT('',(-38.5,33.,33.660254037844));
#5303 = VECTOR('',#5304,1.);
#5304 = DIRECTION('',(0.,-1.,0.));
#5305 = PCURVE('',#2183,#5306);
#5306 = DEFINITIONAL_REPRESENTATION('',(#5307),#5311);
#5307 = LINE('',#5308,#5309);
#5308 = CARTESIAN_POINT('',(7.,30.660254037844));
#5309 = VECTOR('',#5310,1.);
#5310 = DIRECTION('',(1.,0.));
#5311 = ( GEOMETRIC_REPRESENTATION_CONTEXT(2) 
PARAMETRIC_REPRESENTATION_CONTEXT() REPRESENTATION_CONTEXT('2D SPACE',''
  ) );
#5312 = PCURVE('',#2155,#5313);
#5313 = DEFINITIONAL_REPRESENTATION('',(#5314),#5318);
#5314 = LINE('',#5315,#5316);
#5315 = CARTESIAN_POINT('',(0.666946344504,0.));
#5316 = VECTOR('',#5317,1.);
#5317 = DIRECTION('',(0.,1.));
#5318 = ( GEOMETRIC_REPRESENTATION_CONTEXT(2) 
PARAMETRIC_REPRESENTATION_CONTEXT() REPRESENTATION_CONTEXT('2D SPACE',''
  ) );
#5319 = ORIENTED_EDGE('',*,*,#5049,.T.);
#5320 = ADVANCED_FACE('',(#5321),#2211,.T.);
#5321 = FACE_BOUND('',#5322,.T.);
#5322 = EDGE_LOOP('',(#5323,#5324,#5325,#5326,#5349,#5372,#5395,#5419,
    #5440,#5441));
#5323 = ORIENTED_EDGE('',*,*,#4565,.F.);
#5324 = ORIENTED_EDGE('',*,*,#4635,.F.);
#5325 = ORIENTED_EDGE('',*,*,#4454,.F.);
#5326 = ORIENTED_EDGE('',*,*,#5327,.F.);
#5327 = EDGE_CURVE('',#5328,#4404,#5330,.T.);
#5328 = VERTEX_POINT('',#5329);
#5329 = CARTESIAN_POINT('',(21.75,22.,43.));
#5330 = SURFACE_CURVE('',#5331,(#5335,#5342),.PCURVE_S1.);
#5331 = LINE('',#5332,#5333);
#5332 = CARTESIAN_POINT('',(21.75,17.748684210526,43.));
#5333 = VECTOR('',#5334,1.);
#5334 = DIRECTION('',(-3.E-16,-1.,0.));
#5335 = PCURVE('',#2211,#5336);
#5336 = DEFINITIONAL_REPRESENTATION('',(#5337),#5341);
#5337 = LINE('',#5338,#5339);
#5338 = CARTESIAN_POINT('',(27.252631578947,-7.748684210526));
#5339 = VECTOR('',#5340,1.);
#5340 = DIRECTION('',(-3.E-16,-1.));
#5341 = ( GEOMETRIC_REPRESENTATION_CONTEXT(2) 
PARAMETRIC_REPRESENTATION_CONTEXT() REPRESENTATION_CONTEXT('2D SPACE',''
  ) );
#5342 = PCURVE('',#4956,#5343);
#5343 = DEFINITIONAL_REPRESENTATION('',(#5344),#5348);
#5344 = LINE('',#5345,#5346);
#5345 = CARTESIAN_POINT('',(-0.785398163397,0.));
#5346 = VECTOR('',#5347,1.);
#5347 = DIRECTION('',(0.,-1.));
#5348 = ( GEOMETRIC_REPRESENTATION_CONTEXT(2) 
PARAMETRIC_REPRESENTATION_CONTEXT() REPRESENTATION_CONTEXT('2D SPACE',''
  ) );
#5349 = ORIENTED_EDGE('',*,*,#5350,.T.);
#5350 = EDGE_CURVE('',#5328,#5351,#5353,.T.);
#5351 = VERTEX_POINT('',#5352);
#5352 = CARTESIAN_POINT('',(-33.,22.,43.));
#5353 = SURFACE_CURVE('',#5354,(#5358,#5365),.PCURVE_S1.);
#5354 = LINE('',#5355,#5356);
#5355 = CARTESIAN_POINT('',(-4.005103668262,22.,43.));
#5356 = VECTOR('',#5357,1.);
#5357 = DIRECTION('',(-1.,0.,0.));
#5358 = PCURVE('',#2211,#5359);
#5359 = DEFINITIONAL_REPRESENTATION('',(#5360),#5364);
#5360 = LINE('',#5361,#5362);
#5361 = CARTESIAN_POINT('',(1.497527910686,-3.497368421053));
#5362 = VECTOR('',#5363,1.);
#5363 = DIRECTION('',(-1.,0.));
#5364 = ( GEOMETRIC_REPRESENTATION_CONTEXT(2) 
PARAMETRIC_REPRESENTATION_CONTEXT() REPRESENTATION_CONTEXT('2D SPACE',''
  ) );
#5365 = PCURVE('',#2515,#5366);
#5366 = DEFINITIONAL_REPRESENTATION('',(#5367),#5371);
#5367 = LINE('',#5368,#5369);
#5368 = CARTESIAN_POINT('',(-18.78787878787,-1.497527910686));
#5369 = VECTOR('',#5370,1.);
#5370 = DIRECTION('',(0.,-1.));
#5371 = ( GEOMETRIC_REPRESENTATION_CONTEXT(2) 
PARAMETRIC_REPRESENTATION_CONTEXT() REPRESENTATION_CONTEXT('2D SPACE',''
  ) );
#5372 = ORIENTED_EDGE('',*,*,#5373,.T.);
#5373 = EDGE_CURVE('',#5351,#5374,#5376,.T.);
#5374 = VERTEX_POINT('',#5375);
#5375 = CARTESIAN_POINT('',(-33.,40.,43.));
#5376 = SURFACE_CURVE('',#5377,(#5381,#5388),.PCURVE_S1.);
#5377 = LINE('',#5378,#5379);
#5378 = CARTESIAN_POINT('',(-33.,32.748684210526,43.));
#5379 = VECTOR('',#5380,1.);
#5380 = DIRECTION('',(0.,1.,0.));
#5381 = PCURVE('',#2211,#5382);
#5382 = DEFINITIONAL_REPRESENTATION('',(#5383),#5387);
#5383 = LINE('',#5384,#5385);
#5384 = CARTESIAN_POINT('',(-27.49736842105,7.251315789474));
#5385 = VECTOR('',#5386,1.);
#5386 = DIRECTION('',(0.,1.));
#5387 = ( GEOMETRIC_REPRESENTATION_CONTEXT(2) 
PARAMETRIC_REPRESENTATION_CONTEXT() REPRESENTATION_CONTEXT('2D SPACE',''
  ) );
#5388 = PCURVE('',#3780,#5389);
#5389 = DEFINITIONAL_REPRESENTATION('',(#5390),#5394);
#5390 = LINE('',#5391,#5392);
#5391 = CARTESIAN_POINT('',(2.424242424242,7.251315789474));
#5392 = VECTOR('',#5393,1.);
#5393 = DIRECTION('',(0.,-1.));
#5394 = ( GEOMETRIC_REPRESENTATION_CONTEXT(2) 
PARAMETRIC_REPRESENTATION_CONTEXT() REPRESENTATION_CONTEXT('2D SPACE',''
  ) );
#5395 = ORIENTED_EDGE('',*,*,#5396,.F.);
#5396 = EDGE_CURVE('',#5397,#5374,#5399,.T.);
#5397 = VERTEX_POINT('',#5398);
#5398 = CARTESIAN_POINT('',(-36.,45.,43.));
#5399 = SURFACE_CURVE('',#5400,(#5405,#5412),.PCURVE_S1.);
#5400 = CIRCLE('',#5401,11.75);
#5401 = AXIS2_PLACEMENT_3D('',#5402,#5403,#5404);
#5402 = CARTESIAN_POINT('',(-24.739541808,48.356274915196,43.));
#5403 = DIRECTION('',(0.,0.,1.));
#5404 = DIRECTION('',(-0.703017718468,-0.711172333208,0.));
#5405 = PCURVE('',#2211,#5406);
#5406 = DEFINITIONAL_REPRESENTATION('',(#5407),#5411);
#5407 = CIRCLE('',#5408,11.75);
#5408 = AXIS2_PLACEMENT_2D('',#5409,#5410);
#5409 = CARTESIAN_POINT('',(-19.23691022905,22.858906494143));
#5410 = DIRECTION('',(-0.703017718468,-0.711172333208));
#5411 = ( GEOMETRIC_REPRESENTATION_CONTEXT(2) 
PARAMETRIC_REPRESENTATION_CONTEXT() REPRESENTATION_CONTEXT('2D SPACE',''
  ) );
#5412 = PCURVE('',#3752,#5413);
#5413 = DEFINITIONAL_REPRESENTATION('',(#5414),#5418);
#5414 = LINE('',#5415,#5416);
#5415 = CARTESIAN_POINT('',(6.28318530718,-18.78787878787));
#5416 = VECTOR('',#5417,1.);
#5417 = DIRECTION('',(-1.,0.));
#5418 = ( GEOMETRIC_REPRESENTATION_CONTEXT(2) 
PARAMETRIC_REPRESENTATION_CONTEXT() REPRESENTATION_CONTEXT('2D SPACE',''
  ) );
#5419 = ORIENTED_EDGE('',*,*,#5420,.T.);
#5420 = EDGE_CURVE('',#5397,#2196,#5421,.T.);
#5421 = SURFACE_CURVE('',#5422,(#5426,#5433),.PCURVE_S1.);
#5422 = LINE('',#5423,#5424);
#5423 = CARTESIAN_POINT('',(-36.,29.248684210526,43.));
#5424 = VECTOR('',#5425,1.);
#5425 = DIRECTION('',(0.,-1.,0.));
#5426 = PCURVE('',#2211,#5427);
#5427 = DEFINITIONAL_REPRESENTATION('',(#5428),#5432);
#5428 = LINE('',#5429,#5430);
#5429 = CARTESIAN_POINT('',(-30.49736842105,3.751315789474));
#5430 = VECTOR('',#5431,1.);
#5431 = DIRECTION('',(0.,-1.));
#5432 = ( GEOMETRIC_REPRESENTATION_CONTEXT(2) 
PARAMETRIC_REPRESENTATION_CONTEXT() REPRESENTATION_CONTEXT('2D SPACE',''
  ) );
#5433 = PCURVE('',#400,#5434);
#5434 = DEFINITIONAL_REPRESENTATION('',(#5435),#5439);
#5435 = LINE('',#5436,#5437);
#5436 = CARTESIAN_POINT('',(-3.751315789474,40.));
#5437 = VECTOR('',#5438,1.);
#5438 = DIRECTION('',(-1.,0.));
#5439 = ( GEOMETRIC_REPRESENTATION_CONTEXT(2) 
PARAMETRIC_REPRESENTATION_CONTEXT() REPRESENTATION_CONTEXT('2D SPACE',''
  ) );
#5440 = ORIENTED_EDGE('',*,*,#2195,.T.);
#5441 = ORIENTED_EDGE('',*,*,#5277,.T.);
#5442 = ADVANCED_FACE('',(#5443),#4956,.T.);
#5443 = FACE_BOUND('',#5444,.T.);
#5444 = EDGE_LOOP('',(#5445,#5446,#5469,#5491));
#5445 = ORIENTED_EDGE('',*,*,#4919,.F.);
#5446 = ORIENTED_EDGE('',*,*,#5447,.T.);
#5447 = EDGE_CURVE('',#4774,#5448,#5450,.T.);
#5448 = VERTEX_POINT('',#5449);
#5449 = CARTESIAN_POINT('',(26.5,22.,38.25));
#5450 = SURFACE_CURVE('',#5451,(#5455,#5462),.PCURVE_S1.);
#5451 = LINE('',#5452,#5453);
#5452 = CARTESIAN_POINT('',(26.5,17.748684210526,38.25));
#5453 = VECTOR('',#5454,1.);
#5454 = DIRECTION('',(3.E-16,1.,0.));
#5455 = PCURVE('',#4956,#5456);
#5456 = DEFINITIONAL_REPRESENTATION('',(#5457),#5461);
#5457 = LINE('',#5458,#5459);
#5458 = CARTESIAN_POINT('',(0.785398163397,0.));
#5459 = VECTOR('',#5460,1.);
#5460 = DIRECTION('',(0.,1.));
#5461 = ( GEOMETRIC_REPRESENTATION_CONTEXT(2) 
PARAMETRIC_REPRESENTATION_CONTEXT() REPRESENTATION_CONTEXT('2D SPACE',''
  ) );
#5462 = PCURVE('',#4789,#5463);
#5463 = DEFINITIONAL_REPRESENTATION('',(#5464),#5468);
#5464 = LINE('',#5465,#5466);
#5465 = CARTESIAN_POINT('',(7.748684210526,35.25));
#5466 = VECTOR('',#5467,1.);
#5467 = DIRECTION('',(1.,0.));
#5468 = ( GEOMETRIC_REPRESENTATION_CONTEXT(2) 
PARAMETRIC_REPRESENTATION_CONTEXT() REPRESENTATION_CONTEXT('2D SPACE',''
  ) );
#5469 = ORIENTED_EDGE('',*,*,#5470,.T.);
#5470 = EDGE_CURVE('',#5448,#5328,#5471,.T.);
#5471 = SURFACE_CURVE('',#5472,(#5477,#5484),.PCURVE_S1.);
#5472 = CIRCLE('',#5473,4.75);
#5473 = AXIS2_PLACEMENT_3D('',#5474,#5475,#5476);
#5474 = CARTESIAN_POINT('',(21.75,22.,38.25));
#5475 = DIRECTION('',(0.,-1.,0.));
#5476 = DIRECTION('',(0.707106781187,0.,0.707106781187));
#5477 = PCURVE('',#4956,#5478);
#5478 = DEFINITIONAL_REPRESENTATION('',(#5479),#5483);
#5479 = LINE('',#5480,#5481);
#5480 = CARTESIAN_POINT('',(6.28318530718,4.251315789474));
#5481 = VECTOR('',#5482,1.);
#5482 = DIRECTION('',(-1.,0.));
#5483 = ( GEOMETRIC_REPRESENTATION_CONTEXT(2) 
PARAMETRIC_REPRESENTATION_CONTEXT() REPRESENTATION_CONTEXT('2D SPACE',''
  ) );
#5484 = PCURVE('',#2515,#5485);
#5485 = DEFINITIONAL_REPRESENTATION('',(#5486),#5490);
#5486 = CIRCLE('',#5487,4.75);
#5487 = AXIS2_PLACEMENT_2D('',#5488,#5489);
#5488 = CARTESIAN_POINT('',(-14.03787878787,24.257575757576));
#5489 = DIRECTION('',(-0.707106781187,0.707106781187));
#5490 = ( GEOMETRIC_REPRESENTATION_CONTEXT(2) 
PARAMETRIC_REPRESENTATION_CONTEXT() REPRESENTATION_CONTEXT('2D SPACE',''
  ) );
#5491 = ORIENTED_EDGE('',*,*,#5327,.T.);
#5492 = ADVANCED_FACE('',(#5493),#4789,.T.);
#5493 = FACE_BOUND('',#5494,.T.);
#5494 = EDGE_LOOP('',(#5495,#5496,#5519,#5540));
#5495 = ORIENTED_EDGE('',*,*,#4773,.F.);
#5496 = ORIENTED_EDGE('',*,*,#5497,.F.);
#5497 = EDGE_CURVE('',#5498,#4745,#5500,.T.);
#5498 = VERTEX_POINT('',#5499);
#5499 = CARTESIAN_POINT('',(26.5,22.,7.75));
#5500 = SURFACE_CURVE('',#5501,(#5505,#5512),.PCURVE_S1.);
#5501 = LINE('',#5502,#5503);
#5502 = CARTESIAN_POINT('',(26.5,5.,7.75));
#5503 = VECTOR('',#5504,1.);
#5504 = DIRECTION('',(-3.E-16,-1.,0.));
#5505 = PCURVE('',#4789,#5506);
#5506 = DEFINITIONAL_REPRESENTATION('',(#5507),#5511);
#5507 = LINE('',#5508,#5509);
#5508 = CARTESIAN_POINT('',(-5.,4.75));
#5509 = VECTOR('',#5510,1.);
#5510 = DIRECTION('',(-1.,0.));
#5511 = ( GEOMETRIC_REPRESENTATION_CONTEXT(2) 
PARAMETRIC_REPRESENTATION_CONTEXT() REPRESENTATION_CONTEXT('2D SPACE',''
  ) );
#5512 = PCURVE('',#2543,#5513);
#5513 = DEFINITIONAL_REPRESENTATION('',(#5514),#5518);
#5514 = LINE('',#5515,#5516);
#5515 = CARTESIAN_POINT('',(5.497787143782,0.));
#5516 = VECTOR('',#5517,1.);
#5517 = DIRECTION('',(0.,1.));
#5518 = ( GEOMETRIC_REPRESENTATION_CONTEXT(2) 
PARAMETRIC_REPRESENTATION_CONTEXT() REPRESENTATION_CONTEXT('2D SPACE',''
  ) );
#5519 = ORIENTED_EDGE('',*,*,#5520,.T.);
#5520 = EDGE_CURVE('',#5498,#5448,#5521,.T.);
#5521 = SURFACE_CURVE('',#5522,(#5526,#5533),.PCURVE_S1.);
#5522 = LINE('',#5523,#5524);
#5523 = CARTESIAN_POINT('',(26.5,22.,13.606060606061));
#5524 = VECTOR('',#5525,1.);
#5525 = DIRECTION('',(0.,0.,1.));
#5526 = PCURVE('',#4789,#5527);
#5527 = DEFINITIONAL_REPRESENTATION('',(#5528),#5532);
#5528 = LINE('',#5529,#5530);
#5529 = CARTESIAN_POINT('',(12.,10.606060606061));
#5530 = VECTOR('',#5531,1.);
#5531 = DIRECTION('',(0.,1.));
#5532 = ( GEOMETRIC_REPRESENTATION_CONTEXT(2) 
PARAMETRIC_REPRESENTATION_CONTEXT() REPRESENTATION_CONTEXT('2D SPACE',''
  ) );
#5533 = PCURVE('',#2515,#5534);
#5534 = DEFINITIONAL_REPRESENTATION('',(#5535),#5539);
#5535 = LINE('',#5536,#5537);
#5536 = CARTESIAN_POINT('',(10.606060606061,29.007575757576));
#5537 = VECTOR('',#5538,1.);
#5538 = DIRECTION('',(-1.,0.));
#5539 = ( GEOMETRIC_REPRESENTATION_CONTEXT(2) 
PARAMETRIC_REPRESENTATION_CONTEXT() REPRESENTATION_CONTEXT('2D SPACE',''
  ) );
#5540 = ORIENTED_EDGE('',*,*,#5447,.F.);
#5541 = ADVANCED_FACE('',(#5542),#2543,.F.);
#5542 = FACE_BOUND('',#5543,.F.);
#5543 = EDGE_LOOP('',(#5544,#5545,#5571,#5572));
#5544 = ORIENTED_EDGE('',*,*,#5497,.F.);
#5545 = ORIENTED_EDGE('',*,*,#5546,.F.);
#5546 = EDGE_CURVE('',#2500,#5498,#5547,.T.);
#5547 = SURFACE_CURVE('',#5548,(#5553,#5560),.PCURVE_S1.);
#5548 = CIRCLE('',#5549,4.75);
#5549 = AXIS2_PLACEMENT_3D('',#5550,#5551,#5552);
#5550 = CARTESIAN_POINT('',(31.25,22.,7.75));
#5551 = DIRECTION('',(0.,1.,0.));
#5552 = DIRECTION('',(-0.707106781187,0.,-0.707106781187));
#5553 = PCURVE('',#2543,#5554);
#5554 = DEFINITIONAL_REPRESENTATION('',(#5555),#5559);
#5555 = LINE('',#5556,#5557);
#5556 = CARTESIAN_POINT('',(12.566370614359,-17.));
#5557 = VECTOR('',#5558,1.);
#5558 = DIRECTION('',(-1.,0.));
#5559 = ( GEOMETRIC_REPRESENTATION_CONTEXT(2) 
PARAMETRIC_REPRESENTATION_CONTEXT() REPRESENTATION_CONTEXT('2D SPACE',''
  ) );
#5560 = PCURVE('',#2515,#5561);
#5561 = DEFINITIONAL_REPRESENTATION('',(#5562),#5570);
#5562 = ( BOUNDED_CURVE() B_SPLINE_CURVE(2,(#5563,#5564,#5565,#5566,
#5567,#5568,#5569),.UNSPECIFIED.,.T.,.F.) B_SPLINE_CURVE_WITH_KNOTS((1,2
    ,2,2,2,1),(-2.094395102393,0.,2.094395102393,4.188790204786,
6.28318530718,8.377580409573),.UNSPECIFIED.) CURVE() 
GEOMETRIC_REPRESENTATION_ITEM() RATIONAL_B_SPLINE_CURVE((1.,0.5,1.,0.5,
1.,0.5,1.)) REPRESENTATION_ITEM('') );
#5563 = CARTESIAN_POINT('',(19.820878422757,30.39881854694));
#5564 = CARTESIAN_POINT('',(14.003340283647,24.58128040783));
#5565 = CARTESIAN_POINT('',(11.873973537248,32.528185293339));
#5566 = CARTESIAN_POINT('',(9.744606790849,40.475090178848));
#5567 = CARTESIAN_POINT('',(17.691511676358,38.345723432449));
#5568 = CARTESIAN_POINT('',(25.638416561867,36.21635668605));
#5569 = CARTESIAN_POINT('',(19.820878422757,30.39881854694));
#5570 = ( GEOMETRIC_REPRESENTATION_CONTEXT(2) 
PARAMETRIC_REPRESENTATION_CONTEXT() REPRESENTATION_CONTEXT('2D SPACE',''
  ) );
#5571 = ORIENTED_EDGE('',*,*,#2527,.F.);
#5572 = ORIENTED_EDGE('',*,*,#4870,.T.);
#5573 = ADVANCED_FACE('',(#5574,#5630,#5661,#5687,#5713),#2515,.F.);
#5574 = FACE_BOUND('',#5575,.T.);
#5575 = EDGE_LOOP('',(#5576,#5577,#5578,#5579,#5580,#5581,#5582,#5583,
    #5604,#5605,#5606,#5607,#5608,#5629));
#5576 = ORIENTED_EDGE('',*,*,#5470,.F.);
#5577 = ORIENTED_EDGE('',*,*,#5520,.F.);
#5578 = ORIENTED_EDGE('',*,*,#5546,.F.);
#5579 = ORIENTED_EDGE('',*,*,#2499,.F.);
#5580 = ORIENTED_EDGE('',*,*,#4293,.F.);
#5581 = ORIENTED_EDGE('',*,*,#3964,.T.);
#5582 = ORIENTED_EDGE('',*,*,#3934,.F.);
#5583 = ORIENTED_EDGE('',*,*,#5584,.T.);
#5584 = EDGE_CURVE('',#3850,#4035,#5585,.T.);
#5585 = SURFACE_CURVE('',#5586,(#5590,#5597),.PCURVE_S1.);
#5586 = LINE('',#5587,#5588);
#5587 = CARTESIAN_POINT('',(6.746212121212,22.,38.));
#5588 = VECTOR('',#5589,1.);
#5589 = DIRECTION('',(-1.,0.,2.5E-16));
#5590 = PCURVE('',#2515,#5591);
#5591 = DEFINITIONAL_REPRESENTATION('',(#5592),#5596);
#5592 = LINE('',#5593,#5594);
#5593 = CARTESIAN_POINT('',(-13.78787878787,9.253787878788));
#5594 = VECTOR('',#5595,1.);
#5595 = DIRECTION('',(-2.5E-16,-1.));
#5596 = ( GEOMETRIC_REPRESENTATION_CONTEXT(2) 
PARAMETRIC_REPRESENTATION_CONTEXT() REPRESENTATION_CONTEXT('2D SPACE',''
  ) );
#5597 = PCURVE('',#3870,#5598);
#5598 = DEFINITIONAL_REPRESENTATION('',(#5599),#5603);
#5599 = LINE('',#5600,#5601);
#5600 = CARTESIAN_POINT('',(9.253787878788,0.));
#5601 = VECTOR('',#5602,1.);
#5602 = DIRECTION('',(1.,0.));
#5603 = ( GEOMETRIC_REPRESENTATION_CONTEXT(2) 
PARAMETRIC_REPRESENTATION_CONTEXT() REPRESENTATION_CONTEXT('2D SPACE',''
  ) );
#5604 = ORIENTED_EDGE('',*,*,#4064,.F.);
#5605 = ORIENTED_EDGE('',*,*,#4192,.T.);
#5606 = ORIENTED_EDGE('',*,*,#4240,.F.);
#5607 = ORIENTED_EDGE('',*,*,#3792,.F.);
#5608 = ORIENTED_EDGE('',*,*,#5609,.F.);
#5609 = EDGE_CURVE('',#5351,#3765,#5610,.T.);
#5610 = SURFACE_CURVE('',#5611,(#5615,#5622),.PCURVE_S1.);
#5611 = LINE('',#5612,#5613);
#5612 = CARTESIAN_POINT('',(-33.,22.,45.424242424242));
#5613 = VECTOR('',#5614,1.);
#5614 = DIRECTION('',(-3.2E-16,0.,-1.));
#5615 = PCURVE('',#2515,#5616);
#5616 = DEFINITIONAL_REPRESENTATION('',(#5617),#5621);
#5617 = LINE('',#5618,#5619);
#5618 = CARTESIAN_POINT('',(-21.21212121212,-30.49242424242));
#5619 = VECTOR('',#5620,1.);
#5620 = DIRECTION('',(1.,-3.2E-16));
#5621 = ( GEOMETRIC_REPRESENTATION_CONTEXT(2) 
PARAMETRIC_REPRESENTATION_CONTEXT() REPRESENTATION_CONTEXT('2D SPACE',''
  ) );
#5622 = PCURVE('',#3780,#5623);
#5623 = DEFINITIONAL_REPRESENTATION('',(#5624),#5628);
#5624 = LINE('',#5625,#5626);
#5625 = CARTESIAN_POINT('',(-0.,18.));
#5626 = VECTOR('',#5627,1.);
#5627 = DIRECTION('',(1.,0.));
#5628 = ( GEOMETRIC_REPRESENTATION_CONTEXT(2) 
PARAMETRIC_REPRESENTATION_CONTEXT() REPRESENTATION_CONTEXT('2D SPACE',''
  ) );
#5629 = ORIENTED_EDGE('',*,*,#5350,.F.);
#5630 = FACE_BOUND('',#5631,.T.);
#5631 = EDGE_LOOP('',(#5632));
#5632 = ORIENTED_EDGE('',*,*,#5633,.T.);
#5633 = EDGE_CURVE('',#5634,#5634,#5636,.T.);
#5634 = VERTEX_POINT('',#5635);
#5635 = CARTESIAN_POINT('',(21.3,22.,32.));
#5636 = SURFACE_CURVE('',#5637,(#5642,#5649),.PCURVE_S1.);
#5637 = CIRCLE('',#5638,1.8);
#5638 = AXIS2_PLACEMENT_3D('',#5639,#5640,#5641);
#5639 = CARTESIAN_POINT('',(19.5,22.,32.));
#5640 = DIRECTION('',(0.,-1.,0.));
#5641 = DIRECTION('',(1.,0.,-1.1E-16));
#5642 = PCURVE('',#2515,#5643);
#5643 = DEFINITIONAL_REPRESENTATION('',(#5644),#5648);
#5644 = CIRCLE('',#5645,1.8);
#5645 = AXIS2_PLACEMENT_2D('',#5646,#5647);
#5646 = CARTESIAN_POINT('',(-7.787878787879,22.007575757576));
#5647 = DIRECTION('',(1.1E-16,1.));
#5648 = ( GEOMETRIC_REPRESENTATION_CONTEXT(2) 
PARAMETRIC_REPRESENTATION_CONTEXT() REPRESENTATION_CONTEXT('2D SPACE',''
  ) );
#5649 = PCURVE('',#5650,#5655);
#5650 = CYLINDRICAL_SURFACE('',#5651,1.8);
#5651 = AXIS2_PLACEMENT_3D('',#5652,#5653,#5654);
#5652 = CARTESIAN_POINT('',(19.5,18.,32.));
#5653 = DIRECTION('',(0.,1.,0.));
#5654 = DIRECTION('',(1.,0.,-1.1E-16));
#5655 = DEFINITIONAL_REPRESENTATION('',(#5656),#5660);
#5656 = LINE('',#5657,#5658);
#5657 = CARTESIAN_POINT('',(6.28318530718,4.));
#5658 = VECTOR('',#5659,1.);
#5659 = DIRECTION('',(-1.,0.));
#5660 = ( GEOMETRIC_REPRESENTATION_CONTEXT(2) 
PARAMETRIC_REPRESENTATION_CONTEXT() REPRESENTATION_CONTEXT('2D SPACE',''
  ) );
#5661 = FACE_BOUND('',#5662,.T.);
#5662 = EDGE_LOOP('',(#5663));
#5663 = ORIENTED_EDGE('',*,*,#5664,.T.);
#5664 = EDGE_CURVE('',#5665,#5665,#5667,.T.);
#5665 = VERTEX_POINT('',#5666);
#5666 = CARTESIAN_POINT('',(-27.2,22.,32.));
#5667 = SURFACE_CURVE('',#5668,(#5673,#5680),.PCURVE_S1.);
#5668 = CIRCLE('',#5669,1.8);
#5669 = AXIS2_PLACEMENT_3D('',#5670,#5671,#5672);
#5670 = CARTESIAN_POINT('',(-29.,22.,32.));
#5671 = DIRECTION('',(0.,-1.,0.));
#5672 = DIRECTION('',(1.,0.,-1.1E-16));
#5673 = PCURVE('',#2515,#5674);
#5674 = DEFINITIONAL_REPRESENTATION('',(#5675),#5679);
#5675 = CIRCLE('',#5676,1.8);
#5676 = AXIS2_PLACEMENT_2D('',#5677,#5678);
#5677 = CARTESIAN_POINT('',(-7.787878787879,-26.49242424242));
#5678 = DIRECTION('',(1.1E-16,1.));
#5679 = ( GEOMETRIC_REPRESENTATION_CONTEXT(2) 
PARAMETRIC_REPRESENTATION_CONTEXT() REPRESENTATION_CONTEXT('2D SPACE',''
  ) );
#5680 = PCURVE('',#5172,#5681);
#5681 = DEFINITIONAL_REPRESENTATION('',(#5682),#5686);
#5682 = LINE('',#5683,#5684);
#5683 = CARTESIAN_POINT('',(6.28318530718,4.));
#5684 = VECTOR('',#5685,1.);
#5685 = DIRECTION('',(-1.,0.));
#5686 = ( GEOMETRIC_REPRESENTATION_CONTEXT(2) 
PARAMETRIC_REPRESENTATION_CONTEXT() REPRESENTATION_CONTEXT('2D SPACE',''
  ) );
#5687 = FACE_BOUND('',#5688,.T.);
#5688 = EDGE_LOOP('',(#5689));
#5689 = ORIENTED_EDGE('',*,*,#5690,.T.);
#5690 = EDGE_CURVE('',#5691,#5691,#5693,.T.);
#5691 = VERTEX_POINT('',#5692);
#5692 = CARTESIAN_POINT('',(-27.2,22.,22.));
#5693 = SURFACE_CURVE('',#5694,(#5699,#5706),.PCURVE_S1.);
#5694 = CIRCLE('',#5695,1.8);
#5695 = AXIS2_PLACEMENT_3D('',#5696,#5697,#5698);
#5696 = CARTESIAN_POINT('',(-29.,22.,22.));
#5697 = DIRECTION('',(0.,-1.,0.));
#5698 = DIRECTION('',(1.,0.,-1.1E-16));
#5699 = PCURVE('',#2515,#5700);
#5700 = DEFINITIONAL_REPRESENTATION('',(#5701),#5705);
#5701 = CIRCLE('',#5702,1.8);
#5702 = AXIS2_PLACEMENT_2D('',#5703,#5704);
#5703 = CARTESIAN_POINT('',(2.212121212121,-26.49242424242));
#5704 = DIRECTION('',(1.1E-16,1.));
#5705 = ( GEOMETRIC_REPRESENTATION_CONTEXT(2) 
PARAMETRIC_REPRESENTATION_CONTEXT() REPRESENTATION_CONTEXT('2D SPACE',''
  ) );
#5706 = PCURVE('',#5235,#5707);
#5707 = DEFINITIONAL_REPRESENTATION('',(#5708),#5712);
#5708 = LINE('',#5709,#5710);
#5709 = CARTESIAN_POINT('',(6.28318530718,4.));
#5710 = VECTOR('',#5711,1.);
#5711 = DIRECTION('',(-1.,0.));
#5712 = ( GEOMETRIC_REPRESENTATION_CONTEXT(2) 
PARAMETRIC_REPRESENTATION_CONTEXT() REPRESENTATION_CONTEXT('2D SPACE',''
  ) );
#5713 = FACE_BOUND('',#5714,.T.);
#5714 = EDGE_LOOP('',(#5715));
#5715 = ORIENTED_EDGE('',*,*,#5716,.T.);
#5716 = EDGE_CURVE('',#5717,#5717,#5719,.T.);
#5717 = VERTEX_POINT('',#5718);
#5718 = CARTESIAN_POINT('',(21.3,22.,22.));
#5719 = SURFACE_CURVE('',#5720,(#5725,#5732),.PCURVE_S1.);
#5720 = CIRCLE('',#5721,1.8);
#5721 = AXIS2_PLACEMENT_3D('',#5722,#5723,#5724);
#5722 = CARTESIAN_POINT('',(19.5,22.,22.));
#5723 = DIRECTION('',(0.,-1.,0.));
#5724 = DIRECTION('',(1.,0.,-1.1E-16));
#5725 = PCURVE('',#2515,#5726);
#5726 = DEFINITIONAL_REPRESENTATION('',(#5727),#5731);
#5727 = CIRCLE('',#5728,1.8);
#5728 = AXIS2_PLACEMENT_2D('',#5729,#5730);
#5729 = CARTESIAN_POINT('',(2.212121212121,22.007575757576));
#5730 = DIRECTION('',(1.1E-16,1.));
#5731 = ( GEOMETRIC_REPRESENTATION_CONTEXT(2) 
PARAMETRIC_REPRESENTATION_CONTEXT() REPRESENTATION_CONTEXT('2D SPACE',''
  ) );
#5732 = PCURVE('',#5733,#5738);
#5733 = CYLINDRICAL_SURFACE('',#5734,1.8);
#5734 = AXIS2_PLACEMENT_3D('',#5735,#5736,#5737);
#5735 = CARTESIAN_POINT('',(19.5,18.,22.));
#5736 = DIRECTION('',(0.,1.,0.));
#5737 = DIRECTION('',(1.,0.,-1.1E-16));
#5738 = DEFINITIONAL_REPRESENTATION('',(#5739),#5743);
#5739 = LINE('',#5740,#5741);
#5740 = CARTESIAN_POINT('',(6.28318530718,4.));
#5741 = VECTOR('',#5742,1.);
#5742 = DIRECTION('',(-1.,0.));
#5743 = ( GEOMETRIC_REPRESENTATION_CONTEXT(2) 
PARAMETRIC_REPRESENTATION_CONTEXT() REPRESENTATION_CONTEXT('2D SPACE',''
  ) );
#5744 = ADVANCED_FACE('',(#5745),#4726,.T.);
#5745 = FACE_BOUND('',#5746,.T.);
#5746 = EDGE_LOOP('',(#5747,#5748,#5749,#5773));
#5747 = ORIENTED_EDGE('',*,*,#4689,.F.);
#5748 = ORIENTED_EDGE('',*,*,#4972,.F.);
#5749 = ORIENTED_EDGE('',*,*,#5750,.T.);
#5750 = EDGE_CURVE('',#4973,#5751,#5753,.T.);
#5751 = VERTEX_POINT('',#5752);
#5752 = CARTESIAN_POINT('',(-20.25,10.,38.));
#5753 = SURFACE_CURVE('',#5754,(#5759,#5766),.PCURVE_S1.);
#5754 = CIRCLE('',#5755,4.75);
#5755 = AXIS2_PLACEMENT_3D('',#5756,#5757,#5758);
#5756 = CARTESIAN_POINT('',(-20.25,14.75,38.));
#5757 = DIRECTION('',(2.5E-16,0.,1.));
#5758 = DIRECTION('',(-0.707106781187,-0.707106781187,1.767766952966E-16
    ));
#5759 = PCURVE('',#4726,#5760);
#5760 = DEFINITIONAL_REPRESENTATION('',(#5761),#5765);
#5761 = LINE('',#5762,#5763);
#5762 = CARTESIAN_POINT('',(-6.28318530718,35.));
#5763 = VECTOR('',#5764,1.);
#5764 = DIRECTION('',(1.,0.));
#5765 = ( GEOMETRIC_REPRESENTATION_CONTEXT(2) 
PARAMETRIC_REPRESENTATION_CONTEXT() REPRESENTATION_CONTEXT('2D SPACE',''
  ) );
#5766 = PCURVE('',#3870,#5767);
#5767 = DEFINITIONAL_REPRESENTATION('',(#5768),#5772);
#5768 = CIRCLE('',#5769,4.75);
#5769 = AXIS2_PLACEMENT_2D('',#5770,#5771);
#5770 = CARTESIAN_POINT('',(36.25,7.25));
#5771 = DIRECTION('',(0.707106781187,0.707106781187));
#5772 = ( GEOMETRIC_REPRESENTATION_CONTEXT(2) 
PARAMETRIC_REPRESENTATION_CONTEXT() REPRESENTATION_CONTEXT('2D SPACE',''
  ) );
#5773 = ORIENTED_EDGE('',*,*,#5774,.T.);
#5774 = EDGE_CURVE('',#5751,#4325,#5775,.T.);
#5775 = SURFACE_CURVE('',#5776,(#5780,#5787),.PCURVE_S1.);
#5776 = LINE('',#5777,#5778);
#5777 = CARTESIAN_POINT('',(-20.25,10.,3.));
#5778 = VECTOR('',#5779,1.);
#5779 = DIRECTION('',(0.,0.,1.));
#5780 = PCURVE('',#4726,#5781);
#5781 = DEFINITIONAL_REPRESENTATION('',(#5782),#5786);
#5782 = LINE('',#5783,#5784);
#5783 = CARTESIAN_POINT('',(0.785398163397,0.));
#5784 = VECTOR('',#5785,1.);
#5785 = DIRECTION('',(0.,1.));
#5786 = ( GEOMETRIC_REPRESENTATION_CONTEXT(2) 
PARAMETRIC_REPRESENTATION_CONTEXT() REPRESENTATION_CONTEXT('2D SPACE',''
  ) );
#5787 = PCURVE('',#2459,#5788);
#5788 = DEFINITIONAL_REPRESENTATION('',(#5789),#5793);
#5789 = LINE('',#5790,#5791);
#5790 = CARTESIAN_POINT('',(4.75,0.));
#5791 = VECTOR('',#5792,1.);
#5792 = DIRECTION('',(0.,1.));
#5793 = ( GEOMETRIC_REPRESENTATION_CONTEXT(2) 
PARAMETRIC_REPRESENTATION_CONTEXT() REPRESENTATION_CONTEXT('2D SPACE',''
  ) );
#5794 = ADVANCED_FACE('',(#5795),#5810,.F.);
#5795 = FACE_BOUND('',#5796,.F.);
#5796 = EDGE_LOOP('',(#5797,#5832,#5854,#5885,#5886));
#5797 = ORIENTED_EDGE('',*,*,#5798,.T.);
#5798 = EDGE_CURVE('',#5799,#5801,#5803,.T.);
#5799 = VERTEX_POINT('',#5800);
#5800 = CARTESIAN_POINT('',(-48.,-33.,13.4));
#5801 = VERTEX_POINT('',#5802);
#5802 = CARTESIAN_POINT('',(-49.5,-33.,11.9));
#5803 = SURFACE_CURVE('',#5804,(#5809,#5821),.PCURVE_S1.);
#5804 = CIRCLE('',#5805,1.5);
#5805 = AXIS2_PLACEMENT_3D('',#5806,#5807,#5808);
#5806 = CARTESIAN_POINT('',(-49.5,-33.,13.4));
#5807 = DIRECTION('',(0.,1.,0.));
#5808 = DIRECTION('',(-1.,0.,0.));
#5809 = PCURVE('',#5810,#5815);
#5810 = CYLINDRICAL_SURFACE('',#5811,1.5);
#5811 = AXIS2_PLACEMENT_3D('',#5812,#5813,#5814);
#5812 = CARTESIAN_POINT('',(-49.5,-31.,13.4));
#5813 = DIRECTION('',(0.,-1.,0.));
#5814 = DIRECTION('',(-1.,0.,0.));
#5815 = DEFINITIONAL_REPRESENTATION('',(#5816),#5820);
#5816 = LINE('',#5817,#5818);
#5817 = CARTESIAN_POINT('',(6.28318530718,2.));
#5818 = VECTOR('',#5819,1.);
#5819 = DIRECTION('',(-1.,0.));
#5820 = ( GEOMETRIC_REPRESENTATION_CONTEXT(2) 
PARAMETRIC_REPRESENTATION_CONTEXT() REPRESENTATION_CONTEXT('2D SPACE',''
  ) );
#5821 = PCURVE('',#3256,#5822);
#5822 = DEFINITIONAL_REPRESENTATION('',(#5823),#5831);
#5823 = ( BOUNDED_CURVE() B_SPLINE_CURVE(2,(#5824,#5825,#5826,#5827,
#5828,#5829,#5830),.UNSPECIFIED.,.T.,.F.) B_SPLINE_CURVE_WITH_KNOTS((1,2
    ,2,2,2,1),(-2.094395102393,0.,2.094395102393,4.188790204786,
6.28318530718,8.377580409573),.UNSPECIFIED.) CURVE() 
GEOMETRIC_REPRESENTATION_ITEM() RATIONAL_B_SPLINE_CURVE((1.,0.5,1.,0.5,
1.,0.5,1.)) REPRESENTATION_ITEM('') );
#5824 = CARTESIAN_POINT('',(2.70261561941,-1.5));
#5825 = CARTESIAN_POINT('',(0.104539408056,-1.5));
#5826 = CARTESIAN_POINT('',(1.403577513733,0.75));
#5827 = CARTESIAN_POINT('',(2.70261561941,3.));
#5828 = CARTESIAN_POINT('',(4.001653725086,0.75));
#5829 = CARTESIAN_POINT('',(5.300691830763,-1.5));
#5830 = CARTESIAN_POINT('',(2.70261561941,-1.5));
#5831 = ( GEOMETRIC_REPRESENTATION_CONTEXT(2) 
PARAMETRIC_REPRESENTATION_CONTEXT() REPRESENTATION_CONTEXT('2D SPACE',''
  ) );
#5832 = ORIENTED_EDGE('',*,*,#5833,.F.);
#5833 = EDGE_CURVE('',#5834,#5801,#5836,.T.);
#5834 = VERTEX_POINT('',#5835);
#5835 = CARTESIAN_POINT('',(-49.5,-31.,11.9));
#5836 = SEAM_CURVE('',#5837,(#5840,#5847),.PCURVE_S1.);
#5837 = B_SPLINE_CURVE_WITH_KNOTS('',1,(#5838,#5839),.UNSPECIFIED.,.F.,
  .F.,(2,2),(0.,2.),.PIECEWISE_BEZIER_KNOTS.);
#5838 = CARTESIAN_POINT('',(-49.5,-31.,11.9));
#5839 = CARTESIAN_POINT('',(-49.5,-33.,11.9));
#5840 = PCURVE('',#5810,#5841);
#5841 = DEFINITIONAL_REPRESENTATION('',(#5842),#5846);
#5842 = LINE('',#5843,#5844);
#5843 = CARTESIAN_POINT('',(1.570796326795,0.));
#5844 = VECTOR('',#5845,1.);
#5845 = DIRECTION('',(0.,1.));
#5846 = ( GEOMETRIC_REPRESENTATION_CONTEXT(2) 
PARAMETRIC_REPRESENTATION_CONTEXT() REPRESENTATION_CONTEXT('2D SPACE',''
  ) );
#5847 = PCURVE('',#5810,#5848);
#5848 = DEFINITIONAL_REPRESENTATION('',(#5849),#5853);
#5849 = LINE('',#5850,#5851);
#5850 = CARTESIAN_POINT('',(7.853981633974,0.));
#5851 = VECTOR('',#5852,1.);
#5852 = DIRECTION('',(0.,1.));
#5853 = ( GEOMETRIC_REPRESENTATION_CONTEXT(2) 
PARAMETRIC_REPRESENTATION_CONTEXT() REPRESENTATION_CONTEXT('2D SPACE',''
  ) );
#5854 = ORIENTED_EDGE('',*,*,#5855,.T.);
#5855 = EDGE_CURVE('',#5834,#5834,#5856,.T.);
#5856 = SURFACE_CURVE('',#5857,(#5862,#5869),.PCURVE_S1.);
#5857 = CIRCLE('',#5858,1.5);
#5858 = AXIS2_PLACEMENT_3D('',#5859,#5860,#5861);
#5859 = CARTESIAN_POINT('',(-49.5,-31.,13.4));
#5860 = DIRECTION('',(0.,-1.,0.));
#5861 = DIRECTION('',(-1.,0.,0.));
#5862 = PCURVE('',#5810,#5863);
#5863 = DEFINITIONAL_REPRESENTATION('',(#5864),#5868);
#5864 = LINE('',#5865,#5866);
#5865 = CARTESIAN_POINT('',(0.,0.));
#5866 = VECTOR('',#5867,1.);
#5867 = DIRECTION('',(1.,0.));
#5868 = ( GEOMETRIC_REPRESENTATION_CONTEXT(2) 
PARAMETRIC_REPRESENTATION_CONTEXT() REPRESENTATION_CONTEXT('2D SPACE',''
  ) );
#5869 = PCURVE('',#5870,#5875);
#5870 = PLANE('',#5871);
#5871 = AXIS2_PLACEMENT_3D('',#5872,#5873,#5874);
#5872 = CARTESIAN_POINT('',(-49.5,-31.,23.));
#5873 = DIRECTION('',(0.,1.,0.));
#5874 = DIRECTION('',(0.,-0.,1.));
#5875 = DEFINITIONAL_REPRESENTATION('',(#5876),#5884);
#5876 = ( BOUNDED_CURVE() B_SPLINE_CURVE(2,(#5877,#5878,#5879,#5880,
#5881,#5882,#5883),.UNSPECIFIED.,.T.,.F.) B_SPLINE_CURVE_WITH_KNOTS((1,2
    ,2,2,2,1),(-2.094395102393,0.,2.094395102393,4.188790204786,
6.28318530718,8.377580409573),.UNSPECIFIED.) CURVE() 
GEOMETRIC_REPRESENTATION_ITEM() RATIONAL_B_SPLINE_CURVE((1.,0.5,1.,0.5,
1.,0.5,1.)) REPRESENTATION_ITEM('') );
#5877 = CARTESIAN_POINT('',(-9.6,-1.5));
#5878 = CARTESIAN_POINT('',(-12.19807621135,-1.5));
#5879 = CARTESIAN_POINT('',(-10.89903810567,0.75));
#5880 = CARTESIAN_POINT('',(-9.6,3.));
#5881 = CARTESIAN_POINT('',(-8.300961894323,0.75));
#5882 = CARTESIAN_POINT('',(-7.001923788647,-1.5));
#5883 = CARTESIAN_POINT('',(-9.6,-1.5));
#5884 = ( GEOMETRIC_REPRESENTATION_CONTEXT(2) 
PARAMETRIC_REPRESENTATION_CONTEXT() REPRESENTATION_CONTEXT('2D SPACE',''
  ) );
#5885 = ORIENTED_EDGE('',*,*,#5833,.T.);
#5886 = ORIENTED_EDGE('',*,*,#5887,.T.);
#5887 = EDGE_CURVE('',#5801,#5799,#5888,.T.);
#5888 = SURFACE_CURVE('',#5889,(#5894,#5901),.PCURVE_S1.);
#5889 = CIRCLE('',#5890,1.5);
#5890 = AXIS2_PLACEMENT_3D('',#5891,#5892,#5893);
#5891 = CARTESIAN_POINT('',(-49.5,-33.,13.4));
#5892 = DIRECTION('',(0.,1.,0.));
#5893 = DIRECTION('',(-1.,0.,0.));
#5894 = PCURVE('',#5810,#5895);
#5895 = DEFINITIONAL_REPRESENTATION('',(#5896),#5900);
#5896 = LINE('',#5897,#5898);
#5897 = CARTESIAN_POINT('',(12.566370614359,2.));
#5898 = VECTOR('',#5899,1.);
#5899 = DIRECTION('',(-1.,0.));
#5900 = ( GEOMETRIC_REPRESENTATION_CONTEXT(2) 
PARAMETRIC_REPRESENTATION_CONTEXT() REPRESENTATION_CONTEXT('2D SPACE',''
  ) );
#5901 = PCURVE('',#3256,#5902);
#5902 = DEFINITIONAL_REPRESENTATION('',(#5903),#5911);
#5903 = ( BOUNDED_CURVE() B_SPLINE_CURVE(2,(#5904,#5905,#5906,#5907,
#5908,#5909,#5910),.UNSPECIFIED.,.T.,.F.) B_SPLINE_CURVE_WITH_KNOTS((1,2
    ,2,2,2,1),(-2.094395102393,0.,2.094395102393,4.188790204786,
6.28318530718,8.377580409573),.UNSPECIFIED.) CURVE() 
GEOMETRIC_REPRESENTATION_ITEM() RATIONAL_B_SPLINE_CURVE((1.,0.5,1.,0.5,
1.,0.5,1.)) REPRESENTATION_ITEM('') );
#5904 = CARTESIAN_POINT('',(2.70261561941,-1.5));
#5905 = CARTESIAN_POINT('',(0.104539408056,-1.5));
#5906 = CARTESIAN_POINT('',(1.403577513733,0.75));
#5907 = CARTESIAN_POINT('',(2.70261561941,3.));
#5908 = CARTESIAN_POINT('',(4.001653725086,0.75));
#5909 = CARTESIAN_POINT('',(5.300691830763,-1.5));
#5910 = CARTESIAN_POINT('',(2.70261561941,-1.5));
#5911 = ( GEOMETRIC_REPRESENTATION_CONTEXT(2) 
PARAMETRIC_REPRESENTATION_CONTEXT() REPRESENTATION_CONTEXT('2D SPACE',''
  ) );
#5912 = ADVANCED_FACE('',(#5913),#5928,.F.);
#5913 = FACE_BOUND('',#5914,.F.);
#5914 = EDGE_LOOP('',(#5915,#5950,#5972,#5998,#5999));
#5915 = ORIENTED_EDGE('',*,*,#5916,.T.);
#5916 = EDGE_CURVE('',#5917,#5919,#5921,.T.);
#5917 = VERTEX_POINT('',#5918);
#5918 = CARTESIAN_POINT('',(-48.,-33.,32.6));
#5919 = VERTEX_POINT('',#5920);
#5920 = CARTESIAN_POINT('',(-49.5,-33.,34.1));
#5921 = SURFACE_CURVE('',#5922,(#5927,#5939),.PCURVE_S1.);
#5922 = CIRCLE('',#5923,1.5);
#5923 = AXIS2_PLACEMENT_3D('',#5924,#5925,#5926);
#5924 = CARTESIAN_POINT('',(-49.5,-33.,32.6));
#5925 = DIRECTION('',(0.,1.,0.));
#5926 = DIRECTION('',(-1.,0.,0.));
#5927 = PCURVE('',#5928,#5933);
#5928 = CYLINDRICAL_SURFACE('',#5929,1.5);
#5929 = AXIS2_PLACEMENT_3D('',#5930,#5931,#5932);
#5930 = CARTESIAN_POINT('',(-49.5,-31.,32.6));
#5931 = DIRECTION('',(0.,-1.,0.));
#5932 = DIRECTION('',(-1.,0.,0.));
#5933 = DEFINITIONAL_REPRESENTATION('',(#5934),#5938);
#5934 = LINE('',#5935,#5936);
#5935 = CARTESIAN_POINT('',(12.566370614359,2.));
#5936 = VECTOR('',#5937,1.);
#5937 = DIRECTION('',(-1.,0.));
#5938 = ( GEOMETRIC_REPRESENTATION_CONTEXT(2) 
PARAMETRIC_REPRESENTATION_CONTEXT() REPRESENTATION_CONTEXT('2D SPACE',''
  ) );
#5939 = PCURVE('',#3256,#5940);
#5940 = DEFINITIONAL_REPRESENTATION('',(#5941),#5949);
#5941 = ( BOUNDED_CURVE() B_SPLINE_CURVE(2,(#5942,#5943,#5944,#5945,
#5946,#5947,#5948),.UNSPECIFIED.,.T.,.F.) B_SPLINE_CURVE_WITH_KNOTS((1,2
    ,2,2,2,1),(-2.094395102393,0.,2.094395102393,4.188790204786,
6.28318530718,8.377580409573),.UNSPECIFIED.) CURVE() 
GEOMETRIC_REPRESENTATION_ITEM() RATIONAL_B_SPLINE_CURVE((1.,0.5,1.,0.5,
1.,0.5,1.)) REPRESENTATION_ITEM('') );
#5942 = CARTESIAN_POINT('',(-16.49738438059,-1.5));
#5943 = CARTESIAN_POINT('',(-19.09546059194,-1.5));
#5944 = CARTESIAN_POINT('',(-17.79642248626,0.75));
#5945 = CARTESIAN_POINT('',(-16.49738438059,3.));
#5946 = CARTESIAN_POINT('',(-15.19834627491,0.75));
#5947 = CARTESIAN_POINT('',(-13.89930816923,-1.5));
#5948 = CARTESIAN_POINT('',(-16.49738438059,-1.5));
#5949 = ( GEOMETRIC_REPRESENTATION_CONTEXT(2) 
PARAMETRIC_REPRESENTATION_CONTEXT() REPRESENTATION_CONTEXT('2D SPACE',''
  ) );
#5950 = ORIENTED_EDGE('',*,*,#5951,.F.);
#5951 = EDGE_CURVE('',#5952,#5919,#5954,.T.);
#5952 = VERTEX_POINT('',#5953);
#5953 = CARTESIAN_POINT('',(-49.5,-31.,34.1));
#5954 = SEAM_CURVE('',#5955,(#5958,#5965),.PCURVE_S1.);
#5955 = B_SPLINE_CURVE_WITH_KNOTS('',1,(#5956,#5957),.UNSPECIFIED.,.F.,
  .F.,(2,2),(0.,2.),.PIECEWISE_BEZIER_KNOTS.);
#5956 = CARTESIAN_POINT('',(-49.5,-31.,34.1));
#5957 = CARTESIAN_POINT('',(-49.5,-33.,34.1));
#5958 = PCURVE('',#5928,#5959);
#5959 = DEFINITIONAL_REPRESENTATION('',(#5960),#5964);
#5960 = LINE('',#5961,#5962);
#5961 = CARTESIAN_POINT('',(4.712388980385,0.));
#5962 = VECTOR('',#5963,1.);
#5963 = DIRECTION('',(0.,1.));
#5964 = ( GEOMETRIC_REPRESENTATION_CONTEXT(2) 
PARAMETRIC_REPRESENTATION_CONTEXT() REPRESENTATION_CONTEXT('2D SPACE',''
  ) );
#5965 = PCURVE('',#5928,#5966);
#5966 = DEFINITIONAL_REPRESENTATION('',(#5967),#5971);
#5967 = LINE('',#5968,#5969);
#5968 = CARTESIAN_POINT('',(10.995574287564,0.));
#5969 = VECTOR('',#5970,1.);
#5970 = DIRECTION('',(0.,1.));
#5971 = ( GEOMETRIC_REPRESENTATION_CONTEXT(2) 
PARAMETRIC_REPRESENTATION_CONTEXT() REPRESENTATION_CONTEXT('2D SPACE',''
  ) );
#5972 = ORIENTED_EDGE('',*,*,#5973,.T.);
#5973 = EDGE_CURVE('',#5952,#5952,#5974,.T.);
#5974 = SURFACE_CURVE('',#5975,(#5980,#5987),.PCURVE_S1.);
#5975 = CIRCLE('',#5976,1.5);
#5976 = AXIS2_PLACEMENT_3D('',#5977,#5978,#5979);
#5977 = CARTESIAN_POINT('',(-49.5,-31.,32.6));
#5978 = DIRECTION('',(0.,-1.,0.));
#5979 = DIRECTION('',(-1.,0.,0.));
#5980 = PCURVE('',#5928,#5981);
#5981 = DEFINITIONAL_REPRESENTATION('',(#5982),#5986);
#5982 = LINE('',#5983,#5984);
#5983 = CARTESIAN_POINT('',(0.,0.));
#5984 = VECTOR('',#5985,1.);
#5985 = DIRECTION('',(1.,0.));
#5986 = ( GEOMETRIC_REPRESENTATION_CONTEXT(2) 
PARAMETRIC_REPRESENTATION_CONTEXT() REPRESENTATION_CONTEXT('2D SPACE',''
  ) );
#5987 = PCURVE('',#5870,#5988);
#5988 = DEFINITIONAL_REPRESENTATION('',(#5989),#5997);
#5989 = ( BOUNDED_CURVE() B_SPLINE_CURVE(2,(#5990,#5991,#5992,#5993,
#5994,#5995,#5996),.UNSPECIFIED.,.T.,.F.) B_SPLINE_CURVE_WITH_KNOTS((1,2
    ,2,2,2,1),(-2.094395102393,0.,2.094395102393,4.188790204786,
6.28318530718,8.377580409573),.UNSPECIFIED.) CURVE() 
GEOMETRIC_REPRESENTATION_ITEM() RATIONAL_B_SPLINE_CURVE((1.,0.5,1.,0.5,
1.,0.5,1.)) REPRESENTATION_ITEM('') );
#5990 = CARTESIAN_POINT('',(9.6,-1.5));
#5991 = CARTESIAN_POINT('',(7.001923788647,-1.5));
#5992 = CARTESIAN_POINT('',(8.300961894323,0.75));
#5993 = CARTESIAN_POINT('',(9.6,3.));
#5994 = CARTESIAN_POINT('',(10.899038105677,0.75));
#5995 = CARTESIAN_POINT('',(12.198076211353,-1.5));
#5996 = CARTESIAN_POINT('',(9.6,-1.5));
#5997 = ( GEOMETRIC_REPRESENTATION_CONTEXT(2) 
PARAMETRIC_REPRESENTATION_CONTEXT() REPRESENTATION_CONTEXT('2D SPACE',''
  ) );
#5998 = ORIENTED_EDGE('',*,*,#5951,.T.);
#5999 = ORIENTED_EDGE('',*,*,#6000,.T.);
#6000 = EDGE_CURVE('',#5919,#5917,#6001,.T.);
#6001 = SURFACE_CURVE('',#6002,(#6007,#6014),.PCURVE_S1.);
#6002 = CIRCLE('',#6003,1.5);
#6003 = AXIS2_PLACEMENT_3D('',#6004,#6005,#6006);
#6004 = CARTESIAN_POINT('',(-49.5,-33.,32.6));
#6005 = DIRECTION('',(0.,1.,0.));
#6006 = DIRECTION('',(-1.,0.,0.));
#6007 = PCURVE('',#5928,#6008);
#6008 = DEFINITIONAL_REPRESENTATION('',(#6009),#6013);
#6009 = LINE('',#6010,#6011);
#6010 = CARTESIAN_POINT('',(12.566370614359,2.));
#6011 = VECTOR('',#6012,1.);
#6012 = DIRECTION('',(-1.,0.));
#6013 = ( GEOMETRIC_REPRESENTATION_CONTEXT(2) 
PARAMETRIC_REPRESENTATION_CONTEXT() REPRESENTATION_CONTEXT('2D SPACE',''
  ) );
#6014 = PCURVE('',#3256,#6015);
#6015 = DEFINITIONAL_REPRESENTATION('',(#6016),#6024);
#6016 = ( BOUNDED_CURVE() B_SPLINE_CURVE(2,(#6017,#6018,#6019,#6020,
#6021,#6022,#6023),.UNSPECIFIED.,.T.,.F.) B_SPLINE_CURVE_WITH_KNOTS((1,2
    ,2,2,2,1),(-2.094395102393,0.,2.094395102393,4.188790204786,
6.28318530718,8.377580409573),.UNSPECIFIED.) CURVE() 
GEOMETRIC_REPRESENTATION_ITEM() RATIONAL_B_SPLINE_CURVE((1.,0.5,1.,0.5,
1.,0.5,1.)) REPRESENTATION_ITEM('') );
#6017 = CARTESIAN_POINT('',(-16.49738438059,-1.5));
#6018 = CARTESIAN_POINT('',(-19.09546059194,-1.5));
#6019 = CARTESIAN_POINT('',(-17.79642248626,0.75));
#6020 = CARTESIAN_POINT('',(-16.49738438059,3.));
#6021 = CARTESIAN_POINT('',(-15.19834627491,0.75));
#6022 = CARTESIAN_POINT('',(-13.89930816923,-1.5));
#6023 = CARTESIAN_POINT('',(-16.49738438059,-1.5));
#6024 = ( GEOMETRIC_REPRESENTATION_CONTEXT(2) 
PARAMETRIC_REPRESENTATION_CONTEXT() REPRESENTATION_CONTEXT('2D SPACE',''
  ) );
#6025 = ADVANCED_FACE('',(#6026,#6029,#6032),#5870,.T.);
#6026 = FACE_BOUND('',#6027,.T.);
#6027 = EDGE_LOOP('',(#6028));
#6028 = ORIENTED_EDGE('',*,*,#5855,.T.);
#6029 = FACE_BOUND('',#6030,.T.);
#6030 = EDGE_LOOP('',(#6031));
#6031 = ORIENTED_EDGE('',*,*,#5973,.T.);
#6032 = FACE_BOUND('',#6033,.T.);
#6033 = EDGE_LOOP('',(#6034,#6065));
#6034 = ORIENTED_EDGE('',*,*,#6035,.F.);
#6035 = EDGE_CURVE('',#5834,#5952,#6036,.T.);
#6036 = SURFACE_CURVE('',#6037,(#6042,#6053),.PCURVE_S1.);
#6037 = CIRCLE('',#6038,11.1);
#6038 = AXIS2_PLACEMENT_3D('',#6039,#6040,#6041);
#6039 = CARTESIAN_POINT('',(-49.5,-31.,23.));
#6040 = DIRECTION('',(0.,-1.,0.));
#6041 = DIRECTION('',(-1.,0.,0.));
#6042 = PCURVE('',#5870,#6043);
#6043 = DEFINITIONAL_REPRESENTATION('',(#6044),#6052);
#6044 = ( BOUNDED_CURVE() B_SPLINE_CURVE(2,(#6045,#6046,#6047,#6048,
#6049,#6050,#6051),.UNSPECIFIED.,.T.,.F.) B_SPLINE_CURVE_WITH_KNOTS((1,2
    ,2,2,2,1),(-2.094395102393,0.,2.094395102393,4.188790204786,
6.28318530718,8.377580409573),.UNSPECIFIED.) CURVE() 
GEOMETRIC_REPRESENTATION_ITEM() RATIONAL_B_SPLINE_CURVE((1.,0.5,1.,0.5,
1.,0.5,1.)) REPRESENTATION_ITEM('') );
#6045 = CARTESIAN_POINT('',(0.,-11.1));
#6046 = CARTESIAN_POINT('',(-19.22576396401,-11.1));
#6047 = CARTESIAN_POINT('',(-9.612881982007,5.55));
#6048 = CARTESIAN_POINT('',(-2.718715894107E-15,22.2));
#6049 = CARTESIAN_POINT('',(9.612881982007,5.55));
#6050 = CARTESIAN_POINT('',(19.225763964015,-11.1));
#6051 = CARTESIAN_POINT('',(0.,-11.1));
#6052 = ( GEOMETRIC_REPRESENTATION_CONTEXT(2) 
PARAMETRIC_REPRESENTATION_CONTEXT() REPRESENTATION_CONTEXT('2D SPACE',''
  ) );
#6053 = PCURVE('',#6054,#6059);
#6054 = CYLINDRICAL_SURFACE('',#6055,11.1);
#6055 = AXIS2_PLACEMENT_3D('',#6056,#6057,#6058);
#6056 = CARTESIAN_POINT('',(-49.5,-23.,23.));
#6057 = DIRECTION('',(0.,-1.,0.));
#6058 = DIRECTION('',(-1.,0.,0.));
#6059 = DEFINITIONAL_REPRESENTATION('',(#6060),#6064);
#6060 = LINE('',#6061,#6062);
#6061 = CARTESIAN_POINT('',(6.28318530718,8.));
#6062 = VECTOR('',#6063,1.);
#6063 = DIRECTION('',(1.,0.));
#6064 = ( GEOMETRIC_REPRESENTATION_CONTEXT(2) 
PARAMETRIC_REPRESENTATION_CONTEXT() REPRESENTATION_CONTEXT('2D SPACE',''
  ) );
#6065 = ORIENTED_EDGE('',*,*,#6066,.F.);
#6066 = EDGE_CURVE('',#5952,#5834,#6067,.T.);
#6067 = SURFACE_CURVE('',#6068,(#6073,#6084),.PCURVE_S1.);
#6068 = CIRCLE('',#6069,11.1);
#6069 = AXIS2_PLACEMENT_3D('',#6070,#6071,#6072);
#6070 = CARTESIAN_POINT('',(-49.5,-31.,23.));
#6071 = DIRECTION('',(0.,-1.,0.));
#6072 = DIRECTION('',(-1.,0.,0.));
#6073 = PCURVE('',#5870,#6074);
#6074 = DEFINITIONAL_REPRESENTATION('',(#6075),#6083);
#6075 = ( BOUNDED_CURVE() B_SPLINE_CURVE(2,(#6076,#6077,#6078,#6079,
#6080,#6081,#6082),.UNSPECIFIED.,.T.,.F.) B_SPLINE_CURVE_WITH_KNOTS((1,2
    ,2,2,2,1),(-2.094395102393,0.,2.094395102393,4.188790204786,
6.28318530718,8.377580409573),.UNSPECIFIED.) CURVE() 
GEOMETRIC_REPRESENTATION_ITEM() RATIONAL_B_SPLINE_CURVE((1.,0.5,1.,0.5,
1.,0.5,1.)) REPRESENTATION_ITEM('') );
#6076 = CARTESIAN_POINT('',(0.,-11.1));
#6077 = CARTESIAN_POINT('',(-19.22576396401,-11.1));
#6078 = CARTESIAN_POINT('',(-9.612881982007,5.55));
#6079 = CARTESIAN_POINT('',(-2.718715894107E-15,22.2));
#6080 = CARTESIAN_POINT('',(9.612881982007,5.55));
#6081 = CARTESIAN_POINT('',(19.225763964015,-11.1));
#6082 = CARTESIAN_POINT('',(0.,-11.1));
#6083 = ( GEOMETRIC_REPRESENTATION_CONTEXT(2) 
PARAMETRIC_REPRESENTATION_CONTEXT() REPRESENTATION_CONTEXT('2D SPACE',''
  ) );
#6084 = PCURVE('',#6054,#6085);
#6085 = DEFINITIONAL_REPRESENTATION('',(#6086),#6090);
#6086 = LINE('',#6087,#6088);
#6087 = CARTESIAN_POINT('',(0.,8.));
#6088 = VECTOR('',#6089,1.);
#6089 = DIRECTION('',(1.,0.));
#6090 = ( GEOMETRIC_REPRESENTATION_CONTEXT(2) 
PARAMETRIC_REPRESENTATION_CONTEXT() REPRESENTATION_CONTEXT('2D SPACE',''
  ) );
#6091 = ADVANCED_FACE('',(#6092),#3752,.F.);
#6092 = FACE_BOUND('',#6093,.F.);
#6093 = EDGE_LOOP('',(#6094,#6137,#6138,#6159));
#6094 = ORIENTED_EDGE('',*,*,#6095,.F.);
#6095 = EDGE_CURVE('',#5374,#3736,#6096,.T.);
#6096 = SURFACE_CURVE('',#6097,(#6101,#6130),.PCURVE_S1.);
#6097 = LINE('',#6098,#6099);
#6098 = CARTESIAN_POINT('',(-33.,40.,24.212121212121));
#6099 = VECTOR('',#6100,1.);
#6100 = DIRECTION('',(-3.2E-16,0.,-1.));
#6101 = PCURVE('',#3752,#6102);
#6102 = DEFINITIONAL_REPRESENTATION('',(#6103),#6129);
#6103 = B_SPLINE_CURVE_WITH_KNOTS('',3,(#6104,#6105,#6106,#6107,#6108,
    #6109,#6110,#6111,#6112,#6113,#6114,#6115,#6116,#6117,#6118,#6119,
    #6120,#6121,#6122,#6123,#6124,#6125,#6126,#6127,#6128),
  .UNSPECIFIED.,.F.,.F.,(4,1,1,1,1,1,1,1,1,1,1,1,1,1,1,1,1,1,1,1,1,1,4),
  (-18.78787878787,-16.96969696969,-15.15151515151,-13.33333333333,
    -11.51515151515,-9.69696969697,-7.878787878788,-6.060606060606,
    -4.242424242424,-2.424242424242,-0.606060606061,1.212121212121,
    3.030303030303,4.848484848485,6.666666666667,8.484848484848,
    10.30303030303,12.121212121212,13.939393939394,15.757575757576,
    17.575757575758,19.393939393939,21.212121212121),.UNSPECIFIED.);
#6104 = CARTESIAN_POINT('',(0.,-18.78787878787));
#6105 = CARTESIAN_POINT('',(-8.9E-16,-18.18181818181));
#6106 = CARTESIAN_POINT('',(-8.9E-16,-16.96969696969));
#6107 = CARTESIAN_POINT('',(0.,-15.15151515151));
#6108 = CARTESIAN_POINT('',(-2.66E-15,-13.33333333333));
#6109 = CARTESIAN_POINT('',(8.9E-16,-11.51515151515));
#6110 = CARTESIAN_POINT('',(-2.66E-15,-9.69696969697));
#6111 = CARTESIAN_POINT('',(-8.9E-16,-7.878787878788));
#6112 = CARTESIAN_POINT('',(-8.9E-16,-6.060606060606));
#6113 = CARTESIAN_POINT('',(-8.9E-16,-4.242424242424));
#6114 = CARTESIAN_POINT('',(0.,-2.424242424242));
#6115 = CARTESIAN_POINT('',(-8.9E-16,-0.606060606061));
#6116 = CARTESIAN_POINT('',(-8.9E-16,1.212121212121));
#6117 = CARTESIAN_POINT('',(-1.78E-15,3.030303030303));
#6118 = CARTESIAN_POINT('',(0.,4.848484848485));
#6119 = CARTESIAN_POINT('',(-8.9E-16,6.666666666667));
#6120 = CARTESIAN_POINT('',(0.,8.484848484848));
#6121 = CARTESIAN_POINT('',(-3.55E-15,10.30303030303));
#6122 = CARTESIAN_POINT('',(2.66E-15,12.121212121212));
#6123 = CARTESIAN_POINT('',(1.78E-15,13.939393939394));
#6124 = CARTESIAN_POINT('',(0.,15.757575757576));
#6125 = CARTESIAN_POINT('',(0.,17.575757575758));
#6126 = CARTESIAN_POINT('',(2.66E-15,19.393939393939));
#6127 = CARTESIAN_POINT('',(-8.9E-16,20.606060606061));
#6128 = CARTESIAN_POINT('',(0.,21.212121212121));
#6129 = ( GEOMETRIC_REPRESENTATION_CONTEXT(2) 
PARAMETRIC_REPRESENTATION_CONTEXT() REPRESENTATION_CONTEXT('2D SPACE',''
  ) );
#6130 = PCURVE('',#3780,#6131);
#6131 = DEFINITIONAL_REPRESENTATION('',(#6132),#6136);
#6132 = LINE('',#6133,#6134);
#6133 = CARTESIAN_POINT('',(21.212121212121,0.));
#6134 = VECTOR('',#6135,1.);
#6135 = DIRECTION('',(1.,0.));
#6136 = ( GEOMETRIC_REPRESENTATION_CONTEXT(2) 
PARAMETRIC_REPRESENTATION_CONTEXT() REPRESENTATION_CONTEXT('2D SPACE',''
  ) );
#6137 = ORIENTED_EDGE('',*,*,#5396,.F.);
#6138 = ORIENTED_EDGE('',*,*,#6139,.F.);
#6139 = EDGE_CURVE('',#3713,#5397,#6140,.T.);
#6140 = SURFACE_CURVE('',#6141,(#6145,#6152),.PCURVE_S1.);
#6141 = LINE('',#6142,#6143);
#6142 = CARTESIAN_POINT('',(-36.,45.,3.));
#6143 = VECTOR('',#6144,1.);
#6144 = DIRECTION('',(0.,0.,1.));
#6145 = PCURVE('',#3752,#6146);
#6146 = DEFINITIONAL_REPRESENTATION('',(#6147),#6151);
#6147 = LINE('',#6148,#6149);
#6148 = CARTESIAN_POINT('',(0.501489756923,21.212121212121));
#6149 = VECTOR('',#6150,1.);
#6150 = DIRECTION('',(0.,-1.));
#6151 = ( GEOMETRIC_REPRESENTATION_CONTEXT(2) 
PARAMETRIC_REPRESENTATION_CONTEXT() REPRESENTATION_CONTEXT('2D SPACE',''
  ) );
#6152 = PCURVE('',#1446,#6153);
#6153 = DEFINITIONAL_REPRESENTATION('',(#6154),#6158);
#6154 = LINE('',#6155,#6156);
#6155 = CARTESIAN_POINT('',(0.,0.));
#6156 = VECTOR('',#6157,1.);
#6157 = DIRECTION('',(0.,1.));
#6158 = ( GEOMETRIC_REPRESENTATION_CONTEXT(2) 
PARAMETRIC_REPRESENTATION_CONTEXT() REPRESENTATION_CONTEXT('2D SPACE',''
  ) );
#6159 = ORIENTED_EDGE('',*,*,#3735,.T.);
#6160 = ADVANCED_FACE('',(#6161),#400,.T.);
#6161 = FACE_BOUND('',#6162,.T.);
#6162 = EDGE_LOOP('',(#6163,#6164,#6165,#6188,#6216,#6237));
#6163 = ORIENTED_EDGE('',*,*,#2223,.F.);
#6164 = ORIENTED_EDGE('',*,*,#5420,.F.);
#6165 = ORIENTED_EDGE('',*,*,#6166,.T.);
#6166 = EDGE_CURVE('',#5397,#6167,#6169,.T.);
#6167 = VERTEX_POINT('',#6168);
#6168 = CARTESIAN_POINT('',(-36.,45.,79.));
#6169 = SURFACE_CURVE('',#6170,(#6174,#6181),.PCURVE_S1.);
#6170 = LINE('',#6171,#6172);
#6171 = CARTESIAN_POINT('',(-36.,45.,3.));
#6172 = VECTOR('',#6173,1.);
#6173 = DIRECTION('',(0.,0.,1.));
#6174 = PCURVE('',#400,#6175);
#6175 = DEFINITIONAL_REPRESENTATION('',(#6176),#6180);
#6176 = LINE('',#6177,#6178);
#6177 = CARTESIAN_POINT('',(12.,0.));
#6178 = VECTOR('',#6179,1.);
#6179 = DIRECTION('',(0.,1.));
#6180 = ( GEOMETRIC_REPRESENTATION_CONTEXT(2) 
PARAMETRIC_REPRESENTATION_CONTEXT() REPRESENTATION_CONTEXT('2D SPACE',''
  ) );
#6181 = PCURVE('',#1446,#6182);
#6182 = DEFINITIONAL_REPRESENTATION('',(#6183),#6187);
#6183 = LINE('',#6184,#6185);
#6184 = CARTESIAN_POINT('',(0.,0.));
#6185 = VECTOR('',#6186,1.);
#6186 = DIRECTION('',(0.,1.));
#6187 = ( GEOMETRIC_REPRESENTATION_CONTEXT(2) 
PARAMETRIC_REPRESENTATION_CONTEXT() REPRESENTATION_CONTEXT('2D SPACE',''
  ) );
#6188 = ORIENTED_EDGE('',*,*,#6189,.F.);
#6189 = EDGE_CURVE('',#6190,#6167,#6192,.T.);
#6190 = VERTEX_POINT('',#6191);
#6191 = CARTESIAN_POINT('',(-36.,39.,79.));
#6192 = SURFACE_CURVE('',#6193,(#6197,#6204),.PCURVE_S1.);
#6193 = LINE('',#6194,#6195);
#6194 = CARTESIAN_POINT('',(-36.,33.,79.));
#6195 = VECTOR('',#6196,1.);
#6196 = DIRECTION('',(0.,1.,0.));
#6197 = PCURVE('',#400,#6198);
#6198 = DEFINITIONAL_REPRESENTATION('',(#6199),#6203);
#6199 = LINE('',#6200,#6201);
#6200 = CARTESIAN_POINT('',(0.,76.));
#6201 = VECTOR('',#6202,1.);
#6202 = DIRECTION('',(1.,0.));
#6203 = ( GEOMETRIC_REPRESENTATION_CONTEXT(2) 
PARAMETRIC_REPRESENTATION_CONTEXT() REPRESENTATION_CONTEXT('2D SPACE',''
  ) );
#6204 = PCURVE('',#6205,#6210);
#6205 = PLANE('',#6206);
#6206 = AXIS2_PLACEMENT_3D('',#6207,#6208,#6209);
#6207 = CARTESIAN_POINT('',(-34.57997607017,-5.1E-15,79.));
#6208 = DIRECTION('',(0.,0.,1.));
#6209 = DIRECTION('',(1.,0.,-0.));
#6210 = DEFINITIONAL_REPRESENTATION('',(#6211),#6215);
#6211 = LINE('',#6212,#6213);
#6212 = CARTESIAN_POINT('',(-1.420023929826,33.));
#6213 = VECTOR('',#6214,1.);
#6214 = DIRECTION('',(0.,1.));
#6215 = ( GEOMETRIC_REPRESENTATION_CONTEXT(2) 
PARAMETRIC_REPRESENTATION_CONTEXT() REPRESENTATION_CONTEXT('2D SPACE',''
  ) );
#6216 = ORIENTED_EDGE('',*,*,#6217,.T.);
#6217 = EDGE_CURVE('',#6190,#385,#6218,.T.);
#6218 = SURFACE_CURVE('',#6219,(#6223,#6230),.PCURVE_S1.);
#6219 = LINE('',#6220,#6221);
#6220 = CARTESIAN_POINT('',(-36.,39.,41.5));
#6221 = VECTOR('',#6222,1.);
#6222 = DIRECTION('',(0.,-0.,-1.));
#6223 = PCURVE('',#400,#6224);
#6224 = DEFINITIONAL_REPRESENTATION('',(#6225),#6229);
#6225 = LINE('',#6226,#6227);
#6226 = CARTESIAN_POINT('',(6.,38.5));
#6227 = VECTOR('',#6228,1.);
#6228 = DIRECTION('',(-0.,-1.));
#6229 = ( GEOMETRIC_REPRESENTATION_CONTEXT(2) 
PARAMETRIC_REPRESENTATION_CONTEXT() REPRESENTATION_CONTEXT('2D SPACE',''
  ) );
#6230 = PCURVE('',#44,#6231);
#6231 = DEFINITIONAL_REPRESENTATION('',(#6232),#6236);
#6232 = LINE('',#6233,#6234);
#6233 = CARTESIAN_POINT('',(38.5,37.));
#6234 = VECTOR('',#6235,1.);
#6235 = DIRECTION('',(1.,-3.9E-16));
#6236 = ( GEOMETRIC_REPRESENTATION_CONTEXT(2) 
PARAMETRIC_REPRESENTATION_CONTEXT() REPRESENTATION_CONTEXT('2D SPACE',''
  ) );
#6237 = ORIENTED_EDGE('',*,*,#384,.F.);
#6238 = ADVANCED_FACE('',(#6239),#2642,.F.);
#6239 = FACE_BOUND('',#6240,.F.);
#6240 = EDGE_LOOP('',(#6241,#6242,#6264,#6286,#6287));
#6241 = ORIENTED_EDGE('',*,*,#2619,.T.);
#6242 = ORIENTED_EDGE('',*,*,#6243,.T.);
#6243 = EDGE_CURVE('',#2622,#6244,#6246,.T.);
#6244 = VERTEX_POINT('',#6245);
#6245 = CARTESIAN_POINT('',(-41.25,28.5,0.));
#6246 = SEAM_CURVE('',#6247,(#6250,#6257),.PCURVE_S1.);
#6247 = B_SPLINE_CURVE_WITH_KNOTS('',1,(#6248,#6249),.UNSPECIFIED.,.F.,
  .F.,(2,2),(1.,4.),.PIECEWISE_BEZIER_KNOTS.);
#6248 = CARTESIAN_POINT('',(-41.25,28.5,3.));
#6249 = CARTESIAN_POINT('',(-41.25,28.5,0.));
#6250 = PCURVE('',#2642,#6251);
#6251 = DEFINITIONAL_REPRESENTATION('',(#6252),#6256);
#6252 = LINE('',#6253,#6254);
#6253 = CARTESIAN_POINT('',(6.28318530718,0.));
#6254 = VECTOR('',#6255,1.);
#6255 = DIRECTION('',(0.,1.));
#6256 = ( GEOMETRIC_REPRESENTATION_CONTEXT(2) 
PARAMETRIC_REPRESENTATION_CONTEXT() REPRESENTATION_CONTEXT('2D SPACE',''
  ) );
#6257 = PCURVE('',#2642,#6258);
#6258 = DEFINITIONAL_REPRESENTATION('',(#6259),#6263);
#6259 = LINE('',#6260,#6261);
#6260 = CARTESIAN_POINT('',(0.,0.));
#6261 = VECTOR('',#6262,1.);
#6262 = DIRECTION('',(0.,1.));
#6263 = ( GEOMETRIC_REPRESENTATION_CONTEXT(2) 
PARAMETRIC_REPRESENTATION_CONTEXT() REPRESENTATION_CONTEXT('2D SPACE',''
  ) );
#6264 = ORIENTED_EDGE('',*,*,#6265,.T.);
#6265 = EDGE_CURVE('',#6244,#6244,#6266,.T.);
#6266 = SURFACE_CURVE('',#6267,(#6272,#6279),.PCURVE_S1.);
#6267 = CIRCLE('',#6268,1.75);
#6268 = AXIS2_PLACEMENT_3D('',#6269,#6270,#6271);
#6269 = CARTESIAN_POINT('',(-39.5,28.5,0.));
#6270 = DIRECTION('',(0.,0.,1.));
#6271 = DIRECTION('',(-1.,0.,0.));
#6272 = PCURVE('',#2642,#6273);
#6273 = DEFINITIONAL_REPRESENTATION('',(#6274),#6278);
#6274 = LINE('',#6275,#6276);
#6275 = CARTESIAN_POINT('',(6.28318530718,4.));
#6276 = VECTOR('',#6277,1.);
#6277 = DIRECTION('',(-1.,0.));
#6278 = ( GEOMETRIC_REPRESENTATION_CONTEXT(2) 
PARAMETRIC_REPRESENTATION_CONTEXT() REPRESENTATION_CONTEXT('2D SPACE',''
  ) );
#6279 = PCURVE('',#2320,#6280);
#6280 = DEFINITIONAL_REPRESENTATION('',(#6281),#6285);
#6281 = CIRCLE('',#6282,1.75);
#6282 = AXIS2_PLACEMENT_2D('',#6283,#6284);
#6283 = CARTESIAN_POINT('',(-39.5,28.5));
#6284 = DIRECTION('',(-1.,0.));
#6285 = ( GEOMETRIC_REPRESENTATION_CONTEXT(2) 
PARAMETRIC_REPRESENTATION_CONTEXT() REPRESENTATION_CONTEXT('2D SPACE',''
  ) );
#6286 = ORIENTED_EDGE('',*,*,#6243,.F.);
#6287 = ORIENTED_EDGE('',*,*,#2654,.T.);
#6288 = ADVANCED_FACE('',(#6289),#2705,.F.);
#6289 = FACE_BOUND('',#6290,.F.);
#6290 = EDGE_LOOP('',(#6291,#6292,#6314,#6336,#6337));
#6291 = ORIENTED_EDGE('',*,*,#2682,.T.);
#6292 = ORIENTED_EDGE('',*,*,#6293,.T.);
#6293 = EDGE_CURVE('',#2685,#6294,#6296,.T.);
#6294 = VERTEX_POINT('',#6295);
#6295 = CARTESIAN_POINT('',(-61.25,28.5,0.));
#6296 = SEAM_CURVE('',#6297,(#6300,#6307),.PCURVE_S1.);
#6297 = B_SPLINE_CURVE_WITH_KNOTS('',1,(#6298,#6299),.UNSPECIFIED.,.F.,
  .F.,(2,2),(1.,4.),.PIECEWISE_BEZIER_KNOTS.);
#6298 = CARTESIAN_POINT('',(-61.25,28.5,3.));
#6299 = CARTESIAN_POINT('',(-61.25,28.5,0.));
#6300 = PCURVE('',#2705,#6301);
#6301 = DEFINITIONAL_REPRESENTATION('',(#6302),#6306);
#6302 = LINE('',#6303,#6304);
#6303 = CARTESIAN_POINT('',(6.28318530718,0.));
#6304 = VECTOR('',#6305,1.);
#6305 = DIRECTION('',(0.,1.));
#6306 = ( GEOMETRIC_REPRESENTATION_CONTEXT(2) 
PARAMETRIC_REPRESENTATION_CONTEXT() REPRESENTATION_CONTEXT('2D SPACE',''
  ) );
#6307 = PCURVE('',#2705,#6308);
#6308 = DEFINITIONAL_REPRESENTATION('',(#6309),#6313);
#6309 = LINE('',#6310,#6311);
#6310 = CARTESIAN_POINT('',(0.,0.));
#6311 = VECTOR('',#6312,1.);
#6312 = DIRECTION('',(0.,1.));
#6313 = ( GEOMETRIC_REPRESENTATION_CONTEXT(2) 
PARAMETRIC_REPRESENTATION_CONTEXT() REPRESENTATION_CONTEXT('2D SPACE',''
  ) );
#6314 = ORIENTED_EDGE('',*,*,#6315,.T.);
#6315 = EDGE_CURVE('',#6294,#6294,#6316,.T.);
#6316 = SURFACE_CURVE('',#6317,(#6322,#6329),.PCURVE_S1.);
#6317 = CIRCLE('',#6318,1.75);
#6318 = AXIS2_PLACEMENT_3D('',#6319,#6320,#6321);
#6319 = CARTESIAN_POINT('',(-59.5,28.5,0.));
#6320 = DIRECTION('',(0.,0.,1.));
#6321 = DIRECTION('',(-1.,0.,0.));
#6322 = PCURVE('',#2705,#6323);
#6323 = DEFINITIONAL_REPRESENTATION('',(#6324),#6328);
#6324 = LINE('',#6325,#6326);
#6325 = CARTESIAN_POINT('',(6.28318530718,4.));
#6326 = VECTOR('',#6327,1.);
#6327 = DIRECTION('',(-1.,0.));
#6328 = ( GEOMETRIC_REPRESENTATION_CONTEXT(2) 
PARAMETRIC_REPRESENTATION_CONTEXT() REPRESENTATION_CONTEXT('2D SPACE',''
  ) );
#6329 = PCURVE('',#2320,#6330);
#6330 = DEFINITIONAL_REPRESENTATION('',(#6331),#6335);
#6331 = CIRCLE('',#6332,1.75);
#6332 = AXIS2_PLACEMENT_2D('',#6333,#6334);
#6333 = CARTESIAN_POINT('',(-59.5,28.5));
#6334 = DIRECTION('',(-1.,0.));
#6335 = ( GEOMETRIC_REPRESENTATION_CONTEXT(2) 
PARAMETRIC_REPRESENTATION_CONTEXT() REPRESENTATION_CONTEXT('2D SPACE',''
  ) );
#6336 = ORIENTED_EDGE('',*,*,#6293,.F.);
#6337 = ORIENTED_EDGE('',*,*,#2717,.T.);
#6338 = ADVANCED_FACE('',(#6339),#6054,.F.);
#6339 = FACE_BOUND('',#6340,.F.);
#6340 = EDGE_LOOP('',(#6341,#6342,#6364,#6388,#6410,#6411));
#6341 = ORIENTED_EDGE('',*,*,#6066,.F.);
#6342 = ORIENTED_EDGE('',*,*,#6343,.F.);
#6343 = EDGE_CURVE('',#6344,#5952,#6346,.T.);
#6344 = VERTEX_POINT('',#6345);
#6345 = CARTESIAN_POINT('',(-49.50001862456,-23.,34.099999999984));
#6346 = SEAM_CURVE('',#6347,(#6350,#6357),.PCURVE_S1.);
#6347 = B_SPLINE_CURVE_WITH_KNOTS('',1,(#6348,#6349),.UNSPECIFIED.,.F.,
  .F.,(2,2),(0.,8.),.PIECEWISE_BEZIER_KNOTS.);
#6348 = CARTESIAN_POINT('',(-49.50001862456,-23.,34.099999999984));
#6349 = CARTESIAN_POINT('',(-49.50001862456,-31.,34.099999999984));
#6350 = PCURVE('',#6054,#6351);
#6351 = DEFINITIONAL_REPRESENTATION('',(#6352),#6356);
#6352 = LINE('',#6353,#6354);
#6353 = CARTESIAN_POINT('',(4.712390658274,0.));
#6354 = VECTOR('',#6355,1.);
#6355 = DIRECTION('',(0.,1.));
#6356 = ( GEOMETRIC_REPRESENTATION_CONTEXT(2) 
PARAMETRIC_REPRESENTATION_CONTEXT() REPRESENTATION_CONTEXT('2D SPACE',''
  ) );
#6357 = PCURVE('',#6054,#6358);
#6358 = DEFINITIONAL_REPRESENTATION('',(#6359),#6363);
#6359 = LINE('',#6360,#6361);
#6360 = CARTESIAN_POINT('',(10.995575965453,0.));
#6361 = VECTOR('',#6362,1.);
#6362 = DIRECTION('',(0.,1.));
#6363 = ( GEOMETRIC_REPRESENTATION_CONTEXT(2) 
PARAMETRIC_REPRESENTATION_CONTEXT() REPRESENTATION_CONTEXT('2D SPACE',''
  ) );
#6364 = ORIENTED_EDGE('',*,*,#6365,.T.);
#6365 = EDGE_CURVE('',#6344,#6366,#6368,.T.);
#6366 = VERTEX_POINT('',#6367);
#6367 = CARTESIAN_POINT('',(-38.4,-23.,23.));
#6368 = SURFACE_CURVE('',#6369,(#6374,#6381),.PCURVE_S1.);
#6369 = CIRCLE('',#6370,11.1);
#6370 = AXIS2_PLACEMENT_3D('',#6371,#6372,#6373);
#6371 = CARTESIAN_POINT('',(-49.5,-23.,23.));
#6372 = DIRECTION('',(0.,-1.,0.));
#6373 = DIRECTION('',(-1.,0.,0.));
#6374 = PCURVE('',#6054,#6375);
#6375 = DEFINITIONAL_REPRESENTATION('',(#6376),#6380);
#6376 = LINE('',#6377,#6378);
#6377 = CARTESIAN_POINT('',(0.,0.));
#6378 = VECTOR('',#6379,1.);
#6379 = DIRECTION('',(1.,0.));
#6380 = ( GEOMETRIC_REPRESENTATION_CONTEXT(2) 
PARAMETRIC_REPRESENTATION_CONTEXT() REPRESENTATION_CONTEXT('2D SPACE',''
  ) );
#6381 = PCURVE('',#3114,#6382);
#6382 = DEFINITIONAL_REPRESENTATION('',(#6383),#6387);
#6383 = CIRCLE('',#6384,11.1);
#6384 = AXIS2_PLACEMENT_2D('',#6385,#6386);
#6385 = CARTESIAN_POINT('',(-6.89738438059,0.));
#6386 = DIRECTION('',(0.,-1.));
#6387 = ( GEOMETRIC_REPRESENTATION_CONTEXT(2) 
PARAMETRIC_REPRESENTATION_CONTEXT() REPRESENTATION_CONTEXT('2D SPACE',''
  ) );
#6388 = ORIENTED_EDGE('',*,*,#6389,.T.);
#6389 = EDGE_CURVE('',#6366,#6344,#6390,.T.);
#6390 = SURFACE_CURVE('',#6391,(#6396,#6403),.PCURVE_S1.);
#6391 = CIRCLE('',#6392,11.1);
#6392 = AXIS2_PLACEMENT_3D('',#6393,#6394,#6395);
#6393 = CARTESIAN_POINT('',(-49.5,-23.,23.));
#6394 = DIRECTION('',(0.,-1.,0.));
#6395 = DIRECTION('',(-1.,0.,0.));
#6396 = PCURVE('',#6054,#6397);
#6397 = DEFINITIONAL_REPRESENTATION('',(#6398),#6402);
#6398 = LINE('',#6399,#6400);
#6399 = CARTESIAN_POINT('',(6.28318530718,0.));
#6400 = VECTOR('',#6401,1.);
#6401 = DIRECTION('',(1.,0.));
#6402 = ( GEOMETRIC_REPRESENTATION_CONTEXT(2) 
PARAMETRIC_REPRESENTATION_CONTEXT() REPRESENTATION_CONTEXT('2D SPACE',''
  ) );
#6403 = PCURVE('',#3114,#6404);
#6404 = DEFINITIONAL_REPRESENTATION('',(#6405),#6409);
#6405 = CIRCLE('',#6406,11.1);
#6406 = AXIS2_PLACEMENT_2D('',#6407,#6408);
#6407 = CARTESIAN_POINT('',(-6.89738438059,0.));
#6408 = DIRECTION('',(0.,-1.));
#6409 = ( GEOMETRIC_REPRESENTATION_CONTEXT(2) 
PARAMETRIC_REPRESENTATION_CONTEXT() REPRESENTATION_CONTEXT('2D SPACE',''
  ) );
#6410 = ORIENTED_EDGE('',*,*,#6343,.T.);
#6411 = ORIENTED_EDGE('',*,*,#6035,.F.);
#6412 = ADVANCED_FACE('',(#6413),#3353,.T.);
#6413 = FACE_BOUND('',#6414,.T.);
#6414 = EDGE_LOOP('',(#6415,#6436,#6464,#6485));
#6415 = ORIENTED_EDGE('',*,*,#6416,.T.);
#6416 = EDGE_CURVE('',#3315,#1787,#6417,.T.);
#6417 = SURFACE_CURVE('',#6418,(#6422,#6429),.PCURVE_S1.);
#6418 = LINE('',#6419,#6420);
#6419 = CARTESIAN_POINT('',(-57.,-33.,3.));
#6420 = VECTOR('',#6421,1.);
#6421 = DIRECTION('',(0.,0.,1.));
#6422 = PCURVE('',#3353,#6423);
#6423 = DEFINITIONAL_REPRESENTATION('',(#6424),#6428);
#6424 = LINE('',#6425,#6426);
#6425 = CARTESIAN_POINT('',(13.10261561941,-7.5));
#6426 = VECTOR('',#6427,1.);
#6427 = DIRECTION('',(-1.,0.));
#6428 = ( GEOMETRIC_REPRESENTATION_CONTEXT(2) 
PARAMETRIC_REPRESENTATION_CONTEXT() REPRESENTATION_CONTEXT('2D SPACE',''
  ) );
#6429 = PCURVE('',#1304,#6430);
#6430 = DEFINITIONAL_REPRESENTATION('',(#6431),#6435);
#6431 = LINE('',#6432,#6433);
#6432 = CARTESIAN_POINT('',(0.,0.));
#6433 = VECTOR('',#6434,1.);
#6434 = DIRECTION('',(0.,1.));
#6435 = ( GEOMETRIC_REPRESENTATION_CONTEXT(2) 
PARAMETRIC_REPRESENTATION_CONTEXT() REPRESENTATION_CONTEXT('2D SPACE',''
  ) );
#6436 = ORIENTED_EDGE('',*,*,#6437,.F.);
#6437 = EDGE_CURVE('',#6438,#1787,#6440,.T.);
#6438 = VERTEX_POINT('',#6439);
#6439 = CARTESIAN_POINT('',(-62.5,-33.,23.));
#6440 = SURFACE_CURVE('',#6441,(#6446,#6457),.PCURVE_S1.);
#6441 = CIRCLE('',#6442,13.);
#6442 = AXIS2_PLACEMENT_3D('',#6443,#6444,#6445);
#6443 = CARTESIAN_POINT('',(-49.5,-33.,23.));
#6444 = DIRECTION('',(0.,1.,0.));
#6445 = DIRECTION('',(-1.,0.,1.7E-16));
#6446 = PCURVE('',#3353,#6447);
#6447 = DEFINITIONAL_REPRESENTATION('',(#6448),#6456);
#6448 = ( BOUNDED_CURVE() B_SPLINE_CURVE(2,(#6449,#6450,#6451,#6452,
#6453,#6454,#6455),.UNSPECIFIED.,.T.,.F.) B_SPLINE_CURVE_WITH_KNOTS((1,2
    ,2,2,2,1),(-2.094395102393,0.,2.094395102393,4.188790204786,
6.28318530718,8.377580409573),.UNSPECIFIED.) CURVE() 
GEOMETRIC_REPRESENTATION_ITEM() RATIONAL_B_SPLINE_CURVE((1.,0.5,1.,0.5,
1.,0.5,1.)) REPRESENTATION_ITEM('') );
#6449 = CARTESIAN_POINT('',(-6.89738438059,-13.));
#6450 = CARTESIAN_POINT('',(-29.41404487898,-13.));
#6451 = CARTESIAN_POINT('',(-18.15571462978,6.5));
#6452 = CARTESIAN_POINT('',(-6.89738438059,26.));
#6453 = CARTESIAN_POINT('',(4.360945868607,6.5));
#6454 = CARTESIAN_POINT('',(15.619276117805,-13.));
#6455 = CARTESIAN_POINT('',(-6.89738438059,-13.));
#6456 = ( GEOMETRIC_REPRESENTATION_CONTEXT(2) 
PARAMETRIC_REPRESENTATION_CONTEXT() REPRESENTATION_CONTEXT('2D SPACE',''
  ) );
#6457 = PCURVE('',#1690,#6458);
#6458 = DEFINITIONAL_REPRESENTATION('',(#6459),#6463);
#6459 = LINE('',#6460,#6461);
#6460 = CARTESIAN_POINT('',(0.,0.));
#6461 = VECTOR('',#6462,1.);
#6462 = DIRECTION('',(1.,0.));
#6463 = ( GEOMETRIC_REPRESENTATION_CONTEXT(2) 
PARAMETRIC_REPRESENTATION_CONTEXT() REPRESENTATION_CONTEXT('2D SPACE',''
  ) );
#6464 = ORIENTED_EDGE('',*,*,#6465,.F.);
#6465 = EDGE_CURVE('',#3338,#6438,#6466,.T.);
#6466 = SURFACE_CURVE('',#6467,(#6471,#6478),.PCURVE_S1.);
#6467 = LINE('',#6468,#6469);
#6468 = CARTESIAN_POINT('',(-62.5,-33.,3.));
#6469 = VECTOR('',#6470,1.);
#6470 = DIRECTION('',(2.2E-16,0.,1.));
#6471 = PCURVE('',#3353,#6472);
#6472 = DEFINITIONAL_REPRESENTATION('',(#6473),#6477);
#6473 = LINE('',#6474,#6475);
#6474 = CARTESIAN_POINT('',(13.10261561941,-13.));
#6475 = VECTOR('',#6476,1.);
#6476 = DIRECTION('',(-1.,2.2E-16));
#6477 = ( GEOMETRIC_REPRESENTATION_CONTEXT(2) 
PARAMETRIC_REPRESENTATION_CONTEXT() REPRESENTATION_CONTEXT('2D SPACE',''
  ) );
#6478 = PCURVE('',#3381,#6479);
#6479 = DEFINITIONAL_REPRESENTATION('',(#6480),#6484);
#6480 = LINE('',#6481,#6482);
#6481 = CARTESIAN_POINT('',(73.,3.));
#6482 = VECTOR('',#6483,1.);
#6483 = DIRECTION('',(0.,1.));
#6484 = ( GEOMETRIC_REPRESENTATION_CONTEXT(2) 
PARAMETRIC_REPRESENTATION_CONTEXT() REPRESENTATION_CONTEXT('2D SPACE',''
  ) );
#6485 = ORIENTED_EDGE('',*,*,#3337,.F.);
#6486 = ADVANCED_FACE('',(#6487),#1657,.T.);
#6487 = FACE_BOUND('',#6488,.T.);
#6488 = EDGE_LOOP('',(#6489,#6490,#6491,#6514));
#6489 = ORIENTED_EDGE('',*,*,#1641,.F.);
#6490 = ORIENTED_EDGE('',*,*,#3149,.F.);
#6491 = ORIENTED_EDGE('',*,*,#6492,.F.);
#6492 = EDGE_CURVE('',#6493,#3127,#6495,.T.);
#6493 = VERTEX_POINT('',#6494);
#6494 = CARTESIAN_POINT('',(-36.5,-23.,23.));
#6495 = SURFACE_CURVE('',#6496,(#6500,#6507),.PCURVE_S1.);
#6496 = LINE('',#6497,#6498);
#6497 = CARTESIAN_POINT('',(-36.5,-23.,23.));
#6498 = VECTOR('',#6499,1.);
#6499 = DIRECTION('',(-2.2E-16,0.,-1.));
#6500 = PCURVE('',#1657,#6501);
#6501 = DEFINITIONAL_REPRESENTATION('',(#6502),#6506);
#6502 = LINE('',#6503,#6504);
#6503 = CARTESIAN_POINT('',(-0.,10.));
#6504 = VECTOR('',#6505,1.);
#6505 = DIRECTION('',(1.,0.));
#6506 = ( GEOMETRIC_REPRESENTATION_CONTEXT(2) 
PARAMETRIC_REPRESENTATION_CONTEXT() REPRESENTATION_CONTEXT('2D SPACE',''
  ) );
#6507 = PCURVE('',#3114,#6508);
#6508 = DEFINITIONAL_REPRESENTATION('',(#6509),#6513);
#6509 = LINE('',#6510,#6511);
#6510 = CARTESIAN_POINT('',(-6.89738438059,13.));
#6511 = VECTOR('',#6512,1.);
#6512 = DIRECTION('',(1.,-2.2E-16));
#6513 = ( GEOMETRIC_REPRESENTATION_CONTEXT(2) 
PARAMETRIC_REPRESENTATION_CONTEXT() REPRESENTATION_CONTEXT('2D SPACE',''
  ) );
#6514 = ORIENTED_EDGE('',*,*,#6515,.F.);
#6515 = EDGE_CURVE('',#1642,#6493,#6516,.T.);
#6516 = SURFACE_CURVE('',#6517,(#6521,#6528),.PCURVE_S1.);
#6517 = LINE('',#6518,#6519);
#6518 = CARTESIAN_POINT('',(-36.5,-33.,23.));
#6519 = VECTOR('',#6520,1.);
#6520 = DIRECTION('',(0.,1.,0.));
#6521 = PCURVE('',#1657,#6522);
#6522 = DEFINITIONAL_REPRESENTATION('',(#6523),#6527);
#6523 = LINE('',#6524,#6525);
#6524 = CARTESIAN_POINT('',(-0.,0.));
#6525 = VECTOR('',#6526,1.);
#6526 = DIRECTION('',(-0.,1.));
#6527 = ( GEOMETRIC_REPRESENTATION_CONTEXT(2) 
PARAMETRIC_REPRESENTATION_CONTEXT() REPRESENTATION_CONTEXT('2D SPACE',''
  ) );
#6528 = PCURVE('',#1690,#6529);
#6529 = DEFINITIONAL_REPRESENTATION('',(#6530),#6534);
#6530 = LINE('',#6531,#6532);
#6531 = CARTESIAN_POINT('',(3.14159265359,0.));
#6532 = VECTOR('',#6533,1.);
#6533 = DIRECTION('',(0.,1.));
#6534 = ( GEOMETRIC_REPRESENTATION_CONTEXT(2) 
PARAMETRIC_REPRESENTATION_CONTEXT() REPRESENTATION_CONTEXT('2D SPACE',''
  ) );
#6535 = ADVANCED_FACE('',(#6536),#1690,.T.);
#6536 = FACE_BOUND('',#6537,.T.);
#6537 = EDGE_LOOP('',(#6538,#6539,#6540,#6566,#6567,#6568,#6596));
#6538 = ORIENTED_EDGE('',*,*,#6437,.T.);
#6539 = ORIENTED_EDGE('',*,*,#1786,.F.);
#6540 = ORIENTED_EDGE('',*,*,#6541,.T.);
#6541 = EDGE_CURVE('',#1759,#1670,#6542,.T.);
#6542 = SURFACE_CURVE('',#6543,(#6548,#6555),.PCURVE_S1.);
#6543 = CIRCLE('',#6544,13.);
#6544 = AXIS2_PLACEMENT_3D('',#6545,#6546,#6547);
#6545 = CARTESIAN_POINT('',(-49.5,-33.,23.));
#6546 = DIRECTION('',(0.,1.,0.));
#6547 = DIRECTION('',(-1.,0.,1.7E-16));
#6548 = PCURVE('',#1690,#6549);
#6549 = DEFINITIONAL_REPRESENTATION('',(#6550),#6554);
#6550 = LINE('',#6551,#6552);
#6551 = CARTESIAN_POINT('',(0.,0.));
#6552 = VECTOR('',#6553,1.);
#6553 = DIRECTION('',(1.,0.));
#6554 = ( GEOMETRIC_REPRESENTATION_CONTEXT(2) 
PARAMETRIC_REPRESENTATION_CONTEXT() REPRESENTATION_CONTEXT('2D SPACE',''
  ) );
#6555 = PCURVE('',#3256,#6556);
#6556 = DEFINITIONAL_REPRESENTATION('',(#6557),#6565);
#6557 = ( BOUNDED_CURVE() B_SPLINE_CURVE(2,(#6558,#6559,#6560,#6561,
#6562,#6563,#6564),.UNSPECIFIED.,.T.,.F.) B_SPLINE_CURVE_WITH_KNOTS((1,2
    ,2,2,2,1),(-2.094395102393,0.,2.094395102393,4.188790204786,
6.28318530718,8.377580409573),.UNSPECIFIED.) CURVE() 
GEOMETRIC_REPRESENTATION_ITEM() RATIONAL_B_SPLINE_CURVE((1.,0.5,1.,0.5,
1.,0.5,1.)) REPRESENTATION_ITEM('') );
#6558 = CARTESIAN_POINT('',(-6.89738438059,-13.));
#6559 = CARTESIAN_POINT('',(-29.41404487898,-13.));
#6560 = CARTESIAN_POINT('',(-18.15571462978,6.5));
#6561 = CARTESIAN_POINT('',(-6.89738438059,26.));
#6562 = CARTESIAN_POINT('',(4.360945868607,6.5));
#6563 = CARTESIAN_POINT('',(15.619276117805,-13.));
#6564 = CARTESIAN_POINT('',(-6.89738438059,-13.));
#6565 = ( GEOMETRIC_REPRESENTATION_CONTEXT(2) 
PARAMETRIC_REPRESENTATION_CONTEXT() REPRESENTATION_CONTEXT('2D SPACE',''
  ) );
#6566 = ORIENTED_EDGE('',*,*,#1669,.F.);
#6567 = ORIENTED_EDGE('',*,*,#6515,.T.);
#6568 = ORIENTED_EDGE('',*,*,#6569,.F.);
#6569 = EDGE_CURVE('',#6570,#6493,#6572,.T.);
#6570 = VERTEX_POINT('',#6571);
#6571 = CARTESIAN_POINT('',(-62.5,-23.,23.));
#6572 = SURFACE_CURVE('',#6573,(#6578,#6585),.PCURVE_S1.);
#6573 = CIRCLE('',#6574,13.);
#6574 = AXIS2_PLACEMENT_3D('',#6575,#6576,#6577);
#6575 = CARTESIAN_POINT('',(-49.5,-23.,23.));
#6576 = DIRECTION('',(0.,1.,0.));
#6577 = DIRECTION('',(-1.,0.,1.7E-16));
#6578 = PCURVE('',#1690,#6579);
#6579 = DEFINITIONAL_REPRESENTATION('',(#6580),#6584);
#6580 = LINE('',#6581,#6582);
#6581 = CARTESIAN_POINT('',(0.,10.));
#6582 = VECTOR('',#6583,1.);
#6583 = DIRECTION('',(1.,0.));
#6584 = ( GEOMETRIC_REPRESENTATION_CONTEXT(2) 
PARAMETRIC_REPRESENTATION_CONTEXT() REPRESENTATION_CONTEXT('2D SPACE',''
  ) );
#6585 = PCURVE('',#3114,#6586);
#6586 = DEFINITIONAL_REPRESENTATION('',(#6587),#6595);
#6587 = ( BOUNDED_CURVE() B_SPLINE_CURVE(2,(#6588,#6589,#6590,#6591,
#6592,#6593,#6594),.UNSPECIFIED.,.T.,.F.) B_SPLINE_CURVE_WITH_KNOTS((1,2
    ,2,2,2,1),(-2.094395102393,0.,2.094395102393,4.188790204786,
6.28318530718,8.377580409573),.UNSPECIFIED.) CURVE() 
GEOMETRIC_REPRESENTATION_ITEM() RATIONAL_B_SPLINE_CURVE((1.,0.5,1.,0.5,
1.,0.5,1.)) REPRESENTATION_ITEM('') );
#6588 = CARTESIAN_POINT('',(-6.89738438059,-13.));
#6589 = CARTESIAN_POINT('',(-29.41404487898,-13.));
#6590 = CARTESIAN_POINT('',(-18.15571462978,6.5));
#6591 = CARTESIAN_POINT('',(-6.89738438059,26.));
#6592 = CARTESIAN_POINT('',(4.360945868607,6.5));
#6593 = CARTESIAN_POINT('',(15.619276117805,-13.));
#6594 = CARTESIAN_POINT('',(-6.89738438059,-13.));
#6595 = ( GEOMETRIC_REPRESENTATION_CONTEXT(2) 
PARAMETRIC_REPRESENTATION_CONTEXT() REPRESENTATION_CONTEXT('2D SPACE',''
  ) );
#6596 = ORIENTED_EDGE('',*,*,#6597,.F.);
#6597 = EDGE_CURVE('',#6438,#6570,#6598,.T.);
#6598 = SURFACE_CURVE('',#6599,(#6603,#6610),.PCURVE_S1.);
#6599 = LINE('',#6600,#6601);
#6600 = CARTESIAN_POINT('',(-62.5,-33.,23.));
#6601 = VECTOR('',#6602,1.);
#6602 = DIRECTION('',(0.,1.,0.));
#6603 = PCURVE('',#1690,#6604);
#6604 = DEFINITIONAL_REPRESENTATION('',(#6605),#6609);
#6605 = LINE('',#6606,#6607);
#6606 = CARTESIAN_POINT('',(0.,0.));
#6607 = VECTOR('',#6608,1.);
#6608 = DIRECTION('',(0.,1.));
#6609 = ( GEOMETRIC_REPRESENTATION_CONTEXT(2) 
PARAMETRIC_REPRESENTATION_CONTEXT() REPRESENTATION_CONTEXT('2D SPACE',''
  ) );
#6610 = PCURVE('',#3381,#6611);
#6611 = DEFINITIONAL_REPRESENTATION('',(#6612),#6616);
#6612 = LINE('',#6613,#6614);
#6613 = CARTESIAN_POINT('',(73.,23.));
#6614 = VECTOR('',#6615,1.);
#6615 = DIRECTION('',(-1.,0.));
#6616 = ( GEOMETRIC_REPRESENTATION_CONTEXT(2) 
PARAMETRIC_REPRESENTATION_CONTEXT() REPRESENTATION_CONTEXT('2D SPACE',''
  ) );
#6617 = ADVANCED_FACE('',(#6618,#6622),#3114,.F.);
#6618 = FACE_BOUND('',#6619,.T.);
#6619 = EDGE_LOOP('',(#6620,#6621));
#6620 = ORIENTED_EDGE('',*,*,#6389,.T.);
#6621 = ORIENTED_EDGE('',*,*,#6365,.T.);
#6622 = FACE_BOUND('',#6623,.T.);
#6623 = EDGE_LOOP('',(#6624,#6645,#6646,#6647,#6648));
#6624 = ORIENTED_EDGE('',*,*,#6625,.T.);
#6625 = EDGE_CURVE('',#3099,#6570,#6626,.T.);
#6626 = SURFACE_CURVE('',#6627,(#6631,#6638),.PCURVE_S1.);
#6627 = LINE('',#6628,#6629);
#6628 = CARTESIAN_POINT('',(-62.5,-23.,3.));
#6629 = VECTOR('',#6630,1.);
#6630 = DIRECTION('',(2.2E-16,0.,1.));
#6631 = PCURVE('',#3114,#6632);
#6632 = DEFINITIONAL_REPRESENTATION('',(#6633),#6637);
#6633 = LINE('',#6634,#6635);
#6634 = CARTESIAN_POINT('',(13.10261561941,-13.));
#6635 = VECTOR('',#6636,1.);
#6636 = DIRECTION('',(-1.,2.2E-16));
#6637 = ( GEOMETRIC_REPRESENTATION_CONTEXT(2) 
PARAMETRIC_REPRESENTATION_CONTEXT() REPRESENTATION_CONTEXT('2D SPACE',''
  ) );
#6638 = PCURVE('',#3381,#6639);
#6639 = DEFINITIONAL_REPRESENTATION('',(#6640),#6644);
#6640 = LINE('',#6641,#6642);
#6641 = CARTESIAN_POINT('',(63.,3.));
#6642 = VECTOR('',#6643,1.);
#6643 = DIRECTION('',(0.,1.));
#6644 = ( GEOMETRIC_REPRESENTATION_CONTEXT(2) 
PARAMETRIC_REPRESENTATION_CONTEXT() REPRESENTATION_CONTEXT('2D SPACE',''
  ) );
#6645 = ORIENTED_EDGE('',*,*,#6569,.T.);
#6646 = ORIENTED_EDGE('',*,*,#6492,.T.);
#6647 = ORIENTED_EDGE('',*,*,#3126,.F.);
#6648 = ORIENTED_EDGE('',*,*,#3098,.F.);
#6649 = ADVANCED_FACE('',(#6650,#6654,#6658),#3256,.T.);
#6650 = FACE_BOUND('',#6651,.T.);
#6651 = EDGE_LOOP('',(#6652,#6653));
#6652 = ORIENTED_EDGE('',*,*,#5798,.T.);
#6653 = ORIENTED_EDGE('',*,*,#5887,.T.);
#6654 = FACE_BOUND('',#6655,.T.);
#6655 = EDGE_LOOP('',(#6656,#6657));
#6656 = ORIENTED_EDGE('',*,*,#5916,.T.);
#6657 = ORIENTED_EDGE('',*,*,#6000,.T.);
#6658 = FACE_BOUND('',#6659,.T.);
#6659 = EDGE_LOOP('',(#6660,#6681,#6682,#6703));
#6660 = ORIENTED_EDGE('',*,*,#6661,.T.);
#6661 = EDGE_CURVE('',#3218,#1670,#6662,.T.);
#6662 = SURFACE_CURVE('',#6663,(#6667,#6674),.PCURVE_S1.);
#6663 = LINE('',#6664,#6665);
#6664 = CARTESIAN_POINT('',(-39.,-33.,3.));
#6665 = VECTOR('',#6666,1.);
#6666 = DIRECTION('',(0.,0.,1.));
#6667 = PCURVE('',#3256,#6668);
#6668 = DEFINITIONAL_REPRESENTATION('',(#6669),#6673);
#6669 = LINE('',#6670,#6671);
#6670 = CARTESIAN_POINT('',(13.10261561941,10.5));
#6671 = VECTOR('',#6672,1.);
#6672 = DIRECTION('',(-1.,0.));
#6673 = ( GEOMETRIC_REPRESENTATION_CONTEXT(2) 
PARAMETRIC_REPRESENTATION_CONTEXT() REPRESENTATION_CONTEXT('2D SPACE',''
  ) );
#6674 = PCURVE('',#1718,#6675);
#6675 = DEFINITIONAL_REPRESENTATION('',(#6676),#6680);
#6676 = LINE('',#6677,#6678);
#6677 = CARTESIAN_POINT('',(0.,0.));
#6678 = VECTOR('',#6679,1.);
#6679 = DIRECTION('',(0.,1.));
#6680 = ( GEOMETRIC_REPRESENTATION_CONTEXT(2) 
PARAMETRIC_REPRESENTATION_CONTEXT() REPRESENTATION_CONTEXT('2D SPACE',''
  ) );
#6681 = ORIENTED_EDGE('',*,*,#6541,.F.);
#6682 = ORIENTED_EDGE('',*,*,#6683,.F.);
#6683 = EDGE_CURVE('',#3241,#1759,#6684,.T.);
#6684 = SURFACE_CURVE('',#6685,(#6689,#6696),.PCURVE_S1.);
#6685 = LINE('',#6686,#6687);
#6686 = CARTESIAN_POINT('',(-54.,-33.,3.));
#6687 = VECTOR('',#6688,1.);
#6688 = DIRECTION('',(0.,0.,1.));
#6689 = PCURVE('',#3256,#6690);
#6690 = DEFINITIONAL_REPRESENTATION('',(#6691),#6695);
#6691 = LINE('',#6692,#6693);
#6692 = CARTESIAN_POINT('',(13.10261561941,-4.5));
#6693 = VECTOR('',#6694,1.);
#6694 = DIRECTION('',(-1.,0.));
#6695 = ( GEOMETRIC_REPRESENTATION_CONTEXT(2) 
PARAMETRIC_REPRESENTATION_CONTEXT() REPRESENTATION_CONTEXT('2D SPACE',''
  ) );
#6696 = PCURVE('',#1774,#6697);
#6697 = DEFINITIONAL_REPRESENTATION('',(#6698),#6702);
#6698 = LINE('',#6699,#6700);
#6699 = CARTESIAN_POINT('',(12.,0.));
#6700 = VECTOR('',#6701,1.);
#6701 = DIRECTION('',(0.,1.));
#6702 = ( GEOMETRIC_REPRESENTATION_CONTEXT(2) 
PARAMETRIC_REPRESENTATION_CONTEXT() REPRESENTATION_CONTEXT('2D SPACE',''
  ) );
#6703 = ORIENTED_EDGE('',*,*,#3240,.F.);
#6704 = ADVANCED_FACE('',(#6705),#2126,.F.);
#6705 = FACE_BOUND('',#6706,.T.);
#6706 = EDGE_LOOP('',(#6707,#6708,#6729,#6730));
#6707 = ORIENTED_EDGE('',*,*,#5100,.F.);
#6708 = ORIENTED_EDGE('',*,*,#6709,.F.);
#6709 = EDGE_CURVE('',#2111,#5073,#6710,.T.);
#6710 = SURFACE_CURVE('',#6711,(#6715,#6722),.PCURVE_S1.);
#6711 = LINE('',#6712,#6713);
#6712 = CARTESIAN_POINT('',(-35.5,33.,25.));
#6713 = VECTOR('',#6714,1.);
#6714 = DIRECTION('',(0.,-1.,0.));
#6715 = PCURVE('',#2126,#6716);
#6716 = DEFINITIONAL_REPRESENTATION('',(#6717),#6721);
#6717 = LINE('',#6718,#6719);
#6718 = CARTESIAN_POINT('',(22.,0.));
#6719 = VECTOR('',#6720,1.);
#6720 = DIRECTION('',(0.,1.));
#6721 = ( GEOMETRIC_REPRESENTATION_CONTEXT(2) 
PARAMETRIC_REPRESENTATION_CONTEXT() REPRESENTATION_CONTEXT('2D SPACE',''
  ) );
#6722 = PCURVE('',#2155,#6723);
#6723 = DEFINITIONAL_REPRESENTATION('',(#6724),#6728);
#6724 = LINE('',#6725,#6726);
#6725 = CARTESIAN_POINT('',(0.,0.));
#6726 = VECTOR('',#6727,1.);
#6727 = DIRECTION('',(0.,1.));
#6728 = ( GEOMETRIC_REPRESENTATION_CONTEXT(2) 
PARAMETRIC_REPRESENTATION_CONTEXT() REPRESENTATION_CONTEXT('2D SPACE',''
  ) );
#6729 = ORIENTED_EDGE('',*,*,#2110,.F.);
#6730 = ORIENTED_EDGE('',*,*,#3667,.T.);
#6731 = ADVANCED_FACE('',(#6732),#2155,.F.);
#6732 = FACE_BOUND('',#6733,.F.);
#6733 = EDGE_LOOP('',(#6734,#6735,#6736,#6737));
#6734 = ORIENTED_EDGE('',*,*,#6709,.F.);
#6735 = ORIENTED_EDGE('',*,*,#2138,.T.);
#6736 = ORIENTED_EDGE('',*,*,#5299,.T.);
#6737 = ORIENTED_EDGE('',*,*,#5072,.T.);
#6738 = ADVANCED_FACE('',(#6739),#1250,.F.);
#6739 = FACE_BOUND('',#6740,.F.);
#6740 = EDGE_LOOP('',(#6741,#6776,#6796,#6797,#6798));
#6741 = ORIENTED_EDGE('',*,*,#6742,.T.);
#6742 = EDGE_CURVE('',#6743,#6745,#6747,.T.);
#6743 = VERTEX_POINT('',#6744);
#6744 = CARTESIAN_POINT('',(-39.3,-28.5,82.));
#6745 = VERTEX_POINT('',#6746);
#6746 = CARTESIAN_POINT('',(-42.7,-28.5,82.));
#6747 = SURFACE_CURVE('',#6748,(#6753,#6760),.PCURVE_S1.);
#6748 = CIRCLE('',#6749,1.7);
#6749 = AXIS2_PLACEMENT_3D('',#6750,#6751,#6752);
#6750 = CARTESIAN_POINT('',(-41.,-28.5,82.));
#6751 = DIRECTION('',(0.,0.,-1.));
#6752 = DIRECTION('',(-1.,0.,0.));
#6753 = PCURVE('',#1250,#6754);
#6754 = DEFINITIONAL_REPRESENTATION('',(#6755),#6759);
#6755 = LINE('',#6756,#6757);
#6756 = CARTESIAN_POINT('',(0.,1.));
#6757 = VECTOR('',#6758,1.);
#6758 = DIRECTION('',(1.,0.));
#6759 = ( GEOMETRIC_REPRESENTATION_CONTEXT(2) 
PARAMETRIC_REPRESENTATION_CONTEXT() REPRESENTATION_CONTEXT('2D SPACE',''
  ) );
#6760 = PCURVE('',#6761,#6766);
#6761 = PLANE('',#6762);
#6762 = AXIS2_PLACEMENT_3D('',#6763,#6764,#6765);
#6763 = CARTESIAN_POINT('',(-34.57997607017,-5.1E-15,82.));
#6764 = DIRECTION('',(0.,0.,1.));
#6765 = DIRECTION('',(1.,0.,-0.));
#6766 = DEFINITIONAL_REPRESENTATION('',(#6767),#6775);
#6767 = ( BOUNDED_CURVE() B_SPLINE_CURVE(2,(#6768,#6769,#6770,#6771,
#6772,#6773,#6774),.UNSPECIFIED.,.T.,.F.) B_SPLINE_CURVE_WITH_KNOTS((1,2
    ,2,2,2,1),(-2.094395102393,0.,2.094395102393,4.188790204786,
6.28318530718,8.377580409573),.UNSPECIFIED.) CURVE() 
GEOMETRIC_REPRESENTATION_ITEM() RATIONAL_B_SPLINE_CURVE((1.,0.5,1.,0.5,
1.,0.5,1.)) REPRESENTATION_ITEM('') );
#6768 = CARTESIAN_POINT('',(-8.120023929826,-28.5));
#6769 = CARTESIAN_POINT('',(-8.120023929826,-25.55551362713));
#6770 = CARTESIAN_POINT('',(-5.570023929826,-27.02775681356));
#6771 = CARTESIAN_POINT('',(-3.020023929826,-28.5));
#6772 = CARTESIAN_POINT('',(-5.570023929826,-29.97224318643));
#6773 = CARTESIAN_POINT('',(-8.120023929826,-31.44448637286));
#6774 = CARTESIAN_POINT('',(-8.120023929826,-28.5));
#6775 = ( GEOMETRIC_REPRESENTATION_CONTEXT(2) 
PARAMETRIC_REPRESENTATION_CONTEXT() REPRESENTATION_CONTEXT('2D SPACE',''
  ) );
#6776 = ORIENTED_EDGE('',*,*,#6777,.T.);
#6777 = EDGE_CURVE('',#6745,#1234,#6778,.T.);
#6778 = SEAM_CURVE('',#6779,(#6782,#6789),.PCURVE_S1.);
#6779 = B_SPLINE_CURVE_WITH_KNOTS('',1,(#6780,#6781),.UNSPECIFIED.,.F.,
  .F.,(2,2),(1.,4.),.PIECEWISE_BEZIER_KNOTS.);
#6780 = CARTESIAN_POINT('',(-42.7,-28.5,82.));
#6781 = CARTESIAN_POINT('',(-42.7,-28.5,79.));
#6782 = PCURVE('',#1250,#6783);
#6783 = DEFINITIONAL_REPRESENTATION('',(#6784),#6788);
#6784 = LINE('',#6785,#6786);
#6785 = CARTESIAN_POINT('',(6.28318530718,0.));
#6786 = VECTOR('',#6787,1.);
#6787 = DIRECTION('',(0.,1.));
#6788 = ( GEOMETRIC_REPRESENTATION_CONTEXT(2) 
PARAMETRIC_REPRESENTATION_CONTEXT() REPRESENTATION_CONTEXT('2D SPACE',''
  ) );
#6789 = PCURVE('',#1250,#6790);
#6790 = DEFINITIONAL_REPRESENTATION('',(#6791),#6795);
#6791 = LINE('',#6792,#6793);
#6792 = CARTESIAN_POINT('',(0.,0.));
#6793 = VECTOR('',#6794,1.);
#6794 = DIRECTION('',(0.,1.));
#6795 = ( GEOMETRIC_REPRESENTATION_CONTEXT(2) 
PARAMETRIC_REPRESENTATION_CONTEXT() REPRESENTATION_CONTEXT('2D SPACE',''
  ) );
#6796 = ORIENTED_EDGE('',*,*,#1233,.T.);
#6797 = ORIENTED_EDGE('',*,*,#6777,.F.);
#6798 = ORIENTED_EDGE('',*,*,#6799,.T.);
#6799 = EDGE_CURVE('',#6745,#6743,#6800,.T.);
#6800 = SURFACE_CURVE('',#6801,(#6806,#6813),.PCURVE_S1.);
#6801 = CIRCLE('',#6802,1.7);
#6802 = AXIS2_PLACEMENT_3D('',#6803,#6804,#6805);
#6803 = CARTESIAN_POINT('',(-41.,-28.5,82.));
#6804 = DIRECTION('',(0.,0.,-1.));
#6805 = DIRECTION('',(-1.,0.,0.));
#6806 = PCURVE('',#1250,#6807);
#6807 = DEFINITIONAL_REPRESENTATION('',(#6808),#6812);
#6808 = LINE('',#6809,#6810);
#6809 = CARTESIAN_POINT('',(-6.28318530718,1.));
#6810 = VECTOR('',#6811,1.);
#6811 = DIRECTION('',(1.,0.));
#6812 = ( GEOMETRIC_REPRESENTATION_CONTEXT(2) 
PARAMETRIC_REPRESENTATION_CONTEXT() REPRESENTATION_CONTEXT('2D SPACE',''
  ) );
#6813 = PCURVE('',#6761,#6814);
#6814 = DEFINITIONAL_REPRESENTATION('',(#6815),#6823);
#6815 = ( BOUNDED_CURVE() B_SPLINE_CURVE(2,(#6816,#6817,#6818,#6819,
#6820,#6821,#6822),.UNSPECIFIED.,.T.,.F.) B_SPLINE_CURVE_WITH_KNOTS((1,2
    ,2,2,2,1),(-2.094395102393,0.,2.094395102393,4.188790204786,
6.28318530718,8.377580409573),.UNSPECIFIED.) CURVE() 
GEOMETRIC_REPRESENTATION_ITEM() RATIONAL_B_SPLINE_CURVE((1.,0.5,1.,0.5,
1.,0.5,1.)) REPRESENTATION_ITEM('') );
#6816 = CARTESIAN_POINT('',(-8.120023929826,-28.5));
#6817 = CARTESIAN_POINT('',(-8.120023929826,-25.55551362713));
#6818 = CARTESIAN_POINT('',(-5.570023929826,-27.02775681356));
#6819 = CARTESIAN_POINT('',(-3.020023929826,-28.5));
#6820 = CARTESIAN_POINT('',(-5.570023929826,-29.97224318643));
#6821 = CARTESIAN_POINT('',(-8.120023929826,-31.44448637286));
#6822 = CARTESIAN_POINT('',(-8.120023929826,-28.5));
#6823 = ( GEOMETRIC_REPRESENTATION_CONTEXT(2) 
PARAMETRIC_REPRESENTATION_CONTEXT() REPRESENTATION_CONTEXT('2D SPACE',''
  ) );
#6824 = ADVANCED_FACE('',(#6825),#1219,.F.);
#6825 = FACE_BOUND('',#6826,.F.);
#6826 = EDGE_LOOP('',(#6827,#6857,#6877,#6878,#6879));
#6827 = ORIENTED_EDGE('',*,*,#6828,.T.);
#6828 = EDGE_CURVE('',#6829,#6831,#6833,.T.);
#6829 = VERTEX_POINT('',#6830);
#6830 = CARTESIAN_POINT('',(-39.3,25.5,82.));
#6831 = VERTEX_POINT('',#6832);
#6832 = CARTESIAN_POINT('',(-42.7,25.5,82.));
#6833 = SURFACE_CURVE('',#6834,(#6839,#6846),.PCURVE_S1.);
#6834 = CIRCLE('',#6835,1.7);
#6835 = AXIS2_PLACEMENT_3D('',#6836,#6837,#6838);
#6836 = CARTESIAN_POINT('',(-41.,25.5,82.));
#6837 = DIRECTION('',(0.,0.,-1.));
#6838 = DIRECTION('',(-1.,0.,0.));
#6839 = PCURVE('',#1219,#6840);
#6840 = DEFINITIONAL_REPRESENTATION('',(#6841),#6845);
#6841 = LINE('',#6842,#6843);
#6842 = CARTESIAN_POINT('',(0.,1.));
#6843 = VECTOR('',#6844,1.);
#6844 = DIRECTION('',(1.,0.));
#6845 = ( GEOMETRIC_REPRESENTATION_CONTEXT(2) 
PARAMETRIC_REPRESENTATION_CONTEXT() REPRESENTATION_CONTEXT('2D SPACE',''
  ) );
#6846 = PCURVE('',#6761,#6847);
#6847 = DEFINITIONAL_REPRESENTATION('',(#6848),#6856);
#6848 = ( BOUNDED_CURVE() B_SPLINE_CURVE(2,(#6849,#6850,#6851,#6852,
#6853,#6854,#6855),.UNSPECIFIED.,.T.,.F.) B_SPLINE_CURVE_WITH_KNOTS((1,2
    ,2,2,2,1),(-2.094395102393,0.,2.094395102393,4.188790204786,
6.28318530718,8.377580409573),.UNSPECIFIED.) CURVE() 
GEOMETRIC_REPRESENTATION_ITEM() RATIONAL_B_SPLINE_CURVE((1.,0.5,1.,0.5,
1.,0.5,1.)) REPRESENTATION_ITEM('') );
#6849 = CARTESIAN_POINT('',(-8.120023929826,25.5));
#6850 = CARTESIAN_POINT('',(-8.120023929826,28.444486372867));
#6851 = CARTESIAN_POINT('',(-5.570023929826,26.972243186434));
#6852 = CARTESIAN_POINT('',(-3.020023929826,25.5));
#6853 = CARTESIAN_POINT('',(-5.570023929826,24.027756813566));
#6854 = CARTESIAN_POINT('',(-8.120023929826,22.555513627133));
#6855 = CARTESIAN_POINT('',(-8.120023929826,25.5));
#6856 = ( GEOMETRIC_REPRESENTATION_CONTEXT(2) 
PARAMETRIC_REPRESENTATION_CONTEXT() REPRESENTATION_CONTEXT('2D SPACE',''
  ) );
#6857 = ORIENTED_EDGE('',*,*,#6858,.T.);
#6858 = EDGE_CURVE('',#6831,#1203,#6859,.T.);
#6859 = SEAM_CURVE('',#6860,(#6863,#6870),.PCURVE_S1.);
#6860 = B_SPLINE_CURVE_WITH_KNOTS('',1,(#6861,#6862),.UNSPECIFIED.,.F.,
  .F.,(2,2),(1.,4.),.PIECEWISE_BEZIER_KNOTS.);
#6861 = CARTESIAN_POINT('',(-42.7,25.5,82.));
#6862 = CARTESIAN_POINT('',(-42.7,25.5,79.));
#6863 = PCURVE('',#1219,#6864);
#6864 = DEFINITIONAL_REPRESENTATION('',(#6865),#6869);
#6865 = LINE('',#6866,#6867);
#6866 = CARTESIAN_POINT('',(6.28318530718,0.));
#6867 = VECTOR('',#6868,1.);
#6868 = DIRECTION('',(0.,1.));
#6869 = ( GEOMETRIC_REPRESENTATION_CONTEXT(2) 
PARAMETRIC_REPRESENTATION_CONTEXT() REPRESENTATION_CONTEXT('2D SPACE',''
  ) );
#6870 = PCURVE('',#1219,#6871);
#6871 = DEFINITIONAL_REPRESENTATION('',(#6872),#6876);
#6872 = LINE('',#6873,#6874);
#6873 = CARTESIAN_POINT('',(0.,0.));
#6874 = VECTOR('',#6875,1.);
#6875 = DIRECTION('',(0.,1.));
#6876 = ( GEOMETRIC_REPRESENTATION_CONTEXT(2) 
PARAMETRIC_REPRESENTATION_CONTEXT() REPRESENTATION_CONTEXT('2D SPACE',''
  ) );
#6877 = ORIENTED_EDGE('',*,*,#1202,.T.);
#6878 = ORIENTED_EDGE('',*,*,#6858,.F.);
#6879 = ORIENTED_EDGE('',*,*,#6880,.T.);
#6880 = EDGE_CURVE('',#6831,#6829,#6881,.T.);
#6881 = SURFACE_CURVE('',#6882,(#6887,#6894),.PCURVE_S1.);
#6882 = CIRCLE('',#6883,1.7);
#6883 = AXIS2_PLACEMENT_3D('',#6884,#6885,#6886);
#6884 = CARTESIAN_POINT('',(-41.,25.5,82.));
#6885 = DIRECTION('',(0.,0.,-1.));
#6886 = DIRECTION('',(-1.,0.,0.));
#6887 = PCURVE('',#1219,#6888);
#6888 = DEFINITIONAL_REPRESENTATION('',(#6889),#6893);
#6889 = LINE('',#6890,#6891);
#6890 = CARTESIAN_POINT('',(-6.28318530718,1.));
#6891 = VECTOR('',#6892,1.);
#6892 = DIRECTION('',(1.,0.));
#6893 = ( GEOMETRIC_REPRESENTATION_CONTEXT(2) 
PARAMETRIC_REPRESENTATION_CONTEXT() REPRESENTATION_CONTEXT('2D SPACE',''
  ) );
#6894 = PCURVE('',#6761,#6895);
#6895 = DEFINITIONAL_REPRESENTATION('',(#6896),#6904);
#6896 = ( BOUNDED_CURVE() B_SPLINE_CURVE(2,(#6897,#6898,#6899,#6900,
#6901,#6902,#6903),.UNSPECIFIED.,.T.,.F.) B_SPLINE_CURVE_WITH_KNOTS((1,2
    ,2,2,2,1),(-2.094395102393,0.,2.094395102393,4.188790204786,
6.28318530718,8.377580409573),.UNSPECIFIED.) CURVE() 
GEOMETRIC_REPRESENTATION_ITEM() RATIONAL_B_SPLINE_CURVE((1.,0.5,1.,0.5,
1.,0.5,1.)) REPRESENTATION_ITEM('') );
#6897 = CARTESIAN_POINT('',(-8.120023929826,25.5));
#6898 = CARTESIAN_POINT('',(-8.120023929826,28.444486372867));
#6899 = CARTESIAN_POINT('',(-5.570023929826,26.972243186434));
#6900 = CARTESIAN_POINT('',(-3.020023929826,25.5));
#6901 = CARTESIAN_POINT('',(-5.570023929826,24.027756813566));
#6902 = CARTESIAN_POINT('',(-8.120023929826,22.555513627133));
#6903 = CARTESIAN_POINT('',(-8.120023929826,25.5));
#6904 = ( GEOMETRIC_REPRESENTATION_CONTEXT(2) 
PARAMETRIC_REPRESENTATION_CONTEXT() REPRESENTATION_CONTEXT('2D SPACE',''
  ) );
#6905 = ADVANCED_FACE('',(#6906),#1188,.F.);
#6906 = FACE_BOUND('',#6907,.F.);
#6907 = EDGE_LOOP('',(#6908,#6938,#6958,#6959,#6960));
#6908 = ORIENTED_EDGE('',*,*,#6909,.T.);
#6909 = EDGE_CURVE('',#6910,#6912,#6914,.T.);
#6910 = VERTEX_POINT('',#6911);
#6911 = CARTESIAN_POINT('',(-69.3,25.5,82.));
#6912 = VERTEX_POINT('',#6913);
#6913 = CARTESIAN_POINT('',(-72.7,25.5,82.));
#6914 = SURFACE_CURVE('',#6915,(#6920,#6927),.PCURVE_S1.);
#6915 = CIRCLE('',#6916,1.7);
#6916 = AXIS2_PLACEMENT_3D('',#6917,#6918,#6919);
#6917 = CARTESIAN_POINT('',(-71.,25.5,82.));
#6918 = DIRECTION('',(0.,0.,-1.));
#6919 = DIRECTION('',(-1.,0.,0.));
#6920 = PCURVE('',#1188,#6921);
#6921 = DEFINITIONAL_REPRESENTATION('',(#6922),#6926);
#6922 = LINE('',#6923,#6924);
#6923 = CARTESIAN_POINT('',(0.,1.));
#6924 = VECTOR('',#6925,1.);
#6925 = DIRECTION('',(1.,0.));
#6926 = ( GEOMETRIC_REPRESENTATION_CONTEXT(2) 
PARAMETRIC_REPRESENTATION_CONTEXT() REPRESENTATION_CONTEXT('2D SPACE',''
  ) );
#6927 = PCURVE('',#6761,#6928);
#6928 = DEFINITIONAL_REPRESENTATION('',(#6929),#6937);
#6929 = ( BOUNDED_CURVE() B_SPLINE_CURVE(2,(#6930,#6931,#6932,#6933,
#6934,#6935,#6936),.UNSPECIFIED.,.T.,.F.) B_SPLINE_CURVE_WITH_KNOTS((1,2
    ,2,2,2,1),(-2.094395102393,0.,2.094395102393,4.188790204786,
6.28318530718,8.377580409573),.UNSPECIFIED.) CURVE() 
GEOMETRIC_REPRESENTATION_ITEM() RATIONAL_B_SPLINE_CURVE((1.,0.5,1.,0.5,
1.,0.5,1.)) REPRESENTATION_ITEM('') );
#6930 = CARTESIAN_POINT('',(-38.12002392982,25.5));
#6931 = CARTESIAN_POINT('',(-38.12002392982,28.444486372867));
#6932 = CARTESIAN_POINT('',(-35.57002392982,26.972243186434));
#6933 = CARTESIAN_POINT('',(-33.02002392982,25.5));
#6934 = CARTESIAN_POINT('',(-35.57002392982,24.027756813566));
#6935 = CARTESIAN_POINT('',(-38.12002392982,22.555513627133));
#6936 = CARTESIAN_POINT('',(-38.12002392982,25.5));
#6937 = ( GEOMETRIC_REPRESENTATION_CONTEXT(2) 
PARAMETRIC_REPRESENTATION_CONTEXT() REPRESENTATION_CONTEXT('2D SPACE',''
  ) );
#6938 = ORIENTED_EDGE('',*,*,#6939,.T.);
#6939 = EDGE_CURVE('',#6912,#1172,#6940,.T.);
#6940 = SEAM_CURVE('',#6941,(#6944,#6951),.PCURVE_S1.);
#6941 = B_SPLINE_CURVE_WITH_KNOTS('',1,(#6942,#6943),.UNSPECIFIED.,.F.,
  .F.,(2,2),(1.,4.),.PIECEWISE_BEZIER_KNOTS.);
#6942 = CARTESIAN_POINT('',(-72.7,25.5,82.));
#6943 = CARTESIAN_POINT('',(-72.7,25.5,79.));
#6944 = PCURVE('',#1188,#6945);
#6945 = DEFINITIONAL_REPRESENTATION('',(#6946),#6950);
#6946 = LINE('',#6947,#6948);
#6947 = CARTESIAN_POINT('',(6.28318530718,0.));
#6948 = VECTOR('',#6949,1.);
#6949 = DIRECTION('',(0.,1.));
#6950 = ( GEOMETRIC_REPRESENTATION_CONTEXT(2) 
PARAMETRIC_REPRESENTATION_CONTEXT() REPRESENTATION_CONTEXT('2D SPACE',''
  ) );
#6951 = PCURVE('',#1188,#6952);
#6952 = DEFINITIONAL_REPRESENTATION('',(#6953),#6957);
#6953 = LINE('',#6954,#6955);
#6954 = CARTESIAN_POINT('',(0.,0.));
#6955 = VECTOR('',#6956,1.);
#6956 = DIRECTION('',(0.,1.));
#6957 = ( GEOMETRIC_REPRESENTATION_CONTEXT(2) 
PARAMETRIC_REPRESENTATION_CONTEXT() REPRESENTATION_CONTEXT('2D SPACE',''
  ) );
#6958 = ORIENTED_EDGE('',*,*,#1171,.T.);
#6959 = ORIENTED_EDGE('',*,*,#6939,.F.);
#6960 = ORIENTED_EDGE('',*,*,#6961,.T.);
#6961 = EDGE_CURVE('',#6912,#6910,#6962,.T.);
#6962 = SURFACE_CURVE('',#6963,(#6968,#6975),.PCURVE_S1.);
#6963 = CIRCLE('',#6964,1.7);
#6964 = AXIS2_PLACEMENT_3D('',#6965,#6966,#6967);
#6965 = CARTESIAN_POINT('',(-71.,25.5,82.));
#6966 = DIRECTION('',(0.,0.,-1.));
#6967 = DIRECTION('',(-1.,0.,0.));
#6968 = PCURVE('',#1188,#6969);
#6969 = DEFINITIONAL_REPRESENTATION('',(#6970),#6974);
#6970 = LINE('',#6971,#6972);
#6971 = CARTESIAN_POINT('',(-6.28318530718,1.));
#6972 = VECTOR('',#6973,1.);
#6973 = DIRECTION('',(1.,0.));
#6974 = ( GEOMETRIC_REPRESENTATION_CONTEXT(2) 
PARAMETRIC_REPRESENTATION_CONTEXT() REPRESENTATION_CONTEXT('2D SPACE',''
  ) );
#6975 = PCURVE('',#6761,#6976);
#6976 = DEFINITIONAL_REPRESENTATION('',(#6977),#6985);
#6977 = ( BOUNDED_CURVE() B_SPLINE_CURVE(2,(#6978,#6979,#6980,#6981,
#6982,#6983,#6984),.UNSPECIFIED.,.T.,.F.) B_SPLINE_CURVE_WITH_KNOTS((1,2
    ,2,2,2,1),(-2.094395102393,0.,2.094395102393,4.188790204786,
6.28318530718,8.377580409573),.UNSPECIFIED.) CURVE() 
GEOMETRIC_REPRESENTATION_ITEM() RATIONAL_B_SPLINE_CURVE((1.,0.5,1.,0.5,
1.,0.5,1.)) REPRESENTATION_ITEM('') );
#6978 = CARTESIAN_POINT('',(-38.12002392982,25.5));
#6979 = CARTESIAN_POINT('',(-38.12002392982,28.444486372867));
#6980 = CARTESIAN_POINT('',(-35.57002392982,26.972243186434));
#6981 = CARTESIAN_POINT('',(-33.02002392982,25.5));
#6982 = CARTESIAN_POINT('',(-35.57002392982,24.027756813566));
#6983 = CARTESIAN_POINT('',(-38.12002392982,22.555513627133));
#6984 = CARTESIAN_POINT('',(-38.12002392982,25.5));
#6985 = ( GEOMETRIC_REPRESENTATION_CONTEXT(2) 
PARAMETRIC_REPRESENTATION_CONTEXT() REPRESENTATION_CONTEXT('2D SPACE',''
  ) );
#6986 = ADVANCED_FACE('',(#6987),#1157,.F.);
#6987 = FACE_BOUND('',#6988,.F.);
#6988 = EDGE_LOOP('',(#6989,#7019,#7039,#7040,#7041));
#6989 = ORIENTED_EDGE('',*,*,#6990,.T.);
#6990 = EDGE_CURVE('',#6991,#6993,#6995,.T.);
#6991 = VERTEX_POINT('',#6992);
#6992 = CARTESIAN_POINT('',(-69.3,-28.5,82.));
#6993 = VERTEX_POINT('',#6994);
#6994 = CARTESIAN_POINT('',(-72.7,-28.5,82.));
#6995 = SURFACE_CURVE('',#6996,(#7001,#7008),.PCURVE_S1.);
#6996 = CIRCLE('',#6997,1.7);
#6997 = AXIS2_PLACEMENT_3D('',#6998,#6999,#7000);
#6998 = CARTESIAN_POINT('',(-71.,-28.5,82.));
#6999 = DIRECTION('',(0.,0.,-1.));
#7000 = DIRECTION('',(-1.,0.,0.));
#7001 = PCURVE('',#1157,#7002);
#7002 = DEFINITIONAL_REPRESENTATION('',(#7003),#7007);
#7003 = LINE('',#7004,#7005);
#7004 = CARTESIAN_POINT('',(0.,1.));
#7005 = VECTOR('',#7006,1.);
#7006 = DIRECTION('',(1.,0.));
#7007 = ( GEOMETRIC_REPRESENTATION_CONTEXT(2) 
PARAMETRIC_REPRESENTATION_CONTEXT() REPRESENTATION_CONTEXT('2D SPACE',''
  ) );
#7008 = PCURVE('',#6761,#7009);
#7009 = DEFINITIONAL_REPRESENTATION('',(#7010),#7018);
#7010 = ( BOUNDED_CURVE() B_SPLINE_CURVE(2,(#7011,#7012,#7013,#7014,
#7015,#7016,#7017),.UNSPECIFIED.,.T.,.F.) B_SPLINE_CURVE_WITH_KNOTS((1,2
    ,2,2,2,1),(-2.094395102393,0.,2.094395102393,4.188790204786,
6.28318530718,8.377580409573),.UNSPECIFIED.) CURVE() 
GEOMETRIC_REPRESENTATION_ITEM() RATIONAL_B_SPLINE_CURVE((1.,0.5,1.,0.5,
1.,0.5,1.)) REPRESENTATION_ITEM('') );
#7011 = CARTESIAN_POINT('',(-38.12002392982,-28.5));
#7012 = CARTESIAN_POINT('',(-38.12002392982,-25.55551362713));
#7013 = CARTESIAN_POINT('',(-35.57002392982,-27.02775681356));
#7014 = CARTESIAN_POINT('',(-33.02002392982,-28.5));
#7015 = CARTESIAN_POINT('',(-35.57002392982,-29.97224318643));
#7016 = CARTESIAN_POINT('',(-38.12002392982,-31.44448637286));
#7017 = CARTESIAN_POINT('',(-38.12002392982,-28.5));
#7018 = ( GEOMETRIC_REPRESENTATION_CONTEXT(2) 
PARAMETRIC_REPRESENTATION_CONTEXT() REPRESENTATION_CONTEXT('2D SPACE',''
  ) );
#7019 = ORIENTED_EDGE('',*,*,#7020,.T.);
#7020 = EDGE_CURVE('',#6993,#1141,#7021,.T.);
#7021 = SEAM_CURVE('',#7022,(#7025,#7032),.PCURVE_S1.);
#7022 = B_SPLINE_CURVE_WITH_KNOTS('',1,(#7023,#7024),.UNSPECIFIED.,.F.,
  .F.,(2,2),(1.,4.),.PIECEWISE_BEZIER_KNOTS.);
#7023 = CARTESIAN_POINT('',(-72.7,-28.5,82.));
#7024 = CARTESIAN_POINT('',(-72.7,-28.5,79.));
#7025 = PCURVE('',#1157,#7026);
#7026 = DEFINITIONAL_REPRESENTATION('',(#7027),#7031);
#7027 = LINE('',#7028,#7029);
#7028 = CARTESIAN_POINT('',(6.28318530718,0.));
#7029 = VECTOR('',#7030,1.);
#7030 = DIRECTION('',(0.,1.));
#7031 = ( GEOMETRIC_REPRESENTATION_CONTEXT(2) 
PARAMETRIC_REPRESENTATION_CONTEXT() REPRESENTATION_CONTEXT('2D SPACE',''
  ) );
#7032 = PCURVE('',#1157,#7033);
#7033 = DEFINITIONAL_REPRESENTATION('',(#7034),#7038);
#7034 = LINE('',#7035,#7036);
#7035 = CARTESIAN_POINT('',(0.,0.));
#7036 = VECTOR('',#7037,1.);
#7037 = DIRECTION('',(0.,1.));
#7038 = ( GEOMETRIC_REPRESENTATION_CONTEXT(2) 
PARAMETRIC_REPRESENTATION_CONTEXT() REPRESENTATION_CONTEXT('2D SPACE',''
  ) );
#7039 = ORIENTED_EDGE('',*,*,#1140,.T.);
#7040 = ORIENTED_EDGE('',*,*,#7020,.F.);
#7041 = ORIENTED_EDGE('',*,*,#7042,.T.);
#7042 = EDGE_CURVE('',#6993,#6991,#7043,.T.);
#7043 = SURFACE_CURVE('',#7044,(#7049,#7056),.PCURVE_S1.);
#7044 = CIRCLE('',#7045,1.7);
#7045 = AXIS2_PLACEMENT_3D('',#7046,#7047,#7048);
#7046 = CARTESIAN_POINT('',(-71.,-28.5,82.));
#7047 = DIRECTION('',(0.,0.,-1.));
#7048 = DIRECTION('',(-1.,0.,0.));
#7049 = PCURVE('',#1157,#7050);
#7050 = DEFINITIONAL_REPRESENTATION('',(#7051),#7055);
#7051 = LINE('',#7052,#7053);
#7052 = CARTESIAN_POINT('',(-6.28318530718,1.));
#7053 = VECTOR('',#7054,1.);
#7054 = DIRECTION('',(1.,0.));
#7055 = ( GEOMETRIC_REPRESENTATION_CONTEXT(2) 
PARAMETRIC_REPRESENTATION_CONTEXT() REPRESENTATION_CONTEXT('2D SPACE',''
  ) );
#7056 = PCURVE('',#6761,#7057);
#7057 = DEFINITIONAL_REPRESENTATION('',(#7058),#7066);
#7058 = ( BOUNDED_CURVE() B_SPLINE_CURVE(2,(#7059,#7060,#7061,#7062,
#7063,#7064,#7065),.UNSPECIFIED.,.T.,.F.) B_SPLINE_CURVE_WITH_KNOTS((1,2
    ,2,2,2,1),(-2.094395102393,0.,2.094395102393,4.188790204786,
6.28318530718,8.377580409573),.UNSPECIFIED.) CURVE() 
GEOMETRIC_REPRESENTATION_ITEM() RATIONAL_B_SPLINE_CURVE((1.,0.5,1.,0.5,
1.,0.5,1.)) REPRESENTATION_ITEM('') );
#7059 = CARTESIAN_POINT('',(-38.12002392982,-28.5));
#7060 = CARTESIAN_POINT('',(-38.12002392982,-25.55551362713));
#7061 = CARTESIAN_POINT('',(-35.57002392982,-27.02775681356));
#7062 = CARTESIAN_POINT('',(-33.02002392982,-28.5));
#7063 = CARTESIAN_POINT('',(-35.57002392982,-29.97224318643));
#7064 = CARTESIAN_POINT('',(-38.12002392982,-31.44448637286));
#7065 = CARTESIAN_POINT('',(-38.12002392982,-28.5));
#7066 = ( GEOMETRIC_REPRESENTATION_CONTEXT(2) 
PARAMETRIC_REPRESENTATION_CONTEXT() REPRESENTATION_CONTEXT('2D SPACE',''
  ) );
#7067 = ADVANCED_FACE('',(#7068),#7083,.T.);
#7068 = FACE_BOUND('',#7069,.T.);
#7069 = EDGE_LOOP('',(#7070,#7221,#7336,#7449));
#7070 = ORIENTED_EDGE('',*,*,#7071,.T.);
#7071 = EDGE_CURVE('',#7072,#7074,#7076,.T.);
#7072 = VERTEX_POINT('',#7073);
#7073 = CARTESIAN_POINT('',(36.5,-10.,49.053808541186));
#7074 = VERTEX_POINT('',#7075);
#7075 = CARTESIAN_POINT('',(35.852127032675,-10.00941000784,
    49.796763129939));
#7076 = SURFACE_CURVE('',#7077,(#7082,#7149),.PCURVE_S1.);
#7077 = CIRCLE('',#7078,0.75);
#7078 = AXIS2_PLACEMENT_3D('',#7079,#7080,#7081);
#7079 = CARTESIAN_POINT('',(35.75,-10.,49.053808541186));
#7080 = DIRECTION('',(-4.589E-14,-0.999919800218,-1.266464102141E-02));
#7081 = DIRECTION('',(1.,-4.589368007284E-14,-4.66105395557E-20));
#7082 = PCURVE('',#7083,#7144);
#7083 = B_SPLINE_SURFACE_WITH_KNOTS('',3,3,(
    (#7084,#7085,#7086,#7087,#7088,#7089,#7090,#7091,#7092,#7093)
    ,(#7094,#7095,#7096,#7097,#7098,#7099,#7100,#7101,#7102,#7103)
    ,(#7104,#7105,#7106,#7107,#7108,#7109,#7110,#7111,#7112,#7113)
    ,(#7114,#7115,#7116,#7117,#7118,#7119,#7120,#7121,#7122,#7123)
    ,(#7124,#7125,#7126,#7127,#7128,#7129,#7130,#7131,#7132,#7133)
    ,(#7134,#7135,#7136,#7137,#7138,#7139,#7140,#7141,#7142,#7143
  )),.UNSPECIFIED.,.F.,.F.,.F.,(4,1,1,4),(4,1,1,1,1,1,1,4),(0.,
    0.285714285714,0.571428571429,1.),(0.,0.394124027542,0.788248055084,
    1.182372082626,1.576496110168,1.97062013771,2.364744165252,
    2.758868192794),.UNSPECIFIED.);
#7084 = CARTESIAN_POINT('',(53.3416667099,-10.04932935492,47.57183351041
    ));
#7085 = CARTESIAN_POINT('',(53.338112483858,-8.728389778328,
    47.660002768641));
#7086 = CARTESIAN_POINT('',(52.732816359375,-6.091278380484,
    47.851763770443));
#7087 = CARTESIAN_POINT('',(50.215175549077,-2.926167181611,
    48.169862315665));
#7088 = CARTESIAN_POINT('',(46.588800492026,-1.17330078074,
    48.542745359259));
#7089 = CARTESIAN_POINT('',(42.576033961408,-1.17241615526,
    48.972542543577));
#7090 = CARTESIAN_POINT('',(38.960796955746,-2.909124473896,
    49.406653749851));
#7091 = CARTESIAN_POINT('',(36.449858215792,-6.058804526495,
    49.741103019634));
#7092 = CARTESIAN_POINT('',(35.850352269511,-8.691357837459,
    49.813701086506));
#7093 = CARTESIAN_POINT('',(35.852127032675,-10.00941000784,
    49.796763129939));
#7094 = CARTESIAN_POINT('',(53.221621731809,-10.05030901432,
    47.586584016751));
#7095 = CARTESIAN_POINT('',(53.219040067499,-8.747306428748,
    47.672854045395));
#7096 = CARTESIAN_POINT('',(52.623533856175,-6.145144205306,
    47.861699022947));
#7097 = CARTESIAN_POINT('',(50.140976263554,-3.020765870676,
    48.176735561032));
#7098 = CARTESIAN_POINT('',(46.563302846956,-1.288648157816,
    48.546005966983));
#7099 = CARTESIAN_POINT('',(42.601869198204,-1.284288322317,
    48.970774362939));
#7100 = CARTESIAN_POINT('',(39.029431023591,-2.995786544273,
    49.399070870207));
#7101 = CARTESIAN_POINT('',(36.545524363103,-6.105471620441,
    49.72862026788));
#7102 = CARTESIAN_POINT('',(35.951908774356,-8.706793697377,
    49.79979276072));
#7103 = CARTESIAN_POINT('',(35.953615876273,-10.0092333411,
    49.782814643494));
#7104 = CARTESIAN_POINT('',(52.974814670705,-10.04833044806,
    47.55679319937));
#7105 = CARTESIAN_POINT('',(52.974578320081,-8.782015459019,
    47.640241936143));
#7106 = CARTESIAN_POINT('',(52.399193766245,-6.25100238778,
    47.82478074191));
#7107 = CARTESIAN_POINT('',(49.987162046903,-3.209224972259,
    48.135398820669));
#7108 = CARTESIAN_POINT('',(46.50685502336,-1.519171042853,48.499529716)
  );
#7109 = CARTESIAN_POINT('',(42.647903872344,-1.508078044014,
    48.917254313134));
#7110 = CARTESIAN_POINT('',(39.160891608931,-3.169174637359,
    49.337523129417));
#7111 = CARTESIAN_POINT('',(36.730953995049,-6.198712419135,
    49.66041999052));
#7112 = CARTESIAN_POINT('',(36.149025332087,-8.73734909283,
    49.72968087031));
#7113 = CARTESIAN_POINT('',(36.15050011432,-10.00834490021,
    49.712668980908));
#7114 = CARTESIAN_POINT('',(52.61507318355,-10.03196086304,
    47.310320121554));
#7115 = CARTESIAN_POINT('',(52.617773838707,-8.818256216633,
    47.393098960645));
#7116 = CARTESIAN_POINT('',(52.06964876873,-6.390048393868,
    47.576715259474));
#7117 = CARTESIAN_POINT('',(49.754184288808,-3.468052842459,
    47.8866839489));
#7118 = CARTESIAN_POINT('',(46.408145522734,-1.84150958365,
    48.250358683453));
#7119 = CARTESIAN_POINT('',(42.69291997408,-1.826288867955,
    48.667670618844));
#7120 = CARTESIAN_POINT('',(39.329718133999,-3.420010424645,
    49.087646462258));
#7121 = CARTESIAN_POINT('',(36.981376512919,-6.335264350172,
    49.410464647265));
#7122 = CARTESIAN_POINT('',(36.417664543994,-8.78103316169,
    49.479793638208));
#7123 = CARTESIAN_POINT('',(36.418499682988,-10.00518115456,
    49.462879673042));
#7124 = CARTESIAN_POINT('',(52.5,-10.01202308697,47.010121611554));
#7125 = CARTESIAN_POINT('',(52.501843023898,-8.81445670732,
    47.095539478888));
#7126 = CARTESIAN_POINT('',(51.957742874558,-6.419085307988,
    47.283333129206));
#7127 = CARTESIAN_POINT('',(49.666189266587,-3.538061307707,
    47.597908350797));
#7128 = CARTESIAN_POINT('',(46.356003047012,-1.937744193277,
    47.96734117284));
#7129 = CARTESIAN_POINT('',(42.684526313186,-1.930686071696,
    48.392704086524));
#7130 = CARTESIAN_POINT('',(39.366706114587,-3.510562948084,
    48.821947761753));
#7131 = CARTESIAN_POINT('',(37.054440754303,-6.387858744474,
    49.152528127739));
#7132 = CARTESIAN_POINT('',(36.499708361387,-8.796903749165,
    49.224203105022));
#7133 = CARTESIAN_POINT('',(36.5,-10.00194610652,49.207460780365));
#7134 = CARTESIAN_POINT('',(52.5,-10.,46.829092755477));
#7135 = CARTESIAN_POINT('',(52.5,-8.801500484524,46.916153847519));
#7136 = CARTESIAN_POINT('',(51.952062010512,-6.406420313517,
    47.106482267751));
#7137 = CARTESIAN_POINT('',(49.654170480422,-3.527715073011,
    47.423899400735));
#7138 = CARTESIAN_POINT('',(46.338250174258,-1.932990663517,
    47.796837029328));
#7139 = CARTESIAN_POINT('',(42.665337025438,-1.934861238536,
    48.227135280498));
#7140 = CARTESIAN_POINT('',(39.353532043726,-3.521666047354,
    48.662045645788));
#7141 = CARTESIAN_POINT('',(37.051327739699,-6.397364582347,
    48.997366193788));
#7142 = CARTESIAN_POINT('',(36.5,-8.798956437696,49.070446672275));
#7143 = CARTESIAN_POINT('',(36.5,-10.,49.053808541186));
#7144 = DEFINITIONAL_REPRESENTATION('',(#7145),#7148);
#7145 = B_SPLINE_CURVE_WITH_KNOTS('',1,(#7146,#7147),.UNSPECIFIED.,.F.,
  .F.,(2,2),(0.,1.434202588407),.PIECEWISE_BEZIER_KNOTS.);
#7146 = CARTESIAN_POINT('',(1.,2.758868192794));
#7147 = CARTESIAN_POINT('',(4.E-17,2.758868192794));
#7148 = ( GEOMETRIC_REPRESENTATION_CONTEXT(2) 
PARAMETRIC_REPRESENTATION_CONTEXT() REPRESENTATION_CONTEXT('2D SPACE',''
  ) );
#7149 = PCURVE('',#7150,#7216);
#7150 = B_SPLINE_SURFACE_WITH_KNOTS('',3,3,(
    (#7151,#7152,#7153,#7154,#7155,#7156,#7157,#7158,#7159,#7160,#7161
      ,#7162,#7163)
    ,(#7164,#7165,#7166,#7167,#7168,#7169,#7170,#7171,#7172,#7173,#7174
      ,#7175,#7176)
    ,(#7177,#7178,#7179,#7180,#7181,#7182,#7183,#7184,#7185,#7186,#7187
      ,#7188,#7189)
    ,(#7190,#7191,#7192,#7193,#7194,#7195,#7196,#7197,#7198,#7199,#7200
      ,#7201,#7202)
    ,(#7203,#7204,#7205,#7206,#7207,#7208,#7209,#7210,#7211,#7212,#7213
      ,#7214,#7215
    )),.UNSPECIFIED.,.F.,.F.,.F.,(4,1,4),(4,1,1,1,1,1,2,1,1,4),(0.,0.5,
    1.),(-3.660363268613,-2.634335963869,-2.121322311497,-1.608308659124
    ,-1.351801832938,-1.223548419845,-1.095295006752,-0.876236005402,
    -0.657177004051,0.),.UNSPECIFIED.);
#7151 = CARTESIAN_POINT('',(35.852127032675,-10.00941000784,
    49.796763129939));
#7152 = CARTESIAN_POINT('',(35.856747292639,-13.44070934862,
    49.752668366084));
#7153 = CARTESIAN_POINT('',(35.869004426587,-18.64606792482,
    49.601984477799));
#7154 = CARTESIAN_POINT('',(35.919664048124,-25.52193341363,
    48.472358641594));
#7155 = CARTESIAN_POINT('',(35.948248143849,-29.74157050791,
    46.748176662196));
#7156 = CARTESIAN_POINT('',(35.945309924603,-32.2847676381,
    44.941366769297));
#7157 = CARTESIAN_POINT('',(35.940384058465,-33.63715964696,
    43.787937930206));
#7158 = CARTESIAN_POINT('',(35.937049250767,-34.27610747033,
    43.176344161028));
#7159 = CARTESIAN_POINT('',(35.932515689918,-35.12012332527,
    42.330150188739));
#7160 = CARTESIAN_POINT('',(35.931052268319,-36.11261607344,
    41.152794617836));
#7161 = CARTESIAN_POINT('',(35.910927613558,-38.22569546539,
    38.082827929645));
#7162 = CARTESIAN_POINT('',(35.894876198116,-39.63771182385,
    35.463016524695));
#7163 = CARTESIAN_POINT('',(35.882882551773,-40.65484591179,
    33.512218775201));
#7164 = CARTESIAN_POINT('',(36.029732508972,-10.00910084104,
    49.77235327866));
#7165 = CARTESIAN_POINT('',(36.033429770434,-13.44002598752,
    49.727244013018));
#7166 = CARTESIAN_POINT('',(36.043325517013,-18.64469732212,
    49.574002579113));
#7167 = CARTESIAN_POINT('',(36.083214999819,-25.51308321663,
    48.434952305064));
#7168 = CARTESIAN_POINT('',(36.105357189634,-29.72087404901,
    46.709932360589));
#7169 = CARTESIAN_POINT('',(36.103082372219,-32.25840521903,
    44.907876645241));
#7170 = CARTESIAN_POINT('',(36.099266515094,-33.60888854277,43.757240035
    ));
#7171 = CARTESIAN_POINT('',(36.096677701038,-34.24719997911,
    43.14708660522));
#7172 = CARTESIAN_POINT('',(36.093155015725,-35.09049713617,
    42.302775162631));
#7173 = CARTESIAN_POINT('',(36.092017023449,-36.08047344761,
    41.128762662956));
#7174 = CARTESIAN_POINT('',(36.076345288061,-38.19434684741,
    38.064455936093));
#7175 = CARTESIAN_POINT('',(36.063702036611,-39.60833125485,
    35.44730256154));
#7176 = CARTESIAN_POINT('',(36.054213272008,-40.62748241717,
    33.497985753551));
#7177 = CARTESIAN_POINT('',(36.365544667658,-10.00679743738,
    49.590491122402));
#7178 = CARTESIAN_POINT('',(36.366768820244,-13.4348794851,
    49.544772975981));
#7179 = CARTESIAN_POINT('',(36.370021369963,-18.63404488102,
    49.389486495126));
#7180 = CARTESIAN_POINT('',(36.382893374726,-25.46654359439,
    48.248946117364));
#7181 = CARTESIAN_POINT('',(36.389856564805,-29.62844056483,
    46.539516089995));
#7182 = CARTESIAN_POINT('',(36.389142376526,-32.13998512509,
    44.756683059898));
#7183 = CARTESIAN_POINT('',(36.387937314513,-33.47912098444,
    43.616218431002));
#7184 = CARTESIAN_POINT('',(36.387119086112,-34.11273141033,
    43.010949762881));
#7185 = CARTESIAN_POINT('',(36.386003609967,-34.95011666436,
    42.173078112234));
#7186 = CARTESIAN_POINT('',(36.385652514994,-35.92747058587,
    41.014211283874));
#7187 = CARTESIAN_POINT('',(36.38066342696,-38.03130116593,
    37.968506136257));
#7188 = CARTESIAN_POINT('',(36.376630792219,-39.44321402854,
    35.358715929458));
#7189 = CARTESIAN_POINT('',(36.373540183872,-40.46248817515,
    33.412164601986));
#7190 = CARTESIAN_POINT('',(36.5,-10.00227045761,49.233069486895));
#7191 = CARTESIAN_POINT('',(36.499980820258,-13.42485320849,
    49.188937760471));
#7192 = CARTESIAN_POINT('',(36.500083882047,-18.612304227,
    49.037889964969));
#7193 = CARTESIAN_POINT('',(36.49996530517,-25.38278994025,
    47.921782181902));
#7194 = CARTESIAN_POINT('',(36.499938274802,-29.47161765224,
    46.251382067814));
#7195 = CARTESIAN_POINT('',(36.499940116538,-31.93884180607,
    44.499704774571));
#7196 = CARTESIAN_POINT('',(36.499955678359,-33.25709809356,
    43.374894815151));
#7197 = CARTESIAN_POINT('',(36.499962363781,-33.88158953228,
    42.776860463818));
#7198 = CARTESIAN_POINT('',(36.499972760498,-34.7072743576,
    41.948572542245));
#7199 = CARTESIAN_POINT('',(36.499955275119,-35.66226834955,
    40.81532604772));
#7200 = CARTESIAN_POINT('',(36.500025506335,-37.74070400655,
    37.796491886233));
#7201 = CARTESIAN_POINT('',(36.499954197352,-39.14074148785,
    35.196383647639));
#7202 = CARTESIAN_POINT('',(36.5,-40.1544418036,33.251935408416));
#7203 = CARTESIAN_POINT('',(36.5,-10.,49.053808541186));
#7204 = CARTESIAN_POINT('',(36.5,-13.41981672526,49.01049431621));
#7205 = CARTESIAN_POINT('',(36.5,-18.60144221172,48.861526609074));
#7206 = CARTESIAN_POINT('',(36.5,-25.34083537327,47.757819123768));
#7207 = CARTESIAN_POINT('',(36.5,-29.39307546914,46.107023133889));
#7208 = CARTESIAN_POINT('',(36.5,-31.83808507395,44.370954511786));
#7209 = CARTESIAN_POINT('',(36.5,-33.14586069681,43.253984938711));
#7210 = CARTESIAN_POINT('',(36.5,-33.76577415937,42.659571776291));
#7211 = CARTESIAN_POINT('',(36.5,-34.58558354091,41.83608104989));
#7212 = CARTESIAN_POINT('',(36.5,-35.52937842182,40.715682478372));
#7213 = CARTESIAN_POINT('',(36.5,-37.59500971621,37.7103037171));
#7214 = CARTESIAN_POINT('',(36.5,-38.98914143924,35.115014908474));
#7215 = CARTESIAN_POINT('',(36.5,-40.,33.171603069101));
#7216 = DEFINITIONAL_REPRESENTATION('',(#7217),#7220);
#7217 = B_SPLINE_CURVE_WITH_KNOTS('',1,(#7218,#7219),.UNSPECIFIED.,.F.,
  .F.,(2,2),(0.,1.434202588407),.PIECEWISE_BEZIER_KNOTS.);
#7218 = CARTESIAN_POINT('',(1.,-3.660363268613));
#7219 = CARTESIAN_POINT('',(2.83E-15,-3.660363268613));
#7220 = ( GEOMETRIC_REPRESENTATION_CONTEXT(2) 
PARAMETRIC_REPRESENTATION_CONTEXT() REPRESENTATION_CONTEXT('2D SPACE',''
  ) );
#7221 = ORIENTED_EDGE('',*,*,#7222,.T.);
#7222 = EDGE_CURVE('',#7074,#7223,#7225,.T.);
#7223 = VERTEX_POINT('',#7224);
#7224 = CARTESIAN_POINT('',(53.3416667099,-10.04932935492,47.57183351041
    ));
#7225 = SURFACE_CURVE('',#7226,(#7237,#7244),.PCURVE_S1.);
#7226 = B_SPLINE_CURVE_WITH_KNOTS('',3,(#7227,#7228,#7229,#7230,#7231,
    #7232,#7233,#7234,#7235,#7236),.UNSPECIFIED.,.F.,.F.,(4,1,1,1,1,1,1,
    4),(-2.758868192794,-2.364744165252,-1.97062013771,-1.576496110168,
    -1.182372082626,-0.788248055084,-0.394124027542,0.),.UNSPECIFIED.);
#7227 = CARTESIAN_POINT('',(35.852127032675,-10.00941000784,
    49.796763129939));
#7228 = CARTESIAN_POINT('',(35.850352269511,-8.691357837459,
    49.813701086506));
#7229 = CARTESIAN_POINT('',(36.449858215792,-6.058804526495,
    49.741103019634));
#7230 = CARTESIAN_POINT('',(38.960796955746,-2.909124473896,
    49.406653749851));
#7231 = CARTESIAN_POINT('',(42.576033961408,-1.17241615526,
    48.972542543577));
#7232 = CARTESIAN_POINT('',(46.588800492026,-1.17330078074,
    48.542745359259));
#7233 = CARTESIAN_POINT('',(50.215175549077,-2.926167181611,
    48.169862315665));
#7234 = CARTESIAN_POINT('',(52.732816359375,-6.091278380484,
    47.851763770443));
#7235 = CARTESIAN_POINT('',(53.338112483858,-8.728389778328,
    47.660002768641));
#7236 = CARTESIAN_POINT('',(53.3416667099,-10.04932935492,47.57183351041
    ));
#7237 = PCURVE('',#7083,#7238);
#7238 = DEFINITIONAL_REPRESENTATION('',(#7239),#7243);
#7239 = LINE('',#7240,#7241);
#7240 = CARTESIAN_POINT('',(2.41E-15,0.));
#7241 = VECTOR('',#7242,1.);
#7242 = DIRECTION('',(8.9E-16,-1.));
#7243 = ( GEOMETRIC_REPRESENTATION_CONTEXT(2) 
PARAMETRIC_REPRESENTATION_CONTEXT() REPRESENTATION_CONTEXT('2D SPACE',''
  ) );
#7244 = PCURVE('',#7245,#7286);
#7245 = B_SPLINE_SURFACE_WITH_KNOTS('',3,3,(
    (#7246,#7247,#7248,#7249,#7250,#7251,#7252,#7253,#7254,#7255)
    ,(#7256,#7257,#7258,#7259,#7260,#7261,#7262,#7263,#7264,#7265)
    ,(#7266,#7267,#7268,#7269,#7270,#7271,#7272,#7273,#7274,#7275)
    ,(#7276,#7277,#7278,#7279,#7280,#7281,#7282,#7283,#7284,#7285
  )),.UNSPECIFIED.,.F.,.F.,.F.,(4,4),(4,2,2,2,4),(0.,1.),(0.,
    0.132926200126,0.453971932017,0.829209558084,1.),.UNSPECIFIED.);
#7246 = CARTESIAN_POINT('',(15.,-76.,8.));
#7247 = CARTESIAN_POINT('',(15.064245234735,-69.83946844645,
    6.557742902037));
#7248 = CARTESIAN_POINT('',(15.064245234735,-64.50613511312,
    6.557742902037));
#7249 = CARTESIAN_POINT('',(14.844833761992,-49.11670201939,
    11.48336509397));
#7250 = CARTESIAN_POINT('',(14.125150330861,-45.02827594315,
    35.579139637471));
#7251 = CARTESIAN_POINT('',(12.57461186414,-38.08304692928,
    53.16855238833));
#7252 = CARTESIAN_POINT('',(12.068549100576,-40.89256352831,
    52.550078161305));
#7253 = CARTESIAN_POINT('',(9.26978466608,-42.94148986496,
    58.457795800827));
#7254 = CARTESIAN_POINT('',(8.221384134286,-43.8412857014,
    60.254482817617));
#7255 = CARTESIAN_POINT('',(7.,-45.,62.));
#7256 = CARTESIAN_POINT('',(35.,-76.,8.));
#7257 = CARTESIAN_POINT('',(35.043531595163,-70.10599408742,
    6.587942158983));
#7258 = CARTESIAN_POINT('',(35.043531595163,-64.77266075409,
    6.587942158983));
#7259 = CARTESIAN_POINT('',(34.894861714122,-48.47298453261,
    11.410427309396));
#7260 = CARTESIAN_POINT('',(36.706614495594,-41.68752849605,
    35.041485534855));
#7261 = CARTESIAN_POINT('',(30.669060368841,-27.68381844577,
    52.176228924911));
#7262 = CARTESIAN_POINT('',(19.913997726875,-24.05580359756,
    50.624512792066));
#7263 = CARTESIAN_POINT('',(11.634633305023,-18.10344388831,
    57.412440512351));
#7264 = CARTESIAN_POINT('',(9.226529882602,-16.44835582319,
    59.649352027648));
#7265 = CARTESIAN_POINT('',(7.,-15.,62.));
#7266 = CARTESIAN_POINT('',(55.,-76.,8.));
#7267 = CARTESIAN_POINT('',(55.02281795559,-70.37251972839,6.61814141593
    ));
#7268 = CARTESIAN_POINT('',(55.02281795559,-65.03918639506,6.61814141593
    ));
#7269 = CARTESIAN_POINT('',(54.944889666252,-47.82926704582,
    11.337489524822));
#7270 = CARTESIAN_POINT('',(59.288078660327,-38.34678104895,
    34.503831432239));
#7271 = CARTESIAN_POINT('',(48.763508873541,-17.28458996227,
    51.183905461492));
#7272 = CARTESIAN_POINT('',(27.759446353174,-7.219043666817,
    48.698947422826));
#7273 = CARTESIAN_POINT('',(13.999481943966,6.734602088328,
    56.367085223875));
#7274 = CARTESIAN_POINT('',(10.231675630919,10.944574055005,
    59.044221237678));
#7275 = CARTESIAN_POINT('',(7.,15.,62.));
#7276 = CARTESIAN_POINT('',(75.,-76.,8.));
#7277 = CARTESIAN_POINT('',(75.002104316018,-70.63904536936,
    6.648340672876));
#7278 = CARTESIAN_POINT('',(75.002104316018,-65.30571203603,
    6.648340672876));
#7279 = CARTESIAN_POINT('',(74.994917618383,-47.18554955904,
    11.264551740248));
#7280 = CARTESIAN_POINT('',(81.869542825059,-35.00603360185,
    33.966177329623));
#7281 = CARTESIAN_POINT('',(66.857957378241,-6.885361478767,
    50.191581998073));
#7282 = CARTESIAN_POINT('',(35.604894979473,9.617716263934,
    46.773382053587));
#7283 = CARTESIAN_POINT('',(16.364330582909,31.572648064975,
    55.321729935399));
#7284 = CARTESIAN_POINT('',(11.236821379235,38.337503933209,
    58.439090447708));
#7285 = CARTESIAN_POINT('',(7.,45.,62.));
#7286 = DEFINITIONAL_REPRESENTATION('',(#7287),#7335);
#7287 = B_SPLINE_CURVE_WITH_KNOTS('',3,(#7288,#7289,#7290,#7291,#7292,
    #7293,#7294,#7295,#7296,#7297,#7298,#7299,#7300,#7301,#7302,#7303,
    #7304,#7305,#7306,#7307,#7308,#7309,#7310,#7311,#7312,#7313,#7314,
    #7315,#7316,#7317,#7318,#7319,#7320,#7321,#7322,#7323,#7324,#7325,
    #7326,#7327,#7328,#7329,#7330,#7331,#7332,#7333,#7334),
  .UNSPECIFIED.,.F.,.F.,(4,1,1,1,1,1,1,1,1,1,1,1,1,1,1,1,1,1,1,1,1,1,1,1
    ,1,1,1,1,1,1,1,1,1,1,1,1,1,1,1,1,1,1,1,1,4),(-2.758868192794,
    -2.696166642958,-2.633465093122,-2.570763543286,-2.508061993449,
    -2.445360443613,-2.382658893777,-2.319957343941,-2.257255794104,
    -2.194554244268,-2.131852694432,-2.069151144596,-2.006449594759,
    -1.943748044923,-1.881046495087,-1.818344945251,-1.755643395415,
    -1.692941845578,-1.630240295742,-1.567538745906,-1.50483719607,
    -1.442135646233,-1.379434096397,-1.316732546561,-1.254030996725,
    -1.191329446888,-1.128627897052,-1.065926347216,-1.00322479738,
    -0.940523247543,-0.877821697707,-0.815120147871,-0.752418598035,
    -0.689717048199,-0.627015498362,-0.564313948526,-0.50161239869,
    -0.438910848854,-0.376209299017,-0.313507749181,-0.250806199345,
    -0.188104649509,-0.125403099672,-6.270154983623E-02,0.),
  .UNSPECIFIED.);
#7288 = CARTESIAN_POINT('',(0.682338859781,0.663220181867));
#7289 = CARTESIAN_POINT('',(0.685369073905,0.66412165118));
#7290 = CARTESIAN_POINT('',(0.691580831334,0.665816753944));
#7291 = CARTESIAN_POINT('',(0.70129900255,0.668036938671));
#7292 = CARTESIAN_POINT('',(0.711363914226,0.669935110938));
#7293 = CARTESIAN_POINT('',(0.72172296926,0.671513761965));
#7294 = CARTESIAN_POINT('',(0.732324158375,0.672776227452));
#7295 = CARTESIAN_POINT('',(0.743115897511,0.673727005573));
#7296 = CARTESIAN_POINT('',(0.754047295092,0.674369986878));
#7297 = CARTESIAN_POINT('',(0.76506535248,0.674716920354));
#7298 = CARTESIAN_POINT('',(0.776116181627,0.674781989872));
#7299 = CARTESIAN_POINT('',(0.787146007619,0.674578124535));
#7300 = CARTESIAN_POINT('',(0.798100745821,0.67411765768));
#7301 = CARTESIAN_POINT('',(0.808926362456,0.673412258553));
#7302 = CARTESIAN_POINT('',(0.819567591786,0.672471778797));
#7303 = CARTESIAN_POINT('',(0.829973222368,0.671308890915));
#7304 = CARTESIAN_POINT('',(0.840097592365,0.669940161061));
#7305 = CARTESIAN_POINT('',(0.849893566518,0.668379665689));
#7306 = CARTESIAN_POINT('',(0.859313980146,0.666640307501));
#7307 = CARTESIAN_POINT('',(0.868311464827,0.664733543788));
#7308 = CARTESIAN_POINT('',(0.87683789738,0.662669249922));
#7309 = CARTESIAN_POINT('',(0.884847030806,0.660456672304));
#7310 = CARTESIAN_POINT('',(0.892306673997,0.658108857846));
#7311 = CARTESIAN_POINT('',(0.89918314558,0.655637041366));
#7312 = CARTESIAN_POINT('',(0.905443019955,0.653051338929));
#7313 = CARTESIAN_POINT('',(0.911052524312,0.650360622047));
#7314 = CARTESIAN_POINT('',(0.915978377676,0.647572746833));
#7315 = CARTESIAN_POINT('',(0.920185192424,0.644694148962));
#7316 = CARTESIAN_POINT('',(0.923659757257,0.641734062823));
#7317 = CARTESIAN_POINT('',(0.926392038119,0.638701572764));
#7318 = CARTESIAN_POINT('',(0.92837117692,0.635605005303));
#7319 = CARTESIAN_POINT('',(0.929586247308,0.632452183895));
#7320 = CARTESIAN_POINT('',(0.930027137644,0.629250505813));
#7321 = CARTESIAN_POINT('',(0.929680208113,0.626006850447));
#7322 = CARTESIAN_POINT('',(0.928549497798,0.622728509121));
#7323 = CARTESIAN_POINT('',(0.926651974249,0.619423391268));
#7324 = CARTESIAN_POINT('',(0.924001577267,0.616099515798));
#7325 = CARTESIAN_POINT('',(0.920612743831,0.612765252402));
#7326 = CARTESIAN_POINT('',(0.916499949468,0.609429327091));
#7327 = CARTESIAN_POINT('',(0.91167568454,0.60610109825));
#7328 = CARTESIAN_POINT('',(0.90615915777,0.602789952616));
#7329 = CARTESIAN_POINT('',(0.899988344797,0.599504707888));
#7330 = CARTESIAN_POINT('',(0.893197960563,0.596255470323));
#7331 = CARTESIAN_POINT('',(0.885823038559,0.593053474638));
#7332 = CARTESIAN_POINT('',(0.877897938598,0.589911079809));
#7333 = CARTESIAN_POINT('',(0.872270103153,0.587865362522));
#7334 = CARTESIAN_POINT('',(0.869375703786,0.586857088176));
#7335 = ( GEOMETRIC_REPRESENTATION_CONTEXT(2) 
PARAMETRIC_REPRESENTATION_CONTEXT() REPRESENTATION_CONTEXT('2D SPACE',''
  ) );
#7336 = ORIENTED_EDGE('',*,*,#7337,.T.);
#7337 = EDGE_CURVE('',#7223,#7338,#7340,.T.);
#7338 = VERTEX_POINT('',#7339);
#7339 = CARTESIAN_POINT('',(52.5,-10.,46.829092755477));
#7340 = SURFACE_CURVE('',#7341,(#7346,#7352),.PCURVE_S1.);
#7341 = CIRCLE('',#7342,0.75);
#7342 = AXIS2_PLACEMENT_3D('',#7343,#7344,#7345);
#7343 = CARTESIAN_POINT('',(53.25,-10.,46.829092755477));
#7344 = DIRECTION('',(1.182040576531E-14,-0.997801773133,
    -6.62693106419E-02));
#7345 = DIRECTION('',(0.122222279866,-6.577247323787E-02,0.990321006577)
  );
#7346 = PCURVE('',#7083,#7347);
#7347 = DEFINITIONAL_REPRESENTATION('',(#7348),#7351);
#7348 = B_SPLINE_CURVE_WITH_KNOTS('',1,(#7349,#7350),.UNSPECIFIED.,.F.,
  .F.,(2,2),(0.,1.693324969157),.PIECEWISE_BEZIER_KNOTS.);
#7349 = CARTESIAN_POINT('',(-1.097E-14,2.58E-15));
#7350 = CARTESIAN_POINT('',(1.,-9.3E-16));
#7351 = ( GEOMETRIC_REPRESENTATION_CONTEXT(2) 
PARAMETRIC_REPRESENTATION_CONTEXT() REPRESENTATION_CONTEXT('2D SPACE',''
  ) );
#7352 = PCURVE('',#7353,#7444);
#7353 = B_SPLINE_SURFACE_WITH_KNOTS('',3,3,(
    (#7354,#7355,#7356,#7357,#7358,#7359,#7360,#7361,#7362,#7363,#7364
      ,#7365,#7366,#7367,#7368)
    ,(#7369,#7370,#7371,#7372,#7373,#7374,#7375,#7376,#7377,#7378,#7379
      ,#7380,#7381,#7382,#7383)
    ,(#7384,#7385,#7386,#7387,#7388,#7389,#7390,#7391,#7392,#7393,#7394
      ,#7395,#7396,#7397,#7398)
    ,(#7399,#7400,#7401,#7402,#7403,#7404,#7405,#7406,#7407,#7408,#7409
      ,#7410,#7411,#7412,#7413)
    ,(#7414,#7415,#7416,#7417,#7418,#7419,#7420,#7421,#7422,#7423,#7424
      ,#7425,#7426,#7427,#7428)
    ,(#7429,#7430,#7431,#7432,#7433,#7434,#7435,#7436,#7437,#7438,#7439
      ,#7440,#7441,#7442,#7443
    )),.UNSPECIFIED.,.F.,.F.,.F.,(4,1,1,4),(4,1,1,1,2,1,1,1,1,1,1,4),(0.
    ,0.285714285714,0.571428571429,1.),(-3.742981431871,-3.022648181396,
    -2.662481556158,-2.39235658723,-1.942148305683,-1.747933475114,
    -1.553718644546,-1.359503813978,-1.16528898341,-0.776859322273,
    -0.485537076421,0.),.UNSPECIFIED.);
#7354 = CARTESIAN_POINT('',(53.349078895368,-40.62042059955,
    28.209960574181));
#7355 = CARTESIAN_POINT('',(53.359800575227,-39.29544493405,
    30.214368815101));
#7356 = CARTESIAN_POINT('',(53.376558100314,-37.28913034644,
    33.239806825767));
#7357 = CARTESIAN_POINT('',(53.396229761826,-34.53732519396,
    36.876356598245));
#7358 = CARTESIAN_POINT('',(53.408838780987,-32.13515908489,
    39.640529322958));
#7359 = CARTESIAN_POINT('',(53.411311208205,-30.27602321798,
    41.339246266345));
#7360 = CARTESIAN_POINT('',(53.402817058107,-28.40610205252,
    42.613611236817));
#7361 = CARTESIAN_POINT('',(53.404304385835,-27.27736567214,
    43.317021459483));
#7362 = CARTESIAN_POINT('',(53.398646896212,-25.49746761701,
    44.243873880141));
#7363 = CARTESIAN_POINT('',(53.39314805782,-23.65885426891,
    45.026721794279));
#7364 = CARTESIAN_POINT('',(53.382710674146,-21.13279569277,
    45.897228668899));
#7365 = CARTESIAN_POINT('',(53.369956361496,-18.20795816954,
    46.603075771638));
#7366 = CARTESIAN_POINT('',(53.354292893983,-14.27457810269,
    47.226714951185));
#7367 = CARTESIAN_POINT('',(53.346045302425,-11.67664739526,
    47.46321429189));
#7368 = CARTESIAN_POINT('',(53.3416667099,-10.04932935492,47.57183351041
    ));
#7369 = CARTESIAN_POINT('',(53.228481703576,-40.63383366862,
    28.218815568751));
#7370 = CARTESIAN_POINT('',(53.238414925973,-39.31040770466,
    30.224289808167));
#7371 = CARTESIAN_POINT('',(53.254003643614,-37.30647643364,
    33.251589739052));
#7372 = CARTESIAN_POINT('',(53.272427912159,-34.55658739291,
    36.891691967337));
#7373 = CARTESIAN_POINT('',(53.284284898295,-32.154701089,
    39.659236462247));
#7374 = CARTESIAN_POINT('',(53.286614319723,-30.293585105,
    41.360514301411));
#7375 = CARTESIAN_POINT('',(53.278622809807,-28.41987131895,
    42.635511720177));
#7376 = CARTESIAN_POINT('',(53.280022224539,-27.29048165626,
    43.339642366659));
#7377 = CARTESIAN_POINT('',(53.27470348366,-25.50805884309,
    44.26663305685));
#7378 = CARTESIAN_POINT('',(53.269544946364,-23.66744699459,
    45.049182289919));
#7379 = CARTESIAN_POINT('',(53.259768455498,-21.13870900618,
    45.918564284716));
#7380 = CARTESIAN_POINT('',(53.247866966694,-18.21171361913,
    46.622509277048));
#7381 = CARTESIAN_POINT('',(53.233305179471,-14.27647694572,
    47.243600744234));
#7382 = CARTESIAN_POINT('',(53.225670589595,-11.67792746306,
    47.478706126895));
#7383 = CARTESIAN_POINT('',(53.221621731809,-10.05030901432,
    47.586584016751));
#7384 = CARTESIAN_POINT('',(52.97990180011,-40.6105312151,
    28.203431833807));
#7385 = CARTESIAN_POINT('',(52.987263299675,-39.28949562157,
    30.210410336245));
#7386 = CARTESIAN_POINT('',(52.998925063167,-37.28965348479,
    33.239801917979));
#7387 = CARTESIAN_POINT('',(53.012819239144,-34.54496086399,
    36.882337607497));
#7388 = CARTESIAN_POINT('',(53.021815586089,-32.14675104797,
    39.65135273987));
#7389 = CARTESIAN_POINT('',(53.023582986233,-30.28677774663,
    41.352526731867));
#7390 = CARTESIAN_POINT('',(53.017522445741,-28.41296637401,
    42.62454545394));
#7391 = CARTESIAN_POINT('',(53.018582168315,-27.28422582189,
    43.328797772216));
#7392 = CARTESIAN_POINT('',(53.014548582209,-25.50199346613,
    44.253797694961));
#7393 = CARTESIAN_POINT('',(53.010649553426,-23.66176635587,
    45.034454220766));
#7394 = CARTESIAN_POINT('',(53.003273566838,-21.13348715374,
    45.900507815494));
#7395 = CARTESIAN_POINT('',(52.994332996421,-18.20730461243,
    46.600600308114));
#7396 = CARTESIAN_POINT('',(52.983485262113,-14.27329925357,
    47.21720682534));
#7397 = CARTESIAN_POINT('',(52.977809258767,-11.67552440313,
    47.450079290393));
#7398 = CARTESIAN_POINT('',(52.974817307321,-10.04833033308,
    47.556791468271));
#7399 = CARTESIAN_POINT('',(52.616497887156,-40.40482541901,
    28.067629677148));
#7400 = CARTESIAN_POINT('',(52.618560301498,-39.08474228077,
    30.074585232667));
#7401 = CARTESIAN_POINT('',(52.621839105623,-37.08825459477,
    33.101215124509));
#7402 = CARTESIAN_POINT('',(52.625800294873,-34.35546482199,
    36.730869153621));
#7403 = CARTESIAN_POINT('',(52.628382164739,-31.97295277223,
    39.483664749129));
#7404 = CARTESIAN_POINT('',(52.628892526638,-30.1322763035,
    41.166560998371));
#7405 = CARTESIAN_POINT('',(52.627149540559,-28.28423242447,
    42.419870610397));
#7406 = CARTESIAN_POINT('',(52.627454843333,-27.16313887224,
    43.119725799653));
#7407 = CARTESIAN_POINT('',(52.626297569806,-25.39932495039,
    44.034170136609));
#7408 = CARTESIAN_POINT('',(52.625182738878,-23.57475406059,
    44.807780758308));
#7409 = CARTESIAN_POINT('',(52.623080164971,-21.06724641852,
    45.665539785608));
#7410 = CARTESIAN_POINT('',(52.62055166389,-18.15999284392,
    46.360130845028));
#7411 = CARTESIAN_POINT('',(52.617494248332,-14.24469803942,
    46.972547466804));
#7412 = CARTESIAN_POINT('',(52.615914031731,-11.65504026439,
    47.204179502769));
#7413 = CARTESIAN_POINT('',(52.615078583233,-10.0319606994,
    47.310317657683));
#7414 = CARTESIAN_POINT('',(52.5,-40.1522998682,27.90091821319));
#7415 = CARTESIAN_POINT('',(52.499961346107,-38.83049897933,
    29.905940597273));
#7416 = CARTESIAN_POINT('',(52.500012883881,-36.8333659962,
    32.926078143738));
#7417 = CARTESIAN_POINT('',(52.499979054238,-34.11024310102,
    36.534885245028));
#7418 = CARTESIAN_POINT('',(52.499959136299,-31.74449612617,
    39.263516266604));
#7419 = CARTESIAN_POINT('',(52.499940078327,-29.92887309524,
    40.921431900882));
#7420 = CARTESIAN_POINT('',(52.499975665062,-28.11633045463,
    42.152910131956));
#7421 = CARTESIAN_POINT('',(52.499964527761,-27.0048976453,
    42.846573046794));
#7422 = CARTESIAN_POINT('',(52.499974916575,-25.26613854693,
    43.749097750248));
#7423 = CARTESIAN_POINT('',(52.499986310241,-23.46255660286,
    44.515485013277));
#7424 = CARTESIAN_POINT('',(52.499997568743,-20.98298481454,
    45.366147751282));
#7425 = CARTESIAN_POINT('',(52.499972720757,-18.10070290975,
    46.058142257351));
#7426 = CARTESIAN_POINT('',(52.500032217209,-14.20948025943,
    46.670516965739));
#7427 = CARTESIAN_POINT('',(52.499984503894,-11.63000516371,
    46.903299937305));
#7428 = CARTESIAN_POINT('',(52.5,-10.01202308697,47.010121611554));
#7429 = CARTESIAN_POINT('',(52.5,-40.,27.800373401356));
#7430 = CARTESIAN_POINT('',(52.5,-38.67712029055,29.804200368909));
#7431 = CARTESIAN_POINT('',(52.5,-36.67956712758,32.820422794781));
#7432 = CARTESIAN_POINT('',(52.5,-33.96218011174,36.416616465589));
#7433 = CARTESIAN_POINT('',(52.5,-31.60654669095,39.130587329884));
#7434 = CARTESIAN_POINT('',(52.5,-29.80601481637,40.773411612168));
#7435 = CARTESIAN_POINT('',(52.5,-28.01496206377,41.991733229397));
#7436 = CARTESIAN_POINT('',(52.5,-26.90936151816,42.681644112877));
#7437 = CARTESIAN_POINT('',(52.5,-25.18574386669,43.576996070401));
#7438 = CARTESIAN_POINT('',(52.5,-23.39486369562,44.339037096941));
#7439 = CARTESIAN_POINT('',(52.5,-20.93216788066,45.18545985006));
#7440 = CARTESIAN_POINT('',(52.5,-18.06492917542,45.875928467496));
#7441 = CARTESIAN_POINT('',(52.5,-14.18827451134,46.488352886921));
#7442 = CARTESIAN_POINT('',(52.5,-11.61489918591,46.721838730992));
#7443 = CARTESIAN_POINT('',(52.5,-10.,46.829092755477));
#7444 = DEFINITIONAL_REPRESENTATION('',(#7445),#7448);
#7445 = B_SPLINE_CURVE_WITH_KNOTS('',1,(#7446,#7447),.UNSPECIFIED.,.F.,
  .F.,(2,2),(0.,1.693324969157),.PIECEWISE_BEZIER_KNOTS.);
#7446 = CARTESIAN_POINT('',(-5.04E-15,2.38E-15));
#7447 = CARTESIAN_POINT('',(1.,2.8E-16));
#7448 = ( GEOMETRIC_REPRESENTATION_CONTEXT(2) 
PARAMETRIC_REPRESENTATION_CONTEXT() REPRESENTATION_CONTEXT('2D SPACE',''
  ) );
#7449 = ORIENTED_EDGE('',*,*,#7450,.T.);
#7450 = EDGE_CURVE('',#7338,#7072,#7451,.T.);
#7451 = SURFACE_CURVE('',#7452,(#7463,#7470),.PCURVE_S1.);
#7452 = B_SPLINE_CURVE_WITH_KNOTS('',3,(#7453,#7454,#7455,#7456,#7457,
    #7458,#7459,#7460,#7461,#7462),.UNSPECIFIED.,.F.,.F.,(4,1,1,1,1,1,1,
    4),(0.,0.394124027542,0.788248055084,1.182372082626,1.576496110168,
    1.97062013771,2.364744165252,2.758868192794),.UNSPECIFIED.);
#7453 = CARTESIAN_POINT('',(52.5,-10.,46.829092755477));
#7454 = CARTESIAN_POINT('',(52.5,-8.801500484524,46.916153847519));
#7455 = CARTESIAN_POINT('',(51.952062010512,-6.406420313517,
    47.106482267751));
#7456 = CARTESIAN_POINT('',(49.654170480422,-3.527715073011,
    47.423899400735));
#7457 = CARTESIAN_POINT('',(46.338250174258,-1.932990663517,
    47.796837029328));
#7458 = CARTESIAN_POINT('',(42.665337025438,-1.934861238536,
    48.227135280498));
#7459 = CARTESIAN_POINT('',(39.353532043726,-3.521666047354,
    48.662045645788));
#7460 = CARTESIAN_POINT('',(37.051327739699,-6.397364582347,
    48.997366193788));
#7461 = CARTESIAN_POINT('',(36.5,-8.798956437696,49.070446672275));
#7462 = CARTESIAN_POINT('',(36.5,-10.,49.053808541186));
#7463 = PCURVE('',#7083,#7464);
#7464 = DEFINITIONAL_REPRESENTATION('',(#7465),#7469);
#7465 = LINE('',#7466,#7467);
#7466 = CARTESIAN_POINT('',(1.,4.E-17));
#7467 = VECTOR('',#7468,1.);
#7468 = DIRECTION('',(2.82E-15,1.));
#7469 = ( GEOMETRIC_REPRESENTATION_CONTEXT(2) 
PARAMETRIC_REPRESENTATION_CONTEXT() REPRESENTATION_CONTEXT('2D SPACE',''
  ) );
#7470 = PCURVE('',#7471,#7476);
#7471 = CYLINDRICAL_SURFACE('',#7472,8.);
#7472 = AXIS2_PLACEMENT_3D('',#7473,#7474,#7475);
#7473 = CARTESIAN_POINT('',(44.5,-10.,3.));
#7474 = DIRECTION('',(0.,0.,1.));
#7475 = DIRECTION('',(-1.,0.,0.));
#7476 = DEFINITIONAL_REPRESENTATION('',(#7477),#7525);
#7477 = B_SPLINE_CURVE_WITH_KNOTS('',3,(#7478,#7479,#7480,#7481,#7482,
    #7483,#7484,#7485,#7486,#7487,#7488,#7489,#7490,#7491,#7492,#7493,
    #7494,#7495,#7496,#7497,#7498,#7499,#7500,#7501,#7502,#7503,#7504,
    #7505,#7506,#7507,#7508,#7509,#7510,#7511,#7512,#7513,#7514,#7515,
    #7516,#7517,#7518,#7519,#7520,#7521,#7522,#7523,#7524),
  .UNSPECIFIED.,.F.,.F.,(4,1,1,1,1,1,1,1,1,1,1,1,1,1,1,1,1,1,1,1,1,1,1,1
    ,1,1,1,1,1,1,1,1,1,1,1,1,1,1,1,1,1,1,1,1,4),(0.,6.270154983623E-02,
    0.125403099672,0.188104649509,0.250806199345,0.313507749181,
    0.376209299017,0.438910848854,0.50161239869,0.564313948526,
    0.627015498362,0.689717048199,0.752418598035,0.815120147871,
    0.877821697707,0.940523247543,1.00322479738,1.065926347216,
    1.128627897052,1.191329446888,1.254030996725,1.316732546561,
    1.379434096397,1.442135646233,1.50483719607,1.567538745906,
    1.630240295742,1.692941845578,1.755643395415,1.818344945251,
    1.881046495087,1.943748044923,2.006449594759,2.069151144596,
    2.131852694432,2.194554244268,2.257255794104,2.319957343941,
    2.382658893777,2.445360443613,2.508061993449,2.570763543286,
    2.633465093122,2.696166642958,2.758868192794),
  .QUASI_UNIFORM_KNOTS.);
#7478 = CARTESIAN_POINT('',(3.14159265359,43.829092755477));
#7479 = CARTESIAN_POINT('',(3.165425188723,43.842943383756));
#7480 = CARTESIAN_POINT('',(3.213089173531,43.871054815583));
#7481 = CARTESIAN_POINT('',(3.284582205402,43.914385297676));
#7482 = CARTESIAN_POINT('',(3.35607685628,43.958811806404));
#7483 = CARTESIAN_POINT('',(3.427562803902,44.004267440979));
#7484 = CARTESIAN_POINT('',(3.499029756765,44.050683789166));
#7485 = CARTESIAN_POINT('',(3.570472497218,44.097998077583));
#7486 = CARTESIAN_POINT('',(3.641901619665,44.14612648889));
#7487 = CARTESIAN_POINT('',(3.713337109058,44.195122865032));
#7488 = CARTESIAN_POINT('',(3.784779040759,44.245092272343));
#7489 = CARTESIAN_POINT('',(3.856216799262,44.296126886317));
#7490 = CARTESIAN_POINT('',(3.927636299199,44.348323005246));
#7491 = CARTESIAN_POINT('',(3.99902783483,44.401773327072));
#7492 = CARTESIAN_POINT('',(4.070394002386,44.456580828343));
#7493 = CARTESIAN_POINT('',(4.14175565454,44.512804075761));
#7494 = CARTESIAN_POINT('',(4.213119103135,44.570441181357));
#7495 = CARTESIAN_POINT('',(4.284476004416,44.62950193229));
#7496 = CARTESIAN_POINT('',(4.355812509852,44.68999352438));
#7497 = CARTESIAN_POINT('',(4.427116968854,44.751921843675));
#7498 = CARTESIAN_POINT('',(4.498386459873,44.815300606653));
#7499 = CARTESIAN_POINT('',(4.569639146411,44.880112877002));
#7500 = CARTESIAN_POINT('',(4.640895107921,44.946130956477));
#7501 = CARTESIAN_POINT('',(4.712154723357,45.013146618262));
#7502 = CARTESIAN_POINT('',(4.78341034254,45.08094609204));
#7503 = CARTESIAN_POINT('',(4.85465272674,45.149318310066));
#7504 = CARTESIAN_POINT('',(4.925878069726,45.218046937815));
#7505 = CARTESIAN_POINT('',(4.997098169962,45.286934005305));
#7506 = CARTESIAN_POINT('',(5.068332351794,45.355582881362));
#7507 = CARTESIAN_POINT('',(5.139582976316,45.423568047249));
#7508 = CARTESIAN_POINT('',(5.210845119834,45.490471350038));
#7509 = CARTESIAN_POINT('',(5.282113417771,45.555873457101));
#7510 = CARTESIAN_POINT('',(5.353388667037,45.619352388803));
#7511 = CARTESIAN_POINT('',(5.424688310716,45.680497933228));
#7512 = CARTESIAN_POINT('',(5.496037243477,45.738838994733));
#7513 = CARTESIAN_POINT('',(5.567437489477,45.793859770551));
#7514 = CARTESIAN_POINT('',(5.638880698334,45.845054760759));
#7515 = CARTESIAN_POINT('',(5.710354574793,45.891915017172));
#7516 = CARTESIAN_POINT('',(5.78185077147,45.93393508181));
#7517 = CARTESIAN_POINT('',(5.853373099981,45.970598984136));
#7518 = CARTESIAN_POINT('',(5.924942048457,46.001432388358));
#7519 = CARTESIAN_POINT('',(5.996558286622,46.026072817261));
#7520 = CARTESIAN_POINT('',(6.068207961945,46.044140694134));
#7521 = CARTESIAN_POINT('',(6.139872091274,46.055261024177));
#7522 = CARTESIAN_POINT('',(6.211532392614,46.059057584447));
#7523 = CARTESIAN_POINT('',(6.259302311773,46.056455516587));
#7524 = CARTESIAN_POINT('',(6.28318530718,46.053808541186));
#7525 = ( GEOMETRIC_REPRESENTATION_CONTEXT(2) 
PARAMETRIC_REPRESENTATION_CONTEXT() REPRESENTATION_CONTEXT('2D SPACE',''
  ) );
#7526 = ADVANCED_FACE('',(#7527),#7150,.T.);
#7527 = FACE_BOUND('',#7528,.T.);
#7528 = EDGE_LOOP('',(#7529,#7659,#7734,#7735));
#7529 = ORIENTED_EDGE('',*,*,#7530,.T.);
#7530 = EDGE_CURVE('',#7531,#7533,#7535,.T.);
#7531 = VERTEX_POINT('',#7532);
#7532 = CARTESIAN_POINT('',(36.5,-40.,33.171603069101));
#7533 = VERTEX_POINT('',#7534);
#7534 = CARTESIAN_POINT('',(35.882882551773,-40.65484591179,
    33.512218775201));
#7535 = SURFACE_CURVE('',#7536,(#7541,#7547),.PCURVE_S1.);
#7536 = CIRCLE('',#7537,0.75);
#7537 = AXIS2_PLACEMENT_3D('',#7538,#7539,#7540);
#7538 = CARTESIAN_POINT('',(35.75,-40.,33.171603069101));
#7539 = DIRECTION('',(-7.99E-15,-0.461454929733,-0.88716365335));
#7540 = DIRECTION('',(1.,-5.918757002674E-15,-5.927610293059E-15));
#7541 = PCURVE('',#7150,#7542);
#7542 = DEFINITIONAL_REPRESENTATION('',(#7543),#7546);
#7543 = B_SPLINE_CURVE_WITH_KNOTS('',1,(#7544,#7545),.UNSPECIFIED.,.F.,
  .F.,(2,2),(0.,1.392679269649),.PIECEWISE_BEZIER_KNOTS.);
#7544 = CARTESIAN_POINT('',(1.,1.97E-15));
#7545 = CARTESIAN_POINT('',(5.7E-16,-6.1E-16));
#7546 = ( GEOMETRIC_REPRESENTATION_CONTEXT(2) 
PARAMETRIC_REPRESENTATION_CONTEXT() REPRESENTATION_CONTEXT('2D SPACE',''
  ) );
#7547 = PCURVE('',#7548,#7654);
#7548 = B_SPLINE_SURFACE_WITH_KNOTS('',3,3,(
    (#7549,#7550,#7551,#7552,#7553,#7554,#7555,#7556,#7557,#7558,#7559
      ,#7560,#7561,#7562,#7563)
    ,(#7564,#7565,#7566,#7567,#7568,#7569,#7570,#7571,#7572,#7573,#7574
      ,#7575,#7576,#7577,#7578)
    ,(#7579,#7580,#7581,#7582,#7583,#7584,#7585,#7586,#7587,#7588,#7589
      ,#7590,#7591,#7592,#7593)
    ,(#7594,#7595,#7596,#7597,#7598,#7599,#7600,#7601,#7602,#7603,#7604
      ,#7605,#7606,#7607,#7608)
    ,(#7609,#7610,#7611,#7612,#7613,#7614,#7615,#7616,#7617,#7618,#7619
      ,#7620,#7621,#7622,#7623)
    ,(#7624,#7625,#7626,#7627,#7628,#7629,#7630,#7631,#7632,#7633,#7634
      ,#7635,#7636,#7637,#7638)
    ,(#7639,#7640,#7641,#7642,#7643,#7644,#7645,#7646,#7647,#7648,#7649
      ,#7650,#7651,#7652,#7653
    )),.UNSPECIFIED.,.F.,.F.,.F.,(4,1,1,1,4),(4,1,1,1,1,1,1,1,1,1,1,1,4)
  ,(0.,0.285714285714,0.571428571429,0.785714285714,1.),(5.1E-16,
    0.591747580024,1.183495160047,1.479368950059,1.775242740071,
    2.169741126754,2.366990320095,2.465614916766,2.564239513436,
    2.958737900119,3.106674795125,3.550485480142,4.142233060166),
  .UNSPECIFIED.);
#7549 = CARTESIAN_POINT('',(35.882882551773,-40.65484591179,
    33.512218775201));
#7550 = CARTESIAN_POINT('',(35.872083008948,-41.5707127656,
    31.75564506635));
#7551 = CARTESIAN_POINT('',(36.122613014027,-43.29466321211,
    28.208571920334));
#7552 = CARTESIAN_POINT('',(37.105793022761,-45.42444884635,
    23.880470560216));
#7553 = CARTESIAN_POINT('',(38.597294727669,-47.1283058044,
    20.677117791716));
#7554 = CARTESIAN_POINT('',(40.392352687975,-48.47199365307,
    18.303575585609));
#7555 = CARTESIAN_POINT('',(42.897733787899,-49.37249042632,
    16.806246538555));
#7556 = CARTESIAN_POINT('',(45.253972114268,-49.36084633259,
    16.621133470228));
#7557 = CARTESIAN_POINT('',(46.537342764461,-49.13224823629,
    16.804338495742));
#7558 = CARTESIAN_POINT('',(48.375877937838,-48.5943330118,
    17.339519018458));
#7559 = CARTESIAN_POINT('',(49.950502075699,-47.59719672513,
    18.498600097701));
#7560 = CARTESIAN_POINT('',(51.673224601964,-45.8679364529,
    20.687931307667));
#7561 = CARTESIAN_POINT('',(52.98560944356,-43.63843232085,
    23.709863476573));
#7562 = CARTESIAN_POINT('',(53.340271127427,-41.70887673167,
    26.563356415396));
#7563 = CARTESIAN_POINT('',(53.349078895368,-40.62042059955,
    28.209960574181));
#7564 = CARTESIAN_POINT('',(35.980785820479,-40.63920962915,
    33.504085619972));
#7565 = CARTESIAN_POINT('',(35.977753107606,-41.55283419555,
    31.752041303428));
#7566 = CARTESIAN_POINT('',(36.242451358012,-43.2729258822,
    28.214612431188));
#7567 = CARTESIAN_POINT('',(37.241965657275,-45.39478817297,
    23.906026658733));
#7568 = CARTESIAN_POINT('',(38.736317433201,-47.08193106042,
    20.732274281444));
#7569 = CARTESIAN_POINT('',(40.52124962666,-48.40259560611,
    18.394454684531));
#7570 = CARTESIAN_POINT('',(42.969335277987,-49.26713951776,
    16.94356043169));
#7571 = CARTESIAN_POINT('',(45.24161906957,-49.25194193646,
    16.765129728584));
#7572 = CARTESIAN_POINT('',(46.484110475648,-49.03171817622,
    16.940719383256));
#7573 = CARTESIAN_POINT('',(48.269933912273,-48.51282580284,
    17.457117374175));
#7574 = CARTESIAN_POINT('',(49.820190262752,-47.54259765692,
    18.58778692574));
#7575 = CARTESIAN_POINT('',(51.530799789429,-45.84195822293,
    20.745102816456));
#7576 = CARTESIAN_POINT('',(52.847842392888,-43.63620562311,
    23.738903309193));
#7577 = CARTESIAN_POINT('',(53.213004956405,-41.7172407231,
    26.578900793712));
#7578 = CARTESIAN_POINT('',(53.228481703576,-40.63383366862,
    28.218815568751));
#7579 = CARTESIAN_POINT('',(36.169453249425,-40.57290801031,
    33.469599075415));
#7580 = CARTESIAN_POINT('',(36.181444089262,-41.47623947119,
    31.724111412148));
#7581 = CARTESIAN_POINT('',(36.473582181342,-43.17667141751,
    28.200180582401));
#7582 = CARTESIAN_POINT('',(37.505638671863,-45.26514710443,
    23.919034744159));
#7583 = CARTESIAN_POINT('',(39.00601973202,-46.90365042543,
    20.790784638181));
#7584 = CARTESIAN_POINT('',(40.771371378464,-48.16555919114,
    18.510429614262));
#7585 = CARTESIAN_POINT('',(43.105414856614,-48.94987241769,
    17.13933978578));
#7586 = CARTESIAN_POINT('',(45.209853356073,-48.92815561218,
    16.97207711684));
#7587 = CARTESIAN_POINT('',(46.370441616271,-48.72688170336,
    17.13378989401));
#7588 = CARTESIAN_POINT('',(48.050612648702,-48.25082173369,
    17.616734928563));
#7589 = CARTESIAN_POINT('',(49.552002098268,-47.34188401378,
    18.698607887326));
#7590 = CARTESIAN_POINT('',(51.238117993107,-45.71047897942,
    20.803361496077));
#7591 = CARTESIAN_POINT('',(52.56426130803,-43.56600673276,
    23.75308520723));
#7592 = CARTESIAN_POINT('',(52.950350373763,-41.6782444928,
    26.573347839214));
#7593 = CARTESIAN_POINT('',(52.979387658238,-40.6106618244,
    28.203518059012));
#7594 = CARTESIAN_POINT('',(36.36875824207,-40.39970276161,
    33.379506998754));
#7595 = CARTESIAN_POINT('',(36.39055424166,-41.27747072533,
    31.635944510617));
#7596 = CARTESIAN_POINT('',(36.696897463371,-42.92804768962,
    28.112646671048));
#7597 = CARTESIAN_POINT('',(37.733618320162,-44.94562154755,
    23.828499551293));
#7598 = CARTESIAN_POINT('',(39.214381822917,-46.51425550664,
    20.700012961694));
#7599 = CARTESIAN_POINT('',(40.940434542788,-47.71056184124,
    18.42295878138));
#7600 = CARTESIAN_POINT('',(43.179203496939,-48.43401578118,
    17.063414499237));
#7601 = CARTESIAN_POINT('',(45.168454699578,-48.41135465114,
    16.896526805071));
#7602 = CARTESIAN_POINT('',(46.269952084265,-48.2253940822,
    17.054490963478));
#7603 = CARTESIAN_POINT('',(47.869964136002,-47.78392837641,
    17.529833573495));
#7604 = CARTESIAN_POINT('',(49.319606812596,-46.9298970644,
    18.603176788485));
#7605 = CARTESIAN_POINT('',(50.962483056053,-45.3751420184,
    20.701418711426));
#7606 = CARTESIAN_POINT('',(52.26898775906,-43.3142687358,
    23.647920093918));
#7607 = CARTESIAN_POINT('',(52.659229711177,-41.4850973829,
    26.467490836009));
#7608 = CARTESIAN_POINT('',(52.6945773026,-40.44886532258,
    28.096703791724));
#7609 = CARTESIAN_POINT('',(36.47751901641,-40.1985319707,
    33.274868747586));
#7610 = CARTESIAN_POINT('',(36.494692916623,-41.05037759379,
    31.528862873479));
#7611 = CARTESIAN_POINT('',(36.784563131832,-42.65360308135,
    27.995285734809));
#7612 = CARTESIAN_POINT('',(37.778637449971,-44.61901611013,
    23.682098178242));
#7613 = CARTESIAN_POINT('',(39.212968501337,-46.16089749126,
    20.508679295878));
#7614 = CARTESIAN_POINT('',(40.89610227707,-47.35016425385,
    18.177972061007));
#7615 = CARTESIAN_POINT('',(43.127587831003,-48.09827469515,
    16.749838928003));
#7616 = CARTESIAN_POINT('',(45.148733287068,-48.08276218855,
    16.571372756372));
#7617 = CARTESIAN_POINT('',(46.260731529254,-47.89315022015,
    16.73901399051));
#7618 = CARTESIAN_POINT('',(47.867505349947,-47.44317792946,
    17.23942799629));
#7619 = CARTESIAN_POINT('',(49.294298056587,-46.58388357541,
    18.351813496882));
#7620 = CARTESIAN_POINT('',(50.892724284809,-45.04427415136,
    20.493999557271));
#7621 = CARTESIAN_POINT('',(52.146569364316,-43.0206468667,
    23.478707887357));
#7622 = CARTESIAN_POINT('',(52.509090838117,-41.23732154277,
    26.314785307799));
#7623 = CARTESIAN_POINT('',(52.533773651451,-40.22836171817,
    27.951132468022));
#7624 = CARTESIAN_POINT('',(36.5,-40.0661893444,33.206031214522));
#7625 = CARTESIAN_POINT('',(36.506900193025,-40.9041684038,31.4574210121
    ));
#7626 = CARTESIAN_POINT('',(36.771087482227,-42.48512938646,
    27.914590608701));
#7627 = CARTESIAN_POINT('',(37.718145092459,-44.43866259491,
    23.576515858724));
#7628 = CARTESIAN_POINT('',(39.115443630476,-45.9948591719,
    20.363190098791));
#7629 = CARTESIAN_POINT('',(40.776089016311,-47.21549658812,
    17.983784550729));
#7630 = CARTESIAN_POINT('',(43.04566290186,-48.02051465322,
    16.491012854347));
#7631 = CARTESIAN_POINT('',(45.14926283891,-48.0123184983,
    16.302066677203));
#7632 = CARTESIAN_POINT('',(46.298087407018,-47.81133680941,
    16.479436145871));
#7633 = CARTESIAN_POINT('',(47.947919364837,-47.33513613496,
    17.004434854237));
#7634 = CARTESIAN_POINT('',(49.376937931134,-46.44117551692,
    18.15415456268));
#7635 = CARTESIAN_POINT('',(50.951480508657,-44.87424128835,
    20.337238280092));
#7636 = CARTESIAN_POINT('',(52.160620857465,-42.84149273195,
    23.356802334268));
#7637 = CARTESIAN_POINT('',(52.490520021097,-41.07347788889,
    26.207796598775));
#7638 = CARTESIAN_POINT('',(52.5,-40.0761499341,27.850645807273));
#7639 = CARTESIAN_POINT('',(36.5,-40.,33.171603069101));
#7640 = CARTESIAN_POINT('',(36.5,-40.8321976014,31.421679919252));
#7641 = CARTESIAN_POINT('',(36.748005368342,-42.40528325847,
    27.874267341911));
#7642 = CARTESIAN_POINT('',(37.668261000921,-44.36016630476,
    23.523764881989));
#7643 = CARTESIAN_POINT('',(39.047247095086,-45.93221750511,
    20.290430169975));
#7644 = CARTESIAN_POINT('',(40.699644814107,-47.17720557813,
    17.886517815958));
#7645 = CARTESIAN_POINT('',(42.997314697361,-48.01834904092,
    16.36116263665));
#7646 = CARTESIAN_POINT('',(45.152570459333,-48.01406871672,
    16.166935884684));
#7647 = CARTESIAN_POINT('',(46.325177414827,-47.80574113515,
    16.349228928165));
#7648 = CARTESIAN_POINT('',(48.003790242507,-47.31252281371,
    16.886653550846));
#7649 = CARTESIAN_POINT('',(49.438255489502,-46.39474460697,
    18.055158317922));
#7650 = CARTESIAN_POINT('',(51.003364663484,-44.80516567729,
    20.258863253837));
#7651 = CARTESIAN_POINT('',(52.189335199686,-42.75874123639,
    23.295901422835));
#7652 = CARTESIAN_POINT('',(52.5,-40.99358566602,26.15424675365));
#7653 = CARTESIAN_POINT('',(52.5,-40.,27.800373401356));
#7654 = DEFINITIONAL_REPRESENTATION('',(#7655),#7658);
#7655 = B_SPLINE_CURVE_WITH_KNOTS('',1,(#7656,#7657),.UNSPECIFIED.,.F.,
  .F.,(2,2),(0.,1.392679269649),.PIECEWISE_BEZIER_KNOTS.);
#7656 = CARTESIAN_POINT('',(1.,1.05E-15));
#7657 = CARTESIAN_POINT('',(-6.68E-15,-8.E-17));
#7658 = ( GEOMETRIC_REPRESENTATION_CONTEXT(2) 
PARAMETRIC_REPRESENTATION_CONTEXT() REPRESENTATION_CONTEXT('2D SPACE',''
  ) );
#7659 = ORIENTED_EDGE('',*,*,#7660,.T.);
#7660 = EDGE_CURVE('',#7533,#7074,#7661,.T.);
#7661 = SURFACE_CURVE('',#7662,(#7676,#7683),.PCURVE_S1.);
#7662 = B_SPLINE_CURVE_WITH_KNOTS('',3,(#7663,#7664,#7665,#7666,#7667,
    #7668,#7669,#7670,#7671,#7672,#7673,#7674,#7675),.UNSPECIFIED.,.F.,
  .F.,(4,1,1,2,1,1,1,1,1,4),(0.,0.657177004051,0.876236005402,
    1.095295006752,1.223548419845,1.351801832938,1.608308659124,
    2.121322311497,2.634335963869,3.660363268613),.UNSPECIFIED.);
#7663 = CARTESIAN_POINT('',(35.882882551773,-40.65484591179,
    33.512218775201));
#7664 = CARTESIAN_POINT('',(35.894876198116,-39.63771182385,
    35.463016524695));
#7665 = CARTESIAN_POINT('',(35.910927613558,-38.22569546539,
    38.082827929645));
#7666 = CARTESIAN_POINT('',(35.931052268319,-36.11261607344,
    41.152794617836));
#7667 = CARTESIAN_POINT('',(35.932515689918,-35.12012332527,
    42.330150188739));
#7668 = CARTESIAN_POINT('',(35.937049250767,-34.27610747033,
    43.176344161028));
#7669 = CARTESIAN_POINT('',(35.940384058465,-33.63715964696,
    43.787937930206));
#7670 = CARTESIAN_POINT('',(35.945309924603,-32.2847676381,
    44.941366769297));
#7671 = CARTESIAN_POINT('',(35.948248143849,-29.74157050791,
    46.748176662196));
#7672 = CARTESIAN_POINT('',(35.919664048124,-25.52193341363,
    48.472358641594));
#7673 = CARTESIAN_POINT('',(35.869004426587,-18.64606792482,
    49.601984477799));
#7674 = CARTESIAN_POINT('',(35.856747292639,-13.44070934862,
    49.752668366084));
#7675 = CARTESIAN_POINT('',(35.852127032675,-10.00941000784,
    49.796763129939));
#7676 = PCURVE('',#7150,#7677);
#7677 = DEFINITIONAL_REPRESENTATION('',(#7678),#7682);
#7678 = LINE('',#7679,#7680);
#7679 = CARTESIAN_POINT('',(7.E-16,9.8E-16));
#7680 = VECTOR('',#7681,1.);
#7681 = DIRECTION('',(1.05E-15,-1.));
#7682 = ( GEOMETRIC_REPRESENTATION_CONTEXT(2) 
PARAMETRIC_REPRESENTATION_CONTEXT() REPRESENTATION_CONTEXT('2D SPACE',''
  ) );
#7683 = PCURVE('',#7245,#7684);
#7684 = DEFINITIONAL_REPRESENTATION('',(#7685),#7733);
#7685 = B_SPLINE_CURVE_WITH_KNOTS('',3,(#7686,#7687,#7688,#7689,#7690,
    #7691,#7692,#7693,#7694,#7695,#7696,#7697,#7698,#7699,#7700,#7701,
    #7702,#7703,#7704,#7705,#7706,#7707,#7708,#7709,#7710,#7711,#7712,
    #7713,#7714,#7715,#7716,#7717,#7718,#7719,#7720,#7721,#7722,#7723,
    #7724,#7725,#7726,#7727,#7728,#7729,#7730,#7731,#7732),
  .UNSPECIFIED.,.F.,.F.,(4,1,1,1,1,1,1,1,1,1,1,1,1,1,1,1,1,1,1,1,1,1,1,1
    ,1,1,1,1,1,1,1,1,1,1,1,1,1,1,1,1,1,1,1,1,4),(0.,8.319007428665E-02,
    0.166380148573,0.24957022286,0.332760297147,0.415950371433,
    0.49914044572,0.582330520007,0.665520594293,0.74871066858,
    0.831900742867,0.915090817153,0.99828089144,1.081470965727,
    1.164661040013,1.2478511143,1.331041188586,1.414231262873,
    1.49742133716,1.580611411446,1.663801485733,1.74699156002,
    1.830181634306,1.913371708593,1.99656178288,2.079751857166,
    2.162941931453,2.24613200574,2.329322080026,2.412512154313,
    2.4957022286,2.578892302886,2.662082377173,2.74527245146,
    2.828462525746,2.911652600033,2.99484267432,3.078032748606,
    3.161222822893,3.24441289718,3.327602971466,3.410793045753,
    3.49398312004,3.577173194326,3.660363268613),.QUASI_UNIFORM_KNOTS.);
#7686 = CARTESIAN_POINT('',(0.34218908195,0.365091864275));
#7687 = CARTESIAN_POINT('',(0.342419566983,0.367003295084));
#7688 = CARTESIAN_POINT('',(0.342911125671,0.370856941715));
#7689 = CARTESIAN_POINT('',(0.343752967139,0.376738256898));
#7690 = CARTESIAN_POINT('',(0.344711516039,0.382728329418));
#7691 = CARTESIAN_POINT('',(0.345800843884,0.388837094712));
#7692 = CARTESIAN_POINT('',(0.347036525134,0.395076232683));
#7693 = CARTESIAN_POINT('',(0.348436059636,0.40145964755));
#7694 = CARTESIAN_POINT('',(0.35001926724,0.408004147378));
#7695 = CARTESIAN_POINT('',(0.351808454608,0.414728907032));
#7696 = CARTESIAN_POINT('',(0.353830084204,0.42165982862));
#7697 = CARTESIAN_POINT('',(0.356129151315,0.428850433821));
#7698 = CARTESIAN_POINT('',(0.35876207651,0.436381696852));
#7699 = CARTESIAN_POINT('',(0.361795222949,0.444276872913));
#7700 = CARTESIAN_POINT('',(0.365290241898,0.452479162273));
#7701 = CARTESIAN_POINT('',(0.369318474468,0.460932764212));
#7702 = CARTESIAN_POINT('',(0.373948318325,0.469598746655));
#7703 = CARTESIAN_POINT('',(0.379212953415,0.478466114679));
#7704 = CARTESIAN_POINT('',(0.385126394341,0.487486935637));
#7705 = CARTESIAN_POINT('',(0.391708074552,0.496619487999));
#7706 = CARTESIAN_POINT('',(0.39897406679,0.505818685304));
#7707 = CARTESIAN_POINT('',(0.406937739051,0.515039183965));
#7708 = CARTESIAN_POINT('',(0.415577900061,0.524220986884));
#7709 = CARTESIAN_POINT('',(0.424842282835,0.533291719517));
#7710 = CARTESIAN_POINT('',(0.434665570844,0.542180352688));
#7711 = CARTESIAN_POINT('',(0.444969085704,0.550820535869));
#7712 = CARTESIAN_POINT('',(0.455668720717,0.559157248373));
#7713 = CARTESIAN_POINT('',(0.466671965063,0.567142940256));
#7714 = CARTESIAN_POINT('',(0.477914314459,0.574765396152));
#7715 = CARTESIAN_POINT('',(0.489362841692,0.582040459584));
#7716 = CARTESIAN_POINT('',(0.500983376967,0.588981697961));
#7717 = CARTESIAN_POINT('',(0.512747082699,0.595605576365));
#7718 = CARTESIAN_POINT('',(0.524627960461,0.601928739743));
#7719 = CARTESIAN_POINT('',(0.536602816104,0.607968248881));
#7720 = CARTESIAN_POINT('',(0.548650852658,0.613739481497));
#7721 = CARTESIAN_POINT('',(0.560754536706,0.619255705075));
#7722 = CARTESIAN_POINT('',(0.572898953812,0.624530966101));
#7723 = CARTESIAN_POINT('',(0.585071285533,0.629579002174));
#7724 = CARTESIAN_POINT('',(0.597260393413,0.634413143066));
#7725 = CARTESIAN_POINT('',(0.609456487283,0.639046101357));
#7726 = CARTESIAN_POINT('',(0.621650863116,0.64348990065));
#7727 = CARTESIAN_POINT('',(0.633835696757,0.647755837808));
#7728 = CARTESIAN_POINT('',(0.646003876632,0.651854489965));
#7729 = CARTESIAN_POINT('',(0.658148884333,0.655795715795));
#7730 = CARTESIAN_POINT('',(0.670264646396,0.659588764917));
#7731 = CARTESIAN_POINT('',(0.678318622021,0.662024279961));
#7732 = CARTESIAN_POINT('',(0.682338859781,0.663220181867));
#7733 = ( GEOMETRIC_REPRESENTATION_CONTEXT(2) 
PARAMETRIC_REPRESENTATION_CONTEXT() REPRESENTATION_CONTEXT('2D SPACE',''
  ) );
#7734 = ORIENTED_EDGE('',*,*,#7071,.F.);
#7735 = ORIENTED_EDGE('',*,*,#7736,.T.);
#7736 = EDGE_CURVE('',#7072,#7531,#7737,.T.);
#7737 = SURFACE_CURVE('',#7738,(#7752,#7759),.PCURVE_S1.);
#7738 = B_SPLINE_CURVE_WITH_KNOTS('',3,(#7739,#7740,#7741,#7742,#7743,
    #7744,#7745,#7746,#7747,#7748,#7749,#7750,#7751),.UNSPECIFIED.,.F.,
  .F.,(4,1,1,1,1,1,2,1,1,4),(-3.660363268613,-2.634335963869,
    -2.121322311497,-1.608308659124,-1.351801832938,-1.223548419845,
    -1.095295006752,-0.876236005402,-0.657177004051,0.),.UNSPECIFIED.);
#7739 = CARTESIAN_POINT('',(36.5,-10.,49.053808541186));
#7740 = CARTESIAN_POINT('',(36.5,-13.41981672526,49.01049431621));
#7741 = CARTESIAN_POINT('',(36.5,-18.60144221172,48.861526609074));
#7742 = CARTESIAN_POINT('',(36.5,-25.34083537327,47.757819123768));
#7743 = CARTESIAN_POINT('',(36.5,-29.39307546914,46.107023133889));
#7744 = CARTESIAN_POINT('',(36.5,-31.83808507395,44.370954511786));
#7745 = CARTESIAN_POINT('',(36.5,-33.14586069681,43.253984938711));
#7746 = CARTESIAN_POINT('',(36.5,-33.76577415937,42.659571776291));
#7747 = CARTESIAN_POINT('',(36.5,-34.58558354091,41.83608104989));
#7748 = CARTESIAN_POINT('',(36.5,-35.52937842182,40.715682478372));
#7749 = CARTESIAN_POINT('',(36.5,-37.59500971621,37.7103037171));
#7750 = CARTESIAN_POINT('',(36.5,-38.98914143924,35.115014908474));
#7751 = CARTESIAN_POINT('',(36.5,-40.,33.171603069101));
#7752 = PCURVE('',#7150,#7753);
#7753 = DEFINITIONAL_REPRESENTATION('',(#7754),#7758);
#7754 = LINE('',#7755,#7756);
#7755 = CARTESIAN_POINT('',(1.,4.4E-16));
#7756 = VECTOR('',#7757,1.);
#7757 = DIRECTION('',(1.2E-16,1.));
#7758 = ( GEOMETRIC_REPRESENTATION_CONTEXT(2) 
PARAMETRIC_REPRESENTATION_CONTEXT() REPRESENTATION_CONTEXT('2D SPACE',''
  ) );
#7759 = PCURVE('',#7760,#7765);
#7760 = PLANE('',#7761);
#7761 = AXIS2_PLACEMENT_3D('',#7762,#7763,#7764);
#7762 = CARTESIAN_POINT('',(36.5,-10.,3.));
#7763 = DIRECTION('',(-1.,0.,0.));
#7764 = DIRECTION('',(0.,-1.,0.));
#7765 = DEFINITIONAL_REPRESENTATION('',(#7766),#7780);
#7766 = B_SPLINE_CURVE_WITH_KNOTS('',3,(#7767,#7768,#7769,#7770,#7771,
    #7772,#7773,#7774,#7775,#7776,#7777,#7778,#7779),.UNSPECIFIED.,.F.,
  .F.,(4,1,1,1,1,1,2,1,1,4),(-3.660363268613,-2.634335963869,
    -2.121322311497,-1.608308659124,-1.351801832938,-1.223548419845,
    -1.095295006752,-0.876236005402,-0.657177004051,0.),.UNSPECIFIED.);
#7767 = CARTESIAN_POINT('',(-3.01980662698E-14,46.053808541186));
#7768 = CARTESIAN_POINT('',(3.41981672526,46.01049431621));
#7769 = CARTESIAN_POINT('',(8.601442211722,45.861526609074));
#7770 = CARTESIAN_POINT('',(15.340835373271,44.757819123768));
#7771 = CARTESIAN_POINT('',(19.393075469141,43.107023133889));
#7772 = CARTESIAN_POINT('',(21.838085073954,41.370954511786));
#7773 = CARTESIAN_POINT('',(23.145860696811,40.253984938711));
#7774 = CARTESIAN_POINT('',(23.765774159375,39.659571776291));
#7775 = CARTESIAN_POINT('',(24.585583540912,38.83608104989));
#7776 = CARTESIAN_POINT('',(25.529378421826,37.715682478372));
#7777 = CARTESIAN_POINT('',(27.595009716214,34.7103037171));
#7778 = CARTESIAN_POINT('',(28.989141439245,32.115014908474));
#7779 = CARTESIAN_POINT('',(30.,30.171603069101));
#7780 = ( GEOMETRIC_REPRESENTATION_CONTEXT(2) 
PARAMETRIC_REPRESENTATION_CONTEXT() REPRESENTATION_CONTEXT('2D SPACE',''
  ) );
#7781 = ADVANCED_FACE('',(#7782),#7548,.T.);
#7782 = FACE_BOUND('',#7783,.T.);
#7783 = EDGE_LOOP('',(#7784,#7808,#7907,#7908));
#7784 = ORIENTED_EDGE('',*,*,#7785,.T.);
#7785 = EDGE_CURVE('',#7786,#7788,#7790,.T.);
#7786 = VERTEX_POINT('',#7787);
#7787 = CARTESIAN_POINT('',(52.5,-40.,27.800373401356));
#7788 = VERTEX_POINT('',#7789);
#7789 = CARTESIAN_POINT('',(53.349078895368,-40.62042059955,
    28.209960574181));
#7790 = SURFACE_CURVE('',#7791,(#7796,#7802),.PCURVE_S1.);
#7791 = CIRCLE('',#7792,0.75);
#7792 = AXIS2_PLACEMENT_3D('',#7793,#7794,#7795);
#7793 = CARTESIAN_POINT('',(53.25,-40.,27.800373401356));
#7794 = DIRECTION('',(3.26E-15,0.550944875267,0.834541637318));
#7795 = DIRECTION('',(-1.,5.919121980319E-15,-1.329976945847E-18));
#7796 = PCURVE('',#7548,#7797);
#7797 = DEFINITIONAL_REPRESENTATION('',(#7798),#7801);
#7798 = B_SPLINE_CURVE_WITH_KNOTS('',1,(#7799,#7800),.UNSPECIFIED.,.F.,
  .F.,(2,2),(0.,1.703288815115),.PIECEWISE_BEZIER_KNOTS.);
#7799 = CARTESIAN_POINT('',(1.,4.142233060166));
#7800 = CARTESIAN_POINT('',(4.45E-15,4.142233060166));
#7801 = ( GEOMETRIC_REPRESENTATION_CONTEXT(2) 
PARAMETRIC_REPRESENTATION_CONTEXT() REPRESENTATION_CONTEXT('2D SPACE',''
  ) );
#7802 = PCURVE('',#7353,#7803);
#7803 = DEFINITIONAL_REPRESENTATION('',(#7804),#7807);
#7804 = B_SPLINE_CURVE_WITH_KNOTS('',1,(#7805,#7806),.UNSPECIFIED.,.F.,
  .F.,(2,2),(0.,1.703288815115),.PIECEWISE_BEZIER_KNOTS.);
#7805 = CARTESIAN_POINT('',(1.,-3.742981431871));
#7806 = CARTESIAN_POINT('',(4.1E-16,-3.742981431871));
#7807 = ( GEOMETRIC_REPRESENTATION_CONTEXT(2) 
PARAMETRIC_REPRESENTATION_CONTEXT() REPRESENTATION_CONTEXT('2D SPACE',''
  ) );
#7808 = ORIENTED_EDGE('',*,*,#7809,.T.);
#7809 = EDGE_CURVE('',#7788,#7533,#7810,.T.);
#7810 = SURFACE_CURVE('',#7811,(#7827,#7834),.PCURVE_S1.);
#7811 = B_SPLINE_CURVE_WITH_KNOTS('',3,(#7812,#7813,#7814,#7815,#7816,
    #7817,#7818,#7819,#7820,#7821,#7822,#7823,#7824,#7825,#7826),
  .UNSPECIFIED.,.F.,.F.,(4,1,1,1,1,1,1,1,1,1,1,1,4),(-4.142233060166,
    -3.550485480142,-3.106674795125,-2.958737900119,-2.564239513436,
    -2.465614916766,-2.366990320095,-2.169741126754,-1.775242740071,
    -1.479368950059,-1.183495160047,-0.591747580024,-5.1E-16),
  .UNSPECIFIED.);
#7812 = CARTESIAN_POINT('',(53.349078895368,-40.62042059955,
    28.209960574181));
#7813 = CARTESIAN_POINT('',(53.340271127427,-41.70887673167,
    26.563356415396));
#7814 = CARTESIAN_POINT('',(52.98560944356,-43.63843232085,
    23.709863476573));
#7815 = CARTESIAN_POINT('',(51.673224601964,-45.8679364529,
    20.687931307667));
#7816 = CARTESIAN_POINT('',(49.950502075699,-47.59719672513,
    18.498600097701));
#7817 = CARTESIAN_POINT('',(48.375877937838,-48.5943330118,
    17.339519018458));
#7818 = CARTESIAN_POINT('',(46.537342764461,-49.13224823629,
    16.804338495742));
#7819 = CARTESIAN_POINT('',(45.253972114268,-49.36084633259,
    16.621133470228));
#7820 = CARTESIAN_POINT('',(42.897733787899,-49.37249042632,
    16.806246538555));
#7821 = CARTESIAN_POINT('',(40.392352687975,-48.47199365307,
    18.303575585609));
#7822 = CARTESIAN_POINT('',(38.597294727669,-47.1283058044,
    20.677117791716));
#7823 = CARTESIAN_POINT('',(37.105793022761,-45.42444884635,
    23.880470560216));
#7824 = CARTESIAN_POINT('',(36.122613014027,-43.29466321211,
    28.208571920334));
#7825 = CARTESIAN_POINT('',(35.872083008948,-41.5707127656,
    31.75564506635));
#7826 = CARTESIAN_POINT('',(35.882882551773,-40.65484591179,
    33.512218775201));
#7827 = PCURVE('',#7548,#7828);
#7828 = DEFINITIONAL_REPRESENTATION('',(#7829),#7833);
#7829 = LINE('',#7830,#7831);
#7830 = CARTESIAN_POINT('',(-2.22E-15,8.9E-16));
#7831 = VECTOR('',#7832,1.);
#7832 = DIRECTION('',(-1.2E-16,-1.));
#7833 = ( GEOMETRIC_REPRESENTATION_CONTEXT(2) 
PARAMETRIC_REPRESENTATION_CONTEXT() REPRESENTATION_CONTEXT('2D SPACE',''
  ) );
#7834 = PCURVE('',#7245,#7835);
#7835 = DEFINITIONAL_REPRESENTATION('',(#7836),#7906);
#7836 = B_SPLINE_CURVE_WITH_KNOTS('',3,(#7837,#7838,#7839,#7840,#7841,
    #7842,#7843,#7844,#7845,#7846,#7847,#7848,#7849,#7850,#7851,#7852,
    #7853,#7854,#7855,#7856,#7857,#7858,#7859,#7860,#7861,#7862,#7863,
    #7864,#7865,#7866,#7867,#7868,#7869,#7870,#7871,#7872,#7873,#7874,
    #7875,#7876,#7877,#7878,#7879,#7880,#7881,#7882,#7883,#7884,#7885,
    #7886,#7887,#7888,#7889,#7890,#7891,#7892,#7893,#7894,#7895,#7896,
    #7897,#7898,#7899,#7900,#7901,#7902,#7903,#7904,#7905),
  .UNSPECIFIED.,.F.,.F.,(4,1,1,1,1,1,1,1,1,1,1,1,1,1,1,1,1,1,1,1,1,1,1,1
    ,1,1,1,1,1,1,1,1,1,1,1,1,1,1,1,1,1,1,1,1,1,1,1,1,1,1,1,1,1,1,1,1,1,1
    ,1,1,1,1,1,1,1,1,4),(-4.142233060166,-4.079471953194,-4.016710846222
    ,-3.953949739249,-3.891188632277,-3.828427525305,-3.765666418333,
    -3.702905311361,-3.640144204388,-3.577383097416,-3.514621990444,
    -3.451860883472,-3.3890997765,-3.326338669527,-3.263577562555,
    -3.200816455583,-3.138055348611,-3.075294241638,-3.012533134666,
    -2.949772027694,-2.887010920722,-2.82424981375,-2.761488706777,
    -2.698727599805,-2.635966492833,-2.573205385861,-2.510444278889,
    -2.447683171916,-2.384922064944,-2.322160957972,-2.259399851,
    -2.196638744027,-2.133877637055,-2.071116530083,-2.008355423111,
    -1.945594316139,-1.882833209166,-1.820072102194,-1.757310995222,
    -1.69454988825,-1.631788781278,-1.569027674305,-1.506266567333,
    -1.443505460361,-1.380744353389,-1.317983246416,-1.255222139444,
    -1.192461032472,-1.1296999255,-1.066938818528,-1.004177711555,
    -0.941416604583,-0.878655497611,-0.815894390639,-0.753133283667,
    -0.690372176694,-0.627611069722,-0.56484996275,-0.502088855778,
    -0.439327748805,-0.376566641833,-0.313805534861,-0.251044427889,
    -0.188283320917,-0.125522213944,-6.276110697221E-02,-5.1E-16),
  .UNSPECIFIED.);
#7837 = CARTESIAN_POINT('',(0.613765101866,0.328123349268));
#7838 = CARTESIAN_POINT('',(0.613787702917,0.326830009001));
#7839 = CARTESIAN_POINT('',(0.613780769736,0.324249001643));
#7840 = CARTESIAN_POINT('',(0.613603524132,0.320394595361));
#7841 = CARTESIAN_POINT('',(0.613249022811,0.316557366664));
#7842 = CARTESIAN_POINT('',(0.612706750539,0.312737431736));
#7843 = CARTESIAN_POINT('',(0.61196612457,0.30893493775));
#7844 = CARTESIAN_POINT('',(0.611016498382,0.305150061097));
#7845 = CARTESIAN_POINT('',(0.609847132361,0.301383030436));
#7846 = CARTESIAN_POINT('',(0.608447334625,0.297634039245));
#7847 = CARTESIAN_POINT('',(0.606805958236,0.293903575028));
#7848 = CARTESIAN_POINT('',(0.604913306569,0.290191192009));
#7849 = CARTESIAN_POINT('',(0.602751987671,0.286501430314));
#7850 = CARTESIAN_POINT('',(0.600298694829,0.28284254918));
#7851 = CARTESIAN_POINT('',(0.597531101369,0.279222113753));
#7852 = CARTESIAN_POINT('',(0.594426255864,0.275648087205));
#7853 = CARTESIAN_POINT('',(0.590961285553,0.272128503939));
#7854 = CARTESIAN_POINT('',(0.587112520243,0.26867186557));
#7855 = CARTESIAN_POINT('',(0.58285864204,0.265286052327));
#7856 = CARTESIAN_POINT('',(0.578166870058,0.261983237212));
#7857 = CARTESIAN_POINT('',(0.572991272275,0.2587791674));
#7858 = CARTESIAN_POINT('',(0.567293091876,0.255691708216));
#7859 = CARTESIAN_POINT('',(0.561065461491,0.252757065609));
#7860 = CARTESIAN_POINT('',(0.554298945251,0.250010809048));
#7861 = CARTESIAN_POINT('',(0.546985656748,0.247489972244));
#7862 = CARTESIAN_POINT('',(0.539117267064,0.245232273863));
#7863 = CARTESIAN_POINT('',(0.530690128159,0.243276812204));
#7864 = CARTESIAN_POINT('',(0.521687951595,0.241661424478));
#7865 = CARTESIAN_POINT('',(0.512234408898,0.240441602027));
#7866 = CARTESIAN_POINT('',(0.502451528917,0.239668128416));
#7867 = CARTESIAN_POINT('',(0.492363546839,0.239380443478));
#7868 = CARTESIAN_POINT('',(0.482131556491,0.239583287466));
#7869 = CARTESIAN_POINT('',(0.471953230223,0.240264399124));
#7870 = CARTESIAN_POINT('',(0.462037028027,0.241418601175));
#7871 = CARTESIAN_POINT('',(0.45248712769,0.243013522891));
#7872 = CARTESIAN_POINT('',(0.443327921348,0.244997852211));
#7873 = CARTESIAN_POINT('',(0.434600548778,0.247323916705));
#7874 = CARTESIAN_POINT('',(0.426340585907,0.249942784656));
#7875 = CARTESIAN_POINT('',(0.418582142176,0.25280665997));
#7876 = CARTESIAN_POINT('',(0.411362973388,0.255866393491));
#7877 = CARTESIAN_POINT('',(0.404697514537,0.259081350024));
#7878 = CARTESIAN_POINT('',(0.398540907686,0.262432050778));
#7879 = CARTESIAN_POINT('',(0.392856805414,0.265896206416));
#7880 = CARTESIAN_POINT('',(0.387606749799,0.269453294432));
#7881 = CARTESIAN_POINT('',(0.38275015382,0.273081531249));
#7882 = CARTESIAN_POINT('',(0.378258351105,0.276767577006));
#7883 = CARTESIAN_POINT('',(0.374111734388,0.280504142995));
#7884 = CARTESIAN_POINT('',(0.370288469524,0.284282820599));
#7885 = CARTESIAN_POINT('',(0.366767432065,0.288095922911));
#7886 = CARTESIAN_POINT('',(0.363526341215,0.291935273802));
#7887 = CARTESIAN_POINT('',(0.360552799022,0.295799276426));
#7888 = CARTESIAN_POINT('',(0.35783592149,0.299687337037));
#7889 = CARTESIAN_POINT('',(0.355364528579,0.303598698785));
#7890 = CARTESIAN_POINT('',(0.353127630803,0.307532749011));
#7891 = CARTESIAN_POINT('',(0.351114297736,0.311488935345));
#7892 = CARTESIAN_POINT('',(0.349313730537,0.315466792685));
#7893 = CARTESIAN_POINT('',(0.347715134616,0.319465918501));
#7894 = CARTESIAN_POINT('',(0.346308185753,0.32348604511));
#7895 = CARTESIAN_POINT('',(0.345081320265,0.327526777405));
#7896 = CARTESIAN_POINT('',(0.344029062598,0.331588716285));
#7897 = CARTESIAN_POINT('',(0.343154226638,0.335673790832));
#7898 = CARTESIAN_POINT('',(0.342458184119,0.339783776728));
#7899 = CARTESIAN_POINT('',(0.34194289753,0.343920621364));
#7900 = CARTESIAN_POINT('',(0.341610393012,0.348086377299));
#7901 = CARTESIAN_POINT('',(0.341462918225,0.352283239789));
#7902 = CARTESIAN_POINT('',(0.341502929634,0.356513566621));
#7903 = CARTESIAN_POINT('',(0.341733087902,0.360779872099));
#7904 = CARTESIAN_POINT('',(0.342015298546,0.363649923972));
#7905 = CARTESIAN_POINT('',(0.34218908195,0.365091864275));
#7906 = ( GEOMETRIC_REPRESENTATION_CONTEXT(2) 
PARAMETRIC_REPRESENTATION_CONTEXT() REPRESENTATION_CONTEXT('2D SPACE',''
  ) );
#7907 = ORIENTED_EDGE('',*,*,#7530,.F.);
#7908 = ORIENTED_EDGE('',*,*,#7909,.T.);
#7909 = EDGE_CURVE('',#7531,#7786,#7910,.T.);
#7910 = SURFACE_CURVE('',#7911,(#7927,#7934),.PCURVE_S1.);
#7911 = B_SPLINE_CURVE_WITH_KNOTS('',3,(#7912,#7913,#7914,#7915,#7916,
    #7917,#7918,#7919,#7920,#7921,#7922,#7923,#7924,#7925,#7926),
  .UNSPECIFIED.,.F.,.F.,(4,1,1,1,1,1,1,1,1,1,1,1,4),(5.1E-16,
    0.591747580024,1.183495160047,1.479368950059,1.775242740071,
    2.169741126754,2.366990320095,2.465614916766,2.564239513436,
    2.958737900119,3.106674795125,3.550485480142,4.142233060166),
  .UNSPECIFIED.);
#7912 = CARTESIAN_POINT('',(36.5,-40.,33.171603069101));
#7913 = CARTESIAN_POINT('',(36.5,-40.8321976014,31.421679919252));
#7914 = CARTESIAN_POINT('',(36.748005368342,-42.40528325847,
    27.874267341911));
#7915 = CARTESIAN_POINT('',(37.668261000921,-44.36016630476,
    23.523764881989));
#7916 = CARTESIAN_POINT('',(39.047247095086,-45.93221750511,
    20.290430169975));
#7917 = CARTESIAN_POINT('',(40.699644814107,-47.17720557813,
    17.886517815958));
#7918 = CARTESIAN_POINT('',(42.997314697361,-48.01834904092,
    16.36116263665));
#7919 = CARTESIAN_POINT('',(45.152570459333,-48.01406871672,
    16.166935884684));
#7920 = CARTESIAN_POINT('',(46.325177414827,-47.80574113515,
    16.349228928165));
#7921 = CARTESIAN_POINT('',(48.003790242507,-47.31252281371,
    16.886653550846));
#7922 = CARTESIAN_POINT('',(49.438255489502,-46.39474460697,
    18.055158317922));
#7923 = CARTESIAN_POINT('',(51.003364663484,-44.80516567729,
    20.258863253837));
#7924 = CARTESIAN_POINT('',(52.189335199686,-42.75874123639,
    23.295901422835));
#7925 = CARTESIAN_POINT('',(52.5,-40.99358566602,26.15424675365));
#7926 = CARTESIAN_POINT('',(52.5,-40.,27.800373401356));
#7927 = PCURVE('',#7548,#7928);
#7928 = DEFINITIONAL_REPRESENTATION('',(#7929),#7933);
#7929 = LINE('',#7930,#7931);
#7930 = CARTESIAN_POINT('',(1.,2.1E-16));
#7931 = VECTOR('',#7932,1.);
#7932 = DIRECTION('',(-2.47E-15,1.));
#7933 = ( GEOMETRIC_REPRESENTATION_CONTEXT(2) 
PARAMETRIC_REPRESENTATION_CONTEXT() REPRESENTATION_CONTEXT('2D SPACE',''
  ) );
#7934 = PCURVE('',#7935,#7940);
#7935 = CYLINDRICAL_SURFACE('',#7936,8.);
#7936 = AXIS2_PLACEMENT_3D('',#7937,#7938,#7939);
#7937 = CARTESIAN_POINT('',(44.5,-40.,3.));
#7938 = DIRECTION('',(0.,0.,1.));
#7939 = DIRECTION('',(1.,0.,-0.));
#7940 = DEFINITIONAL_REPRESENTATION('',(#7941),#8011);
#7941 = B_SPLINE_CURVE_WITH_KNOTS('',3,(#7942,#7943,#7944,#7945,#7946,
    #7947,#7948,#7949,#7950,#7951,#7952,#7953,#7954,#7955,#7956,#7957,
    #7958,#7959,#7960,#7961,#7962,#7963,#7964,#7965,#7966,#7967,#7968,
    #7969,#7970,#7971,#7972,#7973,#7974,#7975,#7976,#7977,#7978,#7979,
    #7980,#7981,#7982,#7983,#7984,#7985,#7986,#7987,#7988,#7989,#7990,
    #7991,#7992,#7993,#7994,#7995,#7996,#7997,#7998,#7999,#8000,#8001,
    #8002,#8003,#8004,#8005,#8006,#8007,#8008,#8009,#8010),
  .UNSPECIFIED.,.F.,.F.,(4,1,1,1,1,1,1,1,1,1,1,1,1,1,1,1,1,1,1,1,1,1,1,1
    ,1,1,1,1,1,1,1,1,1,1,1,1,1,1,1,1,1,1,1,1,1,1,1,1,1,1,1,1,1,1,1,1,1,1
    ,1,1,1,1,1,1,1,1,4),(5.1E-16,6.276110697221E-02,0.125522213944,
    0.188283320917,0.251044427889,0.313805534861,0.376566641833,
    0.439327748805,0.502088855778,0.56484996275,0.627611069722,
    0.690372176694,0.753133283667,0.815894390639,0.878655497611,
    0.941416604583,1.004177711555,1.066938818528,1.1296999255,
    1.192461032472,1.255222139444,1.317983246416,1.380744353389,
    1.443505460361,1.506266567333,1.569027674305,1.631788781278,
    1.69454988825,1.757310995222,1.820072102194,1.882833209166,
    1.945594316139,2.008355423111,2.071116530083,2.133877637055,
    2.196638744027,2.259399851,2.322160957972,2.384922064944,
    2.447683171916,2.510444278889,2.573205385861,2.635966492833,
    2.698727599805,2.761488706777,2.82424981375,2.887010920722,
    2.949772027694,3.012533134666,3.075294241638,3.138055348611,
    3.200816455583,3.263577562555,3.326338669527,3.3890997765,
    3.451860883472,3.514621990444,3.577383097416,3.640144204388,
    3.702905311361,3.765666418333,3.828427525305,3.891188632277,
    3.953949739249,4.016710846222,4.079471953194,4.142233060166),
  .QUASI_UNIFORM_KNOTS.);
#7942 = CARTESIAN_POINT('',(3.14159265359,30.171603069101));
#7943 = CARTESIAN_POINT('',(3.152625701408,29.986005159269));
#7944 = CARTESIAN_POINT('',(3.174562911101,29.61427427365));
#7945 = CARTESIAN_POINT('',(3.207154992241,29.055362916524));
#7946 = CARTESIAN_POINT('',(3.239505838137,28.495426702435));
#7947 = CARTESIAN_POINT('',(3.271689438902,27.934755794104));
#7948 = CARTESIAN_POINT('',(3.303779932327,27.373640387745));
#7949 = CARTESIAN_POINT('',(3.335851192719,26.812370554609));
#7950 = CARTESIAN_POINT('',(3.367976177226,26.251236832309));
#7951 = CARTESIAN_POINT('',(3.40022641624,25.690528017968));
#7952 = CARTESIAN_POINT('',(3.43267115964,25.130539404315));
#7953 = CARTESIAN_POINT('',(3.465377633838,24.571542042139));
#7954 = CARTESIAN_POINT('',(3.498405909234,24.013930936055));
#7955 = CARTESIAN_POINT('',(3.53181976276,23.458191904754));
#7956 = CARTESIAN_POINT('',(3.56569131875,22.904790207582));
#7957 = CARTESIAN_POINT('',(3.600099366904,22.354196652277));
#7958 = CARTESIAN_POINT('',(3.635129118788,21.806880412348));
#7959 = CARTESIAN_POINT('',(3.670871436835,21.263311649828));
#7960 = CARTESIAN_POINT('',(3.707422149786,20.723958206886));
#7961 = CARTESIAN_POINT('',(3.744880733618,20.189296216616));
#7962 = CARTESIAN_POINT('',(3.783350336666,19.659770968287));
#7963 = CARTESIAN_POINT('',(3.822931550492,19.135945304968));
#7964 = CARTESIAN_POINT('',(3.863716492922,18.619197169591));
#7965 = CARTESIAN_POINT('',(3.905815213711,18.110818304147));
#7966 = CARTESIAN_POINT('',(3.949351219016,17.612163551734));
#7967 = CARTESIAN_POINT('',(3.994459801231,17.124421551971));
#7968 = CARTESIAN_POINT('',(4.041288571058,16.649493531197));
#7969 = CARTESIAN_POINT('',(4.090023604148,16.190259517806));
#7970 = CARTESIAN_POINT('',(4.14089776626,15.749386169435));
#7971 = CARTESIAN_POINT('',(4.194161454057,15.329677636918));
#7972 = CARTESIAN_POINT('',(4.250173248955,14.933601469066));
#7973 = CARTESIAN_POINT('',(4.308823022828,14.565741819799));
#7974 = CARTESIAN_POINT('',(4.36985574179,14.231470173395));
#7975 = CARTESIAN_POINT('',(4.433108170922,13.935953368273));
#7976 = CARTESIAN_POINT('',(4.498472013992,13.684447588115));
#7977 = CARTESIAN_POINT('',(4.56587602773,13.482056281396));
#7978 = CARTESIAN_POINT('',(4.635449319211,13.334404492165));
#7979 = CARTESIAN_POINT('',(4.706848132617,13.244822767643));
#7980 = CARTESIAN_POINT('',(4.778980038697,13.213376640616));
#7981 = CARTESIAN_POINT('',(4.850843970083,13.241119032931));
#7982 = CARTESIAN_POINT('',(4.921739907484,13.327460205192));
#7983 = CARTESIAN_POINT('',(4.991815594596,13.468439671813));
#7984 = CARTESIAN_POINT('',(5.060404822781,13.658591908275));
#7985 = CARTESIAN_POINT('',(5.126755605853,13.891840853542));
#7986 = CARTESIAN_POINT('',(5.191095894654,14.164253314771));
#7987 = CARTESIAN_POINT('',(5.25350234422,14.471658710369));
#7988 = CARTESIAN_POINT('',(5.314032098988,14.809953542028));
#7989 = CARTESIAN_POINT('',(5.37268699939,15.175003367048));
#7990 = CARTESIAN_POINT('',(5.429436871169,15.562730437014));
#7991 = CARTESIAN_POINT('',(5.484181529108,15.968861170767));
#7992 = CARTESIAN_POINT('',(5.537128491969,16.391190697724));
#7993 = CARTESIAN_POINT('',(5.588504672298,16.827717473373));
#7994 = CARTESIAN_POINT('',(5.638468020483,17.276806967444));
#7995 = CARTESIAN_POINT('',(5.687147763171,17.73729089313));
#7996 = CARTESIAN_POINT('',(5.734663969872,18.20790038874));
#7997 = CARTESIAN_POINT('',(5.781121096732,18.687395318798));
#7998 = CARTESIAN_POINT('',(5.826607424327,19.174521217846));
#7999 = CARTESIAN_POINT('',(5.871195964776,19.668052214142));
#8000 = CARTESIAN_POINT('',(5.91493645421,20.166662391055));
#8001 = CARTESIAN_POINT('',(5.957888043564,20.669465836184));
#8002 = CARTESIAN_POINT('',(6.000143468683,21.176177005612));
#8003 = CARTESIAN_POINT('',(6.041787521579,21.686392942342));
#8004 = CARTESIAN_POINT('',(6.082904160902,22.199742150116));
#8005 = CARTESIAN_POINT('',(6.123573284263,22.715844702796));
#8006 = CARTESIAN_POINT('',(6.163870551942,23.234322933028));
#8007 = CARTESIAN_POINT('',(6.203866289725,23.754798568203));
#8008 = CARTESIAN_POINT('',(6.243625758881,24.276893497944));
#8009 = CARTESIAN_POINT('',(6.270012213113,24.625784211448));
#8010 = CARTESIAN_POINT('',(6.28318530718,24.800373401356));
#8011 = ( GEOMETRIC_REPRESENTATION_CONTEXT(2) 
PARAMETRIC_REPRESENTATION_CONTEXT() REPRESENTATION_CONTEXT('2D SPACE',''
  ) );
#8012 = ADVANCED_FACE('',(#8013),#7353,.T.);
#8013 = FACE_BOUND('',#8014,.T.);
#8014 = EDGE_LOOP('',(#8015,#8016,#8093,#8094));
#8015 = ORIENTED_EDGE('',*,*,#7337,.F.);
#8016 = ORIENTED_EDGE('',*,*,#8017,.T.);
#8017 = EDGE_CURVE('',#7223,#7788,#8018,.T.);
#8018 = SURFACE_CURVE('',#8019,(#8035,#8042),.PCURVE_S1.);
#8019 = B_SPLINE_CURVE_WITH_KNOTS('',3,(#8020,#8021,#8022,#8023,#8024,
    #8025,#8026,#8027,#8028,#8029,#8030,#8031,#8032,#8033,#8034),
  .UNSPECIFIED.,.F.,.F.,(4,1,1,1,1,1,1,2,1,1,1,4),(0.,0.485537076421,
    0.776859322273,1.16528898341,1.359503813978,1.553718644546,
    1.747933475114,1.942148305683,2.39235658723,2.662481556158,
    3.022648181396,3.742981431871),.UNSPECIFIED.);
#8020 = CARTESIAN_POINT('',(53.3416667099,-10.04932935492,47.57183351041
    ));
#8021 = CARTESIAN_POINT('',(53.346045302425,-11.67664739526,
    47.46321429189));
#8022 = CARTESIAN_POINT('',(53.354292893983,-14.27457810269,
    47.226714951185));
#8023 = CARTESIAN_POINT('',(53.369956361496,-18.20795816954,
    46.603075771638));
#8024 = CARTESIAN_POINT('',(53.382710674146,-21.13279569277,
    45.897228668899));
#8025 = CARTESIAN_POINT('',(53.39314805782,-23.65885426891,
    45.026721794279));
#8026 = CARTESIAN_POINT('',(53.398646896212,-25.49746761701,
    44.243873880141));
#8027 = CARTESIAN_POINT('',(53.404304385835,-27.27736567214,
    43.317021459483));
#8028 = CARTESIAN_POINT('',(53.402817058107,-28.40610205252,
    42.613611236817));
#8029 = CARTESIAN_POINT('',(53.411311208205,-30.27602321798,
    41.339246266345));
#8030 = CARTESIAN_POINT('',(53.408838780987,-32.13515908489,
    39.640529322958));
#8031 = CARTESIAN_POINT('',(53.396229761826,-34.53732519396,
    36.876356598245));
#8032 = CARTESIAN_POINT('',(53.376558100314,-37.28913034644,
    33.239806825767));
#8033 = CARTESIAN_POINT('',(53.359800575227,-39.29544493405,
    30.214368815101));
#8034 = CARTESIAN_POINT('',(53.349078895368,-40.62042059955,
    28.209960574181));
#8035 = PCURVE('',#7353,#8036);
#8036 = DEFINITIONAL_REPRESENTATION('',(#8037),#8041);
#8037 = LINE('',#8038,#8039);
#8038 = CARTESIAN_POINT('',(2.1E-15,-1.7E-16));
#8039 = VECTOR('',#8040,1.);
#8040 = DIRECTION('',(-1.22E-15,-1.));
#8041 = ( GEOMETRIC_REPRESENTATION_CONTEXT(2) 
PARAMETRIC_REPRESENTATION_CONTEXT() REPRESENTATION_CONTEXT('2D SPACE',''
  ) );
#8042 = PCURVE('',#7245,#8043);
#8043 = DEFINITIONAL_REPRESENTATION('',(#8044),#8092);
#8044 = B_SPLINE_CURVE_WITH_KNOTS('',3,(#8045,#8046,#8047,#8048,#8049,
    #8050,#8051,#8052,#8053,#8054,#8055,#8056,#8057,#8058,#8059,#8060,
    #8061,#8062,#8063,#8064,#8065,#8066,#8067,#8068,#8069,#8070,#8071,
    #8072,#8073,#8074,#8075,#8076,#8077,#8078,#8079,#8080,#8081,#8082,
    #8083,#8084,#8085,#8086,#8087,#8088,#8089,#8090,#8091),
  .UNSPECIFIED.,.F.,.F.,(4,1,1,1,1,1,1,1,1,1,1,1,1,1,1,1,1,1,1,1,1,1,1,1
    ,1,1,1,1,1,1,1,1,1,1,1,1,1,1,1,1,1,1,1,1,4),(0.,8.506775981525E-02,
    0.17013551963,0.255203279446,0.340271039261,0.425338799076,
    0.510406558891,0.595474318707,0.680542078522,0.765609838337,
    0.850677598152,0.935745357968,1.020813117783,1.105880877598,
    1.190948637413,1.276016397229,1.361084157044,1.446151916859,
    1.531219676674,1.61628743649,1.701355196305,1.78642295612,
    1.871490715935,1.956558475751,2.041626235566,2.126693995381,
    2.211761755196,2.296829515012,2.381897274827,2.466965034642,
    2.552032794457,2.637100554273,2.722168314088,2.807236073903,
    2.892303833718,2.977371593534,3.062439353349,3.147507113164,
    3.232574872979,3.317642632795,3.40271039261,3.487778152425,
    3.57284591224,3.657913672056,3.742981431871),.QUASI_UNIFORM_KNOTS.);
#8045 = CARTESIAN_POINT('',(0.869375703786,0.586857088176));
#8046 = CARTESIAN_POINT('',(0.86544884851,0.585489272889));
#8047 = CARTESIAN_POINT('',(0.857616668531,0.582712592974));
#8048 = CARTESIAN_POINT('',(0.845936285807,0.578416017586));
#8049 = CARTESIAN_POINT('',(0.83432669062,0.573979676101));
#8050 = CARTESIAN_POINT('',(0.822792166592,0.569394668723));
#8051 = CARTESIAN_POINT('',(0.811338653718,0.564651879123));
#8052 = CARTESIAN_POINT('',(0.79997216961,0.559741179177));
#8053 = CARTESIAN_POINT('',(0.788706874823,0.554654731766));
#8054 = CARTESIAN_POINT('',(0.777574417266,0.549391853035));
#8055 = CARTESIAN_POINT('',(0.766605057714,0.543951707103));
#8056 = CARTESIAN_POINT('',(0.755830772455,0.538334683017));
#8057 = CARTESIAN_POINT('',(0.745285467229,0.532542993697));
#8058 = CARTESIAN_POINT('',(0.735004024322,0.526580407868));
#8059 = CARTESIAN_POINT('',(0.725021934007,0.520452409278));
#8060 = CARTESIAN_POINT('',(0.715374589226,0.514165838282));
#8061 = CARTESIAN_POINT('',(0.706098528171,0.507730939963));
#8062 = CARTESIAN_POINT('',(0.697232528497,0.501164409167));
#8063 = CARTESIAN_POINT('',(0.688812126098,0.494484029161));
#8064 = CARTESIAN_POINT('',(0.680861856181,0.487698059477));
#8065 = CARTESIAN_POINT('',(0.673404979805,0.480812707568));
#8066 = CARTESIAN_POINT('',(0.666470188931,0.473856547095));
#8067 = CARTESIAN_POINT('',(0.660085432151,0.466872559644));
#8068 = CARTESIAN_POINT('',(0.654251378577,0.459872470687));
#8069 = CARTESIAN_POINT('',(0.648954747382,0.452714415718));
#8070 = CARTESIAN_POINT('',(0.644224722825,0.445628229125));
#8071 = CARTESIAN_POINT('',(0.640012775931,0.438709995763));
#8072 = CARTESIAN_POINT('',(0.636270326331,0.431936600457));
#8073 = CARTESIAN_POINT('',(0.632953765072,0.425316324384));
#8074 = CARTESIAN_POINT('',(0.630022784931,0.418848898912));
#8075 = CARTESIAN_POINT('',(0.627440804193,0.412539110534));
#8076 = CARTESIAN_POINT('',(0.625169186466,0.406367764076));
#8077 = CARTESIAN_POINT('',(0.623174220078,0.400314888011));
#8078 = CARTESIAN_POINT('',(0.621426396035,0.394362093113));
#8079 = CARTESIAN_POINT('',(0.619903363877,0.388498798174));
#8080 = CARTESIAN_POINT('',(0.618586288031,0.382717811045));
#8081 = CARTESIAN_POINT('',(0.617457909642,0.377012046653));
#8082 = CARTESIAN_POINT('',(0.616502515187,0.371375394281));
#8083 = CARTESIAN_POINT('',(0.615706666846,0.365801961131));
#8084 = CARTESIAN_POINT('',(0.615059036105,0.360285895992));
#8085 = CARTESIAN_POINT('',(0.614549047924,0.354821851916));
#8086 = CARTESIAN_POINT('',(0.614167038512,0.34940484777));
#8087 = CARTESIAN_POINT('',(0.613904085005,0.344030253831));
#8088 = CARTESIAN_POINT('',(0.613751960467,0.338693747426));
#8089 = CARTESIAN_POINT('',(0.613702994471,0.333391247935));
#8090 = CARTESIAN_POINT('',(0.613734501289,0.329876389391));
#8091 = CARTESIAN_POINT('',(0.613765101866,0.328123349268));
#8092 = ( GEOMETRIC_REPRESENTATION_CONTEXT(2) 
PARAMETRIC_REPRESENTATION_CONTEXT() REPRESENTATION_CONTEXT('2D SPACE',''
  ) );
#8093 = ORIENTED_EDGE('',*,*,#7785,.F.);
#8094 = ORIENTED_EDGE('',*,*,#8095,.T.);
#8095 = EDGE_CURVE('',#7786,#7338,#8096,.T.);
#8096 = SURFACE_CURVE('',#8097,(#8113,#8120),.PCURVE_S1.);
#8097 = B_SPLINE_CURVE_WITH_KNOTS('',3,(#8098,#8099,#8100,#8101,#8102,
    #8103,#8104,#8105,#8106,#8107,#8108,#8109,#8110,#8111,#8112),
  .UNSPECIFIED.,.F.,.F.,(4,1,1,1,2,1,1,1,1,1,1,4),(-3.742981431871,
    -3.022648181396,-2.662481556158,-2.39235658723,-1.942148305683,
    -1.747933475114,-1.553718644546,-1.359503813978,-1.16528898341,
    -0.776859322273,-0.485537076421,0.),.UNSPECIFIED.);
#8098 = CARTESIAN_POINT('',(52.5,-40.,27.800373401356));
#8099 = CARTESIAN_POINT('',(52.5,-38.67712029055,29.804200368909));
#8100 = CARTESIAN_POINT('',(52.5,-36.67956712758,32.820422794781));
#8101 = CARTESIAN_POINT('',(52.5,-33.96218011174,36.416616465589));
#8102 = CARTESIAN_POINT('',(52.5,-31.60654669095,39.130587329884));
#8103 = CARTESIAN_POINT('',(52.5,-29.80601481637,40.773411612168));
#8104 = CARTESIAN_POINT('',(52.5,-28.01496206377,41.991733229397));
#8105 = CARTESIAN_POINT('',(52.5,-26.90936151816,42.681644112877));
#8106 = CARTESIAN_POINT('',(52.5,-25.18574386669,43.576996070401));
#8107 = CARTESIAN_POINT('',(52.5,-23.39486369562,44.339037096941));
#8108 = CARTESIAN_POINT('',(52.5,-20.93216788066,45.18545985006));
#8109 = CARTESIAN_POINT('',(52.5,-18.06492917542,45.875928467496));
#8110 = CARTESIAN_POINT('',(52.5,-14.18827451134,46.488352886921));
#8111 = CARTESIAN_POINT('',(52.5,-11.61489918591,46.721838730992));
#8112 = CARTESIAN_POINT('',(52.5,-10.,46.829092755477));
#8113 = PCURVE('',#7353,#8114);
#8114 = DEFINITIONAL_REPRESENTATION('',(#8115),#8119);
#8115 = LINE('',#8116,#8117);
#8116 = CARTESIAN_POINT('',(1.,-4.4E-16));
#8117 = VECTOR('',#8118,1.);
#8118 = DIRECTION('',(2.31E-15,1.));
#8119 = ( GEOMETRIC_REPRESENTATION_CONTEXT(2) 
PARAMETRIC_REPRESENTATION_CONTEXT() REPRESENTATION_CONTEXT('2D SPACE',''
  ) );
#8120 = PCURVE('',#8121,#8126);
#8121 = PLANE('',#8122);
#8122 = AXIS2_PLACEMENT_3D('',#8123,#8124,#8125);
#8123 = CARTESIAN_POINT('',(52.5,-40.,3.));
#8124 = DIRECTION('',(1.,3.E-16,0.));
#8125 = DIRECTION('',(-3.E-16,1.,0.));
#8126 = DEFINITIONAL_REPRESENTATION('',(#8127),#8143);
#8127 = B_SPLINE_CURVE_WITH_KNOTS('',3,(#8128,#8129,#8130,#8131,#8132,
    #8133,#8134,#8135,#8136,#8137,#8138,#8139,#8140,#8141,#8142),
  .UNSPECIFIED.,.F.,.F.,(4,1,1,1,2,1,1,1,1,1,1,4),(-3.742981431871,
    -3.022648181396,-2.662481556158,-2.39235658723,-1.942148305683,
    -1.747933475114,-1.553718644546,-1.359503813978,-1.16528898341,
    -0.776859322273,-0.485537076421,0.),.UNSPECIFIED.);
#8128 = CARTESIAN_POINT('',(0.,24.800373401356));
#8129 = CARTESIAN_POINT('',(1.322879709446,26.804200368909));
#8130 = CARTESIAN_POINT('',(3.320432872413,29.820422794781));
#8131 = CARTESIAN_POINT('',(6.037819888254,33.416616465589));
#8132 = CARTESIAN_POINT('',(8.393453309044,36.130587329884));
#8133 = CARTESIAN_POINT('',(10.193985183628,37.773411612168));
#8134 = CARTESIAN_POINT('',(11.985037936228,38.991733229397));
#8135 = CARTESIAN_POINT('',(13.090638481834,39.681644112877));
#8136 = CARTESIAN_POINT('',(14.81425613331,40.576996070401));
#8137 = CARTESIAN_POINT('',(16.605136304377,41.339037096941));
#8138 = CARTESIAN_POINT('',(19.067832119337,42.18545985006));
#8139 = CARTESIAN_POINT('',(21.935070824572,42.875928467496));
#8140 = CARTESIAN_POINT('',(25.81172548866,43.488352886921));
#8141 = CARTESIAN_POINT('',(28.385100814086,43.721838730992));
#8142 = CARTESIAN_POINT('',(30.,43.829092755477));
#8143 = ( GEOMETRIC_REPRESENTATION_CONTEXT(2) 
PARAMETRIC_REPRESENTATION_CONTEXT() REPRESENTATION_CONTEXT('2D SPACE',''
  ) );
#8144 = ADVANCED_FACE('',(#8145),#7760,.T.);
#8145 = FACE_BOUND('',#8146,.T.);
#8146 = EDGE_LOOP('',(#8147,#8148,#8171,#8194));
#8147 = ORIENTED_EDGE('',*,*,#7736,.F.);
#8148 = ORIENTED_EDGE('',*,*,#8149,.F.);
#8149 = EDGE_CURVE('',#8150,#7072,#8152,.T.);
#8150 = VERTEX_POINT('',#8151);
#8151 = CARTESIAN_POINT('',(36.5,-10.,5.));
#8152 = SURFACE_CURVE('',#8153,(#8157,#8164),.PCURVE_S1.);
#8153 = LINE('',#8154,#8155);
#8154 = CARTESIAN_POINT('',(36.5,-10.,3.));
#8155 = VECTOR('',#8156,1.);
#8156 = DIRECTION('',(0.,0.,1.));
#8157 = PCURVE('',#7760,#8158);
#8158 = DEFINITIONAL_REPRESENTATION('',(#8159),#8163);
#8159 = LINE('',#8160,#8161);
#8160 = CARTESIAN_POINT('',(0.,0.));
#8161 = VECTOR('',#8162,1.);
#8162 = DIRECTION('',(0.,1.));
#8163 = ( GEOMETRIC_REPRESENTATION_CONTEXT(2) 
PARAMETRIC_REPRESENTATION_CONTEXT() REPRESENTATION_CONTEXT('2D SPACE',''
  ) );
#8164 = PCURVE('',#7471,#8165);
#8165 = DEFINITIONAL_REPRESENTATION('',(#8166),#8170);
#8166 = LINE('',#8167,#8168);
#8167 = CARTESIAN_POINT('',(6.28318530718,0.));
#8168 = VECTOR('',#8169,1.);
#8169 = DIRECTION('',(0.,1.));
#8170 = ( GEOMETRIC_REPRESENTATION_CONTEXT(2) 
PARAMETRIC_REPRESENTATION_CONTEXT() REPRESENTATION_CONTEXT('2D SPACE',''
  ) );
#8171 = ORIENTED_EDGE('',*,*,#8172,.F.);
#8172 = EDGE_CURVE('',#8173,#8150,#8175,.T.);
#8173 = VERTEX_POINT('',#8174);
#8174 = CARTESIAN_POINT('',(36.5,-40.,5.));
#8175 = SURFACE_CURVE('',#8176,(#8180,#8187),.PCURVE_S1.);
#8176 = LINE('',#8177,#8178);
#8177 = CARTESIAN_POINT('',(36.5,-5.,5.));
#8178 = VECTOR('',#8179,1.);
#8179 = DIRECTION('',(0.,1.,0.));
#8180 = PCURVE('',#7760,#8181);
#8181 = DEFINITIONAL_REPRESENTATION('',(#8182),#8186);
#8182 = LINE('',#8183,#8184);
#8183 = CARTESIAN_POINT('',(-5.,2.));
#8184 = VECTOR('',#8185,1.);
#8185 = DIRECTION('',(-1.,0.));
#8186 = ( GEOMETRIC_REPRESENTATION_CONTEXT(2) 
PARAMETRIC_REPRESENTATION_CONTEXT() REPRESENTATION_CONTEXT('2D SPACE',''
  ) );
#8187 = PCURVE('',#3005,#8188);
#8188 = DEFINITIONAL_REPRESENTATION('',(#8189),#8193);
#8189 = LINE('',#8190,#8191);
#8190 = CARTESIAN_POINT('',(-0.785398163397,0.));
#8191 = VECTOR('',#8192,1.);
#8192 = DIRECTION('',(0.,1.));
#8193 = ( GEOMETRIC_REPRESENTATION_CONTEXT(2) 
PARAMETRIC_REPRESENTATION_CONTEXT() REPRESENTATION_CONTEXT('2D SPACE',''
  ) );
#8194 = ORIENTED_EDGE('',*,*,#8195,.T.);
#8195 = EDGE_CURVE('',#8173,#7531,#8196,.T.);
#8196 = SURFACE_CURVE('',#8197,(#8201,#8208),.PCURVE_S1.);
#8197 = LINE('',#8198,#8199);
#8198 = CARTESIAN_POINT('',(36.5,-40.,3.));
#8199 = VECTOR('',#8200,1.);
#8200 = DIRECTION('',(0.,0.,1.));
#8201 = PCURVE('',#7760,#8202);
#8202 = DEFINITIONAL_REPRESENTATION('',(#8203),#8207);
#8203 = LINE('',#8204,#8205);
#8204 = CARTESIAN_POINT('',(30.,0.));
#8205 = VECTOR('',#8206,1.);
#8206 = DIRECTION('',(0.,1.));
#8207 = ( GEOMETRIC_REPRESENTATION_CONTEXT(2) 
PARAMETRIC_REPRESENTATION_CONTEXT() REPRESENTATION_CONTEXT('2D SPACE',''
  ) );
#8208 = PCURVE('',#7935,#8209);
#8209 = DEFINITIONAL_REPRESENTATION('',(#8210),#8214);
#8210 = LINE('',#8211,#8212);
#8211 = CARTESIAN_POINT('',(3.14159265359,0.));
#8212 = VECTOR('',#8213,1.);
#8213 = DIRECTION('',(0.,1.));
#8214 = ( GEOMETRIC_REPRESENTATION_CONTEXT(2) 
PARAMETRIC_REPRESENTATION_CONTEXT() REPRESENTATION_CONTEXT('2D SPACE',''
  ) );
#8215 = ADVANCED_FACE('',(#8216),#7471,.T.);
#8216 = FACE_BOUND('',#8217,.T.);
#8217 = EDGE_LOOP('',(#8218,#8219,#8242,#8264));
#8218 = ORIENTED_EDGE('',*,*,#7450,.F.);
#8219 = ORIENTED_EDGE('',*,*,#8220,.F.);
#8220 = EDGE_CURVE('',#8221,#7338,#8223,.T.);
#8221 = VERTEX_POINT('',#8222);
#8222 = CARTESIAN_POINT('',(52.5,-10.,5.));
#8223 = SURFACE_CURVE('',#8224,(#8228,#8235),.PCURVE_S1.);
#8224 = LINE('',#8225,#8226);
#8225 = CARTESIAN_POINT('',(52.5,-10.,3.));
#8226 = VECTOR('',#8227,1.);
#8227 = DIRECTION('',(0.,0.,1.));
#8228 = PCURVE('',#7471,#8229);
#8229 = DEFINITIONAL_REPRESENTATION('',(#8230),#8234);
#8230 = LINE('',#8231,#8232);
#8231 = CARTESIAN_POINT('',(3.14159265359,0.));
#8232 = VECTOR('',#8233,1.);
#8233 = DIRECTION('',(0.,1.));
#8234 = ( GEOMETRIC_REPRESENTATION_CONTEXT(2) 
PARAMETRIC_REPRESENTATION_CONTEXT() REPRESENTATION_CONTEXT('2D SPACE',''
  ) );
#8235 = PCURVE('',#8121,#8236);
#8236 = DEFINITIONAL_REPRESENTATION('',(#8237),#8241);
#8237 = LINE('',#8238,#8239);
#8238 = CARTESIAN_POINT('',(30.,0.));
#8239 = VECTOR('',#8240,1.);
#8240 = DIRECTION('',(0.,1.));
#8241 = ( GEOMETRIC_REPRESENTATION_CONTEXT(2) 
PARAMETRIC_REPRESENTATION_CONTEXT() REPRESENTATION_CONTEXT('2D SPACE',''
  ) );
#8242 = ORIENTED_EDGE('',*,*,#8243,.F.);
#8243 = EDGE_CURVE('',#8150,#8221,#8244,.T.);
#8244 = SURFACE_CURVE('',#8245,(#8250,#8257),.PCURVE_S1.);
#8245 = CIRCLE('',#8246,8.);
#8246 = AXIS2_PLACEMENT_3D('',#8247,#8248,#8249);
#8247 = CARTESIAN_POINT('',(44.5,-10.,5.));
#8248 = DIRECTION('',(0.,0.,-1.));
#8249 = DIRECTION('',(0.,1.,0.));
#8250 = PCURVE('',#7471,#8251);
#8251 = DEFINITIONAL_REPRESENTATION('',(#8252),#8256);
#8252 = LINE('',#8253,#8254);
#8253 = CARTESIAN_POINT('',(10.995574287564,2.));
#8254 = VECTOR('',#8255,1.);
#8255 = DIRECTION('',(-1.,0.));
#8256 = ( GEOMETRIC_REPRESENTATION_CONTEXT(2) 
PARAMETRIC_REPRESENTATION_CONTEXT() REPRESENTATION_CONTEXT('2D SPACE',''
  ) );
#8257 = PCURVE('',#3034,#8258);
#8258 = DEFINITIONAL_REPRESENTATION('',(#8259),#8263);
#8259 = LINE('',#8260,#8261);
#8260 = CARTESIAN_POINT('',(-4.712388980385,3.14159265359));
#8261 = VECTOR('',#8262,1.);
#8262 = DIRECTION('',(1.,-1.4E-16));
#8263 = ( GEOMETRIC_REPRESENTATION_CONTEXT(2) 
PARAMETRIC_REPRESENTATION_CONTEXT() REPRESENTATION_CONTEXT('2D SPACE',''
  ) );
#8264 = ORIENTED_EDGE('',*,*,#8149,.T.);
#8265 = ADVANCED_FACE('',(#8266,#8459),#7245,.F.);
#8266 = FACE_BOUND('',#8267,.F.);
#8267 = EDGE_LOOP('',(#8268,#8341,#8363,#8434));
#8268 = ORIENTED_EDGE('',*,*,#8269,.T.);
#8269 = EDGE_CURVE('',#8270,#8272,#8274,.T.);
#8270 = VERTEX_POINT('',#8271);
#8271 = CARTESIAN_POINT('',(75.,-76.,8.));
#8272 = VERTEX_POINT('',#8273);
#8273 = CARTESIAN_POINT('',(7.,45.,62.));
#8274 = SURFACE_CURVE('',#8275,(#8286,#8293),.PCURVE_S1.);
#8275 = B_SPLINE_CURVE_WITH_KNOTS('',3,(#8276,#8277,#8278,#8279,#8280,
    #8281,#8282,#8283,#8284,#8285),.UNSPECIFIED.,.F.,.F.,(4,2,2,2,4),(0.
    ,0.132926200126,0.453971932017,0.829209558084,1.),.UNSPECIFIED.);
#8276 = CARTESIAN_POINT('',(75.,-76.,8.));
#8277 = CARTESIAN_POINT('',(75.002104316018,-70.63904536936,
    6.648340672876));
#8278 = CARTESIAN_POINT('',(75.002104316018,-65.30571203603,
    6.648340672876));
#8279 = CARTESIAN_POINT('',(74.994917618383,-47.18554955904,
    11.264551740248));
#8280 = CARTESIAN_POINT('',(81.869542825059,-35.00603360185,
    33.966177329623));
#8281 = CARTESIAN_POINT('',(66.857957378242,-6.885361478767,
    50.191581998073));
#8282 = CARTESIAN_POINT('',(35.604894979473,9.617716263934,
    46.773382053587));
#8283 = CARTESIAN_POINT('',(16.364330582909,31.572648064975,
    55.321729935399));
#8284 = CARTESIAN_POINT('',(11.236821379235,38.337503933209,
    58.439090447708));
#8285 = CARTESIAN_POINT('',(7.,45.,62.));
#8286 = PCURVE('',#7245,#8287);
#8287 = DEFINITIONAL_REPRESENTATION('',(#8288),#8292);
#8288 = LINE('',#8289,#8290);
#8289 = CARTESIAN_POINT('',(1.,-6.E-17));
#8290 = VECTOR('',#8291,1.);
#8291 = DIRECTION('',(-1.1E-16,1.));
#8292 = ( GEOMETRIC_REPRESENTATION_CONTEXT(2) 
PARAMETRIC_REPRESENTATION_CONTEXT() REPRESENTATION_CONTEXT('2D SPACE',''
  ) );
#8293 = PCURVE('',#8294,#8335);
#8294 = B_SPLINE_SURFACE_WITH_KNOTS('',3,3,(
    (#8295,#8296,#8297,#8298,#8299,#8300,#8301,#8302,#8303,#8304)
    ,(#8305,#8306,#8307,#8308,#8309,#8310,#8311,#8312,#8313,#8314)
    ,(#8315,#8316,#8317,#8318,#8319,#8320,#8321,#8322,#8323,#8324)
    ,(#8325,#8326,#8327,#8328,#8329,#8330,#8331,#8332,#8333,#8334
  )),.UNSPECIFIED.,.F.,.F.,.F.,(4,4),(4,2,2,2,4),(0.,1.),(0.,
    0.132926200126,0.453971932017,0.829209558084,1.),.UNSPECIFIED.);
#8295 = CARTESIAN_POINT('',(75.,-76.,8.));
#8296 = CARTESIAN_POINT('',(75.002104316018,-70.63904536936,
    6.648340672876));
#8297 = CARTESIAN_POINT('',(75.002104316018,-65.30571203603,
    6.648340672876));
#8298 = CARTESIAN_POINT('',(74.994917618383,-47.18554955904,
    11.264551740248));
#8299 = CARTESIAN_POINT('',(81.869542825059,-35.00603360185,
    33.966177329623));
#8300 = CARTESIAN_POINT('',(66.857957378242,-6.885361478767,
    50.191581998073));
#8301 = CARTESIAN_POINT('',(35.604894979473,9.617716263934,
    46.773382053587));
#8302 = CARTESIAN_POINT('',(16.364330582909,31.572648064975,
    55.321729935399));
#8303 = CARTESIAN_POINT('',(11.236821379235,38.337503933209,
    58.439090447708));
#8304 = CARTESIAN_POINT('',(7.,45.,62.));
#8305 = CARTESIAN_POINT('',(75.,-76.,13.));
#8306 = CARTESIAN_POINT('',(74.881012620403,-70.43532862317,
    11.715509718668));
#8307 = CARTESIAN_POINT('',(74.881012620403,-65.10199528983,
    11.715509718668));
#8308 = CARTESIAN_POINT('',(75.287380443677,-47.67756988173,
    16.102323861573));
#8309 = CARTESIAN_POINT('',(84.416584505968,-39.78310302322,
    37.459569465247));
#8310 = CARTESIAN_POINT('',(70.379724369383,-12.23499434795,
    53.347676633691));
#8311 = CARTESIAN_POINT('',(39.164157338207,8.865266442216,
    50.796751732006));
#8312 = CARTESIAN_POINT('',(18.121434828102,31.679169555595,
    59.930682035774));
#8313 = CARTESIAN_POINT('',(12.22032704274,38.498076592927,
    63.239446023552));
#8314 = CARTESIAN_POINT('',(7.,45.,67.));
#8315 = CARTESIAN_POINT('',(75.,-76.,22.125672248657));
#8316 = CARTESIAN_POINT('',(74.667017795391,-70.07531773032,
    20.971587408962));
#8317 = CARTESIAN_POINT('',(74.667017795391,-64.74198439699,
    20.971587408962));
#8318 = CARTESIAN_POINT('',(75.804224565846,-48.54707461799,
    24.913038559248));
#8319 = CARTESIAN_POINT('',(88.9425830704,-48.22693755102,
    43.732519544197));
#8320 = CARTESIAN_POINT('',(76.574411895884,-21.68690740398,
    58.809010896709));
#8321 = CARTESIAN_POINT('',(45.189929079988,7.55398711459,
    58.398387316647));
#8322 = CARTESIAN_POINT('',(21.072061722273,31.878214146207,
    67.327927971528));
#8323 = CARTESIAN_POINT('',(13.866789935638,38.78824284616,
    70.435768959403));
#8324 = CARTESIAN_POINT('',(7.,45.,73.85840734641));
#8325 = CARTESIAN_POINT('',(75.,-76.,23.));
#8326 = CARTESIAN_POINT('',(74.638829229175,-70.02789513078,
    21.849847810252));
#8327 = CARTESIAN_POINT('',(74.638829229175,-64.69456179744,
    21.849847810252));
#8328 = CARTESIAN_POINT('',(75.872306094267,-48.66161052712,
    25.777868104223));
#8329 = CARTESIAN_POINT('',(89.510667867784,-49.33724186595,
    44.446353736496));
#8330 = CARTESIAN_POINT('',(77.423258351665,-22.93426008631,
    59.659865904926));
#8331 = CARTESIAN_POINT('',(46.282682055675,7.36036679878,
    58.843491088845));
#8332 = CARTESIAN_POINT('',(21.635643318489,31.892212536835,
    69.148586236525));
#8333 = CARTESIAN_POINT('',(14.187338369748,38.819221912364,
    72.840157175239));
#8334 = CARTESIAN_POINT('',(7.,45.,77.));
#8335 = DEFINITIONAL_REPRESENTATION('',(#8336),#8340);
#8336 = LINE('',#8337,#8338);
#8337 = CARTESIAN_POINT('',(0.,6.E-17));
#8338 = VECTOR('',#8339,1.);
#8339 = DIRECTION('',(-4.9E-16,1.));
#8340 = ( GEOMETRIC_REPRESENTATION_CONTEXT(2) 
PARAMETRIC_REPRESENTATION_CONTEXT() REPRESENTATION_CONTEXT('2D SPACE',''
  ) );
#8341 = ORIENTED_EDGE('',*,*,#8342,.F.);
#8342 = EDGE_CURVE('',#8343,#8272,#8345,.T.);
#8343 = VERTEX_POINT('',#8344);
#8344 = CARTESIAN_POINT('',(7.,-45.,62.));
#8345 = SURFACE_CURVE('',#8346,(#8350,#8356),.PCURVE_S1.);
#8346 = LINE('',#8347,#8348);
#8347 = CARTESIAN_POINT('',(7.,0.,62.));
#8348 = VECTOR('',#8349,1.);
#8349 = DIRECTION('',(0.,1.,0.));
#8350 = PCURVE('',#7245,#8351);
#8351 = DEFINITIONAL_REPRESENTATION('',(#8352),#8355);
#8352 = B_SPLINE_CURVE_WITH_KNOTS('',1,(#8353,#8354),.UNSPECIFIED.,.F.,
  .F.,(2,2),(-45.,45.),.PIECEWISE_BEZIER_KNOTS.);
#8353 = CARTESIAN_POINT('',(1.5E-16,1.));
#8354 = CARTESIAN_POINT('',(1.,1.));
#8355 = ( GEOMETRIC_REPRESENTATION_CONTEXT(2) 
PARAMETRIC_REPRESENTATION_CONTEXT() REPRESENTATION_CONTEXT('2D SPACE',''
  ) );
#8356 = PCURVE('',#72,#8357);
#8357 = DEFINITIONAL_REPRESENTATION('',(#8358),#8362);
#8358 = LINE('',#8359,#8360);
#8359 = CARTESIAN_POINT('',(0.,0.));
#8360 = VECTOR('',#8361,1.);
#8361 = DIRECTION('',(0.,1.));
#8362 = ( GEOMETRIC_REPRESENTATION_CONTEXT(2) 
PARAMETRIC_REPRESENTATION_CONTEXT() REPRESENTATION_CONTEXT('2D SPACE',''
  ) );
#8363 = ORIENTED_EDGE('',*,*,#8364,.F.);
#8364 = EDGE_CURVE('',#8365,#8343,#8367,.T.);
#8365 = VERTEX_POINT('',#8366);
#8366 = CARTESIAN_POINT('',(15.,-76.,8.));
#8367 = SURFACE_CURVE('',#8368,(#8379,#8386),.PCURVE_S1.);
#8368 = B_SPLINE_CURVE_WITH_KNOTS('',3,(#8369,#8370,#8371,#8372,#8373,
    #8374,#8375,#8376,#8377,#8378),.UNSPECIFIED.,.F.,.F.,(4,2,2,2,4),(0.
    ,0.132926200126,0.453971932017,0.829209558084,1.),.UNSPECIFIED.);
#8369 = CARTESIAN_POINT('',(15.,-76.,8.));
#8370 = CARTESIAN_POINT('',(15.064245234735,-69.83946844645,
    6.557742902037));
#8371 = CARTESIAN_POINT('',(15.064245234735,-64.50613511312,
    6.557742902037));
#8372 = CARTESIAN_POINT('',(14.844833761992,-49.11670201939,
    11.48336509397));
#8373 = CARTESIAN_POINT('',(14.125150330861,-45.02827594315,
    35.579139637471));
#8374 = CARTESIAN_POINT('',(12.57461186414,-38.08304692928,
    53.16855238833));
#8375 = CARTESIAN_POINT('',(12.068549100576,-40.89256352831,
    52.550078161305));
#8376 = CARTESIAN_POINT('',(9.26978466608,-42.94148986496,
    58.457795800827));
#8377 = CARTESIAN_POINT('',(8.221384134286,-43.8412857014,
    60.254482817617));
#8378 = CARTESIAN_POINT('',(7.,-45.,62.));
#8379 = PCURVE('',#7245,#8380);
#8380 = DEFINITIONAL_REPRESENTATION('',(#8381),#8385);
#8381 = LINE('',#8382,#8383);
#8382 = CARTESIAN_POINT('',(-1.E-17,-1.E-16));
#8383 = VECTOR('',#8384,1.);
#8384 = DIRECTION('',(7.E-17,1.));
#8385 = ( GEOMETRIC_REPRESENTATION_CONTEXT(2) 
PARAMETRIC_REPRESENTATION_CONTEXT() REPRESENTATION_CONTEXT('2D SPACE',''
  ) );
#8386 = PCURVE('',#8387,#8428);
#8387 = B_SPLINE_SURFACE_WITH_KNOTS('',3,3,(
    (#8388,#8389,#8390,#8391,#8392,#8393,#8394,#8395,#8396,#8397)
    ,(#8398,#8399,#8400,#8401,#8402,#8403,#8404,#8405,#8406,#8407)
    ,(#8408,#8409,#8410,#8411,#8412,#8413,#8414,#8415,#8416,#8417)
    ,(#8418,#8419,#8420,#8421,#8422,#8423,#8424,#8425,#8426,#8427
  )),.UNSPECIFIED.,.F.,.F.,.F.,(4,4),(4,2,2,2,4),(0.,1.),(0.,
    0.132926200126,0.453971932017,0.829209558084,1.),.UNSPECIFIED.);
#8388 = CARTESIAN_POINT('',(15.,-76.,23.));
#8389 = CARTESIAN_POINT('',(14.954381205297,-69.41374533238,
    21.903241323098));
#8390 = CARTESIAN_POINT('',(14.954381205297,-64.08041199905,
    21.903241323098));
#8391 = CARTESIAN_POINT('',(15.110179327474,-50.14491608563,
    25.648911138677));
#8392 = CARTESIAN_POINT('',(16.283864496581,-53.4902335003,
    42.977708468318));
#8393 = CARTESIAN_POINT('',(15.947689352932,-51.04041872234,
    58.51089469114));
#8394 = CARTESIAN_POINT('',(16.916690331838,-58.64775622971,
    60.950601235593));
#8395 = CARTESIAN_POINT('',(11.810972981617,-52.18528411006,
    70.524463847712));
#8396 = CARTESIAN_POINT('',(9.67498143956,-49.11639713978,
    73.681168923244));
#8397 = CARTESIAN_POINT('',(7.,-45.,77.));
#8398 = CARTESIAN_POINT('',(15.,-76.,22.125672248657));
#8399 = CARTESIAN_POINT('',(14.968025229972,-69.466615928,
    21.025953728212));
#8400 = CARTESIAN_POINT('',(14.968025229972,-64.13328259466,
    21.025953728212));
#8401 = CARTESIAN_POINT('',(15.07722603547,-50.01722207912,
    24.781732054305));
#8402 = CARTESIAN_POINT('',(16.003380766607,-52.3941200915,
    42.194979661194));
#8403 = CARTESIAN_POINT('',(15.54327121181,-49.48409689827,
    57.688355038774));
#8404 = CARTESIAN_POINT('',(16.446447281259,-56.9238584297,
    60.992182298138));
#8405 = CARTESIAN_POINT('',(11.572509601162,-51.31873746846,
    68.99111169774));
#8406 = CARTESIAN_POINT('',(9.540171736243,-48.62808879037,
    71.447530431684));
#8407 = CARTESIAN_POINT('',(7.,-45.,73.85840734641));
#8408 = CARTESIAN_POINT('',(15.,-76.,13.));
#8409 = CARTESIAN_POINT('',(15.027623891589,-69.69756074176,
    11.67290904239));
#8410 = CARTESIAN_POINT('',(15.027623891589,-64.36422740843,
    11.67290904239));
#8411 = CARTESIAN_POINT('',(14.933282283819,-49.45944004147,
    16.205213775539));
#8412 = CARTESIAN_POINT('',(14.844721719434,-47.8489284622,
    38.045329247753));
#8413 = CARTESIAN_POINT('',(13.698971027071,-42.4021708603,
    54.949333155934));
#8414 = CARTESIAN_POINT('',(13.684596177663,-46.81096109544,
    55.350252519401));
#8415 = CARTESIAN_POINT('',(10.116847437926,-46.02275461333,
    62.480018483122));
#8416 = CARTESIAN_POINT('',(8.705916569377,-45.59965618086,
    64.730044852826));
#8417 = CARTESIAN_POINT('',(7.,-45.,67.));
#8418 = CARTESIAN_POINT('',(15.,-76.,8.));
#8419 = CARTESIAN_POINT('',(15.064245234735,-69.83946844645,
    6.557742902037));
#8420 = CARTESIAN_POINT('',(15.064245234735,-64.50613511312,
    6.557742902037));
#8421 = CARTESIAN_POINT('',(14.844833761992,-49.11670201939,
    11.48336509397));
#8422 = CARTESIAN_POINT('',(14.125150330861,-45.02827594315,
    35.579139637471));
#8423 = CARTESIAN_POINT('',(12.57461186414,-38.08304692928,
    53.16855238833));
#8424 = CARTESIAN_POINT('',(12.068549100576,-40.89256352831,
    52.550078161305));
#8425 = CARTESIAN_POINT('',(9.26978466608,-42.94148986496,
    58.457795800827));
#8426 = CARTESIAN_POINT('',(8.221384134286,-43.8412857014,
    60.254482817617));
#8427 = CARTESIAN_POINT('',(7.,-45.,62.));
#8428 = DEFINITIONAL_REPRESENTATION('',(#8429),#8433);
#8429 = LINE('',#8430,#8431);
#8430 = CARTESIAN_POINT('',(1.,8.E-17));
#8431 = VECTOR('',#8432,1.);
#8432 = DIRECTION('',(1.44E-15,1.));
#8433 = ( GEOMETRIC_REPRESENTATION_CONTEXT(2) 
PARAMETRIC_REPRESENTATION_CONTEXT() REPRESENTATION_CONTEXT('2D SPACE',''
  ) );
#8434 = ORIENTED_EDGE('',*,*,#8435,.T.);
#8435 = EDGE_CURVE('',#8365,#8270,#8436,.T.);
#8436 = SURFACE_CURVE('',#8437,(#8441,#8447),.PCURVE_S1.);
#8437 = LINE('',#8438,#8439);
#8438 = CARTESIAN_POINT('',(15.,-76.,8.));
#8439 = VECTOR('',#8440,1.);
#8440 = DIRECTION('',(1.,0.,-6.E-17));
#8441 = PCURVE('',#7245,#8442);
#8442 = DEFINITIONAL_REPRESENTATION('',(#8443),#8446);
#8443 = B_SPLINE_CURVE_WITH_KNOTS('',1,(#8444,#8445),.UNSPECIFIED.,.F.,
  .F.,(2,2),(0.,60.),.PIECEWISE_BEZIER_KNOTS.);
#8444 = CARTESIAN_POINT('',(-1.E-17,-1.E-16));
#8445 = CARTESIAN_POINT('',(1.,-1.E-16));
#8446 = ( GEOMETRIC_REPRESENTATION_CONTEXT(2) 
PARAMETRIC_REPRESENTATION_CONTEXT() REPRESENTATION_CONTEXT('2D SPACE',''
  ) );
#8447 = PCURVE('',#8448,#8453);
#8448 = PLANE('',#8449);
#8449 = AXIS2_PLACEMENT_3D('',#8450,#8451,#8452);
#8450 = CARTESIAN_POINT('',(45.,-76.,12.241557212879));
#8451 = DIRECTION('',(0.,1.,-0.));
#8452 = DIRECTION('',(0.,0.,1.));
#8453 = DEFINITIONAL_REPRESENTATION('',(#8454),#8458);
#8454 = LINE('',#8455,#8456);
#8455 = CARTESIAN_POINT('',(-4.241557212879,-30.));
#8456 = VECTOR('',#8457,1.);
#8457 = DIRECTION('',(-6.E-17,1.));
#8458 = ( GEOMETRIC_REPRESENTATION_CONTEXT(2) 
PARAMETRIC_REPRESENTATION_CONTEXT() REPRESENTATION_CONTEXT('2D SPACE',''
  ) );
#8459 = FACE_BOUND('',#8460,.F.);
#8460 = EDGE_LOOP('',(#8461,#8462,#8463,#8464));
#8461 = ORIENTED_EDGE('',*,*,#8017,.T.);
#8462 = ORIENTED_EDGE('',*,*,#7809,.T.);
#8463 = ORIENTED_EDGE('',*,*,#7660,.T.);
#8464 = ORIENTED_EDGE('',*,*,#7222,.T.);
#8465 = ADVANCED_FACE('',(#8466),#2977,.F.);
#8466 = FACE_BOUND('',#8467,.F.);
#8467 = EDGE_LOOP('',(#8468,#8469,#8470,#8492,#8516));
#8468 = ORIENTED_EDGE('',*,*,#3074,.F.);
#8469 = ORIENTED_EDGE('',*,*,#2958,.F.);
#8470 = ORIENTED_EDGE('',*,*,#8471,.F.);
#8471 = EDGE_CURVE('',#8173,#2959,#8472,.T.);
#8472 = SURFACE_CURVE('',#8473,(#8478,#8485),.PCURVE_S1.);
#8473 = CIRCLE('',#8474,2.);
#8474 = AXIS2_PLACEMENT_3D('',#8475,#8476,#8477);
#8475 = CARTESIAN_POINT('',(34.5,-40.,5.));
#8476 = DIRECTION('',(-0.,1.,0.));
#8477 = DIRECTION('',(1.,0.,0.));
#8478 = PCURVE('',#2977,#8479);
#8479 = DEFINITIONAL_REPRESENTATION('',(#8480),#8484);
#8480 = LINE('',#8481,#8482);
#8481 = CARTESIAN_POINT('',(6.28318530718,3.14159265359));
#8482 = VECTOR('',#8483,1.);
#8483 = DIRECTION('',(0.,-1.));
#8484 = ( GEOMETRIC_REPRESENTATION_CONTEXT(2) 
PARAMETRIC_REPRESENTATION_CONTEXT() REPRESENTATION_CONTEXT('2D SPACE',''
  ) );
#8485 = PCURVE('',#3005,#8486);
#8486 = DEFINITIONAL_REPRESENTATION('',(#8487),#8491);
#8487 = LINE('',#8488,#8489);
#8488 = CARTESIAN_POINT('',(-0.785398163397,-35.));
#8489 = VECTOR('',#8490,1.);
#8490 = DIRECTION('',(1.,0.));
#8491 = ( GEOMETRIC_REPRESENTATION_CONTEXT(2) 
PARAMETRIC_REPRESENTATION_CONTEXT() REPRESENTATION_CONTEXT('2D SPACE',''
  ) );
#8492 = ORIENTED_EDGE('',*,*,#8493,.F.);
#8493 = EDGE_CURVE('',#8494,#8173,#8496,.T.);
#8494 = VERTEX_POINT('',#8495);
#8495 = CARTESIAN_POINT('',(52.5,-40.,5.));
#8496 = SURFACE_CURVE('',#8497,(#8502,#8509),.PCURVE_S1.);
#8497 = CIRCLE('',#8498,8.);
#8498 = AXIS2_PLACEMENT_3D('',#8499,#8500,#8501);
#8499 = CARTESIAN_POINT('',(44.5,-40.,5.));
#8500 = DIRECTION('',(0.,0.,-1.));
#8501 = DIRECTION('',(0.,-1.,0.));
#8502 = PCURVE('',#2977,#8503);
#8503 = DEFINITIONAL_REPRESENTATION('',(#8504),#8508);
#8504 = LINE('',#8505,#8506);
#8505 = CARTESIAN_POINT('',(-1.570796326795,3.14159265359));
#8506 = VECTOR('',#8507,1.);
#8507 = DIRECTION('',(1.,1.4E-16));
#8508 = ( GEOMETRIC_REPRESENTATION_CONTEXT(2) 
PARAMETRIC_REPRESENTATION_CONTEXT() REPRESENTATION_CONTEXT('2D SPACE',''
  ) );
#8509 = PCURVE('',#7935,#8510);
#8510 = DEFINITIONAL_REPRESENTATION('',(#8511),#8515);
#8511 = LINE('',#8512,#8513);
#8512 = CARTESIAN_POINT('',(10.995574287564,2.));
#8513 = VECTOR('',#8514,1.);
#8514 = DIRECTION('',(-1.,0.));
#8515 = ( GEOMETRIC_REPRESENTATION_CONTEXT(2) 
PARAMETRIC_REPRESENTATION_CONTEXT() REPRESENTATION_CONTEXT('2D SPACE',''
  ) );
#8516 = ORIENTED_EDGE('',*,*,#8517,.F.);
#8517 = EDGE_CURVE('',#3047,#8494,#8518,.T.);
#8518 = SURFACE_CURVE('',#8519,(#8524,#8531),.PCURVE_S1.);
#8519 = CIRCLE('',#8520,2.);
#8520 = AXIS2_PLACEMENT_3D('',#8521,#8522,#8523);
#8521 = CARTESIAN_POINT('',(54.5,-40.,5.));
#8522 = DIRECTION('',(0.,1.,0.));
#8523 = DIRECTION('',(0.,0.,-1.));
#8524 = PCURVE('',#2977,#8525);
#8525 = DEFINITIONAL_REPRESENTATION('',(#8526),#8530);
#8526 = LINE('',#8527,#8528);
#8527 = CARTESIAN_POINT('',(3.14159265359,1.570796326795));
#8528 = VECTOR('',#8529,1.);
#8529 = DIRECTION('',(0.,1.));
#8530 = ( GEOMETRIC_REPRESENTATION_CONTEXT(2) 
PARAMETRIC_REPRESENTATION_CONTEXT() REPRESENTATION_CONTEXT('2D SPACE',''
  ) );
#8531 = PCURVE('',#3062,#8532);
#8532 = DEFINITIONAL_REPRESENTATION('',(#8533),#8537);
#8533 = LINE('',#8534,#8535);
#8534 = CARTESIAN_POINT('',(7.068583470577,20.));
#8535 = VECTOR('',#8536,1.);
#8536 = DIRECTION('',(-1.,0.));
#8537 = ( GEOMETRIC_REPRESENTATION_CONTEXT(2) 
PARAMETRIC_REPRESENTATION_CONTEXT() REPRESENTATION_CONTEXT('2D SPACE',''
  ) );
#8538 = ADVANCED_FACE('',(#8539),#3005,.F.);
#8539 = FACE_BOUND('',#8540,.F.);
#8540 = EDGE_LOOP('',(#8541,#8542,#8543,#8544));
#8541 = ORIENTED_EDGE('',*,*,#8172,.F.);
#8542 = ORIENTED_EDGE('',*,*,#8471,.T.);
#8543 = ORIENTED_EDGE('',*,*,#2989,.F.);
#8544 = ORIENTED_EDGE('',*,*,#8545,.F.);
#8545 = EDGE_CURVE('',#8150,#2990,#8546,.T.);
#8546 = SURFACE_CURVE('',#8547,(#8552,#8559),.PCURVE_S1.);
#8547 = CIRCLE('',#8548,2.);
#8548 = AXIS2_PLACEMENT_3D('',#8549,#8550,#8551);
#8549 = CARTESIAN_POINT('',(34.5,-10.,5.));
#8550 = DIRECTION('',(-0.,1.,0.));
#8551 = DIRECTION('',(1.,0.,0.));
#8552 = PCURVE('',#3005,#8553);
#8553 = DEFINITIONAL_REPRESENTATION('',(#8554),#8558);
#8554 = LINE('',#8555,#8556);
#8555 = CARTESIAN_POINT('',(-0.785398163397,-5.));
#8556 = VECTOR('',#8557,1.);
#8557 = DIRECTION('',(1.,0.));
#8558 = ( GEOMETRIC_REPRESENTATION_CONTEXT(2) 
PARAMETRIC_REPRESENTATION_CONTEXT() REPRESENTATION_CONTEXT('2D SPACE',''
  ) );
#8559 = PCURVE('',#3034,#8560);
#8560 = DEFINITIONAL_REPRESENTATION('',(#8561),#8565);
#8561 = LINE('',#8562,#8563);
#8562 = CARTESIAN_POINT('',(0.,3.14159265359));
#8563 = VECTOR('',#8564,1.);
#8564 = DIRECTION('',(0.,-1.));
#8565 = ( GEOMETRIC_REPRESENTATION_CONTEXT(2) 
PARAMETRIC_REPRESENTATION_CONTEXT() REPRESENTATION_CONTEXT('2D SPACE',''
  ) );
#8566 = ADVANCED_FACE('',(#8567),#3034,.F.);
#8567 = FACE_BOUND('',#8568,.F.);
#8568 = EDGE_LOOP('',(#8569,#8570,#8571,#8572));
#8569 = ORIENTED_EDGE('',*,*,#8243,.F.);
#8570 = ORIENTED_EDGE('',*,*,#8545,.T.);
#8571 = ORIENTED_EDGE('',*,*,#3017,.F.);
#8572 = ORIENTED_EDGE('',*,*,#8573,.F.);
#8573 = EDGE_CURVE('',#8221,#3018,#8574,.T.);
#8574 = SURFACE_CURVE('',#8575,(#8580,#8587),.PCURVE_S1.);
#8575 = CIRCLE('',#8576,2.);
#8576 = AXIS2_PLACEMENT_3D('',#8577,#8578,#8579);
#8577 = CARTESIAN_POINT('',(54.5,-10.,5.));
#8578 = DIRECTION('',(5.6E-16,-1.,0.));
#8579 = DIRECTION('',(-1.,-5.6E-16,0.));
#8580 = PCURVE('',#3034,#8581);
#8581 = DEFINITIONAL_REPRESENTATION('',(#8582),#8586);
#8582 = LINE('',#8583,#8584);
#8583 = CARTESIAN_POINT('',(3.14159265359,3.14159265359));
#8584 = VECTOR('',#8585,1.);
#8585 = DIRECTION('',(0.,-1.));
#8586 = ( GEOMETRIC_REPRESENTATION_CONTEXT(2) 
PARAMETRIC_REPRESENTATION_CONTEXT() REPRESENTATION_CONTEXT('2D SPACE',''
  ) );
#8587 = PCURVE('',#3062,#8588);
#8588 = DEFINITIONAL_REPRESENTATION('',(#8589),#8593);
#8589 = LINE('',#8590,#8591);
#8590 = CARTESIAN_POINT('',(5.497787143782,-10.));
#8591 = VECTOR('',#8592,1.);
#8592 = DIRECTION('',(1.,-1.13E-15));
#8593 = ( GEOMETRIC_REPRESENTATION_CONTEXT(2) 
PARAMETRIC_REPRESENTATION_CONTEXT() REPRESENTATION_CONTEXT('2D SPACE',''
  ) );
#8594 = ADVANCED_FACE('',(#8595),#3062,.F.);
#8595 = FACE_BOUND('',#8596,.F.);
#8596 = EDGE_LOOP('',(#8597,#8618,#8619,#8620));
#8597 = ORIENTED_EDGE('',*,*,#8598,.F.);
#8598 = EDGE_CURVE('',#8221,#8494,#8599,.T.);
#8599 = SURFACE_CURVE('',#8600,(#8604,#8611),.PCURVE_S1.);
#8600 = LINE('',#8601,#8602);
#8601 = CARTESIAN_POINT('',(52.5,-20.,5.));
#8602 = VECTOR('',#8603,1.);
#8603 = DIRECTION('',(3.E-16,-1.,0.));
#8604 = PCURVE('',#3062,#8605);
#8605 = DEFINITIONAL_REPRESENTATION('',(#8606),#8610);
#8606 = LINE('',#8607,#8608);
#8607 = CARTESIAN_POINT('',(5.497787143782,-1.78E-15));
#8608 = VECTOR('',#8609,1.);
#8609 = DIRECTION('',(9.E-17,1.));
#8610 = ( GEOMETRIC_REPRESENTATION_CONTEXT(2) 
PARAMETRIC_REPRESENTATION_CONTEXT() REPRESENTATION_CONTEXT('2D SPACE',''
  ) );
#8611 = PCURVE('',#8121,#8612);
#8612 = DEFINITIONAL_REPRESENTATION('',(#8613),#8617);
#8613 = LINE('',#8614,#8615);
#8614 = CARTESIAN_POINT('',(20.,2.));
#8615 = VECTOR('',#8616,1.);
#8616 = DIRECTION('',(-1.,0.));
#8617 = ( GEOMETRIC_REPRESENTATION_CONTEXT(2) 
PARAMETRIC_REPRESENTATION_CONTEXT() REPRESENTATION_CONTEXT('2D SPACE',''
  ) );
#8618 = ORIENTED_EDGE('',*,*,#8573,.T.);
#8619 = ORIENTED_EDGE('',*,*,#3046,.F.);
#8620 = ORIENTED_EDGE('',*,*,#8517,.T.);
#8621 = ADVANCED_FACE('',(#8622),#7935,.T.);
#8622 = FACE_BOUND('',#8623,.T.);
#8623 = EDGE_LOOP('',(#8624,#8625,#8626,#8627));
#8624 = ORIENTED_EDGE('',*,*,#7909,.F.);
#8625 = ORIENTED_EDGE('',*,*,#8195,.F.);
#8626 = ORIENTED_EDGE('',*,*,#8493,.F.);
#8627 = ORIENTED_EDGE('',*,*,#8628,.T.);
#8628 = EDGE_CURVE('',#8494,#7786,#8629,.T.);
#8629 = SURFACE_CURVE('',#8630,(#8634,#8641),.PCURVE_S1.);
#8630 = LINE('',#8631,#8632);
#8631 = CARTESIAN_POINT('',(52.5,-40.,3.));
#8632 = VECTOR('',#8633,1.);
#8633 = DIRECTION('',(0.,0.,1.));
#8634 = PCURVE('',#7935,#8635);
#8635 = DEFINITIONAL_REPRESENTATION('',(#8636),#8640);
#8636 = LINE('',#8637,#8638);
#8637 = CARTESIAN_POINT('',(6.28318530718,0.));
#8638 = VECTOR('',#8639,1.);
#8639 = DIRECTION('',(0.,1.));
#8640 = ( GEOMETRIC_REPRESENTATION_CONTEXT(2) 
PARAMETRIC_REPRESENTATION_CONTEXT() REPRESENTATION_CONTEXT('2D SPACE',''
  ) );
#8641 = PCURVE('',#8121,#8642);
#8642 = DEFINITIONAL_REPRESENTATION('',(#8643),#8647);
#8643 = LINE('',#8644,#8645);
#8644 = CARTESIAN_POINT('',(0.,0.));
#8645 = VECTOR('',#8646,1.);
#8646 = DIRECTION('',(0.,1.));
#8647 = ( GEOMETRIC_REPRESENTATION_CONTEXT(2) 
PARAMETRIC_REPRESENTATION_CONTEXT() REPRESENTATION_CONTEXT('2D SPACE',''
  ) );
#8648 = ADVANCED_FACE('',(#8649),#8664,.T.);
#8649 = FACE_BOUND('',#8650,.T.);
#8650 = EDGE_LOOP('',(#8651,#8687,#8716,#8745));
#8651 = ORIENTED_EDGE('',*,*,#8652,.T.);
#8652 = EDGE_CURVE('',#8653,#8655,#8657,.T.);
#8653 = VERTEX_POINT('',#8654);
#8654 = CARTESIAN_POINT('',(35.,-40.,0.));
#8655 = VERTEX_POINT('',#8656);
#8656 = CARTESIAN_POINT('',(39.5,-40.,4.5));
#8657 = SURFACE_CURVE('',#8658,(#8663,#8675),.PCURVE_S1.);
#8658 = CIRCLE('',#8659,4.5);
#8659 = AXIS2_PLACEMENT_3D('',#8660,#8661,#8662);
#8660 = CARTESIAN_POINT('',(35.,-40.,4.5));
#8661 = DIRECTION('',(0.,-1.,0.));
#8662 = DIRECTION('',(0.,0.,-1.));
#8663 = PCURVE('',#8664,#8669);
#8664 = TOROIDAL_SURFACE('',#8665,9.5,4.5);
#8665 = AXIS2_PLACEMENT_3D('',#8666,#8667,#8668);
#8666 = CARTESIAN_POINT('',(44.5,-40.,4.5));
#8667 = DIRECTION('',(0.,0.,1.));
#8668 = DIRECTION('',(1.,0.,-0.));
#8669 = DEFINITIONAL_REPRESENTATION('',(#8670),#8674);
#8670 = LINE('',#8671,#8672);
#8671 = CARTESIAN_POINT('',(3.14159265359,4.712388980385));
#8672 = VECTOR('',#8673,1.);
#8673 = DIRECTION('',(0.,-1.));
#8674 = ( GEOMETRIC_REPRESENTATION_CONTEXT(2) 
PARAMETRIC_REPRESENTATION_CONTEXT() REPRESENTATION_CONTEXT('2D SPACE',''
  ) );
#8675 = PCURVE('',#8676,#8681);
#8676 = CYLINDRICAL_SURFACE('',#8677,4.5);
#8677 = AXIS2_PLACEMENT_3D('',#8678,#8679,#8680);
#8678 = CARTESIAN_POINT('',(35.,-5.,4.5));
#8679 = DIRECTION('',(0.,-1.,0.));
#8680 = DIRECTION('',(0.707106781187,0.,-0.707106781187));
#8681 = DEFINITIONAL_REPRESENTATION('',(#8682),#8686);
#8682 = LINE('',#8683,#8684);
#8683 = CARTESIAN_POINT('',(5.497787143782,35.));
#8684 = VECTOR('',#8685,1.);
#8685 = DIRECTION('',(1.,0.));
#8686 = ( GEOMETRIC_REPRESENTATION_CONTEXT(2) 
PARAMETRIC_REPRESENTATION_CONTEXT() REPRESENTATION_CONTEXT('2D SPACE',''
  ) );
#8687 = ORIENTED_EDGE('',*,*,#8688,.T.);
#8688 = EDGE_CURVE('',#8655,#8689,#8691,.T.);
#8689 = VERTEX_POINT('',#8690);
#8690 = CARTESIAN_POINT('',(49.5,-40.,4.5));
#8691 = SURFACE_CURVE('',#8692,(#8697,#8704),.PCURVE_S1.);
#8692 = CIRCLE('',#8693,5.);
#8693 = AXIS2_PLACEMENT_3D('',#8694,#8695,#8696);
#8694 = CARTESIAN_POINT('',(44.5,-40.,4.5));
#8695 = DIRECTION('',(0.,0.,1.));
#8696 = DIRECTION('',(0.,-1.,0.));
#8697 = PCURVE('',#8664,#8698);
#8698 = DEFINITIONAL_REPRESENTATION('',(#8699),#8703);
#8699 = LINE('',#8700,#8701);
#8700 = CARTESIAN_POINT('',(-1.570796326795,3.14159265359));
#8701 = VECTOR('',#8702,1.);
#8702 = DIRECTION('',(1.,0.));
#8703 = ( GEOMETRIC_REPRESENTATION_CONTEXT(2) 
PARAMETRIC_REPRESENTATION_CONTEXT() REPRESENTATION_CONTEXT('2D SPACE',''
  ) );
#8704 = PCURVE('',#8705,#8710);
#8705 = CYLINDRICAL_SURFACE('',#8706,5.);
#8706 = AXIS2_PLACEMENT_3D('',#8707,#8708,#8709);
#8707 = CARTESIAN_POINT('',(44.5,-40.,3.));
#8708 = DIRECTION('',(0.,0.,1.));
#8709 = DIRECTION('',(-1.,0.,0.));
#8710 = DEFINITIONAL_REPRESENTATION('',(#8711),#8715);
#8711 = LINE('',#8712,#8713);
#8712 = CARTESIAN_POINT('',(-4.712388980385,1.5));
#8713 = VECTOR('',#8714,1.);
#8714 = DIRECTION('',(1.,0.));
#8715 = ( GEOMETRIC_REPRESENTATION_CONTEXT(2) 
PARAMETRIC_REPRESENTATION_CONTEXT() REPRESENTATION_CONTEXT('2D SPACE',''
  ) );
#8716 = ORIENTED_EDGE('',*,*,#8717,.T.);
#8717 = EDGE_CURVE('',#8689,#8718,#8720,.T.);
#8718 = VERTEX_POINT('',#8719);
#8719 = CARTESIAN_POINT('',(54.,-40.,0.));
#8720 = SURFACE_CURVE('',#8721,(#8726,#8733),.PCURVE_S1.);
#8721 = CIRCLE('',#8722,4.5);
#8722 = AXIS2_PLACEMENT_3D('',#8723,#8724,#8725);
#8723 = CARTESIAN_POINT('',(54.,-40.,4.5));
#8724 = DIRECTION('',(0.,-1.,0.));
#8725 = DIRECTION('',(-1.,0.,0.));
#8726 = PCURVE('',#8664,#8727);
#8727 = DEFINITIONAL_REPRESENTATION('',(#8728),#8732);
#8728 = LINE('',#8729,#8730);
#8729 = CARTESIAN_POINT('',(6.28318530718,3.14159265359));
#8730 = VECTOR('',#8731,1.);
#8731 = DIRECTION('',(0.,1.));
#8732 = ( GEOMETRIC_REPRESENTATION_CONTEXT(2) 
PARAMETRIC_REPRESENTATION_CONTEXT() REPRESENTATION_CONTEXT('2D SPACE',''
  ) );
#8733 = PCURVE('',#8734,#8739);
#8734 = CYLINDRICAL_SURFACE('',#8735,4.5);
#8735 = AXIS2_PLACEMENT_3D('',#8736,#8737,#8738);
#8736 = CARTESIAN_POINT('',(54.,-20.,4.5));
#8737 = DIRECTION('',(0.,1.,0.));
#8738 = DIRECTION('',(-0.707106781187,0.,-0.707106781187));
#8739 = DEFINITIONAL_REPRESENTATION('',(#8740),#8744);
#8740 = LINE('',#8741,#8742);
#8741 = CARTESIAN_POINT('',(0.785398163397,-20.));
#8742 = VECTOR('',#8743,1.);
#8743 = DIRECTION('',(-1.,0.));
#8744 = ( GEOMETRIC_REPRESENTATION_CONTEXT(2) 
PARAMETRIC_REPRESENTATION_CONTEXT() REPRESENTATION_CONTEXT('2D SPACE',''
  ) );
#8745 = ORIENTED_EDGE('',*,*,#8746,.T.);
#8746 = EDGE_CURVE('',#8718,#8653,#8747,.T.);
#8747 = SURFACE_CURVE('',#8748,(#8753,#8760),.PCURVE_S1.);
#8748 = CIRCLE('',#8749,9.5);
#8749 = AXIS2_PLACEMENT_3D('',#8750,#8751,#8752);
#8750 = CARTESIAN_POINT('',(44.5,-40.,0.));
#8751 = DIRECTION('',(0.,0.,-1.));
#8752 = DIRECTION('',(0.,-1.,0.));
#8753 = PCURVE('',#8664,#8754);
#8754 = DEFINITIONAL_REPRESENTATION('',(#8755),#8759);
#8755 = LINE('',#8756,#8757);
#8756 = CARTESIAN_POINT('',(10.995574287564,4.712388980385));
#8757 = VECTOR('',#8758,1.);
#8758 = DIRECTION('',(-1.,0.));
#8759 = ( GEOMETRIC_REPRESENTATION_CONTEXT(2) 
PARAMETRIC_REPRESENTATION_CONTEXT() REPRESENTATION_CONTEXT('2D SPACE',''
  ) );
#8760 = PCURVE('',#2320,#8761);
#8761 = DEFINITIONAL_REPRESENTATION('',(#8762),#8770);
#8762 = ( BOUNDED_CURVE() B_SPLINE_CURVE(2,(#8763,#8764,#8765,#8766,
#8767,#8768,#8769),.UNSPECIFIED.,.T.,.F.) B_SPLINE_CURVE_WITH_KNOTS((1,2
    ,2,2,2,1),(-2.094395102393,0.,2.094395102393,4.188790204786,
6.28318530718,8.377580409573),.UNSPECIFIED.) CURVE() 
GEOMETRIC_REPRESENTATION_ITEM() RATIONAL_B_SPLINE_CURVE((1.,0.5,1.,0.5,
1.,0.5,1.)) REPRESENTATION_ITEM('') );
#8763 = CARTESIAN_POINT('',(44.5,-49.5));
#8764 = CARTESIAN_POINT('',(28.045517328096,-49.5));
#8765 = CARTESIAN_POINT('',(36.272758664048,-35.25));
#8766 = CARTESIAN_POINT('',(44.5,-21.));
#8767 = CARTESIAN_POINT('',(52.727241335952,-35.25));
#8768 = CARTESIAN_POINT('',(60.954482671904,-49.5));
#8769 = CARTESIAN_POINT('',(44.5,-49.5));
#8770 = ( GEOMETRIC_REPRESENTATION_CONTEXT(2) 
PARAMETRIC_REPRESENTATION_CONTEXT() REPRESENTATION_CONTEXT('2D SPACE',''
  ) );
#8771 = ADVANCED_FACE('',(#8772),#8734,.T.);
#8772 = FACE_BOUND('',#8773,.T.);
#8773 = EDGE_LOOP('',(#8774,#8805,#8826,#8827));
#8774 = ORIENTED_EDGE('',*,*,#8775,.T.);
#8775 = EDGE_CURVE('',#8776,#8778,#8780,.T.);
#8776 = VERTEX_POINT('',#8777);
#8777 = CARTESIAN_POINT('',(49.5,-10.,4.5));
#8778 = VERTEX_POINT('',#8779);
#8779 = CARTESIAN_POINT('',(54.,-10.,0.));
#8780 = SURFACE_CURVE('',#8781,(#8786,#8793),.PCURVE_S1.);
#8781 = CIRCLE('',#8782,4.5);
#8782 = AXIS2_PLACEMENT_3D('',#8783,#8784,#8785);
#8783 = CARTESIAN_POINT('',(54.,-10.,4.5));
#8784 = DIRECTION('',(-2.5E-16,-1.,0.));
#8785 = DIRECTION('',(-1.,2.5E-16,0.));
#8786 = PCURVE('',#8734,#8787);
#8787 = DEFINITIONAL_REPRESENTATION('',(#8788),#8792);
#8788 = LINE('',#8789,#8790);
#8789 = CARTESIAN_POINT('',(0.785398163397,10.));
#8790 = VECTOR('',#8791,1.);
#8791 = DIRECTION('',(-1.,-1.13E-15));
#8792 = ( GEOMETRIC_REPRESENTATION_CONTEXT(2) 
PARAMETRIC_REPRESENTATION_CONTEXT() REPRESENTATION_CONTEXT('2D SPACE',''
  ) );
#8793 = PCURVE('',#8794,#8799);
#8794 = TOROIDAL_SURFACE('',#8795,9.5,4.5);
#8795 = AXIS2_PLACEMENT_3D('',#8796,#8797,#8798);
#8796 = CARTESIAN_POINT('',(44.5,-10.,4.5));
#8797 = DIRECTION('',(0.,0.,1.));
#8798 = DIRECTION('',(1.,0.,-0.));
#8799 = DEFINITIONAL_REPRESENTATION('',(#8800),#8804);
#8800 = LINE('',#8801,#8802);
#8801 = CARTESIAN_POINT('',(0.,3.14159265359));
#8802 = VECTOR('',#8803,1.);
#8803 = DIRECTION('',(0.,1.));
#8804 = ( GEOMETRIC_REPRESENTATION_CONTEXT(2) 
PARAMETRIC_REPRESENTATION_CONTEXT() REPRESENTATION_CONTEXT('2D SPACE',''
  ) );
#8805 = ORIENTED_EDGE('',*,*,#8806,.T.);
#8806 = EDGE_CURVE('',#8778,#8718,#8807,.T.);
#8807 = SURFACE_CURVE('',#8808,(#8812,#8819),.PCURVE_S1.);
#8808 = LINE('',#8809,#8810);
#8809 = CARTESIAN_POINT('',(54.,-20.,0.));
#8810 = VECTOR('',#8811,1.);
#8811 = DIRECTION('',(0.,-1.,0.));
#8812 = PCURVE('',#8734,#8813);
#8813 = DEFINITIONAL_REPRESENTATION('',(#8814),#8818);
#8814 = LINE('',#8815,#8816);
#8815 = CARTESIAN_POINT('',(-0.785398163397,0.));
#8816 = VECTOR('',#8817,1.);
#8817 = DIRECTION('',(0.,-1.));
#8818 = ( GEOMETRIC_REPRESENTATION_CONTEXT(2) 
PARAMETRIC_REPRESENTATION_CONTEXT() REPRESENTATION_CONTEXT('2D SPACE',''
  ) );
#8819 = PCURVE('',#2320,#8820);
#8820 = DEFINITIONAL_REPRESENTATION('',(#8821),#8825);
#8821 = LINE('',#8822,#8823);
#8822 = CARTESIAN_POINT('',(54.,-20.));
#8823 = VECTOR('',#8824,1.);
#8824 = DIRECTION('',(0.,-1.));
#8825 = ( GEOMETRIC_REPRESENTATION_CONTEXT(2) 
PARAMETRIC_REPRESENTATION_CONTEXT() REPRESENTATION_CONTEXT('2D SPACE',''
  ) );
#8826 = ORIENTED_EDGE('',*,*,#8717,.F.);
#8827 = ORIENTED_EDGE('',*,*,#8828,.T.);
#8828 = EDGE_CURVE('',#8689,#8776,#8829,.T.);
#8829 = SURFACE_CURVE('',#8830,(#8834,#8841),.PCURVE_S1.);
#8830 = LINE('',#8831,#8832);
#8831 = CARTESIAN_POINT('',(49.5,-20.,4.5));
#8832 = VECTOR('',#8833,1.);
#8833 = DIRECTION('',(0.,1.,0.));
#8834 = PCURVE('',#8734,#8835);
#8835 = DEFINITIONAL_REPRESENTATION('',(#8836),#8840);
#8836 = LINE('',#8837,#8838);
#8837 = CARTESIAN_POINT('',(0.785398163397,0.));
#8838 = VECTOR('',#8839,1.);
#8839 = DIRECTION('',(0.,1.));
#8840 = ( GEOMETRIC_REPRESENTATION_CONTEXT(2) 
PARAMETRIC_REPRESENTATION_CONTEXT() REPRESENTATION_CONTEXT('2D SPACE',''
  ) );
#8841 = PCURVE('',#8842,#8847);
#8842 = PLANE('',#8843);
#8843 = AXIS2_PLACEMENT_3D('',#8844,#8845,#8846);
#8844 = CARTESIAN_POINT('',(49.5,-40.,3.));
#8845 = DIRECTION('',(1.,0.,0.));
#8846 = DIRECTION('',(-0.,1.,0.));
#8847 = DEFINITIONAL_REPRESENTATION('',(#8848),#8852);
#8848 = LINE('',#8849,#8850);
#8849 = CARTESIAN_POINT('',(20.,1.5));
#8850 = VECTOR('',#8851,1.);
#8851 = DIRECTION('',(1.,0.));
#8852 = ( GEOMETRIC_REPRESENTATION_CONTEXT(2) 
PARAMETRIC_REPRESENTATION_CONTEXT() REPRESENTATION_CONTEXT('2D SPACE',''
  ) );
#8853 = ADVANCED_FACE('',(#8854),#8794,.T.);
#8854 = FACE_BOUND('',#8855,.T.);
#8855 = EDGE_LOOP('',(#8856,#8882,#8908,#8909));
#8856 = ORIENTED_EDGE('',*,*,#8857,.T.);
#8857 = EDGE_CURVE('',#8858,#8860,#8862,.T.);
#8858 = VERTEX_POINT('',#8859);
#8859 = CARTESIAN_POINT('',(39.5,-10.,4.5));
#8860 = VERTEX_POINT('',#8861);
#8861 = CARTESIAN_POINT('',(35.,-10.,0.));
#8862 = SURFACE_CURVE('',#8863,(#8868,#8875),.PCURVE_S1.);
#8863 = CIRCLE('',#8864,4.5);
#8864 = AXIS2_PLACEMENT_3D('',#8865,#8866,#8867);
#8865 = CARTESIAN_POINT('',(35.,-10.,4.5));
#8866 = DIRECTION('',(2.5E-16,1.,0.));
#8867 = DIRECTION('',(1.,-2.5E-16,0.));
#8868 = PCURVE('',#8794,#8869);
#8869 = DEFINITIONAL_REPRESENTATION('',(#8870),#8874);
#8870 = LINE('',#8871,#8872);
#8871 = CARTESIAN_POINT('',(3.14159265359,3.14159265359));
#8872 = VECTOR('',#8873,1.);
#8873 = DIRECTION('',(-2.8E-16,1.));
#8874 = ( GEOMETRIC_REPRESENTATION_CONTEXT(2) 
PARAMETRIC_REPRESENTATION_CONTEXT() REPRESENTATION_CONTEXT('2D SPACE',''
  ) );
#8875 = PCURVE('',#8676,#8876);
#8876 = DEFINITIONAL_REPRESENTATION('',(#8877),#8881);
#8877 = LINE('',#8878,#8879);
#8878 = CARTESIAN_POINT('',(7.068583470577,5.));
#8879 = VECTOR('',#8880,1.);
#8880 = DIRECTION('',(-1.,-1.13E-15));
#8881 = ( GEOMETRIC_REPRESENTATION_CONTEXT(2) 
PARAMETRIC_REPRESENTATION_CONTEXT() REPRESENTATION_CONTEXT('2D SPACE',''
  ) );
#8882 = ORIENTED_EDGE('',*,*,#8883,.T.);
#8883 = EDGE_CURVE('',#8860,#8778,#8884,.T.);
#8884 = SURFACE_CURVE('',#8885,(#8890,#8897),.PCURVE_S1.);
#8885 = CIRCLE('',#8886,9.5);
#8886 = AXIS2_PLACEMENT_3D('',#8887,#8888,#8889);
#8887 = CARTESIAN_POINT('',(44.5,-10.,0.));
#8888 = DIRECTION('',(0.,0.,-1.));
#8889 = DIRECTION('',(0.,1.,0.));
#8890 = PCURVE('',#8794,#8891);
#8891 = DEFINITIONAL_REPRESENTATION('',(#8892),#8896);
#8892 = LINE('',#8893,#8894);
#8893 = CARTESIAN_POINT('',(7.853981633974,4.712388980385));
#8894 = VECTOR('',#8895,1.);
#8895 = DIRECTION('',(-1.,0.));
#8896 = ( GEOMETRIC_REPRESENTATION_CONTEXT(2) 
PARAMETRIC_REPRESENTATION_CONTEXT() REPRESENTATION_CONTEXT('2D SPACE',''
  ) );
#8897 = PCURVE('',#2320,#8898);
#8898 = DEFINITIONAL_REPRESENTATION('',(#8899),#8907);
#8899 = ( BOUNDED_CURVE() B_SPLINE_CURVE(2,(#8900,#8901,#8902,#8903,
#8904,#8905,#8906),.UNSPECIFIED.,.T.,.F.) B_SPLINE_CURVE_WITH_KNOTS((1,2
    ,2,2,2,1),(-2.094395102393,0.,2.094395102393,4.188790204786,
6.28318530718,8.377580409573),.UNSPECIFIED.) CURVE() 
GEOMETRIC_REPRESENTATION_ITEM() RATIONAL_B_SPLINE_CURVE((1.,0.5,1.,0.5,
1.,0.5,1.)) REPRESENTATION_ITEM('') );
#8900 = CARTESIAN_POINT('',(44.5,-0.5));
#8901 = CARTESIAN_POINT('',(60.954482671904,-0.5));
#8902 = CARTESIAN_POINT('',(52.727241335952,-14.75));
#8903 = CARTESIAN_POINT('',(44.5,-29.));
#8904 = CARTESIAN_POINT('',(36.272758664048,-14.75));
#8905 = CARTESIAN_POINT('',(28.045517328096,-0.5));
#8906 = CARTESIAN_POINT('',(44.5,-0.5));
#8907 = ( GEOMETRIC_REPRESENTATION_CONTEXT(2) 
PARAMETRIC_REPRESENTATION_CONTEXT() REPRESENTATION_CONTEXT('2D SPACE',''
  ) );
#8908 = ORIENTED_EDGE('',*,*,#8775,.F.);
#8909 = ORIENTED_EDGE('',*,*,#8910,.T.);
#8910 = EDGE_CURVE('',#8776,#8858,#8911,.T.);
#8911 = SURFACE_CURVE('',#8912,(#8917,#8924),.PCURVE_S1.);
#8912 = CIRCLE('',#8913,5.);
#8913 = AXIS2_PLACEMENT_3D('',#8914,#8915,#8916);
#8914 = CARTESIAN_POINT('',(44.5,-10.,4.5));
#8915 = DIRECTION('',(0.,-0.,1.));
#8916 = DIRECTION('',(0.,1.,0.));
#8917 = PCURVE('',#8794,#8918);
#8918 = DEFINITIONAL_REPRESENTATION('',(#8919),#8923);
#8919 = LINE('',#8920,#8921);
#8920 = CARTESIAN_POINT('',(-4.712388980385,3.14159265359));
#8921 = VECTOR('',#8922,1.);
#8922 = DIRECTION('',(1.,-1.4E-16));
#8923 = ( GEOMETRIC_REPRESENTATION_CONTEXT(2) 
PARAMETRIC_REPRESENTATION_CONTEXT() REPRESENTATION_CONTEXT('2D SPACE',''
  ) );
#8924 = PCURVE('',#8925,#8930);
#8925 = CYLINDRICAL_SURFACE('',#8926,5.);
#8926 = AXIS2_PLACEMENT_3D('',#8927,#8928,#8929);
#8927 = CARTESIAN_POINT('',(44.5,-10.,3.));
#8928 = DIRECTION('',(0.,0.,1.));
#8929 = DIRECTION('',(1.,2.2E-16,-0.));
#8930 = DEFINITIONAL_REPRESENTATION('',(#8931),#8935);
#8931 = LINE('',#8932,#8933);
#8932 = CARTESIAN_POINT('',(-4.712388980385,1.5));
#8933 = VECTOR('',#8934,1.);
#8934 = DIRECTION('',(1.,0.));
#8935 = ( GEOMETRIC_REPRESENTATION_CONTEXT(2) 
PARAMETRIC_REPRESENTATION_CONTEXT() REPRESENTATION_CONTEXT('2D SPACE',''
  ) );
#8936 = ADVANCED_FACE('',(#8937),#8676,.T.);
#8937 = FACE_BOUND('',#8938,.T.);
#8938 = EDGE_LOOP('',(#8939,#8940,#8961,#8962));
#8939 = ORIENTED_EDGE('',*,*,#8652,.F.);
#8940 = ORIENTED_EDGE('',*,*,#8941,.T.);
#8941 = EDGE_CURVE('',#8653,#8860,#8942,.T.);
#8942 = SURFACE_CURVE('',#8943,(#8947,#8954),.PCURVE_S1.);
#8943 = LINE('',#8944,#8945);
#8944 = CARTESIAN_POINT('',(35.,-5.,0.));
#8945 = VECTOR('',#8946,1.);
#8946 = DIRECTION('',(0.,1.,0.));
#8947 = PCURVE('',#8676,#8948);
#8948 = DEFINITIONAL_REPRESENTATION('',(#8949),#8953);
#8949 = LINE('',#8950,#8951);
#8950 = CARTESIAN_POINT('',(5.497787143782,0.));
#8951 = VECTOR('',#8952,1.);
#8952 = DIRECTION('',(0.,-1.));
#8953 = ( GEOMETRIC_REPRESENTATION_CONTEXT(2) 
PARAMETRIC_REPRESENTATION_CONTEXT() REPRESENTATION_CONTEXT('2D SPACE',''
  ) );
#8954 = PCURVE('',#2320,#8955);
#8955 = DEFINITIONAL_REPRESENTATION('',(#8956),#8960);
#8956 = LINE('',#8957,#8958);
#8957 = CARTESIAN_POINT('',(35.,-5.));
#8958 = VECTOR('',#8959,1.);
#8959 = DIRECTION('',(0.,1.));
#8960 = ( GEOMETRIC_REPRESENTATION_CONTEXT(2) 
PARAMETRIC_REPRESENTATION_CONTEXT() REPRESENTATION_CONTEXT('2D SPACE',''
  ) );
#8961 = ORIENTED_EDGE('',*,*,#8857,.F.);
#8962 = ORIENTED_EDGE('',*,*,#8963,.T.);
#8963 = EDGE_CURVE('',#8858,#8655,#8964,.T.);
#8964 = SURFACE_CURVE('',#8965,(#8969,#8976),.PCURVE_S1.);
#8965 = LINE('',#8966,#8967);
#8966 = CARTESIAN_POINT('',(39.5,-5.,4.5));
#8967 = VECTOR('',#8968,1.);
#8968 = DIRECTION('',(0.,-1.,0.));
#8969 = PCURVE('',#8676,#8970);
#8970 = DEFINITIONAL_REPRESENTATION('',(#8971),#8975);
#8971 = LINE('',#8972,#8973);
#8972 = CARTESIAN_POINT('',(7.068583470577,0.));
#8973 = VECTOR('',#8974,1.);
#8974 = DIRECTION('',(0.,1.));
#8975 = ( GEOMETRIC_REPRESENTATION_CONTEXT(2) 
PARAMETRIC_REPRESENTATION_CONTEXT() REPRESENTATION_CONTEXT('2D SPACE',''
  ) );
#8976 = PCURVE('',#8977,#8982);
#8977 = PLANE('',#8978);
#8978 = AXIS2_PLACEMENT_3D('',#8979,#8980,#8981);
#8979 = CARTESIAN_POINT('',(39.5,-10.,3.));
#8980 = DIRECTION('',(-1.,0.,0.));
#8981 = DIRECTION('',(0.,-1.,0.));
#8982 = DEFINITIONAL_REPRESENTATION('',(#8983),#8987);
#8983 = LINE('',#8984,#8985);
#8984 = CARTESIAN_POINT('',(-5.,1.5));
#8985 = VECTOR('',#8986,1.);
#8986 = DIRECTION('',(1.,0.));
#8987 = ( GEOMETRIC_REPRESENTATION_CONTEXT(2) 
PARAMETRIC_REPRESENTATION_CONTEXT() REPRESENTATION_CONTEXT('2D SPACE',''
  ) );
#8988 = ADVANCED_FACE('',(#8989),#8842,.F.);
#8989 = FACE_BOUND('',#8990,.T.);
#8990 = EDGE_LOOP('',(#8991,#8992,#9015,#9099));
#8991 = ORIENTED_EDGE('',*,*,#8828,.F.);
#8992 = ORIENTED_EDGE('',*,*,#8993,.T.);
#8993 = EDGE_CURVE('',#8689,#8994,#8996,.T.);
#8994 = VERTEX_POINT('',#8995);
#8995 = CARTESIAN_POINT('',(49.5,-40.,30.172238824018));
#8996 = SURFACE_CURVE('',#8997,(#9001,#9008),.PCURVE_S1.);
#8997 = LINE('',#8998,#8999);
#8998 = CARTESIAN_POINT('',(49.5,-40.,0.));
#8999 = VECTOR('',#9000,1.);
#9000 = DIRECTION('',(0.,0.,1.));
#9001 = PCURVE('',#8842,#9002);
#9002 = DEFINITIONAL_REPRESENTATION('',(#9003),#9007);
#9003 = LINE('',#9004,#9005);
#9004 = CARTESIAN_POINT('',(0.,-3.));
#9005 = VECTOR('',#9006,1.);
#9006 = DIRECTION('',(0.,1.));
#9007 = ( GEOMETRIC_REPRESENTATION_CONTEXT(2) 
PARAMETRIC_REPRESENTATION_CONTEXT() REPRESENTATION_CONTEXT('2D SPACE',''
  ) );
#9008 = PCURVE('',#8705,#9009);
#9009 = DEFINITIONAL_REPRESENTATION('',(#9010),#9014);
#9010 = LINE('',#9011,#9012);
#9011 = CARTESIAN_POINT('',(3.14159265359,-3.));
#9012 = VECTOR('',#9013,1.);
#9013 = DIRECTION('',(0.,1.));
#9014 = ( GEOMETRIC_REPRESENTATION_CONTEXT(2) 
PARAMETRIC_REPRESENTATION_CONTEXT() REPRESENTATION_CONTEXT('2D SPACE',''
  ) );
#9015 = ORIENTED_EDGE('',*,*,#9016,.F.);
#9016 = EDGE_CURVE('',#9017,#8994,#9019,.T.);
#9017 = VERTEX_POINT('',#9018);
#9018 = CARTESIAN_POINT('',(49.5,-10.,48.049187772938));
#9019 = SURFACE_CURVE('',#9020,(#9031,#9045),.PCURVE_S1.);
#9020 = B_SPLINE_CURVE_WITH_KNOTS('',3,(#9021,#9022,#9023,#9024,#9025,
    #9026,#9027,#9028,#9029,#9030),.UNSPECIFIED.,.F.,.F.,(4,2,2,2,4),(
    -2.648456843714,-2.556021733627,-1.974897532098,-1.433578434107,
    -9.425441762561E-02),.UNSPECIFIED.);
#9021 = CARTESIAN_POINT('',(49.5,-10.,48.049187772938));
#9022 = CARTESIAN_POINT('',(49.5,-10.92548114299,48.001201872173));
#9023 = CARTESIAN_POINT('',(49.5,-11.85552345344,47.941282972902));
#9024 = CARTESIAN_POINT('',(49.5,-18.57547581132,47.393849419804));
#9025 = CARTESIAN_POINT('',(49.5,-22.93959314971,46.412679532084));
#9026 = CARTESIAN_POINT('',(49.5,-30.16620028699,42.798630066368));
#9027 = CARTESIAN_POINT('',(49.5,-31.9738872081,40.954871965771));
#9028 = CARTESIAN_POINT('',(49.5,-35.36284728023,37.344652867548));
#9029 = CARTESIAN_POINT('',(49.5,-37.63808671715,33.911904449627));
#9030 = CARTESIAN_POINT('',(49.5,-40.,30.172238824018));
#9031 = PCURVE('',#8842,#9032);
#9032 = DEFINITIONAL_REPRESENTATION('',(#9033),#9044);
#9033 = B_SPLINE_CURVE_WITH_KNOTS('',3,(#9034,#9035,#9036,#9037,#9038,
    #9039,#9040,#9041,#9042,#9043),.UNSPECIFIED.,.F.,.F.,(4,2,2,2,4),(
    -2.648456843714,-2.556021733627,-1.974897532098,-1.433578434107,
    -9.425441762561E-02),.UNSPECIFIED.);
#9034 = CARTESIAN_POINT('',(30.,45.049187772938));
#9035 = CARTESIAN_POINT('',(29.074518857004,45.001201872173));
#9036 = CARTESIAN_POINT('',(28.144476546558,44.941282972902));
#9037 = CARTESIAN_POINT('',(21.42452418868,44.393849419804));
#9038 = CARTESIAN_POINT('',(17.060406850287,43.412679532084));
#9039 = CARTESIAN_POINT('',(9.833799713006,39.798630066368));
#9040 = CARTESIAN_POINT('',(8.026112791892,37.954871965771));
#9041 = CARTESIAN_POINT('',(4.637152719768,34.344652867548));
#9042 = CARTESIAN_POINT('',(2.361913282842,30.911904449627));
#9043 = CARTESIAN_POINT('',(0.,27.172238824018));
#9044 = ( GEOMETRIC_REPRESENTATION_CONTEXT(2) 
PARAMETRIC_REPRESENTATION_CONTEXT() REPRESENTATION_CONTEXT('2D SPACE',''
  ) );
#9045 = PCURVE('',#9046,#9071);
#9046 = B_SPLINE_SURFACE_WITH_KNOTS('',3,3,(
    (#9047,#9048,#9049,#9050,#9051,#9052)
    ,(#9053,#9054,#9055,#9056,#9057,#9058)
    ,(#9059,#9060,#9061,#9062,#9063,#9064)
    ,(#9065,#9066,#9067,#9068,#9069,#9070
    )),.UNSPECIFIED.,.F.,.F.,.F.,(4,4),(4,2,4),(0.397818402037,
    0.862323752235),(0.289497303059,0.453971932017,0.65242760553),
  .UNSPECIFIED.);
#9047 = CARTESIAN_POINT('',(39.525399964364,-45.57442599484,
    23.187369542666));
#9048 = CARTESIAN_POINT('',(39.71376507576,-41.27362478793,
    30.628294201499));
#9049 = CARTESIAN_POINT('',(39.522277308877,-37.58521641108,
    38.770731856352));
#9050 = CARTESIAN_POINT('',(35.922811544637,-29.5741790172,
    47.656187541649));
#9051 = CARTESIAN_POINT('',(31.432596286146,-26.14725703207,
    49.460681318833));
#9052 = CARTESIAN_POINT('',(26.689101868633,-23.12805801499,
    50.789931838465));
#9053 = CARTESIAN_POINT('',(49.290375779044,-44.53700019611,
    23.04280287934));
#9054 = CARTESIAN_POINT('',(49.665787974637,-39.69107556995,
    30.412045603533));
#9055 = CARTESIAN_POINT('',(49.542810947837,-35.29614964029,
    38.473497573578));
#9056 = CARTESIAN_POINT('',(44.8569557789,-25.57612355723,
    47.248869405008));
#9057 = CARTESIAN_POINT('',(38.755230927204,-20.87251984152,
    48.903749003788));
#9058 = CARTESIAN_POINT('',(32.366349994642,-16.47995165542,
    50.14695384885));
#9059 = CARTESIAN_POINT('',(59.055351593724,-43.49957439738,
    22.898236216013));
#9060 = CARTESIAN_POINT('',(59.617810873513,-38.10852635197,
    30.195797005568));
#9061 = CARTESIAN_POINT('',(59.563344586797,-33.00708286951,
    38.176263290804));
#9062 = CARTESIAN_POINT('',(53.791100013163,-21.57806809725,
    46.841551268368));
#9063 = CARTESIAN_POINT('',(46.077865568262,-15.59778265097,
    48.346816688744));
#9064 = CARTESIAN_POINT('',(38.043598120652,-9.831845295858,
    49.503975859236));
#9065 = CARTESIAN_POINT('',(68.820327408404,-42.46214859865,
    22.753669552687));
#9066 = CARTESIAN_POINT('',(69.56983377239,-36.52597713399,
    29.979548407603));
#9067 = CARTESIAN_POINT('',(69.583878225757,-30.71801609873,
    37.87902900803));
#9068 = CARTESIAN_POINT('',(62.725244247426,-17.58001263728,
    46.434233131727));
#9069 = CARTESIAN_POINT('',(53.40050020932,-10.32304546042,
    47.789884373699));
#9070 = CARTESIAN_POINT('',(43.720846246662,-3.183738936291,
    48.860997869621));
#9071 = DEFINITIONAL_REPRESENTATION('',(#9072),#9098);
#9072 = B_SPLINE_CURVE_WITH_KNOTS('',3,(#9073,#9074,#9075,#9076,#9077,
    #9078,#9079,#9080,#9081,#9082,#9083,#9084,#9085,#9086,#9087,#9088,
    #9089,#9090,#9091,#9092,#9093,#9094,#9095,#9096,#9097),
  .UNSPECIFIED.,.F.,.F.,(4,1,1,1,1,1,1,1,1,1,1,1,1,1,1,1,1,1,1,1,1,1,4),
  (-2.648456843714,-2.532356733437,-2.416256623161,-2.300156512884,
    -2.184056402607,-2.06795629233,-1.951856182054,-1.835756071777,
    -1.7196559615,-1.603555851223,-1.487455740947,-1.37135563067,
    -1.255255520393,-1.139155410116,-1.02305529984,-0.906955189563,
    -0.790855079286,-0.674754969009,-0.558654858733,-0.442554748456,
    -0.326454638179,-0.210354527902,-9.425441762561E-02),.UNSPECIFIED.);
#9073 = CARTESIAN_POINT('',(0.827438120363,0.601163264407));
#9074 = CARTESIAN_POINT('',(0.810712804943,0.595560059553));
#9075 = CARTESIAN_POINT('',(0.77832139781,0.583795445959));
#9076 = CARTESIAN_POINT('',(0.733939583616,0.564950271287));
#9077 = CARTESIAN_POINT('',(0.695509913665,0.545630324925));
#9078 = CARTESIAN_POINT('',(0.66226195745,0.525694151233));
#9079 = CARTESIAN_POINT('',(0.634301912111,0.505481041218));
#9080 = CARTESIAN_POINT('',(0.610742379433,0.484337579164));
#9081 = CARTESIAN_POINT('',(0.594152842014,0.465427947773));
#9082 = CARTESIAN_POINT('',(0.583445307776,0.44969536414));
#9083 = CARTESIAN_POINT('',(0.576406432568,0.437215730577));
#9084 = CARTESIAN_POINT('',(0.571817463758,0.427625474825));
#9085 = CARTESIAN_POINT('',(0.568929935558,0.420854791928));
#9086 = CARTESIAN_POINT('',(0.566191072673,0.413752407909));
#9087 = CARTESIAN_POINT('',(0.563795322299,0.406707217674));
#9088 = CARTESIAN_POINT('',(0.561672467347,0.399617162549));
#9089 = CARTESIAN_POINT('',(0.559823869496,0.392510965371));
#9090 = CARTESIAN_POINT('',(0.558232389292,0.385381653027));
#9091 = CARTESIAN_POINT('',(0.556886516031,0.378231259613));
#9092 = CARTESIAN_POINT('',(0.555773878793,0.371058921262));
#9093 = CARTESIAN_POINT('',(0.554882945835,0.363864121806));
#9094 = CARTESIAN_POINT('',(0.554202533627,0.356645848524));
#9095 = CARTESIAN_POINT('',(0.553721849729,0.349402872471));
#9096 = CARTESIAN_POINT('',(0.553527658704,0.344556655535));
#9097 = CARTESIAN_POINT('',(0.553460385618,0.342128900965));
#9098 = ( GEOMETRIC_REPRESENTATION_CONTEXT(2) 
PARAMETRIC_REPRESENTATION_CONTEXT() REPRESENTATION_CONTEXT('2D SPACE',''
  ) );
#9099 = ORIENTED_EDGE('',*,*,#9100,.F.);
#9100 = EDGE_CURVE('',#8776,#9017,#9101,.T.);
#9101 = SURFACE_CURVE('',#9102,(#9106,#9113),.PCURVE_S1.);
#9102 = LINE('',#9103,#9104);
#9103 = CARTESIAN_POINT('',(49.5,-10.,3.));
#9104 = VECTOR('',#9105,1.);
#9105 = DIRECTION('',(0.,0.,1.));
#9106 = PCURVE('',#8842,#9107);
#9107 = DEFINITIONAL_REPRESENTATION('',(#9108),#9112);
#9108 = LINE('',#9109,#9110);
#9109 = CARTESIAN_POINT('',(30.,0.));
#9110 = VECTOR('',#9111,1.);
#9111 = DIRECTION('',(0.,1.));
#9112 = ( GEOMETRIC_REPRESENTATION_CONTEXT(2) 
PARAMETRIC_REPRESENTATION_CONTEXT() REPRESENTATION_CONTEXT('2D SPACE',''
  ) );
#9113 = PCURVE('',#8925,#9114);
#9114 = DEFINITIONAL_REPRESENTATION('',(#9115),#9119);
#9115 = LINE('',#9116,#9117);
#9116 = CARTESIAN_POINT('',(0.,0.));
#9117 = VECTOR('',#9118,1.);
#9118 = DIRECTION('',(0.,1.));
#9119 = ( GEOMETRIC_REPRESENTATION_CONTEXT(2) 
PARAMETRIC_REPRESENTATION_CONTEXT() REPRESENTATION_CONTEXT('2D SPACE',''
  ) );
#9120 = ADVANCED_FACE('',(#9121),#8705,.F.);
#9121 = FACE_BOUND('',#9122,.F.);
#9122 = EDGE_LOOP('',(#9123,#9124,#9302,#9323));
#9123 = ORIENTED_EDGE('',*,*,#8993,.T.);
#9124 = ORIENTED_EDGE('',*,*,#9125,.T.);
#9125 = EDGE_CURVE('',#8994,#9126,#9128,.T.);
#9126 = VERTEX_POINT('',#9127);
#9127 = CARTESIAN_POINT('',(39.5,-40.,33.364175623491));
#9128 = SURFACE_CURVE('',#9129,(#9156,#9229),.PCURVE_S1.);
#9129 = B_SPLINE_CURVE_WITH_KNOTS('',3,(#9130,#9131,#9132,#9133,#9134,
    #9135,#9136,#9137,#9138,#9139,#9140,#9141,#9142,#9143,#9144,#9145,
    #9146,#9147,#9148,#9149,#9150,#9151,#9152,#9153,#9154,#9155),
  .UNSPECIFIED.,.F.,.F.,(4,2,2,2,2,2,2,2,2,2,2,2,4),(-4.934807787492,
    -4.754344805324,-4.456214223132,-4.171377978662,-3.970861003473,
    -3.82534794155,-3.685959081412,-3.521165357513,-3.286632747225,
    -2.932101379866,-2.603759569835,-2.279139630385,-2.278909008729),
  .UNSPECIFIED.);
#9130 = CARTESIAN_POINT('',(49.5,-40.,30.172238824018));
#9131 = CARTESIAN_POINT('',(49.5,-40.31673858625,29.670740139905));
#9132 = CARTESIAN_POINT('',(49.469898461251,-40.63209232474,
    29.176735910365));
#9133 = CARTESIAN_POINT('',(49.31238486359,-41.45338262597,
    27.905398381335));
#9134 = CARTESIAN_POINT('',(49.130958004667,-41.96502993441,
    27.129583375165));
#9135 = CARTESIAN_POINT('',(48.600354726867,-42.90988428784,
    25.735944734643));
#9136 = CARTESIAN_POINT('',(48.245846672599,-43.36758453443,
    25.080362268684));
#9137 = CARTESIAN_POINT('',(47.462558730283,-44.05062923067,
    24.148014069257));
#9138 = CARTESIAN_POINT('',(47.077234919816,-44.3124087615,
    23.805875165921));
#9139 = CARTESIAN_POINT('',(46.314362969863,-44.67268180697,
    23.375384705265));
#9140 = CARTESIAN_POINT('',(45.967612436851,-44.79438950535,
    23.245364638954));
#9141 = CARTESIAN_POINT('',(45.25291688835,-44.95596933936,
    23.118916744037));
#9142 = CARTESIAN_POINT('',(44.903553799563,-44.99544508076,
    23.119823487106));
#9143 = CARTESIAN_POINT('',(44.156119028268,-45.00457174797,
    23.246035205353));
#9144 = CARTESIAN_POINT('',(43.784032429728,-44.96049156304,
    23.389377511523));
#9145 = CARTESIAN_POINT('',(42.966583255321,-44.78433256078,
    23.844122753222));
#9146 = CARTESIAN_POINT('',(42.512452605641,-44.61265931444,
    24.226528386333));
#9147 = CARTESIAN_POINT('',(41.463409405237,-44.03704907797,
    25.45048394064));
#9148 = CARTESIAN_POINT('',(40.942532710867,-43.57653222888,
    26.393838080699));
#9149 = CARTESIAN_POINT('',(40.157814494172,-42.5551825241,
    28.461589081395));
#9150 = CARTESIAN_POINT('',(39.903014039631,-42.03718210459,
    29.498186404934));
#9151 = CARTESIAN_POINT('',(39.579360141138,-41.03117821478,
    31.459183230776));
#9152 = CARTESIAN_POINT('',(39.500112602472,-40.51477957885,
    32.439101822124));
#9153 = CARTESIAN_POINT('',(39.50000003996,-40.0007299202,
    33.362864013496));
#9154 = CARTESIAN_POINT('',(39.5,-40.00036496677,33.363519819474));
#9155 = CARTESIAN_POINT('',(39.5,-40.,33.364175623491));
#9156 = PCURVE('',#8705,#9157);
#9157 = DEFINITIONAL_REPRESENTATION('',(#9158),#9228);
#9158 = B_SPLINE_CURVE_WITH_KNOTS('',3,(#9159,#9160,#9161,#9162,#9163,
    #9164,#9165,#9166,#9167,#9168,#9169,#9170,#9171,#9172,#9173,#9174,
    #9175,#9176,#9177,#9178,#9179,#9180,#9181,#9182,#9183,#9184,#9185,
    #9186,#9187,#9188,#9189,#9190,#9191,#9192,#9193,#9194,#9195,#9196,
    #9197,#9198,#9199,#9200,#9201,#9202,#9203,#9204,#9205,#9206,#9207,
    #9208,#9209,#9210,#9211,#9212,#9213,#9214,#9215,#9216,#9217,#9218,
    #9219,#9220,#9221,#9222,#9223,#9224,#9225,#9226,#9227),
  .UNSPECIFIED.,.F.,.F.,(4,1,1,1,1,1,1,1,1,1,1,1,1,1,1,1,1,1,1,1,1,1,1,1
    ,1,1,1,1,1,1,1,1,1,1,1,1,1,1,1,1,1,1,1,1,1,1,1,1,1,1,1,1,1,1,1,1,1,1
    ,1,1,1,1,1,1,1,1,4),(-4.934807787492,-4.894566896905,-4.854326006317
    ,-4.81408511573,-4.773844225143,-4.733603334555,-4.693362443968,
    -4.653121553381,-4.612880662793,-4.572639772206,-4.532398881619,
    -4.492157991031,-4.451917100444,-4.411676209857,-4.371435319269,
    -4.331194428682,-4.290953538095,-4.250712647507,-4.21047175692,
    -4.170230866333,-4.129989975745,-4.089749085158,-4.049508194571,
    -4.009267303984,-3.969026413396,-3.928785522809,-3.888544632222,
    -3.848303741634,-3.808062851047,-3.76782196046,-3.727581069872,
    -3.687340179285,-3.647099288698,-3.60685839811,-3.566617507523,
    -3.526376616936,-3.486135726348,-3.445894835761,-3.405653945174,
    -3.365413054586,-3.325172163999,-3.284931273412,-3.244690382824,
    -3.204449492237,-3.16420860165,-3.123967711062,-3.083726820475,
    -3.043485929888,-3.0032450393,-2.963004148713,-2.922763258126,
    -2.882522367538,-2.842281476951,-2.802040586364,-2.761799695776,
    -2.721558805189,-2.681317914602,-2.641077024014,-2.600836133427,
    -2.56059524284,-2.520354352253,-2.480113461665,-2.439872571078,
    -2.399631680491,-2.359390789903,-2.319149899316,-2.278909008729),
  .QUASI_UNIFORM_KNOTS.);
#9159 = CARTESIAN_POINT('',(3.14159265359,27.172238824018));
#9160 = CARTESIAN_POINT('',(3.127466995926,27.060411160335));
#9161 = CARTESIAN_POINT('',(3.099243094432,26.83750179567));
#9162 = CARTESIAN_POINT('',(3.056970735173,26.505843788273));
#9163 = CARTESIAN_POINT('',(3.014746204445,26.17738396424));
#9164 = CARTESIAN_POINT('',(2.972543043567,25.852530494418));
#9165 = CARTESIAN_POINT('',(2.930377920651,25.532003449063));
#9166 = CARTESIAN_POINT('',(2.887833586608,25.2133186618));
#9167 = CARTESIAN_POINT('',(2.844956424522,24.897522323645));
#9168 = CARTESIAN_POINT('',(2.801731724173,24.585216682503));
#9169 = CARTESIAN_POINT('',(2.758153739899,24.277104314681));
#9170 = CARTESIAN_POINT('',(2.714220405098,23.973930425996));
#9171 = CARTESIAN_POINT('',(2.669881584616,23.676169375821));
#9172 = CARTESIAN_POINT('',(2.6252488066,23.385336279792));
#9173 = CARTESIAN_POINT('',(2.579784957522,23.098922797135));
#9174 = CARTESIAN_POINT('',(2.53327994643,22.816769093853));
#9175 = CARTESIAN_POINT('',(2.485832218525,22.540702397755));
#9176 = CARTESIAN_POINT('',(2.437440636744,22.272006770545));
#9177 = CARTESIAN_POINT('',(2.388123876049,22.012151876548));
#9178 = CARTESIAN_POINT('',(2.337842914025,21.762408135714));
#9179 = CARTESIAN_POINT('',(2.286684489628,21.524657342863));
#9180 = CARTESIAN_POINT('',(2.234197346115,21.298528767551));
#9181 = CARTESIAN_POINT('',(2.180135987863,21.084972375744));
#9182 = CARTESIAN_POINT('',(2.124655960927,20.886772688758));
#9183 = CARTESIAN_POINT('',(2.067799949948,20.706282923632));
#9184 = CARTESIAN_POINT('',(2.009512327316,20.545746959165));
#9185 = CARTESIAN_POINT('',(1.950076578132,20.408283581014));
#9186 = CARTESIAN_POINT('',(1.889752546601,20.296253615855));
#9187 = CARTESIAN_POINT('',(1.828603606429,20.21134286029));
#9188 = CARTESIAN_POINT('',(1.76639417283,20.155431409903));
#9189 = CARTESIAN_POINT('',(1.705117005797,20.130840010458));
#9190 = CARTESIAN_POINT('',(1.644674977607,20.136308482777));
#9191 = CARTESIAN_POINT('',(1.584799585565,20.171323193447));
#9192 = CARTESIAN_POINT('',(1.526385447753,20.234137590683));
#9193 = CARTESIAN_POINT('',(1.470467727546,20.320929585925));
#9194 = CARTESIAN_POINT('',(1.416569478133,20.42942914819));
#9195 = CARTESIAN_POINT('',(1.364854348146,20.556469515852));
#9196 = CARTESIAN_POINT('',(1.314662410669,20.700924540414));
#9197 = CARTESIAN_POINT('',(1.264534759483,20.866220513767));
#9198 = CARTESIAN_POINT('',(1.21478208914,21.051089656757));
#9199 = CARTESIAN_POINT('',(1.165259743676,21.255504173449));
#9200 = CARTESIAN_POINT('',(1.115980112893,21.478948453306));
#9201 = CARTESIAN_POINT('',(1.066806069317,21.721618160988));
#9202 = CARTESIAN_POINT('',(1.018065982587,21.981337963166));
#9203 = CARTESIAN_POINT('',(0.969960108647,22.256041600154));
#9204 = CARTESIAN_POINT('',(0.922351985431,22.545431766058));
#9205 = CARTESIAN_POINT('',(0.875201477308,22.848734787712));
#9206 = CARTESIAN_POINT('',(0.828447962072,23.165313507246));
#9207 = CARTESIAN_POINT('',(0.782046895054,23.494461072872));
#9208 = CARTESIAN_POINT('',(0.735941890872,23.835612893181));
#9209 = CARTESIAN_POINT('',(0.690140654057,24.187705029169));
#9210 = CARTESIAN_POINT('',(0.644439393687,24.551528671832));
#9211 = CARTESIAN_POINT('',(0.599569132481,24.919940775893));
#9212 = CARTESIAN_POINT('',(0.555617335275,25.290637354539));
#9213 = CARTESIAN_POINT('',(0.512495033749,25.662936273799));
#9214 = CARTESIAN_POINT('',(0.470171741729,26.035714554867));
#9215 = CARTESIAN_POINT('',(0.428609608237,26.40799074544));
#9216 = CARTESIAN_POINT('',(0.387793046516,26.77865813204));
#9217 = CARTESIAN_POINT('',(0.347676209066,27.146969519386));
#9218 = CARTESIAN_POINT('',(0.308362757711,27.510864900576));
#9219 = CARTESIAN_POINT('',(0.269429330689,27.873255507002));
#9220 = CARTESIAN_POINT('',(0.23059565417,28.235863226126));
#9221 = CARTESIAN_POINT('',(0.191913754818,28.597330762429));
#9222 = CARTESIAN_POINT('',(0.153348129341,28.957125885757));
#9223 = CARTESIAN_POINT('',(0.114888114837,29.314495287474));
#9224 = CARTESIAN_POINT('',(7.651766248055E-02,29.668744907513));
#9225 = CARTESIAN_POINT('',(3.822322132239E-02,30.01916477001));
#9226 = CARTESIAN_POINT('',(1.273554932797E-02,30.249754465815));
#9227 = CARTESIAN_POINT('',(0.,30.364175623491));
#9228 = ( GEOMETRIC_REPRESENTATION_CONTEXT(2) 
PARAMETRIC_REPRESENTATION_CONTEXT() REPRESENTATION_CONTEXT('2D SPACE',''
  ) );
#9229 = PCURVE('',#9046,#9230);
#9230 = DEFINITIONAL_REPRESENTATION('',(#9231),#9301);
#9231 = B_SPLINE_CURVE_WITH_KNOTS('',3,(#9232,#9233,#9234,#9235,#9236,
    #9237,#9238,#9239,#9240,#9241,#9242,#9243,#9244,#9245,#9246,#9247,
    #9248,#9249,#9250,#9251,#9252,#9253,#9254,#9255,#9256,#9257,#9258,
    #9259,#9260,#9261,#9262,#9263,#9264,#9265,#9266,#9267,#9268,#9269,
    #9270,#9271,#9272,#9273,#9274,#9275,#9276,#9277,#9278,#9279,#9280,
    #9281,#9282,#9283,#9284,#9285,#9286,#9287,#9288,#9289,#9290,#9291,
    #9292,#9293,#9294,#9295,#9296,#9297,#9298,#9299,#9300),
  .UNSPECIFIED.,.F.,.F.,(4,1,1,1,1,1,1,1,1,1,1,1,1,1,1,1,1,1,1,1,1,1,1,1
    ,1,1,1,1,1,1,1,1,1,1,1,1,1,1,1,1,1,1,1,1,1,1,1,1,1,1,1,1,1,1,1,1,1,1
    ,1,1,1,1,1,1,1,1,4),(-4.934807787492,-4.894566896905,-4.854326006317
    ,-4.81408511573,-4.773844225143,-4.733603334555,-4.693362443968,
    -4.653121553381,-4.612880662793,-4.572639772206,-4.532398881619,
    -4.492157991031,-4.451917100444,-4.411676209857,-4.371435319269,
    -4.331194428682,-4.290953538095,-4.250712647507,-4.21047175692,
    -4.170230866333,-4.129989975745,-4.089749085158,-4.049508194571,
    -4.009267303984,-3.969026413396,-3.928785522809,-3.888544632222,
    -3.848303741634,-3.808062851047,-3.76782196046,-3.727581069872,
    -3.687340179285,-3.647099288698,-3.60685839811,-3.566617507523,
    -3.526376616936,-3.486135726348,-3.445894835761,-3.405653945174,
    -3.365413054586,-3.325172163999,-3.284931273412,-3.244690382824,
    -3.204449492237,-3.16420860165,-3.123967711062,-3.083726820475,
    -3.043485929888,-3.0032450393,-2.963004148713,-2.922763258126,
    -2.882522367538,-2.842281476951,-2.802040586364,-2.761799695776,
    -2.721558805189,-2.681317914602,-2.641077024014,-2.600836133427,
    -2.56059524284,-2.520354352253,-2.480113461665,-2.439872571078,
    -2.399631680491,-2.359390789903,-2.319149899316,-2.278909008729),
  .QUASI_UNIFORM_KNOTS.);
#9232 = CARTESIAN_POINT('',(0.553460385618,0.342128900965));
#9233 = CARTESIAN_POINT('',(0.553437182367,0.341291413875));
#9234 = CARTESIAN_POINT('',(0.553351321481,0.339624537393));
#9235 = CARTESIAN_POINT('',(0.55310371185,0.33715108464));
#9236 = CARTESIAN_POINT('',(0.552736930125,0.334707232801));
#9237 = CARTESIAN_POINT('',(0.552250267762,0.332295125565));
#9238 = CARTESIAN_POINT('',(0.551643961936,0.329919228149));
#9239 = CARTESIAN_POINT('',(0.550909735351,0.327560312735));
#9240 = CARTESIAN_POINT('',(0.550045435286,0.325225453375));
#9241 = CARTESIAN_POINT('',(0.549048158218,0.322918410006));
#9242 = CARTESIAN_POINT('',(0.547914957052,0.320643703742));
#9243 = CARTESIAN_POINT('',(0.546643211088,0.318406186084));
#9244 = CARTESIAN_POINT('',(0.545228513508,0.316208734528));
#9245 = CARTESIAN_POINT('',(0.543672827936,0.314061945729));
#9246 = CARTESIAN_POINT('',(0.541953253654,0.311946738987));
#9247 = CARTESIAN_POINT('',(0.540055801741,0.309861487249));
#9248 = CARTESIAN_POINT('',(0.537978701612,0.307819262724));
#9249 = CARTESIAN_POINT('',(0.53571657932,0.305829167726));
#9250 = CARTESIAN_POINT('',(0.533265429082,0.30390173173));
#9251 = CARTESIAN_POINT('',(0.530618729361,0.302046075062));
#9252 = CARTESIAN_POINT('',(0.527778197364,0.300275930265));
#9253 = CARTESIAN_POINT('',(0.524714768302,0.298588408373));
#9254 = CARTESIAN_POINT('',(0.521409733779,0.296990455422));
#9255 = CARTESIAN_POINT('',(0.517869179405,0.295502746477));
#9256 = CARTESIAN_POINT('',(0.514094373572,0.294142905273));
#9257 = CARTESIAN_POINT('',(0.510081387814,0.292927827932));
#9258 = CARTESIAN_POINT('',(0.505852804885,0.291881230507));
#9259 = CARTESIAN_POINT('',(0.501436038604,0.291021026373));
#9260 = CARTESIAN_POINT('',(0.49684687976,0.290360101413));
#9261 = CARTESIAN_POINT('',(0.492078825227,0.289912757873));
#9262 = CARTESIAN_POINT('',(0.487303019231,0.289697505803));
#9263 = CARTESIAN_POINT('',(0.482534381795,0.289704976733));
#9264 = CARTESIAN_POINT('',(0.477771467656,0.28993121062));
#9265 = CARTESIAN_POINT('',(0.473105014222,0.290363513616));
#9266 = CARTESIAN_POINT('',(0.468635700313,0.290973899265));
#9267 = CARTESIAN_POINT('',(0.464340391744,0.29174508472));
#9268 = CARTESIAN_POINT('',(0.46024367892,0.292653367787));
#9269 = CARTESIAN_POINT('',(0.456301432333,0.29368959718));
#9270 = CARTESIAN_POINT('',(0.452408931986,0.294877911685));
#9271 = CARTESIAN_POINT('',(0.448600923923,0.296208756325));
#9272 = CARTESIAN_POINT('',(0.444875986685,0.297681496537));
#9273 = CARTESIAN_POINT('',(0.441244472798,0.29929199068));
#9274 = CARTESIAN_POINT('',(0.437705968563,0.301041355035));
#9275 = CARTESIAN_POINT('',(0.434291656811,0.302913307485));
#9276 = CARTESIAN_POINT('',(0.4310218507,0.304892924144));
#9277 = CARTESIAN_POINT('',(0.427893614247,0.306978353232));
#9278 = CARTESIAN_POINT('',(0.424910195629,0.30916429719));
#9279 = CARTESIAN_POINT('',(0.422073073029,0.31144652762));
#9280 = CARTESIAN_POINT('',(0.419384311404,0.313820381714));
#9281 = CARTESIAN_POINT('',(0.416845063299,0.316282292402));
#9282 = CARTESIAN_POINT('',(0.414459182981,0.318825194016));
#9283 = CARTESIAN_POINT('',(0.412220243822,0.321455383492));
#9284 = CARTESIAN_POINT('',(0.410165585481,0.324122414619));
#9285 = CARTESIAN_POINT('',(0.4082969622,0.32681076509));
#9286 = CARTESIAN_POINT('',(0.406607622053,0.329516488059));
#9287 = CARTESIAN_POINT('',(0.405092946054,0.332232449408));
#9288 = CARTESIAN_POINT('',(0.403747535418,0.334952484895));
#9289 = CARTESIAN_POINT('',(0.402566203733,0.337669446255));
#9290 = CARTESIAN_POINT('',(0.401542900988,0.340378767955));
#9291 = CARTESIAN_POINT('',(0.400674005297,0.343066060371));
#9292 = CARTESIAN_POINT('',(0.399946053185,0.345753665505));
#9293 = CARTESIAN_POINT('',(0.399354176052,0.348455479482));
#9294 = CARTESIAN_POINT('',(0.398899361119,0.351162520212));
#9295 = CARTESIAN_POINT('',(0.398580917068,0.353871854354));
#9296 = CARTESIAN_POINT('',(0.398398489374,0.356578832767));
#9297 = CARTESIAN_POINT('',(0.398351512379,0.359279152446));
#9298 = CARTESIAN_POINT('',(0.398439363607,0.361968303077));
#9299 = CARTESIAN_POINT('',(0.398587302042,0.363750533469));
#9300 = CARTESIAN_POINT('',(0.398683492474,0.36463824781));
#9301 = ( GEOMETRIC_REPRESENTATION_CONTEXT(2) 
PARAMETRIC_REPRESENTATION_CONTEXT() REPRESENTATION_CONTEXT('2D SPACE',''
  ) );
#9302 = ORIENTED_EDGE('',*,*,#9303,.F.);
#9303 = EDGE_CURVE('',#8655,#9126,#9304,.T.);
#9304 = SURFACE_CURVE('',#9305,(#9309,#9316),.PCURVE_S1.);
#9305 = LINE('',#9306,#9307);
#9306 = CARTESIAN_POINT('',(39.5,-40.,3.));
#9307 = VECTOR('',#9308,1.);
#9308 = DIRECTION('',(0.,0.,1.));
#9309 = PCURVE('',#8705,#9310);
#9310 = DEFINITIONAL_REPRESENTATION('',(#9311),#9315);
#9311 = LINE('',#9312,#9313);
#9312 = CARTESIAN_POINT('',(0.,0.));
#9313 = VECTOR('',#9314,1.);
#9314 = DIRECTION('',(0.,1.));
#9315 = ( GEOMETRIC_REPRESENTATION_CONTEXT(2) 
PARAMETRIC_REPRESENTATION_CONTEXT() REPRESENTATION_CONTEXT('2D SPACE',''
  ) );
#9316 = PCURVE('',#8977,#9317);
#9317 = DEFINITIONAL_REPRESENTATION('',(#9318),#9322);
#9318 = LINE('',#9319,#9320);
#9319 = CARTESIAN_POINT('',(30.,0.));
#9320 = VECTOR('',#9321,1.);
#9321 = DIRECTION('',(0.,1.));
#9322 = ( GEOMETRIC_REPRESENTATION_CONTEXT(2) 
PARAMETRIC_REPRESENTATION_CONTEXT() REPRESENTATION_CONTEXT('2D SPACE',''
  ) );
#9323 = ORIENTED_EDGE('',*,*,#8688,.T.);
#9324 = ADVANCED_FACE('',(#9325,#9328,#9332,#9335,#9338,#9544,#9570,
    #9596,#9622,#9648),#2320,.F.);
#9325 = FACE_BOUND('',#9326,.T.);
#9326 = EDGE_LOOP('',(#9327));
#9327 = ORIENTED_EDGE('',*,*,#2305,.T.);
#9328 = FACE_BOUND('',#9329,.T.);
#9329 = EDGE_LOOP('',(#9330,#9331));
#9330 = ORIENTED_EDGE('',*,*,#2415,.T.);
#9331 = ORIENTED_EDGE('',*,*,#2391,.T.);
#9332 = FACE_BOUND('',#9333,.T.);
#9333 = EDGE_LOOP('',(#9334));
#9334 = ORIENTED_EDGE('',*,*,#6265,.T.);
#9335 = FACE_BOUND('',#9336,.T.);
#9336 = EDGE_LOOP('',(#9337));
#9337 = ORIENTED_EDGE('',*,*,#6315,.T.);
#9338 = FACE_BOUND('',#9339,.T.);
#9339 = EDGE_LOOP('',(#9340,#9365,#9393,#9416,#9444,#9467,#9495,#9518));
#9340 = ORIENTED_EDGE('',*,*,#9341,.T.);
#9341 = EDGE_CURVE('',#9342,#9344,#9346,.T.);
#9342 = VERTEX_POINT('',#9343);
#9343 = CARTESIAN_POINT('',(-52.5,50.,0.));
#9344 = VERTEX_POINT('',#9345);
#9345 = CARTESIAN_POINT('',(52.5,50.,0.));
#9346 = SURFACE_CURVE('',#9347,(#9351,#9358),.PCURVE_S1.);
#9347 = LINE('',#9348,#9349);
#9348 = CARTESIAN_POINT('',(-52.5,50.,0.));
#9349 = VECTOR('',#9350,1.);
#9350 = DIRECTION('',(1.,0.,0.));
#9351 = PCURVE('',#2320,#9352);
#9352 = DEFINITIONAL_REPRESENTATION('',(#9353),#9357);
#9353 = LINE('',#9354,#9355);
#9354 = CARTESIAN_POINT('',(-52.5,50.));
#9355 = VECTOR('',#9356,1.);
#9356 = DIRECTION('',(1.,0.));
#9357 = ( GEOMETRIC_REPRESENTATION_CONTEXT(2) 
PARAMETRIC_REPRESENTATION_CONTEXT() REPRESENTATION_CONTEXT('2D SPACE',''
  ) );
#9358 = PCURVE('',#3573,#9359);
#9359 = DEFINITIONAL_REPRESENTATION('',(#9360),#9364);
#9360 = LINE('',#9361,#9362);
#9361 = CARTESIAN_POINT('',(105.,0.));
#9362 = VECTOR('',#9363,1.);
#9363 = DIRECTION('',(-1.,0.));
#9364 = ( GEOMETRIC_REPRESENTATION_CONTEXT(2) 
PARAMETRIC_REPRESENTATION_CONTEXT() REPRESENTATION_CONTEXT('2D SPACE',''
  ) );
#9365 = ORIENTED_EDGE('',*,*,#9366,.T.);
#9366 = EDGE_CURVE('',#9344,#9367,#9369,.T.);
#9367 = VERTEX_POINT('',#9368);
#9368 = CARTESIAN_POINT('',(62.5,40.,0.));
#9369 = SURFACE_CURVE('',#9370,(#9375,#9386),.PCURVE_S1.);
#9370 = CIRCLE('',#9371,10.);
#9371 = AXIS2_PLACEMENT_3D('',#9372,#9373,#9374);
#9372 = CARTESIAN_POINT('',(52.5,40.,0.));
#9373 = DIRECTION('',(0.,0.,-1.));
#9374 = DIRECTION('',(-1.,0.,0.));
#9375 = PCURVE('',#2320,#9376);
#9376 = DEFINITIONAL_REPRESENTATION('',(#9377),#9385);
#9377 = ( BOUNDED_CURVE() B_SPLINE_CURVE(2,(#9378,#9379,#9380,#9381,
#9382,#9383,#9384),.UNSPECIFIED.,.T.,.F.) B_SPLINE_CURVE_WITH_KNOTS((1,2
    ,2,2,2,1),(-2.094395102393,0.,2.094395102393,4.188790204786,
6.28318530718,8.377580409573),.UNSPECIFIED.) CURVE() 
GEOMETRIC_REPRESENTATION_ITEM() RATIONAL_B_SPLINE_CURVE((1.,0.5,1.,0.5,
1.,0.5,1.)) REPRESENTATION_ITEM('') );
#9378 = CARTESIAN_POINT('',(42.5,40.));
#9379 = CARTESIAN_POINT('',(42.5,57.320508075689));
#9380 = CARTESIAN_POINT('',(57.5,48.660254037844));
#9381 = CARTESIAN_POINT('',(72.5,40.));
#9382 = CARTESIAN_POINT('',(57.5,31.339745962156));
#9383 = CARTESIAN_POINT('',(42.5,22.679491924311));
#9384 = CARTESIAN_POINT('',(42.5,40.));
#9385 = ( GEOMETRIC_REPRESENTATION_CONTEXT(2) 
PARAMETRIC_REPRESENTATION_CONTEXT() REPRESENTATION_CONTEXT('2D SPACE',''
  ) );
#9386 = PCURVE('',#3545,#9387);
#9387 = DEFINITIONAL_REPRESENTATION('',(#9388),#9392);
#9388 = LINE('',#9389,#9390);
#9389 = CARTESIAN_POINT('',(6.28318530718,0.));
#9390 = VECTOR('',#9391,1.);
#9391 = DIRECTION('',(-1.,0.));
#9392 = ( GEOMETRIC_REPRESENTATION_CONTEXT(2) 
PARAMETRIC_REPRESENTATION_CONTEXT() REPRESENTATION_CONTEXT('2D SPACE',''
  ) );
#9393 = ORIENTED_EDGE('',*,*,#9394,.T.);
#9394 = EDGE_CURVE('',#9367,#9395,#9397,.T.);
#9395 = VERTEX_POINT('',#9396);
#9396 = CARTESIAN_POINT('',(62.5,-40.,0.));
#9397 = SURFACE_CURVE('',#9398,(#9402,#9409),.PCURVE_S1.);
#9398 = LINE('',#9399,#9400);
#9399 = CARTESIAN_POINT('',(62.5,40.,0.));
#9400 = VECTOR('',#9401,1.);
#9401 = DIRECTION('',(0.,-1.,0.));
#9402 = PCURVE('',#2320,#9403);
#9403 = DEFINITIONAL_REPRESENTATION('',(#9404),#9408);
#9404 = LINE('',#9405,#9406);
#9405 = CARTESIAN_POINT('',(62.5,40.));
#9406 = VECTOR('',#9407,1.);
#9407 = DIRECTION('',(0.,-1.));
#9408 = ( GEOMETRIC_REPRESENTATION_CONTEXT(2) 
PARAMETRIC_REPRESENTATION_CONTEXT() REPRESENTATION_CONTEXT('2D SPACE',''
  ) );
#9409 = PCURVE('',#3516,#9410);
#9410 = DEFINITIONAL_REPRESENTATION('',(#9411),#9415);
#9411 = LINE('',#9412,#9413);
#9412 = CARTESIAN_POINT('',(80.,0.));
#9413 = VECTOR('',#9414,1.);
#9414 = DIRECTION('',(-1.,0.));
#9415 = ( GEOMETRIC_REPRESENTATION_CONTEXT(2) 
PARAMETRIC_REPRESENTATION_CONTEXT() REPRESENTATION_CONTEXT('2D SPACE',''
  ) );
#9416 = ORIENTED_EDGE('',*,*,#9417,.T.);
#9417 = EDGE_CURVE('',#9395,#9418,#9420,.T.);
#9418 = VERTEX_POINT('',#9419);
#9419 = CARTESIAN_POINT('',(52.5,-50.,0.));
#9420 = SURFACE_CURVE('',#9421,(#9426,#9437),.PCURVE_S1.);
#9421 = CIRCLE('',#9422,10.);
#9422 = AXIS2_PLACEMENT_3D('',#9423,#9424,#9425);
#9423 = CARTESIAN_POINT('',(52.5,-40.,0.));
#9424 = DIRECTION('',(0.,0.,-1.));
#9425 = DIRECTION('',(0.,1.,0.));
#9426 = PCURVE('',#2320,#9427);
#9427 = DEFINITIONAL_REPRESENTATION('',(#9428),#9436);
#9428 = ( BOUNDED_CURVE() B_SPLINE_CURVE(2,(#9429,#9430,#9431,#9432,
#9433,#9434,#9435),.UNSPECIFIED.,.T.,.F.) B_SPLINE_CURVE_WITH_KNOTS((1,2
    ,2,2,2,1),(-2.094395102393,0.,2.094395102393,4.188790204786,
6.28318530718,8.377580409573),.UNSPECIFIED.) CURVE() 
GEOMETRIC_REPRESENTATION_ITEM() RATIONAL_B_SPLINE_CURVE((1.,0.5,1.,0.5,
1.,0.5,1.)) REPRESENTATION_ITEM('') );
#9429 = CARTESIAN_POINT('',(52.5,-30.));
#9430 = CARTESIAN_POINT('',(69.820508075689,-30.));
#9431 = CARTESIAN_POINT('',(61.160254037844,-45.));
#9432 = CARTESIAN_POINT('',(52.5,-60.));
#9433 = CARTESIAN_POINT('',(43.839745962156,-45.));
#9434 = CARTESIAN_POINT('',(35.179491924311,-30.));
#9435 = CARTESIAN_POINT('',(52.5,-30.));
#9436 = ( GEOMETRIC_REPRESENTATION_CONTEXT(2) 
PARAMETRIC_REPRESENTATION_CONTEXT() REPRESENTATION_CONTEXT('2D SPACE',''
  ) );
#9437 = PCURVE('',#3488,#9438);
#9438 = DEFINITIONAL_REPRESENTATION('',(#9439),#9443);
#9439 = LINE('',#9440,#9441);
#9440 = CARTESIAN_POINT('',(6.28318530718,0.));
#9441 = VECTOR('',#9442,1.);
#9442 = DIRECTION('',(-1.,0.));
#9443 = ( GEOMETRIC_REPRESENTATION_CONTEXT(2) 
PARAMETRIC_REPRESENTATION_CONTEXT() REPRESENTATION_CONTEXT('2D SPACE',''
  ) );
#9444 = ORIENTED_EDGE('',*,*,#9445,.T.);
#9445 = EDGE_CURVE('',#9418,#9446,#9448,.T.);
#9446 = VERTEX_POINT('',#9447);
#9447 = CARTESIAN_POINT('',(-52.5,-50.,0.));
#9448 = SURFACE_CURVE('',#9449,(#9453,#9460),.PCURVE_S1.);
#9449 = LINE('',#9450,#9451);
#9450 = CARTESIAN_POINT('',(52.5,-50.,0.));
#9451 = VECTOR('',#9452,1.);
#9452 = DIRECTION('',(-1.,0.,0.));
#9453 = PCURVE('',#2320,#9454);
#9454 = DEFINITIONAL_REPRESENTATION('',(#9455),#9459);
#9455 = LINE('',#9456,#9457);
#9456 = CARTESIAN_POINT('',(52.5,-50.));
#9457 = VECTOR('',#9458,1.);
#9458 = DIRECTION('',(-1.,0.));
#9459 = ( GEOMETRIC_REPRESENTATION_CONTEXT(2) 
PARAMETRIC_REPRESENTATION_CONTEXT() REPRESENTATION_CONTEXT('2D SPACE',''
  ) );
#9460 = PCURVE('',#3436,#9461);
#9461 = DEFINITIONAL_REPRESENTATION('',(#9462),#9466);
#9462 = LINE('',#9463,#9464);
#9463 = CARTESIAN_POINT('',(105.,0.));
#9464 = VECTOR('',#9465,1.);
#9465 = DIRECTION('',(-1.,0.));
#9466 = ( GEOMETRIC_REPRESENTATION_CONTEXT(2) 
PARAMETRIC_REPRESENTATION_CONTEXT() REPRESENTATION_CONTEXT('2D SPACE',''
  ) );
#9467 = ORIENTED_EDGE('',*,*,#9468,.T.);
#9468 = EDGE_CURVE('',#9446,#9469,#9471,.T.);
#9469 = VERTEX_POINT('',#9470);
#9470 = CARTESIAN_POINT('',(-62.5,-40.,0.));
#9471 = SURFACE_CURVE('',#9472,(#9477,#9488),.PCURVE_S1.);
#9472 = CIRCLE('',#9473,10.);
#9473 = AXIS2_PLACEMENT_3D('',#9474,#9475,#9476);
#9474 = CARTESIAN_POINT('',(-52.5,-40.,0.));
#9475 = DIRECTION('',(0.,0.,-1.));
#9476 = DIRECTION('',(1.,0.,0.));
#9477 = PCURVE('',#2320,#9478);
#9478 = DEFINITIONAL_REPRESENTATION('',(#9479),#9487);
#9479 = ( BOUNDED_CURVE() B_SPLINE_CURVE(2,(#9480,#9481,#9482,#9483,
#9484,#9485,#9486),.UNSPECIFIED.,.T.,.F.) B_SPLINE_CURVE_WITH_KNOTS((1,2
    ,2,2,2,1),(-2.094395102393,0.,2.094395102393,4.188790204786,
6.28318530718,8.377580409573),.UNSPECIFIED.) CURVE() 
GEOMETRIC_REPRESENTATION_ITEM() RATIONAL_B_SPLINE_CURVE((1.,0.5,1.,0.5,
1.,0.5,1.)) REPRESENTATION_ITEM('') );
#9480 = CARTESIAN_POINT('',(-42.5,-40.));
#9481 = CARTESIAN_POINT('',(-42.5,-57.32050807568));
#9482 = CARTESIAN_POINT('',(-57.5,-48.66025403784));
#9483 = CARTESIAN_POINT('',(-72.5,-40.));
#9484 = CARTESIAN_POINT('',(-57.5,-31.33974596215));
#9485 = CARTESIAN_POINT('',(-42.5,-22.67949192431));
#9486 = CARTESIAN_POINT('',(-42.5,-40.));
#9487 = ( GEOMETRIC_REPRESENTATION_CONTEXT(2) 
PARAMETRIC_REPRESENTATION_CONTEXT() REPRESENTATION_CONTEXT('2D SPACE',''
  ) );
#9488 = PCURVE('',#3410,#9489);
#9489 = DEFINITIONAL_REPRESENTATION('',(#9490),#9494);
#9490 = LINE('',#9491,#9492);
#9491 = CARTESIAN_POINT('',(6.28318530718,0.));
#9492 = VECTOR('',#9493,1.);
#9493 = DIRECTION('',(-1.,0.));
#9494 = ( GEOMETRIC_REPRESENTATION_CONTEXT(2) 
PARAMETRIC_REPRESENTATION_CONTEXT() REPRESENTATION_CONTEXT('2D SPACE',''
  ) );
#9495 = ORIENTED_EDGE('',*,*,#9496,.T.);
#9496 = EDGE_CURVE('',#9469,#9497,#9499,.T.);
#9497 = VERTEX_POINT('',#9498);
#9498 = CARTESIAN_POINT('',(-62.5,40.,0.));
#9499 = SURFACE_CURVE('',#9500,(#9504,#9511),.PCURVE_S1.);
#9500 = LINE('',#9501,#9502);
#9501 = CARTESIAN_POINT('',(-62.5,-40.,0.));
#9502 = VECTOR('',#9503,1.);
#9503 = DIRECTION('',(0.,1.,0.));
#9504 = PCURVE('',#2320,#9505);
#9505 = DEFINITIONAL_REPRESENTATION('',(#9506),#9510);
#9506 = LINE('',#9507,#9508);
#9507 = CARTESIAN_POINT('',(-62.5,-40.));
#9508 = VECTOR('',#9509,1.);
#9509 = DIRECTION('',(0.,1.));
#9510 = ( GEOMETRIC_REPRESENTATION_CONTEXT(2) 
PARAMETRIC_REPRESENTATION_CONTEXT() REPRESENTATION_CONTEXT('2D SPACE',''
  ) );
#9511 = PCURVE('',#3381,#9512);
#9512 = DEFINITIONAL_REPRESENTATION('',(#9513),#9517);
#9513 = LINE('',#9514,#9515);
#9514 = CARTESIAN_POINT('',(80.,0.));
#9515 = VECTOR('',#9516,1.);
#9516 = DIRECTION('',(-1.,0.));
#9517 = ( GEOMETRIC_REPRESENTATION_CONTEXT(2) 
PARAMETRIC_REPRESENTATION_CONTEXT() REPRESENTATION_CONTEXT('2D SPACE',''
  ) );
#9518 = ORIENTED_EDGE('',*,*,#9519,.T.);
#9519 = EDGE_CURVE('',#9497,#9342,#9520,.T.);
#9520 = SURFACE_CURVE('',#9521,(#9526,#9537),.PCURVE_S1.);
#9521 = CIRCLE('',#9522,10.);
#9522 = AXIS2_PLACEMENT_3D('',#9523,#9524,#9525);
#9523 = CARTESIAN_POINT('',(-52.5,40.,0.));
#9524 = DIRECTION('',(0.,0.,-1.));
#9525 = DIRECTION('',(0.,-1.,0.));
#9526 = PCURVE('',#2320,#9527);
#9527 = DEFINITIONAL_REPRESENTATION('',(#9528),#9536);
#9528 = ( BOUNDED_CURVE() B_SPLINE_CURVE(2,(#9529,#9530,#9531,#9532,
#9533,#9534,#9535),.UNSPECIFIED.,.T.,.F.) B_SPLINE_CURVE_WITH_KNOTS((1,2
    ,2,2,2,1),(-2.094395102393,0.,2.094395102393,4.188790204786,
6.28318530718,8.377580409573),.UNSPECIFIED.) CURVE() 
GEOMETRIC_REPRESENTATION_ITEM() RATIONAL_B_SPLINE_CURVE((1.,0.5,1.,0.5,
1.,0.5,1.)) REPRESENTATION_ITEM('') );
#9529 = CARTESIAN_POINT('',(-52.5,30.));
#9530 = CARTESIAN_POINT('',(-69.82050807568,30.));
#9531 = CARTESIAN_POINT('',(-61.16025403784,45.));
#9532 = CARTESIAN_POINT('',(-52.5,60.));
#9533 = CARTESIAN_POINT('',(-43.83974596215,45.));
#9534 = CARTESIAN_POINT('',(-35.17949192431,30.));
#9535 = CARTESIAN_POINT('',(-52.5,30.));
#9536 = ( GEOMETRIC_REPRESENTATION_CONTEXT(2) 
PARAMETRIC_REPRESENTATION_CONTEXT() REPRESENTATION_CONTEXT('2D SPACE',''
  ) );
#9537 = PCURVE('',#3602,#9538);
#9538 = DEFINITIONAL_REPRESENTATION('',(#9539),#9543);
#9539 = LINE('',#9540,#9541);
#9540 = CARTESIAN_POINT('',(6.28318530718,0.));
#9541 = VECTOR('',#9542,1.);
#9542 = DIRECTION('',(-1.,0.));
#9543 = ( GEOMETRIC_REPRESENTATION_CONTEXT(2) 
PARAMETRIC_REPRESENTATION_CONTEXT() REPRESENTATION_CONTEXT('2D SPACE',''
  ) );
#9544 = FACE_BOUND('',#9545,.T.);
#9545 = EDGE_LOOP('',(#9546));
#9546 = ORIENTED_EDGE('',*,*,#9547,.T.);
#9547 = EDGE_CURVE('',#9548,#9548,#9550,.T.);
#9548 = VERTEX_POINT('',#9549);
#9549 = CARTESIAN_POINT('',(54.25,40.,0.));
#9550 = SURFACE_CURVE('',#9551,(#9556,#9563),.PCURVE_S1.);
#9551 = CIRCLE('',#9552,1.75);
#9552 = AXIS2_PLACEMENT_3D('',#9553,#9554,#9555);
#9553 = CARTESIAN_POINT('',(52.5,40.,0.));
#9554 = DIRECTION('',(0.,0.,1.));
#9555 = DIRECTION('',(-1.,0.,0.));
#9556 = PCURVE('',#2320,#9557);
#9557 = DEFINITIONAL_REPRESENTATION('',(#9558),#9562);
#9558 = CIRCLE('',#9559,1.75);
#9559 = AXIS2_PLACEMENT_2D('',#9560,#9561);
#9560 = CARTESIAN_POINT('',(52.5,40.));
#9561 = DIRECTION('',(-1.,0.));
#9562 = ( GEOMETRIC_REPRESENTATION_CONTEXT(2) 
PARAMETRIC_REPRESENTATION_CONTEXT() REPRESENTATION_CONTEXT('2D SPACE',''
  ) );
#9563 = PCURVE('',#2871,#9564);
#9564 = DEFINITIONAL_REPRESENTATION('',(#9565),#9569);
#9565 = LINE('',#9566,#9567);
#9566 = CARTESIAN_POINT('',(12.566370614359,3.));
#9567 = VECTOR('',#9568,1.);
#9568 = DIRECTION('',(-1.,0.));
#9569 = ( GEOMETRIC_REPRESENTATION_CONTEXT(2) 
PARAMETRIC_REPRESENTATION_CONTEXT() REPRESENTATION_CONTEXT('2D SPACE',''
  ) );
#9570 = FACE_BOUND('',#9571,.T.);
#9571 = EDGE_LOOP('',(#9572));
#9572 = ORIENTED_EDGE('',*,*,#9573,.T.);
#9573 = EDGE_CURVE('',#9574,#9574,#9576,.T.);
#9574 = VERTEX_POINT('',#9575);
#9575 = CARTESIAN_POINT('',(14.25,-43.,0.));
#9576 = SURFACE_CURVE('',#9577,(#9582,#9589),.PCURVE_S1.);
#9577 = CIRCLE('',#9578,1.75);
#9578 = AXIS2_PLACEMENT_3D('',#9579,#9580,#9581);
#9579 = CARTESIAN_POINT('',(12.5,-43.,0.));
#9580 = DIRECTION('',(0.,0.,1.));
#9581 = DIRECTION('',(-1.,0.,0.));
#9582 = PCURVE('',#2320,#9583);
#9583 = DEFINITIONAL_REPRESENTATION('',(#9584),#9588);
#9584 = CIRCLE('',#9585,1.75);
#9585 = AXIS2_PLACEMENT_2D('',#9586,#9587);
#9586 = CARTESIAN_POINT('',(12.5,-43.));
#9587 = DIRECTION('',(-1.,0.));
#9588 = ( GEOMETRIC_REPRESENTATION_CONTEXT(2) 
PARAMETRIC_REPRESENTATION_CONTEXT() REPRESENTATION_CONTEXT('2D SPACE',''
  ) );
#9589 = PCURVE('',#2836,#9590);
#9590 = DEFINITIONAL_REPRESENTATION('',(#9591),#9595);
#9591 = LINE('',#9592,#9593);
#9592 = CARTESIAN_POINT('',(12.566370614359,3.));
#9593 = VECTOR('',#9594,1.);
#9594 = DIRECTION('',(-1.,0.));
#9595 = ( GEOMETRIC_REPRESENTATION_CONTEXT(2) 
PARAMETRIC_REPRESENTATION_CONTEXT() REPRESENTATION_CONTEXT('2D SPACE',''
  ) );
#9596 = FACE_BOUND('',#9597,.T.);
#9597 = EDGE_LOOP('',(#9598));
#9598 = ORIENTED_EDGE('',*,*,#9599,.T.);
#9599 = EDGE_CURVE('',#9600,#9600,#9602,.T.);
#9600 = VERTEX_POINT('',#9601);
#9601 = CARTESIAN_POINT('',(-45.75,-43.,0.));
#9602 = SURFACE_CURVE('',#9603,(#9608,#9615),.PCURVE_S1.);
#9603 = CIRCLE('',#9604,1.75);
#9604 = AXIS2_PLACEMENT_3D('',#9605,#9606,#9607);
#9605 = CARTESIAN_POINT('',(-47.5,-43.,0.));
#9606 = DIRECTION('',(0.,0.,1.));
#9607 = DIRECTION('',(-1.,0.,0.));
#9608 = PCURVE('',#2320,#9609);
#9609 = DEFINITIONAL_REPRESENTATION('',(#9610),#9614);
#9610 = CIRCLE('',#9611,1.75);
#9611 = AXIS2_PLACEMENT_2D('',#9612,#9613);
#9612 = CARTESIAN_POINT('',(-47.5,-43.));
#9613 = DIRECTION('',(-1.,0.));
#9614 = ( GEOMETRIC_REPRESENTATION_CONTEXT(2) 
PARAMETRIC_REPRESENTATION_CONTEXT() REPRESENTATION_CONTEXT('2D SPACE',''
  ) );
#9615 = PCURVE('',#2801,#9616);
#9616 = DEFINITIONAL_REPRESENTATION('',(#9617),#9621);
#9617 = LINE('',#9618,#9619);
#9618 = CARTESIAN_POINT('',(12.566370614359,3.));
#9619 = VECTOR('',#9620,1.);
#9620 = DIRECTION('',(-1.,0.));
#9621 = ( GEOMETRIC_REPRESENTATION_CONTEXT(2) 
PARAMETRIC_REPRESENTATION_CONTEXT() REPRESENTATION_CONTEXT('2D SPACE',''
  ) );
#9622 = FACE_BOUND('',#9623,.T.);
#9623 = EDGE_LOOP('',(#9624));
#9624 = ORIENTED_EDGE('',*,*,#9625,.T.);
#9625 = EDGE_CURVE('',#9626,#9626,#9628,.T.);
#9626 = VERTEX_POINT('',#9627);
#9627 = CARTESIAN_POINT('',(-45.75,40.,0.));
#9628 = SURFACE_CURVE('',#9629,(#9634,#9641),.PCURVE_S1.);
#9629 = CIRCLE('',#9630,1.75);
#9630 = AXIS2_PLACEMENT_3D('',#9631,#9632,#9633);
#9631 = CARTESIAN_POINT('',(-47.5,40.,0.));
#9632 = DIRECTION('',(0.,0.,1.));
#9633 = DIRECTION('',(-1.,0.,0.));
#9634 = PCURVE('',#2320,#9635);
#9635 = DEFINITIONAL_REPRESENTATION('',(#9636),#9640);
#9636 = CIRCLE('',#9637,1.75);
#9637 = AXIS2_PLACEMENT_2D('',#9638,#9639);
#9638 = CARTESIAN_POINT('',(-47.5,40.));
#9639 = DIRECTION('',(-1.,0.));
#9640 = ( GEOMETRIC_REPRESENTATION_CONTEXT(2) 
PARAMETRIC_REPRESENTATION_CONTEXT() REPRESENTATION_CONTEXT('2D SPACE',''
  ) );
#9641 = PCURVE('',#2766,#9642);
#9642 = DEFINITIONAL_REPRESENTATION('',(#9643),#9647);
#9643 = LINE('',#9644,#9645);
#9644 = CARTESIAN_POINT('',(12.566370614359,3.));
#9645 = VECTOR('',#9646,1.);
#9646 = DIRECTION('',(-1.,0.));
#9647 = ( GEOMETRIC_REPRESENTATION_CONTEXT(2) 
PARAMETRIC_REPRESENTATION_CONTEXT() REPRESENTATION_CONTEXT('2D SPACE',''
  ) );
#9648 = FACE_BOUND('',#9649,.T.);
#9649 = EDGE_LOOP('',(#9650,#9651,#9652,#9653));
#9650 = ORIENTED_EDGE('',*,*,#8746,.F.);
#9651 = ORIENTED_EDGE('',*,*,#8806,.F.);
#9652 = ORIENTED_EDGE('',*,*,#8883,.F.);
#9653 = ORIENTED_EDGE('',*,*,#8941,.F.);
#9654 = ADVANCED_FACE('',(#9655),#3573,.T.);
#9655 = FACE_BOUND('',#9656,.T.);
#9656 = EDGE_LOOP('',(#9657,#9658,#9679,#9680));
#9657 = ORIENTED_EDGE('',*,*,#9341,.F.);
#9658 = ORIENTED_EDGE('',*,*,#9659,.T.);
#9659 = EDGE_CURVE('',#9342,#3558,#9660,.T.);
#9660 = SURFACE_CURVE('',#9661,(#9665,#9672),.PCURVE_S1.);
#9661 = LINE('',#9662,#9663);
#9662 = CARTESIAN_POINT('',(-52.5,50.,0.));
#9663 = VECTOR('',#9664,1.);
#9664 = DIRECTION('',(0.,0.,1.));
#9665 = PCURVE('',#3573,#9666);
#9666 = DEFINITIONAL_REPRESENTATION('',(#9667),#9671);
#9667 = LINE('',#9668,#9669);
#9668 = CARTESIAN_POINT('',(105.,0.));
#9669 = VECTOR('',#9670,1.);
#9670 = DIRECTION('',(0.,1.));
#9671 = ( GEOMETRIC_REPRESENTATION_CONTEXT(2) 
PARAMETRIC_REPRESENTATION_CONTEXT() REPRESENTATION_CONTEXT('2D SPACE',''
  ) );
#9672 = PCURVE('',#3602,#9673);
#9673 = DEFINITIONAL_REPRESENTATION('',(#9674),#9678);
#9674 = LINE('',#9675,#9676);
#9675 = CARTESIAN_POINT('',(3.14159265359,0.));
#9676 = VECTOR('',#9677,1.);
#9677 = DIRECTION('',(0.,1.));
#9678 = ( GEOMETRIC_REPRESENTATION_CONTEXT(2) 
PARAMETRIC_REPRESENTATION_CONTEXT() REPRESENTATION_CONTEXT('2D SPACE',''
  ) );
#9679 = ORIENTED_EDGE('',*,*,#3557,.F.);
#9680 = ORIENTED_EDGE('',*,*,#9681,.F.);
#9681 = EDGE_CURVE('',#9344,#3529,#9682,.T.);
#9682 = SURFACE_CURVE('',#9683,(#9687,#9694),.PCURVE_S1.);
#9683 = LINE('',#9684,#9685);
#9684 = CARTESIAN_POINT('',(52.5,50.,0.));
#9685 = VECTOR('',#9686,1.);
#9686 = DIRECTION('',(0.,0.,1.));
#9687 = PCURVE('',#3573,#9688);
#9688 = DEFINITIONAL_REPRESENTATION('',(#9689),#9693);
#9689 = LINE('',#9690,#9691);
#9690 = CARTESIAN_POINT('',(0.,0.));
#9691 = VECTOR('',#9692,1.);
#9692 = DIRECTION('',(0.,1.));
#9693 = ( GEOMETRIC_REPRESENTATION_CONTEXT(2) 
PARAMETRIC_REPRESENTATION_CONTEXT() REPRESENTATION_CONTEXT('2D SPACE',''
  ) );
#9694 = PCURVE('',#3545,#9695);
#9695 = DEFINITIONAL_REPRESENTATION('',(#9696),#9700);
#9696 = LINE('',#9697,#9698);
#9697 = CARTESIAN_POINT('',(4.712388980385,0.));
#9698 = VECTOR('',#9699,1.);
#9699 = DIRECTION('',(0.,1.));
#9700 = ( GEOMETRIC_REPRESENTATION_CONTEXT(2) 
PARAMETRIC_REPRESENTATION_CONTEXT() REPRESENTATION_CONTEXT('2D SPACE',''
  ) );
#9701 = ADVANCED_FACE('',(#9702),#3602,.T.);
#9702 = FACE_BOUND('',#9703,.T.);
#9703 = EDGE_LOOP('',(#9704,#9705,#9726,#9727));
#9704 = ORIENTED_EDGE('',*,*,#9519,.F.);
#9705 = ORIENTED_EDGE('',*,*,#9706,.T.);
#9706 = EDGE_CURVE('',#9497,#3586,#9707,.T.);
#9707 = SURFACE_CURVE('',#9708,(#9712,#9719),.PCURVE_S1.);
#9708 = LINE('',#9709,#9710);
#9709 = CARTESIAN_POINT('',(-62.5,40.,0.));
#9710 = VECTOR('',#9711,1.);
#9711 = DIRECTION('',(0.,0.,1.));
#9712 = PCURVE('',#3602,#9713);
#9713 = DEFINITIONAL_REPRESENTATION('',(#9714),#9718);
#9714 = LINE('',#9715,#9716);
#9715 = CARTESIAN_POINT('',(4.712388980385,0.));
#9716 = VECTOR('',#9717,1.);
#9717 = DIRECTION('',(0.,1.));
#9718 = ( GEOMETRIC_REPRESENTATION_CONTEXT(2) 
PARAMETRIC_REPRESENTATION_CONTEXT() REPRESENTATION_CONTEXT('2D SPACE',''
  ) );
#9719 = PCURVE('',#3381,#9720);
#9720 = DEFINITIONAL_REPRESENTATION('',(#9721),#9725);
#9721 = LINE('',#9722,#9723);
#9722 = CARTESIAN_POINT('',(0.,0.));
#9723 = VECTOR('',#9724,1.);
#9724 = DIRECTION('',(0.,1.));
#9725 = ( GEOMETRIC_REPRESENTATION_CONTEXT(2) 
PARAMETRIC_REPRESENTATION_CONTEXT() REPRESENTATION_CONTEXT('2D SPACE',''
  ) );
#9726 = ORIENTED_EDGE('',*,*,#3585,.F.);
#9727 = ORIENTED_EDGE('',*,*,#9659,.F.);
#9728 = ADVANCED_FACE('',(#9729),#3381,.T.);
#9729 = FACE_BOUND('',#9730,.T.);
#9730 = EDGE_LOOP('',(#9731,#9732,#9753,#9754,#9755,#9756,#9757,#9758));
#9731 = ORIENTED_EDGE('',*,*,#9496,.F.);
#9732 = ORIENTED_EDGE('',*,*,#9733,.T.);
#9733 = EDGE_CURVE('',#9469,#3366,#9734,.T.);
#9734 = SURFACE_CURVE('',#9735,(#9739,#9746),.PCURVE_S1.);
#9735 = LINE('',#9736,#9737);
#9736 = CARTESIAN_POINT('',(-62.5,-40.,0.));
#9737 = VECTOR('',#9738,1.);
#9738 = DIRECTION('',(0.,0.,1.));
#9739 = PCURVE('',#3381,#9740);
#9740 = DEFINITIONAL_REPRESENTATION('',(#9741),#9745);
#9741 = LINE('',#9742,#9743);
#9742 = CARTESIAN_POINT('',(80.,0.));
#9743 = VECTOR('',#9744,1.);
#9744 = DIRECTION('',(0.,1.));
#9745 = ( GEOMETRIC_REPRESENTATION_CONTEXT(2) 
PARAMETRIC_REPRESENTATION_CONTEXT() REPRESENTATION_CONTEXT('2D SPACE',''
  ) );
#9746 = PCURVE('',#3410,#9747);
#9747 = DEFINITIONAL_REPRESENTATION('',(#9748),#9752);
#9748 = LINE('',#9749,#9750);
#9749 = CARTESIAN_POINT('',(3.14159265359,0.));
#9750 = VECTOR('',#9751,1.);
#9751 = DIRECTION('',(0.,1.));
#9752 = ( GEOMETRIC_REPRESENTATION_CONTEXT(2) 
PARAMETRIC_REPRESENTATION_CONTEXT() REPRESENTATION_CONTEXT('2D SPACE',''
  ) );
#9753 = ORIENTED_EDGE('',*,*,#3365,.F.);
#9754 = ORIENTED_EDGE('',*,*,#6465,.T.);
#9755 = ORIENTED_EDGE('',*,*,#6597,.T.);
#9756 = ORIENTED_EDGE('',*,*,#6625,.F.);
#9757 = ORIENTED_EDGE('',*,*,#3614,.F.);
#9758 = ORIENTED_EDGE('',*,*,#9706,.F.);
#9759 = ADVANCED_FACE('',(#9760),#3410,.T.);
#9760 = FACE_BOUND('',#9761,.T.);
#9761 = EDGE_LOOP('',(#9762,#9763,#9784,#9785));
#9762 = ORIENTED_EDGE('',*,*,#9468,.F.);
#9763 = ORIENTED_EDGE('',*,*,#9764,.T.);
#9764 = EDGE_CURVE('',#9446,#3394,#9765,.T.);
#9765 = SURFACE_CURVE('',#9766,(#9770,#9777),.PCURVE_S1.);
#9766 = LINE('',#9767,#9768);
#9767 = CARTESIAN_POINT('',(-52.5,-50.,0.));
#9768 = VECTOR('',#9769,1.);
#9769 = DIRECTION('',(0.,0.,1.));
#9770 = PCURVE('',#3410,#9771);
#9771 = DEFINITIONAL_REPRESENTATION('',(#9772),#9776);
#9772 = LINE('',#9773,#9774);
#9773 = CARTESIAN_POINT('',(4.712388980385,0.));
#9774 = VECTOR('',#9775,1.);
#9775 = DIRECTION('',(0.,1.));
#9776 = ( GEOMETRIC_REPRESENTATION_CONTEXT(2) 
PARAMETRIC_REPRESENTATION_CONTEXT() REPRESENTATION_CONTEXT('2D SPACE',''
  ) );
#9777 = PCURVE('',#3436,#9778);
#9778 = DEFINITIONAL_REPRESENTATION('',(#9779),#9783);
#9779 = LINE('',#9780,#9781);
#9780 = CARTESIAN_POINT('',(0.,0.));
#9781 = VECTOR('',#9782,1.);
#9782 = DIRECTION('',(0.,1.));
#9783 = ( GEOMETRIC_REPRESENTATION_CONTEXT(2) 
PARAMETRIC_REPRESENTATION_CONTEXT() REPRESENTATION_CONTEXT('2D SPACE',''
  ) );
#9784 = ORIENTED_EDGE('',*,*,#3393,.F.);
#9785 = ORIENTED_EDGE('',*,*,#9733,.F.);
#9786 = ADVANCED_FACE('',(#9787),#3436,.T.);
#9787 = FACE_BOUND('',#9788,.T.);
#9788 = EDGE_LOOP('',(#9789,#9790,#9811,#9812,#9813));
#9789 = ORIENTED_EDGE('',*,*,#9445,.F.);
#9790 = ORIENTED_EDGE('',*,*,#9791,.T.);
#9791 = EDGE_CURVE('',#9418,#3449,#9792,.T.);
#9792 = SURFACE_CURVE('',#9793,(#9797,#9804),.PCURVE_S1.);
#9793 = LINE('',#9794,#9795);
#9794 = CARTESIAN_POINT('',(52.5,-50.,0.));
#9795 = VECTOR('',#9796,1.);
#9796 = DIRECTION('',(0.,0.,1.));
#9797 = PCURVE('',#3436,#9798);
#9798 = DEFINITIONAL_REPRESENTATION('',(#9799),#9803);
#9799 = LINE('',#9800,#9801);
#9800 = CARTESIAN_POINT('',(105.,0.));
#9801 = VECTOR('',#9802,1.);
#9802 = DIRECTION('',(0.,1.));
#9803 = ( GEOMETRIC_REPRESENTATION_CONTEXT(2) 
PARAMETRIC_REPRESENTATION_CONTEXT() REPRESENTATION_CONTEXT('2D SPACE',''
  ) );
#9804 = PCURVE('',#3488,#9805);
#9805 = DEFINITIONAL_REPRESENTATION('',(#9806),#9810);
#9806 = LINE('',#9807,#9808);
#9807 = CARTESIAN_POINT('',(3.14159265359,0.));
#9808 = VECTOR('',#9809,1.);
#9809 = DIRECTION('',(0.,1.));
#9810 = ( GEOMETRIC_REPRESENTATION_CONTEXT(2) 
PARAMETRIC_REPRESENTATION_CONTEXT() REPRESENTATION_CONTEXT('2D SPACE',''
  ) );
#9811 = ORIENTED_EDGE('',*,*,#3448,.F.);
#9812 = ORIENTED_EDGE('',*,*,#3422,.F.);
#9813 = ORIENTED_EDGE('',*,*,#9764,.F.);
#9814 = ADVANCED_FACE('',(#9815),#3488,.T.);
#9815 = FACE_BOUND('',#9816,.T.);
#9816 = EDGE_LOOP('',(#9817,#9818,#9839,#9840));
#9817 = ORIENTED_EDGE('',*,*,#9417,.F.);
#9818 = ORIENTED_EDGE('',*,*,#9819,.T.);
#9819 = EDGE_CURVE('',#9395,#3472,#9820,.T.);
#9820 = SURFACE_CURVE('',#9821,(#9825,#9832),.PCURVE_S1.);
#9821 = LINE('',#9822,#9823);
#9822 = CARTESIAN_POINT('',(62.5,-40.,0.));
#9823 = VECTOR('',#9824,1.);
#9824 = DIRECTION('',(0.,0.,1.));
#9825 = PCURVE('',#3488,#9826);
#9826 = DEFINITIONAL_REPRESENTATION('',(#9827),#9831);
#9827 = LINE('',#9828,#9829);
#9828 = CARTESIAN_POINT('',(4.712388980385,0.));
#9829 = VECTOR('',#9830,1.);
#9830 = DIRECTION('',(0.,1.));
#9831 = ( GEOMETRIC_REPRESENTATION_CONTEXT(2) 
PARAMETRIC_REPRESENTATION_CONTEXT() REPRESENTATION_CONTEXT('2D SPACE',''
  ) );
#9832 = PCURVE('',#3516,#9833);
#9833 = DEFINITIONAL_REPRESENTATION('',(#9834),#9838);
#9834 = LINE('',#9835,#9836);
#9835 = CARTESIAN_POINT('',(0.,0.));
#9836 = VECTOR('',#9837,1.);
#9837 = DIRECTION('',(0.,1.));
#9838 = ( GEOMETRIC_REPRESENTATION_CONTEXT(2) 
PARAMETRIC_REPRESENTATION_CONTEXT() REPRESENTATION_CONTEXT('2D SPACE',''
  ) );
#9839 = ORIENTED_EDGE('',*,*,#3471,.F.);
#9840 = ORIENTED_EDGE('',*,*,#9791,.F.);
#9841 = ADVANCED_FACE('',(#9842),#3516,.T.);
#9842 = FACE_BOUND('',#9843,.T.);
#9843 = EDGE_LOOP('',(#9844,#9845,#9866,#9867));
#9844 = ORIENTED_EDGE('',*,*,#9394,.F.);
#9845 = ORIENTED_EDGE('',*,*,#9846,.T.);
#9846 = EDGE_CURVE('',#9367,#3501,#9847,.T.);
#9847 = SURFACE_CURVE('',#9848,(#9852,#9859),.PCURVE_S1.);
#9848 = LINE('',#9849,#9850);
#9849 = CARTESIAN_POINT('',(62.5,40.,0.));
#9850 = VECTOR('',#9851,1.);
#9851 = DIRECTION('',(0.,0.,1.));
#9852 = PCURVE('',#3516,#9853);
#9853 = DEFINITIONAL_REPRESENTATION('',(#9854),#9858);
#9854 = LINE('',#9855,#9856);
#9855 = CARTESIAN_POINT('',(80.,0.));
#9856 = VECTOR('',#9857,1.);
#9857 = DIRECTION('',(0.,1.));
#9858 = ( GEOMETRIC_REPRESENTATION_CONTEXT(2) 
PARAMETRIC_REPRESENTATION_CONTEXT() REPRESENTATION_CONTEXT('2D SPACE',''
  ) );
#9859 = PCURVE('',#3545,#9860);
#9860 = DEFINITIONAL_REPRESENTATION('',(#9861),#9865);
#9861 = LINE('',#9862,#9863);
#9862 = CARTESIAN_POINT('',(3.14159265359,0.));
#9863 = VECTOR('',#9864,1.);
#9864 = DIRECTION('',(0.,1.));
#9865 = ( GEOMETRIC_REPRESENTATION_CONTEXT(2) 
PARAMETRIC_REPRESENTATION_CONTEXT() REPRESENTATION_CONTEXT('2D SPACE',''
  ) );
#9866 = ORIENTED_EDGE('',*,*,#3500,.F.);
#9867 = ORIENTED_EDGE('',*,*,#9819,.F.);
#9868 = ADVANCED_FACE('',(#9869),#3545,.T.);
#9869 = FACE_BOUND('',#9870,.T.);
#9870 = EDGE_LOOP('',(#9871,#9872,#9873,#9874));
#9871 = ORIENTED_EDGE('',*,*,#9366,.F.);
#9872 = ORIENTED_EDGE('',*,*,#9681,.T.);
#9873 = ORIENTED_EDGE('',*,*,#3528,.F.);
#9874 = ORIENTED_EDGE('',*,*,#9846,.F.);
#9875 = ADVANCED_FACE('',(#9876),#1718,.T.);
#9876 = FACE_BOUND('',#9877,.T.);
#9877 = EDGE_LOOP('',(#9878,#9901,#9902,#9903,#9904,#9927,#9955));
#9878 = ORIENTED_EDGE('',*,*,#9879,.T.);
#9879 = EDGE_CURVE('',#9880,#1703,#9882,.T.);
#9880 = VERTEX_POINT('',#9881);
#9881 = CARTESIAN_POINT('',(-39.,-39.,60.));
#9882 = SURFACE_CURVE('',#9883,(#9887,#9894),.PCURVE_S1.);
#9883 = LINE('',#9884,#9885);
#9884 = CARTESIAN_POINT('',(-39.,-33.,60.));
#9885 = VECTOR('',#9886,1.);
#9886 = DIRECTION('',(0.,1.,-2.59E-15));
#9887 = PCURVE('',#1718,#9888);
#9888 = DEFINITIONAL_REPRESENTATION('',(#9889),#9893);
#9889 = LINE('',#9890,#9891);
#9890 = CARTESIAN_POINT('',(-9.947598300641E-14,57.));
#9891 = VECTOR('',#9892,1.);
#9892 = DIRECTION('',(-1.,-2.59E-15));
#9893 = ( GEOMETRIC_REPRESENTATION_CONTEXT(2) 
PARAMETRIC_REPRESENTATION_CONTEXT() REPRESENTATION_CONTEXT('2D SPACE',''
  ) );
#9894 = PCURVE('',#1746,#9895);
#9895 = DEFINITIONAL_REPRESENTATION('',(#9896),#9900);
#9896 = LINE('',#9897,#9898);
#9897 = CARTESIAN_POINT('',(-9.947598300641E-14,40.));
#9898 = VECTOR('',#9899,1.);
#9899 = DIRECTION('',(-1.,0.));
#9900 = ( GEOMETRIC_REPRESENTATION_CONTEXT(2) 
PARAMETRIC_REPRESENTATION_CONTEXT() REPRESENTATION_CONTEXT('2D SPACE',''
  ) );
#9901 = ORIENTED_EDGE('',*,*,#1702,.F.);
#9902 = ORIENTED_EDGE('',*,*,#6661,.F.);
#9903 = ORIENTED_EDGE('',*,*,#3217,.F.);
#9904 = ORIENTED_EDGE('',*,*,#9905,.T.);
#9905 = EDGE_CURVE('',#3195,#9906,#9908,.T.);
#9906 = VERTEX_POINT('',#9907);
#9907 = CARTESIAN_POINT('',(-39.,-45.,79.));
#9908 = SURFACE_CURVE('',#9909,(#9913,#9920),.PCURVE_S1.);
#9909 = LINE('',#9910,#9911);
#9910 = CARTESIAN_POINT('',(-39.,-45.,3.));
#9911 = VECTOR('',#9912,1.);
#9912 = DIRECTION('',(0.,0.,1.));
#9913 = PCURVE('',#1718,#9914);
#9914 = DEFINITIONAL_REPRESENTATION('',(#9915),#9919);
#9915 = LINE('',#9916,#9917);
#9916 = CARTESIAN_POINT('',(12.,0.));
#9917 = VECTOR('',#9918,1.);
#9918 = DIRECTION('',(0.,1.));
#9919 = ( GEOMETRIC_REPRESENTATION_CONTEXT(2) 
PARAMETRIC_REPRESENTATION_CONTEXT() REPRESENTATION_CONTEXT('2D SPACE',''
  ) );
#9920 = PCURVE('',#1332,#9921);
#9921 = DEFINITIONAL_REPRESENTATION('',(#9922),#9926);
#9922 = LINE('',#9923,#9924);
#9923 = CARTESIAN_POINT('',(18.,0.));
#9924 = VECTOR('',#9925,1.);
#9925 = DIRECTION('',(0.,1.));
#9926 = ( GEOMETRIC_REPRESENTATION_CONTEXT(2) 
PARAMETRIC_REPRESENTATION_CONTEXT() REPRESENTATION_CONTEXT('2D SPACE',''
  ) );
#9927 = ORIENTED_EDGE('',*,*,#9928,.F.);
#9928 = EDGE_CURVE('',#9929,#9906,#9931,.T.);
#9929 = VERTEX_POINT('',#9930);
#9930 = CARTESIAN_POINT('',(-39.,-39.,79.));
#9931 = SURFACE_CURVE('',#9932,(#9936,#9943),.PCURVE_S1.);
#9932 = LINE('',#9933,#9934);
#9933 = CARTESIAN_POINT('',(-39.,-45.,79.));
#9934 = VECTOR('',#9935,1.);
#9935 = DIRECTION('',(0.,-1.,0.));
#9936 = PCURVE('',#1718,#9937);
#9937 = DEFINITIONAL_REPRESENTATION('',(#9938),#9942);
#9938 = LINE('',#9939,#9940);
#9939 = CARTESIAN_POINT('',(12.,76.));
#9940 = VECTOR('',#9941,1.);
#9941 = DIRECTION('',(1.,0.));
#9942 = ( GEOMETRIC_REPRESENTATION_CONTEXT(2) 
PARAMETRIC_REPRESENTATION_CONTEXT() REPRESENTATION_CONTEXT('2D SPACE',''
  ) );
#9943 = PCURVE('',#9944,#9949);
#9944 = PLANE('',#9945);
#9945 = AXIS2_PLACEMENT_3D('',#9946,#9947,#9948);
#9946 = CARTESIAN_POINT('',(-34.57997607017,-5.1E-15,79.));
#9947 = DIRECTION('',(0.,0.,1.));
#9948 = DIRECTION('',(1.,0.,-0.));
#9949 = DEFINITIONAL_REPRESENTATION('',(#9950),#9954);
#9950 = LINE('',#9951,#9952);
#9951 = CARTESIAN_POINT('',(-4.420023929826,-45.));
#9952 = VECTOR('',#9953,1.);
#9953 = DIRECTION('',(0.,-1.));
#9954 = ( GEOMETRIC_REPRESENTATION_CONTEXT(2) 
PARAMETRIC_REPRESENTATION_CONTEXT() REPRESENTATION_CONTEXT('2D SPACE',''
  ) );
#9955 = ORIENTED_EDGE('',*,*,#9956,.T.);
#9956 = EDGE_CURVE('',#9929,#9880,#9957,.T.);
#9957 = SURFACE_CURVE('',#9958,(#9962,#9969),.PCURVE_S1.);
#9958 = LINE('',#9959,#9960);
#9959 = CARTESIAN_POINT('',(-39.,-39.,31.5));
#9960 = VECTOR('',#9961,1.);
#9961 = DIRECTION('',(0.,-0.,-1.));
#9962 = PCURVE('',#1718,#9963);
#9963 = DEFINITIONAL_REPRESENTATION('',(#9964),#9968);
#9964 = LINE('',#9965,#9966);
#9965 = CARTESIAN_POINT('',(6.,28.5));
#9966 = VECTOR('',#9967,1.);
#9967 = DIRECTION('',(0.,-1.));
#9968 = ( GEOMETRIC_REPRESENTATION_CONTEXT(2) 
PARAMETRIC_REPRESENTATION_CONTEXT() REPRESENTATION_CONTEXT('2D SPACE',''
  ) );
#9969 = PCURVE('',#9970,#9975);
#9970 = PLANE('',#9971);
#9971 = AXIS2_PLACEMENT_3D('',#9972,#9973,#9974);
#9972 = CARTESIAN_POINT('',(1.,-39.,60.));
#9973 = DIRECTION('',(0.,-1.,0.));
#9974 = DIRECTION('',(3.9E-16,0.,1.));
#9975 = DEFINITIONAL_REPRESENTATION('',(#9976),#9980);
#9976 = LINE('',#9977,#9978);
#9977 = CARTESIAN_POINT('',(-28.5,40.));
#9978 = VECTOR('',#9979,1.);
#9979 = DIRECTION('',(-1.,-3.9E-16));
#9980 = ( GEOMETRIC_REPRESENTATION_CONTEXT(2) 
PARAMETRIC_REPRESENTATION_CONTEXT() REPRESENTATION_CONTEXT('2D SPACE',''
  ) );
#9981 = ADVANCED_FACE('',(#9982),#603,.T.);
#9982 = FACE_BOUND('',#9983,.T.);
#9983 = EDGE_LOOP('',(#9984,#9985,#10008,#10029,#10030,#10031));
#9984 = ORIENTED_EDGE('',*,*,#698,.T.);
#9985 = ORIENTED_EDGE('',*,*,#9986,.F.);
#9986 = EDGE_CURVE('',#9987,#671,#9989,.T.);
#9987 = VERTEX_POINT('',#9988);
#9988 = CARTESIAN_POINT('',(-36.,-45.,79.));
#9989 = SURFACE_CURVE('',#9990,(#9994,#10001),.PCURVE_S1.);
#9990 = LINE('',#9991,#9992);
#9991 = CARTESIAN_POINT('',(-36.,-33.,79.));
#9992 = VECTOR('',#9993,1.);
#9993 = DIRECTION('',(0.,1.,0.));
#9994 = PCURVE('',#603,#9995);
#9995 = DEFINITIONAL_REPRESENTATION('',(#9996),#10000);
#9996 = LINE('',#9997,#9998);
#9997 = CARTESIAN_POINT('',(12.,76.));
#9998 = VECTOR('',#9999,1.);
#9999 = DIRECTION('',(1.,0.));
#10000 = ( GEOMETRIC_REPRESENTATION_CONTEXT(2) 
PARAMETRIC_REPRESENTATION_CONTEXT() REPRESENTATION_CONTEXT('2D SPACE',''
  ) );
#10001 = PCURVE('',#686,#10002);
#10002 = DEFINITIONAL_REPRESENTATION('',(#10003),#10007);
#10003 = LINE('',#10004,#10005);
#10004 = CARTESIAN_POINT('',(-1.420023929826,-33.));
#10005 = VECTOR('',#10006,1.);
#10006 = DIRECTION('',(0.,1.));
#10007 = ( GEOMETRIC_REPRESENTATION_CONTEXT(2) 
PARAMETRIC_REPRESENTATION_CONTEXT() REPRESENTATION_CONTEXT('2D SPACE',''
  ) );
#10008 = ORIENTED_EDGE('',*,*,#10009,.F.);
#10009 = EDGE_CURVE('',#3172,#9987,#10010,.T.);
#10010 = SURFACE_CURVE('',#10011,(#10015,#10022),.PCURVE_S1.);
#10011 = LINE('',#10012,#10013);
#10012 = CARTESIAN_POINT('',(-36.,-45.,3.));
#10013 = VECTOR('',#10014,1.);
#10014 = DIRECTION('',(0.,0.,1.));
#10015 = PCURVE('',#603,#10016);
#10016 = DEFINITIONAL_REPRESENTATION('',(#10017),#10021);
#10017 = LINE('',#10018,#10019);
#10018 = CARTESIAN_POINT('',(0.,0.));
#10019 = VECTOR('',#10020,1.);
#10020 = DIRECTION('',(0.,1.));
#10021 = ( GEOMETRIC_REPRESENTATION_CONTEXT(2) 
PARAMETRIC_REPRESENTATION_CONTEXT() REPRESENTATION_CONTEXT('2D SPACE',''
  ) );
#10022 = PCURVE('',#1332,#10023);
#10023 = DEFINITIONAL_REPRESENTATION('',(#10024),#10028);
#10024 = LINE('',#10025,#10026);
#10025 = CARTESIAN_POINT('',(21.,0.));
#10026 = VECTOR('',#10027,1.);
#10027 = DIRECTION('',(0.,1.));
#10028 = ( GEOMETRIC_REPRESENTATION_CONTEXT(2) 
PARAMETRIC_REPRESENTATION_CONTEXT() REPRESENTATION_CONTEXT('2D SPACE',''
  ) );
#10029 = ORIENTED_EDGE('',*,*,#3171,.F.);
#10030 = ORIENTED_EDGE('',*,*,#1590,.T.);
#10031 = ORIENTED_EDGE('',*,*,#589,.F.);
#10032 = ADVANCED_FACE('',(#10033),#1304,.T.);
#10033 = FACE_BOUND('',#10034,.T.);
#10034 = EDGE_LOOP('',(#10035,#10036,#10057,#10058,#10059));
#10035 = ORIENTED_EDGE('',*,*,#3314,.F.);
#10036 = ORIENTED_EDGE('',*,*,#10037,.T.);
#10037 = EDGE_CURVE('',#3292,#1289,#10038,.T.);
#10038 = SURFACE_CURVE('',#10039,(#10043,#10050),.PCURVE_S1.);
#10039 = LINE('',#10040,#10041);
#10040 = CARTESIAN_POINT('',(-57.,-45.,3.));
#10041 = VECTOR('',#10042,1.);
#10042 = DIRECTION('',(0.,0.,1.));
#10043 = PCURVE('',#1304,#10044);
#10044 = DEFINITIONAL_REPRESENTATION('',(#10045),#10049);
#10045 = LINE('',#10046,#10047);
#10046 = CARTESIAN_POINT('',(12.,0.));
#10047 = VECTOR('',#10048,1.);
#10048 = DIRECTION('',(0.,1.));
#10049 = ( GEOMETRIC_REPRESENTATION_CONTEXT(2) 
PARAMETRIC_REPRESENTATION_CONTEXT() REPRESENTATION_CONTEXT('2D SPACE',''
  ) );
#10050 = PCURVE('',#1332,#10051);
#10051 = DEFINITIONAL_REPRESENTATION('',(#10052),#10056);
#10052 = LINE('',#10053,#10054);
#10053 = CARTESIAN_POINT('',(0.,0.));
#10054 = VECTOR('',#10055,1.);
#10055 = DIRECTION('',(0.,1.));
#10056 = ( GEOMETRIC_REPRESENTATION_CONTEXT(2) 
PARAMETRIC_REPRESENTATION_CONTEXT() REPRESENTATION_CONTEXT('2D SPACE',''
  ) );
#10057 = ORIENTED_EDGE('',*,*,#1288,.F.);
#10058 = ORIENTED_EDGE('',*,*,#1814,.F.);
#10059 = ORIENTED_EDGE('',*,*,#6416,.F.);
#10060 = ADVANCED_FACE('',(#10061),#1332,.T.);
#10061 = FACE_BOUND('',#10062,.T.);
#10062 = EDGE_LOOP('',(#10063,#10064,#10087,#10108,#10109,#10110,#10111,
    #10134,#10157,#10178,#10223,#10268,#10296,#10319,#10340,#10341));
#10063 = ORIENTED_EDGE('',*,*,#3291,.F.);
#10064 = ORIENTED_EDGE('',*,*,#10065,.T.);
#10065 = EDGE_CURVE('',#3269,#10066,#10068,.T.);
#10066 = VERTEX_POINT('',#10067);
#10067 = CARTESIAN_POINT('',(-54.,-45.,79.));
#10068 = SURFACE_CURVE('',#10069,(#10073,#10080),.PCURVE_S1.);
#10069 = LINE('',#10070,#10071);
#10070 = CARTESIAN_POINT('',(-54.,-45.,3.));
#10071 = VECTOR('',#10072,1.);
#10072 = DIRECTION('',(0.,0.,1.));
#10073 = PCURVE('',#1332,#10074);
#10074 = DEFINITIONAL_REPRESENTATION('',(#10075),#10079);
#10075 = LINE('',#10076,#10077);
#10076 = CARTESIAN_POINT('',(3.,0.));
#10077 = VECTOR('',#10078,1.);
#10078 = DIRECTION('',(0.,1.));
#10079 = ( GEOMETRIC_REPRESENTATION_CONTEXT(2) 
PARAMETRIC_REPRESENTATION_CONTEXT() REPRESENTATION_CONTEXT('2D SPACE',''
  ) );
#10080 = PCURVE('',#1774,#10081);
#10081 = DEFINITIONAL_REPRESENTATION('',(#10082),#10086);
#10082 = LINE('',#10083,#10084);
#10083 = CARTESIAN_POINT('',(0.,0.));
#10084 = VECTOR('',#10085,1.);
#10085 = DIRECTION('',(0.,1.));
#10086 = ( GEOMETRIC_REPRESENTATION_CONTEXT(2) 
PARAMETRIC_REPRESENTATION_CONTEXT() REPRESENTATION_CONTEXT('2D SPACE',''
  ) );
#10087 = ORIENTED_EDGE('',*,*,#10088,.T.);
#10088 = EDGE_CURVE('',#10066,#9906,#10089,.T.);
#10089 = SURFACE_CURVE('',#10090,(#10094,#10101),.PCURVE_S1.);
#10090 = LINE('',#10091,#10092);
#10091 = CARTESIAN_POINT('',(-64.,-45.,79.));
#10092 = VECTOR('',#10093,1.);
#10093 = DIRECTION('',(1.,1.4E-16,0.));
#10094 = PCURVE('',#1332,#10095);
#10095 = DEFINITIONAL_REPRESENTATION('',(#10096),#10100);
#10096 = LINE('',#10097,#10098);
#10097 = CARTESIAN_POINT('',(-7.,76.));
#10098 = VECTOR('',#10099,1.);
#10099 = DIRECTION('',(1.,0.));
#10100 = ( GEOMETRIC_REPRESENTATION_CONTEXT(2) 
PARAMETRIC_REPRESENTATION_CONTEXT() REPRESENTATION_CONTEXT('2D SPACE',''
  ) );
#10101 = PCURVE('',#9944,#10102);
#10102 = DEFINITIONAL_REPRESENTATION('',(#10103),#10107);
#10103 = LINE('',#10104,#10105);
#10104 = CARTESIAN_POINT('',(-29.42002392982,-45.));
#10105 = VECTOR('',#10106,1.);
#10106 = DIRECTION('',(1.,1.4E-16));
#10107 = ( GEOMETRIC_REPRESENTATION_CONTEXT(2) 
PARAMETRIC_REPRESENTATION_CONTEXT() REPRESENTATION_CONTEXT('2D SPACE',''
  ) );
#10108 = ORIENTED_EDGE('',*,*,#9905,.F.);
#10109 = ORIENTED_EDGE('',*,*,#3194,.F.);
#10110 = ORIENTED_EDGE('',*,*,#10009,.T.);
#10111 = ORIENTED_EDGE('',*,*,#10112,.T.);
#10112 = EDGE_CURVE('',#9987,#10113,#10115,.T.);
#10113 = VERTEX_POINT('',#10114);
#10114 = CARTESIAN_POINT('',(1.,-45.,79.));
#10115 = SURFACE_CURVE('',#10116,(#10120,#10127),.PCURVE_S1.);
#10116 = LINE('',#10117,#10118);
#10117 = CARTESIAN_POINT('',(-64.,-45.,79.));
#10118 = VECTOR('',#10119,1.);
#10119 = DIRECTION('',(1.,1.4E-16,0.));
#10120 = PCURVE('',#1332,#10121);
#10121 = DEFINITIONAL_REPRESENTATION('',(#10122),#10126);
#10122 = LINE('',#10123,#10124);
#10123 = CARTESIAN_POINT('',(-7.,76.));
#10124 = VECTOR('',#10125,1.);
#10125 = DIRECTION('',(1.,0.));
#10126 = ( GEOMETRIC_REPRESENTATION_CONTEXT(2) 
PARAMETRIC_REPRESENTATION_CONTEXT() REPRESENTATION_CONTEXT('2D SPACE',''
  ) );
#10127 = PCURVE('',#686,#10128);
#10128 = DEFINITIONAL_REPRESENTATION('',(#10129),#10133);
#10129 = LINE('',#10130,#10131);
#10130 = CARTESIAN_POINT('',(-29.42002392982,-45.));
#10131 = VECTOR('',#10132,1.);
#10132 = DIRECTION('',(1.,1.4E-16));
#10133 = ( GEOMETRIC_REPRESENTATION_CONTEXT(2) 
PARAMETRIC_REPRESENTATION_CONTEXT() REPRESENTATION_CONTEXT('2D SPACE',''
  ) );
#10134 = ORIENTED_EDGE('',*,*,#10135,.T.);
#10135 = EDGE_CURVE('',#10113,#10136,#10138,.T.);
#10136 = VERTEX_POINT('',#10137);
#10137 = CARTESIAN_POINT('',(1.,-45.,62.));
#10138 = SURFACE_CURVE('',#10139,(#10143,#10150),.PCURVE_S1.);
#10139 = LINE('',#10140,#10141);
#10140 = CARTESIAN_POINT('',(1.,-45.,62.));
#10141 = VECTOR('',#10142,1.);
#10142 = DIRECTION('',(-3.9E-16,0.,-1.));
#10143 = PCURVE('',#1332,#10144);
#10144 = DEFINITIONAL_REPRESENTATION('',(#10145),#10149);
#10145 = LINE('',#10146,#10147);
#10146 = CARTESIAN_POINT('',(58.,59.));
#10147 = VECTOR('',#10148,1.);
#10148 = DIRECTION('',(-3.9E-16,-1.));
#10149 = ( GEOMETRIC_REPRESENTATION_CONTEXT(2) 
PARAMETRIC_REPRESENTATION_CONTEXT() REPRESENTATION_CONTEXT('2D SPACE',''
  ) );
#10150 = PCURVE('',#658,#10151);
#10151 = DEFINITIONAL_REPRESENTATION('',(#10152),#10156);
#10152 = LINE('',#10153,#10154);
#10153 = CARTESIAN_POINT('',(0.,-45.));
#10154 = VECTOR('',#10155,1.);
#10155 = DIRECTION('',(-1.,0.));
#10156 = ( GEOMETRIC_REPRESENTATION_CONTEXT(2) 
PARAMETRIC_REPRESENTATION_CONTEXT() REPRESENTATION_CONTEXT('2D SPACE',''
  ) );
#10157 = ORIENTED_EDGE('',*,*,#10158,.T.);
#10158 = EDGE_CURVE('',#10136,#8343,#10159,.T.);
#10159 = SURFACE_CURVE('',#10160,(#10164,#10171),.PCURVE_S1.);
#10160 = LINE('',#10161,#10162);
#10161 = CARTESIAN_POINT('',(7.,-45.,62.));
#10162 = VECTOR('',#10163,1.);
#10163 = DIRECTION('',(1.,0.,0.));
#10164 = PCURVE('',#1332,#10165);
#10165 = DEFINITIONAL_REPRESENTATION('',(#10166),#10170);
#10166 = LINE('',#10167,#10168);
#10167 = CARTESIAN_POINT('',(64.,59.));
#10168 = VECTOR('',#10169,1.);
#10169 = DIRECTION('',(1.,0.));
#10170 = ( GEOMETRIC_REPRESENTATION_CONTEXT(2) 
PARAMETRIC_REPRESENTATION_CONTEXT() REPRESENTATION_CONTEXT('2D SPACE',''
  ) );
#10171 = PCURVE('',#72,#10172);
#10172 = DEFINITIONAL_REPRESENTATION('',(#10173),#10177);
#10173 = LINE('',#10174,#10175);
#10174 = CARTESIAN_POINT('',(0.,-45.));
#10175 = VECTOR('',#10176,1.);
#10176 = DIRECTION('',(-1.,0.));
#10177 = ( GEOMETRIC_REPRESENTATION_CONTEXT(2) 
PARAMETRIC_REPRESENTATION_CONTEXT() REPRESENTATION_CONTEXT('2D SPACE',''
  ) );
#10178 = ORIENTED_EDGE('',*,*,#10179,.T.);
#10179 = EDGE_CURVE('',#8343,#10180,#10182,.T.);
#10180 = VERTEX_POINT('',#10181);
#10181 = CARTESIAN_POINT('',(7.,-45.,65.13077735239));
#10182 = SURFACE_CURVE('',#10183,(#10187,#10194),.PCURVE_S1.);
#10183 = LINE('',#10184,#10185);
#10184 = CARTESIAN_POINT('',(7.,-45.,82.));
#10185 = VECTOR('',#10186,1.);
#10186 = DIRECTION('',(3.3E-16,0.,1.));
#10187 = PCURVE('',#1332,#10188);
#10188 = DEFINITIONAL_REPRESENTATION('',(#10189),#10193);
#10189 = LINE('',#10190,#10191);
#10190 = CARTESIAN_POINT('',(64.,79.));
#10191 = VECTOR('',#10192,1.);
#10192 = DIRECTION('',(3.3E-16,1.));
#10193 = ( GEOMETRIC_REPRESENTATION_CONTEXT(2) 
PARAMETRIC_REPRESENTATION_CONTEXT() REPRESENTATION_CONTEXT('2D SPACE',''
  ) );
#10194 = PCURVE('',#8387,#10195);
#10195 = DEFINITIONAL_REPRESENTATION('',(#10196),#10222);
#10196 = B_SPLINE_CURVE_WITH_KNOTS('',3,(#10197,#10198,#10199,#10200,
    #10201,#10202,#10203,#10204,#10205,#10206,#10207,#10208,#10209,
    #10210,#10211,#10212,#10213,#10214,#10215,#10216,#10217,#10218,
    #10219,#10220,#10221),.UNSPECIFIED.,.F.,.F.,(4,1,1,1,1,1,1,1,1,1,1,1
    ,1,1,1,1,1,1,1,1,1,1,4),(-20.,-19.85769193852,-19.71538387705,
    -19.57307581558,-19.43076775411,-19.28845969263,-19.14615163116,
    -19.00384356969,-18.86153550822,-18.71922744674,-18.57691938527,
    -18.4346113238,-18.29230326233,-18.14999520086,-18.00768713938,
    -17.86537907791,-17.72307101644,-17.58076295497,-17.43845489349,
    -17.29614683202,-17.15383877055,-17.01153070908,-16.86922264761),
  .QUASI_UNIFORM_KNOTS.);
#10197 = CARTESIAN_POINT('',(1.,1.));
#10198 = CARTESIAN_POINT('',(0.996837612476,1.));
#10199 = CARTESIAN_POINT('',(0.990535087099,1.));
#10200 = CARTESIAN_POINT('',(0.981145000906,1.));
#10201 = CARTESIAN_POINT('',(0.971815507501,1.));
#10202 = CARTESIAN_POINT('',(0.962543714603,1.));
#10203 = CARTESIAN_POINT('',(0.953326855826,1.));
#10204 = CARTESIAN_POINT('',(0.944162300376,1.));
#10205 = CARTESIAN_POINT('',(0.935047537156,1.));
#10206 = CARTESIAN_POINT('',(0.925980166942,1.));
#10207 = CARTESIAN_POINT('',(0.916957893474,1.));
#10208 = CARTESIAN_POINT('',(0.907978515794,1.));
#10209 = CARTESIAN_POINT('',(0.899039921097,1.));
#10210 = CARTESIAN_POINT('',(0.890140078208,1.));
#10211 = CARTESIAN_POINT('',(0.881277031576,1.));
#10212 = CARTESIAN_POINT('',(0.872448895733,1.));
#10213 = CARTESIAN_POINT('',(0.863653850174,1.));
#10214 = CARTESIAN_POINT('',(0.85489013463,1.));
#10215 = CARTESIAN_POINT('',(0.846156044641,1.));
#10216 = CARTESIAN_POINT('',(0.837449927556,1.));
#10217 = CARTESIAN_POINT('',(0.828770178393,1.));
#10218 = CARTESIAN_POINT('',(0.820115237487,1.));
#10219 = CARTESIAN_POINT('',(0.811483582637,1.));
#10220 = CARTESIAN_POINT('',(0.805743689421,1.));
#10221 = CARTESIAN_POINT('',(0.802877131042,1.));
#10222 = ( GEOMETRIC_REPRESENTATION_CONTEXT(2) 
PARAMETRIC_REPRESENTATION_CONTEXT() REPRESENTATION_CONTEXT('2D SPACE',''
  ) );
#10223 = ORIENTED_EDGE('',*,*,#10224,.T.);
#10224 = EDGE_CURVE('',#10180,#10225,#10227,.T.);
#10225 = VERTEX_POINT('',#10226);
#10226 = CARTESIAN_POINT('',(7.,-45.,77.));
#10227 = SURFACE_CURVE('',#10228,(#10232,#10239),.PCURVE_S1.);
#10228 = LINE('',#10229,#10230);
#10229 = CARTESIAN_POINT('',(7.,-45.,82.));
#10230 = VECTOR('',#10231,1.);
#10231 = DIRECTION('',(3.3E-16,0.,1.));
#10232 = PCURVE('',#1332,#10233);
#10233 = DEFINITIONAL_REPRESENTATION('',(#10234),#10238);
#10234 = LINE('',#10235,#10236);
#10235 = CARTESIAN_POINT('',(64.,79.));
#10236 = VECTOR('',#10237,1.);
#10237 = DIRECTION('',(3.3E-16,1.));
#10238 = ( GEOMETRIC_REPRESENTATION_CONTEXT(2) 
PARAMETRIC_REPRESENTATION_CONTEXT() REPRESENTATION_CONTEXT('2D SPACE',''
  ) );
#10239 = PCURVE('',#8387,#10240);
#10240 = DEFINITIONAL_REPRESENTATION('',(#10241),#10267);
#10241 = B_SPLINE_CURVE_WITH_KNOTS('',3,(#10242,#10243,#10244,#10245,
    #10246,#10247,#10248,#10249,#10250,#10251,#10252,#10253,#10254,
    #10255,#10256,#10257,#10258,#10259,#10260,#10261,#10262,#10263,
    #10264,#10265,#10266),.UNSPECIFIED.,.F.,.F.,(4,1,1,1,1,1,1,1,1,1,1,1
    ,1,1,1,1,1,1,1,1,1,1,4),(-16.86922264761,-16.32971252726,
    -15.79020240691,-15.25069228657,-14.71118216622,-14.17167204588,
    -13.63216192553,-13.09265180518,-12.55314168484,-12.01363156449,
    -11.47412144415,-10.9346113238,-10.39510120345,-9.855591083113,
    -9.316080962767,-8.776570842421,-8.237060722075,-7.697550601729,
    -7.158040481384,-6.618530361038,-6.079020240692,-5.539510120346,-5.)
  ,.QUASI_UNIFORM_KNOTS.);
#10242 = CARTESIAN_POINT('',(0.802877131042,1.));
#10243 = CARTESIAN_POINT('',(0.792009978226,1.));
#10244 = CARTESIAN_POINT('',(0.770371788049,1.));
#10245 = CARTESIAN_POINT('',(0.738132843078,1.));
#10246 = CARTESIAN_POINT('',(0.706040885092,1.));
#10247 = CARTESIAN_POINT('',(0.674029276099,1.));
#10248 = CARTESIAN_POINT('',(0.642032591999,1.));
#10249 = CARTESIAN_POINT('',(0.609985829664,1.));
#10250 = CARTESIAN_POINT('',(0.577822931505,1.));
#10251 = CARTESIAN_POINT('',(0.545475438511,1.));
#10252 = CARTESIAN_POINT('',(0.512870950586,1.));
#10253 = CARTESIAN_POINT('',(0.479931357515,1.));
#10254 = CARTESIAN_POINT('',(0.446570693151,1.));
#10255 = CARTESIAN_POINT('',(0.412692434605,1.));
#10256 = CARTESIAN_POINT('',(0.37818598682,1.));
#10257 = CARTESIAN_POINT('',(0.342921931862,1.));
#10258 = CARTESIAN_POINT('',(0.306745487725,1.));
#10259 = CARTESIAN_POINT('',(0.26946685307,1.));
#10260 = CARTESIAN_POINT('',(0.230847722959,1.));
#10261 = CARTESIAN_POINT('',(0.190576772097,1.));
#10262 = CARTESIAN_POINT('',(0.148242776997,1.));
#10263 = CARTESIAN_POINT('',(0.103237089632,1.));
#10264 = CARTESIAN_POINT('',(5.476326184205E-02,1.));
#10265 = CARTESIAN_POINT('',(1.899177126611E-02,1.));
#10266 = CARTESIAN_POINT('',(0.,1.));
#10267 = ( GEOMETRIC_REPRESENTATION_CONTEXT(2) 
PARAMETRIC_REPRESENTATION_CONTEXT() REPRESENTATION_CONTEXT('2D SPACE',''
  ) );
#10268 = ORIENTED_EDGE('',*,*,#10269,.T.);
#10269 = EDGE_CURVE('',#10225,#10270,#10272,.T.);
#10270 = VERTEX_POINT('',#10271);
#10271 = CARTESIAN_POINT('',(7.,-45.,82.));
#10272 = SURFACE_CURVE('',#10273,(#10277,#10284),.PCURVE_S1.);
#10273 = LINE('',#10274,#10275);
#10274 = CARTESIAN_POINT('',(7.,-45.,82.));
#10275 = VECTOR('',#10276,1.);
#10276 = DIRECTION('',(3.3E-16,0.,1.));
#10277 = PCURVE('',#1332,#10278);
#10278 = DEFINITIONAL_REPRESENTATION('',(#10279),#10283);
#10279 = LINE('',#10280,#10281);
#10280 = CARTESIAN_POINT('',(64.,79.));
#10281 = VECTOR('',#10282,1.);
#10282 = DIRECTION('',(3.3E-16,1.));
#10283 = ( GEOMETRIC_REPRESENTATION_CONTEXT(2) 
PARAMETRIC_REPRESENTATION_CONTEXT() REPRESENTATION_CONTEXT('2D SPACE',''
  ) );
#10284 = PCURVE('',#10285,#10290);
#10285 = PLANE('',#10286);
#10286 = AXIS2_PLACEMENT_3D('',#10287,#10288,#10289);
#10287 = CARTESIAN_POINT('',(7.,0.,82.));
#10288 = DIRECTION('',(1.,0.,-3.3E-16));
#10289 = DIRECTION('',(-3.3E-16,0.,-1.));
#10290 = DEFINITIONAL_REPRESENTATION('',(#10291),#10295);
#10291 = LINE('',#10292,#10293);
#10292 = CARTESIAN_POINT('',(-0.,-45.));
#10293 = VECTOR('',#10294,1.);
#10294 = DIRECTION('',(-1.,0.));
#10295 = ( GEOMETRIC_REPRESENTATION_CONTEXT(2) 
PARAMETRIC_REPRESENTATION_CONTEXT() REPRESENTATION_CONTEXT('2D SPACE',''
  ) );
#10296 = ORIENTED_EDGE('',*,*,#10297,.F.);
#10297 = EDGE_CURVE('',#10298,#10270,#10300,.T.);
#10298 = VERTEX_POINT('',#10299);
#10299 = CARTESIAN_POINT('',(-64.,-45.,82.));
#10300 = SURFACE_CURVE('',#10301,(#10305,#10312),.PCURVE_S1.);
#10301 = LINE('',#10302,#10303);
#10302 = CARTESIAN_POINT('',(-64.,-45.,82.));
#10303 = VECTOR('',#10304,1.);
#10304 = DIRECTION('',(1.,1.4E-16,0.));
#10305 = PCURVE('',#1332,#10306);
#10306 = DEFINITIONAL_REPRESENTATION('',(#10307),#10311);
#10307 = LINE('',#10308,#10309);
#10308 = CARTESIAN_POINT('',(-7.,79.));
#10309 = VECTOR('',#10310,1.);
#10310 = DIRECTION('',(1.,0.));
#10311 = ( GEOMETRIC_REPRESENTATION_CONTEXT(2) 
PARAMETRIC_REPRESENTATION_CONTEXT() REPRESENTATION_CONTEXT('2D SPACE',''
  ) );
#10312 = PCURVE('',#6761,#10313);
#10313 = DEFINITIONAL_REPRESENTATION('',(#10314),#10318);
#10314 = LINE('',#10315,#10316);
#10315 = CARTESIAN_POINT('',(-29.42002392982,-45.));
#10316 = VECTOR('',#10317,1.);
#10317 = DIRECTION('',(1.,1.4E-16));
#10318 = ( GEOMETRIC_REPRESENTATION_CONTEXT(2) 
PARAMETRIC_REPRESENTATION_CONTEXT() REPRESENTATION_CONTEXT('2D SPACE',''
  ) );
#10319 = ORIENTED_EDGE('',*,*,#10320,.F.);
#10320 = EDGE_CURVE('',#1317,#10298,#10321,.T.);
#10321 = SURFACE_CURVE('',#10322,(#10326,#10333),.PCURVE_S1.);
#10322 = LINE('',#10323,#10324);
#10323 = CARTESIAN_POINT('',(-64.,-45.,79.));
#10324 = VECTOR('',#10325,1.);
#10325 = DIRECTION('',(0.,0.,1.));
#10326 = PCURVE('',#1332,#10327);
#10327 = DEFINITIONAL_REPRESENTATION('',(#10328),#10332);
#10328 = LINE('',#10329,#10330);
#10329 = CARTESIAN_POINT('',(-7.,76.));
#10330 = VECTOR('',#10331,1.);
#10331 = DIRECTION('',(0.,1.));
#10332 = ( GEOMETRIC_REPRESENTATION_CONTEXT(2) 
PARAMETRIC_REPRESENTATION_CONTEXT() REPRESENTATION_CONTEXT('2D SPACE',''
  ) );
#10333 = PCURVE('',#1361,#10334);
#10334 = DEFINITIONAL_REPRESENTATION('',(#10335),#10339);
#10335 = LINE('',#10336,#10337);
#10336 = CARTESIAN_POINT('',(1.570796326795,0.));
#10337 = VECTOR('',#10338,1.);
#10338 = DIRECTION('',(0.,1.));
#10339 = ( GEOMETRIC_REPRESENTATION_CONTEXT(2) 
PARAMETRIC_REPRESENTATION_CONTEXT() REPRESENTATION_CONTEXT('2D SPACE',''
  ) );
#10340 = ORIENTED_EDGE('',*,*,#1316,.T.);
#10341 = ORIENTED_EDGE('',*,*,#10037,.F.);
#10342 = ADVANCED_FACE('',(#10343),#1474,.T.);
#10343 = FACE_BOUND('',#10344,.T.);
#10344 = EDGE_LOOP('',(#10345,#10346,#10347,#10348));
#10345 = ORIENTED_EDGE('',*,*,#2886,.F.);
#10346 = ORIENTED_EDGE('',*,*,#1957,.T.);
#10347 = ORIENTED_EDGE('',*,*,#1458,.F.);
#10348 = ORIENTED_EDGE('',*,*,#10349,.F.);
#10349 = EDGE_CURVE('',#2887,#1431,#10350,.T.);
#10350 = SURFACE_CURVE('',#10351,(#10355,#10362),.PCURVE_S1.);
#10351 = LINE('',#10352,#10353);
#10352 = CARTESIAN_POINT('',(-57.,45.,3.));
#10353 = VECTOR('',#10354,1.);
#10354 = DIRECTION('',(0.,0.,1.));
#10355 = PCURVE('',#1474,#10356);
#10356 = DEFINITIONAL_REPRESENTATION('',(#10357),#10361);
#10357 = LINE('',#10358,#10359);
#10358 = CARTESIAN_POINT('',(0.,0.));
#10359 = VECTOR('',#10360,1.);
#10360 = DIRECTION('',(0.,1.));
#10361 = ( GEOMETRIC_REPRESENTATION_CONTEXT(2) 
PARAMETRIC_REPRESENTATION_CONTEXT() REPRESENTATION_CONTEXT('2D SPACE',''
  ) );
#10362 = PCURVE('',#1446,#10363);
#10363 = DEFINITIONAL_REPRESENTATION('',(#10364),#10368);
#10364 = LINE('',#10365,#10366);
#10365 = CARTESIAN_POINT('',(21.,0.));
#10366 = VECTOR('',#10367,1.);
#10367 = DIRECTION('',(0.,1.));
#10368 = ( GEOMETRIC_REPRESENTATION_CONTEXT(2) 
PARAMETRIC_REPRESENTATION_CONTEXT() REPRESENTATION_CONTEXT('2D SPACE',''
  ) );
#10369 = ADVANCED_FACE('',(#10370),#2019,.T.);
#10370 = FACE_BOUND('',#10371,.T.);
#10371 = EDGE_LOOP('',(#10372,#10395,#10396,#10397,#10420,#10448));
#10372 = ORIENTED_EDGE('',*,*,#10373,.T.);
#10373 = EDGE_CURVE('',#10374,#2004,#10376,.T.);
#10374 = VERTEX_POINT('',#10375);
#10375 = CARTESIAN_POINT('',(-54.,39.,60.));
#10376 = SURFACE_CURVE('',#10377,(#10381,#10388),.PCURVE_S1.);
#10377 = LINE('',#10378,#10379);
#10378 = CARTESIAN_POINT('',(-54.,36.,60.));
#10379 = VECTOR('',#10380,1.);
#10380 = DIRECTION('',(0.,-1.,3.7E-16));
#10381 = PCURVE('',#2019,#10382);
#10382 = DEFINITIONAL_REPRESENTATION('',(#10383),#10387);
#10383 = LINE('',#10384,#10385);
#10384 = CARTESIAN_POINT('',(3.,57.));
#10385 = VECTOR('',#10386,1.);
#10386 = DIRECTION('',(-1.,3.7E-16));
#10387 = ( GEOMETRIC_REPRESENTATION_CONTEXT(2) 
PARAMETRIC_REPRESENTATION_CONTEXT() REPRESENTATION_CONTEXT('2D SPACE',''
  ) );
#10388 = PCURVE('',#2047,#10389);
#10389 = DEFINITIONAL_REPRESENTATION('',(#10390),#10394);
#10390 = LINE('',#10391,#10392);
#10391 = CARTESIAN_POINT('',(3.,55.));
#10392 = VECTOR('',#10393,1.);
#10393 = DIRECTION('',(1.,0.));
#10394 = ( GEOMETRIC_REPRESENTATION_CONTEXT(2) 
PARAMETRIC_REPRESENTATION_CONTEXT() REPRESENTATION_CONTEXT('2D SPACE',''
  ) );
#10395 = ORIENTED_EDGE('',*,*,#2003,.F.);
#10396 = ORIENTED_EDGE('',*,*,#2932,.F.);
#10397 = ORIENTED_EDGE('',*,*,#10398,.T.);
#10398 = EDGE_CURVE('',#2910,#10399,#10401,.T.);
#10399 = VERTEX_POINT('',#10400);
#10400 = CARTESIAN_POINT('',(-54.,45.,79.));
#10401 = SURFACE_CURVE('',#10402,(#10406,#10413),.PCURVE_S1.);
#10402 = LINE('',#10403,#10404);
#10403 = CARTESIAN_POINT('',(-54.,45.,3.));
#10404 = VECTOR('',#10405,1.);
#10405 = DIRECTION('',(0.,0.,1.));
#10406 = PCURVE('',#2019,#10407);
#10407 = DEFINITIONAL_REPRESENTATION('',(#10408),#10412);
#10408 = LINE('',#10409,#10410);
#10409 = CARTESIAN_POINT('',(12.,0.));
#10410 = VECTOR('',#10411,1.);
#10411 = DIRECTION('',(0.,1.));
#10412 = ( GEOMETRIC_REPRESENTATION_CONTEXT(2) 
PARAMETRIC_REPRESENTATION_CONTEXT() REPRESENTATION_CONTEXT('2D SPACE',''
  ) );
#10413 = PCURVE('',#1446,#10414);
#10414 = DEFINITIONAL_REPRESENTATION('',(#10415),#10419);
#10415 = LINE('',#10416,#10417);
#10416 = CARTESIAN_POINT('',(18.,0.));
#10417 = VECTOR('',#10418,1.);
#10418 = DIRECTION('',(0.,1.));
#10419 = ( GEOMETRIC_REPRESENTATION_CONTEXT(2) 
PARAMETRIC_REPRESENTATION_CONTEXT() REPRESENTATION_CONTEXT('2D SPACE',''
  ) );
#10420 = ORIENTED_EDGE('',*,*,#10421,.F.);
#10421 = EDGE_CURVE('',#10422,#10399,#10424,.T.);
#10422 = VERTEX_POINT('',#10423);
#10423 = CARTESIAN_POINT('',(-54.,39.,79.));
#10424 = SURFACE_CURVE('',#10425,(#10429,#10436),.PCURVE_S1.);
#10425 = LINE('',#10426,#10427);
#10426 = CARTESIAN_POINT('',(-54.,45.,79.));
#10427 = VECTOR('',#10428,1.);
#10428 = DIRECTION('',(0.,1.,0.));
#10429 = PCURVE('',#2019,#10430);
#10430 = DEFINITIONAL_REPRESENTATION('',(#10431),#10435);
#10431 = LINE('',#10432,#10433);
#10432 = CARTESIAN_POINT('',(12.,76.));
#10433 = VECTOR('',#10434,1.);
#10434 = DIRECTION('',(1.,0.));
#10435 = ( GEOMETRIC_REPRESENTATION_CONTEXT(2) 
PARAMETRIC_REPRESENTATION_CONTEXT() REPRESENTATION_CONTEXT('2D SPACE',''
  ) );
#10436 = PCURVE('',#10437,#10442);
#10437 = PLANE('',#10438);
#10438 = AXIS2_PLACEMENT_3D('',#10439,#10440,#10441);
#10439 = CARTESIAN_POINT('',(-34.57997607017,-5.1E-15,79.));
#10440 = DIRECTION('',(0.,0.,1.));
#10441 = DIRECTION('',(1.,0.,-0.));
#10442 = DEFINITIONAL_REPRESENTATION('',(#10443),#10447);
#10443 = LINE('',#10444,#10445);
#10444 = CARTESIAN_POINT('',(-19.42002392982,45.));
#10445 = VECTOR('',#10446,1.);
#10446 = DIRECTION('',(0.,1.));
#10447 = ( GEOMETRIC_REPRESENTATION_CONTEXT(2) 
PARAMETRIC_REPRESENTATION_CONTEXT() REPRESENTATION_CONTEXT('2D SPACE',''
  ) );
#10448 = ORIENTED_EDGE('',*,*,#10449,.T.);
#10449 = EDGE_CURVE('',#10422,#10374,#10450,.T.);
#10450 = SURFACE_CURVE('',#10451,(#10455,#10462),.PCURVE_S1.);
#10451 = LINE('',#10452,#10453);
#10452 = CARTESIAN_POINT('',(-54.,39.,41.5));
#10453 = VECTOR('',#10454,1.);
#10454 = DIRECTION('',(0.,-0.,-1.));
#10455 = PCURVE('',#2019,#10456);
#10456 = DEFINITIONAL_REPRESENTATION('',(#10457),#10461);
#10457 = LINE('',#10458,#10459);
#10458 = CARTESIAN_POINT('',(6.,38.5));
#10459 = VECTOR('',#10460,1.);
#10460 = DIRECTION('',(-0.,-1.));
#10461 = ( GEOMETRIC_REPRESENTATION_CONTEXT(2) 
PARAMETRIC_REPRESENTATION_CONTEXT() REPRESENTATION_CONTEXT('2D SPACE',''
  ) );
#10462 = PCURVE('',#10463,#10468);
#10463 = PLANE('',#10464);
#10464 = AXIS2_PLACEMENT_3D('',#10465,#10466,#10467);
#10465 = CARTESIAN_POINT('',(1.,39.,80.));
#10466 = DIRECTION('',(-0.,1.,-0.));
#10467 = DIRECTION('',(-3.9E-16,-0.,-1.));
#10468 = DEFINITIONAL_REPRESENTATION('',(#10469),#10473);
#10469 = LINE('',#10470,#10471);
#10470 = CARTESIAN_POINT('',(38.5,55.));
#10471 = VECTOR('',#10472,1.);
#10472 = DIRECTION('',(1.,-3.9E-16));
#10473 = ( GEOMETRIC_REPRESENTATION_CONTEXT(2) 
PARAMETRIC_REPRESENTATION_CONTEXT() REPRESENTATION_CONTEXT('2D SPACE',''
  ) );
#10474 = ADVANCED_FACE('',(#10475),#1446,.T.);
#10475 = FACE_BOUND('',#10476,.T.);
#10476 = EDGE_LOOP('',(#10477,#10478,#10501,#10522,#10523,#10524,#10525,
    #10526,#10549,#10572,#10595,#10638,#10661,#10689,#10710,#10711));
#10477 = ORIENTED_EDGE('',*,*,#3712,.F.);
#10478 = ORIENTED_EDGE('',*,*,#10479,.T.);
#10479 = EDGE_CURVE('',#3690,#10480,#10482,.T.);
#10480 = VERTEX_POINT('',#10481);
#10481 = CARTESIAN_POINT('',(-39.,45.,79.));
#10482 = SURFACE_CURVE('',#10483,(#10487,#10494),.PCURVE_S1.);
#10483 = LINE('',#10484,#10485);
#10484 = CARTESIAN_POINT('',(-39.,45.,3.));
#10485 = VECTOR('',#10486,1.);
#10486 = DIRECTION('',(0.,0.,1.));
#10487 = PCURVE('',#1446,#10488);
#10488 = DEFINITIONAL_REPRESENTATION('',(#10489),#10493);
#10489 = LINE('',#10490,#10491);
#10490 = CARTESIAN_POINT('',(3.,0.));
#10491 = VECTOR('',#10492,1.);
#10492 = DIRECTION('',(0.,1.));
#10493 = ( GEOMETRIC_REPRESENTATION_CONTEXT(2) 
PARAMETRIC_REPRESENTATION_CONTEXT() REPRESENTATION_CONTEXT('2D SPACE',''
  ) );
#10494 = PCURVE('',#2075,#10495);
#10495 = DEFINITIONAL_REPRESENTATION('',(#10496),#10500);
#10496 = LINE('',#10497,#10498);
#10497 = CARTESIAN_POINT('',(0.,0.));
#10498 = VECTOR('',#10499,1.);
#10499 = DIRECTION('',(0.,1.));
#10500 = ( GEOMETRIC_REPRESENTATION_CONTEXT(2) 
PARAMETRIC_REPRESENTATION_CONTEXT() REPRESENTATION_CONTEXT('2D SPACE',''
  ) );
#10501 = ORIENTED_EDGE('',*,*,#10502,.T.);
#10502 = EDGE_CURVE('',#10480,#10399,#10503,.T.);
#10503 = SURFACE_CURVE('',#10504,(#10508,#10515),.PCURVE_S1.);
#10504 = LINE('',#10505,#10506);
#10505 = CARTESIAN_POINT('',(1.,45.,79.));
#10506 = VECTOR('',#10507,1.);
#10507 = DIRECTION('',(-1.,1.4E-16,0.));
#10508 = PCURVE('',#1446,#10509);
#10509 = DEFINITIONAL_REPRESENTATION('',(#10510),#10514);
#10510 = LINE('',#10511,#10512);
#10511 = CARTESIAN_POINT('',(-37.,76.));
#10512 = VECTOR('',#10513,1.);
#10513 = DIRECTION('',(1.,0.));
#10514 = ( GEOMETRIC_REPRESENTATION_CONTEXT(2) 
PARAMETRIC_REPRESENTATION_CONTEXT() REPRESENTATION_CONTEXT('2D SPACE',''
  ) );
#10515 = PCURVE('',#10437,#10516);
#10516 = DEFINITIONAL_REPRESENTATION('',(#10517),#10521);
#10517 = LINE('',#10518,#10519);
#10518 = CARTESIAN_POINT('',(35.579976070174,45.));
#10519 = VECTOR('',#10520,1.);
#10520 = DIRECTION('',(-1.,1.4E-16));
#10521 = ( GEOMETRIC_REPRESENTATION_CONTEXT(2) 
PARAMETRIC_REPRESENTATION_CONTEXT() REPRESENTATION_CONTEXT('2D SPACE',''
  ) );
#10522 = ORIENTED_EDGE('',*,*,#10398,.F.);
#10523 = ORIENTED_EDGE('',*,*,#2909,.F.);
#10524 = ORIENTED_EDGE('',*,*,#10349,.T.);
#10525 = ORIENTED_EDGE('',*,*,#1430,.T.);
#10526 = ORIENTED_EDGE('',*,*,#10527,.T.);
#10527 = EDGE_CURVE('',#1402,#10528,#10530,.T.);
#10528 = VERTEX_POINT('',#10529);
#10529 = CARTESIAN_POINT('',(-64.,45.,82.));
#10530 = SURFACE_CURVE('',#10531,(#10535,#10542),.PCURVE_S1.);
#10531 = LINE('',#10532,#10533);
#10532 = CARTESIAN_POINT('',(-64.,45.,79.));
#10533 = VECTOR('',#10534,1.);
#10534 = DIRECTION('',(0.,0.,1.));
#10535 = PCURVE('',#1446,#10536);
#10536 = DEFINITIONAL_REPRESENTATION('',(#10537),#10541);
#10537 = LINE('',#10538,#10539);
#10538 = CARTESIAN_POINT('',(28.,76.));
#10539 = VECTOR('',#10540,1.);
#10540 = DIRECTION('',(0.,1.));
#10541 = ( GEOMETRIC_REPRESENTATION_CONTEXT(2) 
PARAMETRIC_REPRESENTATION_CONTEXT() REPRESENTATION_CONTEXT('2D SPACE',''
  ) );
#10542 = PCURVE('',#1418,#10543);
#10543 = DEFINITIONAL_REPRESENTATION('',(#10544),#10548);
#10544 = LINE('',#10545,#10546);
#10545 = CARTESIAN_POINT('',(0.,0.));
#10546 = VECTOR('',#10547,1.);
#10547 = DIRECTION('',(0.,1.));
#10548 = ( GEOMETRIC_REPRESENTATION_CONTEXT(2) 
PARAMETRIC_REPRESENTATION_CONTEXT() REPRESENTATION_CONTEXT('2D SPACE',''
  ) );
#10549 = ORIENTED_EDGE('',*,*,#10550,.T.);
#10550 = EDGE_CURVE('',#10528,#10551,#10553,.T.);
#10551 = VERTEX_POINT('',#10552);
#10552 = CARTESIAN_POINT('',(7.,45.,82.));
#10553 = SURFACE_CURVE('',#10554,(#10558,#10565),.PCURVE_S1.);
#10554 = LINE('',#10555,#10556);
#10555 = CARTESIAN_POINT('',(1.,45.,82.));
#10556 = VECTOR('',#10557,1.);
#10557 = DIRECTION('',(1.,0.,0.));
#10558 = PCURVE('',#1446,#10559);
#10559 = DEFINITIONAL_REPRESENTATION('',(#10560),#10564);
#10560 = LINE('',#10561,#10562);
#10561 = CARTESIAN_POINT('',(-37.,79.));
#10562 = VECTOR('',#10563,1.);
#10563 = DIRECTION('',(-1.,0.));
#10564 = ( GEOMETRIC_REPRESENTATION_CONTEXT(2) 
PARAMETRIC_REPRESENTATION_CONTEXT() REPRESENTATION_CONTEXT('2D SPACE',''
  ) );
#10565 = PCURVE('',#6761,#10566);
#10566 = DEFINITIONAL_REPRESENTATION('',(#10567),#10571);
#10567 = LINE('',#10568,#10569);
#10568 = CARTESIAN_POINT('',(35.579976070174,45.));
#10569 = VECTOR('',#10570,1.);
#10570 = DIRECTION('',(1.,0.));
#10571 = ( GEOMETRIC_REPRESENTATION_CONTEXT(2) 
PARAMETRIC_REPRESENTATION_CONTEXT() REPRESENTATION_CONTEXT('2D SPACE',''
  ) );
#10572 = ORIENTED_EDGE('',*,*,#10573,.T.);
#10573 = EDGE_CURVE('',#10551,#10574,#10576,.T.);
#10574 = VERTEX_POINT('',#10575);
#10575 = CARTESIAN_POINT('',(7.,45.,77.));
#10576 = SURFACE_CURVE('',#10577,(#10581,#10588),.PCURVE_S1.);
#10577 = LINE('',#10578,#10579);
#10578 = CARTESIAN_POINT('',(7.,45.,82.));
#10579 = VECTOR('',#10580,1.);
#10580 = DIRECTION('',(-3.3E-16,0.,-1.));
#10581 = PCURVE('',#1446,#10582);
#10582 = DEFINITIONAL_REPRESENTATION('',(#10583),#10587);
#10583 = LINE('',#10584,#10585);
#10584 = CARTESIAN_POINT('',(-43.,79.));
#10585 = VECTOR('',#10586,1.);
#10586 = DIRECTION('',(3.3E-16,-1.));
#10587 = ( GEOMETRIC_REPRESENTATION_CONTEXT(2) 
PARAMETRIC_REPRESENTATION_CONTEXT() REPRESENTATION_CONTEXT('2D SPACE',''
  ) );
#10588 = PCURVE('',#10285,#10589);
#10589 = DEFINITIONAL_REPRESENTATION('',(#10590),#10594);
#10590 = LINE('',#10591,#10592);
#10591 = CARTESIAN_POINT('',(0.,45.));
#10592 = VECTOR('',#10593,1.);
#10593 = DIRECTION('',(1.,0.));
#10594 = ( GEOMETRIC_REPRESENTATION_CONTEXT(2) 
PARAMETRIC_REPRESENTATION_CONTEXT() REPRESENTATION_CONTEXT('2D SPACE',''
  ) );
#10595 = ORIENTED_EDGE('',*,*,#10596,.T.);
#10596 = EDGE_CURVE('',#10574,#8272,#10597,.T.);
#10597 = SURFACE_CURVE('',#10598,(#10602,#10609),.PCURVE_S1.);
#10598 = LINE('',#10599,#10600);
#10599 = CARTESIAN_POINT('',(7.,45.,82.));
#10600 = VECTOR('',#10601,1.);
#10601 = DIRECTION('',(-3.3E-16,0.,-1.));
#10602 = PCURVE('',#1446,#10603);
#10603 = DEFINITIONAL_REPRESENTATION('',(#10604),#10608);
#10604 = LINE('',#10605,#10606);
#10605 = CARTESIAN_POINT('',(-43.,79.));
#10606 = VECTOR('',#10607,1.);
#10607 = DIRECTION('',(3.3E-16,-1.));
#10608 = ( GEOMETRIC_REPRESENTATION_CONTEXT(2) 
PARAMETRIC_REPRESENTATION_CONTEXT() REPRESENTATION_CONTEXT('2D SPACE',''
  ) );
#10609 = PCURVE('',#8294,#10610);
#10610 = DEFINITIONAL_REPRESENTATION('',(#10611),#10637);
#10611 = B_SPLINE_CURVE_WITH_KNOTS('',3,(#10612,#10613,#10614,#10615,
    #10616,#10617,#10618,#10619,#10620,#10621,#10622,#10623,#10624,
    #10625,#10626,#10627,#10628,#10629,#10630,#10631,#10632,#10633,
    #10634,#10635,#10636),.UNSPECIFIED.,.F.,.F.,(4,1,1,1,1,1,1,1,1,1,1,1
    ,1,1,1,1,1,1,1,1,1,1,4),(5.,5.681818181818,6.363636363636,
    7.045454545454,7.727272727273,8.409090909091,9.090909090909,
    9.772727272727,10.454545454545,11.136363636364,11.818181818182,12.5,
    13.181818181818,13.863636363636,14.545454545455,15.227272727273,
    15.909090909091,16.590909090909,17.272727272727,17.954545454545,
    18.636363636364,19.318181818182,20.),.QUASI_UNIFORM_KNOTS.);
#10612 = CARTESIAN_POINT('',(1.,1.));
#10613 = CARTESIAN_POINT('',(0.97607082533,1.));
#10614 = CARTESIAN_POINT('',(0.93155187118,1.));
#10615 = CARTESIAN_POINT('',(0.872366550373,1.));
#10616 = CARTESIAN_POINT('',(0.817850827121,1.));
#10617 = CARTESIAN_POINT('',(0.766825720538,1.));
#10618 = CARTESIAN_POINT('',(0.718388468662,1.));
#10619 = CARTESIAN_POINT('',(0.671958330959,1.));
#10620 = CARTESIAN_POINT('',(0.627100207993,1.));
#10621 = CARTESIAN_POINT('',(0.583485171518,1.));
#10622 = CARTESIAN_POINT('',(0.540851172754,1.));
#10623 = CARTESIAN_POINT('',(0.498982905873,1.));
#10624 = CARTESIAN_POINT('',(0.45769723415,1.));
#10625 = CARTESIAN_POINT('',(0.416833381656,1.));
#10626 = CARTESIAN_POINT('',(0.376245624054,1.));
#10627 = CARTESIAN_POINT('',(0.335797605225,1.));
#10628 = CARTESIAN_POINT('',(0.2953575688,1.));
#10629 = CARTESIAN_POINT('',(0.254794009935,1.));
#10630 = CARTESIAN_POINT('',(0.213971400333,1.));
#10631 = CARTESIAN_POINT('',(0.172745348229,1.));
#10632 = CARTESIAN_POINT('',(0.130957600487,1.));
#10633 = CARTESIAN_POINT('',(8.84269527998E-02,1.));
#10634 = CARTESIAN_POINT('',(4.494737483077E-02,1.));
#10635 = CARTESIAN_POINT('',(1.514642088934E-02,1.));
#10636 = CARTESIAN_POINT('',(0.,1.));
#10637 = ( GEOMETRIC_REPRESENTATION_CONTEXT(2) 
PARAMETRIC_REPRESENTATION_CONTEXT() REPRESENTATION_CONTEXT('2D SPACE',''
  ) );
#10638 = ORIENTED_EDGE('',*,*,#10639,.T.);
#10639 = EDGE_CURVE('',#8272,#10640,#10642,.T.);
#10640 = VERTEX_POINT('',#10641);
#10641 = CARTESIAN_POINT('',(1.,45.,62.));
#10642 = SURFACE_CURVE('',#10643,(#10647,#10654),.PCURVE_S1.);
#10643 = LINE('',#10644,#10645);
#10644 = CARTESIAN_POINT('',(7.,45.,62.));
#10645 = VECTOR('',#10646,1.);
#10646 = DIRECTION('',(-1.,0.,0.));
#10647 = PCURVE('',#1446,#10648);
#10648 = DEFINITIONAL_REPRESENTATION('',(#10649),#10653);
#10649 = LINE('',#10650,#10651);
#10650 = CARTESIAN_POINT('',(-43.,59.));
#10651 = VECTOR('',#10652,1.);
#10652 = DIRECTION('',(1.,0.));
#10653 = ( GEOMETRIC_REPRESENTATION_CONTEXT(2) 
PARAMETRIC_REPRESENTATION_CONTEXT() REPRESENTATION_CONTEXT('2D SPACE',''
  ) );
#10654 = PCURVE('',#72,#10655);
#10655 = DEFINITIONAL_REPRESENTATION('',(#10656),#10660);
#10656 = LINE('',#10657,#10658);
#10657 = CARTESIAN_POINT('',(0.,45.));
#10658 = VECTOR('',#10659,1.);
#10659 = DIRECTION('',(1.,0.));
#10660 = ( GEOMETRIC_REPRESENTATION_CONTEXT(2) 
PARAMETRIC_REPRESENTATION_CONTEXT() REPRESENTATION_CONTEXT('2D SPACE',''
  ) );
#10661 = ORIENTED_EDGE('',*,*,#10662,.T.);
#10662 = EDGE_CURVE('',#10640,#10663,#10665,.T.);
#10663 = VERTEX_POINT('',#10664);
#10664 = CARTESIAN_POINT('',(1.,45.,79.));
#10665 = SURFACE_CURVE('',#10666,(#10670,#10677),.PCURVE_S1.);
#10666 = LINE('',#10667,#10668);
#10667 = CARTESIAN_POINT('',(1.,45.,62.));
#10668 = VECTOR('',#10669,1.);
#10669 = DIRECTION('',(3.9E-16,0.,1.));
#10670 = PCURVE('',#1446,#10671);
#10671 = DEFINITIONAL_REPRESENTATION('',(#10672),#10676);
#10672 = LINE('',#10673,#10674);
#10673 = CARTESIAN_POINT('',(-37.,59.));
#10674 = VECTOR('',#10675,1.);
#10675 = DIRECTION('',(-3.9E-16,1.));
#10676 = ( GEOMETRIC_REPRESENTATION_CONTEXT(2) 
PARAMETRIC_REPRESENTATION_CONTEXT() REPRESENTATION_CONTEXT('2D SPACE',''
  ) );
#10677 = PCURVE('',#10678,#10683);
#10678 = PLANE('',#10679);
#10679 = AXIS2_PLACEMENT_3D('',#10680,#10681,#10682);
#10680 = CARTESIAN_POINT('',(1.,0.,62.));
#10681 = DIRECTION('',(-1.,0.,3.9E-16));
#10682 = DIRECTION('',(3.9E-16,0.,1.));
#10683 = DEFINITIONAL_REPRESENTATION('',(#10684),#10688);
#10684 = LINE('',#10685,#10686);
#10685 = CARTESIAN_POINT('',(0.,45.));
#10686 = VECTOR('',#10687,1.);
#10687 = DIRECTION('',(1.,0.));
#10688 = ( GEOMETRIC_REPRESENTATION_CONTEXT(2) 
PARAMETRIC_REPRESENTATION_CONTEXT() REPRESENTATION_CONTEXT('2D SPACE',''
  ) );
#10689 = ORIENTED_EDGE('',*,*,#10690,.T.);
#10690 = EDGE_CURVE('',#10663,#6167,#10691,.T.);
#10691 = SURFACE_CURVE('',#10692,(#10696,#10703),.PCURVE_S1.);
#10692 = LINE('',#10693,#10694);
#10693 = CARTESIAN_POINT('',(1.,45.,79.));
#10694 = VECTOR('',#10695,1.);
#10695 = DIRECTION('',(-1.,1.4E-16,0.));
#10696 = PCURVE('',#1446,#10697);
#10697 = DEFINITIONAL_REPRESENTATION('',(#10698),#10702);
#10698 = LINE('',#10699,#10700);
#10699 = CARTESIAN_POINT('',(-37.,76.));
#10700 = VECTOR('',#10701,1.);
#10701 = DIRECTION('',(1.,0.));
#10702 = ( GEOMETRIC_REPRESENTATION_CONTEXT(2) 
PARAMETRIC_REPRESENTATION_CONTEXT() REPRESENTATION_CONTEXT('2D SPACE',''
  ) );
#10703 = PCURVE('',#6205,#10704);
#10704 = DEFINITIONAL_REPRESENTATION('',(#10705),#10709);
#10705 = LINE('',#10706,#10707);
#10706 = CARTESIAN_POINT('',(35.579976070174,45.));
#10707 = VECTOR('',#10708,1.);
#10708 = DIRECTION('',(-1.,1.4E-16));
#10709 = ( GEOMETRIC_REPRESENTATION_CONTEXT(2) 
PARAMETRIC_REPRESENTATION_CONTEXT() REPRESENTATION_CONTEXT('2D SPACE',''
  ) );
#10710 = ORIENTED_EDGE('',*,*,#6166,.F.);
#10711 = ORIENTED_EDGE('',*,*,#6139,.F.);
#10712 = ADVANCED_FACE('',(#10713),#686,.F.);
#10713 = FACE_BOUND('',#10714,.T.);
#10714 = EDGE_LOOP('',(#10715,#10716,#10737,#10738));
#10715 = ORIENTED_EDGE('',*,*,#670,.T.);
#10716 = ORIENTED_EDGE('',*,*,#10717,.F.);
#10717 = EDGE_CURVE('',#10113,#643,#10718,.T.);
#10718 = SURFACE_CURVE('',#10719,(#10723,#10730),.PCURVE_S1.);
#10719 = LINE('',#10720,#10721);
#10720 = CARTESIAN_POINT('',(1.,-45.,79.));
#10721 = VECTOR('',#10722,1.);
#10722 = DIRECTION('',(-1.E-16,1.,0.));
#10723 = PCURVE('',#686,#10724);
#10724 = DEFINITIONAL_REPRESENTATION('',(#10725),#10729);
#10725 = LINE('',#10726,#10727);
#10726 = CARTESIAN_POINT('',(35.579976070174,-45.));
#10727 = VECTOR('',#10728,1.);
#10728 = DIRECTION('',(-1.E-16,1.));
#10729 = ( GEOMETRIC_REPRESENTATION_CONTEXT(2) 
PARAMETRIC_REPRESENTATION_CONTEXT() REPRESENTATION_CONTEXT('2D SPACE',''
  ) );
#10730 = PCURVE('',#658,#10731);
#10731 = DEFINITIONAL_REPRESENTATION('',(#10732),#10736);
#10732 = LINE('',#10733,#10734);
#10733 = CARTESIAN_POINT('',(17.,-45.));
#10734 = VECTOR('',#10735,1.);
#10735 = DIRECTION('',(-3.9E-32,1.));
#10736 = ( GEOMETRIC_REPRESENTATION_CONTEXT(2) 
PARAMETRIC_REPRESENTATION_CONTEXT() REPRESENTATION_CONTEXT('2D SPACE',''
  ) );
#10737 = ORIENTED_EDGE('',*,*,#10112,.F.);
#10738 = ORIENTED_EDGE('',*,*,#9986,.T.);
#10739 = ADVANCED_FACE('',(#10740,#10744,#10748,#10752,#10756,#10860,
    #10964),#6761,.T.);
#10740 = FACE_BOUND('',#10741,.T.);
#10741 = EDGE_LOOP('',(#10742,#10743));
#10742 = ORIENTED_EDGE('',*,*,#6742,.T.);
#10743 = ORIENTED_EDGE('',*,*,#6799,.T.);
#10744 = FACE_BOUND('',#10745,.T.);
#10745 = EDGE_LOOP('',(#10746,#10747));
#10746 = ORIENTED_EDGE('',*,*,#6828,.T.);
#10747 = ORIENTED_EDGE('',*,*,#6880,.T.);
#10748 = FACE_BOUND('',#10749,.T.);
#10749 = EDGE_LOOP('',(#10750,#10751));
#10750 = ORIENTED_EDGE('',*,*,#6909,.T.);
#10751 = ORIENTED_EDGE('',*,*,#6961,.T.);
#10752 = FACE_BOUND('',#10753,.T.);
#10753 = EDGE_LOOP('',(#10754,#10755));
#10754 = ORIENTED_EDGE('',*,*,#6990,.T.);
#10755 = ORIENTED_EDGE('',*,*,#7042,.T.);
#10756 = FACE_BOUND('',#10757,.T.);
#10757 = EDGE_LOOP('',(#10758,#10788,#10811,#10839));
#10758 = ORIENTED_EDGE('',*,*,#10759,.T.);
#10759 = EDGE_CURVE('',#10760,#10762,#10764,.T.);
#10760 = VERTEX_POINT('',#10761);
#10761 = CARTESIAN_POINT('',(-5.,22.5,82.));
#10762 = VERTEX_POINT('',#10763);
#10763 = CARTESIAN_POINT('',(-5.,17.5,82.));
#10764 = SURFACE_CURVE('',#10765,(#10770,#10781),.PCURVE_S1.);
#10765 = CIRCLE('',#10766,2.5);
#10766 = AXIS2_PLACEMENT_3D('',#10767,#10768,#10769);
#10767 = CARTESIAN_POINT('',(-5.,20.,82.));
#10768 = DIRECTION('',(0.,0.,-1.));
#10769 = DIRECTION('',(0.,-1.,0.));
#10770 = PCURVE('',#6761,#10771);
#10771 = DEFINITIONAL_REPRESENTATION('',(#10772),#10780);
#10772 = ( BOUNDED_CURVE() B_SPLINE_CURVE(2,(#10773,#10774,#10775,#10776
    ,#10777,#10778,#10779),.UNSPECIFIED.,.T.,.F.) 
B_SPLINE_CURVE_WITH_KNOTS((1,2,2,2,2,1),(-2.094395102393,0.,
    2.094395102393,4.188790204786,6.28318530718,8.377580409573),
.UNSPECIFIED.) CURVE() GEOMETRIC_REPRESENTATION_ITEM() 
RATIONAL_B_SPLINE_CURVE((1.,0.5,1.,0.5,1.,0.5,1.)) REPRESENTATION_ITEM(
  '') );
#10773 = CARTESIAN_POINT('',(29.579976070174,17.5));
#10774 = CARTESIAN_POINT('',(25.249849051252,17.5));
#10775 = CARTESIAN_POINT('',(27.414912560713,21.25));
#10776 = CARTESIAN_POINT('',(29.579976070174,25.));
#10777 = CARTESIAN_POINT('',(31.745039579635,21.25));
#10778 = CARTESIAN_POINT('',(33.910103089096,17.5));
#10779 = CARTESIAN_POINT('',(29.579976070174,17.5));
#10780 = ( GEOMETRIC_REPRESENTATION_CONTEXT(2) 
PARAMETRIC_REPRESENTATION_CONTEXT() REPRESENTATION_CONTEXT('2D SPACE',''
  ) );
#10781 = PCURVE('',#927,#10782);
#10782 = DEFINITIONAL_REPRESENTATION('',(#10783),#10787);
#10783 = LINE('',#10784,#10785);
#10784 = CARTESIAN_POINT('',(0.,0.));
#10785 = VECTOR('',#10786,1.);
#10786 = DIRECTION('',(1.,0.));
#10787 = ( GEOMETRIC_REPRESENTATION_CONTEXT(2) 
PARAMETRIC_REPRESENTATION_CONTEXT() REPRESENTATION_CONTEXT('2D SPACE',''
  ) );
#10788 = ORIENTED_EDGE('',*,*,#10789,.T.);
#10789 = EDGE_CURVE('',#10762,#10790,#10792,.T.);
#10790 = VERTEX_POINT('',#10791);
#10791 = CARTESIAN_POINT('',(-70.,17.5,82.));
#10792 = SURFACE_CURVE('',#10793,(#10797,#10804),.PCURVE_S1.);
#10793 = LINE('',#10794,#10795);
#10794 = CARTESIAN_POINT('',(-19.78998803508,17.5,82.));
#10795 = VECTOR('',#10796,1.);
#10796 = DIRECTION('',(-1.,-1.7E-16,0.));
#10797 = PCURVE('',#6761,#10798);
#10798 = DEFINITIONAL_REPRESENTATION('',(#10799),#10803);
#10799 = LINE('',#10800,#10801);
#10800 = CARTESIAN_POINT('',(14.789988035087,17.5));
#10801 = VECTOR('',#10802,1.);
#10802 = DIRECTION('',(-1.,-1.7E-16));
#10803 = ( GEOMETRIC_REPRESENTATION_CONTEXT(2) 
PARAMETRIC_REPRESENTATION_CONTEXT() REPRESENTATION_CONTEXT('2D SPACE',''
  ) );
#10804 = PCURVE('',#1010,#10805);
#10805 = DEFINITIONAL_REPRESENTATION('',(#10806),#10810);
#10806 = LINE('',#10807,#10808);
#10807 = CARTESIAN_POINT('',(14.789988035087,0.));
#10808 = VECTOR('',#10809,1.);
#10809 = DIRECTION('',(1.,0.));
#10810 = ( GEOMETRIC_REPRESENTATION_CONTEXT(2) 
PARAMETRIC_REPRESENTATION_CONTEXT() REPRESENTATION_CONTEXT('2D SPACE',''
  ) );
#10811 = ORIENTED_EDGE('',*,*,#10812,.T.);
#10812 = EDGE_CURVE('',#10790,#10813,#10815,.T.);
#10813 = VERTEX_POINT('',#10814);
#10814 = CARTESIAN_POINT('',(-70.,22.5,82.));
#10815 = SURFACE_CURVE('',#10816,(#10821,#10832),.PCURVE_S1.);
#10816 = CIRCLE('',#10817,2.5);
#10817 = AXIS2_PLACEMENT_3D('',#10818,#10819,#10820);
#10818 = CARTESIAN_POINT('',(-70.,20.,82.));
#10819 = DIRECTION('',(0.,0.,-1.));
#10820 = DIRECTION('',(0.,1.,0.));
#10821 = PCURVE('',#6761,#10822);
#10822 = DEFINITIONAL_REPRESENTATION('',(#10823),#10831);
#10823 = ( BOUNDED_CURVE() B_SPLINE_CURVE(2,(#10824,#10825,#10826,#10827
    ,#10828,#10829,#10830),.UNSPECIFIED.,.T.,.F.) 
B_SPLINE_CURVE_WITH_KNOTS((1,2,2,2,2,1),(-2.094395102393,0.,
    2.094395102393,4.188790204786,6.28318530718,8.377580409573),
.UNSPECIFIED.) CURVE() GEOMETRIC_REPRESENTATION_ITEM() 
RATIONAL_B_SPLINE_CURVE((1.,0.5,1.,0.5,1.,0.5,1.)) REPRESENTATION_ITEM(
  '') );
#10824 = CARTESIAN_POINT('',(-35.42002392982,22.5));
#10825 = CARTESIAN_POINT('',(-31.0898969109,22.5));
#10826 = CARTESIAN_POINT('',(-33.25496042036,18.75));
#10827 = CARTESIAN_POINT('',(-35.42002392982,15.));
#10828 = CARTESIAN_POINT('',(-37.58508743928,18.75));
#10829 = CARTESIAN_POINT('',(-39.75015094874,22.5));
#10830 = CARTESIAN_POINT('',(-35.42002392982,22.5));
#10831 = ( GEOMETRIC_REPRESENTATION_CONTEXT(2) 
PARAMETRIC_REPRESENTATION_CONTEXT() REPRESENTATION_CONTEXT('2D SPACE',''
  ) );
#10832 = PCURVE('',#984,#10833);
#10833 = DEFINITIONAL_REPRESENTATION('',(#10834),#10838);
#10834 = LINE('',#10835,#10836);
#10835 = CARTESIAN_POINT('',(0.,0.));
#10836 = VECTOR('',#10837,1.);
#10837 = DIRECTION('',(1.,0.));
#10838 = ( GEOMETRIC_REPRESENTATION_CONTEXT(2) 
PARAMETRIC_REPRESENTATION_CONTEXT() REPRESENTATION_CONTEXT('2D SPACE',''
  ) );
#10839 = ORIENTED_EDGE('',*,*,#10840,.T.);
#10840 = EDGE_CURVE('',#10813,#10760,#10841,.T.);
#10841 = SURFACE_CURVE('',#10842,(#10846,#10853),.PCURVE_S1.);
#10842 = LINE('',#10843,#10844);
#10843 = CARTESIAN_POINT('',(-52.28998803508,22.5,82.));
#10844 = VECTOR('',#10845,1.);
#10845 = DIRECTION('',(1.,2.E-16,0.));
#10846 = PCURVE('',#6761,#10847);
#10847 = DEFINITIONAL_REPRESENTATION('',(#10848),#10852);
#10848 = LINE('',#10849,#10850);
#10849 = CARTESIAN_POINT('',(-17.71001196491,22.5));
#10850 = VECTOR('',#10851,1.);
#10851 = DIRECTION('',(1.,2.E-16));
#10852 = ( GEOMETRIC_REPRESENTATION_CONTEXT(2) 
PARAMETRIC_REPRESENTATION_CONTEXT() REPRESENTATION_CONTEXT('2D SPACE',''
  ) );
#10853 = PCURVE('',#955,#10854);
#10854 = DEFINITIONAL_REPRESENTATION('',(#10855),#10859);
#10855 = LINE('',#10856,#10857);
#10856 = CARTESIAN_POINT('',(17.710011964913,0.));
#10857 = VECTOR('',#10858,1.);
#10858 = DIRECTION('',(1.,0.));
#10859 = ( GEOMETRIC_REPRESENTATION_CONTEXT(2) 
PARAMETRIC_REPRESENTATION_CONTEXT() REPRESENTATION_CONTEXT('2D SPACE',''
  ) );
#10860 = FACE_BOUND('',#10861,.T.);
#10861 = EDGE_LOOP('',(#10862,#10892,#10915,#10943));
#10862 = ORIENTED_EDGE('',*,*,#10863,.T.);
#10863 = EDGE_CURVE('',#10864,#10866,#10868,.T.);
#10864 = VERTEX_POINT('',#10865);
#10865 = CARTESIAN_POINT('',(-70.,-25.5,82.));
#10866 = VERTEX_POINT('',#10867);
#10867 = CARTESIAN_POINT('',(-70.,-20.5,82.));
#10868 = SURFACE_CURVE('',#10869,(#10874,#10885),.PCURVE_S1.);
#10869 = CIRCLE('',#10870,2.5);
#10870 = AXIS2_PLACEMENT_3D('',#10871,#10872,#10873);
#10871 = CARTESIAN_POINT('',(-70.,-23.,82.));
#10872 = DIRECTION('',(0.,0.,-1.));
#10873 = DIRECTION('',(0.,-1.,0.));
#10874 = PCURVE('',#6761,#10875);
#10875 = DEFINITIONAL_REPRESENTATION('',(#10876),#10884);
#10876 = ( BOUNDED_CURVE() B_SPLINE_CURVE(2,(#10877,#10878,#10879,#10880
    ,#10881,#10882,#10883),.UNSPECIFIED.,.T.,.F.) 
B_SPLINE_CURVE_WITH_KNOTS((1,2,2,2,2,1),(-2.094395102393,0.,
    2.094395102393,4.188790204786,6.28318530718,8.377580409573),
.UNSPECIFIED.) CURVE() GEOMETRIC_REPRESENTATION_ITEM() 
RATIONAL_B_SPLINE_CURVE((1.,0.5,1.,0.5,1.,0.5,1.)) REPRESENTATION_ITEM(
  '') );
#10877 = CARTESIAN_POINT('',(-35.42002392982,-25.5));
#10878 = CARTESIAN_POINT('',(-39.75015094874,-25.5));
#10879 = CARTESIAN_POINT('',(-37.58508743928,-21.75));
#10880 = CARTESIAN_POINT('',(-35.42002392982,-18.));
#10881 = CARTESIAN_POINT('',(-33.25496042036,-21.75));
#10882 = CARTESIAN_POINT('',(-31.0898969109,-25.5));
#10883 = CARTESIAN_POINT('',(-35.42002392982,-25.5));
#10884 = ( GEOMETRIC_REPRESENTATION_CONTEXT(2) 
PARAMETRIC_REPRESENTATION_CONTEXT() REPRESENTATION_CONTEXT('2D SPACE',''
  ) );
#10885 = PCURVE('',#1043,#10886);
#10886 = DEFINITIONAL_REPRESENTATION('',(#10887),#10891);
#10887 = LINE('',#10888,#10889);
#10888 = CARTESIAN_POINT('',(0.,0.));
#10889 = VECTOR('',#10890,1.);
#10890 = DIRECTION('',(1.,0.));
#10891 = ( GEOMETRIC_REPRESENTATION_CONTEXT(2) 
PARAMETRIC_REPRESENTATION_CONTEXT() REPRESENTATION_CONTEXT('2D SPACE',''
  ) );
#10892 = ORIENTED_EDGE('',*,*,#10893,.T.);
#10893 = EDGE_CURVE('',#10866,#10894,#10896,.T.);
#10894 = VERTEX_POINT('',#10895);
#10895 = CARTESIAN_POINT('',(-5.,-20.5,82.));
#10896 = SURFACE_CURVE('',#10897,(#10901,#10908),.PCURVE_S1.);
#10897 = LINE('',#10898,#10899);
#10898 = CARTESIAN_POINT('',(-52.28998803508,-20.5,82.));
#10899 = VECTOR('',#10900,1.);
#10900 = DIRECTION('',(1.,7.E-17,0.));
#10901 = PCURVE('',#6761,#10902);
#10902 = DEFINITIONAL_REPRESENTATION('',(#10903),#10907);
#10903 = LINE('',#10904,#10905);
#10904 = CARTESIAN_POINT('',(-17.71001196491,-20.5));
#10905 = VECTOR('',#10906,1.);
#10906 = DIRECTION('',(1.,7.E-17));
#10907 = ( GEOMETRIC_REPRESENTATION_CONTEXT(2) 
PARAMETRIC_REPRESENTATION_CONTEXT() REPRESENTATION_CONTEXT('2D SPACE',''
  ) );
#10908 = PCURVE('',#1126,#10909);
#10909 = DEFINITIONAL_REPRESENTATION('',(#10910),#10914);
#10910 = LINE('',#10911,#10912);
#10911 = CARTESIAN_POINT('',(17.710011964913,0.));
#10912 = VECTOR('',#10913,1.);
#10913 = DIRECTION('',(1.,0.));
#10914 = ( GEOMETRIC_REPRESENTATION_CONTEXT(2) 
PARAMETRIC_REPRESENTATION_CONTEXT() REPRESENTATION_CONTEXT('2D SPACE',''
  ) );
#10915 = ORIENTED_EDGE('',*,*,#10916,.T.);
#10916 = EDGE_CURVE('',#10894,#10917,#10919,.T.);
#10917 = VERTEX_POINT('',#10918);
#10918 = CARTESIAN_POINT('',(-5.,-25.5,82.));
#10919 = SURFACE_CURVE('',#10920,(#10925,#10936),.PCURVE_S1.);
#10920 = CIRCLE('',#10921,2.5);
#10921 = AXIS2_PLACEMENT_3D('',#10922,#10923,#10924);
#10922 = CARTESIAN_POINT('',(-5.,-23.,82.));
#10923 = DIRECTION('',(0.,0.,-1.));
#10924 = DIRECTION('',(0.,1.,0.));
#10925 = PCURVE('',#6761,#10926);
#10926 = DEFINITIONAL_REPRESENTATION('',(#10927),#10935);
#10927 = ( BOUNDED_CURVE() B_SPLINE_CURVE(2,(#10928,#10929,#10930,#10931
    ,#10932,#10933,#10934),.UNSPECIFIED.,.T.,.F.) 
B_SPLINE_CURVE_WITH_KNOTS((1,2,2,2,2,1),(-2.094395102393,0.,
    2.094395102393,4.188790204786,6.28318530718,8.377580409573),
.UNSPECIFIED.) CURVE() GEOMETRIC_REPRESENTATION_ITEM() 
RATIONAL_B_SPLINE_CURVE((1.,0.5,1.,0.5,1.,0.5,1.)) REPRESENTATION_ITEM(
  '') );
#10928 = CARTESIAN_POINT('',(29.579976070174,-20.5));
#10929 = CARTESIAN_POINT('',(33.910103089096,-20.5));
#10930 = CARTESIAN_POINT('',(31.745039579635,-24.25));
#10931 = CARTESIAN_POINT('',(29.579976070174,-28.));
#10932 = CARTESIAN_POINT('',(27.414912560713,-24.25));
#10933 = CARTESIAN_POINT('',(25.249849051252,-20.5));
#10934 = CARTESIAN_POINT('',(29.579976070174,-20.5));
#10935 = ( GEOMETRIC_REPRESENTATION_CONTEXT(2) 
PARAMETRIC_REPRESENTATION_CONTEXT() REPRESENTATION_CONTEXT('2D SPACE',''
  ) );
#10936 = PCURVE('',#1100,#10937);
#10937 = DEFINITIONAL_REPRESENTATION('',(#10938),#10942);
#10938 = LINE('',#10939,#10940);
#10939 = CARTESIAN_POINT('',(0.,0.));
#10940 = VECTOR('',#10941,1.);
#10941 = DIRECTION('',(1.,0.));
#10942 = ( GEOMETRIC_REPRESENTATION_CONTEXT(2) 
PARAMETRIC_REPRESENTATION_CONTEXT() REPRESENTATION_CONTEXT('2D SPACE',''
  ) );
#10943 = ORIENTED_EDGE('',*,*,#10944,.T.);
#10944 = EDGE_CURVE('',#10917,#10864,#10945,.T.);
#10945 = SURFACE_CURVE('',#10946,(#10950,#10957),.PCURVE_S1.);
#10946 = LINE('',#10947,#10948);
#10947 = CARTESIAN_POINT('',(-19.78998803508,-25.5,82.));
#10948 = VECTOR('',#10949,1.);
#10949 = DIRECTION('',(-1.,-1.4E-16,0.));
#10950 = PCURVE('',#6761,#10951);
#10951 = DEFINITIONAL_REPRESENTATION('',(#10952),#10956);
#10952 = LINE('',#10953,#10954);
#10953 = CARTESIAN_POINT('',(14.789988035087,-25.5));
#10954 = VECTOR('',#10955,1.);
#10955 = DIRECTION('',(-1.,-1.4E-16));
#10956 = ( GEOMETRIC_REPRESENTATION_CONTEXT(2) 
PARAMETRIC_REPRESENTATION_CONTEXT() REPRESENTATION_CONTEXT('2D SPACE',''
  ) );
#10957 = PCURVE('',#1071,#10958);
#10958 = DEFINITIONAL_REPRESENTATION('',(#10959),#10963);
#10959 = LINE('',#10960,#10961);
#10960 = CARTESIAN_POINT('',(14.789988035087,0.));
#10961 = VECTOR('',#10962,1.);
#10962 = DIRECTION('',(1.,0.));
#10963 = ( GEOMETRIC_REPRESENTATION_CONTEXT(2) 
PARAMETRIC_REPRESENTATION_CONTEXT() REPRESENTATION_CONTEXT('2D SPACE',''
  ) );
#10964 = FACE_BOUND('',#10965,.T.);
#10965 = EDGE_LOOP('',(#10966,#10967,#10991,#11014,#11036,#11037));
#10966 = ORIENTED_EDGE('',*,*,#10550,.F.);
#10967 = ORIENTED_EDGE('',*,*,#10968,.T.);
#10968 = EDGE_CURVE('',#10528,#10969,#10971,.T.);
#10969 = VERTEX_POINT('',#10970);
#10970 = CARTESIAN_POINT('',(-74.,35.,82.));
#10971 = SURFACE_CURVE('',#10972,(#10977,#10984),.PCURVE_S1.);
#10972 = CIRCLE('',#10973,10.);
#10973 = AXIS2_PLACEMENT_3D('',#10974,#10975,#10976);
#10974 = CARTESIAN_POINT('',(-64.,35.,82.));
#10975 = DIRECTION('',(0.,-0.,1.));
#10976 = DIRECTION('',(0.,1.,0.));
#10977 = PCURVE('',#6761,#10978);
#10978 = DEFINITIONAL_REPRESENTATION('',(#10979),#10983);
#10979 = CIRCLE('',#10980,10.);
#10980 = AXIS2_PLACEMENT_2D('',#10981,#10982);
#10981 = CARTESIAN_POINT('',(-29.42002392982,35.));
#10982 = DIRECTION('',(0.,1.));
#10983 = ( GEOMETRIC_REPRESENTATION_CONTEXT(2) 
PARAMETRIC_REPRESENTATION_CONTEXT() REPRESENTATION_CONTEXT('2D SPACE',''
  ) );
#10984 = PCURVE('',#1418,#10985);
#10985 = DEFINITIONAL_REPRESENTATION('',(#10986),#10990);
#10986 = LINE('',#10987,#10988);
#10987 = CARTESIAN_POINT('',(0.,3.));
#10988 = VECTOR('',#10989,1.);
#10989 = DIRECTION('',(1.,0.));
#10990 = ( GEOMETRIC_REPRESENTATION_CONTEXT(2) 
PARAMETRIC_REPRESENTATION_CONTEXT() REPRESENTATION_CONTEXT('2D SPACE',''
  ) );
#10991 = ORIENTED_EDGE('',*,*,#10992,.T.);
#10992 = EDGE_CURVE('',#10969,#10993,#10995,.T.);
#10993 = VERTEX_POINT('',#10994);
#10994 = CARTESIAN_POINT('',(-74.,-35.,82.));
#10995 = SURFACE_CURVE('',#10996,(#11000,#11007),.PCURVE_S1.);
#10996 = LINE('',#10997,#10998);
#10997 = CARTESIAN_POINT('',(-74.,35.,82.));
#10998 = VECTOR('',#10999,1.);
#10999 = DIRECTION('',(3.8E-16,-1.,0.));
#11000 = PCURVE('',#6761,#11001);
#11001 = DEFINITIONAL_REPRESENTATION('',(#11002),#11006);
#11002 = LINE('',#11003,#11004);
#11003 = CARTESIAN_POINT('',(-39.42002392982,35.));
#11004 = VECTOR('',#11005,1.);
#11005 = DIRECTION('',(3.8E-16,-1.));
#11006 = ( GEOMETRIC_REPRESENTATION_CONTEXT(2) 
PARAMETRIC_REPRESENTATION_CONTEXT() REPRESENTATION_CONTEXT('2D SPACE',''
  ) );
#11007 = PCURVE('',#1389,#11008);
#11008 = DEFINITIONAL_REPRESENTATION('',(#11009),#11013);
#11009 = LINE('',#11010,#11011);
#11010 = CARTESIAN_POINT('',(0.,3.));
#11011 = VECTOR('',#11012,1.);
#11012 = DIRECTION('',(1.,0.));
#11013 = ( GEOMETRIC_REPRESENTATION_CONTEXT(2) 
PARAMETRIC_REPRESENTATION_CONTEXT() REPRESENTATION_CONTEXT('2D SPACE',''
  ) );
#11014 = ORIENTED_EDGE('',*,*,#11015,.T.);
#11015 = EDGE_CURVE('',#10993,#10298,#11016,.T.);
#11016 = SURFACE_CURVE('',#11017,(#11022,#11029),.PCURVE_S1.);
#11017 = CIRCLE('',#11018,10.);
#11018 = AXIS2_PLACEMENT_3D('',#11019,#11020,#11021);
#11019 = CARTESIAN_POINT('',(-64.,-35.,82.));
#11020 = DIRECTION('',(0.,0.,1.));
#11021 = DIRECTION('',(-1.,0.,0.));
#11022 = PCURVE('',#6761,#11023);
#11023 = DEFINITIONAL_REPRESENTATION('',(#11024),#11028);
#11024 = CIRCLE('',#11025,10.);
#11025 = AXIS2_PLACEMENT_2D('',#11026,#11027);
#11026 = CARTESIAN_POINT('',(-29.42002392982,-35.));
#11027 = DIRECTION('',(-1.,0.));
#11028 = ( GEOMETRIC_REPRESENTATION_CONTEXT(2) 
PARAMETRIC_REPRESENTATION_CONTEXT() REPRESENTATION_CONTEXT('2D SPACE',''
  ) );
#11029 = PCURVE('',#1361,#11030);
#11030 = DEFINITIONAL_REPRESENTATION('',(#11031),#11035);
#11031 = LINE('',#11032,#11033);
#11032 = CARTESIAN_POINT('',(0.,3.));
#11033 = VECTOR('',#11034,1.);
#11034 = DIRECTION('',(1.,0.));
#11035 = ( GEOMETRIC_REPRESENTATION_CONTEXT(2) 
PARAMETRIC_REPRESENTATION_CONTEXT() REPRESENTATION_CONTEXT('2D SPACE',''
  ) );
#11036 = ORIENTED_EDGE('',*,*,#10297,.T.);
#11037 = ORIENTED_EDGE('',*,*,#11038,.T.);
#11038 = EDGE_CURVE('',#10270,#10551,#11039,.T.);
#11039 = SURFACE_CURVE('',#11040,(#11044,#11051),.PCURVE_S1.);
#11040 = LINE('',#11041,#11042);
#11041 = CARTESIAN_POINT('',(7.,0.,82.));
#11042 = VECTOR('',#11043,1.);
#11043 = DIRECTION('',(0.,1.,0.));
#11044 = PCURVE('',#6761,#11045);
#11045 = DEFINITIONAL_REPRESENTATION('',(#11046),#11050);
#11046 = LINE('',#11047,#11048);
#11047 = CARTESIAN_POINT('',(41.579976070174,5.1E-15));
#11048 = VECTOR('',#11049,1.);
#11049 = DIRECTION('',(0.,1.));
#11050 = ( GEOMETRIC_REPRESENTATION_CONTEXT(2) 
PARAMETRIC_REPRESENTATION_CONTEXT() REPRESENTATION_CONTEXT('2D SPACE',''
  ) );
#11051 = PCURVE('',#10285,#11052);
#11052 = DEFINITIONAL_REPRESENTATION('',(#11053),#11057);
#11053 = LINE('',#11054,#11055);
#11054 = CARTESIAN_POINT('',(0.,0.));
#11055 = VECTOR('',#11056,1.);
#11056 = DIRECTION('',(0.,1.));
#11057 = ( GEOMETRIC_REPRESENTATION_CONTEXT(2) 
PARAMETRIC_REPRESENTATION_CONTEXT() REPRESENTATION_CONTEXT('2D SPACE',''
  ) );
#11058 = ADVANCED_FACE('',(#11059),#1418,.T.);
#11059 = FACE_BOUND('',#11060,.T.);
#11060 = EDGE_LOOP('',(#11061,#11062,#11083,#11084));
#11061 = ORIENTED_EDGE('',*,*,#1401,.T.);
#11062 = ORIENTED_EDGE('',*,*,#11063,.T.);
#11063 = EDGE_CURVE('',#1374,#10969,#11064,.T.);
#11064 = SURFACE_CURVE('',#11065,(#11069,#11076),.PCURVE_S1.);
#11065 = LINE('',#11066,#11067);
#11066 = CARTESIAN_POINT('',(-74.,35.,79.));
#11067 = VECTOR('',#11068,1.);
#11068 = DIRECTION('',(0.,0.,1.));
#11069 = PCURVE('',#1418,#11070);
#11070 = DEFINITIONAL_REPRESENTATION('',(#11071),#11075);
#11071 = LINE('',#11072,#11073);
#11072 = CARTESIAN_POINT('',(1.570796326795,0.));
#11073 = VECTOR('',#11074,1.);
#11074 = DIRECTION('',(0.,1.));
#11075 = ( GEOMETRIC_REPRESENTATION_CONTEXT(2) 
PARAMETRIC_REPRESENTATION_CONTEXT() REPRESENTATION_CONTEXT('2D SPACE',''
  ) );
#11076 = PCURVE('',#1389,#11077);
#11077 = DEFINITIONAL_REPRESENTATION('',(#11078),#11082);
#11078 = LINE('',#11079,#11080);
#11079 = CARTESIAN_POINT('',(0.,0.));
#11080 = VECTOR('',#11081,1.);
#11081 = DIRECTION('',(0.,1.));
#11082 = ( GEOMETRIC_REPRESENTATION_CONTEXT(2) 
PARAMETRIC_REPRESENTATION_CONTEXT() REPRESENTATION_CONTEXT('2D SPACE',''
  ) );
#11083 = ORIENTED_EDGE('',*,*,#10968,.F.);
#11084 = ORIENTED_EDGE('',*,*,#10527,.F.);
#11085 = ADVANCED_FACE('',(#11086),#1389,.T.);
#11086 = FACE_BOUND('',#11087,.T.);
#11087 = EDGE_LOOP('',(#11088,#11089,#11110,#11111));
#11088 = ORIENTED_EDGE('',*,*,#1373,.T.);
#11089 = ORIENTED_EDGE('',*,*,#11090,.T.);
#11090 = EDGE_CURVE('',#1345,#10993,#11091,.T.);
#11091 = SURFACE_CURVE('',#11092,(#11096,#11103),.PCURVE_S1.);
#11092 = LINE('',#11093,#11094);
#11093 = CARTESIAN_POINT('',(-74.,-35.,79.));
#11094 = VECTOR('',#11095,1.);
#11095 = DIRECTION('',(0.,0.,1.));
#11096 = PCURVE('',#1389,#11097);
#11097 = DEFINITIONAL_REPRESENTATION('',(#11098),#11102);
#11098 = LINE('',#11099,#11100);
#11099 = CARTESIAN_POINT('',(70.,0.));
#11100 = VECTOR('',#11101,1.);
#11101 = DIRECTION('',(0.,1.));
#11102 = ( GEOMETRIC_REPRESENTATION_CONTEXT(2) 
PARAMETRIC_REPRESENTATION_CONTEXT() REPRESENTATION_CONTEXT('2D SPACE',''
  ) );
#11103 = PCURVE('',#1361,#11104);
#11104 = DEFINITIONAL_REPRESENTATION('',(#11105),#11109);
#11105 = LINE('',#11106,#11107);
#11106 = CARTESIAN_POINT('',(0.,0.));
#11107 = VECTOR('',#11108,1.);
#11108 = DIRECTION('',(0.,1.));
#11109 = ( GEOMETRIC_REPRESENTATION_CONTEXT(2) 
PARAMETRIC_REPRESENTATION_CONTEXT() REPRESENTATION_CONTEXT('2D SPACE',''
  ) );
#11110 = ORIENTED_EDGE('',*,*,#10992,.F.);
#11111 = ORIENTED_EDGE('',*,*,#11063,.F.);
#11112 = ADVANCED_FACE('',(#11113),#1361,.T.);
#11113 = FACE_BOUND('',#11114,.T.);
#11114 = EDGE_LOOP('',(#11115,#11116,#11117,#11118));
#11115 = ORIENTED_EDGE('',*,*,#1344,.T.);
#11116 = ORIENTED_EDGE('',*,*,#10320,.T.);
#11117 = ORIENTED_EDGE('',*,*,#11015,.F.);
#11118 = ORIENTED_EDGE('',*,*,#11090,.F.);
#11119 = ADVANCED_FACE('',(#11120),#1126,.F.);
#11120 = FACE_BOUND('',#11121,.T.);
#11121 = EDGE_LOOP('',(#11122,#11123,#11144,#11145));
#11122 = ORIENTED_EDGE('',*,*,#10893,.F.);
#11123 = ORIENTED_EDGE('',*,*,#11124,.T.);
#11124 = EDGE_CURVE('',#10866,#1025,#11125,.T.);
#11125 = SURFACE_CURVE('',#11126,(#11130,#11137),.PCURVE_S1.);
#11126 = LINE('',#11127,#11128);
#11127 = CARTESIAN_POINT('',(-70.,-20.5,82.));
#11128 = VECTOR('',#11129,1.);
#11129 = DIRECTION('',(0.,0.,-1.));
#11130 = PCURVE('',#1126,#11131);
#11131 = DEFINITIONAL_REPRESENTATION('',(#11132),#11136);
#11132 = LINE('',#11133,#11134);
#11133 = CARTESIAN_POINT('',(0.,0.));
#11134 = VECTOR('',#11135,1.);
#11135 = DIRECTION('',(0.,1.));
#11136 = ( GEOMETRIC_REPRESENTATION_CONTEXT(2) 
PARAMETRIC_REPRESENTATION_CONTEXT() REPRESENTATION_CONTEXT('2D SPACE',''
  ) );
#11137 = PCURVE('',#1043,#11138);
#11138 = DEFINITIONAL_REPRESENTATION('',(#11139),#11143);
#11139 = LINE('',#11140,#11141);
#11140 = CARTESIAN_POINT('',(3.14159265359,0.));
#11141 = VECTOR('',#11142,1.);
#11142 = DIRECTION('',(0.,1.));
#11143 = ( GEOMETRIC_REPRESENTATION_CONTEXT(2) 
PARAMETRIC_REPRESENTATION_CONTEXT() REPRESENTATION_CONTEXT('2D SPACE',''
  ) );
#11144 = ORIENTED_EDGE('',*,*,#1112,.F.);
#11145 = ORIENTED_EDGE('',*,*,#11146,.F.);
#11146 = EDGE_CURVE('',#10894,#1084,#11147,.T.);
#11147 = SURFACE_CURVE('',#11148,(#11152,#11159),.PCURVE_S1.);
#11148 = LINE('',#11149,#11150);
#11149 = CARTESIAN_POINT('',(-5.,-20.5,82.));
#11150 = VECTOR('',#11151,1.);
#11151 = DIRECTION('',(0.,0.,-1.));
#11152 = PCURVE('',#1126,#11153);
#11153 = DEFINITIONAL_REPRESENTATION('',(#11154),#11158);
#11154 = LINE('',#11155,#11156);
#11155 = CARTESIAN_POINT('',(65.,0.));
#11156 = VECTOR('',#11157,1.);
#11157 = DIRECTION('',(0.,1.));
#11158 = ( GEOMETRIC_REPRESENTATION_CONTEXT(2) 
PARAMETRIC_REPRESENTATION_CONTEXT() REPRESENTATION_CONTEXT('2D SPACE',''
  ) );
#11159 = PCURVE('',#1100,#11160);
#11160 = DEFINITIONAL_REPRESENTATION('',(#11161),#11165);
#11161 = LINE('',#11162,#11163);
#11162 = CARTESIAN_POINT('',(0.,0.));
#11163 = VECTOR('',#11164,1.);
#11164 = DIRECTION('',(0.,1.));
#11165 = ( GEOMETRIC_REPRESENTATION_CONTEXT(2) 
PARAMETRIC_REPRESENTATION_CONTEXT() REPRESENTATION_CONTEXT('2D SPACE',''
  ) );
#11166 = ADVANCED_FACE('',(#11167),#1100,.F.);
#11167 = FACE_BOUND('',#11168,.F.);
#11168 = EDGE_LOOP('',(#11169,#11190,#11191,#11192));
#11169 = ORIENTED_EDGE('',*,*,#11170,.T.);
#11170 = EDGE_CURVE('',#10917,#1056,#11171,.T.);
#11171 = SURFACE_CURVE('',#11172,(#11176,#11183),.PCURVE_S1.);
#11172 = LINE('',#11173,#11174);
#11173 = CARTESIAN_POINT('',(-5.,-25.5,82.));
#11174 = VECTOR('',#11175,1.);
#11175 = DIRECTION('',(0.,0.,-1.));
#11176 = PCURVE('',#1100,#11177);
#11177 = DEFINITIONAL_REPRESENTATION('',(#11178),#11182);
#11178 = LINE('',#11179,#11180);
#11179 = CARTESIAN_POINT('',(3.14159265359,0.));
#11180 = VECTOR('',#11181,1.);
#11181 = DIRECTION('',(0.,1.));
#11182 = ( GEOMETRIC_REPRESENTATION_CONTEXT(2) 
PARAMETRIC_REPRESENTATION_CONTEXT() REPRESENTATION_CONTEXT('2D SPACE',''
  ) );
#11183 = PCURVE('',#1071,#11184);
#11184 = DEFINITIONAL_REPRESENTATION('',(#11185),#11189);
#11185 = LINE('',#11186,#11187);
#11186 = CARTESIAN_POINT('',(0.,0.));
#11187 = VECTOR('',#11188,1.);
#11188 = DIRECTION('',(-0.,1.));
#11189 = ( GEOMETRIC_REPRESENTATION_CONTEXT(2) 
PARAMETRIC_REPRESENTATION_CONTEXT() REPRESENTATION_CONTEXT('2D SPACE',''
  ) );
#11190 = ORIENTED_EDGE('',*,*,#1083,.T.);
#11191 = ORIENTED_EDGE('',*,*,#11146,.F.);
#11192 = ORIENTED_EDGE('',*,*,#10916,.T.);
#11193 = ADVANCED_FACE('',(#11194),#1071,.F.);
#11194 = FACE_BOUND('',#11195,.T.);
#11195 = EDGE_LOOP('',(#11196,#11197,#11198,#11199));
#11196 = ORIENTED_EDGE('',*,*,#10944,.F.);
#11197 = ORIENTED_EDGE('',*,*,#11170,.T.);
#11198 = ORIENTED_EDGE('',*,*,#1055,.F.);
#11199 = ORIENTED_EDGE('',*,*,#11200,.F.);
#11200 = EDGE_CURVE('',#10864,#1027,#11201,.T.);
#11201 = SURFACE_CURVE('',#11202,(#11206,#11213),.PCURVE_S1.);
#11202 = LINE('',#11203,#11204);
#11203 = CARTESIAN_POINT('',(-70.,-25.5,82.));
#11204 = VECTOR('',#11205,1.);
#11205 = DIRECTION('',(0.,0.,-1.));
#11206 = PCURVE('',#1071,#11207);
#11207 = DEFINITIONAL_REPRESENTATION('',(#11208),#11212);
#11208 = LINE('',#11209,#11210);
#11209 = CARTESIAN_POINT('',(65.,0.));
#11210 = VECTOR('',#11211,1.);
#11211 = DIRECTION('',(-0.,1.));
#11212 = ( GEOMETRIC_REPRESENTATION_CONTEXT(2) 
PARAMETRIC_REPRESENTATION_CONTEXT() REPRESENTATION_CONTEXT('2D SPACE',''
  ) );
#11213 = PCURVE('',#1043,#11214);
#11214 = DEFINITIONAL_REPRESENTATION('',(#11215),#11219);
#11215 = LINE('',#11216,#11217);
#11216 = CARTESIAN_POINT('',(0.,0.));
#11217 = VECTOR('',#11218,1.);
#11218 = DIRECTION('',(0.,1.));
#11219 = ( GEOMETRIC_REPRESENTATION_CONTEXT(2) 
PARAMETRIC_REPRESENTATION_CONTEXT() REPRESENTATION_CONTEXT('2D SPACE',''
  ) );
#11220 = ADVANCED_FACE('',(#11221),#1043,.F.);
#11221 = FACE_BOUND('',#11222,.F.);
#11222 = EDGE_LOOP('',(#11223,#11224,#11225,#11226));
#11223 = ORIENTED_EDGE('',*,*,#11124,.T.);
#11224 = ORIENTED_EDGE('',*,*,#1024,.T.);
#11225 = ORIENTED_EDGE('',*,*,#11200,.F.);
#11226 = ORIENTED_EDGE('',*,*,#10863,.T.);
#11227 = ADVANCED_FACE('',(#11228),#1010,.F.);
#11228 = FACE_BOUND('',#11229,.T.);
#11229 = EDGE_LOOP('',(#11230,#11231,#11252,#11253));
#11230 = ORIENTED_EDGE('',*,*,#10789,.F.);
#11231 = ORIENTED_EDGE('',*,*,#11232,.T.);
#11232 = EDGE_CURVE('',#10762,#909,#11233,.T.);
#11233 = SURFACE_CURVE('',#11234,(#11238,#11245),.PCURVE_S1.);
#11234 = LINE('',#11235,#11236);
#11235 = CARTESIAN_POINT('',(-5.,17.5,82.));
#11236 = VECTOR('',#11237,1.);
#11237 = DIRECTION('',(0.,0.,-1.));
#11238 = PCURVE('',#1010,#11239);
#11239 = DEFINITIONAL_REPRESENTATION('',(#11240),#11244);
#11240 = LINE('',#11241,#11242);
#11241 = CARTESIAN_POINT('',(0.,0.));
#11242 = VECTOR('',#11243,1.);
#11243 = DIRECTION('',(-0.,1.));
#11244 = ( GEOMETRIC_REPRESENTATION_CONTEXT(2) 
PARAMETRIC_REPRESENTATION_CONTEXT() REPRESENTATION_CONTEXT('2D SPACE',''
  ) );
#11245 = PCURVE('',#927,#11246);
#11246 = DEFINITIONAL_REPRESENTATION('',(#11247),#11251);
#11247 = LINE('',#11248,#11249);
#11248 = CARTESIAN_POINT('',(6.28318530718,0.));
#11249 = VECTOR('',#11250,1.);
#11250 = DIRECTION('',(0.,1.));
#11251 = ( GEOMETRIC_REPRESENTATION_CONTEXT(2) 
PARAMETRIC_REPRESENTATION_CONTEXT() REPRESENTATION_CONTEXT('2D SPACE',''
  ) );
#11252 = ORIENTED_EDGE('',*,*,#996,.F.);
#11253 = ORIENTED_EDGE('',*,*,#11254,.F.);
#11254 = EDGE_CURVE('',#10790,#968,#11255,.T.);
#11255 = SURFACE_CURVE('',#11256,(#11260,#11267),.PCURVE_S1.);
#11256 = LINE('',#11257,#11258);
#11257 = CARTESIAN_POINT('',(-70.,17.5,82.));
#11258 = VECTOR('',#11259,1.);
#11259 = DIRECTION('',(0.,0.,-1.));
#11260 = PCURVE('',#1010,#11261);
#11261 = DEFINITIONAL_REPRESENTATION('',(#11262),#11266);
#11262 = LINE('',#11263,#11264);
#11263 = CARTESIAN_POINT('',(65.,0.));
#11264 = VECTOR('',#11265,1.);
#11265 = DIRECTION('',(-0.,1.));
#11266 = ( GEOMETRIC_REPRESENTATION_CONTEXT(2) 
PARAMETRIC_REPRESENTATION_CONTEXT() REPRESENTATION_CONTEXT('2D SPACE',''
  ) );
#11267 = PCURVE('',#984,#11268);
#11268 = DEFINITIONAL_REPRESENTATION('',(#11269),#11273);
#11269 = LINE('',#11270,#11271);
#11270 = CARTESIAN_POINT('',(3.14159265359,0.));
#11271 = VECTOR('',#11272,1.);
#11272 = DIRECTION('',(0.,1.));
#11273 = ( GEOMETRIC_REPRESENTATION_CONTEXT(2) 
PARAMETRIC_REPRESENTATION_CONTEXT() REPRESENTATION_CONTEXT('2D SPACE',''
  ) );
#11274 = ADVANCED_FACE('',(#11275),#984,.F.);
#11275 = FACE_BOUND('',#11276,.F.);
#11276 = EDGE_LOOP('',(#11277,#11298,#11299,#11300));
#11277 = ORIENTED_EDGE('',*,*,#11278,.T.);
#11278 = EDGE_CURVE('',#10813,#940,#11279,.T.);
#11279 = SURFACE_CURVE('',#11280,(#11284,#11291),.PCURVE_S1.);
#11280 = LINE('',#11281,#11282);
#11281 = CARTESIAN_POINT('',(-70.,22.5,82.));
#11282 = VECTOR('',#11283,1.);
#11283 = DIRECTION('',(0.,0.,-1.));
#11284 = PCURVE('',#984,#11285);
#11285 = DEFINITIONAL_REPRESENTATION('',(#11286),#11290);
#11286 = LINE('',#11287,#11288);
#11287 = CARTESIAN_POINT('',(6.28318530718,0.));
#11288 = VECTOR('',#11289,1.);
#11289 = DIRECTION('',(0.,1.));
#11290 = ( GEOMETRIC_REPRESENTATION_CONTEXT(2) 
PARAMETRIC_REPRESENTATION_CONTEXT() REPRESENTATION_CONTEXT('2D SPACE',''
  ) );
#11291 = PCURVE('',#955,#11292);
#11292 = DEFINITIONAL_REPRESENTATION('',(#11293),#11297);
#11293 = LINE('',#11294,#11295);
#11294 = CARTESIAN_POINT('',(0.,0.));
#11295 = VECTOR('',#11296,1.);
#11296 = DIRECTION('',(0.,1.));
#11297 = ( GEOMETRIC_REPRESENTATION_CONTEXT(2) 
PARAMETRIC_REPRESENTATION_CONTEXT() REPRESENTATION_CONTEXT('2D SPACE',''
  ) );
#11298 = ORIENTED_EDGE('',*,*,#967,.T.);
#11299 = ORIENTED_EDGE('',*,*,#11254,.F.);
#11300 = ORIENTED_EDGE('',*,*,#10812,.T.);
#11301 = ADVANCED_FACE('',(#11302),#955,.F.);
#11302 = FACE_BOUND('',#11303,.T.);
#11303 = EDGE_LOOP('',(#11304,#11305,#11306,#11307));
#11304 = ORIENTED_EDGE('',*,*,#10840,.F.);
#11305 = ORIENTED_EDGE('',*,*,#11278,.T.);
#11306 = ORIENTED_EDGE('',*,*,#939,.F.);
#11307 = ORIENTED_EDGE('',*,*,#11308,.F.);
#11308 = EDGE_CURVE('',#10760,#911,#11309,.T.);
#11309 = SURFACE_CURVE('',#11310,(#11314,#11321),.PCURVE_S1.);
#11310 = LINE('',#11311,#11312);
#11311 = CARTESIAN_POINT('',(-5.,22.5,82.));
#11312 = VECTOR('',#11313,1.);
#11313 = DIRECTION('',(0.,0.,-1.));
#11314 = PCURVE('',#955,#11315);
#11315 = DEFINITIONAL_REPRESENTATION('',(#11316),#11320);
#11316 = LINE('',#11317,#11318);
#11317 = CARTESIAN_POINT('',(65.,0.));
#11318 = VECTOR('',#11319,1.);
#11319 = DIRECTION('',(0.,1.));
#11320 = ( GEOMETRIC_REPRESENTATION_CONTEXT(2) 
PARAMETRIC_REPRESENTATION_CONTEXT() REPRESENTATION_CONTEXT('2D SPACE',''
  ) );
#11321 = PCURVE('',#927,#11322);
#11322 = DEFINITIONAL_REPRESENTATION('',(#11323),#11327);
#11323 = LINE('',#11324,#11325);
#11324 = CARTESIAN_POINT('',(3.14159265359,0.));
#11325 = VECTOR('',#11326,1.);
#11326 = DIRECTION('',(0.,1.));
#11327 = ( GEOMETRIC_REPRESENTATION_CONTEXT(2) 
PARAMETRIC_REPRESENTATION_CONTEXT() REPRESENTATION_CONTEXT('2D SPACE',''
  ) );
#11328 = ADVANCED_FACE('',(#11329),#927,.F.);
#11329 = FACE_BOUND('',#11330,.F.);
#11330 = EDGE_LOOP('',(#11331,#11332,#11333,#11334));
#11331 = ORIENTED_EDGE('',*,*,#11232,.T.);
#11332 = ORIENTED_EDGE('',*,*,#908,.T.);
#11333 = ORIENTED_EDGE('',*,*,#11308,.F.);
#11334 = ORIENTED_EDGE('',*,*,#10759,.T.);
#11335 = ADVANCED_FACE('',(#11336),#72,.T.);
#11336 = FACE_BOUND('',#11337,.T.);
#11337 = EDGE_LOOP('',(#11338,#11339,#11340,#11361,#11362,#11363,#11364,
    #11387,#11408,#11409,#11410,#11411,#11432,#11433));
#11338 = ORIENTED_EDGE('',*,*,#1837,.F.);
#11339 = ORIENTED_EDGE('',*,*,#822,.F.);
#11340 = ORIENTED_EDGE('',*,*,#11341,.T.);
#11341 = EDGE_CURVE('',#823,#1862,#11342,.T.);
#11342 = SURFACE_CURVE('',#11343,(#11347,#11354),.PCURVE_S1.);
#11343 = LINE('',#11344,#11345);
#11344 = CARTESIAN_POINT('',(1.,0.,62.));
#11345 = VECTOR('',#11346,1.);
#11346 = DIRECTION('',(0.,1.,0.));
#11347 = PCURVE('',#72,#11348);
#11348 = DEFINITIONAL_REPRESENTATION('',(#11349),#11353);
#11349 = LINE('',#11350,#11351);
#11350 = CARTESIAN_POINT('',(6.,0.));
#11351 = VECTOR('',#11352,1.);
#11352 = DIRECTION('',(0.,1.));
#11353 = ( GEOMETRIC_REPRESENTATION_CONTEXT(2) 
PARAMETRIC_REPRESENTATION_CONTEXT() REPRESENTATION_CONTEXT('2D SPACE',''
  ) );
#11354 = PCURVE('',#862,#11355);
#11355 = DEFINITIONAL_REPRESENTATION('',(#11356),#11360);
#11356 = LINE('',#11357,#11358);
#11357 = CARTESIAN_POINT('',(0.,0.));
#11358 = VECTOR('',#11359,1.);
#11359 = DIRECTION('',(0.,1.));
#11360 = ( GEOMETRIC_REPRESENTATION_CONTEXT(2) 
PARAMETRIC_REPRESENTATION_CONTEXT() REPRESENTATION_CONTEXT('2D SPACE',''
  ) );
#11361 = ORIENTED_EDGE('',*,*,#1884,.F.);
#11362 = ORIENTED_EDGE('',*,*,#1934,.F.);
#11363 = ORIENTED_EDGE('',*,*,#56,.T.);
#11364 = ORIENTED_EDGE('',*,*,#11365,.F.);
#11365 = EDGE_CURVE('',#11366,#22,#11368,.T.);
#11366 = VERTEX_POINT('',#11367);
#11367 = CARTESIAN_POINT('',(1.,39.,62.));
#11368 = SURFACE_CURVE('',#11369,(#11373,#11380),.PCURVE_S1.);
#11369 = LINE('',#11370,#11371);
#11370 = CARTESIAN_POINT('',(-3.684672748853,39.,62.));
#11371 = VECTOR('',#11372,1.);
#11372 = DIRECTION('',(-1.,-0.,1.1E-16));
#11373 = PCURVE('',#72,#11374);
#11374 = DEFINITIONAL_REPRESENTATION('',(#11375),#11379);
#11375 = LINE('',#11376,#11377);
#11376 = CARTESIAN_POINT('',(10.684672748853,39.));
#11377 = VECTOR('',#11378,1.);
#11378 = DIRECTION('',(1.,0.));
#11379 = ( GEOMETRIC_REPRESENTATION_CONTEXT(2) 
PARAMETRIC_REPRESENTATION_CONTEXT() REPRESENTATION_CONTEXT('2D SPACE',''
  ) );
#11380 = PCURVE('',#44,#11381);
#11381 = DEFINITIONAL_REPRESENTATION('',(#11382),#11386);
#11382 = LINE('',#11383,#11384);
#11383 = CARTESIAN_POINT('',(18.,4.684672748853));
#11384 = VECTOR('',#11385,1.);
#11385 = DIRECTION('',(2.8E-16,1.));
#11386 = ( GEOMETRIC_REPRESENTATION_CONTEXT(2) 
PARAMETRIC_REPRESENTATION_CONTEXT() REPRESENTATION_CONTEXT('2D SPACE',''
  ) );
#11387 = ORIENTED_EDGE('',*,*,#11388,.T.);
#11388 = EDGE_CURVE('',#11366,#10640,#11389,.T.);
#11389 = SURFACE_CURVE('',#11390,(#11394,#11401),.PCURVE_S1.);
#11390 = LINE('',#11391,#11392);
#11391 = CARTESIAN_POINT('',(1.,0.,62.));
#11392 = VECTOR('',#11393,1.);
#11393 = DIRECTION('',(0.,1.,0.));
#11394 = PCURVE('',#72,#11395);
#11395 = DEFINITIONAL_REPRESENTATION('',(#11396),#11400);
#11396 = LINE('',#11397,#11398);
#11397 = CARTESIAN_POINT('',(6.,0.));
#11398 = VECTOR('',#11399,1.);
#11399 = DIRECTION('',(0.,1.));
#11400 = ( GEOMETRIC_REPRESENTATION_CONTEXT(2) 
PARAMETRIC_REPRESENTATION_CONTEXT() REPRESENTATION_CONTEXT('2D SPACE',''
  ) );
#11401 = PCURVE('',#10678,#11402);
#11402 = DEFINITIONAL_REPRESENTATION('',(#11403),#11407);
#11403 = LINE('',#11404,#11405);
#11404 = CARTESIAN_POINT('',(0.,0.));
#11405 = VECTOR('',#11406,1.);
#11406 = DIRECTION('',(0.,1.));
#11407 = ( GEOMETRIC_REPRESENTATION_CONTEXT(2) 
PARAMETRIC_REPRESENTATION_CONTEXT() REPRESENTATION_CONTEXT('2D SPACE',''
  ) );
#11408 = ORIENTED_EDGE('',*,*,#10639,.F.);
#11409 = ORIENTED_EDGE('',*,*,#8342,.F.);
#11410 = ORIENTED_EDGE('',*,*,#10158,.F.);
#11411 = ORIENTED_EDGE('',*,*,#11412,.T.);
#11412 = EDGE_CURVE('',#10136,#620,#11413,.T.);
#11413 = SURFACE_CURVE('',#11414,(#11418,#11425),.PCURVE_S1.);
#11414 = LINE('',#11415,#11416);
#11415 = CARTESIAN_POINT('',(1.,0.,62.));
#11416 = VECTOR('',#11417,1.);
#11417 = DIRECTION('',(0.,1.,0.));
#11418 = PCURVE('',#72,#11419);
#11419 = DEFINITIONAL_REPRESENTATION('',(#11420),#11424);
#11420 = LINE('',#11421,#11422);
#11421 = CARTESIAN_POINT('',(6.,0.));
#11422 = VECTOR('',#11423,1.);
#11423 = DIRECTION('',(0.,1.));
#11424 = ( GEOMETRIC_REPRESENTATION_CONTEXT(2) 
PARAMETRIC_REPRESENTATION_CONTEXT() REPRESENTATION_CONTEXT('2D SPACE',''
  ) );
#11425 = PCURVE('',#658,#11426);
#11426 = DEFINITIONAL_REPRESENTATION('',(#11427),#11431);
#11427 = LINE('',#11428,#11429);
#11428 = CARTESIAN_POINT('',(0.,0.));
#11429 = VECTOR('',#11430,1.);
#11430 = DIRECTION('',(0.,1.));
#11431 = ( GEOMETRIC_REPRESENTATION_CONTEXT(2) 
PARAMETRIC_REPRESENTATION_CONTEXT() REPRESENTATION_CONTEXT('2D SPACE',''
  ) );
#11432 = ORIENTED_EDGE('',*,*,#619,.F.);
#11433 = ORIENTED_EDGE('',*,*,#176,.T.);
#11434 = ADVANCED_FACE('',(#11435),#658,.T.);
#11435 = FACE_BOUND('',#11436,.T.);
#11436 = EDGE_LOOP('',(#11437,#11438,#11439,#11440));
#11437 = ORIENTED_EDGE('',*,*,#642,.T.);
#11438 = ORIENTED_EDGE('',*,*,#11412,.F.);
#11439 = ORIENTED_EDGE('',*,*,#10135,.F.);
#11440 = ORIENTED_EDGE('',*,*,#10717,.T.);
#11441 = ADVANCED_FACE('',(#11442),#10285,.T.);
#11442 = FACE_BOUND('',#11443,.T.);
#11443 = EDGE_LOOP('',(#11444,#11582,#11648,#11786,#11852,#11990,#12056,
    #12192,#12193,#12194));
#11444 = ORIENTED_EDGE('',*,*,#11445,.T.);
#11445 = EDGE_CURVE('',#10225,#11446,#11448,.T.);
#11446 = VERTEX_POINT('',#11447);
#11447 = CARTESIAN_POINT('',(7.,-39.,77.));
#11448 = SURFACE_CURVE('',#11449,(#11460,#11474),.PCURVE_S1.);
#11449 = B_SPLINE_CURVE_WITH_KNOTS('',3,(#11450,#11451,#11452,#11453,
    #11454,#11455,#11456,#11457,#11458,#11459),.UNSPECIFIED.,.F.,.F.,(4,
    1,1,1,1,1,1,4),(-1.,-0.857142857143,-0.714285714286,-0.571428571429,
    -0.428571428571,-0.285714285714,-0.142857142857,0.),.UNSPECIFIED.);
#11450 = CARTESIAN_POINT('',(7.,-45.,77.));
#11451 = CARTESIAN_POINT('',(7.,-45.,77.448798950513));
#11452 = CARTESIAN_POINT('',(7.,-44.7899353044,78.458405766221));
#11453 = CARTESIAN_POINT('',(7.,-43.60503685665,79.730367884462));
#11454 = CARTESIAN_POINT('',(7.,-41.87003613345,80.163534640451));
#11455 = CARTESIAN_POINT('',(7.,-40.27255865563,79.614936794484));
#11456 = CARTESIAN_POINT('',(7.,-39.31263772979,78.523906627918));
#11457 = CARTESIAN_POINT('',(7.,-39.00185444647,77.48965327087));
#11458 = CARTESIAN_POINT('',(7.,-39.,77.095238095238));
#11459 = CARTESIAN_POINT('',(7.,-39.,77.));
#11460 = PCURVE('',#10285,#11461);
#11461 = DEFINITIONAL_REPRESENTATION('',(#11462),#11473);
#11462 = B_SPLINE_CURVE_WITH_KNOTS('',3,(#11463,#11464,#11465,#11466,
    #11467,#11468,#11469,#11470,#11471,#11472),.UNSPECIFIED.,.F.,.F.,(4,
    1,1,1,1,1,1,4),(-1.,-0.857142857143,-0.714285714286,-0.571428571429,
    -0.428571428571,-0.285714285714,-0.142857142857,0.),.UNSPECIFIED.);
#11463 = CARTESIAN_POINT('',(5.,-45.));
#11464 = CARTESIAN_POINT('',(4.551201049487,-45.));
#11465 = CARTESIAN_POINT('',(3.541594233779,-44.7899353044));
#11466 = CARTESIAN_POINT('',(2.269632115538,-43.60503685665));
#11467 = CARTESIAN_POINT('',(1.836465359549,-41.87003613345));
#11468 = CARTESIAN_POINT('',(2.385063205516,-40.27255865563));
#11469 = CARTESIAN_POINT('',(3.476093372082,-39.31263772979));
#11470 = CARTESIAN_POINT('',(4.51034672913,-39.00185444647));
#11471 = CARTESIAN_POINT('',(4.904761904762,-39.));
#11472 = CARTESIAN_POINT('',(5.,-39.));
#11473 = ( GEOMETRIC_REPRESENTATION_CONTEXT(2) 
PARAMETRIC_REPRESENTATION_CONTEXT() REPRESENTATION_CONTEXT('2D SPACE',''
  ) );
#11474 = PCURVE('',#11475,#11576);
#11475 = B_SPLINE_SURFACE_WITH_KNOTS('',3,3,(
    (#11476,#11477,#11478,#11479,#11480,#11481,#11482,#11483,#11484
      ,#11485)
    ,(#11486,#11487,#11488,#11489,#11490,#11491,#11492,#11493,#11494
      ,#11495)
    ,(#11496,#11497,#11498,#11499,#11500,#11501,#11502,#11503,#11504
      ,#11505)
    ,(#11506,#11507,#11508,#11509,#11510,#11511,#11512,#11513,#11514
      ,#11515)
    ,(#11516,#11517,#11518,#11519,#11520,#11521,#11522,#11523,#11524
      ,#11525)
    ,(#11526,#11527,#11528,#11529,#11530,#11531,#11532,#11533,#11534
      ,#11535)
    ,(#11536,#11537,#11538,#11539,#11540,#11541,#11542,#11543,#11544
      ,#11545)
    ,(#11546,#11547,#11548,#11549,#11550,#11551,#11552,#11553,#11554
      ,#11555)
    ,(#11556,#11557,#11558,#11559,#11560,#11561,#11562,#11563,#11564
      ,#11565)
    ,(#11566,#11567,#11568,#11569,#11570,#11571,#11572,#11573,#11574
      ,#11575
  )),.UNSPECIFIED.,.F.,.F.,.F.,(4,1,1,1,1,1,1,4),(4,2,2,2,4),(0.,
    0.142857142857,0.285714285714,0.428571428571,0.571428571429,
    0.714285714286,0.857142857143,1.),(0.,0.132926200126,0.453971932017,
    0.829209558084,1.),.UNSPECIFIED.);
#11476 = CARTESIAN_POINT('',(16.868509302112,-76.,23.495672868075));
#11477 = CARTESIAN_POINT('',(16.781011245336,-69.44403910291,
    22.418945031532));
#11478 = CARTESIAN_POINT('',(16.781011245336,-64.11070576958,
    22.418945031532));
#11479 = CARTESIAN_POINT('',(17.079836171082,-50.07175003016,
    26.096205163471));
#11480 = CARTESIAN_POINT('',(19.204413687331,-53.03945594123,
    42.834064568659));
#11481 = CARTESIAN_POINT('',(18.834151068382,-49.94148177255,
    58.678785401256));
#11482 = CARTESIAN_POINT('',(19.135653245482,-58.79367844242,
    63.426164679485));
#11483 = CARTESIAN_POINT('',(12.793981600731,-49.21107968034,
    71.972591783048));
#11484 = CARTESIAN_POINT('',(10.201457070044,-44.80828257762,
    74.539464748032));
#11485 = CARTESIAN_POINT('',(7.,-39.,77.));
#11486 = CARTESIAN_POINT('',(16.806597795805,-76.,23.604153123094));
#11487 = CARTESIAN_POINT('',(16.716389427408,-69.44323162945,
    22.531314706073));
#11488 = CARTESIAN_POINT('',(16.716389427408,-64.10989829612,
    22.531314706073));
#11489 = CARTESIAN_POINT('',(17.024470657796,-50.07370025448,
    26.195291623017));
#11490 = CARTESIAN_POINT('',(19.192358692971,-53.03715920729,
    42.845646815167));
#11491 = CARTESIAN_POINT('',(18.859424265287,-49.98750164476,
    58.691782646307));
#11492 = CARTESIAN_POINT('',(19.198339610165,-59.02254610257,
    63.587509751243));
#11493 = CARTESIAN_POINT('',(12.830091986383,-49.34279328793,
    72.115501758643));
#11494 = CARTESIAN_POINT('',(10.222759787533,-44.88596214347,
    74.664562011144));
#11495 = CARTESIAN_POINT('',(7.,-39.,77.095238095238));
#11496 = CARTESIAN_POINT('',(16.641669085452,-76.,23.797585395585));
#11497 = CARTESIAN_POINT('',(16.543224548085,-69.43778741115,
    22.729205699718));
#11498 = CARTESIAN_POINT('',(16.543224548085,-64.10445407782,
    22.729205699718));
#11499 = CARTESIAN_POINT('',(16.879434089793,-50.08684922773,
    26.377955112569));
#11500 = CARTESIAN_POINT('',(19.194210328661,-53.11380919009,
    42.928354746669));
#11501 = CARTESIAN_POINT('',(18.941581402932,-50.19009338731,
    58.775338841779));
#11502 = CARTESIAN_POINT('',(19.261211181575,-59.58446997657,
    63.728957108361));
#11503 = CARTESIAN_POINT('',(12.862653624347,-49.65786234933,
    72.395699428399));
#11504 = CARTESIAN_POINT('',(10.24130736252,-45.07088868041,
    74.997298610868));
#11505 = CARTESIAN_POINT('',(7.,-39.00185444647,77.48965327087));
#11506 = CARTESIAN_POINT('',(16.305243316213,-76.,23.977212885832));
#11507 = CARTESIAN_POINT('',(16.193672608493,-69.4195324935,
    22.905682036959));
#11508 = CARTESIAN_POINT('',(16.193672608493,-64.08619916017,
    22.905682036959));
#11509 = CARTESIAN_POINT('',(16.574710881554,-50.13093883076,
    26.565193323821));
#11510 = CARTESIAN_POINT('',(19.134491206946,-53.45480567535,
    43.192143038661));
#11511 = CARTESIAN_POINT('',(18.986196236103,-50.77124156016,
    59.025715306209));
#11512 = CARTESIAN_POINT('',(19.1347874747,-60.42186576081,
    63.380866174606));
#11513 = CARTESIAN_POINT('',(12.789958974727,-50.26141294423,
    72.705548287575));
#11514 = CARTESIAN_POINT('',(10.198446178359,-45.55246893199,
    75.617213958187));
#11515 = CARTESIAN_POINT('',(7.,-39.31263772979,78.523906627918));
#11516 = CARTESIAN_POINT('',(15.926426622339,-76.,24.020993161286));
#11517 = CARTESIAN_POINT('',(15.81228425565,-69.39563023701,
    22.939396811372));
#11518 = CARTESIAN_POINT('',(15.81228425565,-64.06229690367,
    22.939396811372));
#11519 = CARTESIAN_POINT('',(16.202105304334,-50.18866798742,
    26.633283977104));
#11520 = CARTESIAN_POINT('',(18.795995986703,-53.9348927427,
    43.50095583145));
#11521 = CARTESIAN_POINT('',(18.698267574484,-51.49290209038,
    59.299921004701));
#11522 = CARTESIAN_POINT('',(18.787416013031,-60.88253261743,
    62.626217734988));
#11523 = CARTESIAN_POINT('',(12.620937254123,-50.96924222963,
    72.803472036344));
#11524 = CARTESIAN_POINT('',(10.104360187154,-46.3700984898,
    76.135064324753));
#11525 = CARTESIAN_POINT('',(7.,-40.27255865563,79.614936794484));
#11526 = CARTESIAN_POINT('',(15.557795287827,-76.,23.923337207866));
#11527 = CARTESIAN_POINT('',(15.457517700358,-69.37682646162,
    22.831260674452));
#11528 = CARTESIAN_POINT('',(15.457517700358,-64.04349312829,
    22.831260674452));
#11529 = CARTESIAN_POINT('',(15.799987507501,-50.23408320147,
    26.560939949992));
#11530 = CARTESIAN_POINT('',(18.093750725064,-54.31729506401,
    43.690822931724));
#11531 = CARTESIAN_POINT('',(17.975469123591,-52.05511127822,
    59.428658741092));
#11532 = CARTESIAN_POINT('',(18.272382429086,-60.77079319408,
    61.797656653414));
#11533 = CARTESIAN_POINT('',(12.396841611103,-51.68965938735,
    72.588433927363));
#11534 = CARTESIAN_POINT('',(9.985296953389,-47.46963165438,
    76.238538856014));
#11535 = CARTESIAN_POINT('',(7.,-41.87003613345,80.163534640451));
#11536 = CARTESIAN_POINT('',(15.250629074332,-76.,23.697322055833));
#11537 = CARTESIAN_POINT('',(15.174900436778,-69.37442606501,
    22.600209773033));
#11538 = CARTESIAN_POINT('',(15.174900436778,-64.04109273168,
    22.600209773033));
#11539 = CARTESIAN_POINT('',(15.433530231858,-50.23988068222,
    26.347087229788));
#11540 = CARTESIAN_POINT('',(17.213100825683,-54.34785380228,
    43.628062697556));
#11541 = CARTESIAN_POINT('',(17.021097448816,-52.14821867507,
    59.282089958593));
#11542 = CARTESIAN_POINT('',(17.696772432304,-60.18020006368,
    61.213943221048));
#11543 = CARTESIAN_POINT('',(12.159316389469,-52.2459712084,
    72.031223752218));
#11544 = CARTESIAN_POINT('',(9.862196305026,-48.53841873493,
    75.725439778056));
#11545 = CARTESIAN_POINT('',(7.,-43.60503685665,79.730367884462));
#11546 = CARTESIAN_POINT('',(15.047313266025,-76.,23.374713313206));
#11547 = CARTESIAN_POINT('',(14.993089137675,-69.39000723011,
    22.277911778314));
#11548 = CARTESIAN_POINT('',(14.993089137675,-64.05667389677,
    22.277911778314));
#11549 = CARTESIAN_POINT('',(15.178276348967,-50.20224877408,
    26.023727963266));
#11550 = CARTESIAN_POINT('',(16.516424748132,-53.99438006742,
    43.336118345297));
#11551 = CARTESIAN_POINT('',(16.240317010014,-51.72514873363,
    58.906963529763));
#11552 = CARTESIAN_POINT('',(17.195617162098,-59.39972705453,
    60.96421388683));
#11553 = CARTESIAN_POINT('',(11.945912899765,-52.45149775997,
    71.255116951813));
#11554 = CARTESIAN_POINT('',(9.749928977027,-49.17320517638,
    74.729166541522));
#11555 = CARTESIAN_POINT('',(7.,-44.7899353044,78.458405766221));
#11556 = CARTESIAN_POINT('',(15.,-76.,23.124903964478));
#11557 = CARTESIAN_POINT('',(14.952432058915,-69.40619239015,
    22.028568122367));
#11558 = CARTESIAN_POINT('',(14.952432058915,-64.07285905682,
    22.028568122367));
#11559 = CARTESIAN_POINT('',(15.114886940617,-50.16315808656,
    25.772793865016));
#11560 = CARTESIAN_POINT('',(16.323933600863,-53.64682113013,
    43.089526869336));
#11561 = CARTESIAN_POINT('',(16.005463373092,-51.26275041149,
    58.628400355764));
#11562 = CARTESIAN_POINT('',(16.983867910492,-58.89402734399,
    60.944661083801));
#11563 = CARTESIAN_POINT('',(11.845039178825,-52.30907648743,
    70.743514154851));
#11564 = CARTESIAN_POINT('',(9.694239968605,-49.18615547542,
    74.000260136324));
#11565 = CARTESIAN_POINT('',(7.,-45.,77.448798950513));
#11566 = CARTESIAN_POINT('',(15.,-76.,23.));
#11567 = CARTESIAN_POINT('',(14.954381205297,-69.41374533238,
    21.903241323098));
#11568 = CARTESIAN_POINT('',(14.954381205297,-64.08041199905,
    21.903241323098));
#11569 = CARTESIAN_POINT('',(15.110179327474,-50.14491608563,
    25.648911138677));
#11570 = CARTESIAN_POINT('',(16.283864496581,-53.4902335003,
    42.977708468318));
#11571 = CARTESIAN_POINT('',(15.947689352932,-51.04041872234,
    58.51089469114));
#11572 = CARTESIAN_POINT('',(16.916690331838,-58.64775622971,
    60.950601235593));
#11573 = CARTESIAN_POINT('',(11.810972981617,-52.18528411006,
    70.524463847712));
#11574 = CARTESIAN_POINT('',(9.67498143956,-49.11639713978,
    73.681168923244));
#11575 = CARTESIAN_POINT('',(7.,-45.,77.));
#11576 = DEFINITIONAL_REPRESENTATION('',(#11577),#11581);
#11577 = LINE('',#11578,#11579);
#11578 = CARTESIAN_POINT('',(2.E-15,1.));
#11579 = VECTOR('',#11580,1.);
#11580 = DIRECTION('',(-1.,0.));
#11581 = ( GEOMETRIC_REPRESENTATION_CONTEXT(2) 
PARAMETRIC_REPRESENTATION_CONTEXT() REPRESENTATION_CONTEXT('2D SPACE',''
  ) );
#11582 = ORIENTED_EDGE('',*,*,#11583,.T.);
#11583 = EDGE_CURVE('',#11446,#11584,#11586,.T.);
#11584 = VERTEX_POINT('',#11585);
#11585 = CARTESIAN_POINT('',(7.,-39.,75.));
#11586 = SURFACE_CURVE('',#11587,(#11592,#11600),.PCURVE_S1.);
#11587 = B_SPLINE_CURVE_WITH_KNOTS('',3,(#11588,#11589,#11590,#11591),
  .UNSPECIFIED.,.F.,.F.,(4,4),(-1.,0.),.PIECEWISE_BEZIER_KNOTS.);
#11588 = CARTESIAN_POINT('',(7.,-39.,77.));
#11589 = CARTESIAN_POINT('',(7.,-39.,76.333333333333));
#11590 = CARTESIAN_POINT('',(7.,-39.,75.666666666667));
#11591 = CARTESIAN_POINT('',(7.,-39.,75.));
#11592 = PCURVE('',#10285,#11593);
#11593 = DEFINITIONAL_REPRESENTATION('',(#11594),#11599);
#11594 = B_SPLINE_CURVE_WITH_KNOTS('',3,(#11595,#11596,#11597,#11598),
  .UNSPECIFIED.,.F.,.F.,(4,4),(-1.,0.),.PIECEWISE_BEZIER_KNOTS.);
#11595 = CARTESIAN_POINT('',(5.,-39.));
#11596 = CARTESIAN_POINT('',(5.666666666667,-39.));
#11597 = CARTESIAN_POINT('',(6.333333333333,-39.));
#11598 = CARTESIAN_POINT('',(7.,-39.));
#11599 = ( GEOMETRIC_REPRESENTATION_CONTEXT(2) 
PARAMETRIC_REPRESENTATION_CONTEXT() REPRESENTATION_CONTEXT('2D SPACE',''
  ) );
#11600 = PCURVE('',#11601,#11642);
#11601 = B_SPLINE_SURFACE_WITH_KNOTS('',3,3,(
    (#11602,#11603,#11604,#11605,#11606,#11607,#11608,#11609,#11610
      ,#11611)
    ,(#11612,#11613,#11614,#11615,#11616,#11617,#11618,#11619,#11620
      ,#11621)
    ,(#11622,#11623,#11624,#11625,#11626,#11627,#11628,#11629,#11630
      ,#11631)
    ,(#11632,#11633,#11634,#11635,#11636,#11637,#11638,#11639,#11640
      ,#11641)),.UNSPECIFIED.,.F.,.F.,.F.,(4,4),(4,2,2,2,4),(0.,1.),(0.,
    0.132926200126,0.453971932017,0.829209558084,1.),.UNSPECIFIED.);
#11602 = CARTESIAN_POINT('',(22.273032134568,-76.,14.025962791553));
#11603 = CARTESIAN_POINT('',(22.408314460456,-69.46099604566,
    12.576933437368));
#11604 = CARTESIAN_POINT('',(22.408314460456,-64.12766271233,
    12.576933437368));
#11605 = CARTESIAN_POINT('',(21.946295845667,-50.03079531927,
    17.525684359664));
#11606 = CARTESIAN_POINT('',(20.362559776799,-53.69958642349,
    41.860164981298));
#11607 = CARTESIAN_POINT('',(17.245661972406,-48.25987801581,
    59.259851745524));
#11608 = CARTESIAN_POINT('',(16.035205061393,-47.47741190764,
    54.067058359446));
#11609 = CARTESIAN_POINT('',(10.992058564067,-42.63691884845,
    65.47871424927));
#11610 = CARTESIAN_POINT('',(9.135562276143,-40.91993158117,
    69.842281762082));
#11611 = CARTESIAN_POINT('',(7.,-39.,75.));
#11612 = CARTESIAN_POINT('',(21.229951110623,-76.,15.853631059279));
#11613 = CARTESIAN_POINT('',(21.321622398033,-69.45534373141,
    14.47499941488));
#11614 = CARTESIAN_POINT('',(21.321622398033,-64.12201039808,
    14.47499941488));
#11615 = CARTESIAN_POINT('',(21.008544980513,-50.04444688956,
    19.183326821792));
#11616 = CARTESIAN_POINT('',(20.142040265682,-53.58641168389,
    42.044093921415));
#11617 = CARTESIAN_POINT('',(17.581688148303,-48.69550460932,
    59.230617824049));
#11618 = CARTESIAN_POINT('',(16.757104462614,-50.11251508397,
    56.143944120571));
#11619 = CARTESIAN_POINT('',(11.410432981243,-44.16320439384,
    67.033324832429));
#11620 = CARTESIAN_POINT('',(9.382832338497,-41.82184739132,
    71.046457423603));
#11621 = CARTESIAN_POINT('',(7.,-39.,75.666666666667));
#11622 = CARTESIAN_POINT('',(17.301889846257,-76.,22.736311082939));
#11623 = CARTESIAN_POINT('',(17.233363970832,-69.44969141716,
    21.632357309743));
#11624 = CARTESIAN_POINT('',(17.233363970832,-64.11635808383,
    21.632357309743));
#11625 = CARTESIAN_POINT('',(17.467394764087,-50.05809845986,
    25.402599946649));
#11626 = CARTESIAN_POINT('',(19.288798647849,-53.05553307884,
    42.752988843102));
#11627 = CARTESIAN_POINT('',(18.657238690047,-49.61934266712,
    58.587804685901));
#11628 = CARTESIAN_POINT('',(18.6968486927,-57.19160482137,
    62.296749177175));
#11629 = CARTESIAN_POINT('',(12.54120890117,-48.28908442721,
    70.972221953878));
#11630 = CARTESIAN_POINT('',(10.052338047622,-44.26452561667,
    73.663783906249));
#11631 = CARTESIAN_POINT('',(7.,-39.,76.333333333333));
#11632 = CARTESIAN_POINT('',(16.868509302112,-76.,23.495672868075));
#11633 = CARTESIAN_POINT('',(16.781011245336,-69.44403910291,
    22.418945031532));
#11634 = CARTESIAN_POINT('',(16.781011245336,-64.11070576958,
    22.418945031532));
#11635 = CARTESIAN_POINT('',(17.079836171082,-50.07175003016,
    26.096205163471));
#11636 = CARTESIAN_POINT('',(19.204413687331,-53.03945594123,
    42.834064568659));
#11637 = CARTESIAN_POINT('',(18.834151068382,-49.94148177255,
    58.678785401256));
#11638 = CARTESIAN_POINT('',(19.135653245482,-58.79367844242,
    63.426164679485));
#11639 = CARTESIAN_POINT('',(12.793981600731,-49.21107968034,
    71.972591783048));
#11640 = CARTESIAN_POINT('',(10.201457070044,-44.80828257762,
    74.539464748032));
#11641 = CARTESIAN_POINT('',(7.,-39.,77.));
#11642 = DEFINITIONAL_REPRESENTATION('',(#11643),#11647);
#11643 = LINE('',#11644,#11645);
#11644 = CARTESIAN_POINT('',(-6.99E-15,1.));
#11645 = VECTOR('',#11646,1.);
#11646 = DIRECTION('',(-1.,0.));
#11647 = ( GEOMETRIC_REPRESENTATION_CONTEXT(2) 
PARAMETRIC_REPRESENTATION_CONTEXT() REPRESENTATION_CONTEXT('2D SPACE',''
  ) );
#11648 = ORIENTED_EDGE('',*,*,#11649,.T.);
#11649 = EDGE_CURVE('',#11584,#11650,#11652,.T.);
#11650 = VERTEX_POINT('',#11651);
#11651 = CARTESIAN_POINT('',(7.,-29.,65.));
#11652 = SURFACE_CURVE('',#11653,(#11664,#11678),.PCURVE_S1.);
#11653 = B_SPLINE_CURVE_WITH_KNOTS('',3,(#11654,#11655,#11656,#11657,
    #11658,#11659,#11660,#11661,#11662,#11663),.UNSPECIFIED.,.F.,.F.,(4,
    1,1,1,1,1,1,4),(-1.,-0.892857142857,-0.857142857143,-0.571428571429,
    -0.428571428571,-0.285714285714,-0.142857142857,0.),.UNSPECIFIED.);
#11654 = CARTESIAN_POINT('',(7.,-39.,75.));
#11655 = CARTESIAN_POINT('',(7.,-39.,74.928571428571));
#11656 = CARTESIAN_POINT('',(7.,-38.99920275342,74.691032736474));
#11657 = CARTESIAN_POINT('',(7.,-38.93246004307,73.527200518621));
#11658 = CARTESIAN_POINT('',(7.,-38.53159790928,71.152627942154));
#11659 = CARTESIAN_POINT('',(7.,-36.40898902693,68.077379583643));
#11660 = CARTESIAN_POINT('',(7.,-34.10637287197,66.234012040855));
#11661 = CARTESIAN_POINT('',(7.,-31.43446195078,65.172429798622));
#11662 = CARTESIAN_POINT('',(7.,-29.74799825085,65.));
#11663 = CARTESIAN_POINT('',(7.,-29.,65.));
#11664 = PCURVE('',#10285,#11665);
#11665 = DEFINITIONAL_REPRESENTATION('',(#11666),#11677);
#11666 = B_SPLINE_CURVE_WITH_KNOTS('',3,(#11667,#11668,#11669,#11670,
    #11671,#11672,#11673,#11674,#11675,#11676),.UNSPECIFIED.,.F.,.F.,(4,
    1,1,1,1,1,1,4),(-1.,-0.892857142857,-0.857142857143,-0.571428571429,
    -0.428571428571,-0.285714285714,-0.142857142857,0.),.UNSPECIFIED.);
#11667 = CARTESIAN_POINT('',(7.,-39.));
#11668 = CARTESIAN_POINT('',(7.071428571429,-39.));
#11669 = CARTESIAN_POINT('',(7.308967263526,-38.99920275342));
#11670 = CARTESIAN_POINT('',(8.472799481379,-38.93246004307));
#11671 = CARTESIAN_POINT('',(10.847372057846,-38.53159790928));
#11672 = CARTESIAN_POINT('',(13.922620416357,-36.40898902693));
#11673 = CARTESIAN_POINT('',(15.765987959145,-34.10637287197));
#11674 = CARTESIAN_POINT('',(16.827570201378,-31.43446195078));
#11675 = CARTESIAN_POINT('',(17.,-29.74799825085));
#11676 = CARTESIAN_POINT('',(17.,-29.));
#11677 = ( GEOMETRIC_REPRESENTATION_CONTEXT(2) 
PARAMETRIC_REPRESENTATION_CONTEXT() REPRESENTATION_CONTEXT('2D SPACE',''
  ) );
#11678 = PCURVE('',#11679,#11780);
#11679 = B_SPLINE_SURFACE_WITH_KNOTS('',3,3,(
    (#11680,#11681,#11682,#11683,#11684,#11685,#11686,#11687,#11688
      ,#11689)
    ,(#11690,#11691,#11692,#11693,#11694,#11695,#11696,#11697,#11698
      ,#11699)
    ,(#11700,#11701,#11702,#11703,#11704,#11705,#11706,#11707,#11708
      ,#11709)
    ,(#11710,#11711,#11712,#11713,#11714,#11715,#11716,#11717,#11718
      ,#11719)
    ,(#11720,#11721,#11722,#11723,#11724,#11725,#11726,#11727,#11728
      ,#11729)
    ,(#11730,#11731,#11732,#11733,#11734,#11735,#11736,#11737,#11738
      ,#11739)
    ,(#11740,#11741,#11742,#11743,#11744,#11745,#11746,#11747,#11748
      ,#11749)
    ,(#11750,#11751,#11752,#11753,#11754,#11755,#11756,#11757,#11758
      ,#11759)
    ,(#11760,#11761,#11762,#11763,#11764,#11765,#11766,#11767,#11768
      ,#11769)
    ,(#11770,#11771,#11772,#11773,#11774,#11775,#11776,#11777,#11778
      ,#11779
  )),.UNSPECIFIED.,.F.,.F.,.F.,(4,1,1,1,1,1,1,4),(4,2,2,2,4),(0.,
    0.142857142857,0.285714285714,0.428571428571,0.571428571429,
    0.857142857143,0.892857142857,1.),(0.,0.132926200126,0.453971932017,
    0.829209558084,1.),.UNSPECIFIED.);
#11680 = CARTESIAN_POINT('',(27.484087947239,-76.,11.));
#11681 = CARTESIAN_POINT('',(27.55191619692,-69.89091851562,
    9.634303420921));
#11682 = CARTESIAN_POINT('',(27.55191619692,-64.55758518229,
    9.634303420921));
#11683 = CARTESIAN_POINT('',(27.32026794756,-48.99243889371,
    14.2984547618));
#11684 = CARTESIAN_POINT('',(27.857718097878,-44.49163377307,
    36.861801780706));
#11685 = CARTESIAN_POINT('',(23.407185925081,-35.94905296853,
    54.066926620867));
#11686 = CARTESIAN_POINT('',(16.645863113306,-41.62858791599,
    54.437730867289));
#11687 = CARTESIAN_POINT('',(10.603143581637,-35.13448588953,
    61.01256003718));
#11688 = CARTESIAN_POINT('',(8.772067828325,-32.41256718564,
    63.027213563896));
#11689 = CARTESIAN_POINT('',(7.,-29.,65.));
#11690 = CARTESIAN_POINT('',(27.183463110886,-76.,11.));
#11691 = CARTESIAN_POINT('',(27.266656849808,-69.8820720208,
    9.633301049932));
#11692 = CARTESIAN_POINT('',(27.266656849808,-64.54873868746,
    9.633301049932));
#11693 = CARTESIAN_POINT('',(26.982532107248,-49.01380510597,
    14.30087570611));
#11694 = CARTESIAN_POINT('',(27.164375652375,-44.65216959454,
    36.882583318616));
#11695 = CARTESIAN_POINT('',(22.740934194522,-36.23619234879,
    54.096432406571));
#11696 = CARTESIAN_POINT('',(16.481928602374,-41.78389431688,
    54.470410134196));
#11697 = CARTESIAN_POINT('',(10.581082232706,-35.59315491843,
    61.028986496933));
#11698 = CARTESIAN_POINT('',(8.772152285868,-32.99930857667,
    63.036469981859));
#11699 = CARTESIAN_POINT('',(7.,-29.74799825085,65.));
#11700 = CARTESIAN_POINT('',(26.582231143754,-76.,11.045289767191));
#11701 = CARTESIAN_POINT('',(26.702119695723,-69.85669003838,
    9.674885672222));
#11702 = CARTESIAN_POINT('',(26.702119695723,-64.52335670505,
    9.674885672222));
#11703 = CARTESIAN_POINT('',(26.292674172472,-49.07510812309,
    14.35511420542));
#11704 = CARTESIAN_POINT('',(25.634721393549,-45.15417469295,
    37.010646006471));
#11705 = CARTESIAN_POINT('',(21.255504613441,-37.01164899919,
    54.243824915814));
#11706 = CARTESIAN_POINT('',(16.165440778667,-42.02034654848,
    54.509136302689));
#11707 = CARTESIAN_POINT('',(10.55961943105,-36.54618274418,
    61.127048685869));
#11708 = CARTESIAN_POINT('',(8.788603741527,-34.27152685338,
    63.165507884539));
#11709 = CARTESIAN_POINT('',(7.,-31.43446195078,65.172429798622));
#11710 = CARTESIAN_POINT('',(25.70066203702,-76.,11.24743894373));
#11711 = CARTESIAN_POINT('',(25.87446132077,-69.7911320375,
    9.860833453556));
#11712 = CARTESIAN_POINT('',(25.87446132077,-64.45779870417,
    9.860833453556));
#11713 = CARTESIAN_POINT('',(25.280898903786,-49.23344497732,
    14.596393280931));
#11714 = CARTESIAN_POINT('',(23.382017819768,-46.55581486167,
    37.591116394447));
#11715 = CARTESIAN_POINT('',(19.0832357731,-38.89177890694,
    54.873288836549));
#11716 = CARTESIAN_POINT('',(15.778929556022,-42.36113032531,
    54.35555218708));
#11717 = CARTESIAN_POINT('',(10.573795957854,-37.96828591591,
    61.527520860217));
#11718 = CARTESIAN_POINT('',(8.839831389459,-36.22297346545,
    63.844117269784));
#11719 = CARTESIAN_POINT('',(7.,-34.10637287197,66.234012040855));
#11720 = CARTESIAN_POINT('',(24.859429658715,-76.,11.579458013108));
#11721 = CARTESIAN_POINT('',(25.067223801834,-69.70470405503,
    10.166726447481));
#11722 = CARTESIAN_POINT('',(25.067223801834,-64.3713707217,
    10.166726447481));
#11723 = CARTESIAN_POINT('',(24.357561534165,-49.44218738373,
    14.991512514211));
#11724 = CARTESIAN_POINT('',(21.636050012866,-48.45204179587,
    38.538466657373));
#11725 = CARTESIAN_POINT('',(17.475021628942,-41.3138861159,
    55.888243192892));
#11726 = CARTESIAN_POINT('',(15.533208644165,-42.90959243411,
    53.994856432568));
#11727 = CARTESIAN_POINT('',(10.612511147816,-39.26255199911,
    62.175368306195));
#11728 = CARTESIAN_POINT('',(8.895297480922,-37.93111548389,
    64.9956244578));
#11729 = CARTESIAN_POINT('',(7.,-36.40898902693,68.077379583643));
#11730 = CARTESIAN_POINT('',(23.816403352998,-76.,12.184804041495));
#11731 = CARTESIAN_POINT('',(24.030840283058,-69.58118932865,
    10.732857346832));
#11732 = CARTESIAN_POINT('',(24.030840283058,-64.24785599532,
    10.732857346832));
#11733 = CARTESIAN_POINT('',(23.298491450824,-49.74050235619,
    15.691571622417));
#11734 = CARTESIAN_POINT('',(20.297448638371,-51.18159959205,
    40.071123673637));
#11735 = CARTESIAN_POINT('',(16.420958060191,-44.75236774658,
    57.51434594408));
#11736 = CARTESIAN_POINT('',(15.428101046623,-44.07222784232,
    53.41971166125));
#11737 = CARTESIAN_POINT('',(10.681964129032,-40.72233723444,
    63.277864313612));
#11738 = CARTESIAN_POINT('',(8.959799557451,-39.64282346207,66.930619284
    ));
#11739 = CARTESIAN_POINT('',(7.,-38.53159790928,71.152627942154));
#11740 = CARTESIAN_POINT('',(23.094425622301,-76.,12.85932388491));
#11741 = CARTESIAN_POINT('',(23.271707111014,-69.5016893003,
    11.387814465383));
#11742 = CARTESIAN_POINT('',(23.271707111014,-64.16835596696,
    11.387814465383));
#11743 = CARTESIAN_POINT('',(22.666252205464,-49.93251224412,
    16.413339708208));
#11744 = CARTESIAN_POINT('',(20.340976686305,-52.9185373195,
    41.212904500627));
#11745 = CARTESIAN_POINT('',(16.798315427963,-46.98884270176,
    58.692623606831));
#11746 = CARTESIAN_POINT('',(15.605331427616,-45.51851487455,
    53.220196597276));
#11747 = CARTESIAN_POINT('',(10.764225663901,-41.56487101665,
    64.27854113259));
#11748 = CARTESIAN_POINT('',(9.00473890949,-40.27518465339,
    68.514396132782));
#11749 = CARTESIAN_POINT('',(7.,-38.93246004307,73.527200518621));
#11750 = CARTESIAN_POINT('',(22.54857436717,-76.,13.577494100838));
#11751 = CARTESIAN_POINT('',(22.696702825799,-69.46746463331,
    12.114308435854));
#11752 = CARTESIAN_POINT('',(22.696702825799,-64.13413129998,
    12.114308435854));
#11753 = CARTESIAN_POINT('',(22.190811869109,-50.01517227089,
    17.111406243549));
#11754 = CARTESIAN_POINT('',(20.387700422161,-53.61015616531,
    41.741441492799));
#11755 = CARTESIAN_POINT('',(17.124447346894,-48.01724802049,
    59.185717834672));
#11756 = CARTESIAN_POINT('',(15.861140451337,-46.79158114432,
    53.624225266357));
#11757 = CARTESIAN_POINT('',(10.89482791014,-42.25267044658,
    65.068578946714));
#11758 = CARTESIAN_POINT('',(9.07875272589,-40.69494390451,
    69.469278286351));
#11759 = CARTESIAN_POINT('',(7.,-38.99920275342,74.691032736474));
#11760 = CARTESIAN_POINT('',(22.384790815705,-76.,13.830141191439));
#11761 = CARTESIAN_POINT('',(22.524745752859,-69.46160165076,
    12.373569225492));
#11762 = CARTESIAN_POINT('',(22.524745752859,-64.12826831743,
    12.373569225492));
#11763 = CARTESIAN_POINT('',(22.046769152647,-50.02933265102,
    17.348079810151));
#11764 = CARTESIAN_POINT('',(20.386186867276,-53.71171228845,
    41.840458309142));
#11765 = CARTESIAN_POINT('',(17.209659167845,-48.21320373794,
    59.262983951396));
#11766 = CARTESIAN_POINT('',(15.957858696977,-47.19507942446,
    53.84453488504));
#11767 = CARTESIAN_POINT('',(10.947232733656,-42.4733882543,
    65.312148829646));
#11768 = CARTESIAN_POINT('',(9.109069055177,-40.82329774437,
    69.713262941204));
#11769 = CARTESIAN_POINT('',(7.,-39.,74.928571428571));
#11770 = CARTESIAN_POINT('',(22.273032134568,-76.,14.025962791553));
#11771 = CARTESIAN_POINT('',(22.408314460456,-69.46099604566,
    12.576933437368));
#11772 = CARTESIAN_POINT('',(22.408314460456,-64.12766271233,
    12.576933437368));
#11773 = CARTESIAN_POINT('',(21.946295845667,-50.03079531927,
    17.525684359664));
#11774 = CARTESIAN_POINT('',(20.362559776799,-53.69958642349,
    41.860164981298));
#11775 = CARTESIAN_POINT('',(17.245661972406,-48.25987801581,
    59.259851745524));
#11776 = CARTESIAN_POINT('',(16.035205061393,-47.47741190764,
    54.067058359446));
#11777 = CARTESIAN_POINT('',(10.992058564067,-42.63691884845,
    65.47871424927));
#11778 = CARTESIAN_POINT('',(9.135562276143,-40.91993158117,
    69.842281762082));
#11779 = CARTESIAN_POINT('',(7.,-39.,75.));
#11780 = DEFINITIONAL_REPRESENTATION('',(#11781),#11785);
#11781 = LINE('',#11782,#11783);
#11782 = CARTESIAN_POINT('',(1.55E-15,1.));
#11783 = VECTOR('',#11784,1.);
#11784 = DIRECTION('',(-1.,2.2E-16));
#11785 = ( GEOMETRIC_REPRESENTATION_CONTEXT(2) 
PARAMETRIC_REPRESENTATION_CONTEXT() REPRESENTATION_CONTEXT('2D SPACE',''
  ) );
#11786 = ORIENTED_EDGE('',*,*,#11787,.T.);
#11787 = EDGE_CURVE('',#11650,#11788,#11790,.T.);
#11788 = VERTEX_POINT('',#11789);
#11789 = CARTESIAN_POINT('',(7.,29.,65.));
#11790 = SURFACE_CURVE('',#11791,(#11796,#11804),.PCURVE_S1.);
#11791 = B_SPLINE_CURVE_WITH_KNOTS('',3,(#11792,#11793,#11794,#11795),
  .UNSPECIFIED.,.F.,.F.,(4,4),(-1.,0.),.PIECEWISE_BEZIER_KNOTS.);
#11792 = CARTESIAN_POINT('',(7.,-29.,65.));
#11793 = CARTESIAN_POINT('',(7.,-23.76401224401,65.));
#11794 = CARTESIAN_POINT('',(7.,23.764012244017,65.));
#11795 = CARTESIAN_POINT('',(7.,29.,65.));
#11796 = PCURVE('',#10285,#11797);
#11797 = DEFINITIONAL_REPRESENTATION('',(#11798),#11803);
#11798 = B_SPLINE_CURVE_WITH_KNOTS('',3,(#11799,#11800,#11801,#11802),
  .UNSPECIFIED.,.F.,.F.,(4,4),(-1.,0.),.PIECEWISE_BEZIER_KNOTS.);
#11799 = CARTESIAN_POINT('',(17.,-29.));
#11800 = CARTESIAN_POINT('',(17.,-23.76401224401));
#11801 = CARTESIAN_POINT('',(17.,23.764012244017));
#11802 = CARTESIAN_POINT('',(17.,29.));
#11803 = ( GEOMETRIC_REPRESENTATION_CONTEXT(2) 
PARAMETRIC_REPRESENTATION_CONTEXT() REPRESENTATION_CONTEXT('2D SPACE',''
  ) );
#11804 = PCURVE('',#11805,#11846);
#11805 = B_SPLINE_SURFACE_WITH_KNOTS('',3,3,(
    (#11806,#11807,#11808,#11809,#11810,#11811,#11812,#11813,#11814
      ,#11815)
    ,(#11816,#11817,#11818,#11819,#11820,#11821,#11822,#11823,#11824
      ,#11825)
    ,(#11826,#11827,#11828,#11829,#11830,#11831,#11832,#11833,#11834
      ,#11835)
    ,(#11836,#11837,#11838,#11839,#11840,#11841,#11842,#11843,#11844
      ,#11845)),.UNSPECIFIED.,.F.,.F.,.F.,(4,4),(4,2,2,2,4),(0.,1.),(0.,
    0.132926200126,0.453971932017,0.829209558084,1.),.UNSPECIFIED.);
#11806 = CARTESIAN_POINT('',(62.515912052761,-76.,11.));
#11807 = CARTESIAN_POINT('',(62.397579934882,-70.40595220042,
    9.692660412492));
#11808 = CARTESIAN_POINT('',(62.397579934882,-65.07261886708,
    9.692660412492));
#11809 = CARTESIAN_POINT('',(62.801709896639,-47.74852034246,
    14.157509913817));
#11810 = CARTESIAN_POINT('',(70.70410243969,-38.80474600437,
    35.868296569778));
#11811 = CARTESIAN_POINT('',(59.296214515663,-14.95506882385,
    52.096232853181));
#11812 = CARTESIAN_POINT('',(33.300121965854,-0.928406060757,
    50.233154667854));
#11813 = CARTESIAN_POINT('',(16.046757342955,17.653383614791,
    58.709616313641));
#11814 = CARTESIAN_POINT('',(11.232295923356,23.37296937885,
    61.690186341562));
#11815 = CARTESIAN_POINT('',(7.,29.,65.));
#11816 = CARTESIAN_POINT('',(60.411538198293,-76.,11.));
#11817 = CARTESIAN_POINT('',(60.386700702298,-70.34854860259,
    9.686156175248));
#11818 = CARTESIAN_POINT('',(60.386700702298,-65.01521526926,
    9.686156175248));
#11819 = CARTESIAN_POINT('',(60.471526162085,-47.88716253684,
    14.173219063738));
#11820 = CARTESIAN_POINT('',(66.244303037848,-39.48066627348,
    35.981517000063));
#11821 = CARTESIAN_POINT('',(54.927191771403,-17.24578855487,
    52.312970182768));
#11822 = CARTESIAN_POINT('',(31.525671765573,-5.635231255612,
    50.675306635129));
#11823 = CARTESIAN_POINT('',(15.487865045202,12.313164910436,
    58.950807160837));
#11824 = CARTESIAN_POINT('',(10.986437932181,18.001455253962,
    61.830027569236));
#11825 = CARTESIAN_POINT('',(7.,23.764012244017,65.));
#11826 = CARTESIAN_POINT('',(29.588461801707,-76.,11.));
#11827 = CARTESIAN_POINT('',(29.548731626705,-69.95284397942,
    9.641320017846));
#11828 = CARTESIAN_POINT('',(29.548731626705,-64.61951064609,
    9.641320017846));
#11829 = CARTESIAN_POINT('',(29.684418829741,-48.8428754079,
    14.281508151629));
#11830 = CARTESIAN_POINT('',(32.711115216406,-43.36788302281,
    36.716331015334));
#11831 = CARTESIAN_POINT('',(28.070948038992,-33.93907730675,
    53.860386120942));
#11832 = CARTESIAN_POINT('',(17.793404689832,-40.54144310971,
    54.20897599894));
#11833 = CARTESIAN_POINT('',(10.757573024153,-31.92380268721,
    60.897574818905));
#11834 = CARTESIAN_POINT('',(8.771476625526,-28.3053774484,
    62.962418638157));
#11835 = CARTESIAN_POINT('',(7.,-23.76401224401,65.));
#11836 = CARTESIAN_POINT('',(27.484087947239,-76.,11.));
#11837 = CARTESIAN_POINT('',(27.55191619692,-69.89091851562,
    9.634303420921));
#11838 = CARTESIAN_POINT('',(27.55191619692,-64.55758518229,
    9.634303420921));
#11839 = CARTESIAN_POINT('',(27.32026794756,-48.99243889371,
    14.2984547618));
#11840 = CARTESIAN_POINT('',(27.857718097878,-44.49163377307,
    36.861801780706));
#11841 = CARTESIAN_POINT('',(23.407185925081,-35.94905296853,
    54.066926620867));
#11842 = CARTESIAN_POINT('',(16.645863113306,-41.62858791599,
    54.43773086729));
#11843 = CARTESIAN_POINT('',(10.603143581637,-35.13448588953,
    61.01256003718));
#11844 = CARTESIAN_POINT('',(8.772067828325,-32.41256718564,
    63.027213563896));
#11845 = CARTESIAN_POINT('',(7.,-29.,65.));
#11846 = DEFINITIONAL_REPRESENTATION('',(#11847),#11851);
#11847 = LINE('',#11848,#11849);
#11848 = CARTESIAN_POINT('',(2.2E-16,1.));
#11849 = VECTOR('',#11850,1.);
#11850 = DIRECTION('',(-1.,0.));
#11851 = ( GEOMETRIC_REPRESENTATION_CONTEXT(2) 
PARAMETRIC_REPRESENTATION_CONTEXT() REPRESENTATION_CONTEXT('2D SPACE',''
  ) );
#11852 = ORIENTED_EDGE('',*,*,#11853,.T.);
#11853 = EDGE_CURVE('',#11788,#11854,#11856,.T.);
#11854 = VERTEX_POINT('',#11855);
#11855 = CARTESIAN_POINT('',(7.,39.,75.));
#11856 = SURFACE_CURVE('',#11857,(#11868,#11882),.PCURVE_S1.);
#11857 = B_SPLINE_CURVE_WITH_KNOTS('',3,(#11858,#11859,#11860,#11861,
    #11862,#11863,#11864,#11865,#11866,#11867),.UNSPECIFIED.,.F.,.F.,(4,
    1,1,1,1,1,1,4),(-1.,-0.857142857143,-0.714285714286,-0.571428571429,
    -0.428571428571,-0.285714285714,-0.142857142857,0.),.UNSPECIFIED.);
#11858 = CARTESIAN_POINT('',(7.,29.,65.));
#11859 = CARTESIAN_POINT('',(7.,29.747998250855,65.));
#11860 = CARTESIAN_POINT('',(7.,31.43558664605,65.172225979735));
#11861 = CARTESIAN_POINT('',(7.,34.104639759129,66.235229947646));
#11862 = CARTESIAN_POINT('',(7.,36.41370683483,68.080705607967));
#11863 = CARTESIAN_POINT('',(7.,37.995346646914,70.379057896236));
#11864 = CARTESIAN_POINT('',(7.,38.788196537845,72.624701806433));
#11865 = CARTESIAN_POINT('',(7.,39.005299388082,74.340829532394));
#11866 = CARTESIAN_POINT('',(7.,39.,74.904761904762));
#11867 = CARTESIAN_POINT('',(7.,39.,75.));
#11868 = PCURVE('',#10285,#11869);
#11869 = DEFINITIONAL_REPRESENTATION('',(#11870),#11881);
#11870 = B_SPLINE_CURVE_WITH_KNOTS('',3,(#11871,#11872,#11873,#11874,
    #11875,#11876,#11877,#11878,#11879,#11880),.UNSPECIFIED.,.F.,.F.,(4,
    1,1,1,1,1,1,4),(-1.,-0.857142857143,-0.714285714286,-0.571428571429,
    -0.428571428571,-0.285714285714,-0.142857142857,0.),.UNSPECIFIED.);
#11871 = CARTESIAN_POINT('',(17.,29.));
#11872 = CARTESIAN_POINT('',(17.,29.747998250855));
#11873 = CARTESIAN_POINT('',(16.827774020265,31.43558664605));
#11874 = CARTESIAN_POINT('',(15.764770052354,34.104639759129));
#11875 = CARTESIAN_POINT('',(13.919294392033,36.41370683483));
#11876 = CARTESIAN_POINT('',(11.620942103764,37.995346646914));
#11877 = CARTESIAN_POINT('',(9.375298193567,38.788196537845));
#11878 = CARTESIAN_POINT('',(7.659170467606,39.005299388082));
#11879 = CARTESIAN_POINT('',(7.095238095238,39.));
#11880 = CARTESIAN_POINT('',(7.,39.));
#11881 = ( GEOMETRIC_REPRESENTATION_CONTEXT(2) 
PARAMETRIC_REPRESENTATION_CONTEXT() REPRESENTATION_CONTEXT('2D SPACE',''
  ) );
#11882 = PCURVE('',#11883,#11984);
#11883 = B_SPLINE_SURFACE_WITH_KNOTS('',3,3,(
    (#11884,#11885,#11886,#11887,#11888,#11889,#11890,#11891,#11892
      ,#11893)
    ,(#11894,#11895,#11896,#11897,#11898,#11899,#11900,#11901,#11902
      ,#11903)
    ,(#11904,#11905,#11906,#11907,#11908,#11909,#11910,#11911,#11912
      ,#11913)
    ,(#11914,#11915,#11916,#11917,#11918,#11919,#11920,#11921,#11922
      ,#11923)
    ,(#11924,#11925,#11926,#11927,#11928,#11929,#11930,#11931,#11932
      ,#11933)
    ,(#11934,#11935,#11936,#11937,#11938,#11939,#11940,#11941,#11942
      ,#11943)
    ,(#11944,#11945,#11946,#11947,#11948,#11949,#11950,#11951,#11952
      ,#11953)
    ,(#11954,#11955,#11956,#11957,#11958,#11959,#11960,#11961,#11962
      ,#11963)
    ,(#11964,#11965,#11966,#11967,#11968,#11969,#11970,#11971,#11972
      ,#11973)
    ,(#11974,#11975,#11976,#11977,#11978,#11979,#11980,#11981,#11982
      ,#11983
  )),.UNSPECIFIED.,.F.,.F.,.F.,(4,1,1,1,1,1,1,4),(4,2,2,2,4),(0.,
    0.142857142857,0.285714285714,0.428571428571,0.571428571429,
    0.714285714286,0.857142857143,1.),(0.,0.132926200126,0.453971932017,
    0.829209558084,1.),.UNSPECIFIED.);
#11884 = CARTESIAN_POINT('',(67.726967865432,-76.,14.025962791553));
#11885 = CARTESIAN_POINT('',(67.34756491249,-70.25684622401,
    12.68543365222));
#11886 = CARTESIAN_POINT('',(67.34756491249,-64.92351289068,
    12.68543365222));
#11887 = CARTESIAN_POINT('',(68.643308651478,-48.10864375892,
    17.263632703522));
#11888 = CARTESIAN_POINT('',(81.903516556899,-43.56558168904,
    38.986315051468));
#11889 = CARTESIAN_POINT('',(71.519228090654,-17.39282701293,
    56.795816692268));
#11890 = CARTESIAN_POINT('',(43.519914691012,6.939703815524,
    57.172591146191));
#11891 = CARTESIAN_POINT('',(20.759310861603,27.890880255823,
    67.586519026928));
#11892 = CARTESIAN_POINT('',(13.799800791636,33.778338208566,
    71.143459520916));
#11893 = CARTESIAN_POINT('',(7.,39.,75.));
#11894 = CARTESIAN_POINT('',(67.577956290583,-76.,13.764867324735));
#11895 = CARTESIAN_POINT('',(67.200539213739,-70.27031776071,
    12.422706926608));
#11896 = CARTESIAN_POINT('',(67.200539213739,-64.93698442738,
    12.422706926608));
#11897 = CARTESIAN_POINT('',(68.489500753218,-48.07610706294,
    17.006477082069));
#11898 = CARTESIAN_POINT('',(81.693947384031,-43.24867608391,
    38.740394434461));
#11899 = CARTESIAN_POINT('',(71.334418198238,-17.04023576621,
    56.604531223198));
#11900 = CARTESIAN_POINT('',(43.437410165051,6.978781740592,
    57.079570637111));
#11901 = CARTESIAN_POINT('',(20.732537075168,27.877588270752,
    67.506187093853));
#11902 = CARTESIAN_POINT('',(13.787762216281,33.764016677417,
    71.059481807356));
#11903 = CARTESIAN_POINT('',(7.,39.,74.904761904762));
#11904 = CARTESIAN_POINT('',(67.240612431976,-76.,13.265122172302));
#11905 = CARTESIAN_POINT('',(66.869981839382,-70.29996130544,
    11.922808998412));
#11906 = CARTESIAN_POINT('',(66.869981839382,-64.96662797211,
    11.922808998412));
#11907 = CARTESIAN_POINT('',(68.135766056683,-48.00451144443,
    16.50710091639));
#11908 = CARTESIAN_POINT('',(81.186688198011,-42.55353433432,
    38.24421252807));
#11909 = CARTESIAN_POINT('',(70.831454274194,-16.26180749906,
    56.108820519413));
#11910 = CARTESIAN_POINT('',(43.019858377973,7.085462960468,
    56.61289928358));
#11911 = CARTESIAN_POINT('',(20.543077414811,27.863218049894,
    66.991778610423));
#11912 = CARTESIAN_POINT('',(13.685237187905,33.743581890118,
    70.523588177544));
#11913 = CARTESIAN_POINT('',(7.,39.005299388082,74.340829532394));
#11914 = CARTESIAN_POINT('',(66.628062532979,-76.,12.599711594707));
#11915 = CARTESIAN_POINT('',(66.279377497067,-70.34618392425,
    11.263961900837));
#11916 = CARTESIAN_POINT('',(66.279377497067,-65.01285059091,
    11.263961900837));
#11917 = CARTESIAN_POINT('',(67.470212857357,-47.89287375021,
    15.825838104659));
#11918 = CARTESIAN_POINT('',(80.08654437396,-41.44407767486,
    37.534797751557));
#11919 = CARTESIAN_POINT('',(69.611029934158,-15.07786459783,
    55.142593376788));
#11920 = CARTESIAN_POINT('',(41.730497071902,7.093560158588,
    55.28274955759));
#11921 = CARTESIAN_POINT('',(19.914160970814,27.630266339517,
    65.405103851351));
#11922 = CARTESIAN_POINT('',(13.334819065053,33.49078081727,
    68.867016537169));
#11923 = CARTESIAN_POINT('',(7.,38.788196537845,72.624701806433));
#11924 = CARTESIAN_POINT('',(65.922754048734,-76.,12.033563616757));
#11925 = CARTESIAN_POINT('',(65.609032822914,-70.38724458129,
    10.70790936054));
#11926 = CARTESIAN_POINT('',(65.609032822914,-65.05391124796,
    10.70790936054));
#11927 = CARTESIAN_POINT('',(66.680459154713,-47.7937033182,
    15.235307445441));
#11928 = CARTESIAN_POINT('',(78.620707936007,-40.38411303555,
    36.911743450821));
#11929 = CARTESIAN_POINT('',(67.918188659159,-14.11310748014,
    54.101155848123));
#11930 = CARTESIAN_POINT('',(39.909558292588,6.611088941254,
    53.611378193773));
#11931 = CARTESIAN_POINT('',(19.01928237997,26.822809583364,
    63.340349293381));
#11932 = CARTESIAN_POINT('',(12.834786511615,32.654309273427,
    66.700950488198));
#11933 = CARTESIAN_POINT('',(7.,37.995346646914,70.379057896236));
#11934 = CARTESIAN_POINT('',(65.140639661342,-76.,11.579380655829));
#11935 = CARTESIAN_POINT('',(64.873023491081,-70.41686084553,
    10.263886954753));
#11936 = CARTESIAN_POINT('',(64.873023491081,-65.08352751219,
    10.263886954753));
#11937 = CARTESIAN_POINT('',(65.786991013945,-47.72217358803,
    14.756584530324));
#11938 = CARTESIAN_POINT('',(76.827362899543,-39.49207244848,
    36.413955483147));
#11939 = CARTESIAN_POINT('',(65.84363438047,-13.56627827917,
    53.152642061402));
#11940 = CARTESIAN_POINT('',(37.819714886554,5.41472094744,
    51.976849329261));
#11941 = CARTESIAN_POINT('',(18.005330105382,25.215543805026,
    61.257587503382));
#11942 = CARTESIAN_POINT('',(12.270993222466,31.012744331944,
    64.499591398864));
#11943 = CARTESIAN_POINT('',(7.,36.41370683483,68.080705607967));
#11944 = CARTESIAN_POINT('',(64.299315705109,-76.,11.247476912375));
#11945 = CARTESIAN_POINT('',(64.084330417529,-70.43055538699,
    9.939266263522));
#11946 = CARTESIAN_POINT('',(64.084330417529,-65.09722205365,
    9.939266263522));
#11947 = CARTESIAN_POINT('',(64.818552010157,-47.68909828698,
    14.407090629102));
#11948 = CARTESIAN_POINT('',(74.802825948248,-38.87918429094,
    36.064035629804));
#11949 = CARTESIAN_POINT('',(63.56065533126,-13.54766265259,
    52.450928952462));
#11950 = CARTESIAN_POINT('',(35.8184176616,3.523391060758,
    50.754486224547));
#11951 = CARTESIAN_POINT('',(17.067107910768,22.863682311044,
    59.632017661593));
#11952 = CARTESIAN_POINT('',(11.756350417003,28.627131555177,
    62.758680352036));
#11953 = CARTESIAN_POINT('',(7.,34.104639759129,66.235229947646));
#11954 = CARTESIAN_POINT('',(63.417786984771,-76.,11.045263692839));
#11955 = CARTESIAN_POINT('',(63.255438138686,-70.42693268354,
    9.739877216495));
#11956 = CARTESIAN_POINT('',(63.255438138686,-65.09359935021,
    9.739877216495));
#11957 = CARTESIAN_POINT('',(63.809894816514,-47.69784790502,
    14.1980564177));
#11958 = CARTESIAN_POINT('',(72.693397636449,-38.62436494735,
    35.872059869438));
#11959 = CARTESIAN_POINT('',(61.289402794493,-14.0399181106,
    52.085182631754));
#11960 = CARTESIAN_POINT('',(34.230698367087,1.238458065635,
    50.161566533522));
#11961 = CARTESIAN_POINT('',(16.375190938102,20.139602427993,
    58.758228322439));
#11962 = CARTESIAN_POINT('',(11.388470853969,25.87560746013,
    61.792535351839));
#11963 = CARTESIAN_POINT('',(7.,31.43558664605,65.172225979735));
#11964 = CARTESIAN_POINT('',(62.816536889114,-76.,11.));
#11965 = CARTESIAN_POINT('',(62.68484839668,-70.41415271439,
    9.693589589241));
#11966 = CARTESIAN_POINT('',(62.68484839668,-65.08081938106,
    9.693589589241));
#11967 = CARTESIAN_POINT('',(63.13459328729,-47.72871431469,
    14.155265749543));
#11968 = CARTESIAN_POINT('',(71.341216639953,-38.70818596592,
    35.852122222594));
#11969 = CARTESIAN_POINT('',(59.920360621986,-14.62782314799,
    52.065270377526));
#11970 = CARTESIAN_POINT('',(33.553614851609,-0.256002461492,
    50.169990101101));
#11971 = CARTESIAN_POINT('',(16.126599099776,18.416272001127,
    58.675160478327));
#11972 = CARTESIAN_POINT('',(11.267418493524,24.140328539548,
    61.670209023323));
#11973 = CARTESIAN_POINT('',(7.,29.747998250855,65.));
#11974 = CARTESIAN_POINT('',(62.515912052761,-76.,11.));
#11975 = CARTESIAN_POINT('',(62.397579934882,-70.40595220042,
    9.692660412492));
#11976 = CARTESIAN_POINT('',(62.397579934882,-65.07261886708,
    9.692660412492));
#11977 = CARTESIAN_POINT('',(62.801709896639,-47.74852034246,
    14.157509913817));
#11978 = CARTESIAN_POINT('',(70.70410243969,-38.80474600437,
    35.868296569778));
#11979 = CARTESIAN_POINT('',(59.296214515663,-14.95506882385,
    52.096232853181));
#11980 = CARTESIAN_POINT('',(33.300121965854,-0.928406060757,
    50.233154667854));
#11981 = CARTESIAN_POINT('',(16.046757342955,17.653383614791,
    58.70961631364));
#11982 = CARTESIAN_POINT('',(11.232295923356,23.37296937885,
    61.690186341562));
#11983 = CARTESIAN_POINT('',(7.,29.,65.));
#11984 = DEFINITIONAL_REPRESENTATION('',(#11985),#11989);
#11985 = LINE('',#11986,#11987);
#11986 = CARTESIAN_POINT('',(4.4E-16,1.));
#11987 = VECTOR('',#11988,1.);
#11988 = DIRECTION('',(-1.,0.));
#11989 = ( GEOMETRIC_REPRESENTATION_CONTEXT(2) 
PARAMETRIC_REPRESENTATION_CONTEXT() REPRESENTATION_CONTEXT('2D SPACE',''
  ) );
#11990 = ORIENTED_EDGE('',*,*,#11991,.T.);
#11991 = EDGE_CURVE('',#11854,#11992,#11994,.T.);
#11992 = VERTEX_POINT('',#11993);
#11993 = CARTESIAN_POINT('',(7.,39.,77.));
#11994 = SURFACE_CURVE('',#11995,(#12000,#12008),.PCURVE_S1.);
#11995 = B_SPLINE_CURVE_WITH_KNOTS('',3,(#11996,#11997,#11998,#11999),
  .UNSPECIFIED.,.F.,.F.,(4,4),(-1.,0.),.PIECEWISE_BEZIER_KNOTS.);
#11996 = CARTESIAN_POINT('',(7.,39.,75.));
#11997 = CARTESIAN_POINT('',(7.,39.,75.666666666667));
#11998 = CARTESIAN_POINT('',(7.,39.,76.333333333333));
#11999 = CARTESIAN_POINT('',(7.,39.,77.));
#12000 = PCURVE('',#10285,#12001);
#12001 = DEFINITIONAL_REPRESENTATION('',(#12002),#12007);
#12002 = B_SPLINE_CURVE_WITH_KNOTS('',3,(#12003,#12004,#12005,#12006),
  .UNSPECIFIED.,.F.,.F.,(4,4),(-1.,0.),.PIECEWISE_BEZIER_KNOTS.);
#12003 = CARTESIAN_POINT('',(7.,39.));
#12004 = CARTESIAN_POINT('',(6.333333333333,39.));
#12005 = CARTESIAN_POINT('',(5.666666666667,39.));
#12006 = CARTESIAN_POINT('',(5.,39.));
#12007 = ( GEOMETRIC_REPRESENTATION_CONTEXT(2) 
PARAMETRIC_REPRESENTATION_CONTEXT() REPRESENTATION_CONTEXT('2D SPACE',''
  ) );
#12008 = PCURVE('',#12009,#12050);
#12009 = B_SPLINE_SURFACE_WITH_KNOTS('',3,3,(
    (#12010,#12011,#12012,#12013,#12014,#12015,#12016,#12017,#12018
      ,#12019)
    ,(#12020,#12021,#12022,#12023,#12024,#12025,#12026,#12027,#12028
      ,#12029)
    ,(#12030,#12031,#12032,#12033,#12034,#12035,#12036,#12037,#12038
      ,#12039)
    ,(#12040,#12041,#12042,#12043,#12044,#12045,#12046,#12047,#12048
      ,#12049)),.UNSPECIFIED.,.F.,.F.,.F.,(4,4),(4,2,2,2,4),(0.,1.),(0.,
    0.132926200126,0.453971932017,0.829209558084,1.),.UNSPECIFIED.);
#12010 = CARTESIAN_POINT('',(73.131490697888,-76.,23.495672868075));
#12011 = CARTESIAN_POINT('',(72.802331614104,-69.97394395325,
    22.350508551702));
#12012 = CARTESIAN_POINT('',(72.802331614104,-64.64061061991,
    22.350508551702));
#12013 = CARTESIAN_POINT('',(73.926481594057,-48.79191437438,
    26.261494171465));
#12014 = CARTESIAN_POINT('',(86.713196738567,-50.22059939661,
    44.866813252508));
#12015 = CARTESIAN_POINT('',(74.922515865446,-24.79724319399,
    59.975759000713));
#12016 = CARTESIAN_POINT('',(45.252509736198,6.119067389096,
    59.126021836883));
#12017 = CARTESIAN_POINT('',(21.321560376737,28.170011942316,
    69.273489621501));
#12018 = CARTESIAN_POINT('',(14.052610874094,34.079090362699,
    72.906991505676));
#12019 = CARTESIAN_POINT('',(7.,39.,77.));
#12020 = CARTESIAN_POINT('',(72.698110153743,-76.,22.736311082939));
#12021 = CARTESIAN_POINT('',(72.379626116565,-70.02136655279,
    21.591860053615));
#12022 = CARTESIAN_POINT('',(72.379626116565,-64.68803321946,
    21.591860053615));
#12023 = CARTESIAN_POINT('',(73.467318486749,-48.67737846524,
    25.500409642711));
#12024 = CARTESIAN_POINT('',(86.01207558057,-49.10643934639,
    44.068393591982));
#12025 = CARTESIAN_POINT('',(74.229162048806,-23.55439708756,
    59.223767322994));
#12026 = CARTESIAN_POINT('',(44.746870205779,6.271666212802,
    58.55496129953));
#12027 = CARTESIAN_POINT('',(21.101421960457,28.132017249428,
    68.674716079407));
#12028 = CARTESIAN_POINT('',(13.935618935372,34.033888847264,
    72.282697500186));
#12029 = CARTESIAN_POINT('',(7.,39.,76.333333333333));
#12030 = CARTESIAN_POINT('',(68.770048889377,-76.,15.853631059279));
#12031 = CARTESIAN_POINT('',(68.376744803745,-70.16254546709,
    14.524520731505));
#12032 = CARTESIAN_POINT('',(68.376744803745,-64.82921213375,
    14.524520731505));
#12033 = CARTESIAN_POINT('',(69.719963939296,-48.33640063074,
    19.063722053695));
#12034 = CARTESIAN_POINT('',(83.370500766976,-45.78392092489,
    40.70775937052));
#12035 = CARTESIAN_POINT('',(72.81289733757,-19.86096573995,
    58.134814975759));
#12036 = CARTESIAN_POINT('',(44.097446372741,6.666158340048,
    57.823734709755));
#12037 = CARTESIAN_POINT('',(20.946727366648,27.983924151321,
    68.148842558453));
#12038 = CARTESIAN_POINT('',(13.884070819122,33.87858892661,
    71.731303515836));
#12039 = CARTESIAN_POINT('',(7.,39.,75.666666666667));
#12040 = CARTESIAN_POINT('',(67.726967865432,-76.,14.025962791553));
#12041 = CARTESIAN_POINT('',(67.34756491249,-70.25684622401,
    12.68543365222));
#12042 = CARTESIAN_POINT('',(67.34756491249,-64.92351289068,
    12.68543365222));
#12043 = CARTESIAN_POINT('',(68.643308651478,-48.10864375892,
    17.263632703522));
#12044 = CARTESIAN_POINT('',(81.903516556899,-43.56558168904,
    38.986315051468));
#12045 = CARTESIAN_POINT('',(71.519228090654,-17.39282701293,
    56.795816692268));
#12046 = CARTESIAN_POINT('',(43.519914691012,6.939703815524,
    57.172591146191));
#12047 = CARTESIAN_POINT('',(20.759310861603,27.890880255823,
    67.586519026928));
#12048 = CARTESIAN_POINT('',(13.799800791636,33.778338208566,
    71.143459520916));
#12049 = CARTESIAN_POINT('',(7.,39.,75.));
#12050 = DEFINITIONAL_REPRESENTATION('',(#12051),#12055);
#12051 = LINE('',#12052,#12053);
#12052 = CARTESIAN_POINT('',(7.55E-15,1.));
#12053 = VECTOR('',#12054,1.);
#12054 = DIRECTION('',(-1.,0.));
#12055 = ( GEOMETRIC_REPRESENTATION_CONTEXT(2) 
PARAMETRIC_REPRESENTATION_CONTEXT() REPRESENTATION_CONTEXT('2D SPACE',''
  ) );
#12056 = ORIENTED_EDGE('',*,*,#12057,.T.);
#12057 = EDGE_CURVE('',#11992,#10574,#12058,.T.);
#12058 = SURFACE_CURVE('',#12059,(#12070,#12084),.PCURVE_S1.);
#12059 = B_SPLINE_CURVE_WITH_KNOTS('',3,(#12060,#12061,#12062,#12063,
    #12064,#12065,#12066,#12067,#12068,#12069),.UNSPECIFIED.,.F.,.F.,(4,
    1,1,1,1,1,1,4),(-1.,-0.857142857143,-0.714285714286,-0.571428571429,
    -0.428571428571,-0.285714285714,-0.142857142857,0.),.UNSPECIFIED.);
#12060 = CARTESIAN_POINT('',(7.,39.,77.));
#12061 = CARTESIAN_POINT('',(7.,39.,77.095238095238));
#12062 = CARTESIAN_POINT('',(7.,39.001166220006,77.489100472896));
#12063 = CARTESIAN_POINT('',(7.,39.314883810432,78.525132690058));
#12064 = CARTESIAN_POINT('',(7.,40.270270584405,79.61622283072));
#12065 = CARTESIAN_POINT('',(7.,41.871825262932,80.160251863626));
#12066 = CARTESIAN_POINT('',(7.,43.607945742468,79.733225392114));
#12067 = CARTESIAN_POINT('',(7.,44.788570195178,78.457200119626));
#12068 = CARTESIAN_POINT('',(7.,45.,77.448798950513));
#12069 = CARTESIAN_POINT('',(7.,45.,77.));
#12070 = PCURVE('',#10285,#12071);
#12071 = DEFINITIONAL_REPRESENTATION('',(#12072),#12083);
#12072 = B_SPLINE_CURVE_WITH_KNOTS('',3,(#12073,#12074,#12075,#12076,
    #12077,#12078,#12079,#12080,#12081,#12082),.UNSPECIFIED.,.F.,.F.,(4,
    1,1,1,1,1,1,4),(-1.,-0.857142857143,-0.714285714286,-0.571428571429,
    -0.428571428571,-0.285714285714,-0.142857142857,0.),.UNSPECIFIED.);
#12073 = CARTESIAN_POINT('',(5.,39.));
#12074 = CARTESIAN_POINT('',(4.904761904762,39.));
#12075 = CARTESIAN_POINT('',(4.510899527104,39.001166220006));
#12076 = CARTESIAN_POINT('',(3.474867309942,39.314883810432));
#12077 = CARTESIAN_POINT('',(2.38377716928,40.270270584405));
#12078 = CARTESIAN_POINT('',(1.839748136374,41.871825262932));
#12079 = CARTESIAN_POINT('',(2.266774607886,43.607945742468));
#12080 = CARTESIAN_POINT('',(3.542799880374,44.788570195178));
#12081 = CARTESIAN_POINT('',(4.551201049487,45.));
#12082 = CARTESIAN_POINT('',(5.,45.));
#12083 = ( GEOMETRIC_REPRESENTATION_CONTEXT(2) 
PARAMETRIC_REPRESENTATION_CONTEXT() REPRESENTATION_CONTEXT('2D SPACE',''
  ) );
#12084 = PCURVE('',#12085,#12186);
#12085 = B_SPLINE_SURFACE_WITH_KNOTS('',3,3,(
    (#12086,#12087,#12088,#12089,#12090,#12091,#12092,#12093,#12094
      ,#12095)
    ,(#12096,#12097,#12098,#12099,#12100,#12101,#12102,#12103,#12104
      ,#12105)
    ,(#12106,#12107,#12108,#12109,#12110,#12111,#12112,#12113,#12114
      ,#12115)
    ,(#12116,#12117,#12118,#12119,#12120,#12121,#12122,#12123,#12124
      ,#12125)
    ,(#12126,#12127,#12128,#12129,#12130,#12131,#12132,#12133,#12134
      ,#12135)
    ,(#12136,#12137,#12138,#12139,#12140,#12141,#12142,#12143,#12144
      ,#12145)
    ,(#12146,#12147,#12148,#12149,#12150,#12151,#12152,#12153,#12154
      ,#12155)
    ,(#12156,#12157,#12158,#12159,#12160,#12161,#12162,#12163,#12164
      ,#12165)
    ,(#12166,#12167,#12168,#12169,#12170,#12171,#12172,#12173,#12174
      ,#12175)
    ,(#12176,#12177,#12178,#12179,#12180,#12181,#12182,#12183,#12184
      ,#12185
  )),.UNSPECIFIED.,.F.,.F.,.F.,(4,1,1,1,1,1,1,4),(4,2,2,2,4),(0.,
    0.142857142857,0.285714285714,0.428571428571,0.571428571429,
    0.714285714286,0.857142857143,1.),(0.,0.132926200126,0.453971932017,
    0.829209558084,1.),.UNSPECIFIED.);
#12086 = CARTESIAN_POINT('',(75.,-76.,23.));
#12087 = CARTESIAN_POINT('',(74.638829229175,-70.02789513078,
    21.849847810252));
#12088 = CARTESIAN_POINT('',(74.638829229175,-64.69456179744,
    21.849847810252));
#12089 = CARTESIAN_POINT('',(75.872306094267,-48.66161052712,
    25.777868104223));
#12090 = CARTESIAN_POINT('',(89.510667867784,-49.33724186595,
    44.446353736496));
#12091 = CARTESIAN_POINT('',(77.423258351665,-22.93426008631,
    59.659865904926));
#12092 = CARTESIAN_POINT('',(46.282682055675,7.36036679878,
    58.843491088845));
#12093 = CARTESIAN_POINT('',(21.635643318489,31.892212536835,
    69.148586236525));
#12094 = CARTESIAN_POINT('',(14.187338369748,38.819221912364,
    72.840157175239));
#12095 = CARTESIAN_POINT('',(7.,45.,77.));
#12096 = CARTESIAN_POINT('',(75.,-76.,23.124903964478));
#12097 = CARTESIAN_POINT('',(74.634802291144,-70.0211204737,
    21.975313581865));
#12098 = CARTESIAN_POINT('',(74.634802291144,-64.68778714037,
    21.975313581865));
#12099 = CARTESIAN_POINT('',(75.882032026898,-48.67797279986,
    25.901415182077));
#12100 = CARTESIAN_POINT('',(89.591822838839,-49.49585676808,
    44.548330049682));
#12101 = CARTESIAN_POINT('',(77.544522131063,-23.11245332665,
    59.781416620386));
#12102 = CARTESIAN_POINT('',(46.43878962363,7.332706753664,
    58.907077342016));
#12103 = CARTESIAN_POINT('',(21.716154975091,31.894212306924,
    69.408680274382));
#12104 = CARTESIAN_POINT('',(14.233131003193,38.82364749325,
    73.183641206072));
#12105 = CARTESIAN_POINT('',(7.,45.,77.448798950513));
#12106 = CARTESIAN_POINT('',(74.952637172687,-76.,23.374652214541));
#12107 = CARTESIAN_POINT('',(74.581146404782,-70.00573535765,
    22.22567356536));
#12108 = CARTESIAN_POINT('',(74.581146404782,-64.67240202431,
    22.22567356536));
#12109 = CARTESIAN_POINT('',(75.849868308162,-48.71513120685,
    26.149685962633));
#12110 = CARTESIAN_POINT('',(89.659085858013,-49.84259360441,
    44.758782525409));
#12111 = CARTESIAN_POINT('',(77.700920482634,-23.53287578968,
    60.044263209258));
#12112 = CARTESIAN_POINT('',(46.741324328261,7.232943559754,
    59.038202966192));
#12113 = CARTESIAN_POINT('',(21.881377038079,31.766461920779,
    69.987816526647));
#12114 = CARTESIAN_POINT('',(14.328962512072,38.665085958252,
    73.952576386625));
#12115 = CARTESIAN_POINT('',(7.,44.788570195178,78.457200119626));
#12116 = CARTESIAN_POINT('',(74.749485063643,-76.,23.697417437032));
#12117 = CARTESIAN_POINT('',(74.375512457344,-69.9816939816,
    22.548529222148));
#12118 = CARTESIAN_POINT('',(74.375512457344,-64.64836064827,
    22.548529222148));
#12119 = CARTESIAN_POINT('',(75.652710379521,-48.77319636751,
    26.472232766596));
#12120 = CARTESIAN_POINT('',(89.463109605879,-50.33586574184,
    45.046332432863));
#12121 = CARTESIAN_POINT('',(77.62257645113,-24.24659189788,
    60.403334599084));
#12122 = CARTESIAN_POINT('',(46.987925230106,6.98840862554,
    59.232970771101));
#12123 = CARTESIAN_POINT('',(22.041001755274,31.069903343741,
    70.734959118035));
#12124 = CARTESIAN_POINT('',(14.426310652337,37.760043060469,
    74.933605075878));
#12125 = CARTESIAN_POINT('',(7.,43.607945742468,79.733225392114));
#12126 = CARTESIAN_POINT('',(74.442180119367,-76.,23.92320985827));
#12127 = CARTESIAN_POINT('',(74.072718169426,-69.96147354946,
    22.774346249951));
#12128 = CARTESIAN_POINT('',(74.072718169426,-64.62814021612,
    22.774346249951));
#12129 = CARTESIAN_POINT('',(75.334511217472,-48.82203311626,
    26.697965757619));
#12130 = CARTESIAN_POINT('',(89.013082947625,-50.70760619377,
    45.266574822389));
#12131 = CARTESIAN_POINT('',(77.240006640513,-24.89729173707,
    60.63429330242));
#12132 = CARTESIAN_POINT('',(46.902399226874,6.697829491608,
    59.410302823714));
#12133 = CARTESIAN_POINT('',(22.036402041791,30.045367592107,
    71.037811048367));
#12134 = CARTESIAN_POINT('',(14.431681738534,36.421788387653,
    75.29093551225));
#12135 = CARTESIAN_POINT('',(7.,41.871825262932,80.160251863626));
#12136 = CARTESIAN_POINT('',(74.073615090179,-76.,24.021115423336));
#12137 = CARTESIAN_POINT('',(73.713994750964,-69.94904633528,
    22.872738745107));
#12138 = CARTESIAN_POINT('',(73.713994750964,-64.61571300194,
    22.872738745107));
#12139 = CARTESIAN_POINT('',(74.942176554341,-48.85204754584,
    26.794695280438));
#12140 = CARTESIAN_POINT('',(88.394254474205,-50.90034104595,
    45.382059910565));
#12141 = CARTESIAN_POINT('',(76.635769861029,-25.33896685802,
    60.685519410254));
#12142 = CARTESIAN_POINT('',(46.519260297015,6.408121947069,
    59.520974886062));
#12143 = CARTESIAN_POINT('',(21.878657175919,29.070870339232,
    70.808453653698));
#12144 = CARTESIAN_POINT('',(14.350018600231,35.166874236525,
    74.921235315087));
#12145 = CARTESIAN_POINT('',(7.,40.270270584405,79.61622283072));
#12146 = CARTESIAN_POINT('',(73.694808895173,-76.,23.977072935717));
#12147 = CARTESIAN_POINT('',(73.347550285807,-69.94691700175,
    22.829793276244));
#12148 = CARTESIAN_POINT('',(73.347550285807,-64.61358366842,
    22.829793276244));
#12149 = CARTESIAN_POINT('',(74.533514088689,-48.85719035019,
    26.74800325353));
#12150 = CARTESIAN_POINT('',(87.716458833097,-50.88450334665,
    45.358742242797));
#12151 = CARTESIAN_POINT('',(75.942993118007,-25.47175491795,
    60.558379034148));
#12152 = CARTESIAN_POINT('',(46.001093550151,6.181358919965,
    59.505663152069));
#12153 = CARTESIAN_POINT('',(21.649798659581,28.443812636792,
    70.2360568434));
#12154 = CARTESIAN_POINT('',(14.227610200217,34.388637862994,
    74.117857751474));
#12155 = CARTESIAN_POINT('',(7.,39.314883810432,78.525132690058));
#12156 = CARTESIAN_POINT('',(73.35831858517,-76.,23.797662641483));
#12157 = CARTESIAN_POINT('',(73.022578210676,-69.9554601797,
    22.651758106578));
#12158 = CARTESIAN_POINT('',(73.022578210676,-64.62212684637,
    22.651758106578));
#12159 = CARTESIAN_POINT('',(74.16920473217,-48.83655671427,
    26.56527173389));
#12160 = CARTESIAN_POINT('',(87.102430498396,-50.65657517413,
    45.184032092814));
#12161 = CARTESIAN_POINT('',(75.312728535651,-25.27966198443,
    60.299675089427));
#12162 = CARTESIAN_POINT('',(45.531868392048,6.077224433392,
    59.359223709803));
#12163 = CARTESIAN_POINT('',(21.442716939858,28.195747479497,
    69.631202249541));
#12164 = CARTESIAN_POINT('',(14.116887400652,34.103682017215,
    73.321481860861));
#12165 = CARTESIAN_POINT('',(7.,39.001166220006,77.489100472896));
#12166 = CARTESIAN_POINT('',(73.193402204195,-76.,23.604153123094));
#12167 = CARTESIAN_POINT('',(72.862718113753,-69.96716929617,
    22.458886908571));
#12168 = CARTESIAN_POINT('',(72.862718113753,-64.63383596284,
    22.458886908571));
#12169 = CARTESIAN_POINT('',(73.992076323673,-48.80827664711,
    26.370220532715));
#12170 = CARTESIAN_POINT('',(86.813356903995,-50.37976511807,
    44.980873204012));
#12171 = CARTESIAN_POINT('',(75.02156641068,-24.97479263777,
    60.083186383245));
#12172 = CARTESIAN_POINT('',(45.324743954829,6.097267557138,
    59.207601913648));
#12173 = CARTESIAN_POINT('',(21.35300872192,28.175439755586,
    69.359028698944));
#12174 = CARTESIAN_POINT('',(14.069324008197,34.085547722047,
    72.996176363603));
#12175 = CARTESIAN_POINT('',(7.,39.,77.095238095238));
#12176 = CARTESIAN_POINT('',(73.131490697888,-76.,23.495672868075));
#12177 = CARTESIAN_POINT('',(72.802331614104,-69.97394395325,
    22.350508551702));
#12178 = CARTESIAN_POINT('',(72.802331614104,-64.64061061991,
    22.350508551702));
#12179 = CARTESIAN_POINT('',(73.926481594057,-48.79191437438,
    26.261494171465));
#12180 = CARTESIAN_POINT('',(86.713196738567,-50.22059939661,
    44.866813252508));
#12181 = CARTESIAN_POINT('',(74.922515865446,-24.79724319399,
    59.975759000713));
#12182 = CARTESIAN_POINT('',(45.252509736198,6.119067389096,
    59.126021836883));
#12183 = CARTESIAN_POINT('',(21.321560376737,28.170011942316,
    69.273489621501));
#12184 = CARTESIAN_POINT('',(14.052610874094,34.079090362699,
    72.906991505676));
#12185 = CARTESIAN_POINT('',(7.,39.,77.));
#12186 = DEFINITIONAL_REPRESENTATION('',(#12187),#12191);
#12187 = LINE('',#12188,#12189);
#12188 = CARTESIAN_POINT('',(-9.88E-15,1.));
#12189 = VECTOR('',#12190,1.);
#12190 = DIRECTION('',(-1.,0.));
#12191 = ( GEOMETRIC_REPRESENTATION_CONTEXT(2) 
PARAMETRIC_REPRESENTATION_CONTEXT() REPRESENTATION_CONTEXT('2D SPACE',''
  ) );
#12192 = ORIENTED_EDGE('',*,*,#10573,.F.);
#12193 = ORIENTED_EDGE('',*,*,#11038,.F.);
#12194 = ORIENTED_EDGE('',*,*,#10269,.F.);
#12195 = ADVANCED_FACE('',(#12196),#8387,.F.);
#12196 = FACE_BOUND('',#12197,.F.);
#12197 = EDGE_LOOP('',(#12198,#12199,#12200,#12201,#12231));
#12198 = ORIENTED_EDGE('',*,*,#8364,.T.);
#12199 = ORIENTED_EDGE('',*,*,#10179,.T.);
#12200 = ORIENTED_EDGE('',*,*,#10224,.T.);
#12201 = ORIENTED_EDGE('',*,*,#12202,.F.);
#12202 = EDGE_CURVE('',#12203,#10225,#12205,.T.);
#12203 = VERTEX_POINT('',#12204);
#12204 = CARTESIAN_POINT('',(15.,-76.,23.));
#12205 = SURFACE_CURVE('',#12206,(#12217,#12224),.PCURVE_S1.);
#12206 = B_SPLINE_CURVE_WITH_KNOTS('',3,(#12207,#12208,#12209,#12210,
    #12211,#12212,#12213,#12214,#12215,#12216),.UNSPECIFIED.,.F.,.F.,(4,
    2,2,2,4),(0.,0.132926200126,0.453971932017,0.829209558084,1.),
  .UNSPECIFIED.);
#12207 = CARTESIAN_POINT('',(15.,-76.,23.));
#12208 = CARTESIAN_POINT('',(14.954381205297,-69.41374533238,
    21.903241323098));
#12209 = CARTESIAN_POINT('',(14.954381205297,-64.08041199905,
    21.903241323098));
#12210 = CARTESIAN_POINT('',(15.110179327474,-50.14491608563,
    25.648911138677));
#12211 = CARTESIAN_POINT('',(16.283864496581,-53.4902335003,
    42.977708468318));
#12212 = CARTESIAN_POINT('',(15.947689352932,-51.04041872234,
    58.51089469114));
#12213 = CARTESIAN_POINT('',(16.916690331838,-58.64775622971,
    60.950601235593));
#12214 = CARTESIAN_POINT('',(11.810972981617,-52.18528411006,
    70.524463847712));
#12215 = CARTESIAN_POINT('',(9.67498143956,-49.11639713978,
    73.681168923244));
#12216 = CARTESIAN_POINT('',(7.,-45.,77.));
#12217 = PCURVE('',#8387,#12218);
#12218 = DEFINITIONAL_REPRESENTATION('',(#12219),#12223);
#12219 = LINE('',#12220,#12221);
#12220 = CARTESIAN_POINT('',(-1.48E-15,5.E-17));
#12221 = VECTOR('',#12222,1.);
#12222 = DIRECTION('',(1.87E-15,1.));
#12223 = ( GEOMETRIC_REPRESENTATION_CONTEXT(2) 
PARAMETRIC_REPRESENTATION_CONTEXT() REPRESENTATION_CONTEXT('2D SPACE',''
  ) );
#12224 = PCURVE('',#11475,#12225);
#12225 = DEFINITIONAL_REPRESENTATION('',(#12226),#12230);
#12226 = LINE('',#12227,#12228);
#12227 = CARTESIAN_POINT('',(1.,-5.E-17));
#12228 = VECTOR('',#12229,1.);
#12229 = DIRECTION('',(-4.4E-16,1.));
#12230 = ( GEOMETRIC_REPRESENTATION_CONTEXT(2) 
PARAMETRIC_REPRESENTATION_CONTEXT() REPRESENTATION_CONTEXT('2D SPACE',''
  ) );
#12231 = ORIENTED_EDGE('',*,*,#12232,.T.);
#12232 = EDGE_CURVE('',#12203,#8365,#12233,.T.);
#12233 = SURFACE_CURVE('',#12234,(#12238,#12267),.PCURVE_S1.);
#12234 = LINE('',#12235,#12236);
#12235 = CARTESIAN_POINT('',(15.,-76.,23.));
#12236 = VECTOR('',#12237,1.);
#12237 = DIRECTION('',(-3.E-16,0.,-1.));
#12238 = PCURVE('',#8387,#12239);
#12239 = DEFINITIONAL_REPRESENTATION('',(#12240),#12266);
#12240 = B_SPLINE_CURVE_WITH_KNOTS('',3,(#12241,#12242,#12243,#12244,
    #12245,#12246,#12247,#12248,#12249,#12250,#12251,#12252,#12253,
    #12254,#12255,#12256,#12257,#12258,#12259,#12260,#12261,#12262,
    #12263,#12264,#12265),.UNSPECIFIED.,.F.,.F.,(4,1,1,1,1,1,1,1,1,1,1,1
    ,1,1,1,1,1,1,1,1,1,1,4),(0.,0.681818181818,1.363636363636,
    2.045454545455,2.727272727273,3.409090909091,4.090909090909,
    4.772727272727,5.454545454545,6.136363636364,6.818181818182,7.5,
    8.181818181818,8.863636363636,9.545454545455,10.227272727273,
    10.909090909091,11.590909090909,12.272727272727,12.954545454545,
    13.636363636364,14.318181818182,15.),.QUASI_UNIFORM_KNOTS.);
#12241 = CARTESIAN_POINT('',(0.,0.));
#12242 = CARTESIAN_POINT('',(5.44146063043E-02,0.));
#12243 = CARTESIAN_POINT('',(0.133152365213,0.));
#12244 = CARTESIAN_POINT('',(0.196014082288,0.));
#12245 = CARTESIAN_POINT('',(0.254257732944,0.));
#12246 = CARTESIAN_POINT('',(0.303919219346,0.));
#12247 = CARTESIAN_POINT('',(0.349825507841,0.));
#12248 = CARTESIAN_POINT('',(0.39262479355,0.));
#12249 = CARTESIAN_POINT('',(0.433307463533,0.));
#12250 = CARTESIAN_POINT('',(0.472379277334,0.));
#12251 = CARTESIAN_POINT('',(0.510254951229,0.));
#12252 = CARTESIAN_POINT('',(0.547240518494,0.));
#12253 = CARTESIAN_POINT('',(0.583587587674,0.));
#12254 = CARTESIAN_POINT('',(0.619509209259,0.));
#12255 = CARTESIAN_POINT('',(0.655195889512,0.));
#12256 = CARTESIAN_POINT('',(0.690826106314,0.));
#12257 = CARTESIAN_POINT('',(0.726575547131,0.));
#12258 = CARTESIAN_POINT('',(0.762625881757,0.));
#12259 = CARTESIAN_POINT('',(0.799174178413,0.));
#12260 = CARTESIAN_POINT('',(0.836445555214,0.));
#12261 = CARTESIAN_POINT('',(0.874707033588,0.));
#12262 = CARTESIAN_POINT('',(0.914302372353,0.));
#12263 = CARTESIAN_POINT('',(0.955655816006,0.));
#12264 = CARTESIAN_POINT('',(0.984873582513,-0.));
#12265 = CARTESIAN_POINT('',(1.,0.));
#12266 = ( GEOMETRIC_REPRESENTATION_CONTEXT(2) 
PARAMETRIC_REPRESENTATION_CONTEXT() REPRESENTATION_CONTEXT('2D SPACE',''
  ) );
#12267 = PCURVE('',#8448,#12268);
#12268 = DEFINITIONAL_REPRESENTATION('',(#12269),#12273);
#12269 = LINE('',#12270,#12271);
#12270 = CARTESIAN_POINT('',(10.758442787121,-30.));
#12271 = VECTOR('',#12272,1.);
#12272 = DIRECTION('',(-1.,-3.E-16));
#12273 = ( GEOMETRIC_REPRESENTATION_CONTEXT(2) 
PARAMETRIC_REPRESENTATION_CONTEXT() REPRESENTATION_CONTEXT('2D SPACE',''
  ) );
#12274 = ADVANCED_FACE('',(#12275),#11475,.F.);
#12275 = FACE_BOUND('',#12276,.F.);
#12276 = EDGE_LOOP('',(#12277,#12278,#12279,#12309));
#12277 = ORIENTED_EDGE('',*,*,#12202,.T.);
#12278 = ORIENTED_EDGE('',*,*,#11445,.T.);
#12279 = ORIENTED_EDGE('',*,*,#12280,.F.);
#12280 = EDGE_CURVE('',#12281,#11446,#12283,.T.);
#12281 = VERTEX_POINT('',#12282);
#12282 = CARTESIAN_POINT('',(16.868509302112,-76.,23.495672868075));
#12283 = SURFACE_CURVE('',#12284,(#12295,#12302),.PCURVE_S1.);
#12284 = B_SPLINE_CURVE_WITH_KNOTS('',3,(#12285,#12286,#12287,#12288,
    #12289,#12290,#12291,#12292,#12293,#12294),.UNSPECIFIED.,.F.,.F.,(4,
    2,2,2,4),(0.,0.132926200126,0.453971932017,0.829209558084,1.),
  .UNSPECIFIED.);
#12285 = CARTESIAN_POINT('',(16.868509302112,-76.,23.495672868075));
#12286 = CARTESIAN_POINT('',(16.781011245336,-69.44403910291,
    22.418945031532));
#12287 = CARTESIAN_POINT('',(16.781011245336,-64.11070576958,
    22.418945031532));
#12288 = CARTESIAN_POINT('',(17.079836171083,-50.07175003016,
    26.096205163471));
#12289 = CARTESIAN_POINT('',(19.204413687331,-53.03945594123,
    42.834064568659));
#12290 = CARTESIAN_POINT('',(18.834151068382,-49.94148177255,
    58.678785401256));
#12291 = CARTESIAN_POINT('',(19.135653245482,-58.79367844242,
    63.426164679485));
#12292 = CARTESIAN_POINT('',(12.793981600731,-49.21107968034,
    71.972591783048));
#12293 = CARTESIAN_POINT('',(10.201457070044,-44.80828257762,
    74.539464748032));
#12294 = CARTESIAN_POINT('',(7.,-39.,77.));
#12295 = PCURVE('',#11475,#12296);
#12296 = DEFINITIONAL_REPRESENTATION('',(#12297),#12301);
#12297 = LINE('',#12298,#12299);
#12298 = CARTESIAN_POINT('',(1.81E-15,-4.E-17));
#12299 = VECTOR('',#12300,1.);
#12300 = DIRECTION('',(-2.3E-15,1.));
#12301 = ( GEOMETRIC_REPRESENTATION_CONTEXT(2) 
PARAMETRIC_REPRESENTATION_CONTEXT() REPRESENTATION_CONTEXT('2D SPACE',''
  ) );
#12302 = PCURVE('',#11601,#12303);
#12303 = DEFINITIONAL_REPRESENTATION('',(#12304),#12308);
#12304 = LINE('',#12305,#12306);
#12305 = CARTESIAN_POINT('',(1.,-5.E-17));
#12306 = VECTOR('',#12307,1.);
#12307 = DIRECTION('',(-3.E-15,1.));
#12308 = ( GEOMETRIC_REPRESENTATION_CONTEXT(2) 
PARAMETRIC_REPRESENTATION_CONTEXT() REPRESENTATION_CONTEXT('2D SPACE',''
  ) );
#12309 = ORIENTED_EDGE('',*,*,#12310,.T.);
#12310 = EDGE_CURVE('',#12281,#12203,#12311,.T.);
#12311 = SURFACE_CURVE('',#12312,(#12317,#12323),.PCURVE_S1.);
#12312 = CIRCLE('',#12313,1.);
#12313 = AXIS2_PLACEMENT_3D('',#12314,#12315,#12316);
#12314 = CARTESIAN_POINT('',(16.,-76.,23.));
#12315 = DIRECTION('',(0.,-1.,0.));
#12316 = DIRECTION('',(1.,0.,0.));
#12317 = PCURVE('',#11475,#12318);
#12318 = DEFINITIONAL_REPRESENTATION('',(#12319),#12322);
#12319 = B_SPLINE_CURVE_WITH_KNOTS('',1,(#12320,#12321),.UNSPECIFIED.,
  .F.,.F.,(2,2),(0.518609399561,3.14159265359),
  .PIECEWISE_BEZIER_KNOTS.);
#12320 = CARTESIAN_POINT('',(3.1E-16,-6.E-17));
#12321 = CARTESIAN_POINT('',(1.,-5.E-17));
#12322 = ( GEOMETRIC_REPRESENTATION_CONTEXT(2) 
PARAMETRIC_REPRESENTATION_CONTEXT() REPRESENTATION_CONTEXT('2D SPACE',''
  ) );
#12323 = PCURVE('',#8448,#12324);
#12324 = DEFINITIONAL_REPRESENTATION('',(#12325),#12333);
#12325 = ( BOUNDED_CURVE() B_SPLINE_CURVE(2,(#12326,#12327,#12328,#12329
    ,#12330,#12331,#12332),.UNSPECIFIED.,.T.,.F.) 
B_SPLINE_CURVE_WITH_KNOTS((1,2,2,2,2,1),(-2.094395102393,0.,
    2.094395102393,4.188790204786,6.28318530718,8.377580409573),
.UNSPECIFIED.) CURVE() GEOMETRIC_REPRESENTATION_ITEM() 
RATIONAL_B_SPLINE_CURVE((1.,0.5,1.,0.5,1.,0.5,1.)) REPRESENTATION_ITEM(
  '') );
#12326 = CARTESIAN_POINT('',(10.758442787121,-28.));
#12327 = CARTESIAN_POINT('',(12.49049359469,-28.));
#12328 = CARTESIAN_POINT('',(11.624468190906,-29.5));
#12329 = CARTESIAN_POINT('',(10.758442787121,-31.));
#12330 = CARTESIAN_POINT('',(9.892417383337,-29.5));
#12331 = CARTESIAN_POINT('',(9.026391979553,-28.));
#12332 = CARTESIAN_POINT('',(10.758442787121,-28.));
#12333 = ( GEOMETRIC_REPRESENTATION_CONTEXT(2) 
PARAMETRIC_REPRESENTATION_CONTEXT() REPRESENTATION_CONTEXT('2D SPACE',''
  ) );
#12334 = ADVANCED_FACE('',(#12335),#11601,.F.);
#12335 = FACE_BOUND('',#12336,.F.);
#12336 = EDGE_LOOP('',(#12337,#12338,#12339,#12369));
#12337 = ORIENTED_EDGE('',*,*,#12280,.T.);
#12338 = ORIENTED_EDGE('',*,*,#11583,.T.);
#12339 = ORIENTED_EDGE('',*,*,#12340,.F.);
#12340 = EDGE_CURVE('',#12341,#11584,#12343,.T.);
#12341 = VERTEX_POINT('',#12342);
#12342 = CARTESIAN_POINT('',(22.273032134568,-76.,14.025962791553));
#12343 = SURFACE_CURVE('',#12344,(#12355,#12362),.PCURVE_S1.);
#12344 = B_SPLINE_CURVE_WITH_KNOTS('',3,(#12345,#12346,#12347,#12348,
    #12349,#12350,#12351,#12352,#12353,#12354),.UNSPECIFIED.,.F.,.F.,(4,
    2,2,2,4),(0.,0.132926200126,0.453971932017,0.829209558084,1.),
  .UNSPECIFIED.);
#12345 = CARTESIAN_POINT('',(22.273032134568,-76.,14.025962791553));
#12346 = CARTESIAN_POINT('',(22.408314460456,-69.46099604566,
    12.576933437368));
#12347 = CARTESIAN_POINT('',(22.408314460456,-64.12766271233,
    12.576933437368));
#12348 = CARTESIAN_POINT('',(21.946295845667,-50.03079531927,
    17.525684359664));
#12349 = CARTESIAN_POINT('',(20.362559776799,-53.69958642349,
    41.860164981298));
#12350 = CARTESIAN_POINT('',(17.245661972406,-48.25987801581,
    59.259851745524));
#12351 = CARTESIAN_POINT('',(16.035205061393,-47.47741190764,
    54.067058359446));
#12352 = CARTESIAN_POINT('',(10.992058564067,-42.63691884845,
    65.47871424927));
#12353 = CARTESIAN_POINT('',(9.135562276143,-40.91993158117,
    69.842281762082));
#12354 = CARTESIAN_POINT('',(7.,-39.,75.));
#12355 = PCURVE('',#11601,#12356);
#12356 = DEFINITIONAL_REPRESENTATION('',(#12357),#12361);
#12357 = LINE('',#12358,#12359);
#12358 = CARTESIAN_POINT('',(7.E-17,5.E-17));
#12359 = VECTOR('',#12360,1.);
#12360 = DIRECTION('',(1.97E-15,1.));
#12361 = ( GEOMETRIC_REPRESENTATION_CONTEXT(2) 
PARAMETRIC_REPRESENTATION_CONTEXT() REPRESENTATION_CONTEXT('2D SPACE',''
  ) );
#12362 = PCURVE('',#11679,#12363);
#12363 = DEFINITIONAL_REPRESENTATION('',(#12364),#12368);
#12364 = LINE('',#12365,#12366);
#12365 = CARTESIAN_POINT('',(1.,3.E-17));
#12366 = VECTOR('',#12367,1.);
#12367 = DIRECTION('',(-5.851E-14,1.));
#12368 = ( GEOMETRIC_REPRESENTATION_CONTEXT(2) 
PARAMETRIC_REPRESENTATION_CONTEXT() REPRESENTATION_CONTEXT('2D SPACE',''
  ) );
#12369 = ORIENTED_EDGE('',*,*,#12370,.T.);
#12370 = EDGE_CURVE('',#12341,#12281,#12371,.T.);
#12371 = SURFACE_CURVE('',#12372,(#12376,#12405),.PCURVE_S1.);
#12372 = LINE('',#12373,#12374);
#12373 = CARTESIAN_POINT('',(22.273032134568,-76.,14.025962791553));
#12374 = VECTOR('',#12375,1.);
#12375 = DIRECTION('',(-0.495672868075,0.,0.868509302112));
#12376 = PCURVE('',#11601,#12377);
#12377 = DEFINITIONAL_REPRESENTATION('',(#12378),#12404);
#12378 = B_SPLINE_CURVE_WITH_KNOTS('',3,(#12379,#12380,#12381,#12382,
    #12383,#12384,#12385,#12386,#12387,#12388,#12389,#12390,#12391,
    #12392,#12393,#12394,#12395,#12396,#12397,#12398,#12399,#12400,
    #12401,#12402,#12403),.UNSPECIFIED.,.F.,.F.,(4,1,1,1,1,1,1,1,1,1,1,1
    ,1,1,1,1,1,1,1,1,1,1,4),(0.,0.495609391941,0.991218783882,
    1.486828175823,1.982437567763,2.478046959704,2.973656351645,
    3.469265743586,3.964875135527,4.460484527468,4.956093919409,
    5.45170331135,5.94731270329,6.442922095231,6.938531487172,
    7.434140879113,7.929750271054,8.425359662995,8.920969054936,
    9.416578446877,9.912187838817,10.407797230758,10.903406622699),
  .QUASI_UNIFORM_KNOTS.);
#12379 = CARTESIAN_POINT('',(0.,0.));
#12380 = CARTESIAN_POINT('',(2.516557154675E-02,0.));
#12381 = CARTESIAN_POINT('',(6.901325363738E-02,0.));
#12382 = CARTESIAN_POINT('',(0.121373687277,0.));
#12383 = CARTESIAN_POINT('',(0.168172352616,0.));
#12384 = CARTESIAN_POINT('',(0.210923473959,0.));
#12385 = CARTESIAN_POINT('',(0.251070278368,0.));
#12386 = CARTESIAN_POINT('',(0.289334395729,0.));
#12387 = CARTESIAN_POINT('',(0.326262264994,0.));
#12388 = CARTESIAN_POINT('',(0.362244066739,0.));
#12389 = CARTESIAN_POINT('',(0.397593295066,0.));
#12390 = CARTESIAN_POINT('',(0.432574081724,0.));
#12391 = CARTESIAN_POINT('',(0.467425175791,0.));
#12392 = CARTESIAN_POINT('',(0.502376612939,0.));
#12393 = CARTESIAN_POINT('',(0.537664932723,0.));
#12394 = CARTESIAN_POINT('',(0.573550819901,0.));
#12395 = CARTESIAN_POINT('',(0.610336716652,0.));
#12396 = CARTESIAN_POINT('',(0.648412637881,0.));
#12397 = CARTESIAN_POINT('',(0.688255715002,0.));
#12398 = CARTESIAN_POINT('',(0.730724521362,0.));
#12399 = CARTESIAN_POINT('',(0.776523392341,0.));
#12400 = CARTESIAN_POINT('',(0.829442342984,0.));
#12401 = CARTESIAN_POINT('',(0.887585990919,0.));
#12402 = CARTESIAN_POINT('',(0.95485792188,-0.));
#12403 = CARTESIAN_POINT('',(1.,0.));
#12404 = ( GEOMETRIC_REPRESENTATION_CONTEXT(2) 
PARAMETRIC_REPRESENTATION_CONTEXT() REPRESENTATION_CONTEXT('2D SPACE',''
  ) );
#12405 = PCURVE('',#8448,#12406);
#12406 = DEFINITIONAL_REPRESENTATION('',(#12407),#12411);
#12407 = LINE('',#12408,#12409);
#12408 = CARTESIAN_POINT('',(1.784405578674,-22.72696786543));
#12409 = VECTOR('',#12410,1.);
#12410 = DIRECTION('',(0.868509302112,-0.495672868075));
#12411 = ( GEOMETRIC_REPRESENTATION_CONTEXT(2) 
PARAMETRIC_REPRESENTATION_CONTEXT() REPRESENTATION_CONTEXT('2D SPACE',''
  ) );
#12412 = ADVANCED_FACE('',(#12413),#11679,.F.);
#12413 = FACE_BOUND('',#12414,.F.);
#12414 = EDGE_LOOP('',(#12415,#12416,#12417,#12447));
#12415 = ORIENTED_EDGE('',*,*,#12340,.T.);
#12416 = ORIENTED_EDGE('',*,*,#11649,.T.);
#12417 = ORIENTED_EDGE('',*,*,#12418,.F.);
#12418 = EDGE_CURVE('',#12419,#11650,#12421,.T.);
#12419 = VERTEX_POINT('',#12420);
#12420 = CARTESIAN_POINT('',(27.484087947239,-76.,11.));
#12421 = SURFACE_CURVE('',#12422,(#12433,#12440),.PCURVE_S1.);
#12422 = B_SPLINE_CURVE_WITH_KNOTS('',3,(#12423,#12424,#12425,#12426,
    #12427,#12428,#12429,#12430,#12431,#12432),.UNSPECIFIED.,.F.,.F.,(4,
    2,2,2,4),(0.,0.132926200126,0.453971932017,0.829209558084,1.),
  .UNSPECIFIED.);
#12423 = CARTESIAN_POINT('',(27.484087947239,-76.,11.));
#12424 = CARTESIAN_POINT('',(27.55191619692,-69.89091851562,
    9.634303420921));
#12425 = CARTESIAN_POINT('',(27.55191619692,-64.55758518229,
    9.634303420921));
#12426 = CARTESIAN_POINT('',(27.32026794756,-48.99243889371,
    14.2984547618));
#12427 = CARTESIAN_POINT('',(27.857718097878,-44.49163377307,
    36.861801780706));
#12428 = CARTESIAN_POINT('',(23.407185925081,-35.94905296853,
    54.066926620867));
#12429 = CARTESIAN_POINT('',(16.645863113306,-41.62858791599,
    54.437730867289));
#12430 = CARTESIAN_POINT('',(10.603143581637,-35.13448588953,
    61.01256003718));
#12431 = CARTESIAN_POINT('',(8.772067828325,-32.41256718564,
    63.027213563896));
#12432 = CARTESIAN_POINT('',(7.,-29.,65.));
#12433 = PCURVE('',#11679,#12434);
#12434 = DEFINITIONAL_REPRESENTATION('',(#12435),#12439);
#12435 = LINE('',#12436,#12437);
#12436 = CARTESIAN_POINT('',(-5.E-16,4.E-17));
#12437 = VECTOR('',#12438,1.);
#12438 = DIRECTION('',(1.24E-15,1.));
#12439 = ( GEOMETRIC_REPRESENTATION_CONTEXT(2) 
PARAMETRIC_REPRESENTATION_CONTEXT() REPRESENTATION_CONTEXT('2D SPACE',''
  ) );
#12440 = PCURVE('',#11805,#12441);
#12441 = DEFINITIONAL_REPRESENTATION('',(#12442),#12446);
#12442 = LINE('',#12443,#12444);
#12443 = CARTESIAN_POINT('',(1.,-1.E-16));
#12444 = VECTOR('',#12445,1.);
#12445 = DIRECTION('',(-2.11E-15,1.));
#12446 = ( GEOMETRIC_REPRESENTATION_CONTEXT(2) 
PARAMETRIC_REPRESENTATION_CONTEXT() REPRESENTATION_CONTEXT('2D SPACE',''
  ) );
#12447 = ORIENTED_EDGE('',*,*,#12448,.T.);
#12448 = EDGE_CURVE('',#12419,#12341,#12449,.T.);
#12449 = SURFACE_CURVE('',#12450,(#12455,#12461),.PCURVE_S1.);
#12450 = CIRCLE('',#12451,6.);
#12451 = AXIS2_PLACEMENT_3D('',#12452,#12453,#12454);
#12452 = CARTESIAN_POINT('',(27.484087947239,-76.,17.));
#12453 = DIRECTION('',(0.,1.,0.));
#12454 = DIRECTION('',(-2.22E-15,0.,-1.));
#12455 = PCURVE('',#11679,#12456);
#12456 = DEFINITIONAL_REPRESENTATION('',(#12457),#12460);
#12457 = B_SPLINE_CURVE_WITH_KNOTS('',1,(#12458,#12459),.UNSPECIFIED.,
  .F.,.F.,(2,2),(0.,1.052186927234),.PIECEWISE_BEZIER_KNOTS.);
#12458 = CARTESIAN_POINT('',(1.75E-15,5.E-17));
#12459 = CARTESIAN_POINT('',(1.,2.E-17));
#12460 = ( GEOMETRIC_REPRESENTATION_CONTEXT(2) 
PARAMETRIC_REPRESENTATION_CONTEXT() REPRESENTATION_CONTEXT('2D SPACE',''
  ) );
#12461 = PCURVE('',#8448,#12462);
#12462 = DEFINITIONAL_REPRESENTATION('',(#12463),#12467);
#12463 = CIRCLE('',#12464,6.);
#12464 = AXIS2_PLACEMENT_2D('',#12465,#12466);
#12465 = CARTESIAN_POINT('',(4.758442787121,-17.51591205276));
#12466 = DIRECTION('',(-1.,-2.22E-15));
#12467 = ( GEOMETRIC_REPRESENTATION_CONTEXT(2) 
PARAMETRIC_REPRESENTATION_CONTEXT() REPRESENTATION_CONTEXT('2D SPACE',''
  ) );
#12468 = ADVANCED_FACE('',(#12469),#11883,.F.);
#12469 = FACE_BOUND('',#12470,.F.);
#12470 = EDGE_LOOP('',(#12471,#12472,#12502,#12525));
#12471 = ORIENTED_EDGE('',*,*,#11853,.T.);
#12472 = ORIENTED_EDGE('',*,*,#12473,.F.);
#12473 = EDGE_CURVE('',#12474,#11854,#12476,.T.);
#12474 = VERTEX_POINT('',#12475);
#12475 = CARTESIAN_POINT('',(67.726967865432,-76.,14.025962791553));
#12476 = SURFACE_CURVE('',#12477,(#12488,#12495),.PCURVE_S1.);
#12477 = B_SPLINE_CURVE_WITH_KNOTS('',3,(#12478,#12479,#12480,#12481,
    #12482,#12483,#12484,#12485,#12486,#12487),.UNSPECIFIED.,.F.,.F.,(4,
    2,2,2,4),(0.,0.132926200126,0.453971932017,0.829209558084,1.),
  .UNSPECIFIED.);
#12478 = CARTESIAN_POINT('',(67.726967865432,-76.,14.025962791553));
#12479 = CARTESIAN_POINT('',(67.34756491249,-70.25684622401,
    12.68543365222));
#12480 = CARTESIAN_POINT('',(67.34756491249,-64.92351289068,
    12.68543365222));
#12481 = CARTESIAN_POINT('',(68.643308651478,-48.10864375892,
    17.263632703522));
#12482 = CARTESIAN_POINT('',(81.903516556899,-43.56558168904,
    38.986315051468));
#12483 = CARTESIAN_POINT('',(71.519228090654,-17.39282701293,
    56.795816692268));
#12484 = CARTESIAN_POINT('',(43.519914691012,6.939703815524,
    57.172591146191));
#12485 = CARTESIAN_POINT('',(20.759310861603,27.890880255823,
    67.586519026928));
#12486 = CARTESIAN_POINT('',(13.799800791636,33.778338208566,
    71.143459520916));
#12487 = CARTESIAN_POINT('',(7.,39.,75.));
#12488 = PCURVE('',#11883,#12489);
#12489 = DEFINITIONAL_REPRESENTATION('',(#12490),#12494);
#12490 = LINE('',#12491,#12492);
#12491 = CARTESIAN_POINT('',(8.3E-16,-2.E-17));
#12492 = VECTOR('',#12493,1.);
#12493 = DIRECTION('',(3.39E-15,1.));
#12494 = ( GEOMETRIC_REPRESENTATION_CONTEXT(2) 
PARAMETRIC_REPRESENTATION_CONTEXT() REPRESENTATION_CONTEXT('2D SPACE',''
  ) );
#12495 = PCURVE('',#12009,#12496);
#12496 = DEFINITIONAL_REPRESENTATION('',(#12497),#12501);
#12497 = LINE('',#12498,#12499);
#12498 = CARTESIAN_POINT('',(1.,1.E-17));
#12499 = VECTOR('',#12500,1.);
#12500 = DIRECTION('',(9.77E-15,1.));
#12501 = ( GEOMETRIC_REPRESENTATION_CONTEXT(2) 
PARAMETRIC_REPRESENTATION_CONTEXT() REPRESENTATION_CONTEXT('2D SPACE',''
  ) );
#12502 = ORIENTED_EDGE('',*,*,#12503,.T.);
#12503 = EDGE_CURVE('',#12474,#12504,#12506,.T.);
#12504 = VERTEX_POINT('',#12505);
#12505 = CARTESIAN_POINT('',(62.515912052761,-76.,11.));
#12506 = SURFACE_CURVE('',#12507,(#12512,#12518),.PCURVE_S1.);
#12507 = CIRCLE('',#12508,6.);
#12508 = AXIS2_PLACEMENT_3D('',#12509,#12510,#12511);
#12509 = CARTESIAN_POINT('',(62.515912052761,-76.,17.));
#12510 = DIRECTION('',(0.,1.,0.));
#12511 = DIRECTION('',(0.868509302112,0.,-0.495672868075));
#12512 = PCURVE('',#11883,#12513);
#12513 = DEFINITIONAL_REPRESENTATION('',(#12514),#12517);
#12514 = B_SPLINE_CURVE_WITH_KNOTS('',1,(#12515,#12516),.UNSPECIFIED.,
  .F.,.F.,(2,2),(0.,1.052186927234),.PIECEWISE_BEZIER_KNOTS.);
#12515 = CARTESIAN_POINT('',(-4.02E-15,-3.E-17));
#12516 = CARTESIAN_POINT('',(1.,-3.E-17));
#12517 = ( GEOMETRIC_REPRESENTATION_CONTEXT(2) 
PARAMETRIC_REPRESENTATION_CONTEXT() REPRESENTATION_CONTEXT('2D SPACE',''
  ) );
#12518 = PCURVE('',#8448,#12519);
#12519 = DEFINITIONAL_REPRESENTATION('',(#12520),#12524);
#12520 = CIRCLE('',#12521,6.);
#12521 = AXIS2_PLACEMENT_2D('',#12522,#12523);
#12522 = CARTESIAN_POINT('',(4.758442787121,17.515912052761));
#12523 = DIRECTION('',(-0.495672868075,0.868509302112));
#12524 = ( GEOMETRIC_REPRESENTATION_CONTEXT(2) 
PARAMETRIC_REPRESENTATION_CONTEXT() REPRESENTATION_CONTEXT('2D SPACE',''
  ) );
#12525 = ORIENTED_EDGE('',*,*,#12526,.T.);
#12526 = EDGE_CURVE('',#12504,#11788,#12527,.T.);
#12527 = SURFACE_CURVE('',#12528,(#12539,#12546),.PCURVE_S1.);
#12528 = B_SPLINE_CURVE_WITH_KNOTS('',3,(#12529,#12530,#12531,#12532,
    #12533,#12534,#12535,#12536,#12537,#12538),.UNSPECIFIED.,.F.,.F.,(4,
    2,2,2,4),(0.,0.132926200126,0.453971932017,0.829209558084,1.),
  .UNSPECIFIED.);
#12529 = CARTESIAN_POINT('',(62.515912052761,-76.,11.));
#12530 = CARTESIAN_POINT('',(62.397579934882,-70.40595220042,
    9.692660412492));
#12531 = CARTESIAN_POINT('',(62.397579934882,-65.07261886708,
    9.692660412492));
#12532 = CARTESIAN_POINT('',(62.801709896639,-47.74852034246,
    14.157509913817));
#12533 = CARTESIAN_POINT('',(70.70410243969,-38.80474600437,
    35.868296569778));
#12534 = CARTESIAN_POINT('',(59.296214515663,-14.95506882385,
    52.096232853181));
#12535 = CARTESIAN_POINT('',(33.300121965854,-0.928406060757,
    50.233154667854));
#12536 = CARTESIAN_POINT('',(16.046757342955,17.653383614791,
    58.70961631364));
#12537 = CARTESIAN_POINT('',(11.232295923356,23.37296937885,
    61.690186341562));
#12538 = CARTESIAN_POINT('',(7.,29.,65.));
#12539 = PCURVE('',#11883,#12540);
#12540 = DEFINITIONAL_REPRESENTATION('',(#12541),#12545);
#12541 = LINE('',#12542,#12543);
#12542 = CARTESIAN_POINT('',(1.,-2.E-17));
#12543 = VECTOR('',#12544,1.);
#12544 = DIRECTION('',(8.9E-16,1.));
#12545 = ( GEOMETRIC_REPRESENTATION_CONTEXT(2) 
PARAMETRIC_REPRESENTATION_CONTEXT() REPRESENTATION_CONTEXT('2D SPACE',''
  ) );
#12546 = PCURVE('',#11805,#12547);
#12547 = DEFINITIONAL_REPRESENTATION('',(#12548),#12552);
#12548 = LINE('',#12549,#12550);
#12549 = CARTESIAN_POINT('',(-0.,-1.9E-16));
#12550 = VECTOR('',#12551,1.);
#12551 = DIRECTION('',(-6.E-17,1.));
#12552 = ( GEOMETRIC_REPRESENTATION_CONTEXT(2) 
PARAMETRIC_REPRESENTATION_CONTEXT() REPRESENTATION_CONTEXT('2D SPACE',''
  ) );
#12553 = ADVANCED_FACE('',(#12554),#12009,.F.);
#12554 = FACE_BOUND('',#12555,.F.);
#12555 = EDGE_LOOP('',(#12556,#12557,#12558,#12588));
#12556 = ORIENTED_EDGE('',*,*,#12473,.T.);
#12557 = ORIENTED_EDGE('',*,*,#11991,.T.);
#12558 = ORIENTED_EDGE('',*,*,#12559,.F.);
#12559 = EDGE_CURVE('',#12560,#11992,#12562,.T.);
#12560 = VERTEX_POINT('',#12561);
#12561 = CARTESIAN_POINT('',(73.131490697888,-76.,23.495672868075));
#12562 = SURFACE_CURVE('',#12563,(#12574,#12581),.PCURVE_S1.);
#12563 = B_SPLINE_CURVE_WITH_KNOTS('',3,(#12564,#12565,#12566,#12567,
    #12568,#12569,#12570,#12571,#12572,#12573),.UNSPECIFIED.,.F.,.F.,(4,
    2,2,2,4),(0.,0.132926200126,0.453971932017,0.829209558084,1.),
  .UNSPECIFIED.);
#12564 = CARTESIAN_POINT('',(73.131490697888,-76.,23.495672868075));
#12565 = CARTESIAN_POINT('',(72.802331614104,-69.97394395325,
    22.350508551702));
#12566 = CARTESIAN_POINT('',(72.802331614104,-64.64061061991,
    22.350508551702));
#12567 = CARTESIAN_POINT('',(73.926481594057,-48.79191437438,
    26.261494171465));
#12568 = CARTESIAN_POINT('',(86.713196738567,-50.22059939661,
    44.866813252508));
#12569 = CARTESIAN_POINT('',(74.922515865446,-24.79724319399,
    59.975759000713));
#12570 = CARTESIAN_POINT('',(45.252509736198,6.119067389096,
    59.126021836883));
#12571 = CARTESIAN_POINT('',(21.321560376737,28.170011942316,
    69.273489621501));
#12572 = CARTESIAN_POINT('',(14.052610874094,34.079090362699,
    72.906991505676));
#12573 = CARTESIAN_POINT('',(7.,39.,77.));
#12574 = PCURVE('',#12009,#12575);
#12575 = DEFINITIONAL_REPRESENTATION('',(#12576),#12580);
#12576 = LINE('',#12577,#12578);
#12577 = CARTESIAN_POINT('',(-5.7E-16,-2.E-17));
#12578 = VECTOR('',#12579,1.);
#12579 = DIRECTION('',(1.137E-14,1.));
#12580 = ( GEOMETRIC_REPRESENTATION_CONTEXT(2) 
PARAMETRIC_REPRESENTATION_CONTEXT() REPRESENTATION_CONTEXT('2D SPACE',''
  ) );
#12581 = PCURVE('',#12085,#12582);
#12582 = DEFINITIONAL_REPRESENTATION('',(#12583),#12587);
#12583 = LINE('',#12584,#12585);
#12584 = CARTESIAN_POINT('',(1.,-1.E-17));
#12585 = VECTOR('',#12586,1.);
#12586 = DIRECTION('',(2.331E-14,1.));
#12587 = ( GEOMETRIC_REPRESENTATION_CONTEXT(2) 
PARAMETRIC_REPRESENTATION_CONTEXT() REPRESENTATION_CONTEXT('2D SPACE',''
  ) );
#12588 = ORIENTED_EDGE('',*,*,#12589,.T.);
#12589 = EDGE_CURVE('',#12560,#12474,#12590,.T.);
#12590 = SURFACE_CURVE('',#12591,(#12595,#12624),.PCURVE_S1.);
#12591 = LINE('',#12592,#12593);
#12592 = CARTESIAN_POINT('',(73.131490697888,-76.,23.495672868075));
#12593 = VECTOR('',#12594,1.);
#12594 = DIRECTION('',(-0.495672868075,0.,-0.868509302112));
#12595 = PCURVE('',#12009,#12596);
#12596 = DEFINITIONAL_REPRESENTATION('',(#12597),#12623);
#12597 = B_SPLINE_CURVE_WITH_KNOTS('',3,(#12598,#12599,#12600,#12601,
    #12602,#12603,#12604,#12605,#12606,#12607,#12608,#12609,#12610,
    #12611,#12612,#12613,#12614,#12615,#12616,#12617,#12618,#12619,
    #12620,#12621,#12622),.UNSPECIFIED.,.F.,.F.,(4,1,1,1,1,1,1,1,1,1,1,1
    ,1,1,1,1,1,1,1,1,1,1,4),(0.,0.495609391941,0.991218783882,
    1.486828175823,1.982437567763,2.478046959704,2.973656351645,
    3.469265743586,3.964875135527,4.460484527468,4.956093919409,
    5.45170331135,5.94731270329,6.442922095231,6.938531487172,
    7.434140879113,7.929750271054,8.425359662995,8.920969054936,
    9.416578446877,9.912187838817,10.407797230758,10.903406622699),
  .QUASI_UNIFORM_KNOTS.);
#12598 = CARTESIAN_POINT('',(0.,0.));
#12599 = CARTESIAN_POINT('',(4.51420781198E-02,0.));
#12600 = CARTESIAN_POINT('',(0.112414009081,0.));
#12601 = CARTESIAN_POINT('',(0.170557657016,0.));
#12602 = CARTESIAN_POINT('',(0.223476607659,0.));
#12603 = CARTESIAN_POINT('',(0.269275478638,0.));
#12604 = CARTESIAN_POINT('',(0.311744284998,0.));
#12605 = CARTESIAN_POINT('',(0.351587362119,0.));
#12606 = CARTESIAN_POINT('',(0.389663283348,0.));
#12607 = CARTESIAN_POINT('',(0.426449180099,0.));
#12608 = CARTESIAN_POINT('',(0.462335067277,0.));
#12609 = CARTESIAN_POINT('',(0.497623387061,0.));
#12610 = CARTESIAN_POINT('',(0.532574824209,0.));
#12611 = CARTESIAN_POINT('',(0.567425918276,0.));
#12612 = CARTESIAN_POINT('',(0.602406704934,0.));
#12613 = CARTESIAN_POINT('',(0.637755933261,0.));
#12614 = CARTESIAN_POINT('',(0.673737735006,0.));
#12615 = CARTESIAN_POINT('',(0.710665604271,0.));
#12616 = CARTESIAN_POINT('',(0.748929721632,0.));
#12617 = CARTESIAN_POINT('',(0.789076526041,0.));
#12618 = CARTESIAN_POINT('',(0.831827647384,0.));
#12619 = CARTESIAN_POINT('',(0.878626312723,0.));
#12620 = CARTESIAN_POINT('',(0.930986746363,0.));
#12621 = CARTESIAN_POINT('',(0.974834428453,-0.));
#12622 = CARTESIAN_POINT('',(1.,0.));
#12623 = ( GEOMETRIC_REPRESENTATION_CONTEXT(2) 
PARAMETRIC_REPRESENTATION_CONTEXT() REPRESENTATION_CONTEXT('2D SPACE',''
  ) );
#12624 = PCURVE('',#8448,#12625);
#12625 = DEFINITIONAL_REPRESENTATION('',(#12626),#12630);
#12626 = LINE('',#12627,#12628);
#12627 = CARTESIAN_POINT('',(11.254115655196,28.131490697888));
#12628 = VECTOR('',#12629,1.);
#12629 = DIRECTION('',(-0.868509302112,-0.495672868075));
#12630 = ( GEOMETRIC_REPRESENTATION_CONTEXT(2) 
PARAMETRIC_REPRESENTATION_CONTEXT() REPRESENTATION_CONTEXT('2D SPACE',''
  ) );
#12631 = ADVANCED_FACE('',(#12632),#12085,.F.);
#12632 = FACE_BOUND('',#12633,.F.);
#12633 = EDGE_LOOP('',(#12634,#12635,#12636,#12666));
#12634 = ORIENTED_EDGE('',*,*,#12559,.T.);
#12635 = ORIENTED_EDGE('',*,*,#12057,.T.);
#12636 = ORIENTED_EDGE('',*,*,#12637,.F.);
#12637 = EDGE_CURVE('',#12638,#10574,#12640,.T.);
#12638 = VERTEX_POINT('',#12639);
#12639 = CARTESIAN_POINT('',(75.,-76.,23.));
#12640 = SURFACE_CURVE('',#12641,(#12652,#12659),.PCURVE_S1.);
#12641 = B_SPLINE_CURVE_WITH_KNOTS('',3,(#12642,#12643,#12644,#12645,
    #12646,#12647,#12648,#12649,#12650,#12651),.UNSPECIFIED.,.F.,.F.,(4,
    2,2,2,4),(0.,0.132926200126,0.453971932017,0.829209558084,1.),
  .UNSPECIFIED.);
#12642 = CARTESIAN_POINT('',(75.,-76.,23.));
#12643 = CARTESIAN_POINT('',(74.638829229175,-70.02789513078,
    21.849847810252));
#12644 = CARTESIAN_POINT('',(74.638829229175,-64.69456179744,
    21.849847810252));
#12645 = CARTESIAN_POINT('',(75.872306094267,-48.66161052712,
    25.777868104223));
#12646 = CARTESIAN_POINT('',(89.510667867784,-49.33724186595,
    44.446353736496));
#12647 = CARTESIAN_POINT('',(77.423258351665,-22.93426008631,
    59.659865904926));
#12648 = CARTESIAN_POINT('',(46.282682055675,7.36036679878,
    58.843491088845));
#12649 = CARTESIAN_POINT('',(21.635643318489,31.892212536835,
    69.148586236525));
#12650 = CARTESIAN_POINT('',(14.187338369748,38.819221912364,
    72.840157175239));
#12651 = CARTESIAN_POINT('',(7.,45.,77.));
#12652 = PCURVE('',#12085,#12653);
#12653 = DEFINITIONAL_REPRESENTATION('',(#12654),#12658);
#12654 = LINE('',#12655,#12656);
#12655 = CARTESIAN_POINT('',(-1.14E-15,-1.E-17));
#12656 = VECTOR('',#12657,1.);
#12657 = DIRECTION('',(1.18E-15,1.));
#12658 = ( GEOMETRIC_REPRESENTATION_CONTEXT(2) 
PARAMETRIC_REPRESENTATION_CONTEXT() REPRESENTATION_CONTEXT('2D SPACE',''
  ) );
#12659 = PCURVE('',#8294,#12660);
#12660 = DEFINITIONAL_REPRESENTATION('',(#12661),#12665);
#12661 = LINE('',#12662,#12663);
#12662 = CARTESIAN_POINT('',(1.,-2.E-17));
#12663 = VECTOR('',#12664,1.);
#12664 = DIRECTION('',(1.354E-14,1.));
#12665 = ( GEOMETRIC_REPRESENTATION_CONTEXT(2) 
PARAMETRIC_REPRESENTATION_CONTEXT() REPRESENTATION_CONTEXT('2D SPACE',''
  ) );
#12666 = ORIENTED_EDGE('',*,*,#12667,.T.);
#12667 = EDGE_CURVE('',#12638,#12560,#12668,.T.);
#12668 = SURFACE_CURVE('',#12669,(#12674,#12680),.PCURVE_S1.);
#12669 = CIRCLE('',#12670,1.);
#12670 = AXIS2_PLACEMENT_3D('',#12671,#12672,#12673);
#12671 = CARTESIAN_POINT('',(74.,-76.,23.));
#12672 = DIRECTION('',(0.,-1.,0.));
#12673 = DIRECTION('',(0.868509302112,0.,-0.495672868075));
#12674 = PCURVE('',#12085,#12675);
#12675 = DEFINITIONAL_REPRESENTATION('',(#12676),#12679);
#12676 = B_SPLINE_CURVE_WITH_KNOTS('',1,(#12677,#12678),.UNSPECIFIED.,
  .F.,.F.,(2,2),(0.518609399561,3.14159265359),
  .PIECEWISE_BEZIER_KNOTS.);
#12677 = CARTESIAN_POINT('',(-1.14E-15,-1.E-17));
#12678 = CARTESIAN_POINT('',(1.,-5.E-17));
#12679 = ( GEOMETRIC_REPRESENTATION_CONTEXT(2) 
PARAMETRIC_REPRESENTATION_CONTEXT() REPRESENTATION_CONTEXT('2D SPACE',''
  ) );
#12680 = PCURVE('',#8448,#12681);
#12681 = DEFINITIONAL_REPRESENTATION('',(#12682),#12690);
#12682 = ( BOUNDED_CURVE() B_SPLINE_CURVE(2,(#12683,#12684,#12685,#12686
    ,#12687,#12688,#12689),.UNSPECIFIED.,.T.,.F.) 
B_SPLINE_CURVE_WITH_KNOTS((1,2,2,2,2,1),(-2.094395102393,0.,
    2.094395102393,4.188790204786,6.28318530718,8.377580409573),
.UNSPECIFIED.) CURVE() GEOMETRIC_REPRESENTATION_ITEM() 
RATIONAL_B_SPLINE_CURVE((1.,0.5,1.,0.5,1.,0.5,1.)) REPRESENTATION_ITEM(
  '') );
#12683 = CARTESIAN_POINT('',(10.262769919047,29.868509302112));
#12684 = CARTESIAN_POINT('',(11.767072157151,30.72703989355));
#12685 = CARTESIAN_POINT('',(11.758430340211,28.995010644663));
#12686 = CARTESIAN_POINT('',(11.74978852327,27.262981395776));
#12687 = CARTESIAN_POINT('',(10.254128102107,28.136480053225));
#12688 = CARTESIAN_POINT('',(8.758467680943,29.009978710673));
#12689 = CARTESIAN_POINT('',(10.262769919047,29.868509302112));
#12690 = ( GEOMETRIC_REPRESENTATION_CONTEXT(2) 
PARAMETRIC_REPRESENTATION_CONTEXT() REPRESENTATION_CONTEXT('2D SPACE',''
  ) );
#12691 = ADVANCED_FACE('',(#12692),#8294,.F.);
#12692 = FACE_BOUND('',#12693,.F.);
#12693 = EDGE_LOOP('',(#12694,#12695,#12696,#12697));
#12694 = ORIENTED_EDGE('',*,*,#12637,.T.);
#12695 = ORIENTED_EDGE('',*,*,#10596,.T.);
#12696 = ORIENTED_EDGE('',*,*,#8269,.F.);
#12697 = ORIENTED_EDGE('',*,*,#12698,.T.);
#12698 = EDGE_CURVE('',#8270,#12638,#12699,.T.);
#12699 = SURFACE_CURVE('',#12700,(#12704,#12733),.PCURVE_S1.);
#12700 = LINE('',#12701,#12702);
#12701 = CARTESIAN_POINT('',(75.,-76.,8.));
#12702 = VECTOR('',#12703,1.);
#12703 = DIRECTION('',(0.,0.,1.));
#12704 = PCURVE('',#8294,#12705);
#12705 = DEFINITIONAL_REPRESENTATION('',(#12706),#12732);
#12706 = B_SPLINE_CURVE_WITH_KNOTS('',3,(#12707,#12708,#12709,#12710,
    #12711,#12712,#12713,#12714,#12715,#12716,#12717,#12718,#12719,
    #12720,#12721,#12722,#12723,#12724,#12725,#12726,#12727,#12728,
    #12729,#12730,#12731),.UNSPECIFIED.,.F.,.F.,(4,1,1,1,1,1,1,1,1,1,1,1
    ,1,1,1,1,1,1,1,1,1,1,4),(0.,0.681818181818,1.363636363636,
    2.045454545455,2.727272727273,3.409090909091,4.090909090909,
    4.772727272727,5.454545454545,6.136363636364,6.818181818182,7.5,
    8.181818181818,8.863636363636,9.545454545455,10.227272727273,
    10.909090909091,11.590909090909,12.272727272727,12.954545454545,
    13.636363636364,14.318181818182,15.),.QUASI_UNIFORM_KNOTS.);
#12707 = CARTESIAN_POINT('',(0.,0.));
#12708 = CARTESIAN_POINT('',(1.512641748744E-02,0.));
#12709 = CARTESIAN_POINT('',(4.434418399408E-02,0.));
#12710 = CARTESIAN_POINT('',(8.569762764743E-02,0.));
#12711 = CARTESIAN_POINT('',(0.125292966412,0.));
#12712 = CARTESIAN_POINT('',(0.163554444786,0.));
#12713 = CARTESIAN_POINT('',(0.200825821587,0.));
#12714 = CARTESIAN_POINT('',(0.237374118243,0.));
#12715 = CARTESIAN_POINT('',(0.273424452869,0.));
#12716 = CARTESIAN_POINT('',(0.309173893686,0.));
#12717 = CARTESIAN_POINT('',(0.344804110488,0.));
#12718 = CARTESIAN_POINT('',(0.380490790741,0.));
#12719 = CARTESIAN_POINT('',(0.416412412326,0.));
#12720 = CARTESIAN_POINT('',(0.452759481506,0.));
#12721 = CARTESIAN_POINT('',(0.489745048771,0.));
#12722 = CARTESIAN_POINT('',(0.527620722666,0.));
#12723 = CARTESIAN_POINT('',(0.566692536467,0.));
#12724 = CARTESIAN_POINT('',(0.60737520645,0.));
#12725 = CARTESIAN_POINT('',(0.650174492159,0.));
#12726 = CARTESIAN_POINT('',(0.696080780654,0.));
#12727 = CARTESIAN_POINT('',(0.745742267056,0.));
#12728 = CARTESIAN_POINT('',(0.803985917713,0.));
#12729 = CARTESIAN_POINT('',(0.866847634787,0.));
#12730 = CARTESIAN_POINT('',(0.945585393696,-0.));
#12731 = CARTESIAN_POINT('',(1.,0.));
#12732 = ( GEOMETRIC_REPRESENTATION_CONTEXT(2) 
PARAMETRIC_REPRESENTATION_CONTEXT() REPRESENTATION_CONTEXT('2D SPACE',''
  ) );
#12733 = PCURVE('',#8448,#12734);
#12734 = DEFINITIONAL_REPRESENTATION('',(#12735),#12739);
#12735 = LINE('',#12736,#12737);
#12736 = CARTESIAN_POINT('',(-4.241557212879,30.));
#12737 = VECTOR('',#12738,1.);
#12738 = DIRECTION('',(1.,0.));
#12739 = ( GEOMETRIC_REPRESENTATION_CONTEXT(2) 
PARAMETRIC_REPRESENTATION_CONTEXT() REPRESENTATION_CONTEXT('2D SPACE',''
  ) );
#12740 = ADVANCED_FACE('',(#12741),#8448,.F.);
#12741 = FACE_BOUND('',#12742,.T.);
#12742 = EDGE_LOOP('',(#12743,#12744,#12745,#12746,#12747,#12748,#12791,
    #12792,#12793,#12794));
#12743 = ORIENTED_EDGE('',*,*,#8435,.T.);
#12744 = ORIENTED_EDGE('',*,*,#12698,.T.);
#12745 = ORIENTED_EDGE('',*,*,#12667,.T.);
#12746 = ORIENTED_EDGE('',*,*,#12589,.T.);
#12747 = ORIENTED_EDGE('',*,*,#12503,.T.);
#12748 = ORIENTED_EDGE('',*,*,#12749,.T.);
#12749 = EDGE_CURVE('',#12504,#12419,#12750,.T.);
#12750 = SURFACE_CURVE('',#12751,(#12755,#12762),.PCURVE_S1.);
#12751 = LINE('',#12752,#12753);
#12752 = CARTESIAN_POINT('',(62.515912052761,-76.,11.));
#12753 = VECTOR('',#12754,1.);
#12754 = DIRECTION('',(-1.,0.,2.5E-16));
#12755 = PCURVE('',#8448,#12756);
#12756 = DEFINITIONAL_REPRESENTATION('',(#12757),#12761);
#12757 = LINE('',#12758,#12759);
#12758 = CARTESIAN_POINT('',(-1.241557212879,17.515912052761));
#12759 = VECTOR('',#12760,1.);
#12760 = DIRECTION('',(2.5E-16,-1.));
#12761 = ( GEOMETRIC_REPRESENTATION_CONTEXT(2) 
PARAMETRIC_REPRESENTATION_CONTEXT() REPRESENTATION_CONTEXT('2D SPACE',''
  ) );
#12762 = PCURVE('',#11805,#12763);
#12763 = DEFINITIONAL_REPRESENTATION('',(#12764),#12790);
#12764 = B_SPLINE_CURVE_WITH_KNOTS('',3,(#12765,#12766,#12767,#12768,
    #12769,#12770,#12771,#12772,#12773,#12774,#12775,#12776,#12777,
    #12778,#12779,#12780,#12781,#12782,#12783,#12784,#12785,#12786,
    #12787,#12788,#12789),.UNSPECIFIED.,.F.,.F.,(4,1,1,1,1,1,1,1,1,1,1,1
    ,1,1,1,1,1,1,1,1,1,1,4),(0.,1.59235564116,3.18471128232,
    4.77706692348,6.36942256464,7.9617782058,9.554133846961,
    11.146489488121,12.738845129281,14.331200770441,15.923556411601,
    17.515912052761,19.108267693921,20.700623335081,22.292978976241,
    23.885334617401,25.477690258561,27.070045899722,28.662401540882,
    30.254757182042,31.847112823202,33.439468464362,35.031824105522),
  .QUASI_UNIFORM_KNOTS.);
#12765 = CARTESIAN_POINT('',(0.,0.));
#12766 = CARTESIAN_POINT('',(4.753027174914E-02,0.));
#12767 = CARTESIAN_POINT('',(0.115313795967,0.));
#12768 = CARTESIAN_POINT('',(0.167320611195,0.));
#12769 = CARTESIAN_POINT('',(0.216437573708,0.));
#12770 = CARTESIAN_POINT('',(0.258287191132,0.));
#12771 = CARTESIAN_POINT('',(0.297214017156,0.));
#12772 = CARTESIAN_POINT('',(0.333691228544,0.));
#12773 = CARTESIAN_POINT('',(0.368582021826,0.));
#12774 = CARTESIAN_POINT('',(0.402322403784,0.));
#12775 = CARTESIAN_POINT('',(0.435285722722,0.));
#12776 = CARTESIAN_POINT('',(0.467760384506,0.));
#12777 = CARTESIAN_POINT('',(0.5,0.));
#12778 = CARTESIAN_POINT('',(0.532239615494,0.));
#12779 = CARTESIAN_POINT('',(0.564714277278,0.));
#12780 = CARTESIAN_POINT('',(0.597677596216,0.));
#12781 = CARTESIAN_POINT('',(0.631417978174,0.));
#12782 = CARTESIAN_POINT('',(0.666308771456,0.));
#12783 = CARTESIAN_POINT('',(0.702785982844,0.));
#12784 = CARTESIAN_POINT('',(0.741712808868,0.));
#12785 = CARTESIAN_POINT('',(0.783562426292,0.));
#12786 = CARTESIAN_POINT('',(0.832679388805,0.));
#12787 = CARTESIAN_POINT('',(0.884686204032,0.));
#12788 = CARTESIAN_POINT('',(0.952469728251,-0.));
#12789 = CARTESIAN_POINT('',(1.,0.));
#12790 = ( GEOMETRIC_REPRESENTATION_CONTEXT(2) 
PARAMETRIC_REPRESENTATION_CONTEXT() REPRESENTATION_CONTEXT('2D SPACE',''
  ) );
#12791 = ORIENTED_EDGE('',*,*,#12448,.T.);
#12792 = ORIENTED_EDGE('',*,*,#12370,.T.);
#12793 = ORIENTED_EDGE('',*,*,#12310,.T.);
#12794 = ORIENTED_EDGE('',*,*,#12232,.T.);
#12795 = ADVANCED_FACE('',(#12796),#2871,.F.);
#12796 = FACE_BOUND('',#12797,.F.);
#12797 = EDGE_LOOP('',(#12798,#12799,#12819,#12820));
#12798 = ORIENTED_EDGE('',*,*,#9547,.T.);
#12799 = ORIENTED_EDGE('',*,*,#12800,.F.);
#12800 = EDGE_CURVE('',#2851,#9548,#12801,.T.);
#12801 = SEAM_CURVE('',#12802,(#12805,#12812),.PCURVE_S1.);
#12802 = B_SPLINE_CURVE_WITH_KNOTS('',1,(#12803,#12804),.UNSPECIFIED.,
  .F.,.F.,(2,2),(0.,3.),.PIECEWISE_BEZIER_KNOTS.);
#12803 = CARTESIAN_POINT('',(54.25,40.,3.));
#12804 = CARTESIAN_POINT('',(54.25,40.,0.));
#12805 = PCURVE('',#2871,#12806);
#12806 = DEFINITIONAL_REPRESENTATION('',(#12807),#12811);
#12807 = LINE('',#12808,#12809);
#12808 = CARTESIAN_POINT('',(3.14159265359,0.));
#12809 = VECTOR('',#12810,1.);
#12810 = DIRECTION('',(0.,1.));
#12811 = ( GEOMETRIC_REPRESENTATION_CONTEXT(2) 
PARAMETRIC_REPRESENTATION_CONTEXT() REPRESENTATION_CONTEXT('2D SPACE',''
  ) );
#12812 = PCURVE('',#2871,#12813);
#12813 = DEFINITIONAL_REPRESENTATION('',(#12814),#12818);
#12814 = LINE('',#12815,#12816);
#12815 = CARTESIAN_POINT('',(9.424777960769,0.));
#12816 = VECTOR('',#12817,1.);
#12817 = DIRECTION('',(0.,1.));
#12818 = ( GEOMETRIC_REPRESENTATION_CONTEXT(2) 
PARAMETRIC_REPRESENTATION_CONTEXT() REPRESENTATION_CONTEXT('2D SPACE',''
  ) );
#12819 = ORIENTED_EDGE('',*,*,#2850,.T.);
#12820 = ORIENTED_EDGE('',*,*,#12800,.T.);
#12821 = ADVANCED_FACE('',(#12822),#2836,.F.);
#12822 = FACE_BOUND('',#12823,.F.);
#12823 = EDGE_LOOP('',(#12824,#12825,#12845,#12846));
#12824 = ORIENTED_EDGE('',*,*,#9573,.T.);
#12825 = ORIENTED_EDGE('',*,*,#12826,.F.);
#12826 = EDGE_CURVE('',#2816,#9574,#12827,.T.);
#12827 = SEAM_CURVE('',#12828,(#12831,#12838),.PCURVE_S1.);
#12828 = B_SPLINE_CURVE_WITH_KNOTS('',1,(#12829,#12830),.UNSPECIFIED.,
  .F.,.F.,(2,2),(0.,3.),.PIECEWISE_BEZIER_KNOTS.);
#12829 = CARTESIAN_POINT('',(14.25,-43.,3.));
#12830 = CARTESIAN_POINT('',(14.25,-43.,0.));
#12831 = PCURVE('',#2836,#12832);
#12832 = DEFINITIONAL_REPRESENTATION('',(#12833),#12837);
#12833 = LINE('',#12834,#12835);
#12834 = CARTESIAN_POINT('',(3.14159265359,0.));
#12835 = VECTOR('',#12836,1.);
#12836 = DIRECTION('',(0.,1.));
#12837 = ( GEOMETRIC_REPRESENTATION_CONTEXT(2) 
PARAMETRIC_REPRESENTATION_CONTEXT() REPRESENTATION_CONTEXT('2D SPACE',''
  ) );
#12838 = PCURVE('',#2836,#12839);
#12839 = DEFINITIONAL_REPRESENTATION('',(#12840),#12844);
#12840 = LINE('',#12841,#12842);
#12841 = CARTESIAN_POINT('',(9.424777960769,0.));
#12842 = VECTOR('',#12843,1.);
#12843 = DIRECTION('',(0.,1.));
#12844 = ( GEOMETRIC_REPRESENTATION_CONTEXT(2) 
PARAMETRIC_REPRESENTATION_CONTEXT() REPRESENTATION_CONTEXT('2D SPACE',''
  ) );
#12845 = ORIENTED_EDGE('',*,*,#2815,.T.);
#12846 = ORIENTED_EDGE('',*,*,#12826,.T.);
#12847 = ADVANCED_FACE('',(#12848),#2801,.F.);
#12848 = FACE_BOUND('',#12849,.F.);
#12849 = EDGE_LOOP('',(#12850,#12851,#12871,#12872));
#12850 = ORIENTED_EDGE('',*,*,#9599,.T.);
#12851 = ORIENTED_EDGE('',*,*,#12852,.F.);
#12852 = EDGE_CURVE('',#2781,#9600,#12853,.T.);
#12853 = SEAM_CURVE('',#12854,(#12857,#12864),.PCURVE_S1.);
#12854 = B_SPLINE_CURVE_WITH_KNOTS('',1,(#12855,#12856),.UNSPECIFIED.,
  .F.,.F.,(2,2),(0.,3.),.PIECEWISE_BEZIER_KNOTS.);
#12855 = CARTESIAN_POINT('',(-45.75,-43.,3.));
#12856 = CARTESIAN_POINT('',(-45.75,-43.,0.));
#12857 = PCURVE('',#2801,#12858);
#12858 = DEFINITIONAL_REPRESENTATION('',(#12859),#12863);
#12859 = LINE('',#12860,#12861);
#12860 = CARTESIAN_POINT('',(3.14159265359,0.));
#12861 = VECTOR('',#12862,1.);
#12862 = DIRECTION('',(0.,1.));
#12863 = ( GEOMETRIC_REPRESENTATION_CONTEXT(2) 
PARAMETRIC_REPRESENTATION_CONTEXT() REPRESENTATION_CONTEXT('2D SPACE',''
  ) );
#12864 = PCURVE('',#2801,#12865);
#12865 = DEFINITIONAL_REPRESENTATION('',(#12866),#12870);
#12866 = LINE('',#12867,#12868);
#12867 = CARTESIAN_POINT('',(9.424777960769,0.));
#12868 = VECTOR('',#12869,1.);
#12869 = DIRECTION('',(0.,1.));
#12870 = ( GEOMETRIC_REPRESENTATION_CONTEXT(2) 
PARAMETRIC_REPRESENTATION_CONTEXT() REPRESENTATION_CONTEXT('2D SPACE',''
  ) );
#12871 = ORIENTED_EDGE('',*,*,#2780,.T.);
#12872 = ORIENTED_EDGE('',*,*,#12852,.T.);
#12873 = ADVANCED_FACE('',(#12874),#2766,.F.);
#12874 = FACE_BOUND('',#12875,.F.);
#12875 = EDGE_LOOP('',(#12876,#12877,#12897,#12898));
#12876 = ORIENTED_EDGE('',*,*,#9625,.T.);
#12877 = ORIENTED_EDGE('',*,*,#12878,.F.);
#12878 = EDGE_CURVE('',#2746,#9626,#12879,.T.);
#12879 = SEAM_CURVE('',#12880,(#12883,#12890),.PCURVE_S1.);
#12880 = B_SPLINE_CURVE_WITH_KNOTS('',1,(#12881,#12882),.UNSPECIFIED.,
  .F.,.F.,(2,2),(0.,3.),.PIECEWISE_BEZIER_KNOTS.);
#12881 = CARTESIAN_POINT('',(-45.75,40.,3.));
#12882 = CARTESIAN_POINT('',(-45.75,40.,0.));
#12883 = PCURVE('',#2766,#12884);
#12884 = DEFINITIONAL_REPRESENTATION('',(#12885),#12889);
#12885 = LINE('',#12886,#12887);
#12886 = CARTESIAN_POINT('',(3.14159265359,0.));
#12887 = VECTOR('',#12888,1.);
#12888 = DIRECTION('',(0.,1.));
#12889 = ( GEOMETRIC_REPRESENTATION_CONTEXT(2) 
PARAMETRIC_REPRESENTATION_CONTEXT() REPRESENTATION_CONTEXT('2D SPACE',''
  ) );
#12890 = PCURVE('',#2766,#12891);
#12891 = DEFINITIONAL_REPRESENTATION('',(#12892),#12896);
#12892 = LINE('',#12893,#12894);
#12893 = CARTESIAN_POINT('',(9.424777960769,0.));
#12894 = VECTOR('',#12895,1.);
#12895 = DIRECTION('',(0.,1.));
#12896 = ( GEOMETRIC_REPRESENTATION_CONTEXT(2) 
PARAMETRIC_REPRESENTATION_CONTEXT() REPRESENTATION_CONTEXT('2D SPACE',''
  ) );
#12897 = ORIENTED_EDGE('',*,*,#2745,.T.);
#12898 = ORIENTED_EDGE('',*,*,#12878,.T.);
#12899 = ADVANCED_FACE('',(#12900),#3780,.F.);
#12900 = FACE_BOUND('',#12901,.T.);
#12901 = EDGE_LOOP('',(#12902,#12903,#12904,#12905));
#12902 = ORIENTED_EDGE('',*,*,#5373,.F.);
#12903 = ORIENTED_EDGE('',*,*,#5609,.T.);
#12904 = ORIENTED_EDGE('',*,*,#3764,.F.);
#12905 = ORIENTED_EDGE('',*,*,#6095,.F.);
#12906 = ADVANCED_FACE('',(#12907),#2459,.T.);
#12907 = FACE_BOUND('',#12908,.T.);
#12908 = EDGE_LOOP('',(#12909,#12910,#12911,#12932,#12933,#12934,#12935,
    #12936,#12937));
#12909 = ORIENTED_EDGE('',*,*,#4380,.F.);
#12910 = ORIENTED_EDGE('',*,*,#5774,.F.);
#12911 = ORIENTED_EDGE('',*,*,#12912,.T.);
#12912 = EDGE_CURVE('',#5751,#3848,#12913,.T.);
#12913 = SURFACE_CURVE('',#12914,(#12918,#12925),.PCURVE_S1.);
#12914 = LINE('',#12915,#12916);
#12915 = CARTESIAN_POINT('',(-4.5,10.,38.));
#12916 = VECTOR('',#12917,1.);
#12917 = DIRECTION('',(1.,-9.E-17,-2.5E-16));
#12918 = PCURVE('',#2459,#12919);
#12919 = DEFINITIONAL_REPRESENTATION('',(#12920),#12924);
#12920 = LINE('',#12921,#12922);
#12921 = CARTESIAN_POINT('',(20.5,35.));
#12922 = VECTOR('',#12923,1.);
#12923 = DIRECTION('',(1.,-2.5E-16));
#12924 = ( GEOMETRIC_REPRESENTATION_CONTEXT(2) 
PARAMETRIC_REPRESENTATION_CONTEXT() REPRESENTATION_CONTEXT('2D SPACE',''
  ) );
#12925 = PCURVE('',#3870,#12926);
#12926 = DEFINITIONAL_REPRESENTATION('',(#12927),#12931);
#12927 = LINE('',#12928,#12929);
#12928 = CARTESIAN_POINT('',(20.5,12.));
#12929 = VECTOR('',#12930,1.);
#12930 = DIRECTION('',(-1.,9.E-17));
#12931 = ( GEOMETRIC_REPRESENTATION_CONTEXT(2) 
PARAMETRIC_REPRESENTATION_CONTEXT() REPRESENTATION_CONTEXT('2D SPACE',''
  ) );
#12932 = ORIENTED_EDGE('',*,*,#3882,.F.);
#12933 = ORIENTED_EDGE('',*,*,#4010,.T.);
#12934 = ORIENTED_EDGE('',*,*,#4270,.F.);
#12935 = ORIENTED_EDGE('',*,*,#2441,.F.);
#12936 = ORIENTED_EDGE('',*,*,#4893,.F.);
#12937 = ORIENTED_EDGE('',*,*,#4845,.F.);
#12938 = ADVANCED_FACE('',(#12939),#3870,.F.);
#12939 = FACE_BOUND('',#12940,.T.);
#12940 = EDGE_LOOP('',(#12941,#12942,#12943,#12944,#12945,#12946,#12947)
  );
#12941 = ORIENTED_EDGE('',*,*,#3847,.F.);
#12942 = ORIENTED_EDGE('',*,*,#12912,.F.);
#12943 = ORIENTED_EDGE('',*,*,#5750,.F.);
#12944 = ORIENTED_EDGE('',*,*,#4995,.F.);
#12945 = ORIENTED_EDGE('',*,*,#5125,.F.);
#12946 = ORIENTED_EDGE('',*,*,#4034,.F.);
#12947 = ORIENTED_EDGE('',*,*,#5584,.F.);
#12948 = ADVANCED_FACE('',(#12949),#5650,.F.);
#12949 = FACE_BOUND('',#12950,.F.);
#12950 = EDGE_LOOP('',(#12951,#12952,#12974,#13001));
#12951 = ORIENTED_EDGE('',*,*,#5633,.T.);
#12952 = ORIENTED_EDGE('',*,*,#12953,.F.);
#12953 = EDGE_CURVE('',#12954,#5634,#12956,.T.);
#12954 = VERTEX_POINT('',#12955);
#12955 = CARTESIAN_POINT('',(21.3,14.,32.));
#12956 = SEAM_CURVE('',#12957,(#12960,#12967),.PCURVE_S1.);
#12957 = B_SPLINE_CURVE_WITH_KNOTS('',1,(#12958,#12959),.UNSPECIFIED.,
  .F.,.F.,(2,2),(-4.,4.),.PIECEWISE_BEZIER_KNOTS.);
#12958 = CARTESIAN_POINT('',(21.3,14.,32.));
#12959 = CARTESIAN_POINT('',(21.3,22.,32.));
#12960 = PCURVE('',#5650,#12961);
#12961 = DEFINITIONAL_REPRESENTATION('',(#12962),#12966);
#12962 = LINE('',#12963,#12964);
#12963 = CARTESIAN_POINT('',(0.,0.));
#12964 = VECTOR('',#12965,1.);
#12965 = DIRECTION('',(0.,1.));
#12966 = ( GEOMETRIC_REPRESENTATION_CONTEXT(2) 
PARAMETRIC_REPRESENTATION_CONTEXT() REPRESENTATION_CONTEXT('2D SPACE',''
  ) );
#12967 = PCURVE('',#5650,#12968);
#12968 = DEFINITIONAL_REPRESENTATION('',(#12969),#12973);
#12969 = LINE('',#12970,#12971);
#12970 = CARTESIAN_POINT('',(6.28318530718,0.));
#12971 = VECTOR('',#12972,1.);
#12972 = DIRECTION('',(0.,1.));
#12973 = ( GEOMETRIC_REPRESENTATION_CONTEXT(2) 
PARAMETRIC_REPRESENTATION_CONTEXT() REPRESENTATION_CONTEXT('2D SPACE',''
  ) );
#12974 = ORIENTED_EDGE('',*,*,#12975,.T.);
#12975 = EDGE_CURVE('',#12954,#12954,#12976,.T.);
#12976 = SURFACE_CURVE('',#12977,(#12982,#12989),.PCURVE_S1.);
#12977 = CIRCLE('',#12978,1.8);
#12978 = AXIS2_PLACEMENT_3D('',#12979,#12980,#12981);
#12979 = CARTESIAN_POINT('',(19.5,14.,32.));
#12980 = DIRECTION('',(0.,1.,0.));
#12981 = DIRECTION('',(1.,0.,-1.1E-16));
#12982 = PCURVE('',#5650,#12983);
#12983 = DEFINITIONAL_REPRESENTATION('',(#12984),#12988);
#12984 = LINE('',#12985,#12986);
#12985 = CARTESIAN_POINT('',(0.,-4.));
#12986 = VECTOR('',#12987,1.);
#12987 = DIRECTION('',(1.,0.));
#12988 = ( GEOMETRIC_REPRESENTATION_CONTEXT(2) 
PARAMETRIC_REPRESENTATION_CONTEXT() REPRESENTATION_CONTEXT('2D SPACE',''
  ) );
#12989 = PCURVE('',#12990,#12995);
#12990 = CONICAL_SURFACE('',#12991,0.9,1.02974425868);
#12991 = AXIS2_PLACEMENT_3D('',#12992,#12993,#12994);
#12992 = CARTESIAN_POINT('',(19.5,13.459225442875,32.));
#12993 = DIRECTION('',(0.,1.,0.));
#12994 = DIRECTION('',(1.,0.,-1.1E-16));
#12995 = DEFINITIONAL_REPRESENTATION('',(#12996),#13000);
#12996 = LINE('',#12997,#12998);
#12997 = CARTESIAN_POINT('',(0.,0.540774557122));
#12998 = VECTOR('',#12999,1.);
#12999 = DIRECTION('',(1.,0.));
#13000 = ( GEOMETRIC_REPRESENTATION_CONTEXT(2) 
PARAMETRIC_REPRESENTATION_CONTEXT() REPRESENTATION_CONTEXT('2D SPACE',''
  ) );
#13001 = ORIENTED_EDGE('',*,*,#12953,.T.);
#13002 = ADVANCED_FACE('',(#13003),#12990,.F.);
#13003 = FACE_BOUND('',#13004,.F.);
#13004 = EDGE_LOOP('',(#13005,#13006,#13028));
#13005 = ORIENTED_EDGE('',*,*,#12975,.F.);
#13006 = ORIENTED_EDGE('',*,*,#13007,.F.);
#13007 = EDGE_CURVE('',#13008,#12954,#13010,.T.);
#13008 = VERTEX_POINT('',#13009);
#13009 = CARTESIAN_POINT('',(19.5,12.918450885754,32.));
#13010 = SEAM_CURVE('',#13011,(#13014,#13021),.PCURVE_S1.);
#13011 = B_SPLINE_CURVE_WITH_KNOTS('',1,(#13012,#13013),.UNSPECIFIED.,
  .F.,.F.,(2,2),(-1.049970057492,1.049970057494),
  .PIECEWISE_BEZIER_KNOTS.);
#13012 = CARTESIAN_POINT('',(19.5,12.918450885754,32.));
#13013 = CARTESIAN_POINT('',(21.300000000002,13.999999999997,32.));
#13014 = PCURVE('',#12990,#13015);
#13015 = DEFINITIONAL_REPRESENTATION('',(#13016),#13020);
#13016 = LINE('',#13017,#13018);
#13017 = CARTESIAN_POINT('',(0.,0.));
#13018 = VECTOR('',#13019,1.);
#13019 = DIRECTION('',(0.,1.));
#13020 = ( GEOMETRIC_REPRESENTATION_CONTEXT(2) 
PARAMETRIC_REPRESENTATION_CONTEXT() REPRESENTATION_CONTEXT('2D SPACE',''
  ) );
#13021 = PCURVE('',#12990,#13022);
#13022 = DEFINITIONAL_REPRESENTATION('',(#13023),#13027);
#13023 = LINE('',#13024,#13025);
#13024 = CARTESIAN_POINT('',(6.28318530718,0.));
#13025 = VECTOR('',#13026,1.);
#13026 = DIRECTION('',(0.,1.));
#13027 = ( GEOMETRIC_REPRESENTATION_CONTEXT(2) 
PARAMETRIC_REPRESENTATION_CONTEXT() REPRESENTATION_CONTEXT('2D SPACE',''
  ) );
#13028 = ORIENTED_EDGE('',*,*,#13007,.T.);
#13029 = ADVANCED_FACE('',(#13030),#5172,.F.);
#13030 = FACE_BOUND('',#13031,.F.);
#13031 = EDGE_LOOP('',(#13032,#13033,#13053,#13054,#13055));
#13032 = ORIENTED_EDGE('',*,*,#5149,.T.);
#13033 = ORIENTED_EDGE('',*,*,#13034,.T.);
#13034 = EDGE_CURVE('',#5152,#5665,#13035,.T.);
#13035 = SEAM_CURVE('',#13036,(#13039,#13046),.PCURVE_S1.);
#13036 = B_SPLINE_CURVE_WITH_KNOTS('',1,(#13037,#13038),.UNSPECIFIED.,
  .F.,.F.,(2,2),(-1.,4.),.PIECEWISE_BEZIER_KNOTS.);
#13037 = CARTESIAN_POINT('',(-27.2,17.,32.));
#13038 = CARTESIAN_POINT('',(-27.2,22.,32.));
#13039 = PCURVE('',#5172,#13040);
#13040 = DEFINITIONAL_REPRESENTATION('',(#13041),#13045);
#13041 = LINE('',#13042,#13043);
#13042 = CARTESIAN_POINT('',(6.28318530718,0.));
#13043 = VECTOR('',#13044,1.);
#13044 = DIRECTION('',(0.,1.));
#13045 = ( GEOMETRIC_REPRESENTATION_CONTEXT(2) 
PARAMETRIC_REPRESENTATION_CONTEXT() REPRESENTATION_CONTEXT('2D SPACE',''
  ) );
#13046 = PCURVE('',#5172,#13047);
#13047 = DEFINITIONAL_REPRESENTATION('',(#13048),#13052);
#13048 = LINE('',#13049,#13050);
#13049 = CARTESIAN_POINT('',(0.,0.));
#13050 = VECTOR('',#13051,1.);
#13051 = DIRECTION('',(0.,1.));
#13052 = ( GEOMETRIC_REPRESENTATION_CONTEXT(2) 
PARAMETRIC_REPRESENTATION_CONTEXT() REPRESENTATION_CONTEXT('2D SPACE',''
  ) );
#13053 = ORIENTED_EDGE('',*,*,#5664,.T.);
#13054 = ORIENTED_EDGE('',*,*,#13034,.F.);
#13055 = ORIENTED_EDGE('',*,*,#5184,.T.);
#13056 = ADVANCED_FACE('',(#13057),#5235,.F.);
#13057 = FACE_BOUND('',#13058,.F.);
#13058 = EDGE_LOOP('',(#13059,#13060,#13080,#13081,#13082));
#13059 = ORIENTED_EDGE('',*,*,#5212,.T.);
#13060 = ORIENTED_EDGE('',*,*,#13061,.T.);
#13061 = EDGE_CURVE('',#5215,#5691,#13062,.T.);
#13062 = SEAM_CURVE('',#13063,(#13066,#13073),.PCURVE_S1.);
#13063 = B_SPLINE_CURVE_WITH_KNOTS('',1,(#13064,#13065),.UNSPECIFIED.,
  .F.,.F.,(2,2),(-1.,4.),.PIECEWISE_BEZIER_KNOTS.);
#13064 = CARTESIAN_POINT('',(-27.2,17.,22.));
#13065 = CARTESIAN_POINT('',(-27.2,22.,22.));
#13066 = PCURVE('',#5235,#13067);
#13067 = DEFINITIONAL_REPRESENTATION('',(#13068),#13072);
#13068 = LINE('',#13069,#13070);
#13069 = CARTESIAN_POINT('',(6.28318530718,0.));
#13070 = VECTOR('',#13071,1.);
#13071 = DIRECTION('',(0.,1.));
#13072 = ( GEOMETRIC_REPRESENTATION_CONTEXT(2) 
PARAMETRIC_REPRESENTATION_CONTEXT() REPRESENTATION_CONTEXT('2D SPACE',''
  ) );
#13073 = PCURVE('',#5235,#13074);
#13074 = DEFINITIONAL_REPRESENTATION('',(#13075),#13079);
#13075 = LINE('',#13076,#13077);
#13076 = CARTESIAN_POINT('',(0.,0.));
#13077 = VECTOR('',#13078,1.);
#13078 = DIRECTION('',(0.,1.));
#13079 = ( GEOMETRIC_REPRESENTATION_CONTEXT(2) 
PARAMETRIC_REPRESENTATION_CONTEXT() REPRESENTATION_CONTEXT('2D SPACE',''
  ) );
#13080 = ORIENTED_EDGE('',*,*,#5690,.T.);
#13081 = ORIENTED_EDGE('',*,*,#13061,.F.);
#13082 = ORIENTED_EDGE('',*,*,#5247,.T.);
#13083 = ADVANCED_FACE('',(#13084),#5733,.F.);
#13084 = FACE_BOUND('',#13085,.F.);
#13085 = EDGE_LOOP('',(#13086,#13087,#13109,#13136));
#13086 = ORIENTED_EDGE('',*,*,#5716,.T.);
#13087 = ORIENTED_EDGE('',*,*,#13088,.F.);
#13088 = EDGE_CURVE('',#13089,#5717,#13091,.T.);
#13089 = VERTEX_POINT('',#13090);
#13090 = CARTESIAN_POINT('',(21.3,14.,22.));
#13091 = SEAM_CURVE('',#13092,(#13095,#13102),.PCURVE_S1.);
#13092 = B_SPLINE_CURVE_WITH_KNOTS('',1,(#13093,#13094),.UNSPECIFIED.,
  .F.,.F.,(2,2),(-4.,4.),.PIECEWISE_BEZIER_KNOTS.);
#13093 = CARTESIAN_POINT('',(21.3,14.,22.));
#13094 = CARTESIAN_POINT('',(21.3,22.,22.));
#13095 = PCURVE('',#5733,#13096);
#13096 = DEFINITIONAL_REPRESENTATION('',(#13097),#13101);
#13097 = LINE('',#13098,#13099);
#13098 = CARTESIAN_POINT('',(0.,0.));
#13099 = VECTOR('',#13100,1.);
#13100 = DIRECTION('',(0.,1.));
#13101 = ( GEOMETRIC_REPRESENTATION_CONTEXT(2) 
PARAMETRIC_REPRESENTATION_CONTEXT() REPRESENTATION_CONTEXT('2D SPACE',''
  ) );
#13102 = PCURVE('',#5733,#13103);
#13103 = DEFINITIONAL_REPRESENTATION('',(#13104),#13108);
#13104 = LINE('',#13105,#13106);
#13105 = CARTESIAN_POINT('',(6.28318530718,0.));
#13106 = VECTOR('',#13107,1.);
#13107 = DIRECTION('',(0.,1.));
#13108 = ( GEOMETRIC_REPRESENTATION_CONTEXT(2) 
PARAMETRIC_REPRESENTATION_CONTEXT() REPRESENTATION_CONTEXT('2D SPACE',''
  ) );
#13109 = ORIENTED_EDGE('',*,*,#13110,.T.);
#13110 = EDGE_CURVE('',#13089,#13089,#13111,.T.);
#13111 = SURFACE_CURVE('',#13112,(#13117,#13124),.PCURVE_S1.);
#13112 = CIRCLE('',#13113,1.8);
#13113 = AXIS2_PLACEMENT_3D('',#13114,#13115,#13116);
#13114 = CARTESIAN_POINT('',(19.5,14.,22.));
#13115 = DIRECTION('',(0.,1.,0.));
#13116 = DIRECTION('',(1.,0.,-1.1E-16));
#13117 = PCURVE('',#5733,#13118);
#13118 = DEFINITIONAL_REPRESENTATION('',(#13119),#13123);
#13119 = LINE('',#13120,#13121);
#13120 = CARTESIAN_POINT('',(0.,-4.));
#13121 = VECTOR('',#13122,1.);
#13122 = DIRECTION('',(1.,0.));
#13123 = ( GEOMETRIC_REPRESENTATION_CONTEXT(2) 
PARAMETRIC_REPRESENTATION_CONTEXT() REPRESENTATION_CONTEXT('2D SPACE',''
  ) );
#13124 = PCURVE('',#13125,#13130);
#13125 = CONICAL_SURFACE('',#13126,0.9,1.02974425868);
#13126 = AXIS2_PLACEMENT_3D('',#13127,#13128,#13129);
#13127 = CARTESIAN_POINT('',(19.5,13.459225442875,22.));
#13128 = DIRECTION('',(0.,1.,0.));
#13129 = DIRECTION('',(1.,0.,-1.1E-16));
#13130 = DEFINITIONAL_REPRESENTATION('',(#13131),#13135);
#13131 = LINE('',#13132,#13133);
#13132 = CARTESIAN_POINT('',(0.,0.540774557122));
#13133 = VECTOR('',#13134,1.);
#13134 = DIRECTION('',(1.,0.));
#13135 = ( GEOMETRIC_REPRESENTATION_CONTEXT(2) 
PARAMETRIC_REPRESENTATION_CONTEXT() REPRESENTATION_CONTEXT('2D SPACE',''
  ) );
#13136 = ORIENTED_EDGE('',*,*,#13088,.T.);
#13137 = ADVANCED_FACE('',(#13138),#13125,.F.);
#13138 = FACE_BOUND('',#13139,.F.);
#13139 = EDGE_LOOP('',(#13140,#13141,#13163));
#13140 = ORIENTED_EDGE('',*,*,#13110,.F.);
#13141 = ORIENTED_EDGE('',*,*,#13142,.F.);
#13142 = EDGE_CURVE('',#13143,#13089,#13145,.T.);
#13143 = VERTEX_POINT('',#13144);
#13144 = CARTESIAN_POINT('',(19.5,12.918450885754,22.));
#13145 = SEAM_CURVE('',#13146,(#13149,#13156),.PCURVE_S1.);
#13146 = B_SPLINE_CURVE_WITH_KNOTS('',1,(#13147,#13148),.UNSPECIFIED.,
  .F.,.F.,(2,2),(-1.049970057492,1.049970057494),
  .PIECEWISE_BEZIER_KNOTS.);
#13147 = CARTESIAN_POINT('',(19.5,12.918450885754,22.));
#13148 = CARTESIAN_POINT('',(21.300000000002,13.999999999997,22.));
#13149 = PCURVE('',#13125,#13150);
#13150 = DEFINITIONAL_REPRESENTATION('',(#13151),#13155);
#13151 = LINE('',#13152,#13153);
#13152 = CARTESIAN_POINT('',(0.,0.));
#13153 = VECTOR('',#13154,1.);
#13154 = DIRECTION('',(0.,1.));
#13155 = ( GEOMETRIC_REPRESENTATION_CONTEXT(2) 
PARAMETRIC_REPRESENTATION_CONTEXT() REPRESENTATION_CONTEXT('2D SPACE',''
  ) );
#13156 = PCURVE('',#13125,#13157);
#13157 = DEFINITIONAL_REPRESENTATION('',(#13158),#13162);
#13158 = LINE('',#13159,#13160);
#13159 = CARTESIAN_POINT('',(6.28318530718,0.));
#13160 = VECTOR('',#13161,1.);
#13161 = DIRECTION('',(0.,1.));
#13162 = ( GEOMETRIC_REPRESENTATION_CONTEXT(2) 
PARAMETRIC_REPRESENTATION_CONTEXT() REPRESENTATION_CONTEXT('2D SPACE',''
  ) );
#13163 = ORIENTED_EDGE('',*,*,#13142,.T.);
#13164 = ADVANCED_FACE('',(#13165),#9944,.F.);
#13165 = FACE_BOUND('',#13166,.T.);
#13166 = EDGE_LOOP('',(#13167,#13190,#13191,#13192));
#13167 = ORIENTED_EDGE('',*,*,#13168,.T.);
#13168 = EDGE_CURVE('',#13169,#9929,#13171,.T.);
#13169 = VERTEX_POINT('',#13170);
#13170 = CARTESIAN_POINT('',(-54.,-39.,79.));
#13171 = SURFACE_CURVE('',#13172,(#13176,#13183),.PCURVE_S1.);
#13172 = LINE('',#13173,#13174);
#13173 = CARTESIAN_POINT('',(-16.78998803508,-39.,79.));
#13174 = VECTOR('',#13175,1.);
#13175 = DIRECTION('',(1.,0.,0.));
#13176 = PCURVE('',#9944,#13177);
#13177 = DEFINITIONAL_REPRESENTATION('',(#13178),#13182);
#13178 = LINE('',#13179,#13180);
#13179 = CARTESIAN_POINT('',(17.789988035087,-39.));
#13180 = VECTOR('',#13181,1.);
#13181 = DIRECTION('',(1.,0.));
#13182 = ( GEOMETRIC_REPRESENTATION_CONTEXT(2) 
PARAMETRIC_REPRESENTATION_CONTEXT() REPRESENTATION_CONTEXT('2D SPACE',''
  ) );
#13183 = PCURVE('',#9970,#13184);
#13184 = DEFINITIONAL_REPRESENTATION('',(#13185),#13189);
#13185 = LINE('',#13186,#13187);
#13186 = CARTESIAN_POINT('',(19.,17.789988035087));
#13187 = VECTOR('',#13188,1.);
#13188 = DIRECTION('',(3.9E-16,-1.));
#13189 = ( GEOMETRIC_REPRESENTATION_CONTEXT(2) 
PARAMETRIC_REPRESENTATION_CONTEXT() REPRESENTATION_CONTEXT('2D SPACE',''
  ) );
#13190 = ORIENTED_EDGE('',*,*,#9928,.T.);
#13191 = ORIENTED_EDGE('',*,*,#10088,.F.);
#13192 = ORIENTED_EDGE('',*,*,#13193,.T.);
#13193 = EDGE_CURVE('',#10066,#13169,#13194,.T.);
#13194 = SURFACE_CURVE('',#13195,(#13199,#13206),.PCURVE_S1.);
#13195 = LINE('',#13196,#13197);
#13196 = CARTESIAN_POINT('',(-54.,-33.,79.));
#13197 = VECTOR('',#13198,1.);
#13198 = DIRECTION('',(0.,1.,0.));
#13199 = PCURVE('',#9944,#13200);
#13200 = DEFINITIONAL_REPRESENTATION('',(#13201),#13205);
#13201 = LINE('',#13202,#13203);
#13202 = CARTESIAN_POINT('',(-19.42002392982,-33.));
#13203 = VECTOR('',#13204,1.);
#13204 = DIRECTION('',(0.,1.));
#13205 = ( GEOMETRIC_REPRESENTATION_CONTEXT(2) 
PARAMETRIC_REPRESENTATION_CONTEXT() REPRESENTATION_CONTEXT('2D SPACE',''
  ) );
#13206 = PCURVE('',#1774,#13207);
#13207 = DEFINITIONAL_REPRESENTATION('',(#13208),#13212);
#13208 = LINE('',#13209,#13210);
#13209 = CARTESIAN_POINT('',(12.,76.));
#13210 = VECTOR('',#13211,1.);
#13211 = DIRECTION('',(1.,0.));
#13212 = ( GEOMETRIC_REPRESENTATION_CONTEXT(2) 
PARAMETRIC_REPRESENTATION_CONTEXT() REPRESENTATION_CONTEXT('2D SPACE',''
  ) );
#13213 = ADVANCED_FACE('',(#13214),#6205,.F.);
#13214 = FACE_BOUND('',#13215,.T.);
#13215 = EDGE_LOOP('',(#13216,#13239,#13240,#13241));
#13216 = ORIENTED_EDGE('',*,*,#13217,.T.);
#13217 = EDGE_CURVE('',#13218,#6190,#13220,.T.);
#13218 = VERTEX_POINT('',#13219);
#13219 = CARTESIAN_POINT('',(1.,39.,79.));
#13220 = SURFACE_CURVE('',#13221,(#13225,#13232),.PCURVE_S1.);
#13221 = LINE('',#13222,#13223);
#13222 = CARTESIAN_POINT('',(-16.78998803508,39.,79.));
#13223 = VECTOR('',#13224,1.);
#13224 = DIRECTION('',(-1.,-0.,0.));
#13225 = PCURVE('',#6205,#13226);
#13226 = DEFINITIONAL_REPRESENTATION('',(#13227),#13231);
#13227 = LINE('',#13228,#13229);
#13228 = CARTESIAN_POINT('',(17.789988035087,39.));
#13229 = VECTOR('',#13230,1.);
#13230 = DIRECTION('',(-1.,0.));
#13231 = ( GEOMETRIC_REPRESENTATION_CONTEXT(2) 
PARAMETRIC_REPRESENTATION_CONTEXT() REPRESENTATION_CONTEXT('2D SPACE',''
  ) );
#13232 = PCURVE('',#44,#13233);
#13233 = DEFINITIONAL_REPRESENTATION('',(#13234),#13238);
#13234 = LINE('',#13235,#13236);
#13235 = CARTESIAN_POINT('',(1.,17.789988035087));
#13236 = VECTOR('',#13237,1.);
#13237 = DIRECTION('',(3.9E-16,1.));
#13238 = ( GEOMETRIC_REPRESENTATION_CONTEXT(2) 
PARAMETRIC_REPRESENTATION_CONTEXT() REPRESENTATION_CONTEXT('2D SPACE',''
  ) );
#13239 = ORIENTED_EDGE('',*,*,#6189,.T.);
#13240 = ORIENTED_EDGE('',*,*,#10690,.F.);
#13241 = ORIENTED_EDGE('',*,*,#13242,.F.);
#13242 = EDGE_CURVE('',#13218,#10663,#13243,.T.);
#13243 = SURFACE_CURVE('',#13244,(#13248,#13255),.PCURVE_S1.);
#13244 = LINE('',#13245,#13246);
#13245 = CARTESIAN_POINT('',(1.,-45.,79.));
#13246 = VECTOR('',#13247,1.);
#13247 = DIRECTION('',(-1.E-16,1.,0.));
#13248 = PCURVE('',#6205,#13249);
#13249 = DEFINITIONAL_REPRESENTATION('',(#13250),#13254);
#13250 = LINE('',#13251,#13252);
#13251 = CARTESIAN_POINT('',(35.579976070174,-45.));
#13252 = VECTOR('',#13253,1.);
#13253 = DIRECTION('',(-1.E-16,1.));
#13254 = ( GEOMETRIC_REPRESENTATION_CONTEXT(2) 
PARAMETRIC_REPRESENTATION_CONTEXT() REPRESENTATION_CONTEXT('2D SPACE',''
  ) );
#13255 = PCURVE('',#10678,#13256);
#13256 = DEFINITIONAL_REPRESENTATION('',(#13257),#13261);
#13257 = LINE('',#13258,#13259);
#13258 = CARTESIAN_POINT('',(17.,-45.));
#13259 = VECTOR('',#13260,1.);
#13260 = DIRECTION('',(-3.9E-32,1.));
#13261 = ( GEOMETRIC_REPRESENTATION_CONTEXT(2) 
PARAMETRIC_REPRESENTATION_CONTEXT() REPRESENTATION_CONTEXT('2D SPACE',''
  ) );
#13262 = ADVANCED_FACE('',(#13263),#10437,.F.);
#13263 = FACE_BOUND('',#13264,.T.);
#13264 = EDGE_LOOP('',(#13265,#13288,#13289,#13290));
#13265 = ORIENTED_EDGE('',*,*,#13266,.T.);
#13266 = EDGE_CURVE('',#13267,#10422,#13269,.T.);
#13267 = VERTEX_POINT('',#13268);
#13268 = CARTESIAN_POINT('',(-39.,39.,79.));
#13269 = SURFACE_CURVE('',#13270,(#13274,#13281),.PCURVE_S1.);
#13270 = LINE('',#13271,#13272);
#13271 = CARTESIAN_POINT('',(-16.78998803508,39.,79.));
#13272 = VECTOR('',#13273,1.);
#13273 = DIRECTION('',(-1.,-0.,0.));
#13274 = PCURVE('',#10437,#13275);
#13275 = DEFINITIONAL_REPRESENTATION('',(#13276),#13280);
#13276 = LINE('',#13277,#13278);
#13277 = CARTESIAN_POINT('',(17.789988035087,39.));
#13278 = VECTOR('',#13279,1.);
#13279 = DIRECTION('',(-1.,0.));
#13280 = ( GEOMETRIC_REPRESENTATION_CONTEXT(2) 
PARAMETRIC_REPRESENTATION_CONTEXT() REPRESENTATION_CONTEXT('2D SPACE',''
  ) );
#13281 = PCURVE('',#10463,#13282);
#13282 = DEFINITIONAL_REPRESENTATION('',(#13283),#13287);
#13283 = LINE('',#13284,#13285);
#13284 = CARTESIAN_POINT('',(1.,17.789988035087));
#13285 = VECTOR('',#13286,1.);
#13286 = DIRECTION('',(3.9E-16,1.));
#13287 = ( GEOMETRIC_REPRESENTATION_CONTEXT(2) 
PARAMETRIC_REPRESENTATION_CONTEXT() REPRESENTATION_CONTEXT('2D SPACE',''
  ) );
#13288 = ORIENTED_EDGE('',*,*,#10421,.T.);
#13289 = ORIENTED_EDGE('',*,*,#10502,.F.);
#13290 = ORIENTED_EDGE('',*,*,#13291,.T.);
#13291 = EDGE_CURVE('',#10480,#13267,#13292,.T.);
#13292 = SURFACE_CURVE('',#13293,(#13297,#13304),.PCURVE_S1.);
#13293 = LINE('',#13294,#13295);
#13294 = CARTESIAN_POINT('',(-39.,45.,79.));
#13295 = VECTOR('',#13296,1.);
#13296 = DIRECTION('',(0.,-1.,0.));
#13297 = PCURVE('',#10437,#13298);
#13298 = DEFINITIONAL_REPRESENTATION('',(#13299),#13303);
#13299 = LINE('',#13300,#13301);
#13300 = CARTESIAN_POINT('',(-4.420023929826,45.));
#13301 = VECTOR('',#13302,1.);
#13302 = DIRECTION('',(0.,-1.));
#13303 = ( GEOMETRIC_REPRESENTATION_CONTEXT(2) 
PARAMETRIC_REPRESENTATION_CONTEXT() REPRESENTATION_CONTEXT('2D SPACE',''
  ) );
#13304 = PCURVE('',#2075,#13305);
#13305 = DEFINITIONAL_REPRESENTATION('',(#13306),#13310);
#13306 = LINE('',#13307,#13308);
#13307 = CARTESIAN_POINT('',(0.,76.));
#13308 = VECTOR('',#13309,1.);
#13309 = DIRECTION('',(1.,0.));
#13310 = ( GEOMETRIC_REPRESENTATION_CONTEXT(2) 
PARAMETRIC_REPRESENTATION_CONTEXT() REPRESENTATION_CONTEXT('2D SPACE',''
  ) );
#13311 = ADVANCED_FACE('',(#13312),#2075,.T.);
#13312 = FACE_BOUND('',#13313,.T.);
#13313 = EDGE_LOOP('',(#13314,#13337,#13358,#13359,#13360,#13361));
#13314 = ORIENTED_EDGE('',*,*,#13315,.T.);
#13315 = EDGE_CURVE('',#2032,#13316,#13318,.T.);
#13316 = VERTEX_POINT('',#13317);
#13317 = CARTESIAN_POINT('',(-39.,39.,60.));
#13318 = SURFACE_CURVE('',#13319,(#13323,#13330),.PCURVE_S1.);
#13319 = LINE('',#13320,#13321);
#13320 = CARTESIAN_POINT('',(-39.,42.,60.));
#13321 = VECTOR('',#13322,1.);
#13322 = DIRECTION('',(0.,1.,-3.7E-16));
#13323 = PCURVE('',#2075,#13324);
#13324 = DEFINITIONAL_REPRESENTATION('',(#13325),#13329);
#13325 = LINE('',#13326,#13327);
#13326 = CARTESIAN_POINT('',(3.,57.));
#13327 = VECTOR('',#13328,1.);
#13328 = DIRECTION('',(-1.,-3.7E-16));
#13329 = ( GEOMETRIC_REPRESENTATION_CONTEXT(2) 
PARAMETRIC_REPRESENTATION_CONTEXT() REPRESENTATION_CONTEXT('2D SPACE',''
  ) );
#13330 = PCURVE('',#2047,#13331);
#13331 = DEFINITIONAL_REPRESENTATION('',(#13332),#13336);
#13332 = LINE('',#13333,#13334);
#13333 = CARTESIAN_POINT('',(-3.,40.));
#13334 = VECTOR('',#13335,1.);
#13335 = DIRECTION('',(-1.,0.));
#13336 = ( GEOMETRIC_REPRESENTATION_CONTEXT(2) 
PARAMETRIC_REPRESENTATION_CONTEXT() REPRESENTATION_CONTEXT('2D SPACE',''
  ) );
#13337 = ORIENTED_EDGE('',*,*,#13338,.T.);
#13338 = EDGE_CURVE('',#13316,#13267,#13339,.T.);
#13339 = SURFACE_CURVE('',#13340,(#13344,#13351),.PCURVE_S1.);
#13340 = LINE('',#13341,#13342);
#13341 = CARTESIAN_POINT('',(-39.,39.,41.5));
#13342 = VECTOR('',#13343,1.);
#13343 = DIRECTION('',(0.,0.,1.));
#13344 = PCURVE('',#2075,#13345);
#13345 = DEFINITIONAL_REPRESENTATION('',(#13346),#13350);
#13346 = LINE('',#13347,#13348);
#13347 = CARTESIAN_POINT('',(6.,38.5));
#13348 = VECTOR('',#13349,1.);
#13349 = DIRECTION('',(0.,1.));
#13350 = ( GEOMETRIC_REPRESENTATION_CONTEXT(2) 
PARAMETRIC_REPRESENTATION_CONTEXT() REPRESENTATION_CONTEXT('2D SPACE',''
  ) );
#13351 = PCURVE('',#10463,#13352);
#13352 = DEFINITIONAL_REPRESENTATION('',(#13353),#13357);
#13353 = LINE('',#13354,#13355);
#13354 = CARTESIAN_POINT('',(38.5,40.));
#13355 = VECTOR('',#13356,1.);
#13356 = DIRECTION('',(-1.,3.9E-16));
#13357 = ( GEOMETRIC_REPRESENTATION_CONTEXT(2) 
PARAMETRIC_REPRESENTATION_CONTEXT() REPRESENTATION_CONTEXT('2D SPACE',''
  ) );
#13358 = ORIENTED_EDGE('',*,*,#13291,.F.);
#13359 = ORIENTED_EDGE('',*,*,#10479,.F.);
#13360 = ORIENTED_EDGE('',*,*,#3689,.F.);
#13361 = ORIENTED_EDGE('',*,*,#2059,.T.);
#13362 = ADVANCED_FACE('',(#13363),#10678,.T.);
#13363 = FACE_BOUND('',#13364,.T.);
#13364 = EDGE_LOOP('',(#13365,#13386,#13387,#13388));
#13365 = ORIENTED_EDGE('',*,*,#13366,.T.);
#13366 = EDGE_CURVE('',#11366,#13218,#13367,.T.);
#13367 = SURFACE_CURVE('',#13368,(#13372,#13379),.PCURVE_S1.);
#13368 = LINE('',#13369,#13370);
#13369 = CARTESIAN_POINT('',(1.,39.,71.));
#13370 = VECTOR('',#13371,1.);
#13371 = DIRECTION('',(3.9E-16,0.,1.));
#13372 = PCURVE('',#10678,#13373);
#13373 = DEFINITIONAL_REPRESENTATION('',(#13374),#13378);
#13374 = LINE('',#13375,#13376);
#13375 = CARTESIAN_POINT('',(9.,39.));
#13376 = VECTOR('',#13377,1.);
#13377 = DIRECTION('',(1.,0.));
#13378 = ( GEOMETRIC_REPRESENTATION_CONTEXT(2) 
PARAMETRIC_REPRESENTATION_CONTEXT() REPRESENTATION_CONTEXT('2D SPACE',''
  ) );
#13379 = PCURVE('',#44,#13380);
#13380 = DEFINITIONAL_REPRESENTATION('',(#13381),#13385);
#13381 = LINE('',#13382,#13383);
#13382 = CARTESIAN_POINT('',(9.,4.868028886506E-16));
#13383 = VECTOR('',#13384,1.);
#13384 = DIRECTION('',(-1.,0.));
#13385 = ( GEOMETRIC_REPRESENTATION_CONTEXT(2) 
PARAMETRIC_REPRESENTATION_CONTEXT() REPRESENTATION_CONTEXT('2D SPACE',''
  ) );
#13386 = ORIENTED_EDGE('',*,*,#13242,.T.);
#13387 = ORIENTED_EDGE('',*,*,#10662,.F.);
#13388 = ORIENTED_EDGE('',*,*,#11388,.F.);
#13389 = ADVANCED_FACE('',(#13390),#862,.T.);
#13390 = FACE_BOUND('',#13391,.T.);
#13391 = EDGE_LOOP('',(#13392,#13393,#13394,#13395));
#13392 = ORIENTED_EDGE('',*,*,#846,.F.);
#13393 = ORIENTED_EDGE('',*,*,#1542,.T.);
#13394 = ORIENTED_EDGE('',*,*,#1861,.F.);
#13395 = ORIENTED_EDGE('',*,*,#11341,.F.);
#13396 = ADVANCED_FACE('',(#13397),#1774,.T.);
#13397 = FACE_BOUND('',#13398,.T.);
#13398 = EDGE_LOOP('',(#13399,#13422,#13443,#13444,#13445,#13446,#13447)
  );
#13399 = ORIENTED_EDGE('',*,*,#13400,.T.);
#13400 = EDGE_CURVE('',#1731,#13401,#13403,.T.);
#13401 = VERTEX_POINT('',#13402);
#13402 = CARTESIAN_POINT('',(-54.,-39.,60.));
#13403 = SURFACE_CURVE('',#13404,(#13408,#13415),.PCURVE_S1.);
#13404 = LINE('',#13405,#13406);
#13405 = CARTESIAN_POINT('',(-54.,-39.,60.));
#13406 = VECTOR('',#13407,1.);
#13407 = DIRECTION('',(0.,-1.,2.59E-15));
#13408 = PCURVE('',#1774,#13409);
#13409 = DEFINITIONAL_REPRESENTATION('',(#13410),#13414);
#13410 = LINE('',#13411,#13412);
#13411 = CARTESIAN_POINT('',(6.,57.));
#13412 = VECTOR('',#13413,1.);
#13413 = DIRECTION('',(-1.,2.59E-15));
#13414 = ( GEOMETRIC_REPRESENTATION_CONTEXT(2) 
PARAMETRIC_REPRESENTATION_CONTEXT() REPRESENTATION_CONTEXT('2D SPACE',''
  ) );
#13415 = PCURVE('',#1746,#13416);
#13416 = DEFINITIONAL_REPRESENTATION('',(#13417),#13421);
#13417 = LINE('',#13418,#13419);
#13418 = CARTESIAN_POINT('',(6.,55.));
#13419 = VECTOR('',#13420,1.);
#13420 = DIRECTION('',(1.,0.));
#13421 = ( GEOMETRIC_REPRESENTATION_CONTEXT(2) 
PARAMETRIC_REPRESENTATION_CONTEXT() REPRESENTATION_CONTEXT('2D SPACE',''
  ) );
#13422 = ORIENTED_EDGE('',*,*,#13423,.T.);
#13423 = EDGE_CURVE('',#13401,#13169,#13424,.T.);
#13424 = SURFACE_CURVE('',#13425,(#13429,#13436),.PCURVE_S1.);
#13425 = LINE('',#13426,#13427);
#13426 = CARTESIAN_POINT('',(-54.,-39.,31.5));
#13427 = VECTOR('',#13428,1.);
#13428 = DIRECTION('',(0.,0.,1.));
#13429 = PCURVE('',#1774,#13430);
#13430 = DEFINITIONAL_REPRESENTATION('',(#13431),#13435);
#13431 = LINE('',#13432,#13433);
#13432 = CARTESIAN_POINT('',(6.,28.5));
#13433 = VECTOR('',#13434,1.);
#13434 = DIRECTION('',(0.,1.));
#13435 = ( GEOMETRIC_REPRESENTATION_CONTEXT(2) 
PARAMETRIC_REPRESENTATION_CONTEXT() REPRESENTATION_CONTEXT('2D SPACE',''
  ) );
#13436 = PCURVE('',#9970,#13437);
#13437 = DEFINITIONAL_REPRESENTATION('',(#13438),#13442);
#13438 = LINE('',#13439,#13440);
#13439 = CARTESIAN_POINT('',(-28.5,55.));
#13440 = VECTOR('',#13441,1.);
#13441 = DIRECTION('',(1.,3.9E-16));
#13442 = ( GEOMETRIC_REPRESENTATION_CONTEXT(2) 
PARAMETRIC_REPRESENTATION_CONTEXT() REPRESENTATION_CONTEXT('2D SPACE',''
  ) );
#13443 = ORIENTED_EDGE('',*,*,#13193,.F.);
#13444 = ORIENTED_EDGE('',*,*,#10065,.F.);
#13445 = ORIENTED_EDGE('',*,*,#3268,.F.);
#13446 = ORIENTED_EDGE('',*,*,#6683,.T.);
#13447 = ORIENTED_EDGE('',*,*,#1758,.T.);
#13448 = ADVANCED_FACE('',(#13449),#44,.T.);
#13449 = FACE_BOUND('',#13450,.T.);
#13450 = EDGE_LOOP('',(#13451,#13452,#13453,#13454,#13455,#13456,#13457,
    #13458));
#13451 = ORIENTED_EDGE('',*,*,#21,.T.);
#13452 = ORIENTED_EDGE('',*,*,#768,.T.);
#13453 = ORIENTED_EDGE('',*,*,#314,.T.);
#13454 = ORIENTED_EDGE('',*,*,#412,.T.);
#13455 = ORIENTED_EDGE('',*,*,#6217,.F.);
#13456 = ORIENTED_EDGE('',*,*,#13217,.F.);
#13457 = ORIENTED_EDGE('',*,*,#13366,.F.);
#13458 = ORIENTED_EDGE('',*,*,#11365,.T.);
#13459 = ADVANCED_FACE('',(#13460),#10463,.T.);
#13460 = FACE_BOUND('',#13461,.T.);
#13461 = EDGE_LOOP('',(#13462,#13463,#13484,#13485));
#13462 = ORIENTED_EDGE('',*,*,#13338,.F.);
#13463 = ORIENTED_EDGE('',*,*,#13464,.T.);
#13464 = EDGE_CURVE('',#13316,#10374,#13465,.T.);
#13465 = SURFACE_CURVE('',#13466,(#13470,#13477),.PCURVE_S1.);
#13466 = LINE('',#13467,#13468);
#13467 = CARTESIAN_POINT('',(1.,39.,60.));
#13468 = VECTOR('',#13469,1.);
#13469 = DIRECTION('',(-1.,0.,3.2E-16));
#13470 = PCURVE('',#10463,#13471);
#13471 = DEFINITIONAL_REPRESENTATION('',(#13472),#13476);
#13472 = LINE('',#13473,#13474);
#13473 = CARTESIAN_POINT('',(20.,1.936057773011E-16));
#13474 = VECTOR('',#13475,1.);
#13475 = DIRECTION('',(7.E-17,1.));
#13476 = ( GEOMETRIC_REPRESENTATION_CONTEXT(2) 
PARAMETRIC_REPRESENTATION_CONTEXT() REPRESENTATION_CONTEXT('2D SPACE',''
  ) );
#13477 = PCURVE('',#2047,#13478);
#13478 = DEFINITIONAL_REPRESENTATION('',(#13479),#13483);
#13479 = LINE('',#13480,#13481);
#13480 = CARTESIAN_POINT('',(0.,0.));
#13481 = VECTOR('',#13482,1.);
#13482 = DIRECTION('',(1.184E-31,1.));
#13483 = ( GEOMETRIC_REPRESENTATION_CONTEXT(2) 
PARAMETRIC_REPRESENTATION_CONTEXT() REPRESENTATION_CONTEXT('2D SPACE',''
  ) );
#13484 = ORIENTED_EDGE('',*,*,#10449,.F.);
#13485 = ORIENTED_EDGE('',*,*,#13266,.F.);
#13486 = ADVANCED_FACE('',(#13487),#2047,.T.);
#13487 = FACE_BOUND('',#13488,.T.);
#13488 = EDGE_LOOP('',(#13489,#13490,#13491,#13492));
#13489 = ORIENTED_EDGE('',*,*,#13315,.F.);
#13490 = ORIENTED_EDGE('',*,*,#2031,.T.);
#13491 = ORIENTED_EDGE('',*,*,#10373,.F.);
#13492 = ORIENTED_EDGE('',*,*,#13464,.F.);
#13493 = ADVANCED_FACE('',(#13494),#9970,.T.);
#13494 = FACE_BOUND('',#13495,.T.);
#13495 = EDGE_LOOP('',(#13496,#13497,#13498,#13499));
#13496 = ORIENTED_EDGE('',*,*,#9956,.F.);
#13497 = ORIENTED_EDGE('',*,*,#13168,.F.);
#13498 = ORIENTED_EDGE('',*,*,#13423,.F.);
#13499 = ORIENTED_EDGE('',*,*,#13500,.F.);
#13500 = EDGE_CURVE('',#9880,#13401,#13501,.T.);
#13501 = SURFACE_CURVE('',#13502,(#13506,#13513),.PCURVE_S1.);
#13502 = LINE('',#13503,#13504);
#13503 = CARTESIAN_POINT('',(1.,-39.,60.));
#13504 = VECTOR('',#13505,1.);
#13505 = DIRECTION('',(-1.,0.,3.2E-16));
#13506 = PCURVE('',#9970,#13507);
#13507 = DEFINITIONAL_REPRESENTATION('',(#13508),#13512);
#13508 = LINE('',#13509,#13510);
#13509 = CARTESIAN_POINT('',(0.,0.));
#13510 = VECTOR('',#13511,1.);
#13511 = DIRECTION('',(-7.E-17,1.));
#13512 = ( GEOMETRIC_REPRESENTATION_CONTEXT(2) 
PARAMETRIC_REPRESENTATION_CONTEXT() REPRESENTATION_CONTEXT('2D SPACE',''
  ) );
#13513 = PCURVE('',#1746,#13514);
#13514 = DEFINITIONAL_REPRESENTATION('',(#13515),#13519);
#13515 = LINE('',#13516,#13517);
#13516 = CARTESIAN_POINT('',(6.,-4.253264911354E-31));
#13517 = VECTOR('',#13518,1.);
#13518 = DIRECTION('',(8.288E-31,1.));
#13519 = ( GEOMETRIC_REPRESENTATION_CONTEXT(2) 
PARAMETRIC_REPRESENTATION_CONTEXT() REPRESENTATION_CONTEXT('2D SPACE',''
  ) );
#13520 = ADVANCED_FACE('',(#13521),#241,.T.);
#13521 = FACE_BOUND('',#13522,.T.);
#13522 = EDGE_LOOP('',(#13523,#13524,#13525,#13526));
#13523 = ORIENTED_EDGE('',*,*,#227,.T.);
#13524 = ORIENTED_EDGE('',*,*,#721,.T.);
#13525 = ORIENTED_EDGE('',*,*,#467,.T.);
#13526 = ORIENTED_EDGE('',*,*,#1567,.F.);
#13527 = ADVANCED_FACE('',(#13528),#1746,.T.);
#13528 = FACE_BOUND('',#13529,.T.);
#13529 = EDGE_LOOP('',(#13530,#13531,#13532,#13533));
#13530 = ORIENTED_EDGE('',*,*,#9879,.F.);
#13531 = ORIENTED_EDGE('',*,*,#13500,.T.);
#13532 = ORIENTED_EDGE('',*,*,#13400,.F.);
#13533 = ORIENTED_EDGE('',*,*,#1730,.F.);
#13534 = ADVANCED_FACE('',(#13535),#11805,.F.);
#13535 = FACE_BOUND('',#13536,.F.);
#13536 = EDGE_LOOP('',(#13537,#13538,#13539,#13540));
#13537 = ORIENTED_EDGE('',*,*,#12749,.T.);
#13538 = ORIENTED_EDGE('',*,*,#12418,.T.);
#13539 = ORIENTED_EDGE('',*,*,#11787,.T.);
#13540 = ORIENTED_EDGE('',*,*,#12526,.F.);
#13541 = ADVANCED_FACE('',(#13542),#8121,.T.);
#13542 = FACE_BOUND('',#13543,.T.);
#13543 = EDGE_LOOP('',(#13544,#13545,#13546,#13547));
#13544 = ORIENTED_EDGE('',*,*,#8095,.F.);
#13545 = ORIENTED_EDGE('',*,*,#8628,.F.);
#13546 = ORIENTED_EDGE('',*,*,#8598,.F.);
#13547 = ORIENTED_EDGE('',*,*,#8220,.T.);
#13548 = ADVANCED_FACE('',(#13549),#8977,.F.);
#13549 = FACE_BOUND('',#13550,.T.);
#13550 = EDGE_LOOP('',(#13551,#13552,#13575,#13632));
#13551 = ORIENTED_EDGE('',*,*,#8963,.F.);
#13552 = ORIENTED_EDGE('',*,*,#13553,.T.);
#13553 = EDGE_CURVE('',#8858,#13554,#13556,.T.);
#13554 = VERTEX_POINT('',#13555);
#13555 = CARTESIAN_POINT('',(39.5,-10.,49.309649968585));
#13556 = SURFACE_CURVE('',#13557,(#13561,#13568),.PCURVE_S1.);
#13557 = LINE('',#13558,#13559);
#13558 = CARTESIAN_POINT('',(39.5,-10.,3.));
#13559 = VECTOR('',#13560,1.);
#13560 = DIRECTION('',(0.,0.,1.));
#13561 = PCURVE('',#8977,#13562);
#13562 = DEFINITIONAL_REPRESENTATION('',(#13563),#13567);
#13563 = LINE('',#13564,#13565);
#13564 = CARTESIAN_POINT('',(0.,0.));
#13565 = VECTOR('',#13566,1.);
#13566 = DIRECTION('',(0.,1.));
#13567 = ( GEOMETRIC_REPRESENTATION_CONTEXT(2) 
PARAMETRIC_REPRESENTATION_CONTEXT() REPRESENTATION_CONTEXT('2D SPACE',''
  ) );
#13568 = PCURVE('',#8925,#13569);
#13569 = DEFINITIONAL_REPRESENTATION('',(#13570),#13574);
#13570 = LINE('',#13571,#13572);
#13571 = CARTESIAN_POINT('',(3.14159265359,0.));
#13572 = VECTOR('',#13573,1.);
#13573 = DIRECTION('',(0.,1.));
#13574 = ( GEOMETRIC_REPRESENTATION_CONTEXT(2) 
PARAMETRIC_REPRESENTATION_CONTEXT() REPRESENTATION_CONTEXT('2D SPACE',''
  ) );
#13575 = ORIENTED_EDGE('',*,*,#13576,.F.);
#13576 = EDGE_CURVE('',#9126,#13554,#13577,.T.);
#13577 = SURFACE_CURVE('',#13578,(#13589,#13603),.PCURVE_S1.);
#13578 = B_SPLINE_CURVE_WITH_KNOTS('',3,(#13579,#13580,#13581,#13582,
    #13583,#13584,#13585,#13586,#13587,#13588),.UNSPECIFIED.,.F.,.F.,(4,
    2,2,2,4),(-4.691461927469,-4.295813337518,-3.776005906883,
    -2.343276632786,-5.038694711637E-02),.UNSPECIFIED.);
#13579 = CARTESIAN_POINT('',(39.5,-40.,33.364175623491));
#13580 = CARTESIAN_POINT('',(39.5,-38.85022396943,35.430193098301));
#13581 = CARTESIAN_POINT('',(39.5,-37.70493106076,37.376771816508));
#13582 = CARTESIAN_POINT('',(39.5,-34.99595092107,41.274679683289));
#13583 = CARTESIAN_POINT('',(39.500000000364,-33.90610311444,
    42.326813041394));
#13584 = CARTESIAN_POINT('',(39.500000000364,-31.00449802842,
    44.904897382934));
#13585 = CARTESIAN_POINT('',(39.5,-28.82774609945,46.198207964343));
#13586 = CARTESIAN_POINT('',(39.5,-22.46184937711,48.563700936337));
#13587 = CARTESIAN_POINT('',(39.5,-17.52705235705,49.154112773997));
#13588 = CARTESIAN_POINT('',(39.5,-10.,49.309649968585));
#13589 = PCURVE('',#8977,#13590);
#13590 = DEFINITIONAL_REPRESENTATION('',(#13591),#13602);
#13591 = B_SPLINE_CURVE_WITH_KNOTS('',3,(#13592,#13593,#13594,#13595,
    #13596,#13597,#13598,#13599,#13600,#13601),.UNSPECIFIED.,.F.,.F.,(4,
    2,2,2,4),(-4.691461927469,-4.295813337518,-3.776005906883,
    -2.343276632786,-5.038694711637E-02),.UNSPECIFIED.);
#13592 = CARTESIAN_POINT('',(30.,30.364175623491));
#13593 = CARTESIAN_POINT('',(28.850223969431,32.430193098301));
#13594 = CARTESIAN_POINT('',(27.704931060769,34.376771816508));
#13595 = CARTESIAN_POINT('',(24.995950921079,38.274679683289));
#13596 = CARTESIAN_POINT('',(23.906103114442,39.326813041394));
#13597 = CARTESIAN_POINT('',(21.004498028425,41.904897382934));
#13598 = CARTESIAN_POINT('',(18.827746099455,43.198207964343));
#13599 = CARTESIAN_POINT('',(12.461849377117,45.563700936337));
#13600 = CARTESIAN_POINT('',(7.527052357056,46.154112773997));
#13601 = CARTESIAN_POINT('',(0.,46.309649968585));
#13602 = ( GEOMETRIC_REPRESENTATION_CONTEXT(2) 
PARAMETRIC_REPRESENTATION_CONTEXT() REPRESENTATION_CONTEXT('2D SPACE',''
  ) );
#13603 = PCURVE('',#9046,#13604);
#13604 = DEFINITIONAL_REPRESENTATION('',(#13605),#13631);
#13605 = B_SPLINE_CURVE_WITH_KNOTS('',3,(#13606,#13607,#13608,#13609,
    #13610,#13611,#13612,#13613,#13614,#13615,#13616,#13617,#13618,
    #13619,#13620,#13621,#13622,#13623,#13624,#13625,#13626,#13627,
    #13628,#13629,#13630),.UNSPECIFIED.,.F.,.F.,(4,1,1,1,1,1,1,1,1,1,1,1
    ,1,1,1,1,1,1,1,1,1,1,4),(-4.691461927469,-4.480503973817,
    -4.269546020164,-4.058588066512,-3.847630112859,-3.636672159207,
    -3.425714205555,-3.214756251902,-3.00379829825,-2.792840344597,
    -2.581882390945,-2.370924437293,-2.15996648364,-1.949008529988,
    -1.738050576335,-1.527092622683,-1.316134669031,-1.105176715378,
    -0.894218761726,-0.683260808074,-0.472302854421,-0.261344900769,
    -5.038694711637E-02),.UNSPECIFIED.);
#13606 = CARTESIAN_POINT('',(0.398683492474,0.36463824781));
#13607 = CARTESIAN_POINT('',(0.399435121951,0.372762363562));
#13608 = CARTESIAN_POINT('',(0.402137417766,0.390316808153));
#13609 = CARTESIAN_POINT('',(0.408568368818,0.416742806188));
#13610 = CARTESIAN_POINT('',(0.416616528256,0.438731751565));
#13611 = CARTESIAN_POINT('',(0.423914032052,0.454227025402));
#13612 = CARTESIAN_POINT('',(0.430194788112,0.465556453068));
#13613 = CARTESIAN_POINT('',(0.437832626441,0.477427733908));
#13614 = CARTESIAN_POINT('',(0.44637634871,0.488957144484));
#13615 = CARTESIAN_POINT('',(0.455940998979,0.500363468017));
#13616 = CARTESIAN_POINT('',(0.466491220285,0.51156889669));
#13617 = CARTESIAN_POINT('',(0.478040075144,0.52258122657));
#13618 = CARTESIAN_POINT('',(0.490567773109,0.533368522583));
#13619 = CARTESIAN_POINT('',(0.50414742855,0.543982309106));
#13620 = CARTESIAN_POINT('',(0.51901604251,0.554558153323));
#13621 = CARTESIAN_POINT('',(0.535198542464,0.565050077717));
#13622 = CARTESIAN_POINT('',(0.552772825106,0.575454095389));
#13623 = CARTESIAN_POINT('',(0.571800451021,0.585751834184));
#13624 = CARTESIAN_POINT('',(0.592344888863,0.595927184711));
#13625 = CARTESIAN_POINT('',(0.61446677103,0.605963315751));
#13626 = CARTESIAN_POINT('',(0.638225569407,0.615844658576));
#13627 = CARTESIAN_POINT('',(0.663679638802,0.625557307125));
#13628 = CARTESIAN_POINT('',(0.690886708973,0.635089184636));
#13629 = CARTESIAN_POINT('',(0.71023164519,0.64131721897));
#13630 = CARTESIAN_POINT('',(0.720215410095,0.644397945412));
#13631 = ( GEOMETRIC_REPRESENTATION_CONTEXT(2) 
PARAMETRIC_REPRESENTATION_CONTEXT() REPRESENTATION_CONTEXT('2D SPACE',''
  ) );
#13632 = ORIENTED_EDGE('',*,*,#9303,.F.);
#13633 = ADVANCED_FACE('',(#13634),#8925,.F.);
#13634 = FACE_BOUND('',#13635,.F.);
#13635 = EDGE_LOOP('',(#13636,#13637,#13824,#13825));
#13636 = ORIENTED_EDGE('',*,*,#13553,.T.);
#13637 = ORIENTED_EDGE('',*,*,#13638,.T.);
#13638 = EDGE_CURVE('',#13554,#9017,#13639,.T.);
#13639 = SURFACE_CURVE('',#13640,(#13678,#13751),.PCURVE_S1.);
#13640 = B_SPLINE_CURVE_WITH_KNOTS('',3,(#13641,#13642,#13643,#13644,
    #13645,#13646,#13647,#13648,#13649,#13650,#13651,#13652,#13653,
    #13654,#13655,#13656,#13657,#13658,#13659,#13660,#13661,#13662,
    #13663,#13664,#13665,#13666,#13667,#13668,#13669,#13670,#13671,
    #13672,#13673,#13674,#13675,#13676,#13677),.UNSPECIFIED.,.F.,.F.,(4,
    3,3,3,3,3,3,3,3,3,3,3,4),(-0.191829911624,0.,0.121690032005,
    0.243586848565,0.425250675227,0.595669616009,0.770970894218,
    0.857957463672,0.923617090269,0.992440866489,1.094303562236,
    1.29165567124,1.38807606738),.UNSPECIFIED.);
#13641 = CARTESIAN_POINT('',(39.5,-10.,49.309649968585));
#13642 = CARTESIAN_POINT('',(39.500020905053,-9.360991669702,
    49.322851557142));
#13643 = CARTESIAN_POINT('',(39.622506676895,-8.727833674231,
    49.316430833));
#13644 = CARTESIAN_POINT('',(39.860870190452,-8.134933081587,
    49.293490972496));
#13645 = CARTESIAN_POINT('',(40.01207949233,-7.758818116006,
    49.278938744094));
#13646 = CARTESIAN_POINT('',(40.208357834473,-7.402759210167,
    49.257902455488));
#13647 = CARTESIAN_POINT('',(40.445199013964,-7.074493383423,
    49.231537922049));
#13648 = CARTESIAN_POINT('',(40.682442651218,-6.745669743506,
    49.205128588076));
#13649 = CARTESIAN_POINT('',(40.95860601178,-6.447199698289,
    49.173577635016));
#13650 = CARTESIAN_POINT('',(41.267427005675,-6.185491927344,
    49.13812822366));
#13651 = CARTESIAN_POINT('',(41.727665468725,-5.795466687321,
    49.085297674828));
#13652 = CARTESIAN_POINT('',(42.254267544281,-5.492308103738,
    49.024587822609));
#13653 = CARTESIAN_POINT('',(42.821485961633,-5.290160233829,
    48.959761499331));
#13654 = CARTESIAN_POINT('',(43.353593886772,-5.100525200237,
    48.898947887999));
#13655 = CARTESIAN_POINT('',(43.913843243015,-5.002486327928,
    48.835375278379));
#13656 = CARTESIAN_POINT('',(44.478393235888,-5.000046685443,
    48.771318065199));
#13657 = CARTESIAN_POINT('',(45.059117038705,-4.997537149567,
    48.705425674968));
#13658 = CARTESIAN_POINT('',(45.63598851241,-5.096219246584,
    48.639958857966));
#13659 = CARTESIAN_POINT('',(46.183062637785,-5.291783760551,
    48.576308200086));
#13660 = CARTESIAN_POINT('',(46.454527295032,-5.388825187464,
    48.544723990152));
#13661 = CARTESIAN_POINT('',(46.717155772071,-5.509186063432,
    48.51374485494));
#13662 = CARTESIAN_POINT('',(46.967996770465,-5.651552927656,
    48.483456277005));
#13663 = CARTESIAN_POINT('',(47.157337796247,-5.759014978447,
    48.460593704887));
#13664 = CARTESIAN_POINT('',(47.339498950324,-5.878752038831,
    48.43817945413));
#13665 = CARTESIAN_POINT('',(47.513306750372,-6.01001473334,
    48.416236608546));
#13666 = CARTESIAN_POINT('',(47.695490380643,-6.14760300152,
    48.39323633315));
#13667 = CARTESIAN_POINT('',(47.868082027348,-6.297541836153,
    48.37080567467));
#13668 = CARTESIAN_POINT('',(48.029854229084,-6.458795526743,
    48.348964520249));
#13669 = CARTESIAN_POINT('',(48.269285330814,-6.697459205556,
    48.316638498781));
#13670 = CARTESIAN_POINT('',(48.483989528013,-6.959886050709,
    48.285737193636));
#13671 = CARTESIAN_POINT('',(48.670604662109,-7.242091960853,
    48.256334046478));
#13672 = CARTESIAN_POINT('',(49.032158909385,-7.78884689535,
    48.199367430185));
#13673 = CARTESIAN_POINT('',(49.282980486685,-8.401853411174,
    48.148690564287));
#13674 = CARTESIAN_POINT('',(49.408200459971,-9.046287126678,
    48.10569644334));
#13675 = CARTESIAN_POINT('',(49.469377934579,-9.361131685672,
    48.08469123408));
#13676 = CARTESIAN_POINT('',(49.500047156524,-9.680558558661,
    48.065744876869));
#13677 = CARTESIAN_POINT('',(49.499999999898,-10.00000000004,
    48.049187772949));
#13678 = PCURVE('',#8925,#13679);
#13679 = DEFINITIONAL_REPRESENTATION('',(#13680),#13750);
#13680 = B_SPLINE_CURVE_WITH_KNOTS('',3,(#13681,#13682,#13683,#13684,
    #13685,#13686,#13687,#13688,#13689,#13690,#13691,#13692,#13693,
    #13694,#13695,#13696,#13697,#13698,#13699,#13700,#13701,#13702,
    #13703,#13704,#13705,#13706,#13707,#13708,#13709,#13710,#13711,
    #13712,#13713,#13714,#13715,#13716,#13717,#13718,#13719,#13720,
    #13721,#13722,#13723,#13724,#13725,#13726,#13727,#13728,#13729,
    #13730,#13731,#13732,#13733,#13734,#13735,#13736,#13737,#13738,
    #13739,#13740,#13741,#13742,#13743,#13744,#13745,#13746,#13747,
    #13748,#13749),.UNSPECIFIED.,.F.,.F.,(4,1,1,1,1,1,1,1,1,1,1,1,1,1,1,
    1,1,1,1,1,1,1,1,1,1,1,1,1,1,1,1,1,1,1,1,1,1,1,1,1,1,1,1,1,1,1,1,1,1,
    1,1,1,1,1,1,1,1,1,1,1,1,1,1,1,1,1,4),(-0.191829911624,
    -0.167891942245,-0.143953972866,-0.120016003488,-9.607803410874E-02,
    -7.21400647299E-02,-4.820209535105E-02,-2.426412597221E-02,
    -3.261565933588E-04,2.361181278549E-02,4.754978216433E-02,
    7.148775154318E-02,9.542572092203E-02,0.119363690301,0.14330165968,
    0.167239629059,0.191177598437,0.215115567816,0.239053537195,
    0.262991506574,0.286929475953,0.310867445332,0.33480541471,
    0.358743384089,0.382681353468,0.406619322847,0.430557292226,
    0.454495261605,0.478433230984,0.502371200362,0.526309169741,
    0.55024713912,0.574185108499,0.598123077878,0.622061047257,
    0.645999016635,0.669936986014,0.693874955393,0.717812924772,
    0.741750894151,0.76568886353,0.789626832909,0.813564802287,
    0.837502771666,0.861440741045,0.885378710424,0.909316679803,
    0.933254649182,0.957192618561,0.981130587939,1.005068557318,
    1.029006526697,1.052944496076,1.076882465455,1.100820434834,
    1.124758404212,1.148696373591,1.17263434297,1.196572312349,
    1.220510281728,1.244448251107,1.268386220486,1.292324189864,
    1.316262159243,1.340200128622,1.364138098001,1.38807606738),
  .UNSPECIFIED.);
#13681 = CARTESIAN_POINT('',(3.14159265359,46.309649968585));
#13682 = CARTESIAN_POINT('',(3.125644692039,46.311297361424));
#13683 = CARTESIAN_POINT('',(3.093784828569,46.313981033538));
#13684 = CARTESIAN_POINT('',(3.046075807567,46.316209378329));
#13685 = CARTESIAN_POINT('',(2.99841989796,46.316676748506));
#13686 = CARTESIAN_POINT('',(2.95079034035,46.315419292741));
#13687 = CARTESIAN_POINT('',(2.903161390552,46.312473308619));
#13688 = CARTESIAN_POINT('',(2.855504462648,46.30787453817));
#13689 = CARTESIAN_POINT('',(2.807801160284,46.30166079673));
#13690 = CARTESIAN_POINT('',(2.759992725084,46.293862161969));
#13691 = CARTESIAN_POINT('',(2.712166967426,46.284537588908));
#13692 = CARTESIAN_POINT('',(2.664424162461,46.273765018036));
#13693 = CARTESIAN_POINT('',(2.616701546186,46.261590140717));
#13694 = CARTESIAN_POINT('',(2.568985762161,46.248069001224));
#13695 = CARTESIAN_POINT('',(2.521231123339,46.233248460131));
#13696 = CARTESIAN_POINT('',(2.473471973491,46.217201759897));
#13697 = CARTESIAN_POINT('',(2.425796635566,46.200024369579));
#13698 = CARTESIAN_POINT('',(2.37814693206,46.181762296393));
#13699 = CARTESIAN_POINT('',(2.330507364492,46.162476314953));
#13700 = CARTESIAN_POINT('',(2.282836949534,46.142216253197));
#13701 = CARTESIAN_POINT('',(2.235154449177,46.121060958363));
#13702 = CARTESIAN_POINT('',(2.187594413728,46.099141610358));
#13703 = CARTESIAN_POINT('',(2.140090177732,46.076490935872));
#13704 = CARTESIAN_POINT('',(2.0926250781,46.053165552966));
#13705 = CARTESIAN_POINT('',(2.045170814569,46.029216200052));
#13706 = CARTESIAN_POINT('',(1.997698758497,46.004693242774));
#13707 = CARTESIAN_POINT('',(1.950194146597,45.979654417487));
#13708 = CARTESIAN_POINT('',(1.902585771475,45.954128350481));
#13709 = CARTESIAN_POINT('',(1.855038982893,45.92826765988));
#13710 = CARTESIAN_POINT('',(1.807567007192,45.902130968467));
#13711 = CARTESIAN_POINT('',(1.760131674209,45.875750415894));
#13712 = CARTESIAN_POINT('',(1.712710288104,45.849165742805));
#13713 = CARTESIAN_POINT('',(1.665272909528,45.822412769014));
#13714 = CARTESIAN_POINT('',(1.617804168173,45.795535396662));
#13715 = CARTESIAN_POINT('',(1.570236524682,45.768549119407));
#13716 = CARTESIAN_POINT('',(1.522699149061,45.7415782731));
#13717 = CARTESIAN_POINT('',(1.475243768311,45.714687673945));
#13718 = CARTESIAN_POINT('',(1.427822148052,45.687886870561));
#13719 = CARTESIAN_POINT('',(1.380413803044,45.661200321974));
#13720 = CARTESIAN_POINT('',(1.332990409105,45.63464811317));
#13721 = CARTESIAN_POINT('',(1.285528254703,45.608252914889));
#13722 = CARTESIAN_POINT('',(1.237991815807,45.58203142889));
#13723 = CARTESIAN_POINT('',(1.190384817872,45.556021647107));
#13724 = CARTESIAN_POINT('',(1.142824783919,45.530308096457));
#13725 = CARTESIAN_POINT('',(1.09525648831,45.504886918446));
#13726 = CARTESIAN_POINT('',(1.047643022582,45.479763746125));
#13727 = CARTESIAN_POINT('',(1.000030816515,45.454986806667));
#13728 = CARTESIAN_POINT('',(0.95242640001,45.430579668622));
#13729 = CARTESIAN_POINT('',(0.904781300746,45.406538430926));
#13730 = CARTESIAN_POINT('',(0.857157312025,45.382913530616));
#13731 = CARTESIAN_POINT('',(0.809527532961,45.359709734108));
#13732 = CARTESIAN_POINT('',(0.761856440081,45.336928187923));
#13733 = CARTESIAN_POINT('',(0.714230664608,45.314626662138));
#13734 = CARTESIAN_POINT('',(0.666607415282,45.292803914558));
#13735 = CARTESIAN_POINT('',(0.618973667851,45.271470982131));
#13736 = CARTESIAN_POINT('',(0.571263060868,45.250619272473));
#13737 = CARTESIAN_POINT('',(0.523628836642,45.230319692806));
#13738 = CARTESIAN_POINT('',(0.476066479636,45.210596238198));
#13739 = CARTESIAN_POINT('',(0.428542894407,45.191461411334));
#13740 = CARTESIAN_POINT('',(0.381033218949,45.172930699295));
#13741 = CARTESIAN_POINT('',(0.333511669375,45.155019143962));
#13742 = CARTESIAN_POINT('',(0.285949107517,45.137740583621));
#13743 = CARTESIAN_POINT('',(0.238329665988,45.121114116132));
#13744 = CARTESIAN_POINT('',(0.190584438027,45.105139004658));
#13745 = CARTESIAN_POINT('',(0.142838588731,45.089888842117));
#13746 = CARTESIAN_POINT('',(9.51907032507E-02,45.075441260193));
#13747 = CARTESIAN_POINT('',(4.758310243818E-02,45.061813904897));
#13748 = CARTESIAN_POINT('',(1.586131564166E-02,45.053298349782));
#13749 = CARTESIAN_POINT('',(0.,45.049187772949));
#13750 = ( GEOMETRIC_REPRESENTATION_CONTEXT(2) 
PARAMETRIC_REPRESENTATION_CONTEXT() REPRESENTATION_CONTEXT('2D SPACE',''
  ) );
#13751 = PCURVE('',#9046,#13752);
#13752 = DEFINITIONAL_REPRESENTATION('',(#13753),#13823);
#13753 = B_SPLINE_CURVE_WITH_KNOTS('',3,(#13754,#13755,#13756,#13757,
    #13758,#13759,#13760,#13761,#13762,#13763,#13764,#13765,#13766,
    #13767,#13768,#13769,#13770,#13771,#13772,#13773,#13774,#13775,
    #13776,#13777,#13778,#13779,#13780,#13781,#13782,#13783,#13784,
    #13785,#13786,#13787,#13788,#13789,#13790,#13791,#13792,#13793,
    #13794,#13795,#13796,#13797,#13798,#13799,#13800,#13801,#13802,
    #13803,#13804,#13805,#13806,#13807,#13808,#13809,#13810,#13811,
    #13812,#13813,#13814,#13815,#13816,#13817,#13818,#13819,#13820,
    #13821,#13822),.UNSPECIFIED.,.F.,.F.,(4,1,1,1,1,1,1,1,1,1,1,1,1,1,1,
    1,1,1,1,1,1,1,1,1,1,1,1,1,1,1,1,1,1,1,1,1,1,1,1,1,1,1,1,1,1,1,1,1,1,
    1,1,1,1,1,1,1,1,1,1,1,1,1,1,1,1,1,4),(-0.191829911624,
    -0.167891942245,-0.143953972866,-0.120016003488,-9.607803410874E-02,
    -7.21400647299E-02,-4.820209535105E-02,-2.426412597221E-02,
    -3.261565933588E-04,2.361181278549E-02,4.754978216433E-02,
    7.148775154318E-02,9.542572092203E-02,0.119363690301,0.14330165968,
    0.167239629059,0.191177598437,0.215115567816,0.239053537195,
    0.262991506574,0.286929475953,0.310867445332,0.33480541471,
    0.358743384089,0.382681353468,0.406619322847,0.430557292226,
    0.454495261605,0.478433230984,0.502371200362,0.526309169741,
    0.55024713912,0.574185108499,0.598123077878,0.622061047257,
    0.645999016635,0.669936986014,0.693874955393,0.717812924772,
    0.741750894151,0.76568886353,0.789626832909,0.813564802287,
    0.837502771666,0.861440741045,0.885378710424,0.909316679803,
    0.933254649182,0.957192618561,0.981130587939,1.005068557318,
    1.029006526697,1.052944496076,1.076882465455,1.100820434834,
    1.124758404212,1.148696373591,1.17263434297,1.196572312349,
    1.220510281728,1.244448251107,1.268386220486,1.292324189864,
    1.316262159243,1.340200128622,1.364138098001,1.38807606738),
  .UNSPECIFIED.);
#13754 = CARTESIAN_POINT('',(0.720215410095,0.644397945412));
#13755 = CARTESIAN_POINT('',(0.721365006872,0.644752688337));
#13756 = CARTESIAN_POINT('',(0.723701265878,0.645439153593));
#13757 = CARTESIAN_POINT('',(0.727310108994,0.646399105941));
#13758 = CARTESIAN_POINT('',(0.731016640762,0.64728858989));
#13759 = CARTESIAN_POINT('',(0.734814179968,0.648107019473));
#13760 = CARTESIAN_POINT('',(0.738696020247,0.648853879677));
#13761 = CARTESIAN_POINT('',(0.742655744832,0.649528768888));
#13762 = CARTESIAN_POINT('',(0.746686060758,0.650131249774));
#13763 = CARTESIAN_POINT('',(0.750783130108,0.650661358286));
#13764 = CARTESIAN_POINT('',(0.754930393392,0.65111767213));
#13765 = CARTESIAN_POINT('',(0.759109650293,0.651499569549));
#13766 = CARTESIAN_POINT('',(0.763316873232,0.651808117368));
#13767 = CARTESIAN_POINT('',(0.767543808953,0.652043930201));
#13768 = CARTESIAN_POINT('',(0.771785069999,0.652207808955));
#13769 = CARTESIAN_POINT('',(0.776028138856,0.652300284969));
#13770 = CARTESIAN_POINT('',(0.780255719263,0.652322355044));
#13771 = CARTESIAN_POINT('',(0.784463618912,0.652275398772));
#13772 = CARTESIAN_POINT('',(0.788643900302,0.652160660838));
#13773 = CARTESIAN_POINT('',(0.792790878911,0.651979316032));
#13774 = CARTESIAN_POINT('',(0.796893613919,0.651732688455));
#13775 = CARTESIAN_POINT('',(0.800931638437,0.651423226797));
#13776 = CARTESIAN_POINT('',(0.804902070312,0.651052460826));
#13777 = CARTESIAN_POINT('',(0.808797745493,0.650622044576));
#13778 = CARTESIAN_POINT('',(0.812612564427,0.650133515451));
#13779 = CARTESIAN_POINT('',(0.816340401417,0.649588286995));
#13780 = CARTESIAN_POINT('',(0.819974119381,0.648987909537));
#13781 = CARTESIAN_POINT('',(0.823510601276,0.648333026496));
#13782 = CARTESIAN_POINT('',(0.82692955327,0.64762768362));
#13783 = CARTESIAN_POINT('',(0.830223119901,0.646874237033));
#13784 = CARTESIAN_POINT('',(0.83338712964,0.646074142321));
#13785 = CARTESIAN_POINT('',(0.83641636158,0.645229002225));
#13786 = CARTESIAN_POINT('',(0.839306041788,0.644340196382));
#13787 = CARTESIAN_POINT('',(0.842050595599,0.643409321805));
#13788 = CARTESIAN_POINT('',(0.844647146815,0.642436808143));
#13789 = CARTESIAN_POINT('',(0.847082460163,0.641427146269));
#13790 = CARTESIAN_POINT('',(0.849349265618,0.6403835611));
#13791 = CARTESIAN_POINT('',(0.851445531568,0.639307077163));
#13792 = CARTESIAN_POINT('',(0.853367805445,0.638199222071));
#13793 = CARTESIAN_POINT('',(0.855113027022,0.637061282915));
#13794 = CARTESIAN_POINT('',(0.856677938403,0.635894593079));
#13795 = CARTESIAN_POINT('',(0.85805963432,0.634700143812));
#13796 = CARTESIAN_POINT('',(0.859253954301,0.633479865673));
#13797 = CARTESIAN_POINT('',(0.860255263355,0.632238734876));
#13798 = CARTESIAN_POINT('',(0.861062951124,0.630977335973));
#13799 = CARTESIAN_POINT('',(0.861675427402,0.629696629443));
#13800 = CARTESIAN_POINT('',(0.862090463314,0.628399834631));
#13801 = CARTESIAN_POINT('',(0.862307309546,0.627089149082));
#13802 = CARTESIAN_POINT('',(0.862325463707,0.625765237776));
#13803 = CARTESIAN_POINT('',(0.86214474365,0.624431841288));
#13804 = CARTESIAN_POINT('',(0.861765740144,0.62309026545));
#13805 = CARTESIAN_POINT('',(0.861188599508,0.621741559914));
#13806 = CARTESIAN_POINT('',(0.860415743866,0.620390263157));
#13807 = CARTESIAN_POINT('',(0.859448613748,0.619037276271));
#13808 = CARTESIAN_POINT('',(0.858289113648,0.617684354406));
#13809 = CARTESIAN_POINT('',(0.856937551786,0.616331778488));
#13810 = CARTESIAN_POINT('',(0.855401213227,0.614986075647));
#13811 = CARTESIAN_POINT('',(0.85368444566,0.61364930502));
#13812 = CARTESIAN_POINT('',(0.8517904655,0.612322744647));
#13813 = CARTESIAN_POINT('',(0.849722757545,0.611007944039));
#13814 = CARTESIAN_POINT('',(0.847484768939,0.609706476663));
#13815 = CARTESIAN_POINT('',(0.845079726127,0.608419896464));
#13816 = CARTESIAN_POINT('',(0.842511665715,0.607150178359));
#13817 = CARTESIAN_POINT('',(0.839781486976,0.605898018866));
#13818 = CARTESIAN_POINT('',(0.83690174482,0.604669229957));
#13819 = CARTESIAN_POINT('',(0.833885283311,0.603468741537));
#13820 = CARTESIAN_POINT('',(0.830735543706,0.602297512994));
#13821 = CARTESIAN_POINT('',(0.828550828537,0.601537651234));
#13822 = CARTESIAN_POINT('',(0.827438120362,0.601163264407));
#13823 = ( GEOMETRIC_REPRESENTATION_CONTEXT(2) 
PARAMETRIC_REPRESENTATION_CONTEXT() REPRESENTATION_CONTEXT('2D SPACE',''
  ) );
#13824 = ORIENTED_EDGE('',*,*,#9100,.F.);
#13825 = ORIENTED_EDGE('',*,*,#8910,.T.);
#13826 = ADVANCED_FACE('',(#13827),#9046,.F.);
#13827 = FACE_BOUND('',#13828,.F.);
#13828 = EDGE_LOOP('',(#13829,#13830,#13831,#13832));
#13829 = ORIENTED_EDGE('',*,*,#9016,.F.);
#13830 = ORIENTED_EDGE('',*,*,#13638,.F.);
#13831 = ORIENTED_EDGE('',*,*,#13576,.F.);
#13832 = ORIENTED_EDGE('',*,*,#9125,.F.);
#13833 = ( GEOMETRIC_REPRESENTATION_CONTEXT(3) 
GLOBAL_UNCERTAINTY_ASSIGNED_CONTEXT((#13837)) 
GLOBAL_UNIT_ASSIGNED_CONTEXT((#13834,#13835,#13836)) 
REPRESENTATION_CONTEXT('Context #1',
  '3D Context with UNIT and UNCERTAINTY') );
#13834 = ( LENGTH_UNIT() NAMED_UNIT(*) SI_UNIT(.MILLI.,.METRE.) );
#13835 = ( NAMED_UNIT(*) PLANE_ANGLE_UNIT() SI_UNIT($,.RADIAN.) );
#13836 = ( NAMED_UNIT(*) SI_UNIT($,.STERADIAN.) SOLID_ANGLE_UNIT() );
#13837 = UNCERTAINTY_MEASURE_WITH_UNIT(LENGTH_MEASURE(1.E-04),#13834,
  'distance_accuracy_value','confusion accuracy');
#13838 = PRODUCT_RELATED_PRODUCT_CATEGORY('part',$,(#7));
#13839 = MECHANICAL_DESIGN_GEOMETRIC_PRESENTATION_REPRESENTATION('',(
    #13840),#13833);
#13840 = STYLED_ITEM('color',(#13841),#15);
#13841 = PRESENTATION_STYLE_ASSIGNMENT((#13842,#13848));
#13842 = SURFACE_STYLE_USAGE(.BOTH.,#13843);
#13843 = SURFACE_SIDE_STYLE('',(#13844));
#13844 = SURFACE_STYLE_FILL_AREA(#13845);
#13845 = FILL_AREA_STYLE('',(#13846));
#13846 = FILL_AREA_STYLE_COLOUR('',#13847);
#13847 = COLOUR_RGB('',0.301960791261,0.301960791261,0.301960791261);
#13848 = CURVE_STYLE('',#13849,POSITIVE_LENGTH_MEASURE(0.1),#13850);
#13849 = DRAUGHTING_PRE_DEFINED_CURVE_FONT('continuous');
#13850 = COLOUR_RGB('',9.803921802644E-02,9.803921802644E-02,
  9.803921802644E-02);
ENDSEC;
END-ISO-10303-21;
