ISO-10303-21;
HEADER;
/* Generated by software containing ST-Developer
 * from STEP Tools, Inc. (www.steptools.com) 
 */

FILE_DESCRIPTION(
/* description */ (''),
/* implementation_level */ '2;1');

FILE_NAME(
/* name */ 
'C:\\Users\\SvenW\\Documents\\inventor\\B-Automaten\\Export_B_Automate
n\\ExportGithub\\Spendergrundplatte.stp',
/* time_stamp */ '2026-05-14T08:03:42+02:00',
/* author */ ('SvenW'),
/* organization */ (''),
/* preprocessor_version */ 'ST-DEVELOPER v15.2',
/* originating_system */ 'Autodesk Inventor 2014',
/* authorisation */ '');

FILE_SCHEMA (('AUTOMOTIVE_DESIGN { 1 0 10303 214 3 1 1 }'));
ENDSEC;

DATA;
#10=MECHANICAL_DESIGN_GEOMETRIC_PRESENTATION_REPRESENTATION('',(#13),#5928);
#11=SHAPE_REPRESENTATION_RELATIONSHIP('SRR','None',#5937,#12);
#12=ADVANCED_BREP_SHAPE_REPRESENTATION($,(#2816),#5927);
#13=STYLED_ITEM('',(#5946),#2816);
#14=CONICAL_SURFACE('',#3050,0.9,59.);
#15=CONICAL_SURFACE('',#3055,0.9,59.);
#16=B_SPLINE_SURFACE_WITH_KNOTS('',3,3,((#4296,#4297,#4298,#4299,#4300,
#4301,#4302,#4303,#4304,#4305),(#4306,#4307,#4308,#4309,#4310,#4311,#4312,
#4313,#4314,#4315),(#4316,#4317,#4318,#4319,#4320,#4321,#4322,#4323,#4324,
#4325),(#4326,#4327,#4328,#4329,#4330,#4331,#4332,#4333,#4334,#4335),(#4336,
#4337,#4338,#4339,#4340,#4341,#4342,#4343,#4344,#4345),(#4346,#4347,#4348,
#4349,#4350,#4351,#4352,#4353,#4354,#4355)),.UNSPECIFIED.,.F.,.F.,.F.,(4,
1,1,4),(4,1,1,1,1,1,1,4),(0.,0.285714285714286,0.571428571428571,1.),(0.,
0.394124027542037,0.788248055084074,1.18237208262611,1.57649611016815,1.97062013771018,
2.36474416525222,2.75886819279426),.UNSPECIFIED.);
#17=B_SPLINE_SURFACE_WITH_KNOTS('',3,3,((#4382,#4383,#4384,#4385,#4386,
#4387,#4388,#4389,#4390,#4391,#4392,#4393,#4394),(#4395,#4396,#4397,#4398,
#4399,#4400,#4401,#4402,#4403,#4404,#4405,#4406,#4407),(#4408,#4409,#4410,
#4411,#4412,#4413,#4414,#4415,#4416,#4417,#4418,#4419,#4420),(#4421,#4422,
#4423,#4424,#4425,#4426,#4427,#4428,#4429,#4430,#4431,#4432,#4433),(#4434,
#4435,#4436,#4437,#4438,#4439,#4440,#4441,#4442,#4443,#4444,#4445,#4446)),
 .UNSPECIFIED.,.F.,.F.,.F.,(4,1,4),(4,1,1,1,1,1,2,1,1,4),(0.,0.5,1.),(-3.66036326861282,
-2.63433596386862,-2.12132231149651,-1.60830865912441,-1.35180183293835,
-1.22354841984533,-1.0952950067523,-0.876236005401842,-0.657177004051381,
0.),.UNSPECIFIED.);
#18=B_SPLINE_SURFACE_WITH_KNOTS('',3,3,((#4476,#4477,#4478,#4479,#4480,
#4481,#4482,#4483,#4484,#4485,#4486,#4487,#4488,#4489,#4490),(#4491,#4492,
#4493,#4494,#4495,#4496,#4497,#4498,#4499,#4500,#4501,#4502,#4503,#4504,
#4505),(#4506,#4507,#4508,#4509,#4510,#4511,#4512,#4513,#4514,#4515,#4516,
#4517,#4518,#4519,#4520),(#4521,#4522,#4523,#4524,#4525,#4526,#4527,#4528,
#4529,#4530,#4531,#4532,#4533,#4534,#4535),(#4536,#4537,#4538,#4539,#4540,
#4541,#4542,#4543,#4544,#4545,#4546,#4547,#4548,#4549,#4550),(#4551,#4552,
#4553,#4554,#4555,#4556,#4557,#4558,#4559,#4560,#4561,#4562,#4563,#4564,
#4565),(#4566,#4567,#4568,#4569,#4570,#4571,#4572,#4573,#4574,#4575,#4576,
#4577,#4578,#4579,#4580)),.UNSPECIFIED.,.F.,.F.,.F.,(4,1,1,1,4),(4,1,1,
1,1,1,1,1,1,1,1,1,4),(0.,0.285714285714286,0.571428571428571,0.785714285714286,
1.),(5.09423177255049E-016,0.591747580023728,1.18349516004745,1.47936895005932,
1.77524274007118,2.16974112675367,2.36699032009491,2.46561491676553,2.56423951343615,
2.95873790011864,3.10667479512457,3.55048548014236,4.14223306016609),
 .UNSPECIFIED.);
#19=B_SPLINE_SURFACE_WITH_KNOTS('',3,3,((#4614,#4615,#4616,#4617,#4618,
#4619,#4620,#4621,#4622,#4623,#4624,#4625,#4626,#4627,#4628),(#4629,#4630,
#4631,#4632,#4633,#4634,#4635,#4636,#4637,#4638,#4639,#4640,#4641,#4642,
#4643),(#4644,#4645,#4646,#4647,#4648,#4649,#4650,#4651,#4652,#4653,#4654,
#4655,#4656,#4657,#4658),(#4659,#4660,#4661,#4662,#4663,#4664,#4665,#4666,
#4667,#4668,#4669,#4670,#4671,#4672,#4673),(#4674,#4675,#4676,#4677,#4678,
#4679,#4680,#4681,#4682,#4683,#4684,#4685,#4686,#4687,#4688),(#4689,#4690,
#4691,#4692,#4693,#4694,#4695,#4696,#4697,#4698,#4699,#4700,#4701,#4702,
#4703)),.UNSPECIFIED.,.F.,.F.,.F.,(4,1,1,4),(4,1,1,1,2,1,1,1,1,1,1,4),(0.,
0.285714285714286,0.571428571428571,1.),(-3.74298143187099,-3.02264818139568,
-2.66248155615802,-2.39235658722978,-1.94214830568271,-1.74793347511444,
-1.55371864454617,-1.3595038139779,-1.16528898340963,-0.776859322273084,
-0.485537076420678,0.),.UNSPECIFIED.);
#20=B_SPLINE_SURFACE_WITH_KNOTS('',3,3,((#4744,#4745,#4746,#4747,#4748,
#4749,#4750,#4751,#4752,#4753),(#4754,#4755,#4756,#4757,#4758,#4759,#4760,
#4761,#4762,#4763),(#4764,#4765,#4766,#4767,#4768,#4769,#4770,#4771,#4772,
#4773),(#4774,#4775,#4776,#4777,#4778,#4779,#4780,#4781,#4782,#4783)),
 .UNSPECIFIED.,.F.,.F.,.F.,(4,4),(4,2,2,2,4),(0.,1.),(0.,0.132926200125551,
0.453971932017095,0.829209558084064,1.),.UNSPECIFIED.);
#21=B_SPLINE_SURFACE_WITH_KNOTS('',3,3,((#5102,#5103,#5104,#5105,#5106,
#5107,#5108,#5109,#5110,#5111),(#5112,#5113,#5114,#5115,#5116,#5117,#5118,
#5119,#5120,#5121),(#5122,#5123,#5124,#5125,#5126,#5127,#5128,#5129,#5130,
#5131),(#5132,#5133,#5134,#5135,#5136,#5137,#5138,#5139,#5140,#5141)),
 .UNSPECIFIED.,.F.,.F.,.F.,(4,4),(4,2,2,2,4),(0.,1.),(0.,0.132926200125551,
0.453971932017095,0.829209558084064,1.),.UNSPECIFIED.);
#22=B_SPLINE_SURFACE_WITH_KNOTS('',3,3,((#5154,#5155,#5156,#5157,#5158,
#5159,#5160,#5161,#5162,#5163),(#5164,#5165,#5166,#5167,#5168,#5169,#5170,
#5171,#5172,#5173),(#5174,#5175,#5176,#5177,#5178,#5179,#5180,#5181,#5182,
#5183),(#5184,#5185,#5186,#5187,#5188,#5189,#5190,#5191,#5192,#5193),(#5194,
#5195,#5196,#5197,#5198,#5199,#5200,#5201,#5202,#5203),(#5204,#5205,#5206,
#5207,#5208,#5209,#5210,#5211,#5212,#5213),(#5214,#5215,#5216,#5217,#5218,
#5219,#5220,#5221,#5222,#5223),(#5224,#5225,#5226,#5227,#5228,#5229,#5230,
#5231,#5232,#5233),(#5234,#5235,#5236,#5237,#5238,#5239,#5240,#5241,#5242,
#5243),(#5244,#5245,#5246,#5247,#5248,#5249,#5250,#5251,#5252,#5253)),
 .UNSPECIFIED.,.F.,.F.,.F.,(4,1,1,1,1,1,1,4),(4,2,2,2,4),(0.,0.142857142857143,
0.285714285714286,0.428571428571429,0.571428571428571,0.714285714285714,
0.857142857142857,1.),(0.,0.132926200125551,0.453971932017095,0.829209558084064,
1.),.UNSPECIFIED.);
#23=B_SPLINE_SURFACE_WITH_KNOTS('',3,3,((#5266,#5267,#5268,#5269,#5270,
#5271,#5272,#5273,#5274,#5275),(#5276,#5277,#5278,#5279,#5280,#5281,#5282,
#5283,#5284,#5285),(#5286,#5287,#5288,#5289,#5290,#5291,#5292,#5293,#5294,
#5295),(#5296,#5297,#5298,#5299,#5300,#5301,#5302,#5303,#5304,#5305)),
 .UNSPECIFIED.,.F.,.F.,.F.,(4,4),(4,2,2,2,4),(0.,1.),(0.,0.132926200125551,
0.453971932017095,0.829209558084064,1.),.UNSPECIFIED.);
#24=B_SPLINE_SURFACE_WITH_KNOTS('',3,3,((#5318,#5319,#5320,#5321,#5322,
#5323,#5324,#5325,#5326,#5327),(#5328,#5329,#5330,#5331,#5332,#5333,#5334,
#5335,#5336,#5337),(#5338,#5339,#5340,#5341,#5342,#5343,#5344,#5345,#5346,
#5347),(#5348,#5349,#5350,#5351,#5352,#5353,#5354,#5355,#5356,#5357),(#5358,
#5359,#5360,#5361,#5362,#5363,#5364,#5365,#5366,#5367),(#5368,#5369,#5370,
#5371,#5372,#5373,#5374,#5375,#5376,#5377),(#5378,#5379,#5380,#5381,#5382,
#5383,#5384,#5385,#5386,#5387),(#5388,#5389,#5390,#5391,#5392,#5393,#5394,
#5395,#5396,#5397),(#5398,#5399,#5400,#5401,#5402,#5403,#5404,#5405,#5406,
#5407),(#5408,#5409,#5410,#5411,#5412,#5413,#5414,#5415,#5416,#5417)),
 .UNSPECIFIED.,.F.,.F.,.F.,(4,1,1,1,1,1,1,4),(4,2,2,2,4),(0.,0.142857142857143,
0.285714285714286,0.428571428571429,0.571428571428571,0.857142857142857,
0.892857142857143,1.),(0.,0.132926200125551,0.453971932017095,0.829209558084064,
1.),.UNSPECIFIED.);
#25=B_SPLINE_SURFACE_WITH_KNOTS('',3,3,((#5430,#5431,#5432,#5433,#5434,
#5435,#5436,#5437,#5438,#5439),(#5440,#5441,#5442,#5443,#5444,#5445,#5446,
#5447,#5448,#5449),(#5450,#5451,#5452,#5453,#5454,#5455,#5456,#5457,#5458,
#5459),(#5460,#5461,#5462,#5463,#5464,#5465,#5466,#5467,#5468,#5469),(#5470,
#5471,#5472,#5473,#5474,#5475,#5476,#5477,#5478,#5479),(#5480,#5481,#5482,
#5483,#5484,#5485,#5486,#5487,#5488,#5489),(#5490,#5491,#5492,#5493,#5494,
#5495,#5496,#5497,#5498,#5499),(#5500,#5501,#5502,#5503,#5504,#5505,#5506,
#5507,#5508,#5509),(#5510,#5511,#5512,#5513,#5514,#5515,#5516,#5517,#5518,
#5519),(#5520,#5521,#5522,#5523,#5524,#5525,#5526,#5527,#5528,#5529)),
 .UNSPECIFIED.,.F.,.F.,.F.,(4,1,1,1,1,1,1,4),(4,2,2,2,4),(0.,0.142857142857143,
0.285714285714286,0.428571428571429,0.571428571428571,0.714285714285714,
0.857142857142857,1.),(0.,0.132926200125551,0.453971932017095,0.829209558084064,
1.),.UNSPECIFIED.);
#26=B_SPLINE_SURFACE_WITH_KNOTS('',3,3,((#5553,#5554,#5555,#5556,#5557,
#5558,#5559,#5560,#5561,#5562),(#5563,#5564,#5565,#5566,#5567,#5568,#5569,
#5570,#5571,#5572),(#5573,#5574,#5575,#5576,#5577,#5578,#5579,#5580,#5581,
#5582),(#5583,#5584,#5585,#5586,#5587,#5588,#5589,#5590,#5591,#5592)),
 .UNSPECIFIED.,.F.,.F.,.F.,(4,4),(4,2,2,2,4),(0.,1.),(0.,0.132926200125551,
0.453971932017095,0.829209558084064,1.),.UNSPECIFIED.);
#27=B_SPLINE_SURFACE_WITH_KNOTS('',3,3,((#5605,#5606,#5607,#5608,#5609,
#5610,#5611,#5612,#5613,#5614),(#5615,#5616,#5617,#5618,#5619,#5620,#5621,
#5622,#5623,#5624),(#5625,#5626,#5627,#5628,#5629,#5630,#5631,#5632,#5633,
#5634),(#5635,#5636,#5637,#5638,#5639,#5640,#5641,#5642,#5643,#5644),(#5645,
#5646,#5647,#5648,#5649,#5650,#5651,#5652,#5653,#5654),(#5655,#5656,#5657,
#5658,#5659,#5660,#5661,#5662,#5663,#5664),(#5665,#5666,#5667,#5668,#5669,
#5670,#5671,#5672,#5673,#5674),(#5675,#5676,#5677,#5678,#5679,#5680,#5681,
#5682,#5683,#5684),(#5685,#5686,#5687,#5688,#5689,#5690,#5691,#5692,#5693,
#5694),(#5695,#5696,#5697,#5698,#5699,#5700,#5701,#5702,#5703,#5704)),
 .UNSPECIFIED.,.F.,.F.,.F.,(4,1,1,1,1,1,1,4),(4,2,2,2,4),(0.,0.142857142857143,
0.285714285714286,0.428571428571429,0.571428571428571,0.714285714285714,
0.857142857142857,1.),(0.,0.132926200125551,0.453971932017095,0.829209558084064,
1.),.UNSPECIFIED.);
#28=B_SPLINE_SURFACE_WITH_KNOTS('',3,3,((#5717,#5718,#5719,#5720,#5721,
#5722,#5723,#5724,#5725,#5726),(#5727,#5728,#5729,#5730,#5731,#5732,#5733,
#5734,#5735,#5736),(#5737,#5738,#5739,#5740,#5741,#5742,#5743,#5744,#5745,
#5746),(#5747,#5748,#5749,#5750,#5751,#5752,#5753,#5754,#5755,#5756)),
 .UNSPECIFIED.,.F.,.F.,.F.,(4,4),(4,2,2,2,4),(0.,1.),(0.,0.132926200125551,
0.453971932017095,0.829209558084064,1.),.UNSPECIFIED.);
#29=B_SPLINE_SURFACE_WITH_KNOTS('',3,3,((#5809,#5810,#5811,#5812,#5813,
#5814,#5815,#5816,#5817,#5818),(#5819,#5820,#5821,#5822,#5823,#5824,#5825,
#5826,#5827,#5828),(#5829,#5830,#5831,#5832,#5833,#5834,#5835,#5836,#5837,
#5838),(#5839,#5840,#5841,#5842,#5843,#5844,#5845,#5846,#5847,#5848)),
 .UNSPECIFIED.,.F.,.F.,.F.,(4,4),(4,2,2,2,4),(0.,1.),(0.,0.132926200125551,
0.453971932017095,0.829209558084064,1.),.UNSPECIFIED.);
#30=B_SPLINE_SURFACE_WITH_KNOTS('',3,3,((#5901,#5902,#5903,#5904,#5905,
#5906),(#5907,#5908,#5909,#5910,#5911,#5912),(#5913,#5914,#5915,#5916,#5917,
#5918),(#5919,#5920,#5921,#5922,#5923,#5924)),.UNSPECIFIED.,.F.,.F.,.F.,
(4,4),(4,2,4),(0.397818402036506,0.862323752234962),(0.2894973030589,0.453971932017095,
0.652427605529835),.UNSPECIFIED.);
#31=SPHERICAL_SURFACE('',#2893,4.75);
#32=SPHERICAL_SURFACE('',#2901,4.75);
#33=TOROIDAL_SURFACE('',#2889,9.5,4.75);
#34=TOROIDAL_SURFACE('',#2898,9.5,4.75);
#35=TOROIDAL_SURFACE('',#2966,10.,2.);
#36=TOROIDAL_SURFACE('',#2972,10.,2.);
#37=TOROIDAL_SURFACE('',#2976,9.5,4.5);
#38=TOROIDAL_SURFACE('',#2983,9.5,4.5);
#39=B_SPLINE_CURVE_WITH_KNOTS('',3,(#4011,#4012,#4013,#4014,#4015,#4016,
#4017,#4018,#4019,#4020),.UNSPECIFIED.,.F.,.F.,(4,2,2,2,4),(0.,0.279211695440657,
0.558423390881315,0.740023553967656,0.921623717053996),.UNSPECIFIED.);
#40=B_SPLINE_CURVE_WITH_KNOTS('',3,(#4360,#4361,#4362,#4363,#4364,#4365,
#4366,#4367,#4368,#4369),.UNSPECIFIED.,.F.,.F.,(4,1,1,1,1,1,1,4),(-2.75886819279426,
-2.36474416525222,-1.97062013771018,-1.57649611016815,-1.18237208262611,
-0.788248055084074,-0.394124027542037,0.),.UNSPECIFIED.);
#41=B_SPLINE_CURVE_WITH_KNOTS('',3,(#4372,#4373,#4374,#4375,#4376,#4377,
#4378,#4379,#4380,#4381),.UNSPECIFIED.,.F.,.F.,(4,1,1,1,1,1,1,4),(0.,0.394124027542037,
0.788248055084074,1.18237208262611,1.57649611016815,1.97062013771018,2.36474416525222,
2.75886819279426),.UNSPECIFIED.);
#42=B_SPLINE_CURVE_WITH_KNOTS('',3,(#4450,#4451,#4452,#4453,#4454,#4455,
#4456,#4457,#4458,#4459,#4460,#4461,#4462),.UNSPECIFIED.,.F.,.F.,(4,1,1,
2,1,1,1,1,1,4),(0.,0.657177004051381,0.876236005401842,1.0952950067523,
1.22354841984533,1.35180183293835,1.60830865912441,2.12132231149651,2.63433596386862,
3.66036326861282),.UNSPECIFIED.);
#43=B_SPLINE_CURVE_WITH_KNOTS('',3,(#4463,#4464,#4465,#4466,#4467,#4468,
#4469,#4470,#4471,#4472,#4473,#4474,#4475),.UNSPECIFIED.,.F.,.F.,(4,1,1,
1,1,1,2,1,1,4),(-3.66036326861282,-2.63433596386862,-2.12132231149651,-1.60830865912441,
-1.35180183293835,-1.22354841984533,-1.0952950067523,-0.876236005401842,
-0.657177004051381,0.),.UNSPECIFIED.);
#44=B_SPLINE_CURVE_WITH_KNOTS('',3,(#4584,#4585,#4586,#4587,#4588,#4589,
#4590,#4591,#4592,#4593,#4594,#4595,#4596,#4597,#4598),.UNSPECIFIED.,.F.,
 .F.,(4,1,1,1,1,1,1,1,1,1,1,1,4),(-4.14223306016609,-3.55048548014236,-3.10667479512457,
-2.95873790011864,-2.56423951343615,-2.46561491676553,-2.36699032009491,
-2.16974112675367,-1.77524274007118,-1.47936895005932,-1.18349516004745,
-0.591747580023728,-5.09423177255049E-016),.UNSPECIFIED.);
#45=B_SPLINE_CURVE_WITH_KNOTS('',3,(#4599,#4600,#4601,#4602,#4603,#4604,
#4605,#4606,#4607,#4608,#4609,#4610,#4611,#4612,#4613),.UNSPECIFIED.,.F.,
 .F.,(4,1,1,1,1,1,1,1,1,1,1,1,4),(5.09423177255049E-016,0.591747580023728,
1.18349516004745,1.47936895005932,1.77524274007118,2.16974112675367,2.36699032009491,
2.46561491676553,2.56423951343615,2.95873790011864,3.10667479512457,3.55048548014236,
4.14223306016609),.UNSPECIFIED.);
#46=B_SPLINE_CURVE_WITH_KNOTS('',3,(#4704,#4705,#4706,#4707,#4708,#4709,
#4710,#4711,#4712,#4713,#4714,#4715,#4716,#4717,#4718),.UNSPECIFIED.,.F.,
 .F.,(4,1,1,1,1,1,1,2,1,1,1,4),(0.,0.485537076420678,0.776859322273084,
1.16528898340963,1.3595038139779,1.55371864454617,1.74793347511444,1.94214830568271,
2.39235658722978,2.66248155615802,3.02264818139568,3.74298143187099),
 .UNSPECIFIED.);
#47=B_SPLINE_CURVE_WITH_KNOTS('',3,(#4719,#4720,#4721,#4722,#4723,#4724,
#4725,#4726,#4727,#4728,#4729,#4730,#4731,#4732,#4733),.UNSPECIFIED.,.F.,
 .F.,(4,1,1,1,2,1,1,1,1,1,1,4),(-3.74298143187099,-3.02264818139568,-2.66248155615802,
-2.39235658722978,-1.94214830568271,-1.74793347511444,-1.55371864454617,
-1.3595038139779,-1.16528898340963,-0.776859322273084,-0.485537076420678,
0.),.UNSPECIFIED.);
#48=B_SPLINE_CURVE_WITH_KNOTS('',3,(#4788,#4789,#4790,#4791,#4792,#4793,
#4794,#4795,#4796,#4797),.UNSPECIFIED.,.F.,.F.,(4,2,2,2,4),(0.,0.132926200125551,
0.453971932017095,0.829209558084064,1.),.UNSPECIFIED.);
#49=B_SPLINE_CURVE_WITH_KNOTS('',3,(#4800,#4801,#4802,#4803,#4804,#4805,
#4806,#4807,#4808,#4809),.UNSPECIFIED.,.F.,.F.,(4,2,2,2,4),(0.,0.132926200125551,
0.453971932017095,0.829209558084064,1.),.UNSPECIFIED.);
#50=B_SPLINE_CURVE_WITH_KNOTS('',3,(#4851,#4852,#4853,#4854,#4855,#4856,
#4857,#4858,#4859,#4860),.UNSPECIFIED.,.F.,.F.,(4,2,2,2,4),(-2.64845684371417,
-2.55602173362731,-1.97489753209831,-1.43357843410679,-0.0942544176256082),
 .UNSPECIFIED.);
#51=B_SPLINE_CURVE_WITH_KNOTS('',3,(#4865,#4866,#4867,#4868,#4869,#4870,
#4871,#4872,#4873,#4874,#4875,#4876,#4877,#4878,#4879,#4880,#4881,#4882,
#4883,#4884,#4885,#4886,#4887,#4888,#4889,#4890),.UNSPECIFIED.,.F.,.F.,
(4,2,2,2,2,2,2,2,2,2,2,2,4),(-4.93480778749196,-4.7543448053235,-4.45621422313249,
-4.17137797866191,-3.97086100347285,-3.82534794154989,-3.68595908141209,
-3.52116535751267,-3.28663274722476,-2.93210137986622,-2.6037595698351,
-2.27913963038519,-2.27890900872856),.UNSPECIFIED.);
#52=B_SPLINE_CURVE_WITH_KNOTS('',3,(#5045,#5046,#5047,#5048,#5049,#5050,
#5051,#5052,#5053,#5054),.UNSPECIFIED.,.F.,.F.,(4,1,1,1,1,1,1,4),(-1.,-0.857142857142857,
-0.714285714285714,-0.571428571428571,-0.428571428571429,-0.285714285714286,
-0.142857142857143,0.),.UNSPECIFIED.);
#53=B_SPLINE_CURVE_WITH_KNOTS('',3,(#5056,#5057,#5058,#5059),
 .UNSPECIFIED.,.F.,.F.,(4,4),(-1.,0.),.UNSPECIFIED.);
#54=B_SPLINE_CURVE_WITH_KNOTS('',3,(#5061,#5062,#5063,#5064,#5065,#5066,
#5067,#5068,#5069,#5070),.UNSPECIFIED.,.F.,.F.,(4,1,1,1,1,1,1,4),(-1.,-0.892857142857143,
-0.857142857142857,-0.571428571428571,-0.428571428571429,-0.285714285714286,
-0.142857142857143,0.),.UNSPECIFIED.);
#55=B_SPLINE_CURVE_WITH_KNOTS('',3,(#5072,#5073,#5074,#5075),
 .UNSPECIFIED.,.F.,.F.,(4,4),(-1.,0.),.UNSPECIFIED.);
#56=B_SPLINE_CURVE_WITH_KNOTS('',3,(#5077,#5078,#5079,#5080,#5081,#5082,
#5083,#5084,#5085,#5086),.UNSPECIFIED.,.F.,.F.,(4,1,1,1,1,1,1,4),(-1.,-0.857142857142857,
-0.714285714285714,-0.571428571428571,-0.428571428571429,-0.285714285714286,
-0.142857142857143,0.),.UNSPECIFIED.);
#57=B_SPLINE_CURVE_WITH_KNOTS('',3,(#5088,#5089,#5090,#5091),
 .UNSPECIFIED.,.F.,.F.,(4,4),(-1.,0.),.UNSPECIFIED.);
#58=B_SPLINE_CURVE_WITH_KNOTS('',3,(#5092,#5093,#5094,#5095,#5096,#5097,
#5098,#5099,#5100,#5101),.UNSPECIFIED.,.F.,.F.,(4,1,1,1,1,1,1,4),(-1.,-0.857142857142857,
-0.714285714285714,-0.571428571428571,-0.428571428571429,-0.285714285714286,
-0.142857142857143,0.),.UNSPECIFIED.);
#59=B_SPLINE_CURVE_WITH_KNOTS('',3,(#5144,#5145,#5146,#5147,#5148,#5149,
#5150,#5151,#5152,#5153),.UNSPECIFIED.,.F.,.F.,(4,2,2,2,4),(0.,0.132926200125551,
0.453971932017095,0.829209558084064,1.),.UNSPECIFIED.);
#60=B_SPLINE_CURVE_WITH_KNOTS('',3,(#5256,#5257,#5258,#5259,#5260,#5261,
#5262,#5263,#5264,#5265),.UNSPECIFIED.,.F.,.F.,(4,2,2,2,4),(0.,0.132926200125551,
0.453971932017095,0.829209558084064,1.),.UNSPECIFIED.);
#61=B_SPLINE_CURVE_WITH_KNOTS('',3,(#5308,#5309,#5310,#5311,#5312,#5313,
#5314,#5315,#5316,#5317),.UNSPECIFIED.,.F.,.F.,(4,2,2,2,4),(0.,0.132926200125551,
0.453971932017095,0.829209558084064,1.),.UNSPECIFIED.);
#62=B_SPLINE_CURVE_WITH_KNOTS('',3,(#5420,#5421,#5422,#5423,#5424,#5425,
#5426,#5427,#5428,#5429),.UNSPECIFIED.,.F.,.F.,(4,2,2,2,4),(0.,0.132926200125551,
0.453971932017095,0.829209558084064,1.),.UNSPECIFIED.);
#63=B_SPLINE_CURVE_WITH_KNOTS('',3,(#5531,#5532,#5533,#5534,#5535,#5536,
#5537,#5538,#5539,#5540),.UNSPECIFIED.,.F.,.F.,(4,2,2,2,4),(0.,0.132926200125551,
0.453971932017095,0.829209558084064,1.),.UNSPECIFIED.);
#64=B_SPLINE_CURVE_WITH_KNOTS('',3,(#5543,#5544,#5545,#5546,#5547,#5548,
#5549,#5550,#5551,#5552),.UNSPECIFIED.,.F.,.F.,(4,2,2,2,4),(0.,0.132926200125551,
0.453971932017095,0.829209558084064,1.),.UNSPECIFIED.);
#65=B_SPLINE_CURVE_WITH_KNOTS('',3,(#5595,#5596,#5597,#5598,#5599,#5600,
#5601,#5602,#5603,#5604),.UNSPECIFIED.,.F.,.F.,(4,2,2,2,4),(0.,0.132926200125551,
0.453971932017095,0.829209558084064,1.),.UNSPECIFIED.);
#66=B_SPLINE_CURVE_WITH_KNOTS('',3,(#5707,#5708,#5709,#5710,#5711,#5712,
#5713,#5714,#5715,#5716),.UNSPECIFIED.,.F.,.F.,(4,2,2,2,4),(0.,0.132926200125551,
0.453971932017095,0.829209558084064,1.),.UNSPECIFIED.);
#67=B_SPLINE_CURVE_WITH_KNOTS('',3,(#5853,#5854,#5855,#5856,#5857,#5858,
#5859,#5860,#5861,#5862),.UNSPECIFIED.,.F.,.F.,(4,2,2,2,4),(-4.69146192746891,
-4.2958133375179,-3.77600590688295,-2.34327663278593,-0.0503869471163696),
 .UNSPECIFIED.);
#68=B_SPLINE_CURVE_WITH_KNOTS('',3,(#5864,#5865,#5866,#5867,#5868,#5869,
#5870,#5871,#5872,#5873,#5874,#5875,#5876,#5877,#5878,#5879,#5880,#5881,
#5882,#5883,#5884,#5885,#5886,#5887,#5888,#5889,#5890,#5891,#5892,#5893,
#5894,#5895,#5896,#5897,#5898,#5899,#5900),.UNSPECIFIED.,.F.,.F.,(4,3,3,
3,3,3,3,3,3,3,3,3,4),(-0.191829911624131,0.,0.121690032005145,0.243586848565204,
0.425250675226589,0.59566961600911,0.770970894217569,0.857957463672056,
0.923617090269479,0.992440866489448,1.0943035622356,1.29165567123956,1.38807606737974),
 .UNSPECIFIED.);
#69=FACE_BOUND('',#460,.T.);
#70=FACE_BOUND('',#461,.T.);
#71=FACE_BOUND('',#462,.T.);
#72=FACE_BOUND('',#463,.T.);
#73=FACE_BOUND('',#464,.T.);
#74=FACE_BOUND('',#465,.T.);
#75=FACE_BOUND('',#466,.T.);
#76=FACE_BOUND('',#471,.T.);
#77=FACE_BOUND('',#473,.T.);
#78=FACE_BOUND('',#474,.T.);
#79=FACE_BOUND('',#475,.T.);
#80=FACE_BOUND('',#476,.T.);
#81=FACE_BOUND('',#477,.T.);
#82=FACE_BOUND('',#478,.T.);
#83=FACE_BOUND('',#479,.T.);
#84=FACE_BOUND('',#480,.T.);
#85=FACE_BOUND('',#481,.T.);
#86=FACE_BOUND('',#482,.T.);
#87=FACE_BOUND('',#483,.T.);
#88=FACE_BOUND('',#484,.T.);
#89=FACE_BOUND('',#500,.T.);
#90=FACE_BOUND('',#501,.T.);
#91=FACE_BOUND('',#508,.T.);
#92=FACE_BOUND('',#509,.T.);
#93=FACE_BOUND('',#510,.T.);
#94=FACE_BOUND('',#511,.T.);
#95=FACE_BOUND('',#514,.T.);
#96=FACE_BOUND('',#516,.T.);
#97=FACE_BOUND('',#521,.T.);
#98=FACE_BOUND('',#523,.T.);
#99=FACE_BOUND('',#525,.T.);
#100=FACE_BOUND('',#529,.T.);
#101=FACE_BOUND('',#530,.T.);
#102=FACE_BOUND('',#531,.T.);
#103=FACE_BOUND('',#532,.T.);
#104=FACE_BOUND('',#533,.T.);
#105=FACE_BOUND('',#537,.T.);
#106=FACE_BOUND('',#539,.T.);
#107=FACE_BOUND('',#541,.T.);
#108=FACE_BOUND('',#543,.T.);
#109=FACE_BOUND('',#551,.T.);
#110=FACE_BOUND('',#563,.T.);
#111=FACE_BOUND('',#564,.T.);
#112=FACE_BOUND('',#565,.T.);
#113=FACE_BOUND('',#566,.T.);
#114=FACE_BOUND('',#567,.T.);
#115=FACE_BOUND('',#568,.T.);
#116=FACE_BOUND('',#569,.T.);
#117=FACE_BOUND('',#570,.T.);
#118=FACE_BOUND('',#571,.T.);
#119=FACE_BOUND('',#572,.T.);
#120=FACE_BOUND('',#589,.T.);
#121=FACE_BOUND('',#590,.T.);
#122=FACE_BOUND('',#591,.T.);
#123=FACE_BOUND('',#592,.T.);
#124=FACE_BOUND('',#593,.T.);
#125=FACE_BOUND('',#594,.T.);
#126=FACE_BOUND('',#595,.T.);
#127=FACE_BOUND('',#620,.T.);
#128=FACE_BOUND('',#622,.T.);
#129=FACE_BOUND('',#624,.T.);
#130=FACE_BOUND('',#626,.T.);
#131=FACE_BOUND('',#631,.T.);
#132=FACE_BOUND('',#634,.T.);
#133=FACE_BOUND('',#636,.T.);
#134=FACE_BOUND('',#638,.T.);
#135=CIRCLE('',#2827,9.75);
#136=CIRCLE('',#2828,9.75);
#137=CIRCLE('',#2830,2.5);
#138=CIRCLE('',#2831,2.5);
#139=CIRCLE('',#2832,2.5);
#140=CIRCLE('',#2833,2.5);
#141=CIRCLE('',#2834,1.7);
#142=CIRCLE('',#2835,1.7);
#143=CIRCLE('',#2836,1.7);
#144=CIRCLE('',#2837,1.7);
#145=CIRCLE('',#2838,10.);
#146=CIRCLE('',#2839,9.99999999999998);
#147=CIRCLE('',#2840,9.75);
#148=CIRCLE('',#2842,13.);
#149=CIRCLE('',#2843,13.);
#150=CIRCLE('',#2845,9.75);
#151=CIRCLE('',#2847,14.);
#152=CIRCLE('',#2849,3.);
#153=CIRCLE('',#2850,3.);
#154=CIRCLE('',#2852,3.);
#155=CIRCLE('',#2853,3.);
#156=CIRCLE('',#2855,1.75);
#157=CIRCLE('',#2856,1.75);
#158=CIRCLE('',#2857,1.75);
#159=CIRCLE('',#2858,1.75);
#160=CIRCLE('',#2859,1.75);
#161=CIRCLE('',#2860,1.75);
#162=CIRCLE('',#2861,10.);
#163=CIRCLE('',#2862,10.);
#164=CIRCLE('',#2863,10.);
#165=CIRCLE('',#2864,10.);
#166=CIRCLE('',#2865,10.);
#167=CIRCLE('',#2866,10.);
#168=CIRCLE('',#2867,10.);
#169=CIRCLE('',#2868,11.75);
#170=CIRCLE('',#2870,2.);
#171=CIRCLE('',#2871,2.);
#172=CIRCLE('',#2874,2.);
#173=CIRCLE('',#2875,2.);
#174=CIRCLE('',#2878,10.5);
#175=CIRCLE('',#2879,10.5);
#176=CIRCLE('',#2881,10.5);
#177=CIRCLE('',#2882,10.5);
#178=CIRCLE('',#2884,4.75);
#179=CIRCLE('',#2885,4.75);
#180=CIRCLE('',#2887,4.75);
#181=CIRCLE('',#2888,4.75);
#182=CIRCLE('',#2890,4.75);
#183=CIRCLE('',#2891,9.5);
#184=CIRCLE('',#2892,4.75);
#185=CIRCLE('',#2894,4.75);
#186=CIRCLE('',#2896,4.75);
#187=CIRCLE('',#2897,4.75000000000001);
#188=CIRCLE('',#2899,4.75);
#189=CIRCLE('',#2900,9.5);
#190=CIRCLE('',#2902,4.75);
#191=CIRCLE('',#2904,4.75);
#192=CIRCLE('',#2906,14.);
#193=CIRCLE('',#2907,1.8);
#194=CIRCLE('',#2908,1.8);
#195=CIRCLE('',#2911,11.75);
#196=CIRCLE('',#2913,4.75);
#197=CIRCLE('',#2916,4.75);
#198=CIRCLE('',#2918,1.8);
#199=CIRCLE('',#2919,1.8);
#200=CIRCLE('',#2920,1.8);
#201=CIRCLE('',#2921,1.8);
#202=CIRCLE('',#2923,4.75);
#203=CIRCLE('',#2925,1.5);
#204=CIRCLE('',#2926,1.5);
#205=CIRCLE('',#2928,1.5);
#206=CIRCLE('',#2929,1.5);
#207=CIRCLE('',#2931,11.1);
#208=CIRCLE('',#2932,11.1);
#209=CIRCLE('',#2936,1.75);
#210=CIRCLE('',#2938,1.75);
#211=CIRCLE('',#2940,11.1);
#212=CIRCLE('',#2942,13.);
#213=CIRCLE('',#2945,13.);
#214=CIRCLE('',#2946,13.);
#215=CIRCLE('',#2952,1.7);
#216=CIRCLE('',#2954,1.7);
#217=CIRCLE('',#2956,1.7);
#218=CIRCLE('',#2958,1.7);
#219=CIRCLE('',#2959,0.750000000000002);
#220=CIRCLE('',#2960,0.750000000000009);
#221=CIRCLE('',#2961,0.750000000000002);
#222=CIRCLE('',#2962,0.750000000000002);
#223=CIRCLE('',#2965,8.);
#224=CIRCLE('',#2967,2.);
#225=CIRCLE('',#2968,8.);
#226=CIRCLE('',#2969,2.);
#227=CIRCLE('',#2971,2.);
#228=CIRCLE('',#2973,1.99999999999999);
#229=CIRCLE('',#2977,4.5);
#230=CIRCLE('',#2978,5.);
#231=CIRCLE('',#2979,4.5);
#232=CIRCLE('',#2980,9.5);
#233=CIRCLE('',#2982,4.5);
#234=CIRCLE('',#2984,4.5);
#235=CIRCLE('',#2985,9.5);
#236=CIRCLE('',#2986,5.);
#237=CIRCLE('',#2991,10.);
#238=CIRCLE('',#2992,10.);
#239=CIRCLE('',#2993,10.);
#240=CIRCLE('',#2994,10.);
#241=CIRCLE('',#2995,1.75);
#242=CIRCLE('',#2996,1.75);
#243=CIRCLE('',#2997,1.75);
#244=CIRCLE('',#2998,1.75);
#245=CIRCLE('',#3016,2.5);
#246=CIRCLE('',#3017,2.5);
#247=CIRCLE('',#3018,2.5);
#248=CIRCLE('',#3019,2.5);
#249=CIRCLE('',#3020,9.99999999999998);
#250=CIRCLE('',#3021,10.);
#251=CIRCLE('',#3036,1.);
#252=CIRCLE('',#3037,6.00000000000001);
#253=CIRCLE('',#3038,6.);
#254=CIRCLE('',#3039,1.);
#255=CIRCLE('',#3049,1.8);
#256=CIRCLE('',#3054,1.8);
#257=CYLINDRICAL_SURFACE('',#2826,9.75);
#258=CYLINDRICAL_SURFACE('',#2844,9.75);
#259=CYLINDRICAL_SURFACE('',#2848,3.);
#260=CYLINDRICAL_SURFACE('',#2851,3.);
#261=CYLINDRICAL_SURFACE('',#2869,2.);
#262=CYLINDRICAL_SURFACE('',#2873,2.);
#263=CYLINDRICAL_SURFACE('',#2877,10.5);
#264=CYLINDRICAL_SURFACE('',#2880,10.5);
#265=CYLINDRICAL_SURFACE('',#2883,4.75);
#266=CYLINDRICAL_SURFACE('',#2886,4.75);
#267=CYLINDRICAL_SURFACE('',#2895,4.75);
#268=CYLINDRICAL_SURFACE('',#2903,4.75);
#269=CYLINDRICAL_SURFACE('',#2912,4.75);
#270=CYLINDRICAL_SURFACE('',#2915,4.75);
#271=CYLINDRICAL_SURFACE('',#2922,4.75);
#272=CYLINDRICAL_SURFACE('',#2924,1.5);
#273=CYLINDRICAL_SURFACE('',#2927,1.5);
#274=CYLINDRICAL_SURFACE('',#2933,11.75);
#275=CYLINDRICAL_SURFACE('',#2935,1.75);
#276=CYLINDRICAL_SURFACE('',#2937,1.75);
#277=CYLINDRICAL_SURFACE('',#2939,11.1);
#278=CYLINDRICAL_SURFACE('',#2944,13.);
#279=CYLINDRICAL_SURFACE('',#2950,14.);
#280=CYLINDRICAL_SURFACE('',#2951,1.7);
#281=CYLINDRICAL_SURFACE('',#2953,1.7);
#282=CYLINDRICAL_SURFACE('',#2955,1.7);
#283=CYLINDRICAL_SURFACE('',#2957,1.7);
#284=CYLINDRICAL_SURFACE('',#2964,8.);
#285=CYLINDRICAL_SURFACE('',#2970,2.);
#286=CYLINDRICAL_SURFACE('',#2974,2.);
#287=CYLINDRICAL_SURFACE('',#2975,8.);
#288=CYLINDRICAL_SURFACE('',#2981,4.5);
#289=CYLINDRICAL_SURFACE('',#2987,4.5);
#290=CYLINDRICAL_SURFACE('',#2989,5.);
#291=CYLINDRICAL_SURFACE('',#3000,10.);
#292=CYLINDRICAL_SURFACE('',#3002,10.);
#293=CYLINDRICAL_SURFACE('',#3004,10.);
#294=CYLINDRICAL_SURFACE('',#3006,10.);
#295=CYLINDRICAL_SURFACE('',#3022,9.99999999999998);
#296=CYLINDRICAL_SURFACE('',#3024,10.);
#297=CYLINDRICAL_SURFACE('',#3026,2.5);
#298=CYLINDRICAL_SURFACE('',#3028,2.5);
#299=CYLINDRICAL_SURFACE('',#3030,2.5);
#300=CYLINDRICAL_SURFACE('',#3032,2.5);
#301=CYLINDRICAL_SURFACE('',#3041,1.75);
#302=CYLINDRICAL_SURFACE('',#3042,1.75);
#303=CYLINDRICAL_SURFACE('',#3043,1.75);
#304=CYLINDRICAL_SURFACE('',#3044,1.75);
#305=CYLINDRICAL_SURFACE('',#3048,1.8);
#306=CYLINDRICAL_SURFACE('',#3051,1.8);
#307=CYLINDRICAL_SURFACE('',#3052,1.8);
#308=CYLINDRICAL_SURFACE('',#3053,1.8);
#309=CYLINDRICAL_SURFACE('',#3071,5.);
#310=FACE_OUTER_BOUND('',#451,.T.);
#311=FACE_OUTER_BOUND('',#452,.T.);
#312=FACE_OUTER_BOUND('',#453,.T.);
#313=FACE_OUTER_BOUND('',#454,.T.);
#314=FACE_OUTER_BOUND('',#455,.T.);
#315=FACE_OUTER_BOUND('',#456,.T.);
#316=FACE_OUTER_BOUND('',#457,.T.);
#317=FACE_OUTER_BOUND('',#458,.T.);
#318=FACE_OUTER_BOUND('',#459,.T.);
#319=FACE_OUTER_BOUND('',#467,.T.);
#320=FACE_OUTER_BOUND('',#468,.T.);
#321=FACE_OUTER_BOUND('',#469,.T.);
#322=FACE_OUTER_BOUND('',#470,.T.);
#323=FACE_OUTER_BOUND('',#472,.T.);
#324=FACE_OUTER_BOUND('',#485,.T.);
#325=FACE_OUTER_BOUND('',#486,.T.);
#326=FACE_OUTER_BOUND('',#487,.T.);
#327=FACE_OUTER_BOUND('',#488,.T.);
#328=FACE_OUTER_BOUND('',#489,.T.);
#329=FACE_OUTER_BOUND('',#490,.T.);
#330=FACE_OUTER_BOUND('',#491,.T.);
#331=FACE_OUTER_BOUND('',#492,.T.);
#332=FACE_OUTER_BOUND('',#493,.T.);
#333=FACE_OUTER_BOUND('',#494,.T.);
#334=FACE_OUTER_BOUND('',#495,.T.);
#335=FACE_OUTER_BOUND('',#496,.T.);
#336=FACE_OUTER_BOUND('',#497,.T.);
#337=FACE_OUTER_BOUND('',#498,.T.);
#338=FACE_OUTER_BOUND('',#499,.T.);
#339=FACE_OUTER_BOUND('',#502,.T.);
#340=FACE_OUTER_BOUND('',#503,.T.);
#341=FACE_OUTER_BOUND('',#504,.T.);
#342=FACE_OUTER_BOUND('',#505,.T.);
#343=FACE_OUTER_BOUND('',#506,.T.);
#344=FACE_OUTER_BOUND('',#507,.T.);
#345=FACE_OUTER_BOUND('',#512,.T.);
#346=FACE_OUTER_BOUND('',#513,.T.);
#347=FACE_OUTER_BOUND('',#515,.T.);
#348=FACE_OUTER_BOUND('',#517,.T.);
#349=FACE_OUTER_BOUND('',#518,.T.);
#350=FACE_OUTER_BOUND('',#519,.T.);
#351=FACE_OUTER_BOUND('',#520,.T.);
#352=FACE_OUTER_BOUND('',#522,.T.);
#353=FACE_OUTER_BOUND('',#524,.T.);
#354=FACE_OUTER_BOUND('',#526,.T.);
#355=FACE_OUTER_BOUND('',#527,.T.);
#356=FACE_OUTER_BOUND('',#528,.T.);
#357=FACE_OUTER_BOUND('',#534,.T.);
#358=FACE_OUTER_BOUND('',#535,.T.);
#359=FACE_OUTER_BOUND('',#536,.T.);
#360=FACE_OUTER_BOUND('',#538,.T.);
#361=FACE_OUTER_BOUND('',#540,.T.);
#362=FACE_OUTER_BOUND('',#542,.T.);
#363=FACE_OUTER_BOUND('',#544,.T.);
#364=FACE_OUTER_BOUND('',#545,.T.);
#365=FACE_OUTER_BOUND('',#546,.T.);
#366=FACE_OUTER_BOUND('',#547,.T.);
#367=FACE_OUTER_BOUND('',#548,.T.);
#368=FACE_OUTER_BOUND('',#549,.T.);
#369=FACE_OUTER_BOUND('',#550,.T.);
#370=FACE_OUTER_BOUND('',#552,.T.);
#371=FACE_OUTER_BOUND('',#553,.T.);
#372=FACE_OUTER_BOUND('',#554,.T.);
#373=FACE_OUTER_BOUND('',#555,.T.);
#374=FACE_OUTER_BOUND('',#556,.T.);
#375=FACE_OUTER_BOUND('',#557,.T.);
#376=FACE_OUTER_BOUND('',#558,.T.);
#377=FACE_OUTER_BOUND('',#559,.T.);
#378=FACE_OUTER_BOUND('',#560,.T.);
#379=FACE_OUTER_BOUND('',#561,.T.);
#380=FACE_OUTER_BOUND('',#562,.T.);
#381=FACE_OUTER_BOUND('',#573,.T.);
#382=FACE_OUTER_BOUND('',#574,.T.);
#383=FACE_OUTER_BOUND('',#575,.T.);
#384=FACE_OUTER_BOUND('',#576,.T.);
#385=FACE_OUTER_BOUND('',#577,.T.);
#386=FACE_OUTER_BOUND('',#578,.T.);
#387=FACE_OUTER_BOUND('',#579,.T.);
#388=FACE_OUTER_BOUND('',#580,.T.);
#389=FACE_OUTER_BOUND('',#581,.T.);
#390=FACE_OUTER_BOUND('',#582,.T.);
#391=FACE_OUTER_BOUND('',#583,.T.);
#392=FACE_OUTER_BOUND('',#584,.T.);
#393=FACE_OUTER_BOUND('',#585,.T.);
#394=FACE_OUTER_BOUND('',#586,.T.);
#395=FACE_OUTER_BOUND('',#587,.T.);
#396=FACE_OUTER_BOUND('',#588,.T.);
#397=FACE_OUTER_BOUND('',#596,.T.);
#398=FACE_OUTER_BOUND('',#597,.T.);
#399=FACE_OUTER_BOUND('',#598,.T.);
#400=FACE_OUTER_BOUND('',#599,.T.);
#401=FACE_OUTER_BOUND('',#600,.T.);
#402=FACE_OUTER_BOUND('',#601,.T.);
#403=FACE_OUTER_BOUND('',#602,.T.);
#404=FACE_OUTER_BOUND('',#603,.T.);
#405=FACE_OUTER_BOUND('',#604,.T.);
#406=FACE_OUTER_BOUND('',#605,.T.);
#407=FACE_OUTER_BOUND('',#606,.T.);
#408=FACE_OUTER_BOUND('',#607,.T.);
#409=FACE_OUTER_BOUND('',#608,.T.);
#410=FACE_OUTER_BOUND('',#609,.T.);
#411=FACE_OUTER_BOUND('',#610,.T.);
#412=FACE_OUTER_BOUND('',#611,.T.);
#413=FACE_OUTER_BOUND('',#612,.T.);
#414=FACE_OUTER_BOUND('',#613,.T.);
#415=FACE_OUTER_BOUND('',#614,.T.);
#416=FACE_OUTER_BOUND('',#615,.T.);
#417=FACE_OUTER_BOUND('',#616,.T.);
#418=FACE_OUTER_BOUND('',#617,.T.);
#419=FACE_OUTER_BOUND('',#618,.T.);
#420=FACE_OUTER_BOUND('',#619,.T.);
#421=FACE_OUTER_BOUND('',#621,.T.);
#422=FACE_OUTER_BOUND('',#623,.T.);
#423=FACE_OUTER_BOUND('',#625,.T.);
#424=FACE_OUTER_BOUND('',#627,.T.);
#425=FACE_OUTER_BOUND('',#628,.T.);
#426=FACE_OUTER_BOUND('',#629,.T.);
#427=FACE_OUTER_BOUND('',#630,.T.);
#428=FACE_OUTER_BOUND('',#632,.T.);
#429=FACE_OUTER_BOUND('',#633,.T.);
#430=FACE_OUTER_BOUND('',#635,.T.);
#431=FACE_OUTER_BOUND('',#637,.T.);
#432=FACE_OUTER_BOUND('',#639,.T.);
#433=FACE_OUTER_BOUND('',#640,.T.);
#434=FACE_OUTER_BOUND('',#641,.T.);
#435=FACE_OUTER_BOUND('',#642,.T.);
#436=FACE_OUTER_BOUND('',#643,.T.);
#437=FACE_OUTER_BOUND('',#644,.T.);
#438=FACE_OUTER_BOUND('',#645,.T.);
#439=FACE_OUTER_BOUND('',#646,.T.);
#440=FACE_OUTER_BOUND('',#647,.T.);
#441=FACE_OUTER_BOUND('',#648,.T.);
#442=FACE_OUTER_BOUND('',#649,.T.);
#443=FACE_OUTER_BOUND('',#650,.T.);
#444=FACE_OUTER_BOUND('',#651,.T.);
#445=FACE_OUTER_BOUND('',#652,.T.);
#446=FACE_OUTER_BOUND('',#653,.T.);
#447=FACE_OUTER_BOUND('',#654,.T.);
#448=FACE_OUTER_BOUND('',#655,.T.);
#449=FACE_OUTER_BOUND('',#656,.T.);
#450=FACE_OUTER_BOUND('',#657,.T.);
#451=EDGE_LOOP('',(#1807,#1808,#1809,#1810));
#452=EDGE_LOOP('',(#1811,#1812,#1813,#1814));
#453=EDGE_LOOP('',(#1815,#1816,#1817,#1818));
#454=EDGE_LOOP('',(#1819,#1820,#1821,#1822));
#455=EDGE_LOOP('',(#1823,#1824,#1825,#1826));
#456=EDGE_LOOP('',(#1827,#1828,#1829,#1830));
#457=EDGE_LOOP('',(#1831,#1832,#1833,#1834,#1835,#1836,#1837,#1838));
#458=EDGE_LOOP('',(#1839,#1840,#1841,#1842));
#459=EDGE_LOOP('',(#1843,#1844,#1845,#1846));
#460=EDGE_LOOP('',(#1847,#1848,#1849,#1850));
#461=EDGE_LOOP('',(#1851,#1852,#1853,#1854));
#462=EDGE_LOOP('',(#1855));
#463=EDGE_LOOP('',(#1856));
#464=EDGE_LOOP('',(#1857));
#465=EDGE_LOOP('',(#1858));
#466=EDGE_LOOP('',(#1859,#1860,#1861,#1862,#1863,#1864,#1865,#1866,#1867,
#1868,#1869,#1870));
#467=EDGE_LOOP('',(#1871,#1872,#1873,#1874,#1875,#1876,#1877,#1878,#1879,
#1880,#1881,#1882,#1883,#1884,#1885,#1886));
#468=EDGE_LOOP('',(#1887,#1888,#1889,#1890));
#469=EDGE_LOOP('',(#1891,#1892,#1893,#1894,#1895,#1896,#1897,#1898,#1899,
#1900,#1901,#1902,#1903,#1904,#1905,#1906,#1907,#1908));
#470=EDGE_LOOP('',(#1909));
#471=EDGE_LOOP('',(#1910));
#472=EDGE_LOOP('',(#1911));
#473=EDGE_LOOP('',(#1912));
#474=EDGE_LOOP('',(#1913,#1914,#1915,#1916,#1917));
#475=EDGE_LOOP('',(#1918));
#476=EDGE_LOOP('',(#1919));
#477=EDGE_LOOP('',(#1920));
#478=EDGE_LOOP('',(#1921));
#479=EDGE_LOOP('',(#1922));
#480=EDGE_LOOP('',(#1923));
#481=EDGE_LOOP('',(#1924,#1925,#1926,#1927));
#482=EDGE_LOOP('',(#1928,#1929,#1930,#1931,#1932,#1933,#1934,#1935,#1936,
#1937,#1938,#1939,#1940,#1941,#1942,#1943,#1944,#1945,#1946,#1947,#1948,
#1949,#1950,#1951,#1952,#1953,#1954,#1955));
#483=EDGE_LOOP('',(#1956,#1957,#1958,#1959,#1960,#1961,#1962,#1963,#1964));
#484=EDGE_LOOP('',(#1965));
#485=EDGE_LOOP('',(#1966,#1967,#1968,#1969));
#486=EDGE_LOOP('',(#1970,#1971,#1972,#1973));
#487=EDGE_LOOP('',(#1974,#1975,#1976,#1977));
#488=EDGE_LOOP('',(#1978,#1979,#1980,#1981));
#489=EDGE_LOOP('',(#1982,#1983,#1984,#1985));
#490=EDGE_LOOP('',(#1986,#1987,#1988,#1989));
#491=EDGE_LOOP('',(#1990,#1991,#1992,#1993));
#492=EDGE_LOOP('',(#1994,#1995,#1996,#1997));
#493=EDGE_LOOP('',(#1998,#1999,#2000,#2001));
#494=EDGE_LOOP('',(#2002,#2003,#2004));
#495=EDGE_LOOP('',(#2005,#2006,#2007,#2008));
#496=EDGE_LOOP('',(#2009,#2010,#2011,#2012));
#497=EDGE_LOOP('',(#2013,#2014,#2015));
#498=EDGE_LOOP('',(#2016,#2017,#2018,#2019));
#499=EDGE_LOOP('',(#2020,#2021,#2022,#2023,#2024,#2025,#2026,#2027,#2028,
#2029));
#500=EDGE_LOOP('',(#2030));
#501=EDGE_LOOP('',(#2031));
#502=EDGE_LOOP('',(#2032,#2033,#2034,#2035,#2036));
#503=EDGE_LOOP('',(#2037,#2038,#2039,#2040,#2041,#2042,#2043,#2044,#2045,
#2046));
#504=EDGE_LOOP('',(#2047,#2048,#2049,#2050));
#505=EDGE_LOOP('',(#2051,#2052,#2053,#2054));
#506=EDGE_LOOP('',(#2055,#2056,#2057,#2058));
#507=EDGE_LOOP('',(#2059,#2060,#2061,#2062,#2063,#2064,#2065,#2066,#2067,
#2068,#2069,#2070,#2071,#2072));
#508=EDGE_LOOP('',(#2073));
#509=EDGE_LOOP('',(#2074));
#510=EDGE_LOOP('',(#2075));
#511=EDGE_LOOP('',(#2076));
#512=EDGE_LOOP('',(#2077,#2078,#2079,#2080));
#513=EDGE_LOOP('',(#2081));
#514=EDGE_LOOP('',(#2082));
#515=EDGE_LOOP('',(#2083));
#516=EDGE_LOOP('',(#2084));
#517=EDGE_LOOP('',(#2085,#2086,#2087,#2088));
#518=EDGE_LOOP('',(#2089,#2090,#2091,#2092));
#519=EDGE_LOOP('',(#2093,#2094,#2095,#2096,#2097,#2098));
#520=EDGE_LOOP('',(#2099));
#521=EDGE_LOOP('',(#2100));
#522=EDGE_LOOP('',(#2101));
#523=EDGE_LOOP('',(#2102));
#524=EDGE_LOOP('',(#2103,#2104));
#525=EDGE_LOOP('',(#2105));
#526=EDGE_LOOP('',(#2106,#2107,#2108,#2109));
#527=EDGE_LOOP('',(#2110,#2111,#2112,#2113));
#528=EDGE_LOOP('',(#2114,#2115,#2116,#2117,#2118,#2119,#2120));
#529=EDGE_LOOP('',(#2121));
#530=EDGE_LOOP('',(#2122,#2123,#2124,#2125,#2126));
#531=EDGE_LOOP('',(#2127));
#532=EDGE_LOOP('',(#2128));
#533=EDGE_LOOP('',(#2129,#2130,#2131,#2132));
#534=EDGE_LOOP('',(#2133,#2134,#2135,#2136));
#535=EDGE_LOOP('',(#2137,#2138,#2139,#2140));
#536=EDGE_LOOP('',(#2141));
#537=EDGE_LOOP('',(#2142));
#538=EDGE_LOOP('',(#2143));
#539=EDGE_LOOP('',(#2144));
#540=EDGE_LOOP('',(#2145));
#541=EDGE_LOOP('',(#2146));
#542=EDGE_LOOP('',(#2147));
#543=EDGE_LOOP('',(#2148));
#544=EDGE_LOOP('',(#2149,#2150,#2151,#2152));
#545=EDGE_LOOP('',(#2153,#2154,#2155,#2156));
#546=EDGE_LOOP('',(#2157,#2158,#2159,#2160));
#547=EDGE_LOOP('',(#2161,#2162,#2163,#2164));
#548=EDGE_LOOP('',(#2165,#2166,#2167,#2168));
#549=EDGE_LOOP('',(#2169,#2170,#2171,#2172));
#550=EDGE_LOOP('',(#2173,#2174,#2175,#2176));
#551=EDGE_LOOP('',(#2177,#2178,#2179,#2180));
#552=EDGE_LOOP('',(#2181,#2182,#2183,#2184,#2185));
#553=EDGE_LOOP('',(#2186,#2187,#2188,#2189));
#554=EDGE_LOOP('',(#2190,#2191,#2192,#2193));
#555=EDGE_LOOP('',(#2194,#2195,#2196,#2197));
#556=EDGE_LOOP('',(#2198,#2199,#2200,#2201));
#557=EDGE_LOOP('',(#2202,#2203,#2204,#2205));
#558=EDGE_LOOP('',(#2206,#2207,#2208,#2209));
#559=EDGE_LOOP('',(#2210,#2211,#2212,#2213));
#560=EDGE_LOOP('',(#2214,#2215,#2216,#2217));
#561=EDGE_LOOP('',(#2218,#2219,#2220,#2221));
#562=EDGE_LOOP('',(#2222,#2223,#2224,#2225));
#563=EDGE_LOOP('',(#2226));
#564=EDGE_LOOP('',(#2227));
#565=EDGE_LOOP('',(#2228));
#566=EDGE_LOOP('',(#2229));
#567=EDGE_LOOP('',(#2230,#2231,#2232,#2233,#2234,#2235,#2236,#2237));
#568=EDGE_LOOP('',(#2238));
#569=EDGE_LOOP('',(#2239));
#570=EDGE_LOOP('',(#2240));
#571=EDGE_LOOP('',(#2241));
#572=EDGE_LOOP('',(#2242,#2243,#2244,#2245));
#573=EDGE_LOOP('',(#2246,#2247,#2248,#2249));
#574=EDGE_LOOP('',(#2250,#2251,#2252,#2253));
#575=EDGE_LOOP('',(#2254,#2255,#2256,#2257,#2258,#2259,#2260,#2261));
#576=EDGE_LOOP('',(#2262,#2263,#2264,#2265));
#577=EDGE_LOOP('',(#2266,#2267,#2268,#2269,#2270));
#578=EDGE_LOOP('',(#2271,#2272,#2273,#2274));
#579=EDGE_LOOP('',(#2275,#2276,#2277,#2278));
#580=EDGE_LOOP('',(#2279,#2280,#2281,#2282));
#581=EDGE_LOOP('',(#2283,#2284,#2285,#2286,#2287,#2288,#2289));
#582=EDGE_LOOP('',(#2290,#2291,#2292,#2293,#2294,#2295));
#583=EDGE_LOOP('',(#2296,#2297,#2298,#2299,#2300));
#584=EDGE_LOOP('',(#2301,#2302,#2303,#2304,#2305,#2306,#2307,#2308,#2309,
#2310,#2311,#2312,#2313,#2314,#2315,#2316));
#585=EDGE_LOOP('',(#2317,#2318,#2319,#2320));
#586=EDGE_LOOP('',(#2321,#2322,#2323,#2324,#2325,#2326));
#587=EDGE_LOOP('',(#2327,#2328,#2329,#2330,#2331,#2332,#2333,#2334,#2335,
#2336,#2337,#2338,#2339,#2340,#2341,#2342));
#588=EDGE_LOOP('',(#2343,#2344,#2345,#2346));
#589=EDGE_LOOP('',(#2347));
#590=EDGE_LOOP('',(#2348));
#591=EDGE_LOOP('',(#2349));
#592=EDGE_LOOP('',(#2350));
#593=EDGE_LOOP('',(#2351,#2352,#2353,#2354));
#594=EDGE_LOOP('',(#2355,#2356,#2357,#2358));
#595=EDGE_LOOP('',(#2359,#2360,#2361,#2362,#2363,#2364));
#596=EDGE_LOOP('',(#2365,#2366,#2367,#2368));
#597=EDGE_LOOP('',(#2369,#2370,#2371,#2372));
#598=EDGE_LOOP('',(#2373,#2374,#2375,#2376));
#599=EDGE_LOOP('',(#2377,#2378,#2379,#2380));
#600=EDGE_LOOP('',(#2381,#2382,#2383,#2384));
#601=EDGE_LOOP('',(#2385,#2386,#2387,#2388));
#602=EDGE_LOOP('',(#2389,#2390,#2391,#2392));
#603=EDGE_LOOP('',(#2393,#2394,#2395,#2396));
#604=EDGE_LOOP('',(#2397,#2398,#2399,#2400));
#605=EDGE_LOOP('',(#2401,#2402,#2403,#2404));
#606=EDGE_LOOP('',(#2405,#2406,#2407,#2408));
#607=EDGE_LOOP('',(#2409,#2410,#2411,#2412,#2413,#2414,#2415,#2416,#2417,
#2418,#2419,#2420,#2421,#2422));
#608=EDGE_LOOP('',(#2423,#2424,#2425,#2426));
#609=EDGE_LOOP('',(#2427,#2428,#2429,#2430,#2431,#2432,#2433,#2434,#2435,
#2436));
#610=EDGE_LOOP('',(#2437,#2438,#2439,#2440,#2441));
#611=EDGE_LOOP('',(#2442,#2443,#2444,#2445));
#612=EDGE_LOOP('',(#2446,#2447,#2448,#2449));
#613=EDGE_LOOP('',(#2450,#2451,#2452,#2453));
#614=EDGE_LOOP('',(#2454,#2455,#2456,#2457));
#615=EDGE_LOOP('',(#2458,#2459,#2460,#2461));
#616=EDGE_LOOP('',(#2462,#2463,#2464,#2465));
#617=EDGE_LOOP('',(#2466,#2467,#2468,#2469));
#618=EDGE_LOOP('',(#2470,#2471,#2472,#2473,#2474,#2475,#2476,#2477,#2478,
#2479));
#619=EDGE_LOOP('',(#2480));
#620=EDGE_LOOP('',(#2481));
#621=EDGE_LOOP('',(#2482));
#622=EDGE_LOOP('',(#2483));
#623=EDGE_LOOP('',(#2484));
#624=EDGE_LOOP('',(#2485));
#625=EDGE_LOOP('',(#2486));
#626=EDGE_LOOP('',(#2487));
#627=EDGE_LOOP('',(#2488,#2489,#2490,#2491));
#628=EDGE_LOOP('',(#2492,#2493,#2494,#2495,#2496,#2497,#2498,#2499,#2500));
#629=EDGE_LOOP('',(#2501,#2502,#2503,#2504,#2505,#2506,#2507));
#630=EDGE_LOOP('',(#2508));
#631=EDGE_LOOP('',(#2509));
#632=EDGE_LOOP('',(#2510));
#633=EDGE_LOOP('',(#2511));
#634=EDGE_LOOP('',(#2512));
#635=EDGE_LOOP('',(#2513));
#636=EDGE_LOOP('',(#2514));
#637=EDGE_LOOP('',(#2515));
#638=EDGE_LOOP('',(#2516));
#639=EDGE_LOOP('',(#2517));
#640=EDGE_LOOP('',(#2518,#2519,#2520,#2521));
#641=EDGE_LOOP('',(#2522,#2523,#2524,#2525));
#642=EDGE_LOOP('',(#2526,#2527,#2528,#2529));
#643=EDGE_LOOP('',(#2530,#2531,#2532,#2533,#2534,#2535));
#644=EDGE_LOOP('',(#2536,#2537,#2538,#2539));
#645=EDGE_LOOP('',(#2540,#2541,#2542,#2543));
#646=EDGE_LOOP('',(#2544,#2545,#2546,#2547,#2548,#2549,#2550));
#647=EDGE_LOOP('',(#2551,#2552,#2553,#2554,#2555,#2556,#2557,#2558));
#648=EDGE_LOOP('',(#2559,#2560,#2561,#2562));
#649=EDGE_LOOP('',(#2563,#2564,#2565,#2566));
#650=EDGE_LOOP('',(#2567,#2568,#2569,#2570));
#651=EDGE_LOOP('',(#2571,#2572,#2573,#2574));
#652=EDGE_LOOP('',(#2575,#2576,#2577,#2578));
#653=EDGE_LOOP('',(#2579,#2580,#2581,#2582));
#654=EDGE_LOOP('',(#2583,#2584,#2585,#2586));
#655=EDGE_LOOP('',(#2587,#2588,#2589,#2590));
#656=EDGE_LOOP('',(#2591,#2592,#2593,#2594));
#657=EDGE_LOOP('',(#2595,#2596,#2597,#2598));
#658=LINE('',#3830,#902);
#659=LINE('',#3832,#903);
#660=LINE('',#3834,#904);
#661=LINE('',#3835,#905);
#662=LINE('',#3839,#906);
#663=LINE('',#3841,#907);
#664=LINE('',#3843,#908);
#665=LINE('',#3844,#909);
#666=LINE('',#3848,#910);
#667=LINE('',#3850,#911);
#668=LINE('',#3852,#912);
#669=LINE('',#3853,#913);
#670=LINE('',#3856,#914);
#671=LINE('',#3858,#915);
#672=LINE('',#3859,#916);
#673=LINE('',#3863,#917);
#674=LINE('',#3865,#918);
#675=LINE('',#3867,#919);
#676=LINE('',#3868,#920);
#677=LINE('',#3871,#921);
#678=LINE('',#3873,#922);
#679=LINE('',#3874,#923);
#680=LINE('',#3877,#924);
#681=LINE('',#3879,#925);
#682=LINE('',#3881,#926);
#683=LINE('',#3882,#927);
#684=LINE('',#3883,#928);
#685=LINE('',#3885,#929);
#686=LINE('',#3886,#930);
#687=LINE('',#3892,#931);
#688=LINE('',#3895,#932);
#689=LINE('',#3901,#933);
#690=LINE('',#3904,#934);
#691=LINE('',#3909,#935);
#692=LINE('',#3912,#936);
#693=LINE('',#3922,#937);
#694=LINE('',#3924,#938);
#695=LINE('',#3926,#939);
#696=LINE('',#3930,#940);
#697=LINE('',#3934,#941);
#698=LINE('',#3936,#942);
#699=LINE('',#3938,#943);
#700=LINE('',#3941,#944);
#701=LINE('',#3943,#945);
#702=LINE('',#3945,#946);
#703=LINE('',#3947,#947);
#704=LINE('',#3949,#948);
#705=LINE('',#3953,#949);
#706=LINE('',#3955,#950);
#707=LINE('',#3957,#951);
#708=LINE('',#3960,#952);
#709=LINE('',#3961,#953);
#710=LINE('',#3964,#954);
#711=LINE('',#3967,#955);
#712=LINE('',#3969,#956);
#713=LINE('',#3971,#957);
#714=LINE('',#3973,#958);
#715=LINE('',#3975,#959);
#716=LINE('',#3977,#960);
#717=LINE('',#3979,#961);
#718=LINE('',#3981,#962);
#719=LINE('',#3983,#963);
#720=LINE('',#3987,#964);
#721=LINE('',#3989,#965);
#722=LINE('',#3990,#966);
#723=LINE('',#4004,#967);
#724=LINE('',#4006,#968);
#725=LINE('',#4008,#969);
#726=LINE('',#4010,#970);
#727=LINE('',#4034,#971);
#728=LINE('',#4036,#972);
#729=LINE('',#4037,#973);
#730=LINE('',#4039,#974);
#731=LINE('',#4041,#975);
#732=LINE('',#4042,#976);
#733=LINE('',#4044,#977);
#734=LINE('',#4046,#978);
#735=LINE('',#4048,#979);
#736=LINE('',#4050,#980);
#737=LINE('',#4052,#981);
#738=LINE('',#4054,#982);
#739=LINE('',#4056,#983);
#740=LINE('',#4058,#984);
#741=LINE('',#4060,#985);
#742=LINE('',#4064,#986);
#743=LINE('',#4068,#987);
#744=LINE('',#4072,#988);
#745=LINE('',#4075,#989);
#746=LINE('',#4079,#990);
#747=LINE('',#4083,#991);
#748=LINE('',#4086,#992);
#749=LINE('',#4089,#993);
#750=LINE('',#4090,#994);
#751=LINE('',#4092,#995);
#752=LINE('',#4094,#996);
#753=LINE('',#4098,#997);
#754=LINE('',#4100,#998);
#755=LINE('',#4101,#999);
#756=LINE('',#4107,#1000);
#757=LINE('',#4110,#1001);
#758=LINE('',#4113,#1002);
#759=LINE('',#4115,#1003);
#760=LINE('',#4116,#1004);
#761=LINE('',#4122,#1005);
#762=LINE('',#4125,#1006);
#763=LINE('',#4128,#1007);
#764=LINE('',#4130,#1008);
#765=LINE('',#4131,#1009);
#766=LINE('',#4143,#1010);
#767=LINE('',#4146,#1011);
#768=LINE('',#4152,#1012);
#769=LINE('',#4155,#1013);
#770=LINE('',#4168,#1014);
#771=LINE('',#4170,#1015);
#772=LINE('',#4178,#1016);
#773=LINE('',#4181,#1017);
#774=LINE('',#4184,#1018);
#775=LINE('',#4187,#1019);
#776=LINE('',#4188,#1020);
#777=LINE('',#4194,#1021);
#778=LINE('',#4195,#1022);
#779=LINE('',#4198,#1023);
#780=LINE('',#4200,#1024);
#781=LINE('',#4202,#1025);
#782=LINE('',#4205,#1026);
#783=LINE('',#4208,#1027);
#784=LINE('',#4212,#1028);
#785=LINE('',#4213,#1029);
#786=LINE('',#4217,#1030);
#787=LINE('',#4218,#1031);
#788=LINE('',#4230,#1032);
#789=LINE('',#4245,#1033);
#790=LINE('',#4246,#1034);
#791=LINE('',#4249,#1035);
#792=LINE('',#4251,#1036);
#793=LINE('',#4252,#1037);
#794=LINE('',#4263,#1038);
#795=LINE('',#4266,#1039);
#796=LINE('',#4269,#1040);
#797=LINE('',#4270,#1041);
#798=LINE('',#4275,#1042);
#799=LINE('',#4277,#1043);
#800=LINE('',#4279,#1044);
#801=LINE('',#4280,#1045);
#802=LINE('',#4282,#1046);
#803=LINE('',#4736,#1047);
#804=LINE('',#4738,#1048);
#805=LINE('',#4739,#1049);
#806=LINE('',#4742,#1050);
#807=LINE('',#4786,#1051);
#808=LINE('',#4799,#1052);
#809=LINE('',#4820,#1053);
#810=LINE('',#4822,#1054);
#811=LINE('',#4836,#1055);
#812=LINE('',#4837,#1056);
#813=LINE('',#4845,#1057);
#814=LINE('',#4846,#1058);
#815=LINE('',#4849,#1059);
#816=LINE('',#4861,#1060);
#817=LINE('',#4864,#1061);
#818=LINE('',#4894,#1062);
#819=LINE('',#4898,#1063);
#820=LINE('',#4902,#1064);
#821=LINE('',#4906,#1065);
#822=LINE('',#4917,#1066);
#823=LINE('',#4918,#1067);
#824=LINE('',#4920,#1068);
#825=LINE('',#4922,#1069);
#826=LINE('',#4924,#1070);
#827=LINE('',#4926,#1071);
#828=LINE('',#4928,#1072);
#829=LINE('',#4930,#1073);
#830=LINE('',#4934,#1074);
#831=LINE('',#4936,#1075);
#832=LINE('',#4938,#1076);
#833=LINE('',#4939,#1077);
#834=LINE('',#4942,#1078);
#835=LINE('',#4943,#1079);
#836=LINE('',#4945,#1080);
#837=LINE('',#4948,#1081);
#838=LINE('',#4949,#1082);
#839=LINE('',#4951,#1083);
#840=LINE('',#4953,#1084);
#841=LINE('',#4954,#1085);
#842=LINE('',#4956,#1086);
#843=LINE('',#4958,#1087);
#844=LINE('',#4960,#1088);
#845=LINE('',#4962,#1089);
#846=LINE('',#4963,#1090);
#847=LINE('',#4965,#1091);
#848=LINE('',#4968,#1092);
#849=LINE('',#4970,#1093);
#850=LINE('',#4972,#1094);
#851=LINE('',#4973,#1095);
#852=LINE('',#4976,#1096);
#853=LINE('',#4977,#1097);
#854=LINE('',#4979,#1098);
#855=LINE('',#4981,#1099);
#856=LINE('',#4983,#1100);
#857=LINE('',#4984,#1101);
#858=LINE('',#4986,#1102);
#859=LINE('',#4988,#1103);
#860=LINE('',#4989,#1104);
#861=LINE('',#4991,#1105);
#862=LINE('',#4997,#1106);
#863=LINE('',#5000,#1107);
#864=LINE('',#5005,#1108);
#865=LINE('',#5008,#1109);
#866=LINE('',#5012,#1110);
#867=LINE('',#5014,#1111);
#868=LINE('',#5016,#1112);
#869=LINE('',#5018,#1113);
#870=LINE('',#5021,#1114);
#871=LINE('',#5022,#1115);
#872=LINE('',#5024,#1116);
#873=LINE('',#5026,#1117);
#874=LINE('',#5029,#1118);
#875=LINE('',#5030,#1119);
#876=LINE('',#5032,#1120);
#877=LINE('',#5034,#1121);
#878=LINE('',#5037,#1122);
#879=LINE('',#5039,#1123);
#880=LINE('',#5040,#1124);
#881=LINE('',#5041,#1125);
#882=LINE('',#5143,#1126);
#883=LINE('',#5307,#1127);
#884=LINE('',#5594,#1128);
#885=LINE('',#5757,#1129);
#886=LINE('',#5759,#1130);
#887=LINE('',#5766,#1131);
#888=LINE('',#5780,#1132);
#889=LINE('',#5781,#1133);
#890=LINE('',#5784,#1134);
#891=LINE('',#5785,#1135);
#892=LINE('',#5788,#1136);
#893=LINE('',#5789,#1137);
#894=LINE('',#5792,#1138);
#895=LINE('',#5793,#1139);
#896=LINE('',#5795,#1140);
#897=LINE('',#5799,#1141);
#898=LINE('',#5800,#1142);
#899=LINE('',#5803,#1143);
#900=LINE('',#5806,#1144);
#901=LINE('',#5852,#1145);
#902=VECTOR('',#3076,2.00000000000001);
#903=VECTOR('',#3077,6.00000000000001);
#904=VECTOR('',#3078,2.00000000000001);
#905=VECTOR('',#3079,6.00000000000001);
#906=VECTOR('',#3082,2.00000000000001);
#907=VECTOR('',#3083,6.00000000000001);
#908=VECTOR('',#3084,2.00000000000001);
#909=VECTOR('',#3085,6.00000000000001);
#910=VECTOR('',#3088,2.);
#911=VECTOR('',#3089,6.00000000000001);
#912=VECTOR('',#3090,2.);
#913=VECTOR('',#3091,6.00000000000001);
#914=VECTOR('',#3094,10.8239912186599);
#915=VECTOR('',#3095,6.00000000000001);
#916=VECTOR('',#3096,10.8239912186599);
#917=VECTOR('',#3099,2.);
#918=VECTOR('',#3100,6.00000000000001);
#919=VECTOR('',#3101,2.);
#920=VECTOR('',#3102,6.00000000000001);
#921=VECTOR('',#3105,10.8239912186599);
#922=VECTOR('',#3106,10.8239912186599);
#923=VECTOR('',#3107,6.00000000000001);
#924=VECTOR('',#3110,9.36934549770583);
#925=VECTOR('',#3111,17.);
#926=VECTOR('',#3112,37.);
#927=VECTOR('',#3113,17.);
#928=VECTOR('',#3114,16.8066632836342);
#929=VECTOR('',#3117,16.8066632836342);
#930=VECTOR('',#3118,16.8066632836342);
#931=VECTOR('',#3123,17.);
#932=VECTOR('',#3126,17.);
#933=VECTOR('',#3131,65.);
#934=VECTOR('',#3134,65.);
#935=VECTOR('',#3137,65.);
#936=VECTOR('',#3140,65.);
#937=VECTOR('',#3149,48.25);
#938=VECTOR('',#3150,12.);
#939=VECTOR('',#3151,7.);
#940=VECTOR('',#3154,70.);
#941=VECTOR('',#3157,7.00000000000001);
#942=VECTOR('',#3158,12.);
#943=VECTOR('',#3159,48.25);
#944=VECTOR('',#3162,46.5);
#945=VECTOR('',#3165,16.8066632836342);
#946=VECTOR('',#3166,59.);
#947=VECTOR('',#3167,0.499999999999998);
#948=VECTOR('',#3168,20.);
#949=VECTOR('',#3171,29.335145141622);
#950=VECTOR('',#3172,15.);
#951=VECTOR('',#3173,24.8036890823496);
#952=VECTOR('',#3176,45.3816197092024);
#953=VECTOR('',#3177,0.380654502294169);
#954=VECTOR('',#3180,17.);
#955=VECTOR('',#3183,17.);
#956=VECTOR('',#3186,0.380654502294167);
#957=VECTOR('',#3187,76.);
#958=VECTOR('',#3188,3.);
#959=VECTOR('',#3189,57.);
#960=VECTOR('',#3190,15.);
#961=VECTOR('',#3191,57.);
#962=VECTOR('',#3192,3.50000000000001);
#963=VECTOR('',#3193,22.);
#964=VECTOR('',#3196,9.33974596215561);
#965=VECTOR('',#3197,2.5);
#966=VECTOR('',#3198,19.);
#967=VECTOR('',#3213,17.5227586640478);
#968=VECTOR('',#3214,12.);
#969=VECTOR('',#3215,25.75);
#970=VECTOR('',#3216,7.25000000000001);
#971=VECTOR('',#3229,12.);
#972=VECTOR('',#3230,3.);
#973=VECTOR('',#3231,12.);
#974=VECTOR('',#3232,21.5);
#975=VECTOR('',#3233,4.50000000000001);
#976=VECTOR('',#3234,10.);
#977=VECTOR('',#3235,12.);
#978=VECTOR('',#3236,3.);
#979=VECTOR('',#3237,12.);
#980=VECTOR('',#3238,15.);
#981=VECTOR('',#3239,12.);
#982=VECTOR('',#3240,3.);
#983=VECTOR('',#3241,12.);
#984=VECTOR('',#3242,5.5);
#985=VECTOR('',#3243,6.99999999999998);
#986=VECTOR('',#3246,97.);
#987=VECTOR('',#3249,30.);
#988=VECTOR('',#3252,30.);
#989=VECTOR('',#3255,7.99999999999998);
#990=VECTOR('',#3258,80.);
#991=VECTOR('',#3261,105.);
#992=VECTOR('',#3264,63.);
#993=VECTOR('',#3265,21.);
#994=VECTOR('',#3266,16.);
#995=VECTOR('',#3267,12.);
#996=VECTOR('',#3268,3.);
#997=VECTOR('',#3271,18.);
#998=VECTOR('',#3272,18.5);
#999=VECTOR('',#3273,5.);
#1000=VECTOR('',#3278,12.);
#1001=VECTOR('',#3281,12.);
#1002=VECTOR('',#3284,22.5);
#1003=VECTOR('',#3285,12.);
#1004=VECTOR('',#3286,22.5);
#1005=VECTOR('',#3291,5.00000000000001);
#1006=VECTOR('',#3294,5.);
#1007=VECTOR('',#3297,22.5);
#1008=VECTOR('',#3298,5.00000000000001);
#1009=VECTOR('',#3299,22.5);
#1010=VECTOR('',#3316,42.);
#1011=VECTOR('',#3319,42.);
#1012=VECTOR('',#3324,9.08484861008831);
#1013=VECTOR('',#3327,9.08484861008831);
#1014=VECTOR('',#3344,30.5);
#1015=VECTOR('',#3347,30.5);
#1016=VECTOR('',#3360,0.249999999999977);
#1017=VECTOR('',#3363,0.249999999999994);
#1018=VECTOR('',#3366,4.58974596215562);
#1019=VECTOR('',#3369,22.);
#1020=VECTOR('',#3370,6.41515138991168);
#1021=VECTOR('',#3377,11.25);
#1022=VECTOR('',#3378,16.);
#1023=VECTOR('',#3381,7.25);
#1024=VECTOR('',#3382,54.75);
#1025=VECTOR('',#3383,18.);
#1026=VECTOR('',#3386,12.);
#1027=VECTOR('',#3389,7.25);
#1028=VECTOR('',#3394,7.25);
#1029=VECTOR('',#3395,30.5);
#1030=VECTOR('',#3402,37.);
#1031=VECTOR('',#3403,40.);
#1032=VECTOR('',#3416,0.249999999999986);
#1033=VECTOR('',#3437,40.);
#1034=VECTOR('',#3438,40.);
#1035=VECTOR('',#3441,36.);
#1036=VECTOR('',#3442,6.);
#1037=VECTOR('',#3443,17.);
#1038=VECTOR('',#3458,30.6183802907976);
#1039=VECTOR('',#3461,20.);
#1040=VECTOR('',#3464,20.);
#1041=VECTOR('',#3465,10.);
#1042=VECTOR('',#3472,10.);
#1043=VECTOR('',#3475,20.);
#1044=VECTOR('',#3478,27.664854858378);
#1045=VECTOR('',#3479,32.1963109176505);
#1046=VECTOR('',#3482,16.);
#1047=VECTOR('',#3511,44.0538085411862);
#1048=VECTOR('',#3512,30.);
#1049=VECTOR('',#3513,28.1716030691012);
#1050=VECTOR('',#3516,41.829092755477);
#1051=VECTOR('',#3519,60.);
#1052=VECTOR('',#3520,90.);
#1053=VECTOR('',#3539,30.);
#1054=VECTOR('',#3542,22.8003734013559);
#1055=VECTOR('',#3557,30.);
#1056=VECTOR('',#3558,30.);
#1057=VECTOR('',#3569,30.);
#1058=VECTOR('',#3570,30.);
#1059=VECTOR('',#3573,25.6722388240178);
#1060=VECTOR('',#3574,43.5491877729383);
#1061=VECTOR('',#3577,28.8641756234912);
#1062=VECTOR('',#3580,105.);
#1063=VECTOR('',#3583,80.);
#1064=VECTOR('',#3586,105.);
#1065=VECTOR('',#3589,80.);
#1066=VECTOR('',#3602,3.);
#1067=VECTOR('',#3603,3.);
#1068=VECTOR('',#3606,3.);
#1069=VECTOR('',#3609,3.);
#1070=VECTOR('',#3612,3.);
#1071=VECTOR('',#3615,3.);
#1072=VECTOR('',#3618,3.);
#1073=VECTOR('',#3621,3.);
#1074=VECTOR('',#3626,6.);
#1075=VECTOR('',#3627,76.);
#1076=VECTOR('',#3628,6.);
#1077=VECTOR('',#3629,19.);
#1078=VECTOR('',#3632,6.);
#1079=VECTOR('',#3633,76.);
#1080=VECTOR('',#3636,76.);
#1081=VECTOR('',#3639,76.);
#1082=VECTOR('',#3640,15.);
#1083=VECTOR('',#3641,37.);
#1084=VECTOR('',#3642,17.);
#1085=VECTOR('',#3643,6.);
#1086=VECTOR('',#3644,3.13077735239016);
#1087=VECTOR('',#3645,11.8692226476098);
#1088=VECTOR('',#3646,5.00000000000001);
#1089=VECTOR('',#3647,71.);
#1090=VECTOR('',#3648,3.00000000000001);
#1091=VECTOR('',#3651,76.);
#1092=VECTOR('',#3654,6.);
#1093=VECTOR('',#3655,76.);
#1094=VECTOR('',#3656,6.);
#1095=VECTOR('',#3657,19.);
#1096=VECTOR('',#3660,76.);
#1097=VECTOR('',#3661,15.);
#1098=VECTOR('',#3662,3.00000000000001);
#1099=VECTOR('',#3663,71.);
#1100=VECTOR('',#3664,4.99999999999996);
#1101=VECTOR('',#3665,15.);
#1102=VECTOR('',#3666,6.);
#1103=VECTOR('',#3667,17.);
#1104=VECTOR('',#3668,37.);
#1105=VECTOR('',#3671,6.);
#1106=VECTOR('',#3676,65.);
#1107=VECTOR('',#3679,65.);
#1108=VECTOR('',#3682,65.);
#1109=VECTOR('',#3685,65.);
#1110=VECTOR('',#3688,70.);
#1111=VECTOR('',#3691,90.);
#1112=VECTOR('',#3694,3.00000000000001);
#1113=VECTOR('',#3697,3.00000000000001);
#1114=VECTOR('',#3702,3.);
#1115=VECTOR('',#3703,3.);
#1116=VECTOR('',#3706,3.);
#1117=VECTOR('',#3709,3.);
#1118=VECTOR('',#3714,3.);
#1119=VECTOR('',#3715,3.);
#1120=VECTOR('',#3718,3.);
#1121=VECTOR('',#3721,3.);
#1122=VECTOR('',#3726,46.5);
#1123=VECTOR('',#3727,9.36934549770583);
#1124=VECTOR('',#3728,6.);
#1125=VECTOR('',#3729,6.);
#1126=VECTOR('',#3734,15.);
#1127=VECTOR('',#3737,10.9034066226992);
#1128=VECTOR('',#3742,10.9034066226992);
#1129=VECTOR('',#3745,15.);
#1130=VECTOR('',#3748,35.031824105522);
#1131=VECTOR('',#3761,34.25);
#1132=VECTOR('',#3782,15.);
#1133=VECTOR('',#3783,6.);
#1134=VECTOR('',#3786,37.);
#1135=VECTOR('',#3787,6.);
#1136=VECTOR('',#3790,15.);
#1137=VECTOR('',#3791,6.);
#1138=VECTOR('',#3794,6.);
#1139=VECTOR('',#3795,19.);
#1140=VECTOR('',#3798,17.);
#1141=VECTOR('',#3803,6.);
#1142=VECTOR('',#3804,19.);
#1143=VECTOR('',#3809,15.);
#1144=VECTOR('',#3814,15.);
#1145=VECTOR('',#3823,44.8096499685849);
#1146=VERTEX_POINT('',#3828);
#1147=VERTEX_POINT('',#3829);
#1148=VERTEX_POINT('',#3831);
#1149=VERTEX_POINT('',#3833);
#1150=VERTEX_POINT('',#3837);
#1151=VERTEX_POINT('',#3838);
#1152=VERTEX_POINT('',#3840);
#1153=VERTEX_POINT('',#3842);
#1154=VERTEX_POINT('',#3846);
#1155=VERTEX_POINT('',#3847);
#1156=VERTEX_POINT('',#3849);
#1157=VERTEX_POINT('',#3851);
#1158=VERTEX_POINT('',#3855);
#1159=VERTEX_POINT('',#3857);
#1160=VERTEX_POINT('',#3861);
#1161=VERTEX_POINT('',#3862);
#1162=VERTEX_POINT('',#3864);
#1163=VERTEX_POINT('',#3866);
#1164=VERTEX_POINT('',#3870);
#1165=VERTEX_POINT('',#3872);
#1166=VERTEX_POINT('',#3876);
#1167=VERTEX_POINT('',#3878);
#1168=VERTEX_POINT('',#3880);
#1169=VERTEX_POINT('',#3888);
#1170=VERTEX_POINT('',#3889);
#1171=VERTEX_POINT('',#3891);
#1172=VERTEX_POINT('',#3893);
#1173=VERTEX_POINT('',#3897);
#1174=VERTEX_POINT('',#3898);
#1175=VERTEX_POINT('',#3900);
#1176=VERTEX_POINT('',#3902);
#1177=VERTEX_POINT('',#3905);
#1178=VERTEX_POINT('',#3906);
#1179=VERTEX_POINT('',#3908);
#1180=VERTEX_POINT('',#3910);
#1181=VERTEX_POINT('',#3913);
#1182=VERTEX_POINT('',#3915);
#1183=VERTEX_POINT('',#3917);
#1184=VERTEX_POINT('',#3919);
#1185=VERTEX_POINT('',#3921);
#1186=VERTEX_POINT('',#3923);
#1187=VERTEX_POINT('',#3925);
#1188=VERTEX_POINT('',#3927);
#1189=VERTEX_POINT('',#3929);
#1190=VERTEX_POINT('',#3931);
#1191=VERTEX_POINT('',#3933);
#1192=VERTEX_POINT('',#3935);
#1193=VERTEX_POINT('',#3937);
#1194=VERTEX_POINT('',#3939);
#1195=VERTEX_POINT('',#3944);
#1196=VERTEX_POINT('',#3946);
#1197=VERTEX_POINT('',#3948);
#1198=VERTEX_POINT('',#3950);
#1199=VERTEX_POINT('',#3952);
#1200=VERTEX_POINT('',#3954);
#1201=VERTEX_POINT('',#3956);
#1202=VERTEX_POINT('',#3958);
#1203=VERTEX_POINT('',#3963);
#1204=VERTEX_POINT('',#3965);
#1205=VERTEX_POINT('',#3970);
#1206=VERTEX_POINT('',#3972);
#1207=VERTEX_POINT('',#3974);
#1208=VERTEX_POINT('',#3976);
#1209=VERTEX_POINT('',#3978);
#1210=VERTEX_POINT('',#3980);
#1211=VERTEX_POINT('',#3982);
#1212=VERTEX_POINT('',#3984);
#1213=VERTEX_POINT('',#3986);
#1214=VERTEX_POINT('',#3988);
#1215=VERTEX_POINT('',#3992);
#1216=VERTEX_POINT('',#3994);
#1217=VERTEX_POINT('',#3997);
#1218=VERTEX_POINT('',#3999);
#1219=VERTEX_POINT('',#4002);
#1220=VERTEX_POINT('',#4003);
#1221=VERTEX_POINT('',#4005);
#1222=VERTEX_POINT('',#4007);
#1223=VERTEX_POINT('',#4009);
#1224=VERTEX_POINT('',#4021);
#1225=VERTEX_POINT('',#4023);
#1226=VERTEX_POINT('',#4025);
#1227=VERTEX_POINT('',#4027);
#1228=VERTEX_POINT('',#4029);
#1229=VERTEX_POINT('',#4031);
#1230=VERTEX_POINT('',#4033);
#1231=VERTEX_POINT('',#4035);
#1232=VERTEX_POINT('',#4038);
#1233=VERTEX_POINT('',#4040);
#1234=VERTEX_POINT('',#4043);
#1235=VERTEX_POINT('',#4045);
#1236=VERTEX_POINT('',#4047);
#1237=VERTEX_POINT('',#4049);
#1238=VERTEX_POINT('',#4051);
#1239=VERTEX_POINT('',#4053);
#1240=VERTEX_POINT('',#4055);
#1241=VERTEX_POINT('',#4057);
#1242=VERTEX_POINT('',#4059);
#1243=VERTEX_POINT('',#4061);
#1244=VERTEX_POINT('',#4063);
#1245=VERTEX_POINT('',#4065);
#1246=VERTEX_POINT('',#4067);
#1247=VERTEX_POINT('',#4069);
#1248=VERTEX_POINT('',#4071);
#1249=VERTEX_POINT('',#4074);
#1250=VERTEX_POINT('',#4076);
#1251=VERTEX_POINT('',#4078);
#1252=VERTEX_POINT('',#4080);
#1253=VERTEX_POINT('',#4082);
#1254=VERTEX_POINT('',#4084);
#1255=VERTEX_POINT('',#4087);
#1256=VERTEX_POINT('',#4088);
#1257=VERTEX_POINT('',#4091);
#1258=VERTEX_POINT('',#4093);
#1259=VERTEX_POINT('',#4095);
#1260=VERTEX_POINT('',#4097);
#1261=VERTEX_POINT('',#4099);
#1262=VERTEX_POINT('',#4103);
#1263=VERTEX_POINT('',#4104);
#1264=VERTEX_POINT('',#4106);
#1265=VERTEX_POINT('',#4108);
#1266=VERTEX_POINT('',#4112);
#1267=VERTEX_POINT('',#4114);
#1268=VERTEX_POINT('',#4118);
#1269=VERTEX_POINT('',#4119);
#1270=VERTEX_POINT('',#4121);
#1271=VERTEX_POINT('',#4123);
#1272=VERTEX_POINT('',#4127);
#1273=VERTEX_POINT('',#4129);
#1274=VERTEX_POINT('',#4139);
#1275=VERTEX_POINT('',#4140);
#1276=VERTEX_POINT('',#4142);
#1277=VERTEX_POINT('',#4144);
#1278=VERTEX_POINT('',#4148);
#1279=VERTEX_POINT('',#4149);
#1280=VERTEX_POINT('',#4151);
#1281=VERTEX_POINT('',#4153);
#1282=VERTEX_POINT('',#4157);
#1283=VERTEX_POINT('',#4164);
#1284=VERTEX_POINT('',#4165);
#1285=VERTEX_POINT('',#4167);
#1286=VERTEX_POINT('',#4177);
#1287=VERTEX_POINT('',#4179);
#1288=VERTEX_POINT('',#4183);
#1289=VERTEX_POINT('',#4185);
#1290=VERTEX_POINT('',#4189);
#1291=VERTEX_POINT('',#4191);
#1292=VERTEX_POINT('',#4197);
#1293=VERTEX_POINT('',#4199);
#1294=VERTEX_POINT('',#4201);
#1295=VERTEX_POINT('',#4203);
#1296=VERTEX_POINT('',#4207);
#1297=VERTEX_POINT('',#4211);
#1298=VERTEX_POINT('',#4219);
#1299=VERTEX_POINT('',#4221);
#1300=VERTEX_POINT('',#4223);
#1301=VERTEX_POINT('',#4225);
#1302=VERTEX_POINT('',#4228);
#1303=VERTEX_POINT('',#4232);
#1304=VERTEX_POINT('',#4234);
#1305=VERTEX_POINT('',#4237);
#1306=VERTEX_POINT('',#4239);
#1307=VERTEX_POINT('',#4248);
#1308=VERTEX_POINT('',#4250);
#1309=VERTEX_POINT('',#4254);
#1310=VERTEX_POINT('',#4257);
#1311=VERTEX_POINT('',#4260);
#1312=VERTEX_POINT('',#4264);
#1313=VERTEX_POINT('',#4268);
#1314=VERTEX_POINT('',#4273);
#1315=VERTEX_POINT('',#4285);
#1316=VERTEX_POINT('',#4288);
#1317=VERTEX_POINT('',#4291);
#1318=VERTEX_POINT('',#4294);
#1319=VERTEX_POINT('',#4356);
#1320=VERTEX_POINT('',#4357);
#1321=VERTEX_POINT('',#4359);
#1322=VERTEX_POINT('',#4370);
#1323=VERTEX_POINT('',#4447);
#1324=VERTEX_POINT('',#4448);
#1325=VERTEX_POINT('',#4581);
#1326=VERTEX_POINT('',#4582);
#1327=VERTEX_POINT('',#4735);
#1328=VERTEX_POINT('',#4737);
#1329=VERTEX_POINT('',#4741);
#1330=VERTEX_POINT('',#4784);
#1331=VERTEX_POINT('',#4785);
#1332=VERTEX_POINT('',#4787);
#1333=VERTEX_POINT('',#4798);
#1334=VERTEX_POINT('',#4811);
#1335=VERTEX_POINT('',#4824);
#1336=VERTEX_POINT('',#4825);
#1337=VERTEX_POINT('',#4827);
#1338=VERTEX_POINT('',#4829);
#1339=VERTEX_POINT('',#4833);
#1340=VERTEX_POINT('',#4834);
#1341=VERTEX_POINT('',#4839);
#1342=VERTEX_POINT('',#4840);
#1343=VERTEX_POINT('',#4848);
#1344=VERTEX_POINT('',#4850);
#1345=VERTEX_POINT('',#4863);
#1346=VERTEX_POINT('',#4892);
#1347=VERTEX_POINT('',#4893);
#1348=VERTEX_POINT('',#4895);
#1349=VERTEX_POINT('',#4897);
#1350=VERTEX_POINT('',#4899);
#1351=VERTEX_POINT('',#4901);
#1352=VERTEX_POINT('',#4903);
#1353=VERTEX_POINT('',#4905);
#1354=VERTEX_POINT('',#4908);
#1355=VERTEX_POINT('',#4910);
#1356=VERTEX_POINT('',#4912);
#1357=VERTEX_POINT('',#4914);
#1358=VERTEX_POINT('',#4933);
#1359=VERTEX_POINT('',#4935);
#1360=VERTEX_POINT('',#4937);
#1361=VERTEX_POINT('',#4941);
#1362=VERTEX_POINT('',#4947);
#1363=VERTEX_POINT('',#4950);
#1364=VERTEX_POINT('',#4952);
#1365=VERTEX_POINT('',#4955);
#1366=VERTEX_POINT('',#4957);
#1367=VERTEX_POINT('',#4959);
#1368=VERTEX_POINT('',#4961);
#1369=VERTEX_POINT('',#4967);
#1370=VERTEX_POINT('',#4969);
#1371=VERTEX_POINT('',#4971);
#1372=VERTEX_POINT('',#4975);
#1373=VERTEX_POINT('',#4978);
#1374=VERTEX_POINT('',#4980);
#1375=VERTEX_POINT('',#4982);
#1376=VERTEX_POINT('',#4985);
#1377=VERTEX_POINT('',#4987);
#1378=VERTEX_POINT('',#4993);
#1379=VERTEX_POINT('',#4994);
#1380=VERTEX_POINT('',#4996);
#1381=VERTEX_POINT('',#4998);
#1382=VERTEX_POINT('',#5001);
#1383=VERTEX_POINT('',#5002);
#1384=VERTEX_POINT('',#5004);
#1385=VERTEX_POINT('',#5006);
#1386=VERTEX_POINT('',#5009);
#1387=VERTEX_POINT('',#5011);
#1388=VERTEX_POINT('',#5038);
#1389=VERTEX_POINT('',#5044);
#1390=VERTEX_POINT('',#5055);
#1391=VERTEX_POINT('',#5060);
#1392=VERTEX_POINT('',#5071);
#1393=VERTEX_POINT('',#5076);
#1394=VERTEX_POINT('',#5087);
#1395=VERTEX_POINT('',#5142);
#1396=VERTEX_POINT('',#5254);
#1397=VERTEX_POINT('',#5306);
#1398=VERTEX_POINT('',#5418);
#1399=VERTEX_POINT('',#5530);
#1400=VERTEX_POINT('',#5541);
#1401=VERTEX_POINT('',#5593);
#1402=VERTEX_POINT('',#5705);
#1403=VERTEX_POINT('',#5769);
#1404=VERTEX_POINT('',#5775);
#1405=VERTEX_POINT('',#5779);
#1406=VERTEX_POINT('',#5783);
#1407=VERTEX_POINT('',#5787);
#1408=VERTEX_POINT('',#5791);
#1409=VERTEX_POINT('',#5798);
#1410=VERTEX_POINT('',#5851);
#1411=EDGE_CURVE('',#1146,#1147,#658,.T.);
#1412=EDGE_CURVE('',#1148,#1146,#659,.T.);
#1413=EDGE_CURVE('',#1149,#1148,#660,.T.);
#1414=EDGE_CURVE('',#1147,#1149,#661,.T.);
#1415=EDGE_CURVE('',#1150,#1151,#662,.T.);
#1416=EDGE_CURVE('',#1152,#1150,#663,.T.);
#1417=EDGE_CURVE('',#1153,#1152,#664,.T.);
#1418=EDGE_CURVE('',#1151,#1153,#665,.T.);
#1419=EDGE_CURVE('',#1154,#1155,#666,.T.);
#1420=EDGE_CURVE('',#1154,#1156,#667,.T.);
#1421=EDGE_CURVE('',#1157,#1156,#668,.T.);
#1422=EDGE_CURVE('',#1155,#1157,#669,.T.);
#1423=EDGE_CURVE('',#1158,#1154,#670,.T.);
#1424=EDGE_CURVE('',#1158,#1159,#671,.T.);
#1425=EDGE_CURVE('',#1156,#1159,#672,.T.);
#1426=EDGE_CURVE('',#1160,#1161,#673,.T.);
#1427=EDGE_CURVE('',#1162,#1160,#674,.T.);
#1428=EDGE_CURVE('',#1163,#1162,#675,.T.);
#1429=EDGE_CURVE('',#1163,#1161,#676,.T.);
#1430=EDGE_CURVE('',#1161,#1164,#677,.T.);
#1431=EDGE_CURVE('',#1165,#1163,#678,.T.);
#1432=EDGE_CURVE('',#1165,#1164,#679,.T.);
#1433=EDGE_CURVE('',#1152,#1166,#680,.T.);
#1434=EDGE_CURVE('',#1167,#1166,#681,.T.);
#1435=EDGE_CURVE('',#1168,#1167,#682,.T.);
#1436=EDGE_CURVE('',#1165,#1168,#683,.T.);
#1437=EDGE_CURVE('',#1153,#1162,#684,.T.);
#1438=EDGE_CURVE('',#1149,#1155,#685,.T.);
#1439=EDGE_CURVE('',#1147,#1157,#686,.T.);
#1440=EDGE_CURVE('',#1169,#1170,#135,.T.);
#1441=EDGE_CURVE('',#1169,#1171,#687,.T.);
#1442=EDGE_CURVE('',#1172,#1171,#136,.F.);
#1443=EDGE_CURVE('',#1172,#1170,#688,.T.);
#1444=EDGE_CURVE('',#1173,#1174,#137,.T.);
#1445=EDGE_CURVE('',#1174,#1175,#689,.T.);
#1446=EDGE_CURVE('',#1175,#1176,#138,.T.);
#1447=EDGE_CURVE('',#1176,#1173,#690,.T.);
#1448=EDGE_CURVE('',#1177,#1178,#139,.T.);
#1449=EDGE_CURVE('',#1178,#1179,#691,.T.);
#1450=EDGE_CURVE('',#1179,#1180,#140,.T.);
#1451=EDGE_CURVE('',#1180,#1177,#692,.T.);
#1452=EDGE_CURVE('',#1181,#1181,#141,.T.);
#1453=EDGE_CURVE('',#1182,#1182,#142,.T.);
#1454=EDGE_CURVE('',#1183,#1183,#143,.T.);
#1455=EDGE_CURVE('',#1184,#1184,#144,.T.);
#1456=EDGE_CURVE('',#1170,#1185,#693,.T.);
#1457=EDGE_CURVE('',#1185,#1186,#694,.T.);
#1458=EDGE_CURVE('',#1187,#1186,#695,.T.);
#1459=EDGE_CURVE('',#1188,#1187,#145,.T.);
#1460=EDGE_CURVE('',#1189,#1188,#696,.T.);
#1461=EDGE_CURVE('',#1190,#1189,#146,.T.);
#1462=EDGE_CURVE('',#1191,#1190,#697,.T.);
#1463=EDGE_CURVE('',#1191,#1192,#698,.T.);
#1464=EDGE_CURVE('',#1192,#1193,#699,.T.);
#1465=EDGE_CURVE('',#1193,#1194,#147,.T.);
#1466=EDGE_CURVE('',#1169,#1194,#700,.T.);
#1467=EDGE_CURVE('',#1151,#1160,#701,.T.);
#1468=EDGE_CURVE('',#1195,#1164,#702,.T.);
#1469=EDGE_CURVE('',#1196,#1195,#703,.T.);
#1470=EDGE_CURVE('',#1196,#1197,#704,.T.);
#1471=EDGE_CURVE('',#1197,#1198,#148,.T.);
#1472=EDGE_CURVE('',#1198,#1199,#705,.T.);
#1473=EDGE_CURVE('',#1199,#1200,#706,.T.);
#1474=EDGE_CURVE('',#1201,#1200,#707,.T.);
#1475=EDGE_CURVE('',#1201,#1202,#149,.T.);
#1476=EDGE_CURVE('',#1202,#1185,#708,.T.);
#1477=EDGE_CURVE('',#1172,#1150,#709,.T.);
#1478=EDGE_CURVE('',#1193,#1203,#710,.T.);
#1479=EDGE_CURVE('',#1203,#1204,#150,.T.);
#1480=EDGE_CURVE('',#1204,#1194,#711,.T.);
#1481=EDGE_CURVE('',#1148,#1203,#712,.T.);
#1482=EDGE_CURVE('',#1205,#1192,#713,.T.);
#1483=EDGE_CURVE('',#1206,#1205,#714,.T.);
#1484=EDGE_CURVE('',#1206,#1207,#715,.T.);
#1485=EDGE_CURVE('',#1208,#1207,#716,.T.);
#1486=EDGE_CURVE('',#1209,#1208,#717,.T.);
#1487=EDGE_CURVE('',#1209,#1210,#718,.T.);
#1488=EDGE_CURVE('',#1210,#1211,#719,.T.);
#1489=EDGE_CURVE('',#1211,#1212,#151,.T.);
#1490=EDGE_CURVE('',#1213,#1212,#720,.T.);
#1491=EDGE_CURVE('',#1214,#1213,#721,.T.);
#1492=EDGE_CURVE('',#1214,#1158,#722,.T.);
#1493=EDGE_CURVE('',#1215,#1215,#152,.T.);
#1494=EDGE_CURVE('',#1216,#1216,#153,.T.);
#1495=EDGE_CURVE('',#1217,#1217,#154,.T.);
#1496=EDGE_CURVE('',#1218,#1218,#155,.T.);
#1497=EDGE_CURVE('',#1219,#1220,#723,.T.);
#1498=EDGE_CURVE('',#1221,#1220,#724,.T.);
#1499=EDGE_CURVE('',#1221,#1222,#725,.T.);
#1500=EDGE_CURVE('',#1223,#1222,#726,.T.);
#1501=EDGE_CURVE('',#1219,#1223,#39,.F.);
#1502=EDGE_CURVE('',#1224,#1224,#156,.T.);
#1503=EDGE_CURVE('',#1225,#1225,#157,.T.);
#1504=EDGE_CURVE('',#1226,#1226,#158,.T.);
#1505=EDGE_CURVE('',#1227,#1227,#159,.T.);
#1506=EDGE_CURVE('',#1228,#1228,#160,.T.);
#1507=EDGE_CURVE('',#1229,#1229,#161,.T.);
#1508=EDGE_CURVE('',#1205,#1230,#727,.T.);
#1509=EDGE_CURVE('',#1230,#1231,#728,.T.);
#1510=EDGE_CURVE('',#1231,#1206,#729,.T.);
#1511=EDGE_CURVE('',#1232,#1217,#730,.T.);
#1512=EDGE_CURVE('',#1217,#1233,#731,.T.);
#1513=EDGE_CURVE('',#1233,#1196,#732,.T.);
#1514=EDGE_CURVE('',#1195,#1234,#733,.T.);
#1515=EDGE_CURVE('',#1234,#1235,#734,.T.);
#1516=EDGE_CURVE('',#1235,#1236,#735,.T.);
#1517=EDGE_CURVE('',#1236,#1237,#736,.T.);
#1518=EDGE_CURVE('',#1237,#1238,#737,.T.);
#1519=EDGE_CURVE('',#1238,#1239,#738,.T.);
#1520=EDGE_CURVE('',#1239,#1240,#739,.T.);
#1521=EDGE_CURVE('',#1240,#1241,#740,.T.);
#1522=EDGE_CURVE('',#1241,#1242,#741,.T.);
#1523=EDGE_CURVE('',#1242,#1243,#162,.T.);
#1524=EDGE_CURVE('',#1243,#1244,#742,.T.);
#1525=EDGE_CURVE('',#1245,#1244,#163,.T.);
#1526=EDGE_CURVE('',#1246,#1245,#743,.T.);
#1527=EDGE_CURVE('',#1247,#1246,#164,.T.);
#1528=EDGE_CURVE('',#1248,#1247,#744,.T.);
#1529=EDGE_CURVE('',#1244,#1248,#165,.T.);
#1530=EDGE_CURVE('',#1244,#1249,#745,.T.);
#1531=EDGE_CURVE('',#1249,#1250,#166,.T.);
#1532=EDGE_CURVE('',#1250,#1251,#746,.T.);
#1533=EDGE_CURVE('',#1251,#1252,#167,.T.);
#1534=EDGE_CURVE('',#1252,#1253,#747,.T.);
#1535=EDGE_CURVE('',#1253,#1254,#168,.T.);
#1536=EDGE_CURVE('',#1254,#1232,#748,.T.);
#1537=EDGE_CURVE('',#1255,#1256,#749,.T.);
#1538=EDGE_CURVE('',#1210,#1256,#750,.T.);
#1539=EDGE_CURVE('',#1209,#1257,#751,.T.);
#1540=EDGE_CURVE('',#1257,#1258,#752,.T.);
#1541=EDGE_CURVE('',#1258,#1259,#169,.T.);
#1542=EDGE_CURVE('',#1259,#1260,#753,.T.);
#1543=EDGE_CURVE('',#1260,#1261,#754,.T.);
#1544=EDGE_CURVE('',#1255,#1261,#755,.T.);
#1545=EDGE_CURVE('',#1262,#1263,#170,.T.);
#1546=EDGE_CURVE('',#1263,#1264,#756,.T.);
#1547=EDGE_CURVE('',#1264,#1265,#171,.T.);
#1548=EDGE_CURVE('',#1265,#1262,#757,.T.);
#1549=EDGE_CURVE('',#1266,#1263,#758,.T.);
#1550=EDGE_CURVE('',#1267,#1266,#759,.T.);
#1551=EDGE_CURVE('',#1264,#1267,#760,.T.);
#1552=EDGE_CURVE('',#1268,#1269,#172,.T.);
#1553=EDGE_CURVE('',#1269,#1270,#761,.T.);
#1554=EDGE_CURVE('',#1270,#1271,#173,.T.);
#1555=EDGE_CURVE('',#1271,#1268,#762,.T.);
#1556=EDGE_CURVE('',#1272,#1269,#763,.T.);
#1557=EDGE_CURVE('',#1273,#1272,#764,.T.);
#1558=EDGE_CURVE('',#1270,#1273,#765,.T.);
#1559=EDGE_CURVE('',#1261,#1273,#174,.T.);
#1560=EDGE_CURVE('',#1272,#1255,#175,.T.);
#1561=EDGE_CURVE('',#1266,#1221,#176,.T.);
#1562=EDGE_CURVE('',#1220,#1267,#177,.T.);
#1563=EDGE_CURVE('',#1274,#1275,#178,.T.);
#1564=EDGE_CURVE('',#1275,#1276,#766,.T.);
#1565=EDGE_CURVE('',#1276,#1277,#179,.T.);
#1566=EDGE_CURVE('',#1277,#1274,#767,.T.);
#1567=EDGE_CURVE('',#1278,#1279,#180,.T.);
#1568=EDGE_CURVE('',#1279,#1280,#768,.T.);
#1569=EDGE_CURVE('',#1280,#1281,#181,.T.);
#1570=EDGE_CURVE('',#1281,#1278,#769,.T.);
#1571=EDGE_CURVE('',#1282,#1274,#182,.T.);
#1572=EDGE_CURVE('',#1274,#1281,#183,.T.);
#1573=EDGE_CURVE('',#1280,#1282,#184,.T.);
#1574=EDGE_CURVE('',#1282,#1275,#185,.T.);
#1575=EDGE_CURVE('',#1283,#1284,#186,.T.);
#1576=EDGE_CURVE('',#1284,#1285,#770,.T.);
#1577=EDGE_CURVE('',#1285,#1276,#187,.T.);
#1578=EDGE_CURVE('',#1276,#1283,#771,.T.);
#1579=EDGE_CURVE('',#1223,#1284,#188,.T.);
#1580=EDGE_CURVE('',#1283,#1219,#189,.T.);
#1581=EDGE_CURVE('',#1285,#1277,#190,.T.);
#1582=EDGE_CURVE('',#1280,#1286,#772,.T.);
#1583=EDGE_CURVE('',#1286,#1287,#191,.T.);
#1584=EDGE_CURVE('',#1287,#1282,#773,.T.);
#1585=EDGE_CURVE('',#1288,#1279,#774,.T.);
#1586=EDGE_CURVE('',#1288,#1289,#192,.T.);
#1587=EDGE_CURVE('',#1289,#1256,#775,.T.);
#1588=EDGE_CURVE('',#1268,#1286,#776,.T.);
#1589=EDGE_CURVE('',#1290,#1290,#193,.T.);
#1590=EDGE_CURVE('',#1291,#1291,#194,.T.);
#1591=EDGE_CURVE('',#1213,#1278,#777,.T.);
#1592=EDGE_CURVE('',#1212,#1288,#778,.T.);
#1593=EDGE_CURVE('',#1292,#1277,#779,.T.);
#1594=EDGE_CURVE('',#1292,#1293,#780,.T.);
#1595=EDGE_CURVE('',#1293,#1294,#781,.T.);
#1596=EDGE_CURVE('',#1295,#1294,#195,.T.);
#1597=EDGE_CURVE('',#1295,#1214,#782,.T.);
#1598=EDGE_CURVE('',#1285,#1296,#783,.T.);
#1599=EDGE_CURVE('',#1296,#1292,#196,.T.);
#1600=EDGE_CURVE('',#1297,#1284,#784,.T.);
#1601=EDGE_CURVE('',#1297,#1296,#785,.T.);
#1602=EDGE_CURVE('',#1222,#1297,#197,.T.);
#1603=EDGE_CURVE('',#1262,#1271,#786,.T.);
#1604=EDGE_CURVE('',#1293,#1260,#787,.T.);
#1605=EDGE_CURVE('',#1298,#1298,#198,.T.);
#1606=EDGE_CURVE('',#1299,#1299,#199,.T.);
#1607=EDGE_CURVE('',#1300,#1300,#200,.T.);
#1608=EDGE_CURVE('',#1301,#1301,#201,.T.);
#1609=EDGE_CURVE('',#1287,#1302,#202,.T.);
#1610=EDGE_CURVE('',#1302,#1275,#788,.T.);
#1611=EDGE_CURVE('',#1303,#1303,#203,.T.);
#1612=EDGE_CURVE('',#1304,#1304,#204,.T.);
#1613=EDGE_CURVE('',#1305,#1305,#205,.T.);
#1614=EDGE_CURVE('',#1306,#1306,#206,.T.);
#1615=EDGE_CURVE('',#1304,#1306,#207,.T.);
#1616=EDGE_CURVE('',#1306,#1304,#208,.T.);
#1617=EDGE_CURVE('',#1258,#1295,#789,.T.);
#1618=EDGE_CURVE('',#1294,#1259,#790,.T.);
#1619=EDGE_CURVE('',#1295,#1307,#791,.T.);
#1620=EDGE_CURVE('',#1308,#1307,#792,.T.);
#1621=EDGE_CURVE('',#1308,#1159,#793,.T.);
#1622=EDGE_CURVE('',#1309,#1309,#209,.T.);
#1623=EDGE_CURVE('',#1310,#1310,#210,.T.);
#1624=EDGE_CURVE('',#1311,#1311,#211,.T.);
#1625=EDGE_CURVE('',#1240,#1202,#794,.T.);
#1626=EDGE_CURVE('',#1312,#1202,#212,.T.);
#1627=EDGE_CURVE('',#1241,#1312,#795,.T.);
#1628=EDGE_CURVE('',#1313,#1233,#796,.T.);
#1629=EDGE_CURVE('',#1197,#1313,#797,.T.);
#1630=EDGE_CURVE('',#1201,#1198,#213,.T.);
#1631=EDGE_CURVE('',#1314,#1313,#214,.T.);
#1632=EDGE_CURVE('',#1312,#1314,#798,.T.);
#1633=EDGE_CURVE('',#1232,#1314,#799,.T.);
#1634=EDGE_CURVE('',#1236,#1198,#800,.T.);
#1635=EDGE_CURVE('',#1237,#1201,#801,.T.);
#1636=EDGE_CURVE('',#1211,#1289,#802,.T.);
#1637=EDGE_CURVE('',#1315,#1315,#215,.T.);
#1638=EDGE_CURVE('',#1316,#1316,#216,.T.);
#1639=EDGE_CURVE('',#1317,#1317,#217,.T.);
#1640=EDGE_CURVE('',#1318,#1318,#218,.T.);
#1641=EDGE_CURVE('',#1319,#1320,#219,.T.);
#1642=EDGE_CURVE('',#1320,#1321,#40,.T.);
#1643=EDGE_CURVE('',#1321,#1322,#220,.T.);
#1644=EDGE_CURVE('',#1322,#1319,#41,.T.);
#1645=EDGE_CURVE('',#1323,#1324,#221,.T.);
#1646=EDGE_CURVE('',#1324,#1320,#42,.T.);
#1647=EDGE_CURVE('',#1319,#1323,#43,.T.);
#1648=EDGE_CURVE('',#1325,#1326,#222,.T.);
#1649=EDGE_CURVE('',#1326,#1324,#44,.T.);
#1650=EDGE_CURVE('',#1323,#1325,#45,.T.);
#1651=EDGE_CURVE('',#1321,#1326,#46,.T.);
#1652=EDGE_CURVE('',#1325,#1322,#47,.T.);
#1653=EDGE_CURVE('',#1327,#1319,#803,.T.);
#1654=EDGE_CURVE('',#1328,#1327,#804,.T.);
#1655=EDGE_CURVE('',#1328,#1323,#805,.T.);
#1656=EDGE_CURVE('',#1329,#1322,#806,.T.);
#1657=EDGE_CURVE('',#1327,#1329,#223,.T.);
#1658=EDGE_CURVE('',#1330,#1331,#807,.T.);
#1659=EDGE_CURVE('',#1330,#1332,#48,.T.);
#1660=EDGE_CURVE('',#1332,#1333,#808,.T.);
#1661=EDGE_CURVE('',#1331,#1333,#49,.T.);
#1662=EDGE_CURVE('',#1248,#1334,#224,.T.);
#1663=EDGE_CURVE('',#1334,#1328,#225,.T.);
#1664=EDGE_CURVE('',#1328,#1245,#226,.T.);
#1665=EDGE_CURVE('',#1327,#1246,#227,.T.);
#1666=EDGE_CURVE('',#1329,#1247,#228,.T.);
#1667=EDGE_CURVE('',#1329,#1334,#809,.T.);
#1668=EDGE_CURVE('',#1334,#1325,#810,.T.);
#1669=EDGE_CURVE('',#1335,#1336,#229,.T.);
#1670=EDGE_CURVE('',#1336,#1337,#230,.T.);
#1671=EDGE_CURVE('',#1337,#1338,#231,.T.);
#1672=EDGE_CURVE('',#1338,#1335,#232,.T.);
#1673=EDGE_CURVE('',#1339,#1340,#233,.T.);
#1674=EDGE_CURVE('',#1340,#1338,#811,.T.);
#1675=EDGE_CURVE('',#1337,#1339,#812,.T.);
#1676=EDGE_CURVE('',#1341,#1342,#234,.T.);
#1677=EDGE_CURVE('',#1342,#1340,#235,.T.);
#1678=EDGE_CURVE('',#1339,#1341,#236,.T.);
#1679=EDGE_CURVE('',#1335,#1342,#813,.T.);
#1680=EDGE_CURVE('',#1341,#1336,#814,.T.);
#1681=EDGE_CURVE('',#1337,#1343,#815,.T.);
#1682=EDGE_CURVE('',#1344,#1343,#50,.T.);
#1683=EDGE_CURVE('',#1339,#1344,#816,.T.);
#1684=EDGE_CURVE('',#1336,#1345,#817,.T.);
#1685=EDGE_CURVE('',#1343,#1345,#51,.T.);
#1686=EDGE_CURVE('',#1346,#1347,#818,.T.);
#1687=EDGE_CURVE('',#1347,#1348,#237,.T.);
#1688=EDGE_CURVE('',#1348,#1349,#819,.T.);
#1689=EDGE_CURVE('',#1349,#1350,#238,.T.);
#1690=EDGE_CURVE('',#1350,#1351,#820,.T.);
#1691=EDGE_CURVE('',#1351,#1352,#239,.T.);
#1692=EDGE_CURVE('',#1352,#1353,#821,.T.);
#1693=EDGE_CURVE('',#1353,#1346,#240,.T.);
#1694=EDGE_CURVE('',#1354,#1354,#241,.T.);
#1695=EDGE_CURVE('',#1355,#1355,#242,.T.);
#1696=EDGE_CURVE('',#1356,#1356,#243,.T.);
#1697=EDGE_CURVE('',#1357,#1357,#244,.T.);
#1698=EDGE_CURVE('',#1346,#1253,#822,.T.);
#1699=EDGE_CURVE('',#1347,#1252,#823,.T.);
#1700=EDGE_CURVE('',#1353,#1254,#824,.T.);
#1701=EDGE_CURVE('',#1352,#1242,#825,.T.);
#1702=EDGE_CURVE('',#1351,#1243,#826,.T.);
#1703=EDGE_CURVE('',#1350,#1249,#827,.T.);
#1704=EDGE_CURVE('',#1349,#1250,#828,.T.);
#1705=EDGE_CURVE('',#1348,#1251,#829,.T.);
#1706=EDGE_CURVE('',#1358,#1199,#830,.T.);
#1707=EDGE_CURVE('',#1235,#1359,#831,.T.);
#1708=EDGE_CURVE('',#1360,#1359,#832,.T.);
#1709=EDGE_CURVE('',#1360,#1358,#833,.T.);
#1710=EDGE_CURVE('',#1361,#1168,#834,.T.);
#1711=EDGE_CURVE('',#1234,#1361,#835,.T.);
#1712=EDGE_CURVE('',#1239,#1186,#836,.T.);
#1713=EDGE_CURVE('',#1238,#1362,#837,.T.);
#1714=EDGE_CURVE('',#1362,#1359,#838,.T.);
#1715=EDGE_CURVE('',#1361,#1363,#839,.T.);
#1716=EDGE_CURVE('',#1363,#1364,#840,.T.);
#1717=EDGE_CURVE('',#1364,#1332,#841,.T.);
#1718=EDGE_CURVE('',#1332,#1365,#842,.T.);
#1719=EDGE_CURVE('',#1365,#1366,#843,.T.);
#1720=EDGE_CURVE('',#1366,#1367,#844,.T.);
#1721=EDGE_CURVE('',#1368,#1367,#845,.T.);
#1722=EDGE_CURVE('',#1187,#1368,#846,.T.);
#1723=EDGE_CURVE('',#1230,#1191,#847,.T.);
#1724=EDGE_CURVE('',#1369,#1207,#848,.T.);
#1725=EDGE_CURVE('',#1231,#1370,#849,.T.);
#1726=EDGE_CURVE('',#1371,#1370,#850,.T.);
#1727=EDGE_CURVE('',#1371,#1369,#851,.T.);
#1728=EDGE_CURVE('',#1257,#1372,#852,.T.);
#1729=EDGE_CURVE('',#1372,#1370,#853,.T.);
#1730=EDGE_CURVE('',#1190,#1373,#854,.T.);
#1731=EDGE_CURVE('',#1373,#1374,#855,.T.);
#1732=EDGE_CURVE('',#1374,#1375,#856,.T.);
#1733=EDGE_CURVE('',#1375,#1333,#857,.T.);
#1734=EDGE_CURVE('',#1333,#1376,#858,.T.);
#1735=EDGE_CURVE('',#1376,#1377,#859,.T.);
#1736=EDGE_CURVE('',#1377,#1307,#860,.T.);
#1737=EDGE_CURVE('',#1363,#1167,#861,.T.);
#1738=EDGE_CURVE('',#1378,#1379,#245,.T.);
#1739=EDGE_CURVE('',#1379,#1380,#862,.T.);
#1740=EDGE_CURVE('',#1380,#1381,#246,.T.);
#1741=EDGE_CURVE('',#1381,#1378,#863,.T.);
#1742=EDGE_CURVE('',#1382,#1383,#247,.T.);
#1743=EDGE_CURVE('',#1383,#1384,#864,.T.);
#1744=EDGE_CURVE('',#1384,#1385,#248,.T.);
#1745=EDGE_CURVE('',#1385,#1382,#865,.T.);
#1746=EDGE_CURVE('',#1373,#1386,#249,.T.);
#1747=EDGE_CURVE('',#1386,#1387,#866,.T.);
#1748=EDGE_CURVE('',#1387,#1368,#250,.T.);
#1749=EDGE_CURVE('',#1367,#1374,#867,.T.);
#1750=EDGE_CURVE('',#1189,#1386,#868,.T.);
#1751=EDGE_CURVE('',#1188,#1387,#869,.T.);
#1752=EDGE_CURVE('',#1383,#1177,#870,.T.);
#1753=EDGE_CURVE('',#1384,#1180,#871,.T.);
#1754=EDGE_CURVE('',#1385,#1179,#872,.T.);
#1755=EDGE_CURVE('',#1382,#1178,#873,.T.);
#1756=EDGE_CURVE('',#1379,#1173,#874,.T.);
#1757=EDGE_CURVE('',#1380,#1176,#875,.T.);
#1758=EDGE_CURVE('',#1381,#1175,#876,.T.);
#1759=EDGE_CURVE('',#1378,#1174,#877,.T.);
#1760=EDGE_CURVE('',#1171,#1204,#878,.T.);
#1761=EDGE_CURVE('',#1388,#1146,#879,.T.);
#1762=EDGE_CURVE('',#1388,#1376,#880,.T.);
#1763=EDGE_CURVE('',#1364,#1166,#881,.T.);
#1764=EDGE_CURVE('',#1366,#1389,#52,.T.);
#1765=EDGE_CURVE('',#1389,#1390,#53,.T.);
#1766=EDGE_CURVE('',#1390,#1391,#54,.T.);
#1767=EDGE_CURVE('',#1391,#1392,#55,.T.);
#1768=EDGE_CURVE('',#1392,#1393,#56,.T.);
#1769=EDGE_CURVE('',#1393,#1394,#57,.T.);
#1770=EDGE_CURVE('',#1394,#1375,#58,.T.);
#1771=EDGE_CURVE('',#1395,#1330,#882,.T.);
#1772=EDGE_CURVE('',#1395,#1366,#59,.T.);
#1773=EDGE_CURVE('',#1396,#1395,#251,.T.);
#1774=EDGE_CURVE('',#1396,#1389,#60,.T.);
#1775=EDGE_CURVE('',#1397,#1396,#883,.T.);
#1776=EDGE_CURVE('',#1397,#1390,#61,.T.);
#1777=EDGE_CURVE('',#1398,#1397,#252,.T.);
#1778=EDGE_CURVE('',#1398,#1391,#62,.T.);
#1779=EDGE_CURVE('',#1399,#1392,#63,.T.);
#1780=EDGE_CURVE('',#1400,#1399,#253,.T.);
#1781=EDGE_CURVE('',#1400,#1393,#64,.T.);
#1782=EDGE_CURVE('',#1401,#1400,#884,.T.);
#1783=EDGE_CURVE('',#1401,#1394,#65,.T.);
#1784=EDGE_CURVE('',#1402,#1401,#254,.T.);
#1785=EDGE_CURVE('',#1402,#1375,#66,.T.);
#1786=EDGE_CURVE('',#1331,#1402,#885,.T.);
#1787=EDGE_CURVE('',#1399,#1398,#886,.T.);
#1788=EDGE_CURVE('',#1302,#1265,#887,.T.);
#1789=EDGE_CURVE('',#1403,#1403,#255,.T.);
#1790=EDGE_CURVE('',#1404,#1404,#256,.T.);
#1791=EDGE_CURVE('',#1405,#1360,#888,.T.);
#1792=EDGE_CURVE('',#1362,#1405,#889,.T.);
#1793=EDGE_CURVE('',#1406,#1308,#890,.T.);
#1794=EDGE_CURVE('',#1406,#1377,#891,.T.);
#1795=EDGE_CURVE('',#1407,#1371,#892,.T.);
#1796=EDGE_CURVE('',#1372,#1407,#893,.T.);
#1797=EDGE_CURVE('',#1208,#1408,#894,.T.);
#1798=EDGE_CURVE('',#1408,#1407,#895,.T.);
#1799=EDGE_CURVE('',#1388,#1406,#896,.T.);
#1800=EDGE_CURVE('',#1200,#1409,#897,.T.);
#1801=EDGE_CURVE('',#1409,#1405,#898,.T.);
#1802=EDGE_CURVE('',#1408,#1369,#899,.T.);
#1803=EDGE_CURVE('',#1358,#1409,#900,.T.);
#1804=EDGE_CURVE('',#1341,#1410,#901,.T.);
#1805=EDGE_CURVE('',#1345,#1410,#67,.T.);
#1806=EDGE_CURVE('',#1410,#1344,#68,.T.);
#1807=ORIENTED_EDGE('',*,*,#1411,.F.);
#1808=ORIENTED_EDGE('',*,*,#1412,.F.);
#1809=ORIENTED_EDGE('',*,*,#1413,.F.);
#1810=ORIENTED_EDGE('',*,*,#1414,.F.);
#1811=ORIENTED_EDGE('',*,*,#1415,.F.);
#1812=ORIENTED_EDGE('',*,*,#1416,.F.);
#1813=ORIENTED_EDGE('',*,*,#1417,.F.);
#1814=ORIENTED_EDGE('',*,*,#1418,.F.);
#1815=ORIENTED_EDGE('',*,*,#1419,.F.);
#1816=ORIENTED_EDGE('',*,*,#1420,.T.);
#1817=ORIENTED_EDGE('',*,*,#1421,.F.);
#1818=ORIENTED_EDGE('',*,*,#1422,.F.);
#1819=ORIENTED_EDGE('',*,*,#1423,.F.);
#1820=ORIENTED_EDGE('',*,*,#1424,.T.);
#1821=ORIENTED_EDGE('',*,*,#1425,.F.);
#1822=ORIENTED_EDGE('',*,*,#1420,.F.);
#1823=ORIENTED_EDGE('',*,*,#1426,.F.);
#1824=ORIENTED_EDGE('',*,*,#1427,.F.);
#1825=ORIENTED_EDGE('',*,*,#1428,.F.);
#1826=ORIENTED_EDGE('',*,*,#1429,.T.);
#1827=ORIENTED_EDGE('',*,*,#1430,.F.);
#1828=ORIENTED_EDGE('',*,*,#1429,.F.);
#1829=ORIENTED_EDGE('',*,*,#1431,.F.);
#1830=ORIENTED_EDGE('',*,*,#1432,.T.);
#1831=ORIENTED_EDGE('',*,*,#1417,.T.);
#1832=ORIENTED_EDGE('',*,*,#1433,.T.);
#1833=ORIENTED_EDGE('',*,*,#1434,.F.);
#1834=ORIENTED_EDGE('',*,*,#1435,.F.);
#1835=ORIENTED_EDGE('',*,*,#1436,.F.);
#1836=ORIENTED_EDGE('',*,*,#1431,.T.);
#1837=ORIENTED_EDGE('',*,*,#1428,.T.);
#1838=ORIENTED_EDGE('',*,*,#1437,.F.);
#1839=ORIENTED_EDGE('',*,*,#1414,.T.);
#1840=ORIENTED_EDGE('',*,*,#1438,.T.);
#1841=ORIENTED_EDGE('',*,*,#1422,.T.);
#1842=ORIENTED_EDGE('',*,*,#1439,.F.);
#1843=ORIENTED_EDGE('',*,*,#1440,.F.);
#1844=ORIENTED_EDGE('',*,*,#1441,.T.);
#1845=ORIENTED_EDGE('',*,*,#1442,.F.);
#1846=ORIENTED_EDGE('',*,*,#1443,.T.);
#1847=ORIENTED_EDGE('',*,*,#1444,.T.);
#1848=ORIENTED_EDGE('',*,*,#1445,.T.);
#1849=ORIENTED_EDGE('',*,*,#1446,.T.);
#1850=ORIENTED_EDGE('',*,*,#1447,.T.);
#1851=ORIENTED_EDGE('',*,*,#1448,.T.);
#1852=ORIENTED_EDGE('',*,*,#1449,.T.);
#1853=ORIENTED_EDGE('',*,*,#1450,.T.);
#1854=ORIENTED_EDGE('',*,*,#1451,.T.);
#1855=ORIENTED_EDGE('',*,*,#1452,.T.);
#1856=ORIENTED_EDGE('',*,*,#1453,.T.);
#1857=ORIENTED_EDGE('',*,*,#1454,.T.);
#1858=ORIENTED_EDGE('',*,*,#1455,.T.);
#1859=ORIENTED_EDGE('',*,*,#1440,.T.);
#1860=ORIENTED_EDGE('',*,*,#1456,.T.);
#1861=ORIENTED_EDGE('',*,*,#1457,.T.);
#1862=ORIENTED_EDGE('',*,*,#1458,.F.);
#1863=ORIENTED_EDGE('',*,*,#1459,.F.);
#1864=ORIENTED_EDGE('',*,*,#1460,.F.);
#1865=ORIENTED_EDGE('',*,*,#1461,.F.);
#1866=ORIENTED_EDGE('',*,*,#1462,.F.);
#1867=ORIENTED_EDGE('',*,*,#1463,.T.);
#1868=ORIENTED_EDGE('',*,*,#1464,.T.);
#1869=ORIENTED_EDGE('',*,*,#1465,.T.);
#1870=ORIENTED_EDGE('',*,*,#1466,.F.);
#1871=ORIENTED_EDGE('',*,*,#1415,.T.);
#1872=ORIENTED_EDGE('',*,*,#1467,.T.);
#1873=ORIENTED_EDGE('',*,*,#1426,.T.);
#1874=ORIENTED_EDGE('',*,*,#1430,.T.);
#1875=ORIENTED_EDGE('',*,*,#1468,.F.);
#1876=ORIENTED_EDGE('',*,*,#1469,.F.);
#1877=ORIENTED_EDGE('',*,*,#1470,.T.);
#1878=ORIENTED_EDGE('',*,*,#1471,.T.);
#1879=ORIENTED_EDGE('',*,*,#1472,.T.);
#1880=ORIENTED_EDGE('',*,*,#1473,.T.);
#1881=ORIENTED_EDGE('',*,*,#1474,.F.);
#1882=ORIENTED_EDGE('',*,*,#1475,.T.);
#1883=ORIENTED_EDGE('',*,*,#1476,.T.);
#1884=ORIENTED_EDGE('',*,*,#1456,.F.);
#1885=ORIENTED_EDGE('',*,*,#1443,.F.);
#1886=ORIENTED_EDGE('',*,*,#1477,.T.);
#1887=ORIENTED_EDGE('',*,*,#1465,.F.);
#1888=ORIENTED_EDGE('',*,*,#1478,.T.);
#1889=ORIENTED_EDGE('',*,*,#1479,.T.);
#1890=ORIENTED_EDGE('',*,*,#1480,.T.);
#1891=ORIENTED_EDGE('',*,*,#1413,.T.);
#1892=ORIENTED_EDGE('',*,*,#1481,.T.);
#1893=ORIENTED_EDGE('',*,*,#1478,.F.);
#1894=ORIENTED_EDGE('',*,*,#1464,.F.);
#1895=ORIENTED_EDGE('',*,*,#1482,.F.);
#1896=ORIENTED_EDGE('',*,*,#1483,.F.);
#1897=ORIENTED_EDGE('',*,*,#1484,.T.);
#1898=ORIENTED_EDGE('',*,*,#1485,.F.);
#1899=ORIENTED_EDGE('',*,*,#1486,.F.);
#1900=ORIENTED_EDGE('',*,*,#1487,.T.);
#1901=ORIENTED_EDGE('',*,*,#1488,.T.);
#1902=ORIENTED_EDGE('',*,*,#1489,.T.);
#1903=ORIENTED_EDGE('',*,*,#1490,.F.);
#1904=ORIENTED_EDGE('',*,*,#1491,.F.);
#1905=ORIENTED_EDGE('',*,*,#1492,.T.);
#1906=ORIENTED_EDGE('',*,*,#1423,.T.);
#1907=ORIENTED_EDGE('',*,*,#1419,.T.);
#1908=ORIENTED_EDGE('',*,*,#1438,.F.);
#1909=ORIENTED_EDGE('',*,*,#1493,.F.);
#1910=ORIENTED_EDGE('',*,*,#1494,.F.);
#1911=ORIENTED_EDGE('',*,*,#1495,.F.);
#1912=ORIENTED_EDGE('',*,*,#1496,.F.);
#1913=ORIENTED_EDGE('',*,*,#1497,.T.);
#1914=ORIENTED_EDGE('',*,*,#1498,.F.);
#1915=ORIENTED_EDGE('',*,*,#1499,.T.);
#1916=ORIENTED_EDGE('',*,*,#1500,.F.);
#1917=ORIENTED_EDGE('',*,*,#1501,.F.);
#1918=ORIENTED_EDGE('',*,*,#1502,.T.);
#1919=ORIENTED_EDGE('',*,*,#1503,.T.);
#1920=ORIENTED_EDGE('',*,*,#1504,.T.);
#1921=ORIENTED_EDGE('',*,*,#1505,.T.);
#1922=ORIENTED_EDGE('',*,*,#1506,.T.);
#1923=ORIENTED_EDGE('',*,*,#1507,.T.);
#1924=ORIENTED_EDGE('',*,*,#1483,.T.);
#1925=ORIENTED_EDGE('',*,*,#1508,.T.);
#1926=ORIENTED_EDGE('',*,*,#1509,.T.);
#1927=ORIENTED_EDGE('',*,*,#1510,.T.);
#1928=ORIENTED_EDGE('',*,*,#1511,.T.);
#1929=ORIENTED_EDGE('',*,*,#1495,.T.);
#1930=ORIENTED_EDGE('',*,*,#1512,.T.);
#1931=ORIENTED_EDGE('',*,*,#1513,.T.);
#1932=ORIENTED_EDGE('',*,*,#1469,.T.);
#1933=ORIENTED_EDGE('',*,*,#1514,.T.);
#1934=ORIENTED_EDGE('',*,*,#1515,.T.);
#1935=ORIENTED_EDGE('',*,*,#1516,.T.);
#1936=ORIENTED_EDGE('',*,*,#1517,.T.);
#1937=ORIENTED_EDGE('',*,*,#1518,.T.);
#1938=ORIENTED_EDGE('',*,*,#1519,.T.);
#1939=ORIENTED_EDGE('',*,*,#1520,.T.);
#1940=ORIENTED_EDGE('',*,*,#1521,.T.);
#1941=ORIENTED_EDGE('',*,*,#1522,.T.);
#1942=ORIENTED_EDGE('',*,*,#1523,.T.);
#1943=ORIENTED_EDGE('',*,*,#1524,.T.);
#1944=ORIENTED_EDGE('',*,*,#1525,.F.);
#1945=ORIENTED_EDGE('',*,*,#1526,.F.);
#1946=ORIENTED_EDGE('',*,*,#1527,.F.);
#1947=ORIENTED_EDGE('',*,*,#1528,.F.);
#1948=ORIENTED_EDGE('',*,*,#1529,.F.);
#1949=ORIENTED_EDGE('',*,*,#1530,.T.);
#1950=ORIENTED_EDGE('',*,*,#1531,.T.);
#1951=ORIENTED_EDGE('',*,*,#1532,.T.);
#1952=ORIENTED_EDGE('',*,*,#1533,.T.);
#1953=ORIENTED_EDGE('',*,*,#1534,.T.);
#1954=ORIENTED_EDGE('',*,*,#1535,.T.);
#1955=ORIENTED_EDGE('',*,*,#1536,.T.);
#1956=ORIENTED_EDGE('',*,*,#1537,.T.);
#1957=ORIENTED_EDGE('',*,*,#1538,.F.);
#1958=ORIENTED_EDGE('',*,*,#1487,.F.);
#1959=ORIENTED_EDGE('',*,*,#1539,.T.);
#1960=ORIENTED_EDGE('',*,*,#1540,.T.);
#1961=ORIENTED_EDGE('',*,*,#1541,.T.);
#1962=ORIENTED_EDGE('',*,*,#1542,.T.);
#1963=ORIENTED_EDGE('',*,*,#1543,.T.);
#1964=ORIENTED_EDGE('',*,*,#1544,.F.);
#1965=ORIENTED_EDGE('',*,*,#1493,.T.);
#1966=ORIENTED_EDGE('',*,*,#1545,.T.);
#1967=ORIENTED_EDGE('',*,*,#1546,.T.);
#1968=ORIENTED_EDGE('',*,*,#1547,.T.);
#1969=ORIENTED_EDGE('',*,*,#1548,.T.);
#1970=ORIENTED_EDGE('',*,*,#1546,.F.);
#1971=ORIENTED_EDGE('',*,*,#1549,.F.);
#1972=ORIENTED_EDGE('',*,*,#1550,.F.);
#1973=ORIENTED_EDGE('',*,*,#1551,.F.);
#1974=ORIENTED_EDGE('',*,*,#1552,.T.);
#1975=ORIENTED_EDGE('',*,*,#1553,.T.);
#1976=ORIENTED_EDGE('',*,*,#1554,.T.);
#1977=ORIENTED_EDGE('',*,*,#1555,.T.);
#1978=ORIENTED_EDGE('',*,*,#1553,.F.);
#1979=ORIENTED_EDGE('',*,*,#1556,.F.);
#1980=ORIENTED_EDGE('',*,*,#1557,.F.);
#1981=ORIENTED_EDGE('',*,*,#1558,.F.);
#1982=ORIENTED_EDGE('',*,*,#1559,.T.);
#1983=ORIENTED_EDGE('',*,*,#1557,.T.);
#1984=ORIENTED_EDGE('',*,*,#1560,.T.);
#1985=ORIENTED_EDGE('',*,*,#1544,.T.);
#1986=ORIENTED_EDGE('',*,*,#1561,.T.);
#1987=ORIENTED_EDGE('',*,*,#1498,.T.);
#1988=ORIENTED_EDGE('',*,*,#1562,.T.);
#1989=ORIENTED_EDGE('',*,*,#1550,.T.);
#1990=ORIENTED_EDGE('',*,*,#1563,.T.);
#1991=ORIENTED_EDGE('',*,*,#1564,.T.);
#1992=ORIENTED_EDGE('',*,*,#1565,.T.);
#1993=ORIENTED_EDGE('',*,*,#1566,.T.);
#1994=ORIENTED_EDGE('',*,*,#1567,.T.);
#1995=ORIENTED_EDGE('',*,*,#1568,.T.);
#1996=ORIENTED_EDGE('',*,*,#1569,.T.);
#1997=ORIENTED_EDGE('',*,*,#1570,.T.);
#1998=ORIENTED_EDGE('',*,*,#1571,.T.);
#1999=ORIENTED_EDGE('',*,*,#1572,.T.);
#2000=ORIENTED_EDGE('',*,*,#1569,.F.);
#2001=ORIENTED_EDGE('',*,*,#1573,.T.);
#2002=ORIENTED_EDGE('',*,*,#1571,.F.);
#2003=ORIENTED_EDGE('',*,*,#1574,.T.);
#2004=ORIENTED_EDGE('',*,*,#1563,.F.);
#2005=ORIENTED_EDGE('',*,*,#1575,.T.);
#2006=ORIENTED_EDGE('',*,*,#1576,.T.);
#2007=ORIENTED_EDGE('',*,*,#1577,.T.);
#2008=ORIENTED_EDGE('',*,*,#1578,.T.);
#2009=ORIENTED_EDGE('',*,*,#1501,.T.);
#2010=ORIENTED_EDGE('',*,*,#1579,.T.);
#2011=ORIENTED_EDGE('',*,*,#1575,.F.);
#2012=ORIENTED_EDGE('',*,*,#1580,.T.);
#2013=ORIENTED_EDGE('',*,*,#1577,.F.);
#2014=ORIENTED_EDGE('',*,*,#1581,.T.);
#2015=ORIENTED_EDGE('',*,*,#1565,.F.);
#2016=ORIENTED_EDGE('',*,*,#1573,.F.);
#2017=ORIENTED_EDGE('',*,*,#1582,.T.);
#2018=ORIENTED_EDGE('',*,*,#1583,.T.);
#2019=ORIENTED_EDGE('',*,*,#1584,.T.);
#2020=ORIENTED_EDGE('',*,*,#1568,.F.);
#2021=ORIENTED_EDGE('',*,*,#1585,.F.);
#2022=ORIENTED_EDGE('',*,*,#1586,.T.);
#2023=ORIENTED_EDGE('',*,*,#1587,.T.);
#2024=ORIENTED_EDGE('',*,*,#1537,.F.);
#2025=ORIENTED_EDGE('',*,*,#1560,.F.);
#2026=ORIENTED_EDGE('',*,*,#1556,.T.);
#2027=ORIENTED_EDGE('',*,*,#1552,.F.);
#2028=ORIENTED_EDGE('',*,*,#1588,.T.);
#2029=ORIENTED_EDGE('',*,*,#1582,.F.);
#2030=ORIENTED_EDGE('',*,*,#1589,.T.);
#2031=ORIENTED_EDGE('',*,*,#1590,.T.);
#2032=ORIENTED_EDGE('',*,*,#1567,.F.);
#2033=ORIENTED_EDGE('',*,*,#1591,.F.);
#2034=ORIENTED_EDGE('',*,*,#1490,.T.);
#2035=ORIENTED_EDGE('',*,*,#1592,.T.);
#2036=ORIENTED_EDGE('',*,*,#1585,.T.);
#2037=ORIENTED_EDGE('',*,*,#1570,.F.);
#2038=ORIENTED_EDGE('',*,*,#1572,.F.);
#2039=ORIENTED_EDGE('',*,*,#1566,.F.);
#2040=ORIENTED_EDGE('',*,*,#1593,.F.);
#2041=ORIENTED_EDGE('',*,*,#1594,.T.);
#2042=ORIENTED_EDGE('',*,*,#1595,.T.);
#2043=ORIENTED_EDGE('',*,*,#1596,.F.);
#2044=ORIENTED_EDGE('',*,*,#1597,.T.);
#2045=ORIENTED_EDGE('',*,*,#1491,.T.);
#2046=ORIENTED_EDGE('',*,*,#1591,.T.);
#2047=ORIENTED_EDGE('',*,*,#1581,.F.);
#2048=ORIENTED_EDGE('',*,*,#1598,.T.);
#2049=ORIENTED_EDGE('',*,*,#1599,.T.);
#2050=ORIENTED_EDGE('',*,*,#1593,.T.);
#2051=ORIENTED_EDGE('',*,*,#1576,.F.);
#2052=ORIENTED_EDGE('',*,*,#1600,.F.);
#2053=ORIENTED_EDGE('',*,*,#1601,.T.);
#2054=ORIENTED_EDGE('',*,*,#1598,.F.);
#2055=ORIENTED_EDGE('',*,*,#1579,.F.);
#2056=ORIENTED_EDGE('',*,*,#1500,.T.);
#2057=ORIENTED_EDGE('',*,*,#1602,.T.);
#2058=ORIENTED_EDGE('',*,*,#1600,.T.);
#2059=ORIENTED_EDGE('',*,*,#1599,.F.);
#2060=ORIENTED_EDGE('',*,*,#1601,.F.);
#2061=ORIENTED_EDGE('',*,*,#1602,.F.);
#2062=ORIENTED_EDGE('',*,*,#1499,.F.);
#2063=ORIENTED_EDGE('',*,*,#1561,.F.);
#2064=ORIENTED_EDGE('',*,*,#1549,.T.);
#2065=ORIENTED_EDGE('',*,*,#1545,.F.);
#2066=ORIENTED_EDGE('',*,*,#1603,.T.);
#2067=ORIENTED_EDGE('',*,*,#1554,.F.);
#2068=ORIENTED_EDGE('',*,*,#1558,.T.);
#2069=ORIENTED_EDGE('',*,*,#1559,.F.);
#2070=ORIENTED_EDGE('',*,*,#1543,.F.);
#2071=ORIENTED_EDGE('',*,*,#1604,.F.);
#2072=ORIENTED_EDGE('',*,*,#1594,.F.);
#2073=ORIENTED_EDGE('',*,*,#1605,.T.);
#2074=ORIENTED_EDGE('',*,*,#1606,.T.);
#2075=ORIENTED_EDGE('',*,*,#1607,.T.);
#2076=ORIENTED_EDGE('',*,*,#1608,.T.);
#2077=ORIENTED_EDGE('',*,*,#1574,.F.);
#2078=ORIENTED_EDGE('',*,*,#1584,.F.);
#2079=ORIENTED_EDGE('',*,*,#1609,.T.);
#2080=ORIENTED_EDGE('',*,*,#1610,.T.);
#2081=ORIENTED_EDGE('',*,*,#1611,.F.);
#2082=ORIENTED_EDGE('',*,*,#1612,.F.);
#2083=ORIENTED_EDGE('',*,*,#1613,.F.);
#2084=ORIENTED_EDGE('',*,*,#1614,.F.);
#2085=ORIENTED_EDGE('',*,*,#1615,.F.);
#2086=ORIENTED_EDGE('',*,*,#1612,.T.);
#2087=ORIENTED_EDGE('',*,*,#1616,.F.);
#2088=ORIENTED_EDGE('',*,*,#1614,.T.);
#2089=ORIENTED_EDGE('',*,*,#1541,.F.);
#2090=ORIENTED_EDGE('',*,*,#1617,.T.);
#2091=ORIENTED_EDGE('',*,*,#1596,.T.);
#2092=ORIENTED_EDGE('',*,*,#1618,.T.);
#2093=ORIENTED_EDGE('',*,*,#1492,.F.);
#2094=ORIENTED_EDGE('',*,*,#1597,.F.);
#2095=ORIENTED_EDGE('',*,*,#1619,.T.);
#2096=ORIENTED_EDGE('',*,*,#1620,.F.);
#2097=ORIENTED_EDGE('',*,*,#1621,.T.);
#2098=ORIENTED_EDGE('',*,*,#1424,.F.);
#2099=ORIENTED_EDGE('',*,*,#1502,.F.);
#2100=ORIENTED_EDGE('',*,*,#1622,.F.);
#2101=ORIENTED_EDGE('',*,*,#1503,.F.);
#2102=ORIENTED_EDGE('',*,*,#1623,.F.);
#2103=ORIENTED_EDGE('',*,*,#1615,.T.);
#2104=ORIENTED_EDGE('',*,*,#1616,.T.);
#2105=ORIENTED_EDGE('',*,*,#1624,.F.);
#2106=ORIENTED_EDGE('',*,*,#1625,.T.);
#2107=ORIENTED_EDGE('',*,*,#1626,.F.);
#2108=ORIENTED_EDGE('',*,*,#1627,.F.);
#2109=ORIENTED_EDGE('',*,*,#1521,.F.);
#2110=ORIENTED_EDGE('',*,*,#1470,.F.);
#2111=ORIENTED_EDGE('',*,*,#1513,.F.);
#2112=ORIENTED_EDGE('',*,*,#1628,.F.);
#2113=ORIENTED_EDGE('',*,*,#1629,.F.);
#2114=ORIENTED_EDGE('',*,*,#1626,.T.);
#2115=ORIENTED_EDGE('',*,*,#1475,.F.);
#2116=ORIENTED_EDGE('',*,*,#1630,.T.);
#2117=ORIENTED_EDGE('',*,*,#1471,.F.);
#2118=ORIENTED_EDGE('',*,*,#1629,.T.);
#2119=ORIENTED_EDGE('',*,*,#1631,.F.);
#2120=ORIENTED_EDGE('',*,*,#1632,.F.);
#2121=ORIENTED_EDGE('',*,*,#1624,.T.);
#2122=ORIENTED_EDGE('',*,*,#1633,.T.);
#2123=ORIENTED_EDGE('',*,*,#1631,.T.);
#2124=ORIENTED_EDGE('',*,*,#1628,.T.);
#2125=ORIENTED_EDGE('',*,*,#1512,.F.);
#2126=ORIENTED_EDGE('',*,*,#1511,.F.);
#2127=ORIENTED_EDGE('',*,*,#1611,.T.);
#2128=ORIENTED_EDGE('',*,*,#1613,.T.);
#2129=ORIENTED_EDGE('',*,*,#1634,.T.);
#2130=ORIENTED_EDGE('',*,*,#1630,.F.);
#2131=ORIENTED_EDGE('',*,*,#1635,.F.);
#2132=ORIENTED_EDGE('',*,*,#1517,.F.);
#2133=ORIENTED_EDGE('',*,*,#1587,.F.);
#2134=ORIENTED_EDGE('',*,*,#1636,.F.);
#2135=ORIENTED_EDGE('',*,*,#1488,.F.);
#2136=ORIENTED_EDGE('',*,*,#1538,.T.);
#2137=ORIENTED_EDGE('',*,*,#1586,.F.);
#2138=ORIENTED_EDGE('',*,*,#1592,.F.);
#2139=ORIENTED_EDGE('',*,*,#1489,.F.);
#2140=ORIENTED_EDGE('',*,*,#1636,.T.);
#2141=ORIENTED_EDGE('',*,*,#1637,.F.);
#2142=ORIENTED_EDGE('',*,*,#1455,.F.);
#2143=ORIENTED_EDGE('',*,*,#1638,.F.);
#2144=ORIENTED_EDGE('',*,*,#1454,.F.);
#2145=ORIENTED_EDGE('',*,*,#1639,.F.);
#2146=ORIENTED_EDGE('',*,*,#1453,.F.);
#2147=ORIENTED_EDGE('',*,*,#1640,.F.);
#2148=ORIENTED_EDGE('',*,*,#1452,.F.);
#2149=ORIENTED_EDGE('',*,*,#1641,.T.);
#2150=ORIENTED_EDGE('',*,*,#1642,.T.);
#2151=ORIENTED_EDGE('',*,*,#1643,.T.);
#2152=ORIENTED_EDGE('',*,*,#1644,.T.);
#2153=ORIENTED_EDGE('',*,*,#1645,.T.);
#2154=ORIENTED_EDGE('',*,*,#1646,.T.);
#2155=ORIENTED_EDGE('',*,*,#1641,.F.);
#2156=ORIENTED_EDGE('',*,*,#1647,.T.);
#2157=ORIENTED_EDGE('',*,*,#1648,.T.);
#2158=ORIENTED_EDGE('',*,*,#1649,.T.);
#2159=ORIENTED_EDGE('',*,*,#1645,.F.);
#2160=ORIENTED_EDGE('',*,*,#1650,.T.);
#2161=ORIENTED_EDGE('',*,*,#1643,.F.);
#2162=ORIENTED_EDGE('',*,*,#1651,.T.);
#2163=ORIENTED_EDGE('',*,*,#1648,.F.);
#2164=ORIENTED_EDGE('',*,*,#1652,.T.);
#2165=ORIENTED_EDGE('',*,*,#1647,.F.);
#2166=ORIENTED_EDGE('',*,*,#1653,.F.);
#2167=ORIENTED_EDGE('',*,*,#1654,.F.);
#2168=ORIENTED_EDGE('',*,*,#1655,.T.);
#2169=ORIENTED_EDGE('',*,*,#1644,.F.);
#2170=ORIENTED_EDGE('',*,*,#1656,.F.);
#2171=ORIENTED_EDGE('',*,*,#1657,.F.);
#2172=ORIENTED_EDGE('',*,*,#1653,.T.);
#2173=ORIENTED_EDGE('',*,*,#1658,.F.);
#2174=ORIENTED_EDGE('',*,*,#1659,.T.);
#2175=ORIENTED_EDGE('',*,*,#1660,.T.);
#2176=ORIENTED_EDGE('',*,*,#1661,.F.);
#2177=ORIENTED_EDGE('',*,*,#1642,.F.);
#2178=ORIENTED_EDGE('',*,*,#1646,.F.);
#2179=ORIENTED_EDGE('',*,*,#1649,.F.);
#2180=ORIENTED_EDGE('',*,*,#1651,.F.);
#2181=ORIENTED_EDGE('',*,*,#1662,.T.);
#2182=ORIENTED_EDGE('',*,*,#1663,.T.);
#2183=ORIENTED_EDGE('',*,*,#1664,.T.);
#2184=ORIENTED_EDGE('',*,*,#1525,.T.);
#2185=ORIENTED_EDGE('',*,*,#1529,.T.);
#2186=ORIENTED_EDGE('',*,*,#1665,.T.);
#2187=ORIENTED_EDGE('',*,*,#1526,.T.);
#2188=ORIENTED_EDGE('',*,*,#1664,.F.);
#2189=ORIENTED_EDGE('',*,*,#1654,.T.);
#2190=ORIENTED_EDGE('',*,*,#1666,.T.);
#2191=ORIENTED_EDGE('',*,*,#1527,.T.);
#2192=ORIENTED_EDGE('',*,*,#1665,.F.);
#2193=ORIENTED_EDGE('',*,*,#1657,.T.);
#2194=ORIENTED_EDGE('',*,*,#1662,.F.);
#2195=ORIENTED_EDGE('',*,*,#1528,.T.);
#2196=ORIENTED_EDGE('',*,*,#1666,.F.);
#2197=ORIENTED_EDGE('',*,*,#1667,.T.);
#2198=ORIENTED_EDGE('',*,*,#1650,.F.);
#2199=ORIENTED_EDGE('',*,*,#1655,.F.);
#2200=ORIENTED_EDGE('',*,*,#1663,.F.);
#2201=ORIENTED_EDGE('',*,*,#1668,.T.);
#2202=ORIENTED_EDGE('',*,*,#1669,.T.);
#2203=ORIENTED_EDGE('',*,*,#1670,.T.);
#2204=ORIENTED_EDGE('',*,*,#1671,.T.);
#2205=ORIENTED_EDGE('',*,*,#1672,.T.);
#2206=ORIENTED_EDGE('',*,*,#1673,.T.);
#2207=ORIENTED_EDGE('',*,*,#1674,.T.);
#2208=ORIENTED_EDGE('',*,*,#1671,.F.);
#2209=ORIENTED_EDGE('',*,*,#1675,.T.);
#2210=ORIENTED_EDGE('',*,*,#1676,.T.);
#2211=ORIENTED_EDGE('',*,*,#1677,.T.);
#2212=ORIENTED_EDGE('',*,*,#1673,.F.);
#2213=ORIENTED_EDGE('',*,*,#1678,.T.);
#2214=ORIENTED_EDGE('',*,*,#1669,.F.);
#2215=ORIENTED_EDGE('',*,*,#1679,.T.);
#2216=ORIENTED_EDGE('',*,*,#1676,.F.);
#2217=ORIENTED_EDGE('',*,*,#1680,.T.);
#2218=ORIENTED_EDGE('',*,*,#1675,.F.);
#2219=ORIENTED_EDGE('',*,*,#1681,.T.);
#2220=ORIENTED_EDGE('',*,*,#1682,.F.);
#2221=ORIENTED_EDGE('',*,*,#1683,.F.);
#2222=ORIENTED_EDGE('',*,*,#1670,.F.);
#2223=ORIENTED_EDGE('',*,*,#1684,.T.);
#2224=ORIENTED_EDGE('',*,*,#1685,.F.);
#2225=ORIENTED_EDGE('',*,*,#1681,.F.);
#2226=ORIENTED_EDGE('',*,*,#1494,.T.);
#2227=ORIENTED_EDGE('',*,*,#1496,.T.);
#2228=ORIENTED_EDGE('',*,*,#1622,.T.);
#2229=ORIENTED_EDGE('',*,*,#1623,.T.);
#2230=ORIENTED_EDGE('',*,*,#1686,.T.);
#2231=ORIENTED_EDGE('',*,*,#1687,.T.);
#2232=ORIENTED_EDGE('',*,*,#1688,.T.);
#2233=ORIENTED_EDGE('',*,*,#1689,.T.);
#2234=ORIENTED_EDGE('',*,*,#1690,.T.);
#2235=ORIENTED_EDGE('',*,*,#1691,.T.);
#2236=ORIENTED_EDGE('',*,*,#1692,.T.);
#2237=ORIENTED_EDGE('',*,*,#1693,.T.);
#2238=ORIENTED_EDGE('',*,*,#1694,.T.);
#2239=ORIENTED_EDGE('',*,*,#1695,.T.);
#2240=ORIENTED_EDGE('',*,*,#1696,.T.);
#2241=ORIENTED_EDGE('',*,*,#1697,.T.);
#2242=ORIENTED_EDGE('',*,*,#1672,.F.);
#2243=ORIENTED_EDGE('',*,*,#1674,.F.);
#2244=ORIENTED_EDGE('',*,*,#1677,.F.);
#2245=ORIENTED_EDGE('',*,*,#1679,.F.);
#2246=ORIENTED_EDGE('',*,*,#1686,.F.);
#2247=ORIENTED_EDGE('',*,*,#1698,.T.);
#2248=ORIENTED_EDGE('',*,*,#1534,.F.);
#2249=ORIENTED_EDGE('',*,*,#1699,.F.);
#2250=ORIENTED_EDGE('',*,*,#1693,.F.);
#2251=ORIENTED_EDGE('',*,*,#1700,.T.);
#2252=ORIENTED_EDGE('',*,*,#1535,.F.);
#2253=ORIENTED_EDGE('',*,*,#1698,.F.);
#2254=ORIENTED_EDGE('',*,*,#1692,.F.);
#2255=ORIENTED_EDGE('',*,*,#1701,.T.);
#2256=ORIENTED_EDGE('',*,*,#1522,.F.);
#2257=ORIENTED_EDGE('',*,*,#1627,.T.);
#2258=ORIENTED_EDGE('',*,*,#1632,.T.);
#2259=ORIENTED_EDGE('',*,*,#1633,.F.);
#2260=ORIENTED_EDGE('',*,*,#1536,.F.);
#2261=ORIENTED_EDGE('',*,*,#1700,.F.);
#2262=ORIENTED_EDGE('',*,*,#1691,.F.);
#2263=ORIENTED_EDGE('',*,*,#1702,.T.);
#2264=ORIENTED_EDGE('',*,*,#1523,.F.);
#2265=ORIENTED_EDGE('',*,*,#1701,.F.);
#2266=ORIENTED_EDGE('',*,*,#1690,.F.);
#2267=ORIENTED_EDGE('',*,*,#1703,.T.);
#2268=ORIENTED_EDGE('',*,*,#1530,.F.);
#2269=ORIENTED_EDGE('',*,*,#1524,.F.);
#2270=ORIENTED_EDGE('',*,*,#1702,.F.);
#2271=ORIENTED_EDGE('',*,*,#1689,.F.);
#2272=ORIENTED_EDGE('',*,*,#1704,.T.);
#2273=ORIENTED_EDGE('',*,*,#1531,.F.);
#2274=ORIENTED_EDGE('',*,*,#1703,.F.);
#2275=ORIENTED_EDGE('',*,*,#1688,.F.);
#2276=ORIENTED_EDGE('',*,*,#1705,.T.);
#2277=ORIENTED_EDGE('',*,*,#1532,.F.);
#2278=ORIENTED_EDGE('',*,*,#1704,.F.);
#2279=ORIENTED_EDGE('',*,*,#1687,.F.);
#2280=ORIENTED_EDGE('',*,*,#1699,.T.);
#2281=ORIENTED_EDGE('',*,*,#1533,.F.);
#2282=ORIENTED_EDGE('',*,*,#1705,.F.);
#2283=ORIENTED_EDGE('',*,*,#1706,.T.);
#2284=ORIENTED_EDGE('',*,*,#1472,.F.);
#2285=ORIENTED_EDGE('',*,*,#1634,.F.);
#2286=ORIENTED_EDGE('',*,*,#1516,.F.);
#2287=ORIENTED_EDGE('',*,*,#1707,.T.);
#2288=ORIENTED_EDGE('',*,*,#1708,.F.);
#2289=ORIENTED_EDGE('',*,*,#1709,.T.);
#2290=ORIENTED_EDGE('',*,*,#1436,.T.);
#2291=ORIENTED_EDGE('',*,*,#1710,.F.);
#2292=ORIENTED_EDGE('',*,*,#1711,.F.);
#2293=ORIENTED_EDGE('',*,*,#1514,.F.);
#2294=ORIENTED_EDGE('',*,*,#1468,.T.);
#2295=ORIENTED_EDGE('',*,*,#1432,.F.);
#2296=ORIENTED_EDGE('',*,*,#1520,.F.);
#2297=ORIENTED_EDGE('',*,*,#1712,.T.);
#2298=ORIENTED_EDGE('',*,*,#1457,.F.);
#2299=ORIENTED_EDGE('',*,*,#1476,.F.);
#2300=ORIENTED_EDGE('',*,*,#1625,.F.);
#2301=ORIENTED_EDGE('',*,*,#1519,.F.);
#2302=ORIENTED_EDGE('',*,*,#1713,.T.);
#2303=ORIENTED_EDGE('',*,*,#1714,.T.);
#2304=ORIENTED_EDGE('',*,*,#1707,.F.);
#2305=ORIENTED_EDGE('',*,*,#1515,.F.);
#2306=ORIENTED_EDGE('',*,*,#1711,.T.);
#2307=ORIENTED_EDGE('',*,*,#1715,.T.);
#2308=ORIENTED_EDGE('',*,*,#1716,.T.);
#2309=ORIENTED_EDGE('',*,*,#1717,.T.);
#2310=ORIENTED_EDGE('',*,*,#1718,.T.);
#2311=ORIENTED_EDGE('',*,*,#1719,.T.);
#2312=ORIENTED_EDGE('',*,*,#1720,.T.);
#2313=ORIENTED_EDGE('',*,*,#1721,.F.);
#2314=ORIENTED_EDGE('',*,*,#1722,.F.);
#2315=ORIENTED_EDGE('',*,*,#1458,.T.);
#2316=ORIENTED_EDGE('',*,*,#1712,.F.);
#2317=ORIENTED_EDGE('',*,*,#1508,.F.);
#2318=ORIENTED_EDGE('',*,*,#1482,.T.);
#2319=ORIENTED_EDGE('',*,*,#1463,.F.);
#2320=ORIENTED_EDGE('',*,*,#1723,.F.);
#2321=ORIENTED_EDGE('',*,*,#1724,.T.);
#2322=ORIENTED_EDGE('',*,*,#1484,.F.);
#2323=ORIENTED_EDGE('',*,*,#1510,.F.);
#2324=ORIENTED_EDGE('',*,*,#1725,.T.);
#2325=ORIENTED_EDGE('',*,*,#1726,.F.);
#2326=ORIENTED_EDGE('',*,*,#1727,.T.);
#2327=ORIENTED_EDGE('',*,*,#1540,.F.);
#2328=ORIENTED_EDGE('',*,*,#1728,.T.);
#2329=ORIENTED_EDGE('',*,*,#1729,.T.);
#2330=ORIENTED_EDGE('',*,*,#1725,.F.);
#2331=ORIENTED_EDGE('',*,*,#1509,.F.);
#2332=ORIENTED_EDGE('',*,*,#1723,.T.);
#2333=ORIENTED_EDGE('',*,*,#1462,.T.);
#2334=ORIENTED_EDGE('',*,*,#1730,.T.);
#2335=ORIENTED_EDGE('',*,*,#1731,.T.);
#2336=ORIENTED_EDGE('',*,*,#1732,.T.);
#2337=ORIENTED_EDGE('',*,*,#1733,.T.);
#2338=ORIENTED_EDGE('',*,*,#1734,.T.);
#2339=ORIENTED_EDGE('',*,*,#1735,.T.);
#2340=ORIENTED_EDGE('',*,*,#1736,.T.);
#2341=ORIENTED_EDGE('',*,*,#1619,.F.);
#2342=ORIENTED_EDGE('',*,*,#1617,.F.);
#2343=ORIENTED_EDGE('',*,*,#1435,.T.);
#2344=ORIENTED_EDGE('',*,*,#1737,.F.);
#2345=ORIENTED_EDGE('',*,*,#1715,.F.);
#2346=ORIENTED_EDGE('',*,*,#1710,.T.);
#2347=ORIENTED_EDGE('',*,*,#1637,.T.);
#2348=ORIENTED_EDGE('',*,*,#1638,.T.);
#2349=ORIENTED_EDGE('',*,*,#1639,.T.);
#2350=ORIENTED_EDGE('',*,*,#1640,.T.);
#2351=ORIENTED_EDGE('',*,*,#1738,.T.);
#2352=ORIENTED_EDGE('',*,*,#1739,.T.);
#2353=ORIENTED_EDGE('',*,*,#1740,.T.);
#2354=ORIENTED_EDGE('',*,*,#1741,.T.);
#2355=ORIENTED_EDGE('',*,*,#1742,.T.);
#2356=ORIENTED_EDGE('',*,*,#1743,.T.);
#2357=ORIENTED_EDGE('',*,*,#1744,.T.);
#2358=ORIENTED_EDGE('',*,*,#1745,.T.);
#2359=ORIENTED_EDGE('',*,*,#1731,.F.);
#2360=ORIENTED_EDGE('',*,*,#1746,.T.);
#2361=ORIENTED_EDGE('',*,*,#1747,.T.);
#2362=ORIENTED_EDGE('',*,*,#1748,.T.);
#2363=ORIENTED_EDGE('',*,*,#1721,.T.);
#2364=ORIENTED_EDGE('',*,*,#1749,.T.);
#2365=ORIENTED_EDGE('',*,*,#1461,.T.);
#2366=ORIENTED_EDGE('',*,*,#1750,.T.);
#2367=ORIENTED_EDGE('',*,*,#1746,.F.);
#2368=ORIENTED_EDGE('',*,*,#1730,.F.);
#2369=ORIENTED_EDGE('',*,*,#1460,.T.);
#2370=ORIENTED_EDGE('',*,*,#1751,.T.);
#2371=ORIENTED_EDGE('',*,*,#1747,.F.);
#2372=ORIENTED_EDGE('',*,*,#1750,.F.);
#2373=ORIENTED_EDGE('',*,*,#1459,.T.);
#2374=ORIENTED_EDGE('',*,*,#1722,.T.);
#2375=ORIENTED_EDGE('',*,*,#1748,.F.);
#2376=ORIENTED_EDGE('',*,*,#1751,.F.);
#2377=ORIENTED_EDGE('',*,*,#1743,.F.);
#2378=ORIENTED_EDGE('',*,*,#1752,.T.);
#2379=ORIENTED_EDGE('',*,*,#1451,.F.);
#2380=ORIENTED_EDGE('',*,*,#1753,.F.);
#2381=ORIENTED_EDGE('',*,*,#1744,.F.);
#2382=ORIENTED_EDGE('',*,*,#1753,.T.);
#2383=ORIENTED_EDGE('',*,*,#1450,.F.);
#2384=ORIENTED_EDGE('',*,*,#1754,.F.);
#2385=ORIENTED_EDGE('',*,*,#1745,.F.);
#2386=ORIENTED_EDGE('',*,*,#1754,.T.);
#2387=ORIENTED_EDGE('',*,*,#1449,.F.);
#2388=ORIENTED_EDGE('',*,*,#1755,.F.);
#2389=ORIENTED_EDGE('',*,*,#1742,.F.);
#2390=ORIENTED_EDGE('',*,*,#1755,.T.);
#2391=ORIENTED_EDGE('',*,*,#1448,.F.);
#2392=ORIENTED_EDGE('',*,*,#1752,.F.);
#2393=ORIENTED_EDGE('',*,*,#1739,.F.);
#2394=ORIENTED_EDGE('',*,*,#1756,.T.);
#2395=ORIENTED_EDGE('',*,*,#1447,.F.);
#2396=ORIENTED_EDGE('',*,*,#1757,.F.);
#2397=ORIENTED_EDGE('',*,*,#1740,.F.);
#2398=ORIENTED_EDGE('',*,*,#1757,.T.);
#2399=ORIENTED_EDGE('',*,*,#1446,.F.);
#2400=ORIENTED_EDGE('',*,*,#1758,.F.);
#2401=ORIENTED_EDGE('',*,*,#1741,.F.);
#2402=ORIENTED_EDGE('',*,*,#1758,.T.);
#2403=ORIENTED_EDGE('',*,*,#1445,.F.);
#2404=ORIENTED_EDGE('',*,*,#1759,.F.);
#2405=ORIENTED_EDGE('',*,*,#1738,.F.);
#2406=ORIENTED_EDGE('',*,*,#1759,.T.);
#2407=ORIENTED_EDGE('',*,*,#1444,.F.);
#2408=ORIENTED_EDGE('',*,*,#1756,.F.);
#2409=ORIENTED_EDGE('',*,*,#1477,.F.);
#2410=ORIENTED_EDGE('',*,*,#1442,.T.);
#2411=ORIENTED_EDGE('',*,*,#1760,.T.);
#2412=ORIENTED_EDGE('',*,*,#1479,.F.);
#2413=ORIENTED_EDGE('',*,*,#1481,.F.);
#2414=ORIENTED_EDGE('',*,*,#1412,.T.);
#2415=ORIENTED_EDGE('',*,*,#1761,.F.);
#2416=ORIENTED_EDGE('',*,*,#1762,.T.);
#2417=ORIENTED_EDGE('',*,*,#1734,.F.);
#2418=ORIENTED_EDGE('',*,*,#1660,.F.);
#2419=ORIENTED_EDGE('',*,*,#1717,.F.);
#2420=ORIENTED_EDGE('',*,*,#1763,.T.);
#2421=ORIENTED_EDGE('',*,*,#1433,.F.);
#2422=ORIENTED_EDGE('',*,*,#1416,.T.);
#2423=ORIENTED_EDGE('',*,*,#1434,.T.);
#2424=ORIENTED_EDGE('',*,*,#1763,.F.);
#2425=ORIENTED_EDGE('',*,*,#1716,.F.);
#2426=ORIENTED_EDGE('',*,*,#1737,.T.);
#2427=ORIENTED_EDGE('',*,*,#1764,.T.);
#2428=ORIENTED_EDGE('',*,*,#1765,.T.);
#2429=ORIENTED_EDGE('',*,*,#1766,.T.);
#2430=ORIENTED_EDGE('',*,*,#1767,.T.);
#2431=ORIENTED_EDGE('',*,*,#1768,.T.);
#2432=ORIENTED_EDGE('',*,*,#1769,.T.);
#2433=ORIENTED_EDGE('',*,*,#1770,.T.);
#2434=ORIENTED_EDGE('',*,*,#1732,.F.);
#2435=ORIENTED_EDGE('',*,*,#1749,.F.);
#2436=ORIENTED_EDGE('',*,*,#1720,.F.);
#2437=ORIENTED_EDGE('',*,*,#1771,.F.);
#2438=ORIENTED_EDGE('',*,*,#1772,.T.);
#2439=ORIENTED_EDGE('',*,*,#1719,.F.);
#2440=ORIENTED_EDGE('',*,*,#1718,.F.);
#2441=ORIENTED_EDGE('',*,*,#1659,.F.);
#2442=ORIENTED_EDGE('',*,*,#1773,.F.);
#2443=ORIENTED_EDGE('',*,*,#1774,.T.);
#2444=ORIENTED_EDGE('',*,*,#1764,.F.);
#2445=ORIENTED_EDGE('',*,*,#1772,.F.);
#2446=ORIENTED_EDGE('',*,*,#1775,.F.);
#2447=ORIENTED_EDGE('',*,*,#1776,.T.);
#2448=ORIENTED_EDGE('',*,*,#1765,.F.);
#2449=ORIENTED_EDGE('',*,*,#1774,.F.);
#2450=ORIENTED_EDGE('',*,*,#1777,.F.);
#2451=ORIENTED_EDGE('',*,*,#1778,.T.);
#2452=ORIENTED_EDGE('',*,*,#1766,.F.);
#2453=ORIENTED_EDGE('',*,*,#1776,.F.);
#2454=ORIENTED_EDGE('',*,*,#1779,.F.);
#2455=ORIENTED_EDGE('',*,*,#1780,.F.);
#2456=ORIENTED_EDGE('',*,*,#1781,.T.);
#2457=ORIENTED_EDGE('',*,*,#1768,.F.);
#2458=ORIENTED_EDGE('',*,*,#1782,.F.);
#2459=ORIENTED_EDGE('',*,*,#1783,.T.);
#2460=ORIENTED_EDGE('',*,*,#1769,.F.);
#2461=ORIENTED_EDGE('',*,*,#1781,.F.);
#2462=ORIENTED_EDGE('',*,*,#1784,.F.);
#2463=ORIENTED_EDGE('',*,*,#1785,.T.);
#2464=ORIENTED_EDGE('',*,*,#1770,.F.);
#2465=ORIENTED_EDGE('',*,*,#1783,.F.);
#2466=ORIENTED_EDGE('',*,*,#1786,.F.);
#2467=ORIENTED_EDGE('',*,*,#1661,.T.);
#2468=ORIENTED_EDGE('',*,*,#1733,.F.);
#2469=ORIENTED_EDGE('',*,*,#1785,.F.);
#2470=ORIENTED_EDGE('',*,*,#1658,.T.);
#2471=ORIENTED_EDGE('',*,*,#1786,.T.);
#2472=ORIENTED_EDGE('',*,*,#1784,.T.);
#2473=ORIENTED_EDGE('',*,*,#1782,.T.);
#2474=ORIENTED_EDGE('',*,*,#1780,.T.);
#2475=ORIENTED_EDGE('',*,*,#1787,.T.);
#2476=ORIENTED_EDGE('',*,*,#1777,.T.);
#2477=ORIENTED_EDGE('',*,*,#1775,.T.);
#2478=ORIENTED_EDGE('',*,*,#1773,.T.);
#2479=ORIENTED_EDGE('',*,*,#1771,.T.);
#2480=ORIENTED_EDGE('',*,*,#1694,.F.);
#2481=ORIENTED_EDGE('',*,*,#1507,.F.);
#2482=ORIENTED_EDGE('',*,*,#1695,.F.);
#2483=ORIENTED_EDGE('',*,*,#1506,.F.);
#2484=ORIENTED_EDGE('',*,*,#1696,.F.);
#2485=ORIENTED_EDGE('',*,*,#1505,.F.);
#2486=ORIENTED_EDGE('',*,*,#1697,.F.);
#2487=ORIENTED_EDGE('',*,*,#1504,.F.);
#2488=ORIENTED_EDGE('',*,*,#1595,.F.);
#2489=ORIENTED_EDGE('',*,*,#1604,.T.);
#2490=ORIENTED_EDGE('',*,*,#1542,.F.);
#2491=ORIENTED_EDGE('',*,*,#1618,.F.);
#2492=ORIENTED_EDGE('',*,*,#1564,.F.);
#2493=ORIENTED_EDGE('',*,*,#1610,.F.);
#2494=ORIENTED_EDGE('',*,*,#1788,.T.);
#2495=ORIENTED_EDGE('',*,*,#1547,.F.);
#2496=ORIENTED_EDGE('',*,*,#1551,.T.);
#2497=ORIENTED_EDGE('',*,*,#1562,.F.);
#2498=ORIENTED_EDGE('',*,*,#1497,.F.);
#2499=ORIENTED_EDGE('',*,*,#1580,.F.);
#2500=ORIENTED_EDGE('',*,*,#1578,.F.);
#2501=ORIENTED_EDGE('',*,*,#1548,.F.);
#2502=ORIENTED_EDGE('',*,*,#1788,.F.);
#2503=ORIENTED_EDGE('',*,*,#1609,.F.);
#2504=ORIENTED_EDGE('',*,*,#1583,.F.);
#2505=ORIENTED_EDGE('',*,*,#1588,.F.);
#2506=ORIENTED_EDGE('',*,*,#1555,.F.);
#2507=ORIENTED_EDGE('',*,*,#1603,.F.);
#2508=ORIENTED_EDGE('',*,*,#1605,.F.);
#2509=ORIENTED_EDGE('',*,*,#1789,.F.);
#2510=ORIENTED_EDGE('',*,*,#1789,.T.);
#2511=ORIENTED_EDGE('',*,*,#1589,.F.);
#2512=ORIENTED_EDGE('',*,*,#1606,.F.);
#2513=ORIENTED_EDGE('',*,*,#1590,.F.);
#2514=ORIENTED_EDGE('',*,*,#1607,.F.);
#2515=ORIENTED_EDGE('',*,*,#1608,.F.);
#2516=ORIENTED_EDGE('',*,*,#1790,.F.);
#2517=ORIENTED_EDGE('',*,*,#1790,.T.);
#2518=ORIENTED_EDGE('',*,*,#1791,.T.);
#2519=ORIENTED_EDGE('',*,*,#1708,.T.);
#2520=ORIENTED_EDGE('',*,*,#1714,.F.);
#2521=ORIENTED_EDGE('',*,*,#1792,.T.);
#2522=ORIENTED_EDGE('',*,*,#1793,.T.);
#2523=ORIENTED_EDGE('',*,*,#1620,.T.);
#2524=ORIENTED_EDGE('',*,*,#1736,.F.);
#2525=ORIENTED_EDGE('',*,*,#1794,.F.);
#2526=ORIENTED_EDGE('',*,*,#1795,.T.);
#2527=ORIENTED_EDGE('',*,*,#1726,.T.);
#2528=ORIENTED_EDGE('',*,*,#1729,.F.);
#2529=ORIENTED_EDGE('',*,*,#1796,.T.);
#2530=ORIENTED_EDGE('',*,*,#1797,.T.);
#2531=ORIENTED_EDGE('',*,*,#1798,.T.);
#2532=ORIENTED_EDGE('',*,*,#1796,.F.);
#2533=ORIENTED_EDGE('',*,*,#1728,.F.);
#2534=ORIENTED_EDGE('',*,*,#1539,.F.);
#2535=ORIENTED_EDGE('',*,*,#1486,.T.);
#2536=ORIENTED_EDGE('',*,*,#1799,.T.);
#2537=ORIENTED_EDGE('',*,*,#1794,.T.);
#2538=ORIENTED_EDGE('',*,*,#1735,.F.);
#2539=ORIENTED_EDGE('',*,*,#1762,.F.);
#2540=ORIENTED_EDGE('',*,*,#1441,.F.);
#2541=ORIENTED_EDGE('',*,*,#1466,.T.);
#2542=ORIENTED_EDGE('',*,*,#1480,.F.);
#2543=ORIENTED_EDGE('',*,*,#1760,.F.);
#2544=ORIENTED_EDGE('',*,*,#1800,.T.);
#2545=ORIENTED_EDGE('',*,*,#1801,.T.);
#2546=ORIENTED_EDGE('',*,*,#1792,.F.);
#2547=ORIENTED_EDGE('',*,*,#1713,.F.);
#2548=ORIENTED_EDGE('',*,*,#1518,.F.);
#2549=ORIENTED_EDGE('',*,*,#1635,.T.);
#2550=ORIENTED_EDGE('',*,*,#1474,.T.);
#2551=ORIENTED_EDGE('',*,*,#1411,.T.);
#2552=ORIENTED_EDGE('',*,*,#1439,.T.);
#2553=ORIENTED_EDGE('',*,*,#1421,.T.);
#2554=ORIENTED_EDGE('',*,*,#1425,.T.);
#2555=ORIENTED_EDGE('',*,*,#1621,.F.);
#2556=ORIENTED_EDGE('',*,*,#1793,.F.);
#2557=ORIENTED_EDGE('',*,*,#1799,.F.);
#2558=ORIENTED_EDGE('',*,*,#1761,.T.);
#2559=ORIENTED_EDGE('',*,*,#1798,.F.);
#2560=ORIENTED_EDGE('',*,*,#1802,.T.);
#2561=ORIENTED_EDGE('',*,*,#1727,.F.);
#2562=ORIENTED_EDGE('',*,*,#1795,.F.);
#2563=ORIENTED_EDGE('',*,*,#1797,.F.);
#2564=ORIENTED_EDGE('',*,*,#1485,.T.);
#2565=ORIENTED_EDGE('',*,*,#1724,.F.);
#2566=ORIENTED_EDGE('',*,*,#1802,.F.);
#2567=ORIENTED_EDGE('',*,*,#1709,.F.);
#2568=ORIENTED_EDGE('',*,*,#1791,.F.);
#2569=ORIENTED_EDGE('',*,*,#1801,.F.);
#2570=ORIENTED_EDGE('',*,*,#1803,.F.);
#2571=ORIENTED_EDGE('',*,*,#1418,.T.);
#2572=ORIENTED_EDGE('',*,*,#1437,.T.);
#2573=ORIENTED_EDGE('',*,*,#1427,.T.);
#2574=ORIENTED_EDGE('',*,*,#1467,.F.);
#2575=ORIENTED_EDGE('',*,*,#1706,.F.);
#2576=ORIENTED_EDGE('',*,*,#1803,.T.);
#2577=ORIENTED_EDGE('',*,*,#1800,.F.);
#2578=ORIENTED_EDGE('',*,*,#1473,.F.);
#2579=ORIENTED_EDGE('',*,*,#1779,.T.);
#2580=ORIENTED_EDGE('',*,*,#1767,.F.);
#2581=ORIENTED_EDGE('',*,*,#1778,.F.);
#2582=ORIENTED_EDGE('',*,*,#1787,.F.);
#2583=ORIENTED_EDGE('',*,*,#1652,.F.);
#2584=ORIENTED_EDGE('',*,*,#1668,.F.);
#2585=ORIENTED_EDGE('',*,*,#1667,.F.);
#2586=ORIENTED_EDGE('',*,*,#1656,.T.);
#2587=ORIENTED_EDGE('',*,*,#1680,.F.);
#2588=ORIENTED_EDGE('',*,*,#1804,.T.);
#2589=ORIENTED_EDGE('',*,*,#1805,.F.);
#2590=ORIENTED_EDGE('',*,*,#1684,.F.);
#2591=ORIENTED_EDGE('',*,*,#1678,.F.);
#2592=ORIENTED_EDGE('',*,*,#1683,.T.);
#2593=ORIENTED_EDGE('',*,*,#1806,.F.);
#2594=ORIENTED_EDGE('',*,*,#1804,.F.);
#2595=ORIENTED_EDGE('',*,*,#1685,.T.);
#2596=ORIENTED_EDGE('',*,*,#1805,.T.);
#2597=ORIENTED_EDGE('',*,*,#1806,.T.);
#2598=ORIENTED_EDGE('',*,*,#1682,.T.);
#2599=PLANE('',#2818);
#2600=PLANE('',#2819);
#2601=PLANE('',#2820);
#2602=PLANE('',#2821);
#2603=PLANE('',#2822);
#2604=PLANE('',#2823);
#2605=PLANE('',#2824);
#2606=PLANE('',#2825);
#2607=PLANE('',#2829);
#2608=PLANE('',#2841);
#2609=PLANE('',#2846);
#2610=PLANE('',#2854);
#2611=PLANE('',#2872);
#2612=PLANE('',#2876);
#2613=PLANE('',#2905);
#2614=PLANE('',#2909);
#2615=PLANE('',#2910);
#2616=PLANE('',#2914);
#2617=PLANE('',#2917);
#2618=PLANE('',#2930);
#2619=PLANE('',#2934);
#2620=PLANE('',#2941);
#2621=PLANE('',#2943);
#2622=PLANE('',#2947);
#2623=PLANE('',#2948);
#2624=PLANE('',#2949);
#2625=PLANE('',#2963);
#2626=PLANE('',#2988);
#2627=PLANE('',#2990);
#2628=PLANE('',#2999);
#2629=PLANE('',#3001);
#2630=PLANE('',#3003);
#2631=PLANE('',#3005);
#2632=PLANE('',#3007);
#2633=PLANE('',#3008);
#2634=PLANE('',#3009);
#2635=PLANE('',#3010);
#2636=PLANE('',#3011);
#2637=PLANE('',#3012);
#2638=PLANE('',#3013);
#2639=PLANE('',#3014);
#2640=PLANE('',#3015);
#2641=PLANE('',#3023);
#2642=PLANE('',#3025);
#2643=PLANE('',#3027);
#2644=PLANE('',#3029);
#2645=PLANE('',#3031);
#2646=PLANE('',#3033);
#2647=PLANE('',#3034);
#2648=PLANE('',#3035);
#2649=PLANE('',#3040);
#2650=PLANE('',#3045);
#2651=PLANE('',#3046);
#2652=PLANE('',#3047);
#2653=PLANE('',#3056);
#2654=PLANE('',#3057);
#2655=PLANE('',#3058);
#2656=PLANE('',#3059);
#2657=PLANE('',#3060);
#2658=PLANE('',#3061);
#2659=PLANE('',#3062);
#2660=PLANE('',#3063);
#2661=PLANE('',#3064);
#2662=PLANE('',#3065);
#2663=PLANE('',#3066);
#2664=PLANE('',#3067);
#2665=PLANE('',#3068);
#2666=PLANE('',#3069);
#2667=PLANE('',#3070);
#2668=ADVANCED_FACE('',(#310),#2599,.F.);
#2669=ADVANCED_FACE('',(#311),#2600,.F.);
#2670=ADVANCED_FACE('',(#312),#2601,.F.);
#2671=ADVANCED_FACE('',(#313),#2602,.F.);
#2672=ADVANCED_FACE('',(#314),#2603,.F.);
#2673=ADVANCED_FACE('',(#315),#2604,.F.);
#2674=ADVANCED_FACE('',(#316),#2605,.T.);
#2675=ADVANCED_FACE('',(#317),#2606,.T.);
#2676=ADVANCED_FACE('',(#318),#257,.F.);
#2677=ADVANCED_FACE('',(#69,#70,#71,#72,#73,#74,#75),#2607,.F.);
#2678=ADVANCED_FACE('',(#319),#2608,.T.);
#2679=ADVANCED_FACE('',(#320),#258,.F.);
#2680=ADVANCED_FACE('',(#321),#2609,.T.);
#2681=ADVANCED_FACE('',(#322,#76),#259,.F.);
#2682=ADVANCED_FACE('',(#323,#77),#260,.F.);
#2683=ADVANCED_FACE('',(#78,#79,#80,#81,#82,#83,#84,#85,#86,#87,#88),#2610,
 .T.);
#2684=ADVANCED_FACE('',(#324),#261,.F.);
#2685=ADVANCED_FACE('',(#325),#2611,.F.);
#2686=ADVANCED_FACE('',(#326),#262,.F.);
#2687=ADVANCED_FACE('',(#327),#2612,.F.);
#2688=ADVANCED_FACE('',(#328),#263,.F.);
#2689=ADVANCED_FACE('',(#329),#264,.F.);
#2690=ADVANCED_FACE('',(#330),#265,.T.);
#2691=ADVANCED_FACE('',(#331),#266,.T.);
#2692=ADVANCED_FACE('',(#332),#33,.T.);
#2693=ADVANCED_FACE('',(#333),#31,.T.);
#2694=ADVANCED_FACE('',(#334),#267,.T.);
#2695=ADVANCED_FACE('',(#335),#34,.T.);
#2696=ADVANCED_FACE('',(#336),#32,.T.);
#2697=ADVANCED_FACE('',(#337),#268,.F.);
#2698=ADVANCED_FACE('',(#338,#89,#90),#2613,.T.);
#2699=ADVANCED_FACE('',(#339),#2614,.T.);
#2700=ADVANCED_FACE('',(#340),#2615,.T.);
#2701=ADVANCED_FACE('',(#341),#269,.T.);
#2702=ADVANCED_FACE('',(#342),#2616,.T.);
#2703=ADVANCED_FACE('',(#343),#270,.F.);
#2704=ADVANCED_FACE('',(#344,#91,#92,#93,#94),#2617,.F.);
#2705=ADVANCED_FACE('',(#345),#271,.T.);
#2706=ADVANCED_FACE('',(#346,#95),#272,.F.);
#2707=ADVANCED_FACE('',(#347,#96),#273,.F.);
#2708=ADVANCED_FACE('',(#348),#2618,.T.);
#2709=ADVANCED_FACE('',(#349),#274,.F.);
#2710=ADVANCED_FACE('',(#350),#2619,.T.);
#2711=ADVANCED_FACE('',(#351,#97),#275,.F.);
#2712=ADVANCED_FACE('',(#352,#98),#276,.F.);
#2713=ADVANCED_FACE('',(#353,#99),#277,.F.);
#2714=ADVANCED_FACE('',(#354),#2620,.T.);
#2715=ADVANCED_FACE('',(#355),#2621,.T.);
#2716=ADVANCED_FACE('',(#356),#278,.T.);
#2717=ADVANCED_FACE('',(#100,#101),#2622,.F.);
#2718=ADVANCED_FACE('',(#102,#103,#104),#2623,.T.);
#2719=ADVANCED_FACE('',(#357),#2624,.F.);
#2720=ADVANCED_FACE('',(#358),#279,.F.);
#2721=ADVANCED_FACE('',(#359,#105),#280,.F.);
#2722=ADVANCED_FACE('',(#360,#106),#281,.F.);
#2723=ADVANCED_FACE('',(#361,#107),#282,.F.);
#2724=ADVANCED_FACE('',(#362,#108),#283,.F.);
#2725=ADVANCED_FACE('',(#363),#16,.T.);
#2726=ADVANCED_FACE('',(#364),#17,.T.);
#2727=ADVANCED_FACE('',(#365),#18,.T.);
#2728=ADVANCED_FACE('',(#366),#19,.T.);
#2729=ADVANCED_FACE('',(#367),#2625,.T.);
#2730=ADVANCED_FACE('',(#368),#284,.T.);
#2731=ADVANCED_FACE('',(#369,#109),#20,.F.);
#2732=ADVANCED_FACE('',(#370),#35,.F.);
#2733=ADVANCED_FACE('',(#371),#285,.F.);
#2734=ADVANCED_FACE('',(#372),#36,.F.);
#2735=ADVANCED_FACE('',(#373),#286,.F.);
#2736=ADVANCED_FACE('',(#374),#287,.T.);
#2737=ADVANCED_FACE('',(#375),#37,.T.);
#2738=ADVANCED_FACE('',(#376),#288,.T.);
#2739=ADVANCED_FACE('',(#377),#38,.T.);
#2740=ADVANCED_FACE('',(#378),#289,.T.);
#2741=ADVANCED_FACE('',(#379),#2626,.F.);
#2742=ADVANCED_FACE('',(#380),#290,.F.);
#2743=ADVANCED_FACE('',(#110,#111,#112,#113,#114,#115,#116,#117,#118,#119),
#2627,.F.);
#2744=ADVANCED_FACE('',(#381),#2628,.T.);
#2745=ADVANCED_FACE('',(#382),#291,.T.);
#2746=ADVANCED_FACE('',(#383),#2629,.T.);
#2747=ADVANCED_FACE('',(#384),#292,.T.);
#2748=ADVANCED_FACE('',(#385),#2630,.T.);
#2749=ADVANCED_FACE('',(#386),#293,.T.);
#2750=ADVANCED_FACE('',(#387),#2631,.T.);
#2751=ADVANCED_FACE('',(#388),#294,.T.);
#2752=ADVANCED_FACE('',(#389),#2632,.T.);
#2753=ADVANCED_FACE('',(#390),#2633,.T.);
#2754=ADVANCED_FACE('',(#391),#2634,.T.);
#2755=ADVANCED_FACE('',(#392),#2635,.T.);
#2756=ADVANCED_FACE('',(#393),#2636,.T.);
#2757=ADVANCED_FACE('',(#394),#2637,.T.);
#2758=ADVANCED_FACE('',(#395),#2638,.T.);
#2759=ADVANCED_FACE('',(#396),#2639,.F.);
#2760=ADVANCED_FACE('',(#120,#121,#122,#123,#124,#125,#126),#2640,.T.);
#2761=ADVANCED_FACE('',(#397),#295,.T.);
#2762=ADVANCED_FACE('',(#398),#2641,.T.);
#2763=ADVANCED_FACE('',(#399),#296,.T.);
#2764=ADVANCED_FACE('',(#400),#2642,.F.);
#2765=ADVANCED_FACE('',(#401),#297,.F.);
#2766=ADVANCED_FACE('',(#402),#2643,.F.);
#2767=ADVANCED_FACE('',(#403),#298,.F.);
#2768=ADVANCED_FACE('',(#404),#2644,.F.);
#2769=ADVANCED_FACE('',(#405),#299,.F.);
#2770=ADVANCED_FACE('',(#406),#2645,.F.);
#2771=ADVANCED_FACE('',(#407),#300,.F.);
#2772=ADVANCED_FACE('',(#408),#2646,.T.);
#2773=ADVANCED_FACE('',(#409),#2647,.T.);
#2774=ADVANCED_FACE('',(#410),#2648,.T.);
#2775=ADVANCED_FACE('',(#411),#21,.F.);
#2776=ADVANCED_FACE('',(#412),#22,.F.);
#2777=ADVANCED_FACE('',(#413),#23,.F.);
#2778=ADVANCED_FACE('',(#414),#24,.F.);
#2779=ADVANCED_FACE('',(#415),#25,.F.);
#2780=ADVANCED_FACE('',(#416),#26,.F.);
#2781=ADVANCED_FACE('',(#417),#27,.F.);
#2782=ADVANCED_FACE('',(#418),#28,.F.);
#2783=ADVANCED_FACE('',(#419),#2649,.F.);
#2784=ADVANCED_FACE('',(#420,#127),#301,.F.);
#2785=ADVANCED_FACE('',(#421,#128),#302,.F.);
#2786=ADVANCED_FACE('',(#422,#129),#303,.F.);
#2787=ADVANCED_FACE('',(#423,#130),#304,.F.);
#2788=ADVANCED_FACE('',(#424),#2650,.F.);
#2789=ADVANCED_FACE('',(#425),#2651,.T.);
#2790=ADVANCED_FACE('',(#426),#2652,.F.);
#2791=ADVANCED_FACE('',(#427,#131),#305,.F.);
#2792=ADVANCED_FACE('',(#428),#14,.F.);
#2793=ADVANCED_FACE('',(#429,#132),#306,.F.);
#2794=ADVANCED_FACE('',(#430,#133),#307,.F.);
#2795=ADVANCED_FACE('',(#431,#134),#308,.F.);
#2796=ADVANCED_FACE('',(#432),#15,.F.);
#2797=ADVANCED_FACE('',(#433),#2653,.F.);
#2798=ADVANCED_FACE('',(#434),#2654,.F.);
#2799=ADVANCED_FACE('',(#435),#2655,.F.);
#2800=ADVANCED_FACE('',(#436),#2656,.T.);
#2801=ADVANCED_FACE('',(#437),#2657,.T.);
#2802=ADVANCED_FACE('',(#438),#2658,.T.);
#2803=ADVANCED_FACE('',(#439),#2659,.T.);
#2804=ADVANCED_FACE('',(#440),#2660,.T.);
#2805=ADVANCED_FACE('',(#441),#2661,.T.);
#2806=ADVANCED_FACE('',(#442),#2662,.T.);
#2807=ADVANCED_FACE('',(#443),#2663,.T.);
#2808=ADVANCED_FACE('',(#444),#2664,.T.);
#2809=ADVANCED_FACE('',(#445),#2665,.T.);
#2810=ADVANCED_FACE('',(#446),#29,.F.);
#2811=ADVANCED_FACE('',(#447),#2666,.T.);
#2812=ADVANCED_FACE('',(#448),#2667,.F.);
#2813=ADVANCED_FACE('',(#449),#309,.F.);
#2814=ADVANCED_FACE('',(#450),#30,.F.);
#2815=CLOSED_SHELL('',(#2668,#2669,#2670,#2671,#2672,#2673,#2674,#2675,
#2676,#2677,#2678,#2679,#2680,#2681,#2682,#2683,#2684,#2685,#2686,#2687,
#2688,#2689,#2690,#2691,#2692,#2693,#2694,#2695,#2696,#2697,#2698,#2699,
#2700,#2701,#2702,#2703,#2704,#2705,#2706,#2707,#2708,#2709,#2710,#2711,
#2712,#2713,#2714,#2715,#2716,#2717,#2718,#2719,#2720,#2721,#2722,#2723,
#2724,#2725,#2726,#2727,#2728,#2729,#2730,#2731,#2732,#2733,#2734,#2735,
#2736,#2737,#2738,#2739,#2740,#2741,#2742,#2743,#2744,#2745,#2746,#2747,
#2748,#2749,#2750,#2751,#2752,#2753,#2754,#2755,#2756,#2757,#2758,#2759,
#2760,#2761,#2762,#2763,#2764,#2765,#2766,#2767,#2768,#2769,#2770,#2771,
#2772,#2773,#2774,#2775,#2776,#2777,#2778,#2779,#2780,#2781,#2782,#2783,
#2784,#2785,#2786,#2787,#2788,#2789,#2790,#2791,#2792,#2793,#2794,#2795,
#2796,#2797,#2798,#2799,#2800,#2801,#2802,#2803,#2804,#2805,#2806,#2807,
#2808,#2809,#2810,#2811,#2812,#2813,#2814));
#2816=MANIFOLD_SOLID_BREP('Volumenk\X\F6rper1',#2815);
#2817=AXIS2_PLACEMENT_3D('placement',#3826,#3072,#3073);
#2818=AXIS2_PLACEMENT_3D('',#3827,#3074,#3075);
#2819=AXIS2_PLACEMENT_3D('',#3836,#3080,#3081);
#2820=AXIS2_PLACEMENT_3D('',#3845,#3086,#3087);
#2821=AXIS2_PLACEMENT_3D('',#3854,#3092,#3093);
#2822=AXIS2_PLACEMENT_3D('',#3860,#3097,#3098);
#2823=AXIS2_PLACEMENT_3D('',#3869,#3103,#3104);
#2824=AXIS2_PLACEMENT_3D('',#3875,#3108,#3109);
#2825=AXIS2_PLACEMENT_3D('',#3884,#3115,#3116);
#2826=AXIS2_PLACEMENT_3D('',#3887,#3119,#3120);
#2827=AXIS2_PLACEMENT_3D('',#3890,#3121,#3122);
#2828=AXIS2_PLACEMENT_3D('',#3894,#3124,#3125);
#2829=AXIS2_PLACEMENT_3D('',#3896,#3127,#3128);
#2830=AXIS2_PLACEMENT_3D('',#3899,#3129,#3130);
#2831=AXIS2_PLACEMENT_3D('',#3903,#3132,#3133);
#2832=AXIS2_PLACEMENT_3D('',#3907,#3135,#3136);
#2833=AXIS2_PLACEMENT_3D('',#3911,#3138,#3139);
#2834=AXIS2_PLACEMENT_3D('',#3914,#3141,#3142);
#2835=AXIS2_PLACEMENT_3D('',#3916,#3143,#3144);
#2836=AXIS2_PLACEMENT_3D('',#3918,#3145,#3146);
#2837=AXIS2_PLACEMENT_3D('',#3920,#3147,#3148);
#2838=AXIS2_PLACEMENT_3D('',#3928,#3152,#3153);
#2839=AXIS2_PLACEMENT_3D('',#3932,#3155,#3156);
#2840=AXIS2_PLACEMENT_3D('',#3940,#3160,#3161);
#2841=AXIS2_PLACEMENT_3D('',#3942,#3163,#3164);
#2842=AXIS2_PLACEMENT_3D('',#3951,#3169,#3170);
#2843=AXIS2_PLACEMENT_3D('',#3959,#3174,#3175);
#2844=AXIS2_PLACEMENT_3D('',#3962,#3178,#3179);
#2845=AXIS2_PLACEMENT_3D('',#3966,#3181,#3182);
#2846=AXIS2_PLACEMENT_3D('',#3968,#3184,#3185);
#2847=AXIS2_PLACEMENT_3D('',#3985,#3194,#3195);
#2848=AXIS2_PLACEMENT_3D('',#3991,#3199,#3200);
#2849=AXIS2_PLACEMENT_3D('',#3993,#3201,#3202);
#2850=AXIS2_PLACEMENT_3D('',#3995,#3203,#3204);
#2851=AXIS2_PLACEMENT_3D('',#3996,#3205,#3206);
#2852=AXIS2_PLACEMENT_3D('',#3998,#3207,#3208);
#2853=AXIS2_PLACEMENT_3D('',#4000,#3209,#3210);
#2854=AXIS2_PLACEMENT_3D('',#4001,#3211,#3212);
#2855=AXIS2_PLACEMENT_3D('',#4022,#3217,#3218);
#2856=AXIS2_PLACEMENT_3D('',#4024,#3219,#3220);
#2857=AXIS2_PLACEMENT_3D('',#4026,#3221,#3222);
#2858=AXIS2_PLACEMENT_3D('',#4028,#3223,#3224);
#2859=AXIS2_PLACEMENT_3D('',#4030,#3225,#3226);
#2860=AXIS2_PLACEMENT_3D('',#4032,#3227,#3228);
#2861=AXIS2_PLACEMENT_3D('',#4062,#3244,#3245);
#2862=AXIS2_PLACEMENT_3D('',#4066,#3247,#3248);
#2863=AXIS2_PLACEMENT_3D('',#4070,#3250,#3251);
#2864=AXIS2_PLACEMENT_3D('',#4073,#3253,#3254);
#2865=AXIS2_PLACEMENT_3D('',#4077,#3256,#3257);
#2866=AXIS2_PLACEMENT_3D('',#4081,#3259,#3260);
#2867=AXIS2_PLACEMENT_3D('',#4085,#3262,#3263);
#2868=AXIS2_PLACEMENT_3D('',#4096,#3269,#3270);
#2869=AXIS2_PLACEMENT_3D('',#4102,#3274,#3275);
#2870=AXIS2_PLACEMENT_3D('',#4105,#3276,#3277);
#2871=AXIS2_PLACEMENT_3D('',#4109,#3279,#3280);
#2872=AXIS2_PLACEMENT_3D('',#4111,#3282,#3283);
#2873=AXIS2_PLACEMENT_3D('',#4117,#3287,#3288);
#2874=AXIS2_PLACEMENT_3D('',#4120,#3289,#3290);
#2875=AXIS2_PLACEMENT_3D('',#4124,#3292,#3293);
#2876=AXIS2_PLACEMENT_3D('',#4126,#3295,#3296);
#2877=AXIS2_PLACEMENT_3D('',#4132,#3300,#3301);
#2878=AXIS2_PLACEMENT_3D('',#4133,#3302,#3303);
#2879=AXIS2_PLACEMENT_3D('',#4134,#3304,#3305);
#2880=AXIS2_PLACEMENT_3D('',#4135,#3306,#3307);
#2881=AXIS2_PLACEMENT_3D('',#4136,#3308,#3309);
#2882=AXIS2_PLACEMENT_3D('',#4137,#3310,#3311);
#2883=AXIS2_PLACEMENT_3D('',#4138,#3312,#3313);
#2884=AXIS2_PLACEMENT_3D('',#4141,#3314,#3315);
#2885=AXIS2_PLACEMENT_3D('',#4145,#3317,#3318);
#2886=AXIS2_PLACEMENT_3D('',#4147,#3320,#3321);
#2887=AXIS2_PLACEMENT_3D('',#4150,#3322,#3323);
#2888=AXIS2_PLACEMENT_3D('',#4154,#3325,#3326);
#2889=AXIS2_PLACEMENT_3D('',#4156,#3328,#3329);
#2890=AXIS2_PLACEMENT_3D('',#4158,#3330,#3331);
#2891=AXIS2_PLACEMENT_3D('',#4159,#3332,#3333);
#2892=AXIS2_PLACEMENT_3D('',#4160,#3334,#3335);
#2893=AXIS2_PLACEMENT_3D('',#4161,#3336,#3337);
#2894=AXIS2_PLACEMENT_3D('',#4162,#3338,#3339);
#2895=AXIS2_PLACEMENT_3D('',#4163,#3340,#3341);
#2896=AXIS2_PLACEMENT_3D('',#4166,#3342,#3343);
#2897=AXIS2_PLACEMENT_3D('',#4169,#3345,#3346);
#2898=AXIS2_PLACEMENT_3D('',#4171,#3348,#3349);
#2899=AXIS2_PLACEMENT_3D('',#4172,#3350,#3351);
#2900=AXIS2_PLACEMENT_3D('',#4173,#3352,#3353);
#2901=AXIS2_PLACEMENT_3D('',#4174,#3354,#3355);
#2902=AXIS2_PLACEMENT_3D('',#4175,#3356,#3357);
#2903=AXIS2_PLACEMENT_3D('',#4176,#3358,#3359);
#2904=AXIS2_PLACEMENT_3D('',#4180,#3361,#3362);
#2905=AXIS2_PLACEMENT_3D('',#4182,#3364,#3365);
#2906=AXIS2_PLACEMENT_3D('',#4186,#3367,#3368);
#2907=AXIS2_PLACEMENT_3D('',#4190,#3371,#3372);
#2908=AXIS2_PLACEMENT_3D('',#4192,#3373,#3374);
#2909=AXIS2_PLACEMENT_3D('',#4193,#3375,#3376);
#2910=AXIS2_PLACEMENT_3D('',#4196,#3379,#3380);
#2911=AXIS2_PLACEMENT_3D('',#4204,#3384,#3385);
#2912=AXIS2_PLACEMENT_3D('',#4206,#3387,#3388);
#2913=AXIS2_PLACEMENT_3D('',#4209,#3390,#3391);
#2914=AXIS2_PLACEMENT_3D('',#4210,#3392,#3393);
#2915=AXIS2_PLACEMENT_3D('',#4214,#3396,#3397);
#2916=AXIS2_PLACEMENT_3D('',#4215,#3398,#3399);
#2917=AXIS2_PLACEMENT_3D('',#4216,#3400,#3401);
#2918=AXIS2_PLACEMENT_3D('',#4220,#3404,#3405);
#2919=AXIS2_PLACEMENT_3D('',#4222,#3406,#3407);
#2920=AXIS2_PLACEMENT_3D('',#4224,#3408,#3409);
#2921=AXIS2_PLACEMENT_3D('',#4226,#3410,#3411);
#2922=AXIS2_PLACEMENT_3D('',#4227,#3412,#3413);
#2923=AXIS2_PLACEMENT_3D('',#4229,#3414,#3415);
#2924=AXIS2_PLACEMENT_3D('',#4231,#3417,#3418);
#2925=AXIS2_PLACEMENT_3D('',#4233,#3419,#3420);
#2926=AXIS2_PLACEMENT_3D('',#4235,#3421,#3422);
#2927=AXIS2_PLACEMENT_3D('',#4236,#3423,#3424);
#2928=AXIS2_PLACEMENT_3D('',#4238,#3425,#3426);
#2929=AXIS2_PLACEMENT_3D('',#4240,#3427,#3428);
#2930=AXIS2_PLACEMENT_3D('',#4241,#3429,#3430);
#2931=AXIS2_PLACEMENT_3D('',#4242,#3431,#3432);
#2932=AXIS2_PLACEMENT_3D('',#4243,#3433,#3434);
#2933=AXIS2_PLACEMENT_3D('',#4244,#3435,#3436);
#2934=AXIS2_PLACEMENT_3D('',#4247,#3439,#3440);
#2935=AXIS2_PLACEMENT_3D('',#4253,#3444,#3445);
#2936=AXIS2_PLACEMENT_3D('',#4255,#3446,#3447);
#2937=AXIS2_PLACEMENT_3D('',#4256,#3448,#3449);
#2938=AXIS2_PLACEMENT_3D('',#4258,#3450,#3451);
#2939=AXIS2_PLACEMENT_3D('',#4259,#3452,#3453);
#2940=AXIS2_PLACEMENT_3D('',#4261,#3454,#3455);
#2941=AXIS2_PLACEMENT_3D('',#4262,#3456,#3457);
#2942=AXIS2_PLACEMENT_3D('',#4265,#3459,#3460);
#2943=AXIS2_PLACEMENT_3D('',#4267,#3462,#3463);
#2944=AXIS2_PLACEMENT_3D('',#4271,#3466,#3467);
#2945=AXIS2_PLACEMENT_3D('',#4272,#3468,#3469);
#2946=AXIS2_PLACEMENT_3D('',#4274,#3470,#3471);
#2947=AXIS2_PLACEMENT_3D('',#4276,#3473,#3474);
#2948=AXIS2_PLACEMENT_3D('',#4278,#3476,#3477);
#2949=AXIS2_PLACEMENT_3D('',#4281,#3480,#3481);
#2950=AXIS2_PLACEMENT_3D('',#4283,#3483,#3484);
#2951=AXIS2_PLACEMENT_3D('',#4284,#3485,#3486);
#2952=AXIS2_PLACEMENT_3D('',#4286,#3487,#3488);
#2953=AXIS2_PLACEMENT_3D('',#4287,#3489,#3490);
#2954=AXIS2_PLACEMENT_3D('',#4289,#3491,#3492);
#2955=AXIS2_PLACEMENT_3D('',#4290,#3493,#3494);
#2956=AXIS2_PLACEMENT_3D('',#4292,#3495,#3496);
#2957=AXIS2_PLACEMENT_3D('',#4293,#3497,#3498);
#2958=AXIS2_PLACEMENT_3D('',#4295,#3499,#3500);
#2959=AXIS2_PLACEMENT_3D('',#4358,#3501,#3502);
#2960=AXIS2_PLACEMENT_3D('',#4371,#3503,#3504);
#2961=AXIS2_PLACEMENT_3D('',#4449,#3505,#3506);
#2962=AXIS2_PLACEMENT_3D('',#4583,#3507,#3508);
#2963=AXIS2_PLACEMENT_3D('',#4734,#3509,#3510);
#2964=AXIS2_PLACEMENT_3D('',#4740,#3514,#3515);
#2965=AXIS2_PLACEMENT_3D('',#4743,#3517,#3518);
#2966=AXIS2_PLACEMENT_3D('',#4810,#3521,#3522);
#2967=AXIS2_PLACEMENT_3D('',#4812,#3523,#3524);
#2968=AXIS2_PLACEMENT_3D('',#4813,#3525,#3526);
#2969=AXIS2_PLACEMENT_3D('',#4814,#3527,#3528);
#2970=AXIS2_PLACEMENT_3D('',#4815,#3529,#3530);
#2971=AXIS2_PLACEMENT_3D('',#4816,#3531,#3532);
#2972=AXIS2_PLACEMENT_3D('',#4817,#3533,#3534);
#2973=AXIS2_PLACEMENT_3D('',#4818,#3535,#3536);
#2974=AXIS2_PLACEMENT_3D('',#4819,#3537,#3538);
#2975=AXIS2_PLACEMENT_3D('',#4821,#3540,#3541);
#2976=AXIS2_PLACEMENT_3D('',#4823,#3543,#3544);
#2977=AXIS2_PLACEMENT_3D('',#4826,#3545,#3546);
#2978=AXIS2_PLACEMENT_3D('',#4828,#3547,#3548);
#2979=AXIS2_PLACEMENT_3D('',#4830,#3549,#3550);
#2980=AXIS2_PLACEMENT_3D('',#4831,#3551,#3552);
#2981=AXIS2_PLACEMENT_3D('',#4832,#3553,#3554);
#2982=AXIS2_PLACEMENT_3D('',#4835,#3555,#3556);
#2983=AXIS2_PLACEMENT_3D('',#4838,#3559,#3560);
#2984=AXIS2_PLACEMENT_3D('',#4841,#3561,#3562);
#2985=AXIS2_PLACEMENT_3D('',#4842,#3563,#3564);
#2986=AXIS2_PLACEMENT_3D('',#4843,#3565,#3566);
#2987=AXIS2_PLACEMENT_3D('',#4844,#3567,#3568);
#2988=AXIS2_PLACEMENT_3D('',#4847,#3571,#3572);
#2989=AXIS2_PLACEMENT_3D('',#4862,#3575,#3576);
#2990=AXIS2_PLACEMENT_3D('',#4891,#3578,#3579);
#2991=AXIS2_PLACEMENT_3D('',#4896,#3581,#3582);
#2992=AXIS2_PLACEMENT_3D('',#4900,#3584,#3585);
#2993=AXIS2_PLACEMENT_3D('',#4904,#3587,#3588);
#2994=AXIS2_PLACEMENT_3D('',#4907,#3590,#3591);
#2995=AXIS2_PLACEMENT_3D('',#4909,#3592,#3593);
#2996=AXIS2_PLACEMENT_3D('',#4911,#3594,#3595);
#2997=AXIS2_PLACEMENT_3D('',#4913,#3596,#3597);
#2998=AXIS2_PLACEMENT_3D('',#4915,#3598,#3599);
#2999=AXIS2_PLACEMENT_3D('',#4916,#3600,#3601);
#3000=AXIS2_PLACEMENT_3D('',#4919,#3604,#3605);
#3001=AXIS2_PLACEMENT_3D('',#4921,#3607,#3608);
#3002=AXIS2_PLACEMENT_3D('',#4923,#3610,#3611);
#3003=AXIS2_PLACEMENT_3D('',#4925,#3613,#3614);
#3004=AXIS2_PLACEMENT_3D('',#4927,#3616,#3617);
#3005=AXIS2_PLACEMENT_3D('',#4929,#3619,#3620);
#3006=AXIS2_PLACEMENT_3D('',#4931,#3622,#3623);
#3007=AXIS2_PLACEMENT_3D('',#4932,#3624,#3625);
#3008=AXIS2_PLACEMENT_3D('',#4940,#3630,#3631);
#3009=AXIS2_PLACEMENT_3D('',#4944,#3634,#3635);
#3010=AXIS2_PLACEMENT_3D('',#4946,#3637,#3638);
#3011=AXIS2_PLACEMENT_3D('',#4964,#3649,#3650);
#3012=AXIS2_PLACEMENT_3D('',#4966,#3652,#3653);
#3013=AXIS2_PLACEMENT_3D('',#4974,#3658,#3659);
#3014=AXIS2_PLACEMENT_3D('',#4990,#3669,#3670);
#3015=AXIS2_PLACEMENT_3D('',#4992,#3672,#3673);
#3016=AXIS2_PLACEMENT_3D('',#4995,#3674,#3675);
#3017=AXIS2_PLACEMENT_3D('',#4999,#3677,#3678);
#3018=AXIS2_PLACEMENT_3D('',#5003,#3680,#3681);
#3019=AXIS2_PLACEMENT_3D('',#5007,#3683,#3684);
#3020=AXIS2_PLACEMENT_3D('',#5010,#3686,#3687);
#3021=AXIS2_PLACEMENT_3D('',#5013,#3689,#3690);
#3022=AXIS2_PLACEMENT_3D('',#5015,#3692,#3693);
#3023=AXIS2_PLACEMENT_3D('',#5017,#3695,#3696);
#3024=AXIS2_PLACEMENT_3D('',#5019,#3698,#3699);
#3025=AXIS2_PLACEMENT_3D('',#5020,#3700,#3701);
#3026=AXIS2_PLACEMENT_3D('',#5023,#3704,#3705);
#3027=AXIS2_PLACEMENT_3D('',#5025,#3707,#3708);
#3028=AXIS2_PLACEMENT_3D('',#5027,#3710,#3711);
#3029=AXIS2_PLACEMENT_3D('',#5028,#3712,#3713);
#3030=AXIS2_PLACEMENT_3D('',#5031,#3716,#3717);
#3031=AXIS2_PLACEMENT_3D('',#5033,#3719,#3720);
#3032=AXIS2_PLACEMENT_3D('',#5035,#3722,#3723);
#3033=AXIS2_PLACEMENT_3D('',#5036,#3724,#3725);
#3034=AXIS2_PLACEMENT_3D('',#5042,#3730,#3731);
#3035=AXIS2_PLACEMENT_3D('',#5043,#3732,#3733);
#3036=AXIS2_PLACEMENT_3D('',#5255,#3735,#3736);
#3037=AXIS2_PLACEMENT_3D('',#5419,#3738,#3739);
#3038=AXIS2_PLACEMENT_3D('',#5542,#3740,#3741);
#3039=AXIS2_PLACEMENT_3D('',#5706,#3743,#3744);
#3040=AXIS2_PLACEMENT_3D('',#5758,#3746,#3747);
#3041=AXIS2_PLACEMENT_3D('',#5760,#3749,#3750);
#3042=AXIS2_PLACEMENT_3D('',#5761,#3751,#3752);
#3043=AXIS2_PLACEMENT_3D('',#5762,#3753,#3754);
#3044=AXIS2_PLACEMENT_3D('',#5763,#3755,#3756);
#3045=AXIS2_PLACEMENT_3D('',#5764,#3757,#3758);
#3046=AXIS2_PLACEMENT_3D('',#5765,#3759,#3760);
#3047=AXIS2_PLACEMENT_3D('',#5767,#3762,#3763);
#3048=AXIS2_PLACEMENT_3D('',#5768,#3764,#3765);
#3049=AXIS2_PLACEMENT_3D('',#5770,#3766,#3767);
#3050=AXIS2_PLACEMENT_3D('',#5771,#3768,#3769);
#3051=AXIS2_PLACEMENT_3D('',#5772,#3770,#3771);
#3052=AXIS2_PLACEMENT_3D('',#5773,#3772,#3773);
#3053=AXIS2_PLACEMENT_3D('',#5774,#3774,#3775);
#3054=AXIS2_PLACEMENT_3D('',#5776,#3776,#3777);
#3055=AXIS2_PLACEMENT_3D('',#5777,#3778,#3779);
#3056=AXIS2_PLACEMENT_3D('',#5778,#3780,#3781);
#3057=AXIS2_PLACEMENT_3D('',#5782,#3784,#3785);
#3058=AXIS2_PLACEMENT_3D('',#5786,#3788,#3789);
#3059=AXIS2_PLACEMENT_3D('',#5790,#3792,#3793);
#3060=AXIS2_PLACEMENT_3D('',#5794,#3796,#3797);
#3061=AXIS2_PLACEMENT_3D('',#5796,#3799,#3800);
#3062=AXIS2_PLACEMENT_3D('',#5797,#3801,#3802);
#3063=AXIS2_PLACEMENT_3D('',#5801,#3805,#3806);
#3064=AXIS2_PLACEMENT_3D('',#5802,#3807,#3808);
#3065=AXIS2_PLACEMENT_3D('',#5804,#3810,#3811);
#3066=AXIS2_PLACEMENT_3D('',#5805,#3812,#3813);
#3067=AXIS2_PLACEMENT_3D('',#5807,#3815,#3816);
#3068=AXIS2_PLACEMENT_3D('',#5808,#3817,#3818);
#3069=AXIS2_PLACEMENT_3D('',#5849,#3819,#3820);
#3070=AXIS2_PLACEMENT_3D('',#5850,#3821,#3822);
#3071=AXIS2_PLACEMENT_3D('',#5863,#3824,#3825);
#3072=DIRECTION('axis',(0.,0.,1.));
#3073=DIRECTION('refdir',(1.,0.,0.));
#3074=DIRECTION('center_axis',(-1.,0.,3.4694469519536E-016));
#3075=DIRECTION('ref_axis',(3.5527136788005E-016,0.,1.));
#3076=DIRECTION('',(-3.4694469519536E-016,-3.83474051149103E-032,-1.));
#3077=DIRECTION('',(0.,1.,0.));
#3078=DIRECTION('',(3.4694469519536E-016,0.,1.));
#3079=DIRECTION('',(1.28395329625815E-031,-1.,3.70074341541719E-016));
#3080=DIRECTION('center_axis',(-1.,0.,3.4694469519536E-016));
#3081=DIRECTION('ref_axis',(3.5527136788005E-016,0.,1.));
#3082=DIRECTION('',(-3.4694469519536E-016,0.,-1.));
#3083=DIRECTION('',(0.,1.,0.));
#3084=DIRECTION('',(3.4694469519536E-016,3.83474051149103E-032,1.));
#3085=DIRECTION('',(8.98767307380705E-031,-1.,2.59052039079203E-015));
#3086=DIRECTION('center_axis',(1.,0.,-3.4694469519536E-016));
#3087=DIRECTION('ref_axis',(-3.5527136788005E-016,0.,-1.));
#3088=DIRECTION('',(-3.4694469519536E-016,0.,-1.));
#3089=DIRECTION('',(0.,1.,0.));
#3090=DIRECTION('',(3.4694469519536E-016,3.83474051149103E-032,1.));
#3091=DIRECTION('',(-1.28395329625815E-031,1.,-3.70074341541719E-016));
#3092=DIRECTION('center_axis',(2.44374118206051E-016,0.,1.));
#3093=DIRECTION('ref_axis',(1.,0.,0.));
#3094=DIRECTION('',(1.,0.,-2.44374118206051E-016));
#3095=DIRECTION('',(0.,1.,0.));
#3096=DIRECTION('',(-1.,-3.01410038939414E-048,2.44374118206051E-016));
#3097=DIRECTION('center_axis',(1.,0.,-3.4694469519536E-016));
#3098=DIRECTION('ref_axis',(-3.5527136788005E-016,0.,-1.));
#3099=DIRECTION('',(3.4694469519536E-016,0.,1.));
#3100=DIRECTION('',(-8.98767307380705E-031,1.,-2.59052039079203E-015));
#3101=DIRECTION('',(-3.4694469519536E-016,-3.83474051149103E-032,-1.));
#3102=DIRECTION('',(0.,1.,0.));
#3103=DIRECTION('center_axis',(2.44374118206051E-016,0.,1.));
#3104=DIRECTION('ref_axis',(1.,0.,0.));
#3105=DIRECTION('',(-1.,0.,2.44374118206051E-016));
#3106=DIRECTION('',(1.,3.01410038939414E-048,-2.44374118206051E-016));
#3107=DIRECTION('',(0.,1.,0.));
#3108=DIRECTION('center_axis',(1.23852136998406E-047,-1.,3.83474051149103E-032));
#3109=DIRECTION('ref_axis',(3.88578058618805E-016,0.,1.));
#3110=DIRECTION('',(1.,8.16875634916253E-048,-1.09954176509288E-016));
#3111=DIRECTION('',(-3.88578058618805E-016,-3.83474051149103E-032,-1.));
#3112=DIRECTION('',(1.,1.23852136998406E-047,0.));
#3113=DIRECTION('',(0.,3.83474051149103E-032,1.));
#3114=DIRECTION('',(-1.,0.,3.22973970800046E-016));
#3115=DIRECTION('center_axis',(-3.22973970800046E-016,-3.70074341541719E-016,
-1.));
#3116=DIRECTION('ref_axis',(0.,-1.,7.105427357601E-016));
#3117=DIRECTION('',(-1.,0.,3.22973970800046E-016));
#3118=DIRECTION('',(-1.,0.,3.22973970800046E-016));
#3119=DIRECTION('center_axis',(3.88578058618805E-016,0.,1.));
#3120=DIRECTION('ref_axis',(0.707106781186547,-0.707106781186548,0.));
#3121=DIRECTION('center_axis',(0.,0.,-1.));
#3122=DIRECTION('ref_axis',(0.707106781186547,-0.707106781186548,0.));
#3123=DIRECTION('',(-3.88578058618805E-016,0.,-1.));
#3124=DIRECTION('center_axis',(0.,0.,-1.));
#3125=DIRECTION('ref_axis',(0.707106781186547,-0.707106781186548,0.));
#3126=DIRECTION('',(3.88578058618805E-016,0.,1.));
#3127=DIRECTION('center_axis',(0.,0.,1.));
#3128=DIRECTION('ref_axis',(1.,0.,0.));
#3129=DIRECTION('center_axis',(0.,0.,1.));
#3130=DIRECTION('ref_axis',(0.,-1.,0.));
#3131=DIRECTION('',(-1.,-2.04964250700029E-016,0.));
#3132=DIRECTION('center_axis',(0.,0.,1.));
#3133=DIRECTION('ref_axis',(0.,1.,0.));
#3134=DIRECTION('',(1.,1.70803542250024E-016,0.));
#3135=DIRECTION('center_axis',(0.,0.,1.));
#3136=DIRECTION('ref_axis',(0.,-1.,0.));
#3137=DIRECTION('',(1.,1.36642833800019E-016,0.));
#3138=DIRECTION('center_axis',(0.,0.,1.));
#3139=DIRECTION('ref_axis',(0.,1.,0.));
#3140=DIRECTION('',(-1.,-6.83214169000096E-017,0.));
#3141=DIRECTION('center_axis',(0.,0.,1.));
#3142=DIRECTION('ref_axis',(-1.,0.,0.));
#3143=DIRECTION('center_axis',(0.,0.,1.));
#3144=DIRECTION('ref_axis',(-1.,0.,0.));
#3145=DIRECTION('center_axis',(0.,0.,1.));
#3146=DIRECTION('ref_axis',(-1.,0.,0.));
#3147=DIRECTION('center_axis',(0.,0.,1.));
#3148=DIRECTION('ref_axis',(-1.,0.,0.));
#3149=DIRECTION('',(-1.,-1.23852136998406E-047,0.));
#3150=DIRECTION('',(0.,-1.,0.));
#3151=DIRECTION('',(1.,1.36642833800019E-016,0.));
#3152=DIRECTION('center_axis',(0.,0.,1.));
#3153=DIRECTION('ref_axis',(-1.,0.,0.));
#3154=DIRECTION('',(3.80647894157196E-016,-1.,0.));
#3155=DIRECTION('center_axis',(0.,0.,1.));
#3156=DIRECTION('ref_axis',(0.,1.,0.));
#3157=DIRECTION('',(-1.,1.36642833800019E-016,0.));
#3158=DIRECTION('',(0.,-1.,0.));
#3159=DIRECTION('',(1.,0.,0.));
#3160=DIRECTION('center_axis',(0.,0.,-1.));
#3161=DIRECTION('ref_axis',(0.707106781186547,0.707106781186548,0.));
#3162=DIRECTION('',(-9.86864910777917E-017,1.,0.));
#3163=DIRECTION('center_axis',(0.,1.,0.));
#3164=DIRECTION('ref_axis',(-1.,0.,0.));
#3165=DIRECTION('',(-1.,0.,3.22973970800046E-016));
#3166=DIRECTION('',(0.,0.,1.));
#3167=DIRECTION('',(1.,0.,0.));
#3168=DIRECTION('',(2.22044604925031E-016,0.,1.));
#3169=DIRECTION('center_axis',(0.,-1.,0.));
#3170=DIRECTION('ref_axis',(-1.,0.,1.70803542250024E-016));
#3171=DIRECTION('',(0.,0.,1.));
#3172=DIRECTION('',(-1.,0.,3.22973970800046E-016));
#3173=DIRECTION('',(0.,0.,1.));
#3174=DIRECTION('center_axis',(0.,-1.,0.));
#3175=DIRECTION('ref_axis',(-1.,0.,1.70803542250024E-016));
#3176=DIRECTION('',(0.,0.,1.));
#3177=DIRECTION('',(1.,0.,0.));
#3178=DIRECTION('center_axis',(-3.88578058618805E-016,0.,-1.));
#3179=DIRECTION('ref_axis',(0.707106781186547,0.707106781186548,0.));
#3180=DIRECTION('',(-3.88578058618805E-016,0.,-1.));
#3181=DIRECTION('center_axis',(0.,0.,-1.));
#3182=DIRECTION('ref_axis',(0.707106781186547,0.707106781186548,0.));
#3183=DIRECTION('',(3.88578058618805E-016,0.,1.));
#3184=DIRECTION('center_axis',(0.,-1.,0.));
#3185=DIRECTION('ref_axis',(1.,0.,0.));
#3186=DIRECTION('',(-1.,0.,0.));
#3187=DIRECTION('',(0.,0.,1.));
#3188=DIRECTION('',(-1.,0.,0.));
#3189=DIRECTION('',(0.,0.,1.));
#3190=DIRECTION('',(-1.,0.,3.22973970800046E-016));
#3191=DIRECTION('',(0.,0.,1.));
#3192=DIRECTION('',(1.,0.,1.22464679914735E-016));
#3193=DIRECTION('',(0.,0.,1.));
#3194=DIRECTION('center_axis',(0.,-1.,0.));
#3195=DIRECTION('ref_axis',(1.,0.,0.));
#3196=DIRECTION('',(0.,0.,-1.));
#3197=DIRECTION('',(-1.,0.,0.));
#3198=DIRECTION('',(3.4694469519536E-016,0.,1.));
#3199=DIRECTION('center_axis',(0.,0.,1.));
#3200=DIRECTION('ref_axis',(1.,0.,0.));
#3201=DIRECTION('center_axis',(0.,0.,-1.));
#3202=DIRECTION('ref_axis',(1.,0.,0.));
#3203=DIRECTION('center_axis',(0.,0.,1.));
#3204=DIRECTION('ref_axis',(1.,0.,0.));
#3205=DIRECTION('center_axis',(0.,0.,1.));
#3206=DIRECTION('ref_axis',(1.,0.,0.));
#3207=DIRECTION('center_axis',(0.,0.,-1.));
#3208=DIRECTION('ref_axis',(1.,0.,0.));
#3209=DIRECTION('center_axis',(0.,0.,1.));
#3210=DIRECTION('ref_axis',(1.,0.,0.));
#3211=DIRECTION('center_axis',(0.,0.,1.));
#3212=DIRECTION('ref_axis',(1.,0.,0.));
#3213=DIRECTION('',(-1.,8.62309145339927E-017,0.));
#3214=DIRECTION('',(0.,-1.,0.));
#3215=DIRECTION('',(1.,0.,0.));
#3216=DIRECTION('',(2.96059473233375E-016,1.,0.));
#3217=DIRECTION('center_axis',(0.,0.,-1.));
#3218=DIRECTION('ref_axis',(-1.,0.,0.));
#3219=DIRECTION('center_axis',(0.,0.,-1.));
#3220=DIRECTION('ref_axis',(-1.,0.,0.));
#3221=DIRECTION('center_axis',(0.,0.,-1.));
#3222=DIRECTION('ref_axis',(-1.,0.,0.));
#3223=DIRECTION('center_axis',(0.,0.,-1.));
#3224=DIRECTION('ref_axis',(-1.,0.,0.));
#3225=DIRECTION('center_axis',(0.,0.,-1.));
#3226=DIRECTION('ref_axis',(-1.,0.,0.));
#3227=DIRECTION('center_axis',(0.,0.,-1.));
#3228=DIRECTION('ref_axis',(-1.,0.,0.));
#3229=DIRECTION('',(0.,1.,0.));
#3230=DIRECTION('',(1.,0.,0.));
#3231=DIRECTION('',(0.,-1.,0.));
#3232=DIRECTION('',(1.,0.,0.));
#3233=DIRECTION('',(1.,0.,0.));
#3234=DIRECTION('',(0.,-1.,0.));
#3235=DIRECTION('',(0.,-1.,0.));
#3236=DIRECTION('',(-1.,0.,0.));
#3237=DIRECTION('',(0.,1.,0.));
#3238=DIRECTION('',(-1.,0.,0.));
#3239=DIRECTION('',(0.,-1.,0.));
#3240=DIRECTION('',(-1.,0.,0.));
#3241=DIRECTION('',(0.,1.,0.));
#3242=DIRECTION('',(-1.,0.,0.));
#3243=DIRECTION('',(0.,-1.,0.));
#3244=DIRECTION('center_axis',(0.,0.,1.));
#3245=DIRECTION('ref_axis',(1.,0.,0.));
#3246=DIRECTION('',(1.,0.,0.));
#3247=DIRECTION('center_axis',(0.,0.,1.));
#3248=DIRECTION('ref_axis',(0.,-1.,0.));
#3249=DIRECTION('',(0.,-1.,0.));
#3250=DIRECTION('center_axis',(0.,0.,1.));
#3251=DIRECTION('ref_axis',(0.,1.,0.));
#3252=DIRECTION('',(-2.96059473233375E-016,1.,0.));
#3253=DIRECTION('center_axis',(0.,0.,1.));
#3254=DIRECTION('ref_axis',(0.,-1.,0.));
#3255=DIRECTION('',(1.,0.,0.));
#3256=DIRECTION('center_axis',(0.,0.,1.));
#3257=DIRECTION('ref_axis',(0.,1.,0.));
#3258=DIRECTION('',(0.,1.,0.));
#3259=DIRECTION('center_axis',(0.,0.,1.));
#3260=DIRECTION('ref_axis',(-1.,0.,0.));
#3261=DIRECTION('',(-1.,0.,0.));
#3262=DIRECTION('center_axis',(0.,0.,1.));
#3263=DIRECTION('ref_axis',(0.,-1.,0.));
#3264=DIRECTION('',(0.,-1.,0.));
#3265=DIRECTION('',(-1.,-3.28954970259306E-016,0.));
#3266=DIRECTION('',(0.,-1.,0.));
#3267=DIRECTION('',(0.,1.,0.));
#3268=DIRECTION('',(1.,0.,0.));
#3269=DIRECTION('center_axis',(0.,0.,1.));
#3270=DIRECTION('ref_axis',(-0.703017718467507,-0.711172333208162,3.77948263702181E-016));
#3271=DIRECTION('',(0.,-1.,0.));
#3272=DIRECTION('',(1.,0.,0.));
#3273=DIRECTION('',(0.,1.,0.));
#3274=DIRECTION('center_axis',(0.,-1.,0.));
#3275=DIRECTION('ref_axis',(0.707106781186547,0.,0.707106781186548));
#3276=DIRECTION('center_axis',(0.,1.,0.));
#3277=DIRECTION('ref_axis',(0.707106781186547,0.,0.707106781186548));
#3278=DIRECTION('',(0.,-1.,0.));
#3279=DIRECTION('center_axis',(-8.62309145339927E-017,-1.,0.));
#3280=DIRECTION('ref_axis',(0.707106781186547,0.,0.707106781186548));
#3281=DIRECTION('',(0.,1.,0.));
#3282=DIRECTION('center_axis',(1.,0.,-1.11022302462516E-016));
#3283=DIRECTION('ref_axis',(0.,0.,1.));
#3284=DIRECTION('',(1.11022302462516E-016,0.,1.));
#3285=DIRECTION('',(0.,1.,0.));
#3286=DIRECTION('',(-1.11022302462516E-016,9.57355467501228E-033,-1.));
#3287=DIRECTION('center_axis',(0.,-1.,0.));
#3288=DIRECTION('ref_axis',(-0.707106781186548,0.,0.707106781186548));
#3289=DIRECTION('center_axis',(3.28954970259306E-016,-1.,0.));
#3290=DIRECTION('ref_axis',(-0.707106781186548,0.,0.707106781186548));
#3291=DIRECTION('',(0.,1.,0.));
#3292=DIRECTION('center_axis',(0.,1.,0.));
#3293=DIRECTION('ref_axis',(-0.707106781186548,0.,0.707106781186548));
#3294=DIRECTION('',(0.,-1.,0.));
#3295=DIRECTION('center_axis',(-1.,0.,1.11022302462516E-016));
#3296=DIRECTION('ref_axis',(0.,0.,-1.));
#3297=DIRECTION('',(0.,0.,1.));
#3298=DIRECTION('',(0.,-1.,0.));
#3299=DIRECTION('',(-1.11022302462516E-016,0.,-1.));
#3300=DIRECTION('center_axis',(0.,-1.,0.));
#3301=DIRECTION('ref_axis',(-0.707106781186548,0.,-0.707106781186548));
#3302=DIRECTION('center_axis',(0.,1.,0.));
#3303=DIRECTION('ref_axis',(-0.707106781186548,0.,-0.707106781186548));
#3304=DIRECTION('center_axis',(3.28954970259306E-016,-1.,0.));
#3305=DIRECTION('ref_axis',(-0.707106781186548,0.,-0.707106781186548));
#3306=DIRECTION('center_axis',(0.,-1.,0.));
#3307=DIRECTION('ref_axis',(0.707106781186547,0.,-0.707106781186548));
#3308=DIRECTION('center_axis',(0.,1.,0.));
#3309=DIRECTION('ref_axis',(0.707106781186547,0.,-0.707106781186548));
#3310=DIRECTION('center_axis',(-8.62309145339927E-017,-1.,0.));
#3311=DIRECTION('ref_axis',(0.707106781186547,0.,-0.707106781186548));
#3312=DIRECTION('center_axis',(1.,-8.62309145339927E-017,0.));
#3313=DIRECTION('ref_axis',(0.,-0.707106781186547,0.707106781186548));
#3314=DIRECTION('center_axis',(1.,0.,0.));
#3315=DIRECTION('ref_axis',(0.,0.,1.));
#3316=DIRECTION('',(1.,-8.62309145339927E-017,0.));
#3317=DIRECTION('center_axis',(-1.,0.,0.));
#3318=DIRECTION('ref_axis',(0.,-1.,0.));
#3319=DIRECTION('',(-1.,8.62309145339927E-017,0.));
#3320=DIRECTION('center_axis',(1.,3.28954970259306E-016,0.));
#3321=DIRECTION('ref_axis',(0.,-0.707106781186547,0.707106781186548));
#3322=DIRECTION('center_axis',(1.,1.93082265152201E-016,0.));
#3323=DIRECTION('ref_axis',(0.,-0.707106781186547,0.707106781186548));
#3324=DIRECTION('',(1.,3.28954970259306E-016,0.));
#3325=DIRECTION('center_axis',(-1.,0.,0.));
#3326=DIRECTION('ref_axis',(0.,-1.,-9.34924652315922E-016));
#3327=DIRECTION('',(-1.,-3.28954970259306E-016,0.));
#3328=DIRECTION('center_axis',(0.,0.,1.));
#3329=DIRECTION('ref_axis',(1.,0.,0.));
#3330=DIRECTION('center_axis',(-0.263157894736844,0.96475277788544,0.));
#3331=DIRECTION('ref_axis',(-0.96475277788544,-0.263157894736844,0.));
#3332=DIRECTION('center_axis',(0.,0.,1.));
#3333=DIRECTION('ref_axis',(0.606976978666883,0.794719414239027,0.));
#3334=DIRECTION('center_axis',(0.,0.,-1.));
#3335=DIRECTION('ref_axis',(0.606976978666883,0.794719414239027,0.));
#3336=DIRECTION('center_axis',(-0.857937386589907,0.402806883133149,-0.318888782480409));
#3337=DIRECTION('ref_axis',(-0.513754260995741,-0.672662225605453,0.53252426193765));
#3338=DIRECTION('center_axis',(0.,0.,1.));
#3339=DIRECTION('ref_axis',(-0.707106781186547,-0.707106781186548,0.));
#3340=DIRECTION('center_axis',(0.,0.,1.));
#3341=DIRECTION('ref_axis',(0.707106781186547,-0.707106781186548,0.));
#3342=DIRECTION('center_axis',(0.,0.,1.));
#3343=DIRECTION('ref_axis',(0.,-1.,0.));
#3344=DIRECTION('',(0.,0.,1.));
#3345=DIRECTION('center_axis',(9.3492465231592E-016,0.,-1.));
#3346=DIRECTION('ref_axis',(1.,-4.6746232615796E-016,9.3492465231592E-016));
#3347=DIRECTION('',(0.,0.,-1.));
#3348=DIRECTION('center_axis',(-8.62309145339927E-017,-1.,0.));
#3349=DIRECTION('ref_axis',(0.,0.,-1.));
#3350=DIRECTION('center_axis',(8.62309145339927E-017,1.,0.));
#3351=DIRECTION('ref_axis',(-0.707106781186547,1.1686558153949E-016,-0.707106781186547));
#3352=DIRECTION('center_axis',(-8.62309145339927E-017,-1.,0.));
#3353=DIRECTION('ref_axis',(-0.707106781186548,6.09744644149039E-017,-0.707106781186547));
#3354=DIRECTION('center_axis',(-0.816496580927726,-0.408248290463863,0.408248290463863));
#3355=DIRECTION('ref_axis',(0.577350269189626,-0.577350269189626,0.577350269189626));
#3356=DIRECTION('center_axis',(-2.96059473233375E-016,-1.,0.));
#3357=DIRECTION('ref_axis',(0.707106781186548,0.,0.707106781186547));
#3358=DIRECTION('center_axis',(0.,0.,-1.));
#3359=DIRECTION('ref_axis',(0.,-1.,0.));
#3360=DIRECTION('',(0.,0.,-1.));
#3361=DIRECTION('center_axis',(-2.46415354246071E-016,0.,-1.));
#3362=DIRECTION('ref_axis',(0.,-1.,0.));
#3363=DIRECTION('',(0.,0.,1.));
#3364=DIRECTION('center_axis',(3.28954970259306E-016,-1.,0.));
#3365=DIRECTION('ref_axis',(1.,3.5527136788005E-016,0.));
#3366=DIRECTION('',(0.,0.,1.));
#3367=DIRECTION('center_axis',(-3.28954970259306E-016,1.,0.));
#3368=DIRECTION('ref_axis',(1.,0.,0.));
#3369=DIRECTION('',(0.,0.,-1.));
#3370=DIRECTION('',(-1.,-3.28954970259306E-016,2.46415354246071E-016));
#3371=DIRECTION('center_axis',(-3.28954970259306E-016,1.,0.));
#3372=DIRECTION('ref_axis',(1.,0.,-1.11022302462516E-016));
#3373=DIRECTION('center_axis',(-3.28954970259306E-016,1.,0.));
#3374=DIRECTION('ref_axis',(1.,0.,-1.11022302462516E-016));
#3375=DIRECTION('center_axis',(-1.,-1.93082265152201E-016,0.));
#3376=DIRECTION('ref_axis',(0.,-1.,0.));
#3377=DIRECTION('',(1.93082265152201E-016,-1.,0.));
#3378=DIRECTION('',(0.,-1.,0.));
#3379=DIRECTION('center_axis',(0.,0.,1.));
#3380=DIRECTION('ref_axis',(1.,0.,0.));
#3381=DIRECTION('',(-2.96059473233375E-016,-1.,0.));
#3382=DIRECTION('',(-1.,0.,0.));
#3383=DIRECTION('',(0.,1.,0.));
#3384=DIRECTION('center_axis',(0.,0.,1.));
#3385=DIRECTION('ref_axis',(-0.703017718467507,-0.711172333208162,3.77948263702181E-016));
#3386=DIRECTION('',(0.,-1.,0.));
#3387=DIRECTION('center_axis',(2.96059473233375E-016,1.,0.));
#3388=DIRECTION('ref_axis',(0.707106781186548,0.,0.707106781186548));
#3389=DIRECTION('',(2.96059473233375E-016,1.,0.));
#3390=DIRECTION('center_axis',(0.,-1.,0.));
#3391=DIRECTION('ref_axis',(0.707106781186548,0.,0.707106781186548));
#3392=DIRECTION('center_axis',(1.,-2.96059473233375E-016,0.));
#3393=DIRECTION('ref_axis',(3.5527136788005E-016,1.,0.));
#3394=DIRECTION('',(-2.96059473233375E-016,-1.,0.));
#3395=DIRECTION('',(0.,0.,1.));
#3396=DIRECTION('center_axis',(-2.96059473233375E-016,-1.,0.));
#3397=DIRECTION('ref_axis',(-0.707106781186547,3.30545780775532E-016,-0.707106781186548));
#3398=DIRECTION('center_axis',(0.,1.,0.));
#3399=DIRECTION('ref_axis',(-0.707106781186547,3.30545780775532E-016,-0.707106781186548));
#3400=DIRECTION('center_axis',(0.,-1.,0.));
#3401=DIRECTION('ref_axis',(0.,0.,-1.));
#3402=DIRECTION('',(-1.,0.,2.46415354246071E-016));
#3403=DIRECTION('',(-3.20378644248974E-016,0.,-1.));
#3404=DIRECTION('center_axis',(0.,-1.,0.));
#3405=DIRECTION('ref_axis',(1.,0.,-1.11022302462516E-016));
#3406=DIRECTION('center_axis',(0.,-1.,0.));
#3407=DIRECTION('ref_axis',(1.,0.,-1.11022302462516E-016));
#3408=DIRECTION('center_axis',(0.,-1.,0.));
#3409=DIRECTION('ref_axis',(1.,0.,-1.11022302462516E-016));
#3410=DIRECTION('center_axis',(0.,-1.,0.));
#3411=DIRECTION('ref_axis',(1.,0.,-1.11022302462516E-016));
#3412=DIRECTION('center_axis',(0.,0.,1.));
#3413=DIRECTION('ref_axis',(-0.707106781186547,-0.707106781186548,0.));
#3414=DIRECTION('center_axis',(2.46415354246071E-016,0.,1.));
#3415=DIRECTION('ref_axis',(-0.707106781186547,-0.707106781186548,0.));
#3416=DIRECTION('',(0.,0.,1.));
#3417=DIRECTION('center_axis',(0.,-1.,0.));
#3418=DIRECTION('ref_axis',(-1.,0.,0.));
#3419=DIRECTION('center_axis',(0.,1.,0.));
#3420=DIRECTION('ref_axis',(-1.,0.,0.));
#3421=DIRECTION('center_axis',(0.,-1.,0.));
#3422=DIRECTION('ref_axis',(-1.,0.,0.));
#3423=DIRECTION('center_axis',(0.,-1.,0.));
#3424=DIRECTION('ref_axis',(-1.,0.,0.));
#3425=DIRECTION('center_axis',(0.,1.,0.));
#3426=DIRECTION('ref_axis',(-1.,0.,0.));
#3427=DIRECTION('center_axis',(0.,-1.,0.));
#3428=DIRECTION('ref_axis',(-1.,0.,0.));
#3429=DIRECTION('center_axis',(0.,1.,0.));
#3430=DIRECTION('ref_axis',(0.,0.,1.));
#3431=DIRECTION('center_axis',(0.,-1.,0.));
#3432=DIRECTION('ref_axis',(-1.,0.,0.));
#3433=DIRECTION('center_axis',(0.,-1.,0.));
#3434=DIRECTION('ref_axis',(-1.,0.,0.));
#3435=DIRECTION('center_axis',(-2.3557253253601E-016,-1.41343519521606E-016,
-1.));
#3436=DIRECTION('ref_axis',(-0.703017718467507,-0.711172333208162,3.77948263702181E-016));
#3437=DIRECTION('',(0.,0.,1.));
#3438=DIRECTION('',(-3.20378644248974E-016,0.,-1.));
#3439=DIRECTION('center_axis',(1.,0.,0.));
#3440=DIRECTION('ref_axis',(0.,1.,0.));
#3441=DIRECTION('',(0.,0.,1.));
#3442=DIRECTION('',(0.,1.,0.));
#3443=DIRECTION('',(0.,-3.83474051149103E-032,-1.));
#3444=DIRECTION('center_axis',(0.,0.,-1.));
#3445=DIRECTION('ref_axis',(-1.,0.,0.));
#3446=DIRECTION('center_axis',(0.,0.,1.));
#3447=DIRECTION('ref_axis',(-1.,0.,0.));
#3448=DIRECTION('center_axis',(0.,0.,-1.));
#3449=DIRECTION('ref_axis',(-1.,0.,0.));
#3450=DIRECTION('center_axis',(0.,0.,1.));
#3451=DIRECTION('ref_axis',(-1.,0.,0.));
#3452=DIRECTION('center_axis',(0.,-1.,0.));
#3453=DIRECTION('ref_axis',(-1.,0.,0.));
#3454=DIRECTION('center_axis',(0.,-1.,0.));
#3455=DIRECTION('ref_axis',(-1.,0.,0.));
#3456=DIRECTION('center_axis',(0.,-1.,0.));
#3457=DIRECTION('ref_axis',(0.,0.,-1.));
#3458=DIRECTION('',(0.,0.,1.));
#3459=DIRECTION('center_axis',(0.,1.,0.));
#3460=DIRECTION('ref_axis',(-1.,0.,1.70803542250024E-016));
#3461=DIRECTION('',(2.22044604925031E-016,0.,1.));
#3462=DIRECTION('center_axis',(1.,0.,-2.22044604925031E-016));
#3463=DIRECTION('ref_axis',(0.,0.,-1.));
#3464=DIRECTION('',(-2.22044604925031E-016,0.,-1.));
#3465=DIRECTION('',(0.,1.,0.));
#3466=DIRECTION('center_axis',(0.,1.,0.));
#3467=DIRECTION('ref_axis',(-1.,0.,1.70803542250024E-016));
#3468=DIRECTION('center_axis',(0.,1.,0.));
#3469=DIRECTION('ref_axis',(-1.,0.,1.70803542250024E-016));
#3470=DIRECTION('center_axis',(0.,1.,0.));
#3471=DIRECTION('ref_axis',(-1.,0.,1.70803542250024E-016));
#3472=DIRECTION('',(0.,1.,0.));
#3473=DIRECTION('center_axis',(0.,-1.,0.));
#3474=DIRECTION('ref_axis',(0.,0.,-1.));
#3475=DIRECTION('',(2.22044604925031E-016,0.,1.));
#3476=DIRECTION('center_axis',(0.,-1.,0.));
#3477=DIRECTION('ref_axis',(0.,0.,-1.));
#3478=DIRECTION('',(0.,0.,1.));
#3479=DIRECTION('',(0.,0.,1.));
#3480=DIRECTION('center_axis',(1.,0.,0.));
#3481=DIRECTION('ref_axis',(0.,0.,1.));
#3482=DIRECTION('',(0.,-1.,0.));
#3483=DIRECTION('center_axis',(0.,-1.,0.));
#3484=DIRECTION('ref_axis',(1.,0.,0.));
#3485=DIRECTION('center_axis',(0.,0.,-1.));
#3486=DIRECTION('ref_axis',(-1.,0.,0.));
#3487=DIRECTION('center_axis',(0.,0.,-1.));
#3488=DIRECTION('ref_axis',(-1.,0.,0.));
#3489=DIRECTION('center_axis',(0.,0.,-1.));
#3490=DIRECTION('ref_axis',(-1.,0.,0.));
#3491=DIRECTION('center_axis',(0.,0.,-1.));
#3492=DIRECTION('ref_axis',(-1.,0.,0.));
#3493=DIRECTION('center_axis',(0.,0.,-1.));
#3494=DIRECTION('ref_axis',(-1.,0.,0.));
#3495=DIRECTION('center_axis',(0.,0.,-1.));
#3496=DIRECTION('ref_axis',(-1.,0.,0.));
#3497=DIRECTION('center_axis',(0.,0.,-1.));
#3498=DIRECTION('ref_axis',(-1.,0.,0.));
#3499=DIRECTION('center_axis',(0.,0.,-1.));
#3500=DIRECTION('ref_axis',(-1.,0.,0.));
#3501=DIRECTION('center_axis',(-4.58855380458604E-014,-0.999919800217897,
-0.0126646410214085));
#3502=DIRECTION('ref_axis',(1.,-4.5889218351173E-014,0.));
#3503=DIRECTION('center_axis',(1.18163466938015E-014,-0.997801773132844,
-0.0662693106419023));
#3504=DIRECTION('ref_axis',(0.122222279866144,-0.0657724732378691,0.990321006577411));
#3505=DIRECTION('center_axis',(-7.98542614600443E-015,-0.461454929732742,
-0.887163653350018));
#3506=DIRECTION('ref_axis',(1.,-5.92118946466749E-015,-5.92118946466749E-015));
#3507=DIRECTION('center_axis',(3.26224899104471E-015,0.550944875267204,
0.834541637317638));
#3508=DIRECTION('ref_axis',(-1.,5.92118946466749E-015,0.));
#3509=DIRECTION('center_axis',(-1.,0.,0.));
#3510=DIRECTION('ref_axis',(0.,-1.,0.));
#3511=DIRECTION('',(0.,0.,1.));
#3512=DIRECTION('',(0.,1.,0.));
#3513=DIRECTION('',(0.,0.,1.));
#3514=DIRECTION('center_axis',(0.,0.,1.));
#3515=DIRECTION('ref_axis',(-1.,0.,0.));
#3516=DIRECTION('',(0.,0.,1.));
#3517=DIRECTION('center_axis',(0.,0.,-1.));
#3518=DIRECTION('ref_axis',(0.,1.,0.));
#3519=DIRECTION('',(1.,0.,-5.55111512312578E-017));
#3520=DIRECTION('',(0.,1.,0.));
#3521=DIRECTION('center_axis',(0.,0.,-1.));
#3522=DIRECTION('ref_axis',(-1.,0.,0.));
#3523=DIRECTION('center_axis',(0.,1.,0.));
#3524=DIRECTION('ref_axis',(0.,0.,-1.));
#3525=DIRECTION('center_axis',(0.,0.,-1.));
#3526=DIRECTION('ref_axis',(0.,-1.,0.));
#3527=DIRECTION('center_axis',(0.,1.,0.));
#3528=DIRECTION('ref_axis',(1.,0.,0.));
#3529=DIRECTION('center_axis',(0.,1.,0.));
#3530=DIRECTION('ref_axis',(0.707106781186548,0.,-0.707106781186547));
#3531=DIRECTION('center_axis',(0.,1.,0.));
#3532=DIRECTION('ref_axis',(1.,0.,0.));
#3533=DIRECTION('center_axis',(0.,0.,-1.));
#3534=DIRECTION('ref_axis',(-1.,0.,0.));
#3535=DIRECTION('center_axis',(5.5511151231258E-016,-1.,0.));
#3536=DIRECTION('ref_axis',(-1.,-5.5511151231258E-016,0.));
#3537=DIRECTION('center_axis',(2.96059473233375E-016,-1.,0.));
#3538=DIRECTION('ref_axis',(-0.707106781186546,0.,-0.707106781186549));
#3539=DIRECTION('',(2.96059473233375E-016,-1.,0.));
#3540=DIRECTION('center_axis',(0.,0.,1.));
#3541=DIRECTION('ref_axis',(1.,0.,0.));
#3542=DIRECTION('',(0.,0.,1.));
#3543=DIRECTION('center_axis',(0.,0.,1.));
#3544=DIRECTION('ref_axis',(1.,0.,0.));
#3545=DIRECTION('center_axis',(0.,-1.,0.));
#3546=DIRECTION('ref_axis',(0.,0.,-1.));
#3547=DIRECTION('center_axis',(0.,0.,1.));
#3548=DIRECTION('ref_axis',(0.,-1.,0.));
#3549=DIRECTION('center_axis',(0.,-1.,0.));
#3550=DIRECTION('ref_axis',(-1.,0.,0.));
#3551=DIRECTION('center_axis',(0.,0.,-1.));
#3552=DIRECTION('ref_axis',(0.,-1.,0.));
#3553=DIRECTION('center_axis',(0.,1.,0.));
#3554=DIRECTION('ref_axis',(-0.707106781186547,0.,-0.707106781186548));
#3555=DIRECTION('center_axis',(-2.46716227694479E-016,-1.,0.));
#3556=DIRECTION('ref_axis',(-1.,2.46716227694479E-016,0.));
#3557=DIRECTION('',(0.,-1.,0.));
#3558=DIRECTION('',(0.,1.,0.));
#3559=DIRECTION('center_axis',(0.,0.,1.));
#3560=DIRECTION('ref_axis',(1.,0.,0.));
#3561=DIRECTION('center_axis',(2.46716227694479E-016,1.,0.));
#3562=DIRECTION('ref_axis',(1.,-2.46716227694479E-016,0.));
#3563=DIRECTION('center_axis',(0.,0.,-1.));
#3564=DIRECTION('ref_axis',(0.,1.,0.));
#3565=DIRECTION('center_axis',(0.,0.,1.));
#3566=DIRECTION('ref_axis',(0.,1.,0.));
#3567=DIRECTION('center_axis',(0.,-1.,0.));
#3568=DIRECTION('ref_axis',(0.707106781186548,0.,-0.707106781186547));
#3569=DIRECTION('',(0.,1.,0.));
#3570=DIRECTION('',(0.,-1.,0.));
#3571=DIRECTION('center_axis',(1.,0.,0.));
#3572=DIRECTION('ref_axis',(0.,1.,0.));
#3573=DIRECTION('',(0.,0.,1.));
#3574=DIRECTION('',(0.,0.,1.));
#3575=DIRECTION('center_axis',(0.,0.,1.));
#3576=DIRECTION('ref_axis',(-1.,0.,0.));
#3577=DIRECTION('',(0.,0.,1.));
#3578=DIRECTION('center_axis',(0.,0.,1.));
#3579=DIRECTION('ref_axis',(1.,0.,0.));
#3580=DIRECTION('',(1.,0.,0.));
#3581=DIRECTION('center_axis',(0.,0.,-1.));
#3582=DIRECTION('ref_axis',(-1.,0.,0.));
#3583=DIRECTION('',(0.,-1.,0.));
#3584=DIRECTION('center_axis',(0.,0.,-1.));
#3585=DIRECTION('ref_axis',(0.,1.,0.));
#3586=DIRECTION('',(-1.,0.,0.));
#3587=DIRECTION('center_axis',(0.,0.,-1.));
#3588=DIRECTION('ref_axis',(1.,0.,0.));
#3589=DIRECTION('',(0.,1.,0.));
#3590=DIRECTION('center_axis',(0.,0.,-1.));
#3591=DIRECTION('ref_axis',(0.,-1.,0.));
#3592=DIRECTION('center_axis',(0.,0.,1.));
#3593=DIRECTION('ref_axis',(-1.,0.,0.));
#3594=DIRECTION('center_axis',(0.,0.,1.));
#3595=DIRECTION('ref_axis',(-1.,0.,0.));
#3596=DIRECTION('center_axis',(0.,0.,1.));
#3597=DIRECTION('ref_axis',(-1.,0.,0.));
#3598=DIRECTION('center_axis',(0.,0.,1.));
#3599=DIRECTION('ref_axis',(-1.,0.,0.));
#3600=DIRECTION('center_axis',(0.,1.,0.));
#3601=DIRECTION('ref_axis',(-1.,0.,0.));
#3602=DIRECTION('',(0.,0.,1.));
#3603=DIRECTION('',(0.,0.,1.));
#3604=DIRECTION('center_axis',(0.,0.,1.));
#3605=DIRECTION('ref_axis',(0.,-1.,0.));
#3606=DIRECTION('',(0.,0.,1.));
#3607=DIRECTION('center_axis',(-1.,0.,0.));
#3608=DIRECTION('ref_axis',(0.,-1.,0.));
#3609=DIRECTION('',(0.,0.,1.));
#3610=DIRECTION('center_axis',(0.,0.,1.));
#3611=DIRECTION('ref_axis',(1.,0.,0.));
#3612=DIRECTION('',(0.,0.,1.));
#3613=DIRECTION('center_axis',(0.,-1.,0.));
#3614=DIRECTION('ref_axis',(1.,0.,0.));
#3615=DIRECTION('',(0.,0.,1.));
#3616=DIRECTION('center_axis',(0.,0.,1.));
#3617=DIRECTION('ref_axis',(0.,1.,0.));
#3618=DIRECTION('',(0.,0.,1.));
#3619=DIRECTION('center_axis',(1.,0.,0.));
#3620=DIRECTION('ref_axis',(0.,1.,0.));
#3621=DIRECTION('',(0.,0.,1.));
#3622=DIRECTION('center_axis',(0.,0.,1.));
#3623=DIRECTION('ref_axis',(-1.,0.,0.));
#3624=DIRECTION('center_axis',(-1.,0.,0.));
#3625=DIRECTION('ref_axis',(0.,-1.,0.));
#3626=DIRECTION('',(0.,1.,-2.59052039079203E-015));
#3627=DIRECTION('',(0.,0.,1.));
#3628=DIRECTION('',(0.,-1.,0.));
#3629=DIRECTION('',(0.,-3.83474051149103E-032,-1.));
#3630=DIRECTION('center_axis',(1.,0.,0.));
#3631=DIRECTION('ref_axis',(0.,1.,0.));
#3632=DIRECTION('',(0.,1.,0.));
#3633=DIRECTION('',(0.,0.,1.));
#3634=DIRECTION('center_axis',(-1.,0.,0.));
#3635=DIRECTION('ref_axis',(0.,-1.,0.));
#3636=DIRECTION('',(0.,0.,1.));
#3637=DIRECTION('center_axis',(0.,-1.,0.));
#3638=DIRECTION('ref_axis',(1.,0.,0.));
#3639=DIRECTION('',(0.,0.,1.));
#3640=DIRECTION('',(1.,1.36642833800019E-016,0.));
#3641=DIRECTION('',(1.,1.36642833800019E-016,0.));
#3642=DIRECTION('',(-3.88578058618805E-016,0.,-1.));
#3643=DIRECTION('',(1.,0.,0.));
#3644=DIRECTION('',(3.33066907387547E-016,0.,1.));
#3645=DIRECTION('',(3.33066907387547E-016,0.,1.));
#3646=DIRECTION('',(3.33066907387547E-016,0.,1.));
#3647=DIRECTION('',(1.,1.36642833800019E-016,0.));
#3648=DIRECTION('',(0.,0.,1.));
#3649=DIRECTION('center_axis',(-1.,0.,0.));
#3650=DIRECTION('ref_axis',(0.,-1.,0.));
#3651=DIRECTION('',(0.,0.,1.));
#3652=DIRECTION('center_axis',(1.,0.,0.));
#3653=DIRECTION('ref_axis',(0.,1.,0.));
#3654=DIRECTION('',(0.,-1.,3.70074341541719E-016));
#3655=DIRECTION('',(0.,0.,1.));
#3656=DIRECTION('',(0.,1.,0.));
#3657=DIRECTION('',(0.,-3.83474051149103E-032,-1.));
#3658=DIRECTION('center_axis',(0.,1.,0.));
#3659=DIRECTION('ref_axis',(-1.,0.,0.));
#3660=DIRECTION('',(0.,0.,1.));
#3661=DIRECTION('',(-1.,1.36642833800019E-016,0.));
#3662=DIRECTION('',(0.,0.,1.));
#3663=DIRECTION('',(1.,0.,0.));
#3664=DIRECTION('',(-3.33066907387547E-016,0.,-1.));
#3665=DIRECTION('',(-3.33066907387547E-016,0.,-1.));
#3666=DIRECTION('',(-1.,0.,0.));
#3667=DIRECTION('',(3.88578058618805E-016,0.,1.));
#3668=DIRECTION('',(-1.,1.36642833800019E-016,0.));
#3669=DIRECTION('center_axis',(0.,0.,1.));
#3670=DIRECTION('ref_axis',(1.,0.,0.));
#3671=DIRECTION('',(-9.86864910777917E-017,1.,0.));
#3672=DIRECTION('center_axis',(0.,0.,1.));
#3673=DIRECTION('ref_axis',(1.,0.,0.));
#3674=DIRECTION('center_axis',(0.,0.,-1.));
#3675=DIRECTION('ref_axis',(0.,-1.,0.));
#3676=DIRECTION('',(-1.,-1.70803542250024E-016,0.));
#3677=DIRECTION('center_axis',(0.,0.,-1.));
#3678=DIRECTION('ref_axis',(0.,1.,0.));
#3679=DIRECTION('',(1.,2.04964250700029E-016,0.));
#3680=DIRECTION('center_axis',(0.,0.,-1.));
#3681=DIRECTION('ref_axis',(0.,-1.,0.));
#3682=DIRECTION('',(1.,6.83214169000096E-017,0.));
#3683=DIRECTION('center_axis',(0.,0.,-1.));
#3684=DIRECTION('ref_axis',(0.,1.,0.));
#3685=DIRECTION('',(-1.,-1.36642833800019E-016,0.));
#3686=DIRECTION('center_axis',(0.,0.,1.));
#3687=DIRECTION('ref_axis',(0.,1.,0.));
#3688=DIRECTION('',(3.80647894157196E-016,-1.,0.));
#3689=DIRECTION('center_axis',(0.,0.,1.));
#3690=DIRECTION('ref_axis',(-1.,0.,0.));
#3691=DIRECTION('',(0.,1.,0.));
#3692=DIRECTION('center_axis',(0.,0.,1.));
#3693=DIRECTION('ref_axis',(0.,1.,0.));
#3694=DIRECTION('',(0.,0.,1.));
#3695=DIRECTION('center_axis',(-1.,-3.80647894157196E-016,0.));
#3696=DIRECTION('ref_axis',(0.,-1.,0.));
#3697=DIRECTION('',(0.,0.,1.));
#3698=DIRECTION('center_axis',(0.,0.,1.));
#3699=DIRECTION('ref_axis',(-1.,0.,0.));
#3700=DIRECTION('center_axis',(-6.83214169000096E-017,1.,0.));
#3701=DIRECTION('ref_axis',(1.,0.,0.));
#3702=DIRECTION('',(0.,0.,-1.));
#3703=DIRECTION('',(0.,0.,-1.));
#3704=DIRECTION('center_axis',(0.,0.,-1.));
#3705=DIRECTION('ref_axis',(0.,1.,0.));
#3706=DIRECTION('',(0.,0.,-1.));
#3707=DIRECTION('center_axis',(1.36642833800019E-016,-1.,0.));
#3708=DIRECTION('ref_axis',(-1.,0.,0.));
#3709=DIRECTION('',(0.,0.,-1.));
#3710=DIRECTION('center_axis',(0.,0.,-1.));
#3711=DIRECTION('ref_axis',(0.,-1.,0.));
#3712=DIRECTION('center_axis',(1.70803542250024E-016,-1.,0.));
#3713=DIRECTION('ref_axis',(-1.,0.,0.));
#3714=DIRECTION('',(0.,0.,-1.));
#3715=DIRECTION('',(0.,0.,-1.));
#3716=DIRECTION('center_axis',(0.,0.,-1.));
#3717=DIRECTION('ref_axis',(0.,1.,0.));
#3718=DIRECTION('',(0.,0.,-1.));
#3719=DIRECTION('center_axis',(-2.04964250700029E-016,1.,0.));
#3720=DIRECTION('ref_axis',(1.,3.5527136788005E-016,0.));
#3721=DIRECTION('',(0.,0.,-1.));
#3722=DIRECTION('center_axis',(0.,0.,-1.));
#3723=DIRECTION('ref_axis',(0.,-1.,0.));
#3724=DIRECTION('center_axis',(0.,0.,-1.));
#3725=DIRECTION('ref_axis',(-1.,0.,0.));
#3726=DIRECTION('',(0.,1.,0.));
#3727=DIRECTION('',(-1.,-8.16875634916253E-048,1.09954176509288E-016));
#3728=DIRECTION('',(0.,1.,0.));
#3729=DIRECTION('',(0.,1.,0.));
#3730=DIRECTION('center_axis',(-1.,0.,3.88578058618805E-016));
#3731=DIRECTION('ref_axis',(3.88578058618805E-016,0.,1.));
#3732=DIRECTION('center_axis',(1.,0.,-3.33066907387547E-016));
#3733=DIRECTION('ref_axis',(-3.5527136788005E-016,0.,-1.));
#3734=DIRECTION('',(-2.96059473233375E-016,0.,-1.));
#3735=DIRECTION('center_axis',(0.,-1.,0.));
#3736=DIRECTION('ref_axis',(1.,0.,0.));
#3737=DIRECTION('',(-0.495672868074544,0.,0.868509302111817));
#3738=DIRECTION('center_axis',(0.,1.,0.));
#3739=DIRECTION('ref_axis',(-2.22044604925031E-015,0.,-1.));
#3740=DIRECTION('center_axis',(0.,1.,0.));
#3741=DIRECTION('ref_axis',(0.868509302111817,0.,-0.495672868074545));
#3742=DIRECTION('',(-0.495672868074544,0.,-0.868509302111817));
#3743=DIRECTION('center_axis',(0.,-1.,0.));
#3744=DIRECTION('ref_axis',(0.868509302111816,0.,-0.495672868074546));
#3745=DIRECTION('',(0.,0.,1.));
#3746=DIRECTION('center_axis',(1.39790938680246E-030,1.,-2.18320883785917E-029));
#3747=DIRECTION('ref_axis',(0.,0.,1.));
#3748=DIRECTION('',(-1.,0.,2.53534733739464E-016));
#3749=DIRECTION('center_axis',(0.,0.,-1.));
#3750=DIRECTION('ref_axis',(-1.,0.,0.));
#3751=DIRECTION('center_axis',(0.,0.,-1.));
#3752=DIRECTION('ref_axis',(-1.,0.,0.));
#3753=DIRECTION('center_axis',(0.,0.,-1.));
#3754=DIRECTION('ref_axis',(-1.,0.,0.));
#3755=DIRECTION('center_axis',(0.,0.,-1.));
#3756=DIRECTION('ref_axis',(-1.,0.,0.));
#3757=DIRECTION('center_axis',(-1.,0.,3.20378644248974E-016));
#3758=DIRECTION('ref_axis',(0.,0.,-1.));
#3759=DIRECTION('center_axis',(-8.62309145339927E-017,-1.,0.));
#3760=DIRECTION('ref_axis',(1.,0.,0.));
#3761=DIRECTION('',(1.,-8.62309145339927E-017,-2.46415354246071E-016));
#3762=DIRECTION('center_axis',(2.46415354246071E-016,0.,1.));
#3763=DIRECTION('ref_axis',(-1.,0.,0.));
#3764=DIRECTION('center_axis',(0.,1.,0.));
#3765=DIRECTION('ref_axis',(1.,0.,-1.11022302462516E-016));
#3766=DIRECTION('center_axis',(0.,1.,0.));
#3767=DIRECTION('ref_axis',(1.,0.,-1.11022302462516E-016));
#3768=DIRECTION('center_axis',(0.,1.,0.));
#3769=DIRECTION('ref_axis',(1.,0.,-1.11022302462516E-016));
#3770=DIRECTION('center_axis',(0.,1.,0.));
#3771=DIRECTION('ref_axis',(1.,0.,-1.11022302462516E-016));
#3772=DIRECTION('center_axis',(0.,1.,0.));
#3773=DIRECTION('ref_axis',(1.,0.,-1.11022302462516E-016));
#3774=DIRECTION('center_axis',(0.,1.,0.));
#3775=DIRECTION('ref_axis',(1.,0.,-1.11022302462516E-016));
#3776=DIRECTION('center_axis',(0.,1.,0.));
#3777=DIRECTION('ref_axis',(1.,0.,-1.11022302462516E-016));
#3778=DIRECTION('center_axis',(0.,1.,0.));
#3779=DIRECTION('ref_axis',(1.,0.,-1.11022302462516E-016));
#3780=DIRECTION('center_axis',(0.,0.,1.));
#3781=DIRECTION('ref_axis',(1.,0.,0.));
#3782=DIRECTION('',(1.,1.23852136998406E-047,0.));
#3783=DIRECTION('',(0.,1.,0.));
#3784=DIRECTION('center_axis',(0.,0.,1.));
#3785=DIRECTION('ref_axis',(1.,0.,0.));
#3786=DIRECTION('',(-1.,-1.23852136998406E-047,0.));
#3787=DIRECTION('',(-9.86864910777917E-017,1.,0.));
#3788=DIRECTION('center_axis',(0.,0.,1.));
#3789=DIRECTION('ref_axis',(1.,0.,0.));
#3790=DIRECTION('',(-1.,-1.23852136998406E-047,0.));
#3791=DIRECTION('',(0.,-1.,0.));
#3792=DIRECTION('center_axis',(-1.,0.,0.));
#3793=DIRECTION('ref_axis',(0.,-1.,0.));
#3794=DIRECTION('',(0.,1.,-3.70074341541719E-016));
#3795=DIRECTION('',(0.,3.83474051149103E-032,1.));
#3796=DIRECTION('center_axis',(-1.,0.,3.88578058618805E-016));
#3797=DIRECTION('ref_axis',(3.88578058618805E-016,0.,1.));
#3798=DIRECTION('',(3.88578058618805E-016,3.83474051149103E-032,1.));
#3799=DIRECTION('center_axis',(-1.,0.,3.88578058618805E-016));
#3800=DIRECTION('ref_axis',(3.88578058618805E-016,0.,1.));
#3801=DIRECTION('center_axis',(1.,0.,0.));
#3802=DIRECTION('ref_axis',(0.,1.,0.));
#3803=DIRECTION('',(0.,-1.,2.59052039079203E-015));
#3804=DIRECTION('',(0.,3.83474051149103E-032,1.));
#3805=DIRECTION('center_axis',(-1.23852136998406E-047,1.,-3.83474051149103E-032));
#3806=DIRECTION('ref_axis',(-3.88578058618805E-016,0.,-1.));
#3807=DIRECTION('center_axis',(-1.23852136998406E-047,1.,-3.83474051149103E-032));
#3808=DIRECTION('ref_axis',(-3.88578058618805E-016,0.,-1.));
#3809=DIRECTION('',(-1.,0.,3.22973970800046E-016));
#3810=DIRECTION('center_axis',(-3.22973970800046E-016,-3.70074341541719E-016,
-1.));
#3811=DIRECTION('ref_axis',(0.,-1.,7.105427357601E-016));
#3812=DIRECTION('center_axis',(1.23852136998406E-047,-1.,3.83474051149103E-032));
#3813=DIRECTION('ref_axis',(3.88578058618805E-016,0.,1.));
#3814=DIRECTION('',(-1.,0.,3.22973970800046E-016));
#3815=DIRECTION('center_axis',(-3.22973970800046E-016,-2.59052039079203E-015,
-1.));
#3816=DIRECTION('ref_axis',(0.,-1.,2.8421709430404E-015));
#3817=DIRECTION('center_axis',(-3.22973970800046E-016,-2.59052039079203E-015,
-1.));
#3818=DIRECTION('ref_axis',(0.,-1.,2.8421709430404E-015));
#3819=DIRECTION('center_axis',(1.,2.96059473233375E-016,0.));
#3820=DIRECTION('ref_axis',(0.,1.,0.));
#3821=DIRECTION('center_axis',(-1.,0.,0.));
#3822=DIRECTION('ref_axis',(0.,-1.,0.));
#3823=DIRECTION('',(0.,0.,1.));
#3824=DIRECTION('center_axis',(0.,0.,1.));
#3825=DIRECTION('ref_axis',(1.,2.22044604925031E-016,0.));
#3826=CARTESIAN_POINT('',(0.,0.,0.));
#3827=CARTESIAN_POINT('Origin',(-8.36934549770585,-39.,60.));
#3828=CARTESIAN_POINT('',(-8.36934549770584,39.,62.));
#3829=CARTESIAN_POINT('',(-8.36934549770585,39.,60.));
#3830=CARTESIAN_POINT('',(-8.36934549770584,39.,70.));
#3831=CARTESIAN_POINT('',(-8.36934549770584,33.,62.));
#3832=CARTESIAN_POINT('',(-8.36934549770584,-39.,62.));
#3833=CARTESIAN_POINT('',(-8.36934549770585,33.,60.));
#3834=CARTESIAN_POINT('',(-8.36934549770586,33.,31.5));
#3835=CARTESIAN_POINT('',(-8.36934549770585,3.17419048168709E-030,60.));
#3836=CARTESIAN_POINT('Origin',(-8.36934549770585,-39.,60.));
#3837=CARTESIAN_POINT('',(-8.36934549770584,-33.,62.));
#3838=CARTESIAN_POINT('',(-8.36934549770585,-33.,60.));
#3839=CARTESIAN_POINT('',(-8.36934549770585,-33.,31.5));
#3840=CARTESIAN_POINT('',(-8.36934549770584,-39.,62.));
#3841=CARTESIAN_POINT('',(-8.36934549770584,-39.,62.));
#3842=CARTESIAN_POINT('',(-8.36934549770585,-39.,60.));
#3843=CARTESIAN_POINT('',(-8.36934549770585,-39.,60.));
#3844=CARTESIAN_POINT('',(-8.36934549770585,-36.,60.));
#3845=CARTESIAN_POINT('Origin',(-25.1760087813401,-39.,62.));
#3846=CARTESIAN_POINT('',(-25.1760087813401,33.,62.));
#3847=CARTESIAN_POINT('',(-25.1760087813401,33.,60.));
#3848=CARTESIAN_POINT('',(-25.1760087813401,33.,32.5));
#3849=CARTESIAN_POINT('',(-25.1760087813401,39.,62.));
#3850=CARTESIAN_POINT('',(-25.1760087813401,-39.,62.));
#3851=CARTESIAN_POINT('',(-25.1760087813401,39.,60.));
#3852=CARTESIAN_POINT('',(-25.1760087813401,39.,71.));
#3853=CARTESIAN_POINT('',(-25.1760087813401,-3.70074341541716E-016,60.));
#3854=CARTESIAN_POINT('Origin',(-36.,-39.,62.));
#3855=CARTESIAN_POINT('',(-36.,33.,62.));
#3856=CARTESIAN_POINT('',(-37.5,33.,62.));
#3857=CARTESIAN_POINT('',(-36.,39.,62.));
#3858=CARTESIAN_POINT('',(-36.,-39.,62.));
#3859=CARTESIAN_POINT('',(-17.5,39.,62.));
#3860=CARTESIAN_POINT('Origin',(-25.1760087813401,-39.,62.));
#3861=CARTESIAN_POINT('',(-25.1760087813401,-33.,60.));
#3862=CARTESIAN_POINT('',(-25.1760087813401,-33.,62.));
#3863=CARTESIAN_POINT('',(-25.1760087813401,-33.,32.5));
#3864=CARTESIAN_POINT('',(-25.1760087813401,-39.,60.));
#3865=CARTESIAN_POINT('',(-25.1760087813401,-36.,60.));
#3866=CARTESIAN_POINT('',(-25.1760087813401,-39.,62.));
#3867=CARTESIAN_POINT('',(-25.1760087813401,-39.,61.));
#3868=CARTESIAN_POINT('',(-25.1760087813401,-39.,62.));
#3869=CARTESIAN_POINT('Origin',(-36.,-39.,62.));
#3870=CARTESIAN_POINT('',(-36.,-33.,62.));
#3871=CARTESIAN_POINT('',(-36.,-33.,62.));
#3872=CARTESIAN_POINT('',(-36.,-39.,62.));
#3873=CARTESIAN_POINT('',(-17.5,-39.,62.));
#3874=CARTESIAN_POINT('',(-36.,-39.,62.));
#3875=CARTESIAN_POINT('Origin',(0.999999999999988,-39.,60.));
#3876=CARTESIAN_POINT('',(0.999999999999989,-39.,62.));
#3877=CARTESIAN_POINT('',(-3.68467274885293,-39.,62.));
#3878=CARTESIAN_POINT('',(1.,-39.,79.));
#3879=CARTESIAN_POINT('',(0.999999999999988,-39.,61.));
#3880=CARTESIAN_POINT('',(-36.,-39.,79.));
#3881=CARTESIAN_POINT('',(-16.7899880350871,-39.,79.));
#3882=CARTESIAN_POINT('',(-36.,-39.,31.5));
#3883=CARTESIAN_POINT('',(0.999999999999988,-39.,60.));
#3884=CARTESIAN_POINT('Origin',(0.999999999999988,39.,60.));
#3885=CARTESIAN_POINT('',(0.999999999999988,33.,60.));
#3886=CARTESIAN_POINT('',(0.999999999999988,39.,60.));
#3887=CARTESIAN_POINT('Origin',(-8.75000000000002,-23.25,32.5));
#3888=CARTESIAN_POINT('',(1.,-23.25,79.));
#3889=CARTESIAN_POINT('',(-8.75000000000001,-33.,79.));
#3890=CARTESIAN_POINT('Origin',(-8.75000000000001,-23.25,79.));
#3891=CARTESIAN_POINT('',(0.999999999999989,-23.25,62.));
#3892=CARTESIAN_POINT('',(0.999999999999978,-23.25,32.5));
#3893=CARTESIAN_POINT('',(-8.75000000000001,-33.,62.));
#3894=CARTESIAN_POINT('Origin',(-8.75000000000001,-23.25,62.));
#3895=CARTESIAN_POINT('',(-8.75000000000002,-33.,32.5));
#3896=CARTESIAN_POINT('Origin',(-34.5799760701742,-5.09858157679267E-015,
79.));
#3897=CARTESIAN_POINT('',(-5.,17.5,79.));
#3898=CARTESIAN_POINT('',(-5.,22.5,79.));
#3899=CARTESIAN_POINT('Origin',(-5.,20.,79.));
#3900=CARTESIAN_POINT('',(-70.,22.5,79.));
#3901=CARTESIAN_POINT('',(-52.2899880350871,22.5,79.));
#3902=CARTESIAN_POINT('',(-70.,17.5,79.));
#3903=CARTESIAN_POINT('Origin',(-70.,20.,79.));
#3904=CARTESIAN_POINT('',(-19.7899880350871,17.5,79.));
#3905=CARTESIAN_POINT('',(-70.,-20.5,79.));
#3906=CARTESIAN_POINT('',(-70.,-25.5,79.));
#3907=CARTESIAN_POINT('Origin',(-70.,-23.,79.));
#3908=CARTESIAN_POINT('',(-5.,-25.5,79.));
#3909=CARTESIAN_POINT('',(-19.7899880350871,-25.5,79.));
#3910=CARTESIAN_POINT('',(-5.,-20.5,79.));
#3911=CARTESIAN_POINT('Origin',(-5.,-23.,79.));
#3912=CARTESIAN_POINT('',(-52.2899880350871,-20.5,79.));
#3913=CARTESIAN_POINT('',(-72.7,-28.5,79.));
#3914=CARTESIAN_POINT('Origin',(-71.,-28.5,79.));
#3915=CARTESIAN_POINT('',(-72.7,25.5,79.));
#3916=CARTESIAN_POINT('Origin',(-71.,25.5,79.));
#3917=CARTESIAN_POINT('',(-42.7,25.5,79.));
#3918=CARTESIAN_POINT('Origin',(-41.,25.5,79.));
#3919=CARTESIAN_POINT('',(-42.7,-28.5,79.));
#3920=CARTESIAN_POINT('Origin',(-41.,-28.5,79.));
#3921=CARTESIAN_POINT('',(-57.,-33.,79.));
#3922=CARTESIAN_POINT('',(-16.7899880350871,-33.,79.));
#3923=CARTESIAN_POINT('',(-57.,-45.,79.));
#3924=CARTESIAN_POINT('',(-57.,-45.,79.));
#3925=CARTESIAN_POINT('',(-64.,-45.,79.));
#3926=CARTESIAN_POINT('',(-64.,-45.,79.));
#3927=CARTESIAN_POINT('',(-74.,-35.,79.));
#3928=CARTESIAN_POINT('Origin',(-64.,-35.,79.));
#3929=CARTESIAN_POINT('',(-74.,35.,79.));
#3930=CARTESIAN_POINT('',(-74.,35.,79.));
#3931=CARTESIAN_POINT('',(-64.,45.,79.));
#3932=CARTESIAN_POINT('Origin',(-64.,35.,79.));
#3933=CARTESIAN_POINT('',(-57.,45.,79.));
#3934=CARTESIAN_POINT('',(0.999999999999996,45.,79.));
#3935=CARTESIAN_POINT('',(-57.,33.,79.));
#3936=CARTESIAN_POINT('',(-57.,33.,79.));
#3937=CARTESIAN_POINT('',(-8.75,33.,79.));
#3938=CARTESIAN_POINT('',(-54.,33.,79.));
#3939=CARTESIAN_POINT('',(0.999999999999999,23.25,79.));
#3940=CARTESIAN_POINT('Origin',(-8.75,23.25,79.));
#3941=CARTESIAN_POINT('',(1.00000000000001,-45.,79.));
#3942=CARTESIAN_POINT('Origin',(-36.,-33.,3.));
#3943=CARTESIAN_POINT('',(0.999999999999988,-33.,60.));
#3944=CARTESIAN_POINT('',(-36.,-33.,3.));
#3945=CARTESIAN_POINT('',(-36.,-33.,3.));
#3946=CARTESIAN_POINT('',(-36.5,-33.,3.));
#3947=CARTESIAN_POINT('',(-18.,-33.,3.));
#3948=CARTESIAN_POINT('',(-36.5,-33.,23.));
#3949=CARTESIAN_POINT('',(-36.5,-33.,13.));
#3950=CARTESIAN_POINT('',(-39.,-33.,30.664854858378));
#3951=CARTESIAN_POINT('Origin',(-49.5,-33.,23.));
#3952=CARTESIAN_POINT('',(-39.,-33.,60.));
#3953=CARTESIAN_POINT('',(-39.,-33.,3.));
#3954=CARTESIAN_POINT('',(-54.,-33.,60.));
#3955=CARTESIAN_POINT('',(0.999999999999988,-33.,60.));
#3956=CARTESIAN_POINT('',(-54.,-33.,35.1963109176505));
#3957=CARTESIAN_POINT('',(-54.,-33.,3.));
#3958=CARTESIAN_POINT('',(-57.,-33.,33.6183802907976));
#3959=CARTESIAN_POINT('Origin',(-49.5,-33.,23.));
#3960=CARTESIAN_POINT('',(-57.,-33.,3.));
#3961=CARTESIAN_POINT('',(-14.5,-33.,62.));
#3962=CARTESIAN_POINT('Origin',(-8.75000000000002,23.25,32.5));
#3963=CARTESIAN_POINT('',(-8.75000000000001,33.,62.));
#3964=CARTESIAN_POINT('',(-8.75000000000002,33.,32.5));
#3965=CARTESIAN_POINT('',(0.999999999999989,23.25,62.));
#3966=CARTESIAN_POINT('Origin',(-8.75000000000001,23.25,62.));
#3967=CARTESIAN_POINT('',(0.999999999999978,23.25,32.5));
#3968=CARTESIAN_POINT('Origin',(-39.,33.,3.));
#3969=CARTESIAN_POINT('',(-16.,33.,62.));
#3970=CARTESIAN_POINT('',(-57.,33.,3.));
#3971=CARTESIAN_POINT('',(-57.,33.,3.));
#3972=CARTESIAN_POINT('',(-54.,33.,3.));
#3973=CARTESIAN_POINT('',(-28.5,33.,3.));
#3974=CARTESIAN_POINT('',(-54.,33.,60.));
#3975=CARTESIAN_POINT('',(-54.,33.,3.));
#3976=CARTESIAN_POINT('',(-39.,33.,60.));
#3977=CARTESIAN_POINT('',(0.999999999999988,33.,60.));
#3978=CARTESIAN_POINT('',(-39.,33.,3.));
#3979=CARTESIAN_POINT('',(-39.,33.,3.));
#3980=CARTESIAN_POINT('',(-35.5,33.,3.));
#3981=CARTESIAN_POINT('',(-63.5,33.,3.));
#3982=CARTESIAN_POINT('',(-35.5,33.,25.));
#3983=CARTESIAN_POINT('',(-35.5,33.,3.));
#3984=CARTESIAN_POINT('',(-38.5,33.,33.6602540378444));
#3985=CARTESIAN_POINT('Origin',(-49.5,33.,25.));
#3986=CARTESIAN_POINT('',(-38.5,33.,43.));
#3987=CARTESIAN_POINT('',(-38.5,33.,3.));
#3988=CARTESIAN_POINT('',(-36.,33.,43.));
#3989=CARTESIAN_POINT('',(-22.2513157894737,33.,43.));
#3990=CARTESIAN_POINT('',(-36.,33.,31.5));
#3991=CARTESIAN_POINT('Origin',(-41.,20.,0.));
#3992=CARTESIAN_POINT('',(-44.,20.,3.));
#3993=CARTESIAN_POINT('Origin',(-41.,20.,3.));
#3994=CARTESIAN_POINT('',(-44.,20.,0.));
#3995=CARTESIAN_POINT('Origin',(-41.,20.,0.));
#3996=CARTESIAN_POINT('Origin',(-41.,-20.,0.));
#3997=CARTESIAN_POINT('',(-41.,-23.,3.));
#3998=CARTESIAN_POINT('Origin',(-41.,-20.,3.));
#3999=CARTESIAN_POINT('',(-44.,-20.,0.));
#4000=CARTESIAN_POINT('Origin',(-41.,-20.,0.));
#4001=CARTESIAN_POINT('Origin',(3.19393748983471E-016,-1.91636249390082E-015,
3.));
#4002=CARTESIAN_POINT('',(23.0227586640478,10.,3.));
#4003=CARTESIAN_POINT('',(5.5,10.,3.));
#4004=CARTESIAN_POINT('',(-12.5,10.,3.));
#4005=CARTESIAN_POINT('',(5.5,22.,3.));
#4006=CARTESIAN_POINT('',(5.5,11.,3.));
#4007=CARTESIAN_POINT('',(31.25,22.,3.));
#4008=CARTESIAN_POINT('',(-1.25378787878788,22.,3.));
#4009=CARTESIAN_POINT('',(31.25,14.75,3.));
#4010=CARTESIAN_POINT('',(31.25,5.,3.));
#4011=CARTESIAN_POINT('Ctrl Pts',(31.25,14.75,3.));
#4012=CARTESIAN_POINT('Ctrl Pts',(30.5918917225577,14.0918917225577,3.));
#4013=CARTESIAN_POINT('Ctrl Pts',(29.868817154088,13.3661303100587,3.));
#4014=CARTESIAN_POINT('Ctrl Pts',(28.3294318095335,12.0374591493145,3.));
#4015=CARTESIAN_POINT('Ctrl Pts',(27.508144480108,11.4403261257124,3.));
#4016=CARTESIAN_POINT('Ctrl Pts',(26.1555648778592,10.7123523264178,3.));
#4017=CARTESIAN_POINT('Ctrl Pts',(25.5455280313908,10.4492603715697,3.));
#4018=CARTESIAN_POINT('Ctrl Pts',(24.2819826268335,10.0924080586241,3.));
#4019=CARTESIAN_POINT('Ctrl Pts',(23.6280925410023,9.99999999999999,3.));
#4020=CARTESIAN_POINT('Ctrl Pts',(23.0227586640478,9.99999999999999,3.));
#4021=CARTESIAN_POINT('',(-37.75,28.5,3.));
#4022=CARTESIAN_POINT('Origin',(-39.5,28.5,3.));
#4023=CARTESIAN_POINT('',(-57.75,28.5,3.));
#4024=CARTESIAN_POINT('Origin',(-59.5,28.5,3.));
#4025=CARTESIAN_POINT('',(-45.75,40.,3.));
#4026=CARTESIAN_POINT('Origin',(-47.5,40.,3.));
#4027=CARTESIAN_POINT('',(-45.75,-43.,3.));
#4028=CARTESIAN_POINT('Origin',(-47.5,-43.,3.));
#4029=CARTESIAN_POINT('',(14.25,-43.,3.));
#4030=CARTESIAN_POINT('Origin',(12.5,-43.,3.));
#4031=CARTESIAN_POINT('',(54.25,40.,3.));
#4032=CARTESIAN_POINT('Origin',(52.5,40.,3.));
#4033=CARTESIAN_POINT('',(-57.,45.,3.));
#4034=CARTESIAN_POINT('',(-57.,22.5,3.));
#4035=CARTESIAN_POINT('',(-54.,45.,3.));
#4036=CARTESIAN_POINT('',(-27.,45.,3.));
#4037=CARTESIAN_POINT('',(-54.,16.5,3.));
#4038=CARTESIAN_POINT('',(-62.5,-23.,3.));
#4039=CARTESIAN_POINT('',(-24.75,-23.,3.));
#4040=CARTESIAN_POINT('',(-36.5,-23.,3.));
#4041=CARTESIAN_POINT('',(-24.75,-23.,3.));
#4042=CARTESIAN_POINT('',(-36.5,-16.5,3.));
#4043=CARTESIAN_POINT('',(-36.,-45.,3.));
#4044=CARTESIAN_POINT('',(-36.,-22.5,3.));
#4045=CARTESIAN_POINT('',(-39.,-45.,3.));
#4046=CARTESIAN_POINT('',(-19.5,-45.,3.));
#4047=CARTESIAN_POINT('',(-39.,-33.,3.));
#4048=CARTESIAN_POINT('',(-39.,-16.5,3.));
#4049=CARTESIAN_POINT('',(-54.,-33.,3.));
#4050=CARTESIAN_POINT('',(-24.75,-33.,3.));
#4051=CARTESIAN_POINT('',(-54.,-45.,3.));
#4052=CARTESIAN_POINT('',(-54.,-22.5,3.));
#4053=CARTESIAN_POINT('',(-57.,-45.,3.));
#4054=CARTESIAN_POINT('',(-28.5,-45.,3.));
#4055=CARTESIAN_POINT('',(-57.,-33.,3.));
#4056=CARTESIAN_POINT('',(-57.,-16.5,3.));
#4057=CARTESIAN_POINT('',(-62.5,-33.,3.));
#4058=CARTESIAN_POINT('',(-24.75,-33.,3.));
#4059=CARTESIAN_POINT('',(-62.5,-40.,3.));
#4060=CARTESIAN_POINT('',(-62.5,-40.,3.));
#4061=CARTESIAN_POINT('',(-52.5,-50.,3.));
#4062=CARTESIAN_POINT('Origin',(-52.5,-40.,3.));
#4063=CARTESIAN_POINT('',(44.5,-50.,3.));
#4064=CARTESIAN_POINT('',(52.5,-50.,3.));
#4065=CARTESIAN_POINT('',(34.5,-40.,3.));
#4066=CARTESIAN_POINT('Origin',(44.5,-40.,3.));
#4067=CARTESIAN_POINT('',(34.5,-9.99999999999998,3.));
#4068=CARTESIAN_POINT('',(34.5,-4.99999999999999,3.));
#4069=CARTESIAN_POINT('',(54.5,-9.99999999999998,3.));
#4070=CARTESIAN_POINT('Origin',(44.5,-9.99999999999998,3.));
#4071=CARTESIAN_POINT('',(54.5,-40.,3.));
#4072=CARTESIAN_POINT('',(54.5,-20.,3.));
#4073=CARTESIAN_POINT('Origin',(44.5,-40.,3.));
#4074=CARTESIAN_POINT('',(52.5,-50.,3.));
#4075=CARTESIAN_POINT('',(52.5,-50.,3.));
#4076=CARTESIAN_POINT('',(62.5,-40.,3.));
#4077=CARTESIAN_POINT('Origin',(52.5,-40.,3.));
#4078=CARTESIAN_POINT('',(62.5,40.,3.));
#4079=CARTESIAN_POINT('',(62.5,40.,3.));
#4080=CARTESIAN_POINT('',(52.5,50.,3.));
#4081=CARTESIAN_POINT('Origin',(52.5,40.,3.));
#4082=CARTESIAN_POINT('',(-52.5,50.,3.));
#4083=CARTESIAN_POINT('',(-52.5,50.,3.));
#4084=CARTESIAN_POINT('',(-62.5,40.,3.));
#4085=CARTESIAN_POINT('Origin',(-52.5,40.,3.));
#4086=CARTESIAN_POINT('',(-62.5,-40.,3.));
#4087=CARTESIAN_POINT('',(-14.5,17.,3.));
#4088=CARTESIAN_POINT('',(-35.5,17.,3.));
#4089=CARTESIAN_POINT('',(-19.25,17.,3.));
#4090=CARTESIAN_POINT('',(-35.5,33.,3.));
#4091=CARTESIAN_POINT('',(-39.,45.,3.));
#4092=CARTESIAN_POINT('',(-39.,22.5,3.));
#4093=CARTESIAN_POINT('',(-36.,45.,3.));
#4094=CARTESIAN_POINT('',(-18.,45.,3.));
#4095=CARTESIAN_POINT('',(-33.,40.,3.00000000000001));
#4096=CARTESIAN_POINT('Origin',(-24.7395418080068,48.3562749151959,3.));
#4097=CARTESIAN_POINT('',(-33.,22.,3.00000000000002));
#4098=CARTESIAN_POINT('',(-33.,40.,3.00000000000001));
#4099=CARTESIAN_POINT('',(-14.5,22.,3.));
#4100=CARTESIAN_POINT('',(-1.25378787878788,22.,3.));
#4101=CARTESIAN_POINT('',(-14.5,11.,3.));
#4102=CARTESIAN_POINT('Origin',(14.,22.,36.));
#4103=CARTESIAN_POINT('',(14.,22.,38.));
#4104=CARTESIAN_POINT('',(16.,22.,36.));
#4105=CARTESIAN_POINT('Origin',(14.,22.,36.));
#4106=CARTESIAN_POINT('',(16.,10.,36.));
#4107=CARTESIAN_POINT('',(16.,22.,36.));
#4108=CARTESIAN_POINT('',(14.,10.,38.));
#4109=CARTESIAN_POINT('Origin',(14.,10.,36.));
#4110=CARTESIAN_POINT('',(14.,22.,38.));
#4111=CARTESIAN_POINT('Origin',(16.,22.,3.));
#4112=CARTESIAN_POINT('',(16.,22.,13.5));
#4113=CARTESIAN_POINT('',(16.,22.,13.6060606060606));
#4114=CARTESIAN_POINT('',(16.,10.,13.5));
#4115=CARTESIAN_POINT('',(16.,11.,13.5));
#4116=CARTESIAN_POINT('',(16.,10.,3.));
#4117=CARTESIAN_POINT('Origin',(-23.,22.,36.));
#4118=CARTESIAN_POINT('',(-23.,17.,38.));
#4119=CARTESIAN_POINT('',(-25.,17.,36.));
#4120=CARTESIAN_POINT('Origin',(-23.,17.,36.));
#4121=CARTESIAN_POINT('',(-25.,22.,36.));
#4122=CARTESIAN_POINT('',(-25.,22.,36.));
#4123=CARTESIAN_POINT('',(-23.,22.,38.));
#4124=CARTESIAN_POINT('Origin',(-23.,22.,36.));
#4125=CARTESIAN_POINT('',(-23.,22.,38.));
#4126=CARTESIAN_POINT('Origin',(-25.,22.,38.));
#4127=CARTESIAN_POINT('',(-25.,17.,13.5));
#4128=CARTESIAN_POINT('',(-25.,17.,3.));
#4129=CARTESIAN_POINT('',(-25.,22.,13.5));
#4130=CARTESIAN_POINT('',(-25.,11.,13.5));
#4131=CARTESIAN_POINT('',(-25.,22.,31.1060606060606));
#4132=CARTESIAN_POINT('Origin',(-14.5,11.,13.5));
#4133=CARTESIAN_POINT('Origin',(-14.5,22.,13.5));
#4134=CARTESIAN_POINT('Origin',(-14.5,17.,13.5));
#4135=CARTESIAN_POINT('Origin',(5.5,11.,13.5));
#4136=CARTESIAN_POINT('Origin',(5.5,22.,13.5));
#4137=CARTESIAN_POINT('Origin',(5.5,10.,13.5));
#4138=CARTESIAN_POINT('Origin',(-15.2513157894737,14.75,38.25));
#4139=CARTESIAN_POINT('',(-20.25,14.75,43.));
#4140=CARTESIAN_POINT('',(-20.25,10.,38.25));
#4141=CARTESIAN_POINT('Origin',(-20.25,14.75,38.25));
#4142=CARTESIAN_POINT('',(21.75,10.,38.25));
#4143=CARTESIAN_POINT('',(-15.2513157894737,10.,38.25));
#4144=CARTESIAN_POINT('',(21.75,14.75,43.));
#4145=CARTESIAN_POINT('Origin',(21.75,14.75,38.25));
#4146=CARTESIAN_POINT('',(-15.2513157894737,14.75,43.));
#4147=CARTESIAN_POINT('Origin',(-22.0013157894737,21.75,38.25));
#4148=CARTESIAN_POINT('',(-38.5,21.75,43.));
#4149=CARTESIAN_POINT('',(-38.5,17.,38.25));
#4150=CARTESIAN_POINT('Origin',(-38.5,21.75,38.25));
#4151=CARTESIAN_POINT('',(-29.4151513899117,17.,38.25));
#4152=CARTESIAN_POINT('',(-22.0013157894737,17.,38.25));
#4153=CARTESIAN_POINT('',(-29.4151513899117,21.75,43.));
#4154=CARTESIAN_POINT('Origin',(-29.4151513899117,21.75,38.25));
#4155=CARTESIAN_POINT('',(-22.0013157894737,21.75,43.));
#4156=CARTESIAN_POINT('Origin',(-29.4151513899117,12.25,38.25));
#4157=CARTESIAN_POINT('',(-24.8325756949558,13.5,38.25));
#4158=CARTESIAN_POINT('Origin',(-20.25,14.75,38.25));
#4159=CARTESIAN_POINT('Origin',(-29.4151513899117,12.25,43.));
#4160=CARTESIAN_POINT('Origin',(-29.4151513899117,12.25,38.25));
#4161=CARTESIAN_POINT('Origin',(-20.25,14.75,38.25));
#4162=CARTESIAN_POINT('Origin',(-20.25,14.75,38.25));
#4163=CARTESIAN_POINT('Origin',(21.75,14.75,3.));
#4164=CARTESIAN_POINT('',(21.75,10.,7.75));
#4165=CARTESIAN_POINT('',(26.5,14.75,7.75));
#4166=CARTESIAN_POINT('Origin',(21.75,14.75,7.75));
#4167=CARTESIAN_POINT('',(26.5,14.75,38.25));
#4168=CARTESIAN_POINT('',(26.5,14.75,3.));
#4169=CARTESIAN_POINT('Origin',(21.75,14.75,38.25));
#4170=CARTESIAN_POINT('',(21.75,10.,3.));
#4171=CARTESIAN_POINT('Origin',(31.25,14.75,7.75));
#4172=CARTESIAN_POINT('Origin',(31.25,14.75,7.75));
#4173=CARTESIAN_POINT('Origin',(31.25,10.,7.75));
#4174=CARTESIAN_POINT('Origin',(21.75,14.75,38.25));
#4175=CARTESIAN_POINT('Origin',(21.75,14.75,38.25));
#4176=CARTESIAN_POINT('Origin',(-29.4151513899117,12.25,3.));
#4177=CARTESIAN_POINT('',(-29.4151513899117,17.,38.));
#4178=CARTESIAN_POINT('',(-29.4151513899117,17.,3.));
#4179=CARTESIAN_POINT('',(-24.8325756949558,13.5,38.));
#4180=CARTESIAN_POINT('Origin',(-29.4151513899117,12.25,38.));
#4181=CARTESIAN_POINT('',(-24.8325756949558,13.5,3.));
#4182=CARTESIAN_POINT('Origin',(-38.5,17.,3.));
#4183=CARTESIAN_POINT('',(-38.5,17.,33.6602540378444));
#4184=CARTESIAN_POINT('',(-38.5,17.,3.));
#4185=CARTESIAN_POINT('',(-35.5,17.,25.));
#4186=CARTESIAN_POINT('Origin',(-49.5,17.,25.));
#4187=CARTESIAN_POINT('',(-35.5,17.,3.));
#4188=CARTESIAN_POINT('',(-11.25,17.,38.));
#4189=CARTESIAN_POINT('',(-30.8,17.,32.));
#4190=CARTESIAN_POINT('Origin',(-29.,17.,32.));
#4191=CARTESIAN_POINT('',(-30.8,17.,22.));
#4192=CARTESIAN_POINT('Origin',(-29.,17.,22.));
#4193=CARTESIAN_POINT('Origin',(-38.5,40.,3.));
#4194=CARTESIAN_POINT('',(-38.5,17.,43.));
#4195=CARTESIAN_POINT('',(-38.5,33.,33.6602540378444));
#4196=CARTESIAN_POINT('Origin',(-5.50263157894736,25.4973684210526,43.));
#4197=CARTESIAN_POINT('',(21.75,22.,43.));
#4198=CARTESIAN_POINT('',(21.75,17.7486842105263,43.));
#4199=CARTESIAN_POINT('',(-33.,22.,43.));
#4200=CARTESIAN_POINT('',(-4.00510366826156,22.,43.));
#4201=CARTESIAN_POINT('',(-33.,40.,43.));
#4202=CARTESIAN_POINT('',(-33.,32.7486842105263,43.));
#4203=CARTESIAN_POINT('',(-36.,45.,43.));
#4204=CARTESIAN_POINT('Origin',(-24.7395418080068,48.3562749151959,43.));
#4205=CARTESIAN_POINT('',(-36.,29.2486842105263,43.));
#4206=CARTESIAN_POINT('Origin',(21.75,17.7486842105263,38.25));
#4207=CARTESIAN_POINT('',(26.5,22.,38.25));
#4208=CARTESIAN_POINT('',(26.5,17.7486842105263,38.25));
#4209=CARTESIAN_POINT('Origin',(21.75,22.,38.25));
#4210=CARTESIAN_POINT('Origin',(26.5,10.,3.));
#4211=CARTESIAN_POINT('',(26.5,22.,7.75));
#4212=CARTESIAN_POINT('',(26.5,5.,7.75));
#4213=CARTESIAN_POINT('',(26.5,22.,13.6060606060606));
#4214=CARTESIAN_POINT('Origin',(31.25,5.,7.75));
#4215=CARTESIAN_POINT('Origin',(31.25,22.,7.75));
#4216=CARTESIAN_POINT('Origin',(-2.50757575757576,22.,24.2121212121212));
#4217=CARTESIAN_POINT('',(6.74621212121212,22.,38.));
#4218=CARTESIAN_POINT('',(-33.,22.,45.4242424242424));
#4219=CARTESIAN_POINT('',(21.3,22.,32.));
#4220=CARTESIAN_POINT('Origin',(19.5,22.,32.));
#4221=CARTESIAN_POINT('',(-27.2,22.,32.));
#4222=CARTESIAN_POINT('Origin',(-29.,22.,32.));
#4223=CARTESIAN_POINT('',(-27.2,22.,22.));
#4224=CARTESIAN_POINT('Origin',(-29.,22.,22.));
#4225=CARTESIAN_POINT('',(21.3,22.,22.));
#4226=CARTESIAN_POINT('Origin',(19.5,22.,22.));
#4227=CARTESIAN_POINT('Origin',(-20.25,14.75,3.));
#4228=CARTESIAN_POINT('',(-20.25,10.,38.));
#4229=CARTESIAN_POINT('Origin',(-20.25,14.75,38.));
#4230=CARTESIAN_POINT('',(-20.25,10.,3.));
#4231=CARTESIAN_POINT('Origin',(-49.5,-31.,13.4));
#4232=CARTESIAN_POINT('',(-48.,-33.,13.4));
#4233=CARTESIAN_POINT('Origin',(-49.5,-33.,13.4));
#4234=CARTESIAN_POINT('',(-49.5,-31.,11.9));
#4235=CARTESIAN_POINT('Origin',(-49.5,-31.,13.4));
#4236=CARTESIAN_POINT('Origin',(-49.5,-31.,32.6));
#4237=CARTESIAN_POINT('',(-48.,-33.,32.6));
#4238=CARTESIAN_POINT('Origin',(-49.5,-33.,32.6));
#4239=CARTESIAN_POINT('',(-49.5,-31.,34.1));
#4240=CARTESIAN_POINT('Origin',(-49.5,-31.,32.6));
#4241=CARTESIAN_POINT('Origin',(-49.5,-31.,23.));
#4242=CARTESIAN_POINT('Origin',(-49.5,-31.,23.));
#4243=CARTESIAN_POINT('Origin',(-49.5,-31.,23.));
#4244=CARTESIAN_POINT('Origin',(-24.7395418080068,48.3562749151959,24.2121212121212));
#4245=CARTESIAN_POINT('',(-36.,45.,3.));
#4246=CARTESIAN_POINT('',(-33.,40.,24.2121212121212));
#4247=CARTESIAN_POINT('Origin',(-36.,33.,3.));
#4248=CARTESIAN_POINT('',(-36.,45.,79.));
#4249=CARTESIAN_POINT('',(-36.,45.,3.));
#4250=CARTESIAN_POINT('',(-36.,39.,79.));
#4251=CARTESIAN_POINT('',(-36.,33.,79.));
#4252=CARTESIAN_POINT('',(-36.,39.,41.5));
#4253=CARTESIAN_POINT('Origin',(-39.5,28.5,4.));
#4254=CARTESIAN_POINT('',(-41.25,28.5,0.));
#4255=CARTESIAN_POINT('Origin',(-39.5,28.5,0.));
#4256=CARTESIAN_POINT('Origin',(-59.5,28.5,4.));
#4257=CARTESIAN_POINT('',(-61.25,28.5,0.));
#4258=CARTESIAN_POINT('Origin',(-59.5,28.5,0.));
#4259=CARTESIAN_POINT('Origin',(-49.5,-23.,23.));
#4260=CARTESIAN_POINT('',(-38.4,-23.,23.));
#4261=CARTESIAN_POINT('Origin',(-49.5,-23.,23.));
#4262=CARTESIAN_POINT('Origin',(-49.5,-33.,16.1026156194097));
#4263=CARTESIAN_POINT('',(-57.,-33.,3.));
#4264=CARTESIAN_POINT('',(-62.5,-33.,23.));
#4265=CARTESIAN_POINT('Origin',(-49.5,-33.,23.));
#4266=CARTESIAN_POINT('',(-62.5,-33.,3.));
#4267=CARTESIAN_POINT('Origin',(-36.5,-33.,23.));
#4268=CARTESIAN_POINT('',(-36.5,-23.,23.));
#4269=CARTESIAN_POINT('',(-36.5,-23.,23.));
#4270=CARTESIAN_POINT('',(-36.5,-33.,23.));
#4271=CARTESIAN_POINT('Origin',(-49.5,-33.,23.));
#4272=CARTESIAN_POINT('Origin',(-49.5,-33.,23.));
#4273=CARTESIAN_POINT('',(-62.5,-23.,23.));
#4274=CARTESIAN_POINT('Origin',(-49.5,-23.,23.));
#4275=CARTESIAN_POINT('',(-62.5,-33.,23.));
#4276=CARTESIAN_POINT('Origin',(-49.5,-23.,16.1026156194097));
#4277=CARTESIAN_POINT('',(-62.5,-23.,3.));
#4278=CARTESIAN_POINT('Origin',(-49.5,-33.,16.1026156194097));
#4279=CARTESIAN_POINT('',(-39.,-33.,3.));
#4280=CARTESIAN_POINT('',(-54.,-33.,3.));
#4281=CARTESIAN_POINT('Origin',(-35.5,33.,3.));
#4282=CARTESIAN_POINT('',(-35.5,33.,25.));
#4283=CARTESIAN_POINT('Origin',(-49.5,33.,25.));
#4284=CARTESIAN_POINT('Origin',(-41.,-28.5,83.));
#4285=CARTESIAN_POINT('',(-39.3,-28.5,82.));
#4286=CARTESIAN_POINT('Origin',(-41.,-28.5,82.));
#4287=CARTESIAN_POINT('Origin',(-41.,25.5,83.));
#4288=CARTESIAN_POINT('',(-39.3,25.5,82.));
#4289=CARTESIAN_POINT('Origin',(-41.,25.5,82.));
#4290=CARTESIAN_POINT('Origin',(-71.,25.5,83.));
#4291=CARTESIAN_POINT('',(-69.3,25.5,82.));
#4292=CARTESIAN_POINT('Origin',(-71.,25.5,82.));
#4293=CARTESIAN_POINT('Origin',(-71.,-28.5,83.));
#4294=CARTESIAN_POINT('',(-69.3,-28.5,82.));
#4295=CARTESIAN_POINT('Origin',(-71.,-28.5,82.));
#4296=CARTESIAN_POINT('Ctrl Pts',(53.3416667098996,-10.0493293549284,47.5718335104101));
#4297=CARTESIAN_POINT('Ctrl Pts',(53.3381124838583,-8.7283897783281,47.6600027686413));
#4298=CARTESIAN_POINT('Ctrl Pts',(52.7328163593751,-6.09127838048428,47.851763770443));
#4299=CARTESIAN_POINT('Ctrl Pts',(50.2151755490774,-2.92616718161063,48.1698623156646));
#4300=CARTESIAN_POINT('Ctrl Pts',(46.5888004920258,-1.1733007807403,48.5427453592592));
#4301=CARTESIAN_POINT('Ctrl Pts',(42.5760339614078,-1.17241615525979,48.9725425435768));
#4302=CARTESIAN_POINT('Ctrl Pts',(38.9607969557459,-2.90912447389637,49.4066537498511));
#4303=CARTESIAN_POINT('Ctrl Pts',(36.4498582157919,-6.05880452649507,49.7411030196336));
#4304=CARTESIAN_POINT('Ctrl Pts',(35.8503522695109,-8.69135783745946,49.8137010865064));
#4305=CARTESIAN_POINT('Ctrl Pts',(35.8521270326747,-10.0094100078423,49.7967631299394));
#4306=CARTESIAN_POINT('Ctrl Pts',(53.2216217318093,-10.0503090143288,47.5865840167509));
#4307=CARTESIAN_POINT('Ctrl Pts',(53.2190400674995,-8.74730642874774,47.672854045395));
#4308=CARTESIAN_POINT('Ctrl Pts',(52.6235338561752,-6.14514420530593,47.8616990229473));
#4309=CARTESIAN_POINT('Ctrl Pts',(50.140976263554,-3.0207658706761,48.1767355610316));
#4310=CARTESIAN_POINT('Ctrl Pts',(46.5633028469557,-1.28864815781583,48.5460059669826));
#4311=CARTESIAN_POINT('Ctrl Pts',(42.6018691982043,-1.28428832231681,48.9707743629386));
#4312=CARTESIAN_POINT('Ctrl Pts',(39.0294310235912,-2.99578654427297,49.3990708702069));
#4313=CARTESIAN_POINT('Ctrl Pts',(36.5455243631025,-6.10547162044115,49.7286202678797));
#4314=CARTESIAN_POINT('Ctrl Pts',(35.9519087743563,-8.70679369737653,49.7997927607205));
#4315=CARTESIAN_POINT('Ctrl Pts',(35.9536158762729,-10.0092333411,49.7828146434939));
#4316=CARTESIAN_POINT('Ctrl Pts',(52.9748146707051,-10.04833044806,47.5567931993701));
#4317=CARTESIAN_POINT('Ctrl Pts',(52.9745783200808,-8.78201545901949,47.6402419361434));
#4318=CARTESIAN_POINT('Ctrl Pts',(52.3991937662453,-6.25100238778032,47.8247807419096));
#4319=CARTESIAN_POINT('Ctrl Pts',(49.9871620469035,-3.2092249722589,48.1353988206694));
#4320=CARTESIAN_POINT('Ctrl Pts',(46.5068550233596,-1.51917104285282,48.4995297160004));
#4321=CARTESIAN_POINT('Ctrl Pts',(42.6479038723444,-1.50807804401367,48.9172543131345));
#4322=CARTESIAN_POINT('Ctrl Pts',(39.1608916089312,-3.16917463735947,49.3375231294174));
#4323=CARTESIAN_POINT('Ctrl Pts',(36.7309539950487,-6.19871241913479,49.66041999052));
#4324=CARTESIAN_POINT('Ctrl Pts',(36.149025332087,-8.73734909282994,49.7296808703103));
#4325=CARTESIAN_POINT('Ctrl Pts',(36.1505001143197,-10.0083449002114,49.7126689809075));
#4326=CARTESIAN_POINT('Ctrl Pts',(52.6150731835499,-10.0319608630397,47.3103201215538));
#4327=CARTESIAN_POINT('Ctrl Pts',(52.617773838707,-8.81825621663296,47.3930989606447));
#4328=CARTESIAN_POINT('Ctrl Pts',(52.0696487687297,-6.39004839386764,47.5767152594739));
#4329=CARTESIAN_POINT('Ctrl Pts',(49.7541842888077,-3.46805284245883,47.8866839489));
#4330=CARTESIAN_POINT('Ctrl Pts',(46.4081455227336,-1.84150958365034,48.2503586834535));
#4331=CARTESIAN_POINT('Ctrl Pts',(42.6929199740795,-1.8262888679546,48.6676706188444));
#4332=CARTESIAN_POINT('Ctrl Pts',(39.3297181339989,-3.42001042464542,49.0876464622575));
#4333=CARTESIAN_POINT('Ctrl Pts',(36.9813765129185,-6.33526435017221,49.4104646472646));
#4334=CARTESIAN_POINT('Ctrl Pts',(36.4176645439942,-8.78103316168983,49.4797936382078));
#4335=CARTESIAN_POINT('Ctrl Pts',(36.4184996829875,-10.0051811545646,49.4628796730424));
#4336=CARTESIAN_POINT('Ctrl Pts',(52.5,-10.0120230869713,47.0101216115536));
#4337=CARTESIAN_POINT('Ctrl Pts',(52.5018430238975,-8.81445670731981,47.0955394788883));
#4338=CARTESIAN_POINT('Ctrl Pts',(51.9577428745578,-6.41908530798792,47.2833331292065));
#4339=CARTESIAN_POINT('Ctrl Pts',(49.6661892665868,-3.53806130770673,47.5979083507967));
#4340=CARTESIAN_POINT('Ctrl Pts',(46.356003047012,-1.93774419327688,47.9673411728404));
#4341=CARTESIAN_POINT('Ctrl Pts',(42.6845263131856,-1.93068607169556,48.3927040865237));
#4342=CARTESIAN_POINT('Ctrl Pts',(39.3667061145867,-3.5105629480839,48.8219477617528));
#4343=CARTESIAN_POINT('Ctrl Pts',(37.0544407543032,-6.38785874447412,49.1525281277387));
#4344=CARTESIAN_POINT('Ctrl Pts',(36.4997083613866,-8.79690374916491,49.2242031050223));
#4345=CARTESIAN_POINT('Ctrl Pts',(36.5,-10.0019461065286,49.2074607803653));
#4346=CARTESIAN_POINT('Ctrl Pts',(52.5,-9.99999999999997,46.829092755477));
#4347=CARTESIAN_POINT('Ctrl Pts',(52.5,-8.80150048452357,46.9161538475191));
#4348=CARTESIAN_POINT('Ctrl Pts',(51.9520620105121,-6.40642031351742,47.1064822677513));
#4349=CARTESIAN_POINT('Ctrl Pts',(49.6541704804222,-3.52771507301131,47.4238994007353));
#4350=CARTESIAN_POINT('Ctrl Pts',(46.3382501742575,-1.93299066351687,47.7968370293277));
#4351=CARTESIAN_POINT('Ctrl Pts',(42.6653370254382,-1.93486123853643,48.227135280498));
#4352=CARTESIAN_POINT('Ctrl Pts',(39.3535320437259,-3.52166604735439,48.6620456457879));
#4353=CARTESIAN_POINT('Ctrl Pts',(37.0513277396989,-6.39736458234678,48.9973661937884));
#4354=CARTESIAN_POINT('Ctrl Pts',(36.5,-8.79895643769627,49.0704466722753));
#4355=CARTESIAN_POINT('Ctrl Pts',(36.5,-9.99999999999992,49.0538085411862));
#4356=CARTESIAN_POINT('',(36.5,-9.99999999999995,49.0538085411862));
#4357=CARTESIAN_POINT('',(35.8521270326747,-10.0094100078423,49.7967631299394));
#4358=CARTESIAN_POINT('Origin',(35.75,-9.99999999999992,49.0538085411862));
#4359=CARTESIAN_POINT('',(53.3416667098996,-10.0493293549284,47.5718335104101));
#4360=CARTESIAN_POINT('Ctrl Pts',(35.8521270326747,-10.0094100078423,49.7967631299394));
#4361=CARTESIAN_POINT('Ctrl Pts',(35.8503522695109,-8.69135783745946,49.8137010865064));
#4362=CARTESIAN_POINT('Ctrl Pts',(36.4498582157919,-6.05880452649507,49.7411030196336));
#4363=CARTESIAN_POINT('Ctrl Pts',(38.9607969557459,-2.90912447389637,49.4066537498511));
#4364=CARTESIAN_POINT('Ctrl Pts',(42.5760339614078,-1.17241615525979,48.9725425435768));
#4365=CARTESIAN_POINT('Ctrl Pts',(46.5888004920258,-1.1733007807403,48.5427453592592));
#4366=CARTESIAN_POINT('Ctrl Pts',(50.2151755490774,-2.92616718161063,48.1698623156646));
#4367=CARTESIAN_POINT('Ctrl Pts',(52.7328163593751,-6.09127838048428,47.851763770443));
#4368=CARTESIAN_POINT('Ctrl Pts',(53.3381124838583,-8.7283897783281,47.6600027686413));
#4369=CARTESIAN_POINT('Ctrl Pts',(53.3416667098996,-10.0493293549284,47.5718335104101));
#4370=CARTESIAN_POINT('',(52.5,-9.99999999999998,46.829092755477));
#4371=CARTESIAN_POINT('Origin',(53.25,-9.99999999999997,46.829092755477));
#4372=CARTESIAN_POINT('Ctrl Pts',(52.5,-9.99999999999997,46.829092755477));
#4373=CARTESIAN_POINT('Ctrl Pts',(52.5,-8.80150048452357,46.9161538475191));
#4374=CARTESIAN_POINT('Ctrl Pts',(51.9520620105121,-6.40642031351742,47.1064822677513));
#4375=CARTESIAN_POINT('Ctrl Pts',(49.6541704804222,-3.52771507301131,47.4238994007353));
#4376=CARTESIAN_POINT('Ctrl Pts',(46.3382501742575,-1.93299066351687,47.7968370293277));
#4377=CARTESIAN_POINT('Ctrl Pts',(42.6653370254382,-1.93486123853643,48.227135280498));
#4378=CARTESIAN_POINT('Ctrl Pts',(39.3535320437259,-3.52166604735439,48.6620456457879));
#4379=CARTESIAN_POINT('Ctrl Pts',(37.0513277396989,-6.39736458234678,48.9973661937884));
#4380=CARTESIAN_POINT('Ctrl Pts',(36.5,-8.79895643769627,49.0704466722753));
#4381=CARTESIAN_POINT('Ctrl Pts',(36.5,-9.99999999999992,49.0538085411862));
#4382=CARTESIAN_POINT('Ctrl Pts',(35.8521270326747,-10.0094100078423,49.7967631299394));
#4383=CARTESIAN_POINT('Ctrl Pts',(35.8567472926391,-13.4407093486212,49.7526683660838));
#4384=CARTESIAN_POINT('Ctrl Pts',(35.8690044265866,-18.6460679248239,49.6019844777991));
#4385=CARTESIAN_POINT('Ctrl Pts',(35.9196640481237,-25.5219334136341,48.4723586415939));
#4386=CARTESIAN_POINT('Ctrl Pts',(35.9482481438489,-29.7415705079154,46.7481766621964));
#4387=CARTESIAN_POINT('Ctrl Pts',(35.9453099246032,-32.2847676381042,44.941366769297));
#4388=CARTESIAN_POINT('Ctrl Pts',(35.9403840584649,-33.6371596469635,43.7879379302055));
#4389=CARTESIAN_POINT('Ctrl Pts',(35.9370492507668,-34.2761074703314,43.1763441610278));
#4390=CARTESIAN_POINT('Ctrl Pts',(35.9325156899178,-35.1201233252738,42.3301501887393));
#4391=CARTESIAN_POINT('Ctrl Pts',(35.9310522683195,-36.1126160734456,41.1527946178362));
#4392=CARTESIAN_POINT('Ctrl Pts',(35.9109276135577,-38.2256954653944,38.0828279296449));
#4393=CARTESIAN_POINT('Ctrl Pts',(35.8948761981157,-39.6377118238522,35.4630165246949));
#4394=CARTESIAN_POINT('Ctrl Pts',(35.882882551773,-40.6548459117931,33.5122187752014));
#4395=CARTESIAN_POINT('Ctrl Pts',(36.0297325089716,-10.0091008410433,49.7723532786598));
#4396=CARTESIAN_POINT('Ctrl Pts',(36.0334297704337,-13.4400259875226,49.7272440130184));
#4397=CARTESIAN_POINT('Ctrl Pts',(36.0433255170134,-18.6446973221253,49.5740025791135));
#4398=CARTESIAN_POINT('Ctrl Pts',(36.0832149998185,-25.5130832166316,48.4349523050637));
#4399=CARTESIAN_POINT('Ctrl Pts',(36.1053571896341,-29.7208740490111,46.7099323605887));
#4400=CARTESIAN_POINT('Ctrl Pts',(36.1030823722189,-32.2584052190357,44.9078766452407));
#4401=CARTESIAN_POINT('Ctrl Pts',(36.0992665150939,-33.6088885427749,43.7572400350005));
#4402=CARTESIAN_POINT('Ctrl Pts',(36.096677701038,-34.2471999791121,43.1470866052199));
#4403=CARTESIAN_POINT('Ctrl Pts',(36.0931550157248,-35.0904971361777,42.3027751626311));
#4404=CARTESIAN_POINT('Ctrl Pts',(36.0920170234486,-36.0804734476102,41.1287626629555));
#4405=CARTESIAN_POINT('Ctrl Pts',(36.0763452880608,-38.1943468474156,38.0644559360934));
#4406=CARTESIAN_POINT('Ctrl Pts',(36.0637020366109,-39.6083312548566,35.4473025615403));
#4407=CARTESIAN_POINT('Ctrl Pts',(36.054213272008,-40.6274824171759,33.4979857535508));
#4408=CARTESIAN_POINT('Ctrl Pts',(36.3655446676585,-10.0067974373865,49.5904911224018));
#4409=CARTESIAN_POINT('Ctrl Pts',(36.3667688202441,-13.4348794851068,49.5447729759805));
#4410=CARTESIAN_POINT('Ctrl Pts',(36.3700213699632,-18.6340448810239,49.3894864951255));
#4411=CARTESIAN_POINT('Ctrl Pts',(36.3828933747258,-25.4665435943904,48.2489461173639));
#4412=CARTESIAN_POINT('Ctrl Pts',(36.3898565648054,-29.6284405648352,46.539516089995));
#4413=CARTESIAN_POINT('Ctrl Pts',(36.3891423765262,-32.1399851250897,44.7566830598978));
#4414=CARTESIAN_POINT('Ctrl Pts',(36.3879373145131,-33.4791209844486,43.6162184310024));
#4415=CARTESIAN_POINT('Ctrl Pts',(36.3871190861122,-34.1127314103367,43.0109497628811));
#4416=CARTESIAN_POINT('Ctrl Pts',(36.3860036099666,-34.9501166643638,42.1730781122339));
#4417=CARTESIAN_POINT('Ctrl Pts',(36.3856525149938,-35.9274705858753,41.014211283874));
#4418=CARTESIAN_POINT('Ctrl Pts',(36.3806634269597,-38.0313011659314,37.9685061362573));
#4419=CARTESIAN_POINT('Ctrl Pts',(36.3766307922193,-39.4432140285469,35.3587159294576));
#4420=CARTESIAN_POINT('Ctrl Pts',(36.3735401838721,-40.4624881751569,33.4121646019857));
#4421=CARTESIAN_POINT('Ctrl Pts',(36.5,-10.0022704576167,49.2330694868951));
#4422=CARTESIAN_POINT('Ctrl Pts',(36.4999808202576,-13.4248532084957,49.1889377604712));
#4423=CARTESIAN_POINT('Ctrl Pts',(36.5000838820471,-18.6123042270025,49.0378899649688));
#4424=CARTESIAN_POINT('Ctrl Pts',(36.4999653051701,-25.3827899402512,47.9217821819024));
#4425=CARTESIAN_POINT('Ctrl Pts',(36.4999382748015,-29.4716176522402,46.2513820678143));
#4426=CARTESIAN_POINT('Ctrl Pts',(36.4999401165383,-31.9388418060727,44.4997047745708));
#4427=CARTESIAN_POINT('Ctrl Pts',(36.4999556783588,-33.2570980935684,43.3748948151509));
#4428=CARTESIAN_POINT('Ctrl Pts',(36.4999623637812,-33.8815895322852,42.7768604638177));
#4429=CARTESIAN_POINT('Ctrl Pts',(36.4999727604982,-34.7072743576047,41.9485725422449));
#4430=CARTESIAN_POINT('Ctrl Pts',(36.4999552751191,-35.6622683495542,40.8153260477204));
#4431=CARTESIAN_POINT('Ctrl Pts',(36.5000255063346,-37.7407040065542,37.7964918862333));
#4432=CARTESIAN_POINT('Ctrl Pts',(36.4999541973522,-39.1407414878527,35.1963836476393));
#4433=CARTESIAN_POINT('Ctrl Pts',(36.5,-40.1544418036008,33.2519354084157));
#4434=CARTESIAN_POINT('Ctrl Pts',(36.5,-9.99999999999995,49.0538085411862));
#4435=CARTESIAN_POINT('Ctrl Pts',(36.5,-13.4198167252597,49.0104943162103));
#4436=CARTESIAN_POINT('Ctrl Pts',(36.5,-18.601442211722,48.8615266090735));
#4437=CARTESIAN_POINT('Ctrl Pts',(36.5,-25.3408353732706,47.7578191237677));
#4438=CARTESIAN_POINT('Ctrl Pts',(36.5,-29.393075469141,46.1070231338893));
#4439=CARTESIAN_POINT('Ctrl Pts',(36.5,-31.8380850739538,44.3709545117858));
#4440=CARTESIAN_POINT('Ctrl Pts',(36.5,-33.1458606968106,43.2539849387109));
#4441=CARTESIAN_POINT('Ctrl Pts',(36.5,-33.7657741593749,42.6595717762913));
#4442=CARTESIAN_POINT('Ctrl Pts',(36.5,-34.5855835409115,41.8360810498897));
#4443=CARTESIAN_POINT('Ctrl Pts',(36.5,-35.5293784218262,40.7156824783722));
#4444=CARTESIAN_POINT('Ctrl Pts',(36.5,-37.5950097162144,37.7103037171001));
#4445=CARTESIAN_POINT('Ctrl Pts',(36.5,-38.989141439245,35.115014908474));
#4446=CARTESIAN_POINT('Ctrl Pts',(36.5,-40.,33.1716030691012));
#4447=CARTESIAN_POINT('',(36.5,-40.,33.1716030691012));
#4448=CARTESIAN_POINT('',(35.882882551773,-40.6548459117931,33.5122187752014));
#4449=CARTESIAN_POINT('Origin',(35.75,-40.,33.1716030691012));
#4450=CARTESIAN_POINT('Ctrl Pts',(35.882882551773,-40.6548459117931,33.5122187752014));
#4451=CARTESIAN_POINT('Ctrl Pts',(35.8948761981157,-39.6377118238522,35.4630165246949));
#4452=CARTESIAN_POINT('Ctrl Pts',(35.9109276135577,-38.2256954653944,38.0828279296449));
#4453=CARTESIAN_POINT('Ctrl Pts',(35.9310522683195,-36.1126160734456,41.1527946178362));
#4454=CARTESIAN_POINT('Ctrl Pts',(35.9325156899178,-35.1201233252738,42.3301501887393));
#4455=CARTESIAN_POINT('Ctrl Pts',(35.9370492507668,-34.2761074703314,43.1763441610278));
#4456=CARTESIAN_POINT('Ctrl Pts',(35.9403840584649,-33.6371596469635,43.7879379302055));
#4457=CARTESIAN_POINT('Ctrl Pts',(35.9453099246032,-32.2847676381042,44.941366769297));
#4458=CARTESIAN_POINT('Ctrl Pts',(35.9482481438489,-29.7415705079154,46.7481766621964));
#4459=CARTESIAN_POINT('Ctrl Pts',(35.9196640481237,-25.5219334136341,48.4723586415939));
#4460=CARTESIAN_POINT('Ctrl Pts',(35.8690044265866,-18.6460679248239,49.6019844777991));
#4461=CARTESIAN_POINT('Ctrl Pts',(35.8567472926391,-13.4407093486212,49.7526683660838));
#4462=CARTESIAN_POINT('Ctrl Pts',(35.8521270326747,-10.0094100078423,49.7967631299394));
#4463=CARTESIAN_POINT('Ctrl Pts',(36.5,-9.99999999999995,49.0538085411862));
#4464=CARTESIAN_POINT('Ctrl Pts',(36.5,-13.4198167252597,49.0104943162103));
#4465=CARTESIAN_POINT('Ctrl Pts',(36.5,-18.601442211722,48.8615266090735));
#4466=CARTESIAN_POINT('Ctrl Pts',(36.5,-25.3408353732706,47.7578191237677));
#4467=CARTESIAN_POINT('Ctrl Pts',(36.5,-29.393075469141,46.1070231338893));
#4468=CARTESIAN_POINT('Ctrl Pts',(36.5,-31.8380850739538,44.3709545117858));
#4469=CARTESIAN_POINT('Ctrl Pts',(36.5,-33.1458606968106,43.2539849387109));
#4470=CARTESIAN_POINT('Ctrl Pts',(36.5,-33.7657741593749,42.6595717762913));
#4471=CARTESIAN_POINT('Ctrl Pts',(36.5,-34.5855835409115,41.8360810498897));
#4472=CARTESIAN_POINT('Ctrl Pts',(36.5,-35.5293784218262,40.7156824783722));
#4473=CARTESIAN_POINT('Ctrl Pts',(36.5,-37.5950097162144,37.7103037171001));
#4474=CARTESIAN_POINT('Ctrl Pts',(36.5,-38.989141439245,35.115014908474));
#4475=CARTESIAN_POINT('Ctrl Pts',(36.5,-40.,33.1716030691012));
#4476=CARTESIAN_POINT('Ctrl Pts',(35.882882551773,-40.6548459117931,33.5122187752014));
#4477=CARTESIAN_POINT('Ctrl Pts',(35.8720830089478,-41.5707127656059,31.7556450663499));
#4478=CARTESIAN_POINT('Ctrl Pts',(36.1226130140267,-43.294663212118,28.2085719203345));
#4479=CARTESIAN_POINT('Ctrl Pts',(37.1057930227606,-45.4244488463529,23.8804705602163));
#4480=CARTESIAN_POINT('Ctrl Pts',(38.597294727669,-47.1283058044029,20.6771177917163));
#4481=CARTESIAN_POINT('Ctrl Pts',(40.3923526879753,-48.4719936530725,18.3035755856087));
#4482=CARTESIAN_POINT('Ctrl Pts',(42.8977337878992,-49.3724904263218,16.8062465385547));
#4483=CARTESIAN_POINT('Ctrl Pts',(45.2539721142678,-49.3608463325993,16.621133470228));
#4484=CARTESIAN_POINT('Ctrl Pts',(46.5373427644611,-49.132248236292,16.8043384957421));
#4485=CARTESIAN_POINT('Ctrl Pts',(48.3758779378381,-48.5943330118066,17.339519018458));
#4486=CARTESIAN_POINT('Ctrl Pts',(49.950502075699,-47.5971967251367,18.498600097701));
#4487=CARTESIAN_POINT('Ctrl Pts',(51.6732246019636,-45.867936452902,20.6879313076673));
#4488=CARTESIAN_POINT('Ctrl Pts',(52.9856094435605,-43.6384323208591,23.7098634765734));
#4489=CARTESIAN_POINT('Ctrl Pts',(53.3402711274273,-41.7088767316739,26.5633564153956));
#4490=CARTESIAN_POINT('Ctrl Pts',(53.3490788953681,-40.6204205995529,28.2099605741812));
#4491=CARTESIAN_POINT('Ctrl Pts',(35.9807858204787,-40.6392096291547,33.5040856199725));
#4492=CARTESIAN_POINT('Ctrl Pts',(35.9777531076062,-41.5528341955547,31.7520413034282));
#4493=CARTESIAN_POINT('Ctrl Pts',(36.2424513580117,-43.2729258822084,28.2146124311879));
#4494=CARTESIAN_POINT('Ctrl Pts',(37.2419656572753,-45.3947881729743,23.906026658733));
#4495=CARTESIAN_POINT('Ctrl Pts',(38.736317433201,-47.081931060424,20.7322742814437));
#4496=CARTESIAN_POINT('Ctrl Pts',(40.5212496266597,-48.4025956061133,18.394454684531));
#4497=CARTESIAN_POINT('Ctrl Pts',(42.9693352779866,-49.2671395177628,16.94356043169));
#4498=CARTESIAN_POINT('Ctrl Pts',(45.24161906957,-49.2519419364624,16.7651297285843));
#4499=CARTESIAN_POINT('Ctrl Pts',(46.4841104756483,-49.0317181762276,16.9407193832558));
#4500=CARTESIAN_POINT('Ctrl Pts',(48.2699339122726,-48.5128258028402,17.4571173741748));
#4501=CARTESIAN_POINT('Ctrl Pts',(49.8201902627517,-47.5425976569233,18.5877869257396));
#4502=CARTESIAN_POINT('Ctrl Pts',(51.5307997894287,-45.841958222938,20.745102816456));
#4503=CARTESIAN_POINT('Ctrl Pts',(52.8478423928878,-43.6362056231131,23.7389033091934));
#4504=CARTESIAN_POINT('Ctrl Pts',(53.2130049564049,-41.7172407231088,26.578900793712));
#4505=CARTESIAN_POINT('Ctrl Pts',(53.2284817035763,-40.6338336686255,28.2188155687514));
#4506=CARTESIAN_POINT('Ctrl Pts',(36.169453249425,-40.572908010318,33.4695990754145));
#4507=CARTESIAN_POINT('Ctrl Pts',(36.181444089262,-41.4762394711908,31.7241114121477));
#4508=CARTESIAN_POINT('Ctrl Pts',(36.4735821813417,-43.1766714175135,28.2001805824007));
#4509=CARTESIAN_POINT('Ctrl Pts',(37.5056386718627,-45.2651471044382,23.9190347441591));
#4510=CARTESIAN_POINT('Ctrl Pts',(39.0060197320205,-46.9036504254304,20.7907846381807));
#4511=CARTESIAN_POINT('Ctrl Pts',(40.7713713784639,-48.165559191144,18.5104296142616));
#4512=CARTESIAN_POINT('Ctrl Pts',(43.1054148566138,-48.9498724176906,17.1393397857802));
#4513=CARTESIAN_POINT('Ctrl Pts',(45.2098533560733,-48.9281556121804,16.9720771168397));
#4514=CARTESIAN_POINT('Ctrl Pts',(46.3704416162713,-48.7268817033651,17.1337898940097));
#4515=CARTESIAN_POINT('Ctrl Pts',(48.0506126487025,-48.250821733699,17.6167349285631));
#4516=CARTESIAN_POINT('Ctrl Pts',(49.5520020982675,-47.3418840137894,18.6986078873264));
#4517=CARTESIAN_POINT('Ctrl Pts',(51.2381179931072,-45.7104789794209,20.8033614960765));
#4518=CARTESIAN_POINT('Ctrl Pts',(52.5642613080303,-43.5660067327662,23.7530852072298));
#4519=CARTESIAN_POINT('Ctrl Pts',(52.9503503737634,-41.6782444928034,26.5733478392143));
#4520=CARTESIAN_POINT('Ctrl Pts',(52.9793876582377,-40.6106618244032,28.2035180590121));
#4521=CARTESIAN_POINT('Ctrl Pts',(36.3687582420704,-40.3997027616179,33.3795069987538));
#4522=CARTESIAN_POINT('Ctrl Pts',(36.3905542416598,-41.2774707253342,31.6359445106175));
#4523=CARTESIAN_POINT('Ctrl Pts',(36.696897463371,-42.928047689629,28.1126466710482));
#4524=CARTESIAN_POINT('Ctrl Pts',(37.7336183201618,-44.9456215475519,23.8284995512928));
#4525=CARTESIAN_POINT('Ctrl Pts',(39.2143818229172,-46.5142555066483,20.7000129616938));
#4526=CARTESIAN_POINT('Ctrl Pts',(40.9404345427878,-47.7105618412423,18.4229587813804));
#4527=CARTESIAN_POINT('Ctrl Pts',(43.1792034969386,-48.434015781186,17.0634144992369));
#4528=CARTESIAN_POINT('Ctrl Pts',(45.1684546995784,-48.4113546511459,16.8965268050705));
#4529=CARTESIAN_POINT('Ctrl Pts',(46.2699520842647,-48.2253940822074,17.0544909634778));
#4530=CARTESIAN_POINT('Ctrl Pts',(47.8699641360018,-47.7839283764168,17.5298335734954));
#4531=CARTESIAN_POINT('Ctrl Pts',(49.3196068125962,-46.9298970644063,18.6031767884854));
#4532=CARTESIAN_POINT('Ctrl Pts',(50.9624830560534,-45.3751420183997,20.7014187114259));
#4533=CARTESIAN_POINT('Ctrl Pts',(52.2689877590602,-43.3142687358005,23.6479200939184));
#4534=CARTESIAN_POINT('Ctrl Pts',(52.6592297111767,-41.485097382902,26.4674908360091));
#4535=CARTESIAN_POINT('Ctrl Pts',(52.6945773026004,-40.4488653225881,28.0967037917243));
#4536=CARTESIAN_POINT('Ctrl Pts',(36.47751901641,-40.1985319707029,33.2748687475862));
#4537=CARTESIAN_POINT('Ctrl Pts',(36.4946929166228,-41.0503775937991,31.5288628734788));
#4538=CARTESIAN_POINT('Ctrl Pts',(36.7845631318318,-42.6536030813527,27.9952857348087));
#4539=CARTESIAN_POINT('Ctrl Pts',(37.7786374499707,-44.6190161101365,23.682098178242));
#4540=CARTESIAN_POINT('Ctrl Pts',(39.2129685013366,-46.1608974912656,20.5086792958778));
#4541=CARTESIAN_POINT('Ctrl Pts',(40.8961022770703,-47.350164253851,18.177972061007));
#4542=CARTESIAN_POINT('Ctrl Pts',(43.1275878310032,-48.0982746951536,16.7498389280035));
#4543=CARTESIAN_POINT('Ctrl Pts',(45.1487332870684,-48.0827621885587,16.5713727563717));
#4544=CARTESIAN_POINT('Ctrl Pts',(46.2607315292542,-47.8931502201552,16.73901399051));
#4545=CARTESIAN_POINT('Ctrl Pts',(47.8675053499472,-47.4431779294602,17.2394279962897));
#4546=CARTESIAN_POINT('Ctrl Pts',(49.2942980565871,-46.5838835754161,18.3518134968819));
#4547=CARTESIAN_POINT('Ctrl Pts',(50.8927242848091,-45.0442741513668,20.4939995572708));
#4548=CARTESIAN_POINT('Ctrl Pts',(52.1465693643164,-43.0206468667049,23.4787078873571));
#4549=CARTESIAN_POINT('Ctrl Pts',(52.5090908381166,-41.2373215427736,26.3147853077987));
#4550=CARTESIAN_POINT('Ctrl Pts',(52.533773651451,-40.228361718175,27.9511324680217));
#4551=CARTESIAN_POINT('Ctrl Pts',(36.5,-40.0661893444003,33.2060312145217));
#4552=CARTESIAN_POINT('Ctrl Pts',(36.5069001930254,-40.9041684038012,31.4574210121004));
#4553=CARTESIAN_POINT('Ctrl Pts',(36.7710874822274,-42.4851293864635,27.9145906087006));
#4554=CARTESIAN_POINT('Ctrl Pts',(37.7181450924589,-44.4386625949138,23.5765158587236));
#4555=CARTESIAN_POINT('Ctrl Pts',(39.1154436304763,-45.9948591718999,20.3631900987905));
#4556=CARTESIAN_POINT('Ctrl Pts',(40.7760890163109,-47.2154965881282,17.9837845507292));
#4557=CARTESIAN_POINT('Ctrl Pts',(43.0456629018602,-48.0205146532196,16.4910128543474));
#4558=CARTESIAN_POINT('Ctrl Pts',(45.1492628389096,-48.0123184983093,16.3020666772035));
#4559=CARTESIAN_POINT('Ctrl Pts',(46.2980874070177,-47.8113368094103,16.4794361458713));
#4560=CARTESIAN_POINT('Ctrl Pts',(47.947919364837,-47.3351361349639,17.0044348542366));
#4561=CARTESIAN_POINT('Ctrl Pts',(49.3769379311342,-46.4411755169271,18.15415456268));
#4562=CARTESIAN_POINT('Ctrl Pts',(50.9514805086572,-44.8742412883533,20.3372382800924));
#4563=CARTESIAN_POINT('Ctrl Pts',(52.1606208574647,-42.8414927319539,23.3568023342682));
#4564=CARTESIAN_POINT('Ctrl Pts',(52.4905200210967,-41.0734778888923,26.2077965987755));
#4565=CARTESIAN_POINT('Ctrl Pts',(52.5,-40.0761499341031,27.8506458072731));
#4566=CARTESIAN_POINT('Ctrl Pts',(36.5,-40.,33.1716030691012));
#4567=CARTESIAN_POINT('Ctrl Pts',(36.5,-40.8321976014,31.4216799192516));
#4568=CARTESIAN_POINT('Ctrl Pts',(36.7480053683417,-42.4052832584789,27.8742673419114));
#4569=CARTESIAN_POINT('Ctrl Pts',(37.6682610009207,-44.3601663047661,23.5237648819889));
#4570=CARTESIAN_POINT('Ctrl Pts',(39.0472470950855,-45.9322175051149,20.2904301699746));
#4571=CARTESIAN_POINT('Ctrl Pts',(40.6996448141071,-47.1772055781301,17.8865178159583));
#4572=CARTESIAN_POINT('Ctrl Pts',(42.9973146973611,-48.018349040925,16.3611626366504));
#4573=CARTESIAN_POINT('Ctrl Pts',(45.1525704593326,-48.0140687167223,16.1669358846841));
#4574=CARTESIAN_POINT('Ctrl Pts',(46.3251774148267,-47.8057411351548,16.3492289281653));
#4575=CARTESIAN_POINT('Ctrl Pts',(48.0037902425072,-47.3125228137143,16.886653550846));
#4576=CARTESIAN_POINT('Ctrl Pts',(49.4382554895019,-46.3947446069712,18.0551583179223));
#4577=CARTESIAN_POINT('Ctrl Pts',(51.003364663484,-44.8051656772946,20.2588632538366));
#4578=CARTESIAN_POINT('Ctrl Pts',(52.189335199686,-42.7587412363987,23.2959014228349));
#4579=CARTESIAN_POINT('Ctrl Pts',(52.5,-40.9935856660292,26.1542467536501));
#4580=CARTESIAN_POINT('Ctrl Pts',(52.5,-40.,27.8003734013559));
#4581=CARTESIAN_POINT('',(52.5,-40.,27.8003734013559));
#4582=CARTESIAN_POINT('',(53.3490788953681,-40.6204205995529,28.2099605741812));
#4583=CARTESIAN_POINT('Origin',(53.25,-40.,27.8003734013559));
#4584=CARTESIAN_POINT('Ctrl Pts',(53.3490788953681,-40.6204205995529,28.2099605741812));
#4585=CARTESIAN_POINT('Ctrl Pts',(53.3402711274273,-41.7088767316739,26.5633564153956));
#4586=CARTESIAN_POINT('Ctrl Pts',(52.9856094435605,-43.6384323208591,23.7098634765734));
#4587=CARTESIAN_POINT('Ctrl Pts',(51.6732246019636,-45.867936452902,20.6879313076673));
#4588=CARTESIAN_POINT('Ctrl Pts',(49.950502075699,-47.5971967251367,18.498600097701));
#4589=CARTESIAN_POINT('Ctrl Pts',(48.3758779378381,-48.5943330118066,17.339519018458));
#4590=CARTESIAN_POINT('Ctrl Pts',(46.5373427644611,-49.132248236292,16.8043384957421));
#4591=CARTESIAN_POINT('Ctrl Pts',(45.2539721142678,-49.3608463325993,16.621133470228));
#4592=CARTESIAN_POINT('Ctrl Pts',(42.8977337878992,-49.3724904263218,16.8062465385547));
#4593=CARTESIAN_POINT('Ctrl Pts',(40.3923526879753,-48.4719936530725,18.3035755856087));
#4594=CARTESIAN_POINT('Ctrl Pts',(38.597294727669,-47.1283058044029,20.6771177917163));
#4595=CARTESIAN_POINT('Ctrl Pts',(37.1057930227606,-45.4244488463529,23.8804705602163));
#4596=CARTESIAN_POINT('Ctrl Pts',(36.1226130140267,-43.294663212118,28.2085719203345));
#4597=CARTESIAN_POINT('Ctrl Pts',(35.8720830089478,-41.5707127656059,31.7556450663499));
#4598=CARTESIAN_POINT('Ctrl Pts',(35.882882551773,-40.6548459117931,33.5122187752014));
#4599=CARTESIAN_POINT('Ctrl Pts',(36.5,-40.,33.1716030691012));
#4600=CARTESIAN_POINT('Ctrl Pts',(36.5,-40.8321976014,31.4216799192516));
#4601=CARTESIAN_POINT('Ctrl Pts',(36.7480053683417,-42.4052832584789,27.8742673419114));
#4602=CARTESIAN_POINT('Ctrl Pts',(37.6682610009207,-44.3601663047661,23.5237648819889));
#4603=CARTESIAN_POINT('Ctrl Pts',(39.0472470950855,-45.9322175051149,20.2904301699746));
#4604=CARTESIAN_POINT('Ctrl Pts',(40.6996448141071,-47.1772055781301,17.8865178159583));
#4605=CARTESIAN_POINT('Ctrl Pts',(42.9973146973611,-48.018349040925,16.3611626366504));
#4606=CARTESIAN_POINT('Ctrl Pts',(45.1525704593326,-48.0140687167223,16.1669358846841));
#4607=CARTESIAN_POINT('Ctrl Pts',(46.3251774148267,-47.8057411351548,16.3492289281653));
#4608=CARTESIAN_POINT('Ctrl Pts',(48.0037902425072,-47.3125228137143,16.886653550846));
#4609=CARTESIAN_POINT('Ctrl Pts',(49.4382554895019,-46.3947446069712,18.0551583179223));
#4610=CARTESIAN_POINT('Ctrl Pts',(51.003364663484,-44.8051656772946,20.2588632538366));
#4611=CARTESIAN_POINT('Ctrl Pts',(52.189335199686,-42.7587412363987,23.2959014228349));
#4612=CARTESIAN_POINT('Ctrl Pts',(52.5,-40.9935856660292,26.1542467536501));
#4613=CARTESIAN_POINT('Ctrl Pts',(52.5,-40.,27.8003734013559));
#4614=CARTESIAN_POINT('Ctrl Pts',(53.3490788953681,-40.6204205995529,28.2099605741812));
#4615=CARTESIAN_POINT('Ctrl Pts',(53.359800575227,-39.2954449340521,30.2143688151014));
#4616=CARTESIAN_POINT('Ctrl Pts',(53.376558100314,-37.2891303464411,33.2398068257673));
#4617=CARTESIAN_POINT('Ctrl Pts',(53.3962297618265,-34.5373251939667,36.8763565982454));
#4618=CARTESIAN_POINT('Ctrl Pts',(53.4088387809868,-32.1351590848985,39.6405293229579));
#4619=CARTESIAN_POINT('Ctrl Pts',(53.4113112082051,-30.2760232179883,41.3392462663451));
#4620=CARTESIAN_POINT('Ctrl Pts',(53.4028170581067,-28.4061020525257,42.6136112368166));
#4621=CARTESIAN_POINT('Ctrl Pts',(53.4043043858346,-27.277365672144,43.3170214594835));
#4622=CARTESIAN_POINT('Ctrl Pts',(53.3986468962116,-25.4974676170104,44.2438738801412));
#4623=CARTESIAN_POINT('Ctrl Pts',(53.3931480578195,-23.6588542689178,45.026721794279));
#4624=CARTESIAN_POINT('Ctrl Pts',(53.3827106741457,-21.1327956927718,45.8972286688993));
#4625=CARTESIAN_POINT('Ctrl Pts',(53.3699563614956,-18.2079581695473,46.6030757716379));
#4626=CARTESIAN_POINT('Ctrl Pts',(53.3542928939833,-14.2745781026984,47.2267149511851));
#4627=CARTESIAN_POINT('Ctrl Pts',(53.346045302425,-11.676647395269,47.4632142918896));
#4628=CARTESIAN_POINT('Ctrl Pts',(53.3416667098996,-10.0493293549284,47.5718335104101));
#4629=CARTESIAN_POINT('Ctrl Pts',(53.2284817035763,-40.6338336686254,28.2188155687514));
#4630=CARTESIAN_POINT('Ctrl Pts',(53.2384149259727,-39.310407704669,30.2242898081667));
#4631=CARTESIAN_POINT('Ctrl Pts',(53.2540036436143,-37.3064764336442,33.251589739052));
#4632=CARTESIAN_POINT('Ctrl Pts',(53.2724279121588,-34.5565873929118,36.8916919673372));
#4633=CARTESIAN_POINT('Ctrl Pts',(53.284284898295,-32.1547010890088,39.6592364622466));
#4634=CARTESIAN_POINT('Ctrl Pts',(53.286614319723,-30.2935851050033,41.3605143014112));
#4635=CARTESIAN_POINT('Ctrl Pts',(53.2786228098067,-28.4198713189542,42.6355117201774));
#4636=CARTESIAN_POINT('Ctrl Pts',(53.2800222245387,-27.2904816562675,43.3396423666595));
#4637=CARTESIAN_POINT('Ctrl Pts',(53.27470348366,-25.5080588430974,44.26663305685));
#4638=CARTESIAN_POINT('Ctrl Pts',(53.2695449463636,-23.6674469945958,45.0491822899194));
#4639=CARTESIAN_POINT('Ctrl Pts',(53.2597684554976,-21.13870900618,45.9185642847159));
#4640=CARTESIAN_POINT('Ctrl Pts',(53.2478669666936,-18.2117136191353,46.6225092770481));
#4641=CARTESIAN_POINT('Ctrl Pts',(53.233305179471,-14.276476945722,47.2436007442344));
#4642=CARTESIAN_POINT('Ctrl Pts',(53.2256705895952,-11.6779274630614,47.4787061268949));
#4643=CARTESIAN_POINT('Ctrl Pts',(53.2216217318094,-10.0503090143288,47.5865840167509));
#4644=CARTESIAN_POINT('Ctrl Pts',(52.9799018001105,-40.6105312151038,28.2034318338066));
#4645=CARTESIAN_POINT('Ctrl Pts',(52.9872632996749,-39.2894956215702,30.2104103362455));
#4646=CARTESIAN_POINT('Ctrl Pts',(52.9989250631665,-37.2896534847973,33.2398019179791));
#4647=CARTESIAN_POINT('Ctrl Pts',(53.0128192391444,-34.5449608639983,36.8823376074972));
#4648=CARTESIAN_POINT('Ctrl Pts',(53.0218155860886,-32.1467510479715,39.6513527398699));
#4649=CARTESIAN_POINT('Ctrl Pts',(53.0235829862332,-30.2867777466373,41.3525267318671));
#4650=CARTESIAN_POINT('Ctrl Pts',(53.0175224457409,-28.412966374016,42.6245454539404));
#4651=CARTESIAN_POINT('Ctrl Pts',(53.0185821683153,-27.2842258218906,43.328797772216));
#4652=CARTESIAN_POINT('Ctrl Pts',(53.0145485822088,-25.5019934661329,44.2537976949613));
#4653=CARTESIAN_POINT('Ctrl Pts',(53.010649553426,-23.6617663558759,45.0344542207664));
#4654=CARTESIAN_POINT('Ctrl Pts',(53.0032735668376,-21.1334871537458,45.9005078154945));
#4655=CARTESIAN_POINT('Ctrl Pts',(52.9943329964207,-18.2073046124367,46.6006003081136));
#4656=CARTESIAN_POINT('Ctrl Pts',(52.9834852621135,-14.2732992535705,47.2172068253395));
#4657=CARTESIAN_POINT('Ctrl Pts',(52.9778092587672,-11.6755244031355,47.4500792903925));
#4658=CARTESIAN_POINT('Ctrl Pts',(52.9748173073214,-10.0483303330886,47.5567914682713));
#4659=CARTESIAN_POINT('Ctrl Pts',(52.6164978871561,-40.4048254190125,28.0676296771479));
#4660=CARTESIAN_POINT('Ctrl Pts',(52.6185603014975,-39.0847422807768,30.0745852326675));
#4661=CARTESIAN_POINT('Ctrl Pts',(52.6218391056234,-37.0882545947725,33.1012151245086));
#4662=CARTESIAN_POINT('Ctrl Pts',(52.625800294873,-34.3554648219931,36.7308691536212));
#4663=CARTESIAN_POINT('Ctrl Pts',(52.6283821647394,-31.9729527722381,39.4836647491286));
#4664=CARTESIAN_POINT('Ctrl Pts',(52.6288925266382,-30.1322763035016,41.1665609983709));
#4665=CARTESIAN_POINT('Ctrl Pts',(52.6271495405593,-28.2842324244722,42.4198706103973));
#4666=CARTESIAN_POINT('Ctrl Pts',(52.6274548433326,-27.1631388722485,43.1197257996532));
#4667=CARTESIAN_POINT('Ctrl Pts',(52.6262975698062,-25.399324950393,44.0341701366095));
#4668=CARTESIAN_POINT('Ctrl Pts',(52.6251827388782,-23.5747540605975,44.8077807583077));
#4669=CARTESIAN_POINT('Ctrl Pts',(52.6230801649705,-21.0672464185217,45.6655397856081));
#4670=CARTESIAN_POINT('Ctrl Pts',(52.6205516638895,-18.1599928439247,46.3601308450277));
#4671=CARTESIAN_POINT('Ctrl Pts',(52.6174942483324,-14.2446980394215,46.9725474668036));
#4672=CARTESIAN_POINT('Ctrl Pts',(52.615914031731,-11.6550402643991,47.2041795027689));
#4673=CARTESIAN_POINT('Ctrl Pts',(52.6150785832326,-10.031960699401,47.3103176576829));
#4674=CARTESIAN_POINT('Ctrl Pts',(52.5,-40.1522998682062,27.9009182131903));
#4675=CARTESIAN_POINT('Ctrl Pts',(52.4999613461073,-38.8304989793323,29.9059405972729));
#4676=CARTESIAN_POINT('Ctrl Pts',(52.5000128838811,-36.833365996208,32.9260781437379));
#4677=CARTESIAN_POINT('Ctrl Pts',(52.4999790542383,-34.1102431010267,36.5348852450283));
#4678=CARTESIAN_POINT('Ctrl Pts',(52.4999591362987,-31.7444961261755,39.2635162666043));
#4679=CARTESIAN_POINT('Ctrl Pts',(52.4999400783268,-29.928873095246,40.9214319008822));
#4680=CARTESIAN_POINT('Ctrl Pts',(52.4999756650616,-28.1163304546328,42.1529101319557));
#4681=CARTESIAN_POINT('Ctrl Pts',(52.4999645277615,-27.0048976453029,42.8465730467936));
#4682=CARTESIAN_POINT('Ctrl Pts',(52.4999749165746,-25.2661385469338,43.7490977502477));
#4683=CARTESIAN_POINT('Ctrl Pts',(52.499986310241,-23.4625566028643,44.515485013277));
#4684=CARTESIAN_POINT('Ctrl Pts',(52.4999975687427,-20.9829848145487,45.3661477512815));
#4685=CARTESIAN_POINT('Ctrl Pts',(52.4999727207567,-18.1007029097555,46.0581422573509));
#4686=CARTESIAN_POINT('Ctrl Pts',(52.5000322172093,-14.2094802594367,46.6705169657389));
#4687=CARTESIAN_POINT('Ctrl Pts',(52.4999845038944,-11.630005163713,46.903299937305));
#4688=CARTESIAN_POINT('Ctrl Pts',(52.5,-10.0120230869713,47.0101216115536));
#4689=CARTESIAN_POINT('Ctrl Pts',(52.5,-40.,27.8003734013559));
#4690=CARTESIAN_POINT('Ctrl Pts',(52.5,-38.6771202905535,29.8042003689092));
#4691=CARTESIAN_POINT('Ctrl Pts',(52.5,-36.6795671275872,32.8204227947811));
#4692=CARTESIAN_POINT('Ctrl Pts',(52.5,-33.9621801117458,36.4166164655892));
#4693=CARTESIAN_POINT('Ctrl Pts',(52.5,-31.6065466909564,39.130587329884));
#4694=CARTESIAN_POINT('Ctrl Pts',(52.5000000000001,-29.8060148163717,40.7734116121676));
#4695=CARTESIAN_POINT('Ctrl Pts',(52.5,-28.0149620637721,41.991733229397));
#4696=CARTESIAN_POINT('Ctrl Pts',(52.5,-26.9093615181657,42.6816441128769));
#4697=CARTESIAN_POINT('Ctrl Pts',(52.5,-25.1857438666903,43.5769960704008));
#4698=CARTESIAN_POINT('Ctrl Pts',(52.5,-23.3948636956226,44.3390370969409));
#4699=CARTESIAN_POINT('Ctrl Pts',(52.5,-20.932167880663,45.1854598500602));
#4700=CARTESIAN_POINT('Ctrl Pts',(52.5,-18.0649291754278,45.8759284674961));
#4701=CARTESIAN_POINT('Ctrl Pts',(52.5,-14.1882745113397,46.4883528869212));
#4702=CARTESIAN_POINT('Ctrl Pts',(52.5,-11.6148991859143,46.7218387309921));
#4703=CARTESIAN_POINT('Ctrl Pts',(52.5,-9.99999999999998,46.829092755477));
#4704=CARTESIAN_POINT('Ctrl Pts',(53.3416667098996,-10.0493293549284,47.5718335104101));
#4705=CARTESIAN_POINT('Ctrl Pts',(53.346045302425,-11.676647395269,47.4632142918896));
#4706=CARTESIAN_POINT('Ctrl Pts',(53.3542928939833,-14.2745781026984,47.2267149511851));
#4707=CARTESIAN_POINT('Ctrl Pts',(53.3699563614956,-18.2079581695473,46.6030757716379));
#4708=CARTESIAN_POINT('Ctrl Pts',(53.3827106741457,-21.1327956927718,45.8972286688993));
#4709=CARTESIAN_POINT('Ctrl Pts',(53.3931480578195,-23.6588542689178,45.026721794279));
#4710=CARTESIAN_POINT('Ctrl Pts',(53.3986468962116,-25.4974676170104,44.2438738801412));
#4711=CARTESIAN_POINT('Ctrl Pts',(53.4043043858346,-27.277365672144,43.3170214594835));
#4712=CARTESIAN_POINT('Ctrl Pts',(53.4028170581067,-28.4061020525257,42.6136112368166));
#4713=CARTESIAN_POINT('Ctrl Pts',(53.4113112082051,-30.2760232179883,41.3392462663451));
#4714=CARTESIAN_POINT('Ctrl Pts',(53.4088387809868,-32.1351590848985,39.6405293229579));
#4715=CARTESIAN_POINT('Ctrl Pts',(53.3962297618265,-34.5373251939667,36.8763565982454));
#4716=CARTESIAN_POINT('Ctrl Pts',(53.376558100314,-37.2891303464411,33.2398068257673));
#4717=CARTESIAN_POINT('Ctrl Pts',(53.359800575227,-39.2954449340521,30.2143688151014));
#4718=CARTESIAN_POINT('Ctrl Pts',(53.3490788953681,-40.6204205995529,28.2099605741812));
#4719=CARTESIAN_POINT('Ctrl Pts',(52.5,-40.,27.8003734013559));
#4720=CARTESIAN_POINT('Ctrl Pts',(52.5,-38.6771202905535,29.8042003689092));
#4721=CARTESIAN_POINT('Ctrl Pts',(52.5,-36.6795671275872,32.8204227947811));
#4722=CARTESIAN_POINT('Ctrl Pts',(52.5,-33.9621801117458,36.4166164655892));
#4723=CARTESIAN_POINT('Ctrl Pts',(52.5,-31.6065466909564,39.130587329884));
#4724=CARTESIAN_POINT('Ctrl Pts',(52.5000000000001,-29.8060148163717,40.7734116121676));
#4725=CARTESIAN_POINT('Ctrl Pts',(52.5,-28.0149620637721,41.991733229397));
#4726=CARTESIAN_POINT('Ctrl Pts',(52.5,-26.9093615181657,42.6816441128769));
#4727=CARTESIAN_POINT('Ctrl Pts',(52.5,-25.1857438666903,43.5769960704008));
#4728=CARTESIAN_POINT('Ctrl Pts',(52.5,-23.3948636956226,44.3390370969409));
#4729=CARTESIAN_POINT('Ctrl Pts',(52.5,-20.932167880663,45.1854598500602));
#4730=CARTESIAN_POINT('Ctrl Pts',(52.5,-18.0649291754278,45.8759284674961));
#4731=CARTESIAN_POINT('Ctrl Pts',(52.5,-14.1882745113397,46.4883528869212));
#4732=CARTESIAN_POINT('Ctrl Pts',(52.5,-11.6148991859143,46.7218387309921));
#4733=CARTESIAN_POINT('Ctrl Pts',(52.5,-9.99999999999998,46.829092755477));
#4734=CARTESIAN_POINT('Origin',(36.5,-9.99999999999998,3.));
#4735=CARTESIAN_POINT('',(36.5,-9.99999999999998,5.));
#4736=CARTESIAN_POINT('',(36.5,-9.99999999999998,3.));
#4737=CARTESIAN_POINT('',(36.5,-40.,5.));
#4738=CARTESIAN_POINT('',(36.5,-4.99999999999999,5.));
#4739=CARTESIAN_POINT('',(36.5,-40.,3.));
#4740=CARTESIAN_POINT('Origin',(44.5,-9.99999999999998,3.));
#4741=CARTESIAN_POINT('',(52.5,-9.99999999999998,5.));
#4742=CARTESIAN_POINT('',(52.5,-9.99999999999998,3.));
#4743=CARTESIAN_POINT('Origin',(44.5,-9.99999999999998,5.));
#4744=CARTESIAN_POINT('Ctrl Pts',(15.,-76.,7.99999999999999));
#4745=CARTESIAN_POINT('Ctrl Pts',(15.0642452347354,-69.8394684464594,6.55774290203669));
#4746=CARTESIAN_POINT('Ctrl Pts',(15.0642452347354,-64.5061351131261,6.55774290203669));
#4747=CARTESIAN_POINT('Ctrl Pts',(14.844833761992,-49.1167020193961,11.4833650939699));
#4748=CARTESIAN_POINT('Ctrl Pts',(14.125150330861,-45.0282759431507,35.5791396374711));
#4749=CARTESIAN_POINT('Ctrl Pts',(12.5746118641404,-38.0830469292818,53.1685523883304));
#4750=CARTESIAN_POINT('Ctrl Pts',(12.0685491005759,-40.8925635283167,52.5500781613054));
#4751=CARTESIAN_POINT('Ctrl Pts',(9.26978466608009,-42.9414898649661,58.4577958008271));
#4752=CARTESIAN_POINT('Ctrl Pts',(8.22138413428615,-43.8412857014025,60.2544828176173));
#4753=CARTESIAN_POINT('Ctrl Pts',(7.00000000000001,-45.,62.));
#4754=CARTESIAN_POINT('Ctrl Pts',(35.,-76.,7.99999999999999));
#4755=CARTESIAN_POINT('Ctrl Pts',(35.0435315951628,-70.1059940874284,6.58794215898329));
#4756=CARTESIAN_POINT('Ctrl Pts',(35.0435315951629,-64.7726607540951,6.58794215898329));
#4757=CARTESIAN_POINT('Ctrl Pts',(34.8948617141221,-48.4729845326108,11.4104273093958));
#4758=CARTESIAN_POINT('Ctrl Pts',(36.7066144955939,-41.687528496053,35.041485534855));
#4759=CARTESIAN_POINT('Ctrl Pts',(30.6690603688408,-27.6838184457768,52.1762289249113));
#4760=CARTESIAN_POINT('Ctrl Pts',(19.9139977268749,-24.0558035975666,50.6245127920659));
#4761=CARTESIAN_POINT('Ctrl Pts',(11.6346333050231,-18.1034438883189,57.4124405123509));
#4762=CARTESIAN_POINT('Ctrl Pts',(9.22652988260246,-16.4483558231988,59.6493520276477));
#4763=CARTESIAN_POINT('Ctrl Pts',(7.00000000000001,-15.,62.));
#4764=CARTESIAN_POINT('Ctrl Pts',(55.,-76.,7.99999999999999));
#4765=CARTESIAN_POINT('Ctrl Pts',(55.0228179555902,-70.3725197283974,6.61814141592989));
#4766=CARTESIAN_POINT('Ctrl Pts',(55.0228179555902,-65.039186395064,6.61814141592989));
#4767=CARTESIAN_POINT('Ctrl Pts',(54.9448896662524,-47.8292670458255,11.3374895248218));
#4768=CARTESIAN_POINT('Ctrl Pts',(59.2880786603266,-38.3467810489554,34.5038314322389));
#4769=CARTESIAN_POINT('Ctrl Pts',(48.7635088735412,-17.2845899622717,51.1839054614922));
#4770=CARTESIAN_POINT('Ctrl Pts',(27.7594463531737,-7.2190436668166,48.6989474228263));
#4771=CARTESIAN_POINT('Ctrl Pts',(13.9994819439662,6.73460208832836,56.3670852238747));
#4772=CARTESIAN_POINT('Ctrl Pts',(10.2316756309187,10.9445740550048,59.044221237678));
#4773=CARTESIAN_POINT('Ctrl Pts',(7.00000000000001,15.,62.));
#4774=CARTESIAN_POINT('Ctrl Pts',(75.,-76.,7.99999999999998));
#4775=CARTESIAN_POINT('Ctrl Pts',(75.0021043160176,-70.6390453693663,6.64834067287648));
#4776=CARTESIAN_POINT('Ctrl Pts',(75.0021043160176,-65.305712036033,6.64834067287649));
#4777=CARTESIAN_POINT('Ctrl Pts',(74.9949176183825,-47.1855495590401,11.2645517402478));
#4778=CARTESIAN_POINT('Ctrl Pts',(81.8695428250594,-35.0060336018577,33.9661773296228));
#4779=CARTESIAN_POINT('Ctrl Pts',(66.8579573782415,-6.88536147876663,50.1915819980731));
#4780=CARTESIAN_POINT('Ctrl Pts',(35.6048949794727,9.6177162639335,46.7733820535868));
#4781=CARTESIAN_POINT('Ctrl Pts',(16.3643305829092,31.5726480649755,55.3217299353986));
#4782=CARTESIAN_POINT('Ctrl Pts',(11.236821379235,38.3375039332085,58.4390904477084));
#4783=CARTESIAN_POINT('Ctrl Pts',(7.00000000000001,45.,62.));
#4784=CARTESIAN_POINT('',(15.,-76.,7.99999999999999));
#4785=CARTESIAN_POINT('',(75.,-76.,7.99999999999998));
#4786=CARTESIAN_POINT('',(15.,-76.,7.99999999999999));
#4787=CARTESIAN_POINT('',(6.99999999999999,-45.,62.));
#4788=CARTESIAN_POINT('Ctrl Pts',(15.,-76.,7.99999999999999));
#4789=CARTESIAN_POINT('Ctrl Pts',(15.0642452347354,-69.8394684464594,6.55774290203669));
#4790=CARTESIAN_POINT('Ctrl Pts',(15.0642452347354,-64.5061351131261,6.55774290203669));
#4791=CARTESIAN_POINT('Ctrl Pts',(14.844833761992,-49.1167020193962,11.4833650939699));
#4792=CARTESIAN_POINT('Ctrl Pts',(14.125150330861,-45.0282759431507,35.5791396374711));
#4793=CARTESIAN_POINT('Ctrl Pts',(12.5746118641404,-38.0830469292818,53.1685523883304));
#4794=CARTESIAN_POINT('Ctrl Pts',(12.0685491005759,-40.8925635283166,52.5500781613054));
#4795=CARTESIAN_POINT('Ctrl Pts',(9.26978466608008,-42.9414898649661,58.4577958008271));
#4796=CARTESIAN_POINT('Ctrl Pts',(8.22138413428614,-43.8412857014025,60.2544828176173));
#4797=CARTESIAN_POINT('Ctrl Pts',(6.99999999999999,-45.,62.));
#4798=CARTESIAN_POINT('',(6.99999999999999,45.,62.));
#4799=CARTESIAN_POINT('',(6.99999999999999,0.,62.));
#4800=CARTESIAN_POINT('Ctrl Pts',(75.,-76.,7.99999999999998));
#4801=CARTESIAN_POINT('Ctrl Pts',(75.0021043160176,-70.6390453693663,6.64834067287648));
#4802=CARTESIAN_POINT('Ctrl Pts',(75.0021043160176,-65.305712036033,6.64834067287648));
#4803=CARTESIAN_POINT('Ctrl Pts',(74.9949176183825,-47.1855495590401,11.2645517402478));
#4804=CARTESIAN_POINT('Ctrl Pts',(81.8695428250594,-35.0060336018577,33.9661773296228));
#4805=CARTESIAN_POINT('Ctrl Pts',(66.8579573782416,-6.88536147876663,50.1915819980731));
#4806=CARTESIAN_POINT('Ctrl Pts',(35.6048949794727,9.61771626393352,46.7733820535868));
#4807=CARTESIAN_POINT('Ctrl Pts',(16.3643305829092,31.5726480649755,55.3217299353986));
#4808=CARTESIAN_POINT('Ctrl Pts',(11.236821379235,38.3375039332085,58.4390904477084));
#4809=CARTESIAN_POINT('Ctrl Pts',(6.99999999999999,45.,62.));
#4810=CARTESIAN_POINT('Origin',(44.5,-40.,5.));
#4811=CARTESIAN_POINT('',(52.5,-40.,5.));
#4812=CARTESIAN_POINT('Origin',(54.5,-40.,5.));
#4813=CARTESIAN_POINT('Origin',(44.5,-40.,5.));
#4814=CARTESIAN_POINT('Origin',(34.5,-40.,5.));
#4815=CARTESIAN_POINT('Origin',(34.5,-4.99999999999999,5.));
#4816=CARTESIAN_POINT('Origin',(34.5,-9.99999999999998,5.));
#4817=CARTESIAN_POINT('Origin',(44.5,-9.99999999999998,5.));
#4818=CARTESIAN_POINT('Origin',(54.5,-9.99999999999998,5.));
#4819=CARTESIAN_POINT('Origin',(54.5,-20.,5.));
#4820=CARTESIAN_POINT('',(52.5,-20.,5.));
#4821=CARTESIAN_POINT('Origin',(44.5,-40.,3.));
#4822=CARTESIAN_POINT('',(52.5,-40.,3.));
#4823=CARTESIAN_POINT('Origin',(44.5,-40.,4.5));
#4824=CARTESIAN_POINT('',(35.,-40.,0.));
#4825=CARTESIAN_POINT('',(39.5,-40.,4.5));
#4826=CARTESIAN_POINT('Origin',(35.,-40.,4.5));
#4827=CARTESIAN_POINT('',(49.5,-40.,4.5));
#4828=CARTESIAN_POINT('Origin',(44.5,-40.,4.5));
#4829=CARTESIAN_POINT('',(54.,-40.,0.));
#4830=CARTESIAN_POINT('Origin',(54.,-40.,4.5));
#4831=CARTESIAN_POINT('Origin',(44.5,-40.,0.));
#4832=CARTESIAN_POINT('Origin',(54.,-20.,4.5));
#4833=CARTESIAN_POINT('',(49.5,-9.99999999999998,4.5));
#4834=CARTESIAN_POINT('',(54.,-9.99999999999998,0.));
#4835=CARTESIAN_POINT('Origin',(54.,-9.99999999999998,4.5));
#4836=CARTESIAN_POINT('',(54.,-20.,0.));
#4837=CARTESIAN_POINT('',(49.5,-20.,4.5));
#4838=CARTESIAN_POINT('Origin',(44.5,-9.99999999999998,4.5));
#4839=CARTESIAN_POINT('',(39.5,-9.99999999999998,4.5));
#4840=CARTESIAN_POINT('',(35.,-9.99999999999998,0.));
#4841=CARTESIAN_POINT('Origin',(35.,-9.99999999999998,4.5));
#4842=CARTESIAN_POINT('Origin',(44.5,-9.99999999999998,0.));
#4843=CARTESIAN_POINT('Origin',(44.5,-9.99999999999998,4.5));
#4844=CARTESIAN_POINT('Origin',(35.,-4.99999999999999,4.5));
#4845=CARTESIAN_POINT('',(35.,-4.99999999999999,0.));
#4846=CARTESIAN_POINT('',(39.5,-4.99999999999999,4.5));
#4847=CARTESIAN_POINT('Origin',(49.5,-40.,3.));
#4848=CARTESIAN_POINT('',(49.5,-40.,30.1722388240178));
#4849=CARTESIAN_POINT('',(49.5,-40.,0.));
#4850=CARTESIAN_POINT('',(49.5,-9.99999999999998,48.0491877729383));
#4851=CARTESIAN_POINT('Ctrl Pts',(49.5,-9.99999999999998,48.0491877729383));
#4852=CARTESIAN_POINT('Ctrl Pts',(49.5,-10.925481142996,48.0012018721731));
#4853=CARTESIAN_POINT('Ctrl Pts',(49.5,-11.8555234534418,47.9412829729023));
#4854=CARTESIAN_POINT('Ctrl Pts',(49.5,-18.5754758113201,47.3938494198035));
#4855=CARTESIAN_POINT('Ctrl Pts',(49.5,-22.9395931497126,46.4126795320838));
#4856=CARTESIAN_POINT('Ctrl Pts',(49.5,-30.1662002869939,42.7986300663679));
#4857=CARTESIAN_POINT('Ctrl Pts',(49.5,-31.973887208108,40.9548719657709));
#4858=CARTESIAN_POINT('Ctrl Pts',(49.5,-35.3628472802322,37.3446528675475));
#4859=CARTESIAN_POINT('Ctrl Pts',(49.5,-37.6380867171583,33.9119044496268));
#4860=CARTESIAN_POINT('Ctrl Pts',(49.5,-40.,30.1722388240178));
#4861=CARTESIAN_POINT('',(49.5,-9.99999999999998,3.));
#4862=CARTESIAN_POINT('Origin',(44.5,-40.,3.));
#4863=CARTESIAN_POINT('',(39.5,-40.,33.3641756234912));
#4864=CARTESIAN_POINT('',(39.5,-40.,3.));
#4865=CARTESIAN_POINT('Ctrl Pts',(49.5,-40.,30.1722388240178));
#4866=CARTESIAN_POINT('Ctrl Pts',(49.5,-40.3167385862582,29.6707401399049));
#4867=CARTESIAN_POINT('Ctrl Pts',(49.4698984612513,-40.6320923247398,29.1767359103649));
#4868=CARTESIAN_POINT('Ctrl Pts',(49.3123848635902,-41.4533826259738,27.905398381335));
#4869=CARTESIAN_POINT('Ctrl Pts',(49.1309580046675,-41.9650299344115,27.1295833751646));
#4870=CARTESIAN_POINT('Ctrl Pts',(48.6003547268674,-42.9098842878412,25.7359447346434));
#4871=CARTESIAN_POINT('Ctrl Pts',(48.2458466725993,-43.3675845344337,25.0803622686838));
#4872=CARTESIAN_POINT('Ctrl Pts',(47.462558730283,-44.0506292306759,24.1480140692573));
#4873=CARTESIAN_POINT('Ctrl Pts',(47.0772349198165,-44.312408761506,23.8058751659209));
#4874=CARTESIAN_POINT('Ctrl Pts',(46.3143629698631,-44.672681806979,23.3753847052654));
#4875=CARTESIAN_POINT('Ctrl Pts',(45.9676124368505,-44.7943895053508,23.2453646389536));
#4876=CARTESIAN_POINT('Ctrl Pts',(45.2529168883503,-44.9559693393613,23.1189167440366));
#4877=CARTESIAN_POINT('Ctrl Pts',(44.9035537995629,-44.9954450807636,23.1198234871059));
#4878=CARTESIAN_POINT('Ctrl Pts',(44.1561190282684,-45.0045717479748,23.2460352053533));
#4879=CARTESIAN_POINT('Ctrl Pts',(43.7840324297284,-44.9604915630459,23.3893775115229));
#4880=CARTESIAN_POINT('Ctrl Pts',(42.9665832553205,-44.7843325607878,23.8441227532225));
#4881=CARTESIAN_POINT('Ctrl Pts',(42.5124526056412,-44.6126593144426,24.2265283863335));
#4882=CARTESIAN_POINT('Ctrl Pts',(41.4634094052369,-44.037049077973,25.45048394064));
#4883=CARTESIAN_POINT('Ctrl Pts',(40.9425327108667,-43.5765322288841,26.393838080699));
#4884=CARTESIAN_POINT('Ctrl Pts',(40.1578144941724,-42.5551825241017,28.4615890813947));
#4885=CARTESIAN_POINT('Ctrl Pts',(39.9030140396308,-42.0371821045973,29.4981864049339));
#4886=CARTESIAN_POINT('Ctrl Pts',(39.579360141138,-41.0311782147873,31.4591832307763));
#4887=CARTESIAN_POINT('Ctrl Pts',(39.5001126024717,-40.5147795788574,32.4391018221242));
#4888=CARTESIAN_POINT('Ctrl Pts',(39.5000000399601,-40.0007299202015,33.3628640134958));
#4889=CARTESIAN_POINT('Ctrl Pts',(39.5,-40.000364966777,33.3635198194745));
#4890=CARTESIAN_POINT('Ctrl Pts',(39.5,-40.,33.3641756234912));
#4891=CARTESIAN_POINT('Origin',(3.19393748983471E-016,-1.91636249390082E-015,
0.));
#4892=CARTESIAN_POINT('',(-52.5,50.,0.));
#4893=CARTESIAN_POINT('',(52.5,50.,0.));
#4894=CARTESIAN_POINT('',(-52.5,50.,0.));
#4895=CARTESIAN_POINT('',(62.5,40.,0.));
#4896=CARTESIAN_POINT('Origin',(52.5,40.,0.));
#4897=CARTESIAN_POINT('',(62.5,-40.,0.));
#4898=CARTESIAN_POINT('',(62.5,40.,0.));
#4899=CARTESIAN_POINT('',(52.5,-50.,0.));
#4900=CARTESIAN_POINT('Origin',(52.5,-40.,0.));
#4901=CARTESIAN_POINT('',(-52.5,-50.,0.));
#4902=CARTESIAN_POINT('',(52.5,-50.,0.));
#4903=CARTESIAN_POINT('',(-62.5,-40.,0.));
#4904=CARTESIAN_POINT('Origin',(-52.5,-40.,0.));
#4905=CARTESIAN_POINT('',(-62.5,40.,0.));
#4906=CARTESIAN_POINT('',(-62.5,-40.,0.));
#4907=CARTESIAN_POINT('Origin',(-52.5,40.,0.));
#4908=CARTESIAN_POINT('',(54.25,40.,0.));
#4909=CARTESIAN_POINT('Origin',(52.5,40.,0.));
#4910=CARTESIAN_POINT('',(14.25,-43.,0.));
#4911=CARTESIAN_POINT('Origin',(12.5,-43.,0.));
#4912=CARTESIAN_POINT('',(-45.75,-43.,0.));
#4913=CARTESIAN_POINT('Origin',(-47.5,-43.,0.));
#4914=CARTESIAN_POINT('',(-45.75,40.,0.));
#4915=CARTESIAN_POINT('Origin',(-47.5,40.,0.));
#4916=CARTESIAN_POINT('Origin',(52.5,50.,0.));
#4917=CARTESIAN_POINT('',(-52.5,50.,0.));
#4918=CARTESIAN_POINT('',(52.5,50.,0.));
#4919=CARTESIAN_POINT('Origin',(-52.5,40.,0.));
#4920=CARTESIAN_POINT('',(-62.5,40.,0.));
#4921=CARTESIAN_POINT('Origin',(-62.5,40.,0.));
#4922=CARTESIAN_POINT('',(-62.5,-40.,0.));
#4923=CARTESIAN_POINT('Origin',(-52.5,-40.,0.));
#4924=CARTESIAN_POINT('',(-52.5,-50.,0.));
#4925=CARTESIAN_POINT('Origin',(-52.5,-50.,0.));
#4926=CARTESIAN_POINT('',(52.5,-50.,0.));
#4927=CARTESIAN_POINT('Origin',(52.5,-40.,0.));
#4928=CARTESIAN_POINT('',(62.5,-40.,0.));
#4929=CARTESIAN_POINT('Origin',(62.5,-40.,0.));
#4930=CARTESIAN_POINT('',(62.5,40.,0.));
#4931=CARTESIAN_POINT('Origin',(52.5,40.,0.));
#4932=CARTESIAN_POINT('Origin',(-39.,-33.,3.));
#4933=CARTESIAN_POINT('',(-39.,-39.,60.));
#4934=CARTESIAN_POINT('',(-39.,-32.9999999999999,60.));
#4935=CARTESIAN_POINT('',(-39.,-45.,79.));
#4936=CARTESIAN_POINT('',(-39.,-45.,3.));
#4937=CARTESIAN_POINT('',(-39.,-39.,79.));
#4938=CARTESIAN_POINT('',(-39.,-45.,79.));
#4939=CARTESIAN_POINT('',(-39.,-39.,31.5));
#4940=CARTESIAN_POINT('Origin',(-36.,-45.,3.));
#4941=CARTESIAN_POINT('',(-36.,-45.,79.));
#4942=CARTESIAN_POINT('',(-36.,-33.,79.));
#4943=CARTESIAN_POINT('',(-36.,-45.,3.));
#4944=CARTESIAN_POINT('Origin',(-57.,-33.,3.));
#4945=CARTESIAN_POINT('',(-57.,-45.,3.));
#4946=CARTESIAN_POINT('Origin',(-57.,-45.,3.));
#4947=CARTESIAN_POINT('',(-54.,-45.,79.));
#4948=CARTESIAN_POINT('',(-54.,-45.,3.));
#4949=CARTESIAN_POINT('',(-64.,-45.,79.));
#4950=CARTESIAN_POINT('',(1.00000000000001,-45.,79.));
#4951=CARTESIAN_POINT('',(-64.,-45.,79.));
#4952=CARTESIAN_POINT('',(0.999999999999989,-45.,62.));
#4953=CARTESIAN_POINT('',(0.999999999999989,-45.,62.));
#4954=CARTESIAN_POINT('',(6.99999999999999,-45.,62.));
#4955=CARTESIAN_POINT('',(7.00000000000001,-45.,65.1307773523902));
#4956=CARTESIAN_POINT('',(7.,-45.,82.));
#4957=CARTESIAN_POINT('',(6.99999999999999,-45.,77.));
#4958=CARTESIAN_POINT('',(7.,-45.,82.));
#4959=CARTESIAN_POINT('',(7.,-45.,82.));
#4960=CARTESIAN_POINT('',(7.,-45.,82.));
#4961=CARTESIAN_POINT('',(-64.,-45.,82.));
#4962=CARTESIAN_POINT('',(-64.,-45.,82.));
#4963=CARTESIAN_POINT('',(-64.,-45.,79.));
#4964=CARTESIAN_POINT('Origin',(-57.,45.,3.));
#4965=CARTESIAN_POINT('',(-57.,45.,3.));
#4966=CARTESIAN_POINT('Origin',(-54.,33.,3.));
#4967=CARTESIAN_POINT('',(-54.,39.,60.));
#4968=CARTESIAN_POINT('',(-54.,36.,60.));
#4969=CARTESIAN_POINT('',(-54.,45.,79.));
#4970=CARTESIAN_POINT('',(-54.,45.,3.));
#4971=CARTESIAN_POINT('',(-54.,39.,79.));
#4972=CARTESIAN_POINT('',(-54.,45.,79.));
#4973=CARTESIAN_POINT('',(-54.,39.,41.5));
#4974=CARTESIAN_POINT('Origin',(-36.,45.,3.));
#4975=CARTESIAN_POINT('',(-39.,45.,79.));
#4976=CARTESIAN_POINT('',(-39.,45.,3.));
#4977=CARTESIAN_POINT('',(0.999999999999996,45.,79.));
#4978=CARTESIAN_POINT('',(-64.,45.,82.));
#4979=CARTESIAN_POINT('',(-64.,45.,79.));
#4980=CARTESIAN_POINT('',(7.,45.,82.));
#4981=CARTESIAN_POINT('',(0.999999999999996,45.,82.));
#4982=CARTESIAN_POINT('',(7.00000000000001,45.,77.0000000000001));
#4983=CARTESIAN_POINT('',(7.,45.,82.));
#4984=CARTESIAN_POINT('',(7.,45.,82.));
#4985=CARTESIAN_POINT('',(0.999999999999989,45.,62.));
#4986=CARTESIAN_POINT('',(6.99999999999999,45.,62.));
#4987=CARTESIAN_POINT('',(0.999999999999996,45.,79.));
#4988=CARTESIAN_POINT('',(0.999999999999989,45.,62.));
#4989=CARTESIAN_POINT('',(0.999999999999996,45.,79.));
#4990=CARTESIAN_POINT('Origin',(-34.5799760701742,-5.09858157679267E-015,
79.));
#4991=CARTESIAN_POINT('',(1.00000000000001,-45.,79.));
#4992=CARTESIAN_POINT('Origin',(-34.5799760701742,-5.09858157679267E-015,
82.));
#4993=CARTESIAN_POINT('',(-5.,22.5,82.));
#4994=CARTESIAN_POINT('',(-5.,17.5,82.));
#4995=CARTESIAN_POINT('Origin',(-5.,20.,82.));
#4996=CARTESIAN_POINT('',(-70.,17.5,82.));
#4997=CARTESIAN_POINT('',(-19.7899880350871,17.5,82.));
#4998=CARTESIAN_POINT('',(-70.,22.5,82.));
#4999=CARTESIAN_POINT('Origin',(-70.,20.,82.));
#5000=CARTESIAN_POINT('',(-52.2899880350871,22.5,82.));
#5001=CARTESIAN_POINT('',(-70.,-25.5,82.));
#5002=CARTESIAN_POINT('',(-70.,-20.5,82.));
#5003=CARTESIAN_POINT('Origin',(-70.,-23.,82.));
#5004=CARTESIAN_POINT('',(-5.,-20.5,82.));
#5005=CARTESIAN_POINT('',(-52.2899880350871,-20.5,82.));
#5006=CARTESIAN_POINT('',(-5.,-25.5,82.));
#5007=CARTESIAN_POINT('Origin',(-5.,-23.,82.));
#5008=CARTESIAN_POINT('',(-19.7899880350871,-25.5,82.));
#5009=CARTESIAN_POINT('',(-74.,35.,82.));
#5010=CARTESIAN_POINT('Origin',(-64.,35.,82.));
#5011=CARTESIAN_POINT('',(-74.,-35.,82.));
#5012=CARTESIAN_POINT('',(-74.,35.,82.));
#5013=CARTESIAN_POINT('Origin',(-64.,-35.,82.));
#5014=CARTESIAN_POINT('',(7.,0.,82.));
#5015=CARTESIAN_POINT('Origin',(-64.,35.,79.));
#5016=CARTESIAN_POINT('',(-74.,35.,79.));
#5017=CARTESIAN_POINT('Origin',(-74.,35.,79.));
#5018=CARTESIAN_POINT('',(-74.,-35.,79.));
#5019=CARTESIAN_POINT('Origin',(-64.,-35.,79.));
#5020=CARTESIAN_POINT('Origin',(-70.,-20.5,82.));
#5021=CARTESIAN_POINT('',(-70.,-20.5,82.));
#5022=CARTESIAN_POINT('',(-5.,-20.5,82.));
#5023=CARTESIAN_POINT('Origin',(-5.,-23.,82.));
#5024=CARTESIAN_POINT('',(-5.,-25.5,82.));
#5025=CARTESIAN_POINT('Origin',(-5.,-25.5,82.));
#5026=CARTESIAN_POINT('',(-70.,-25.5,82.));
#5027=CARTESIAN_POINT('Origin',(-70.,-23.,82.));
#5028=CARTESIAN_POINT('Origin',(-5.,17.5,82.));
#5029=CARTESIAN_POINT('',(-5.,17.5,82.));
#5030=CARTESIAN_POINT('',(-70.,17.5,82.));
#5031=CARTESIAN_POINT('Origin',(-70.,20.,82.));
#5032=CARTESIAN_POINT('',(-70.,22.5,82.));
#5033=CARTESIAN_POINT('Origin',(-70.,22.5,82.));
#5034=CARTESIAN_POINT('',(-5.,22.5,82.));
#5035=CARTESIAN_POINT('Origin',(-5.,20.,82.));
#5036=CARTESIAN_POINT('Origin',(6.99999999999999,0.,62.));
#5037=CARTESIAN_POINT('',(0.999999999999989,0.,62.));
#5038=CARTESIAN_POINT('',(0.999999999999989,39.,62.));
#5039=CARTESIAN_POINT('',(-3.68467274885293,39.,62.));
#5040=CARTESIAN_POINT('',(0.999999999999989,0.,62.));
#5041=CARTESIAN_POINT('',(0.999999999999989,0.,62.));
#5042=CARTESIAN_POINT('Origin',(0.999999999999989,0.,62.));
#5043=CARTESIAN_POINT('Origin',(7.,0.,82.));
#5044=CARTESIAN_POINT('',(7.,-39.,77.));
#5045=CARTESIAN_POINT('Ctrl Pts',(7.,-45.,77.));
#5046=CARTESIAN_POINT('Ctrl Pts',(7.,-45.,77.4487989505128));
#5047=CARTESIAN_POINT('Ctrl Pts',(7.,-44.7899353044065,78.4584057662212));
#5048=CARTESIAN_POINT('Ctrl Pts',(7.,-43.6050368566591,79.7303678844622));
#5049=CARTESIAN_POINT('Ctrl Pts',(7.,-41.8700361334528,80.1635346404513));
#5050=CARTESIAN_POINT('Ctrl Pts',(7.,-40.2725586556368,79.6149367944843));
#5051=CARTESIAN_POINT('Ctrl Pts',(7.,-39.3126377297949,78.5239066279179));
#5052=CARTESIAN_POINT('Ctrl Pts',(7.,-39.0018544464755,77.4896532708701));
#5053=CARTESIAN_POINT('Ctrl Pts',(7.,-39.,77.0952380952381));
#5054=CARTESIAN_POINT('Ctrl Pts',(7.,-39.,77.));
#5055=CARTESIAN_POINT('',(6.99999999999999,-39.,75.));
#5056=CARTESIAN_POINT('Ctrl Pts',(6.99999999999999,-39.,77.));
#5057=CARTESIAN_POINT('Ctrl Pts',(6.99999999999999,-39.,76.3333333333333));
#5058=CARTESIAN_POINT('Ctrl Pts',(6.99999999999999,-39.,75.6666666666667));
#5059=CARTESIAN_POINT('Ctrl Pts',(6.99999999999999,-39.,75.));
#5060=CARTESIAN_POINT('',(7.00000000000001,-29.,65.));
#5061=CARTESIAN_POINT('Ctrl Pts',(7.00000000000001,-39.,75.));
#5062=CARTESIAN_POINT('Ctrl Pts',(7.00000000000001,-39.,74.9285714285714));
#5063=CARTESIAN_POINT('Ctrl Pts',(7.00000000000001,-38.9992027534253,74.6910327364741));
#5064=CARTESIAN_POINT('Ctrl Pts',(7.00000000000001,-38.9324600430711,73.5272005186214));
#5065=CARTESIAN_POINT('Ctrl Pts',(7.00000000000001,-38.5315979092834,71.1526279421541));
#5066=CARTESIAN_POINT('Ctrl Pts',(7.00000000000001,-36.4089890269387,68.0773795836433));
#5067=CARTESIAN_POINT('Ctrl Pts',(7.00000000000001,-34.1063728719745,66.2340120408552));
#5068=CARTESIAN_POINT('Ctrl Pts',(7.00000000000001,-31.4344619507893,65.1724297986222));
#5069=CARTESIAN_POINT('Ctrl Pts',(7.00000000000001,-29.7479982508547,65.));
#5070=CARTESIAN_POINT('Ctrl Pts',(7.00000000000001,-29.,65.));
#5071=CARTESIAN_POINT('',(6.99999999999999,29.,65.));
#5072=CARTESIAN_POINT('Ctrl Pts',(6.99999999999999,-29.,65.));
#5073=CARTESIAN_POINT('Ctrl Pts',(6.99999999999999,-23.764012244017,65.));
#5074=CARTESIAN_POINT('Ctrl Pts',(6.99999999999999,23.764012244017,65.));
#5075=CARTESIAN_POINT('Ctrl Pts',(6.99999999999999,29.,65.));
#5076=CARTESIAN_POINT('',(7.00000000000001,39.,75.));
#5077=CARTESIAN_POINT('Ctrl Pts',(7.00000000000001,29.,65.));
#5078=CARTESIAN_POINT('Ctrl Pts',(7.00000000000001,29.7479982508547,65.));
#5079=CARTESIAN_POINT('Ctrl Pts',(7.00000000000001,31.4355866460503,65.1722259797349));
#5080=CARTESIAN_POINT('Ctrl Pts',(7.00000000000001,34.1046397591286,66.2352299476456));
#5081=CARTESIAN_POINT('Ctrl Pts',(7.00000000000001,36.4137068348298,68.080705607967));
#5082=CARTESIAN_POINT('Ctrl Pts',(7.00000000000001,37.9953466469141,70.3790578962361));
#5083=CARTESIAN_POINT('Ctrl Pts',(7.00000000000001,38.7881965378446,72.6247018064333));
#5084=CARTESIAN_POINT('Ctrl Pts',(7.00000000000001,39.0052993880821,74.3408295323939));
#5085=CARTESIAN_POINT('Ctrl Pts',(7.00000000000002,39.,74.9047619047619));
#5086=CARTESIAN_POINT('Ctrl Pts',(7.00000000000002,39.,75.));
#5087=CARTESIAN_POINT('',(7.00000000000001,39.,77.0000000000001));
#5088=CARTESIAN_POINT('Ctrl Pts',(7.00000000000002,39.,75.));
#5089=CARTESIAN_POINT('Ctrl Pts',(7.00000000000002,39.,75.6666666666667));
#5090=CARTESIAN_POINT('Ctrl Pts',(7.00000000000002,39.,76.3333333333334));
#5091=CARTESIAN_POINT('Ctrl Pts',(7.00000000000002,39.,77.0000000000001));
#5092=CARTESIAN_POINT('Ctrl Pts',(7.00000000000001,39.,77.0000000000001));
#5093=CARTESIAN_POINT('Ctrl Pts',(7.00000000000001,39.,77.0952380952381));
#5094=CARTESIAN_POINT('Ctrl Pts',(7.00000000000001,39.0011662200058,77.4891004728955));
#5095=CARTESIAN_POINT('Ctrl Pts',(7.00000000000001,39.3148838104322,78.5251326900585));
#5096=CARTESIAN_POINT('Ctrl Pts',(7.00000000000001,40.2702705844046,79.6162228307204));
#5097=CARTESIAN_POINT('Ctrl Pts',(7.00000000000001,41.8718252629317,80.1602518636262));
#5098=CARTESIAN_POINT('Ctrl Pts',(7.00000000000001,43.6079457424684,79.7332253921137));
#5099=CARTESIAN_POINT('Ctrl Pts',(7.00000000000002,44.7885701951782,78.4572001196258));
#5100=CARTESIAN_POINT('Ctrl Pts',(7.00000000000002,45.,77.4487989505129));
#5101=CARTESIAN_POINT('Ctrl Pts',(7.00000000000002,45.,77.0000000000001));
#5102=CARTESIAN_POINT('Ctrl Pts',(15.,-76.,23.));
#5103=CARTESIAN_POINT('Ctrl Pts',(14.9543812052969,-69.413745332385,21.9032413230975));
#5104=CARTESIAN_POINT('Ctrl Pts',(14.9543812052969,-64.0804119990516,21.9032413230975));
#5105=CARTESIAN_POINT('Ctrl Pts',(15.1101793274738,-50.1449160856381,25.6489111386769));
#5106=CARTESIAN_POINT('Ctrl Pts',(16.2838644965808,-53.4902335003035,42.9777084683178));
#5107=CARTESIAN_POINT('Ctrl Pts',(15.947689352932,-51.0404187223414,58.5108946911401));
#5108=CARTESIAN_POINT('Ctrl Pts',(16.9166903318382,-58.6477562297098,60.9506012355928));
#5109=CARTESIAN_POINT('Ctrl Pts',(11.8109729816174,-52.1852841100632,70.5244638477119));
#5110=CARTESIAN_POINT('Ctrl Pts',(9.67498143955982,-49.1163971397892,73.6811689232438));
#5111=CARTESIAN_POINT('Ctrl Pts',(6.99999999999999,-45.,77.));
#5112=CARTESIAN_POINT('Ctrl Pts',(15.,-76.,22.125672248657));
#5113=CARTESIAN_POINT('Ctrl Pts',(14.9680252299717,-69.4666159280001,21.025953728212));
#5114=CARTESIAN_POINT('Ctrl Pts',(14.9680252299717,-64.1332825946668,21.025953728212));
#5115=CARTESIAN_POINT('Ctrl Pts',(15.07722603547,-50.0172220791234,24.7817320543047));
#5116=CARTESIAN_POINT('Ctrl Pts',(16.0033807666072,-52.3941200915074,42.1949796611936));
#5117=CARTESIAN_POINT('Ctrl Pts',(15.5432712118098,-49.4840968982734,57.6883550387743));
#5118=CARTESIAN_POINT('Ctrl Pts',(16.4464472812593,-56.9238584297037,60.992182298138));
#5119=CARTESIAN_POINT('Ctrl Pts',(11.5725096011622,-51.3187374684686,68.9911116977401));
#5120=CARTESIAN_POINT('Ctrl Pts',(9.54017173624337,-48.628088790375,71.4475304316841));
#5121=CARTESIAN_POINT('Ctrl Pts',(6.99999999999999,-45.,73.8584073464102));
#5122=CARTESIAN_POINT('Ctrl Pts',(15.,-76.,13.));
#5123=CARTESIAN_POINT('Ctrl Pts',(15.0276238915892,-69.6975607417679,11.6729090423903));
#5124=CARTESIAN_POINT('Ctrl Pts',(15.0276238915892,-64.3642274084346,11.6729090423903));
#5125=CARTESIAN_POINT('Ctrl Pts',(14.9332822838193,-49.4594400414768,16.2052137755389));
#5126=CARTESIAN_POINT('Ctrl Pts',(14.8447217194343,-47.8489284622016,38.0453292477534));
#5127=CARTESIAN_POINT('Ctrl Pts',(13.698971027071,-42.4021708603017,54.9493331559337));
#5128=CARTESIAN_POINT('Ctrl Pts',(13.6845961776633,-46.8109610954477,55.3502525194012));
#5129=CARTESIAN_POINT('Ctrl Pts',(10.1168474379259,-46.0227546133318,62.480018483122));
#5130=CARTESIAN_POINT('Ctrl Pts',(8.70591656937737,-45.5996561808647,64.7300448528261));
#5131=CARTESIAN_POINT('Ctrl Pts',(6.99999999999999,-45.,67.));
#5132=CARTESIAN_POINT('Ctrl Pts',(15.,-76.,7.99999999999999));
#5133=CARTESIAN_POINT('Ctrl Pts',(15.0642452347354,-69.8394684464594,6.55774290203669));
#5134=CARTESIAN_POINT('Ctrl Pts',(15.0642452347354,-64.5061351131261,6.55774290203669));
#5135=CARTESIAN_POINT('Ctrl Pts',(14.844833761992,-49.1167020193962,11.4833650939699));
#5136=CARTESIAN_POINT('Ctrl Pts',(14.125150330861,-45.0282759431507,35.5791396374711));
#5137=CARTESIAN_POINT('Ctrl Pts',(12.5746118641404,-38.0830469292818,53.1685523883305));
#5138=CARTESIAN_POINT('Ctrl Pts',(12.0685491005759,-40.8925635283166,52.5500781613054));
#5139=CARTESIAN_POINT('Ctrl Pts',(9.26978466608008,-42.9414898649661,58.4577958008271));
#5140=CARTESIAN_POINT('Ctrl Pts',(8.22138413428614,-43.8412857014025,60.2544828176173));
#5141=CARTESIAN_POINT('Ctrl Pts',(6.99999999999999,-45.,62.));
#5142=CARTESIAN_POINT('',(15.,-76.,23.));
#5143=CARTESIAN_POINT('',(15.,-76.,23.));
#5144=CARTESIAN_POINT('Ctrl Pts',(15.,-76.,23.));
#5145=CARTESIAN_POINT('Ctrl Pts',(14.9543812052969,-69.413745332385,21.9032413230975));
#5146=CARTESIAN_POINT('Ctrl Pts',(14.9543812052969,-64.0804119990516,21.9032413230975));
#5147=CARTESIAN_POINT('Ctrl Pts',(15.1101793274738,-50.1449160856381,25.6489111386769));
#5148=CARTESIAN_POINT('Ctrl Pts',(16.2838644965808,-53.4902335003035,42.9777084683178));
#5149=CARTESIAN_POINT('Ctrl Pts',(15.947689352932,-51.0404187223414,58.5108946911401));
#5150=CARTESIAN_POINT('Ctrl Pts',(16.9166903318382,-58.6477562297098,60.9506012355928));
#5151=CARTESIAN_POINT('Ctrl Pts',(11.8109729816174,-52.1852841100632,70.5244638477119));
#5152=CARTESIAN_POINT('Ctrl Pts',(9.67498143955982,-49.1163971397892,73.6811689232438));
#5153=CARTESIAN_POINT('Ctrl Pts',(6.99999999999999,-45.,77.));
#5154=CARTESIAN_POINT('Ctrl Pts',(16.8685093021118,-76.,23.4956728680745));
#5155=CARTESIAN_POINT('Ctrl Pts',(16.781011245336,-69.4440391029191,22.418945031532));
#5156=CARTESIAN_POINT('Ctrl Pts',(16.7810112453359,-64.1107057695857,22.4189450315319));
#5157=CARTESIAN_POINT('Ctrl Pts',(17.0798361710824,-50.07175003016,26.0962051634709));
#5158=CARTESIAN_POINT('Ctrl Pts',(19.2044136873306,-53.0394559412393,42.834064568659));
#5159=CARTESIAN_POINT('Ctrl Pts',(18.834151068382,-49.9414817725576,58.6787854012561));
#5160=CARTESIAN_POINT('Ctrl Pts',(19.1356532454821,-58.7936784424231,63.4261646794849));
#5161=CARTESIAN_POINT('Ctrl Pts',(12.793981600731,-49.2110796803404,71.9725917830475));
#5162=CARTESIAN_POINT('Ctrl Pts',(10.2014570700437,-44.8082825776215,74.5394647480318));
#5163=CARTESIAN_POINT('Ctrl Pts',(7.,-39.,77.));
#5164=CARTESIAN_POINT('Ctrl Pts',(16.8065977958053,-76.,23.604153123094));
#5165=CARTESIAN_POINT('Ctrl Pts',(16.7163894274079,-69.4432316294548,22.5313147060733));
#5166=CARTESIAN_POINT('Ctrl Pts',(16.7163894274079,-64.1098982961215,22.5313147060733));
#5167=CARTESIAN_POINT('Ctrl Pts',(17.0244706577961,-50.073700254488,26.1952916230168));
#5168=CARTESIAN_POINT('Ctrl Pts',(19.1923586929709,-53.0371592072958,42.8456468151671));
#5169=CARTESIAN_POINT('Ctrl Pts',(18.859424265287,-49.9875016447624,58.6917826463067));
#5170=CARTESIAN_POINT('Ctrl Pts',(19.1983396101652,-59.0225461025722,63.5875097512434));
#5171=CARTESIAN_POINT('Ctrl Pts',(12.8300919863826,-49.3427932879303,72.1155017586431));
#5172=CARTESIAN_POINT('Ctrl Pts',(10.2227597875326,-44.8859621434714,74.6645620111436));
#5173=CARTESIAN_POINT('Ctrl Pts',(7.,-39.,77.0952380952381));
#5174=CARTESIAN_POINT('Ctrl Pts',(16.6416690854522,-76.,23.7975853955849));
#5175=CARTESIAN_POINT('Ctrl Pts',(16.5432245480849,-69.437787411154,22.7292056997177));
#5176=CARTESIAN_POINT('Ctrl Pts',(16.5432245480848,-64.1044540778206,22.7292056997177));
#5177=CARTESIAN_POINT('Ctrl Pts',(16.8794340897929,-50.0868492277327,26.3779551125691));
#5178=CARTESIAN_POINT('Ctrl Pts',(19.194210328661,-53.113809190092,42.9283547466688));
#5179=CARTESIAN_POINT('Ctrl Pts',(18.941581402932,-50.190093387318,58.7753388417792));
#5180=CARTESIAN_POINT('Ctrl Pts',(19.2612111815754,-59.5844699765707,63.7289571083608));
#5181=CARTESIAN_POINT('Ctrl Pts',(12.8626536243467,-49.6578623493393,72.3956994283988));
#5182=CARTESIAN_POINT('Ctrl Pts',(10.2413073625198,-45.0708886804158,74.9972986108685));
#5183=CARTESIAN_POINT('Ctrl Pts',(7.,-39.0018544464755,77.4896532708701));
#5184=CARTESIAN_POINT('Ctrl Pts',(16.3052433162132,-76.,23.9772128858323));
#5185=CARTESIAN_POINT('Ctrl Pts',(16.1936726084926,-69.4195324935072,22.9056820369586));
#5186=CARTESIAN_POINT('Ctrl Pts',(16.1936726084926,-64.0861991601738,22.9056820369586));
#5187=CARTESIAN_POINT('Ctrl Pts',(16.5747108815537,-50.130938830768,26.5651933238206));
#5188=CARTESIAN_POINT('Ctrl Pts',(19.1344912069456,-53.4548056753587,43.1921430386611));
#5189=CARTESIAN_POINT('Ctrl Pts',(18.9861962361027,-50.7712415601665,59.0257153062089));
#5190=CARTESIAN_POINT('Ctrl Pts',(19.1347874747001,-60.4218657608124,63.3808661746055));
#5191=CARTESIAN_POINT('Ctrl Pts',(12.7899589747269,-50.261412944236,72.7055482875746));
#5192=CARTESIAN_POINT('Ctrl Pts',(10.1984461783588,-45.5524689319958,75.6172139581868));
#5193=CARTESIAN_POINT('Ctrl Pts',(7.,-39.3126377297949,78.5239066279179));
#5194=CARTESIAN_POINT('Ctrl Pts',(15.9264266223385,-76.,24.0209931612861));
#5195=CARTESIAN_POINT('Ctrl Pts',(15.8122842556503,-69.3956302370104,22.9393968113716));
#5196=CARTESIAN_POINT('Ctrl Pts',(15.8122842556503,-64.062296903677,22.9393968113716));
#5197=CARTESIAN_POINT('Ctrl Pts',(16.2021053043338,-50.1886679874251,26.6332839771037));
#5198=CARTESIAN_POINT('Ctrl Pts',(18.7959959867034,-53.9348927427032,43.5009558314499));
#5199=CARTESIAN_POINT('Ctrl Pts',(18.698267574484,-51.492902090385,59.2999210047009));
#5200=CARTESIAN_POINT('Ctrl Pts',(18.7874160130313,-60.8825326174388,62.626217734988));
#5201=CARTESIAN_POINT('Ctrl Pts',(12.6209372541233,-50.9692422296387,72.8034720363443));
#5202=CARTESIAN_POINT('Ctrl Pts',(10.1043601871545,-46.3700984898056,76.1350643247534));
#5203=CARTESIAN_POINT('Ctrl Pts',(7.,-40.2725586556368,79.6149367944843));
#5204=CARTESIAN_POINT('Ctrl Pts',(15.5577952878268,-76.,23.9233372078664));
#5205=CARTESIAN_POINT('Ctrl Pts',(15.4575177003581,-69.3768264616245,22.8312606744522));
#5206=CARTESIAN_POINT('Ctrl Pts',(15.4575177003581,-64.0434931282912,22.8312606744522));
#5207=CARTESIAN_POINT('Ctrl Pts',(15.7999875075006,-50.2340832014714,26.5609399499924));
#5208=CARTESIAN_POINT('Ctrl Pts',(18.0937507250638,-54.3172950640109,43.6908229317238));
#5209=CARTESIAN_POINT('Ctrl Pts',(17.9754691235915,-52.0551112782243,59.428658741092));
#5210=CARTESIAN_POINT('Ctrl Pts',(18.2723824290858,-60.7707931940796,61.7976566534142));
#5211=CARTESIAN_POINT('Ctrl Pts',(12.3968416111031,-51.6896593873513,72.5884339273635));
#5212=CARTESIAN_POINT('Ctrl Pts',(9.98529695338874,-47.4696316543865,76.2385388560139));
#5213=CARTESIAN_POINT('Ctrl Pts',(7.,-41.8700361334528,80.1635346404513));
#5214=CARTESIAN_POINT('Ctrl Pts',(15.2506290743316,-76.,23.6973220558331));
#5215=CARTESIAN_POINT('Ctrl Pts',(15.1749004367781,-69.3744260650149,22.6002097730327));
#5216=CARTESIAN_POINT('Ctrl Pts',(15.1749004367781,-64.0410927316816,22.6002097730327));
#5217=CARTESIAN_POINT('Ctrl Pts',(15.4335302318577,-50.2398806822212,26.3470872297879));
#5218=CARTESIAN_POINT('Ctrl Pts',(17.2131008256828,-54.3478538022811,43.6280626975563));
#5219=CARTESIAN_POINT('Ctrl Pts',(17.021097448816,-52.1482186750748,59.2820899585932));
#5220=CARTESIAN_POINT('Ctrl Pts',(17.6967724323041,-60.1802000636864,61.2139432210481));
#5221=CARTESIAN_POINT('Ctrl Pts',(12.159316389469,-52.2459712084062,72.0312237522185));
#5222=CARTESIAN_POINT('Ctrl Pts',(9.86219630502552,-48.5384187349332,75.7254397780557));
#5223=CARTESIAN_POINT('Ctrl Pts',(7.,-43.6050368566591,79.7303678844622));
#5224=CARTESIAN_POINT('Ctrl Pts',(15.0473132660251,-76.,23.3747133132063));
#5225=CARTESIAN_POINT('Ctrl Pts',(14.9930891376753,-69.3900072301126,22.2779117783139));
#5226=CARTESIAN_POINT('Ctrl Pts',(14.9930891376753,-64.0566738967793,22.2779117783139));
#5227=CARTESIAN_POINT('Ctrl Pts',(15.1782763489672,-50.2022487740812,26.0237279632657));
#5228=CARTESIAN_POINT('Ctrl Pts',(16.5164247481317,-53.994380067423,43.3361183452972));
#5229=CARTESIAN_POINT('Ctrl Pts',(16.2403170100137,-51.7251487336388,58.9069635297629));
#5230=CARTESIAN_POINT('Ctrl Pts',(17.1956171620978,-59.3997270545336,60.9642138868301));
#5231=CARTESIAN_POINT('Ctrl Pts',(11.9459128997652,-52.4514977599726,71.2551169518132));
#5232=CARTESIAN_POINT('Ctrl Pts',(9.74992897702727,-49.1732051763866,74.729166541522));
#5233=CARTESIAN_POINT('Ctrl Pts',(7.,-44.7899353044065,78.4584057662212));
#5234=CARTESIAN_POINT('Ctrl Pts',(15.,-76.,23.1249039644776));
#5235=CARTESIAN_POINT('Ctrl Pts',(14.9524320589147,-69.4061923901542,22.0285681223668));
#5236=CARTESIAN_POINT('Ctrl Pts',(14.9524320589147,-64.0728590568209,22.0285681223668));
#5237=CARTESIAN_POINT('Ctrl Pts',(15.1148869406172,-50.1631580865688,25.7727938650158));
#5238=CARTESIAN_POINT('Ctrl Pts',(16.3239336008628,-53.6468211301315,43.0895268693356));
#5239=CARTESIAN_POINT('Ctrl Pts',(16.0054633730924,-51.262750411494,58.6284003557638));
#5240=CARTESIAN_POINT('Ctrl Pts',(16.9838679104923,-58.8940273439964,60.9446610838006));
#5241=CARTESIAN_POINT('Ctrl Pts',(11.8450391788253,-52.3090764874339,70.7435141548507));
#5242=CARTESIAN_POINT('Ctrl Pts',(9.69423996860503,-49.1861554754198,74.0002601363238));
#5243=CARTESIAN_POINT('Ctrl Pts',(7.,-45.,77.4487989505128));
#5244=CARTESIAN_POINT('Ctrl Pts',(15.,-76.,23.));
#5245=CARTESIAN_POINT('Ctrl Pts',(14.9543812052969,-69.413745332385,21.9032413230975));
#5246=CARTESIAN_POINT('Ctrl Pts',(14.9543812052969,-64.0804119990516,21.9032413230975));
#5247=CARTESIAN_POINT('Ctrl Pts',(15.1101793274738,-50.1449160856381,25.6489111386769));
#5248=CARTESIAN_POINT('Ctrl Pts',(16.2838644965808,-53.4902335003035,42.9777084683178));
#5249=CARTESIAN_POINT('Ctrl Pts',(15.947689352932,-51.0404187223414,58.5108946911401));
#5250=CARTESIAN_POINT('Ctrl Pts',(16.9166903318382,-58.6477562297099,60.9506012355928));
#5251=CARTESIAN_POINT('Ctrl Pts',(11.8109729816174,-52.1852841100632,70.5244638477119));
#5252=CARTESIAN_POINT('Ctrl Pts',(9.67498143955982,-49.1163971397892,73.6811689232438));
#5253=CARTESIAN_POINT('Ctrl Pts',(7.,-45.,77.));
#5254=CARTESIAN_POINT('',(16.8685093021118,-76.,23.4956728680745));
#5255=CARTESIAN_POINT('Origin',(16.,-76.,23.));
#5256=CARTESIAN_POINT('Ctrl Pts',(16.8685093021118,-76.,23.4956728680745));
#5257=CARTESIAN_POINT('Ctrl Pts',(16.781011245336,-69.4440391029191,22.418945031532));
#5258=CARTESIAN_POINT('Ctrl Pts',(16.781011245336,-64.1107057695857,22.418945031532));
#5259=CARTESIAN_POINT('Ctrl Pts',(17.0798361710825,-50.07175003016,26.0962051634709));
#5260=CARTESIAN_POINT('Ctrl Pts',(19.2044136873306,-53.0394559412393,42.834064568659));
#5261=CARTESIAN_POINT('Ctrl Pts',(18.834151068382,-49.9414817725576,58.6787854012561));
#5262=CARTESIAN_POINT('Ctrl Pts',(19.1356532454821,-58.7936784424231,63.4261646794849));
#5263=CARTESIAN_POINT('Ctrl Pts',(12.793981600731,-49.2110796803404,71.9725917830475));
#5264=CARTESIAN_POINT('Ctrl Pts',(10.2014570700437,-44.8082825776215,74.5394647480318));
#5265=CARTESIAN_POINT('Ctrl Pts',(7.,-39.,77.));
#5266=CARTESIAN_POINT('Ctrl Pts',(22.2730321345681,-76.,14.0259627915527));
#5267=CARTESIAN_POINT('Ctrl Pts',(22.4083144604564,-69.4609960456681,12.5769334373681));
#5268=CARTESIAN_POINT('Ctrl Pts',(22.4083144604564,-64.1276627123347,12.5769334373681));
#5269=CARTESIAN_POINT('Ctrl Pts',(21.9462958456666,-50.0307953192728,17.5256843596644));
#5270=CARTESIAN_POINT('Ctrl Pts',(20.3625597767994,-53.6995864234948,41.8601649812976));
#5271=CARTESIAN_POINT('Ctrl Pts',(17.2456619724056,-48.2598780158186,59.2598517455242));
#5272=CARTESIAN_POINT('Ctrl Pts',(16.0352050613933,-47.4774119076426,54.067058359446));
#5273=CARTESIAN_POINT('Ctrl Pts',(10.9920585640673,-42.6369188484503,65.4787142492704));
#5274=CARTESIAN_POINT('Ctrl Pts',(9.13556227614347,-40.9199315811777,69.8422817620816));
#5275=CARTESIAN_POINT('Ctrl Pts',(6.99999999999999,-39.,75.));
#5276=CARTESIAN_POINT('Ctrl Pts',(21.2299511106228,-76.,15.8536310592792));
#5277=CARTESIAN_POINT('Ctrl Pts',(21.3216223980328,-69.4553437314184,14.47499941488));
#5278=CARTESIAN_POINT('Ctrl Pts',(21.3216223980328,-64.1220103980851,14.47499941488));
#5279=CARTESIAN_POINT('Ctrl Pts',(21.0085449805131,-50.0444468895685,19.1833268217918));
#5280=CARTESIAN_POINT('Ctrl Pts',(20.1420402656822,-53.5864116838964,42.044093921415));
#5281=CARTESIAN_POINT('Ctrl Pts',(17.5816881483035,-48.6955046093247,59.2306178240492));
#5282=CARTESIAN_POINT('Ctrl Pts',(16.7571044626141,-50.1125150839733,56.143944120571));
#5283=CARTESIAN_POINT('Ctrl Pts',(11.4104329812433,-44.1632043938482,67.0333248324288));
#5284=CARTESIAN_POINT('Ctrl Pts',(9.38283233849698,-41.8218473913265,71.0464574236028));
#5285=CARTESIAN_POINT('Ctrl Pts',(6.99999999999999,-39.,75.6666666666667));
#5286=CARTESIAN_POINT('Ctrl Pts',(17.3018898462572,-76.,22.7363110829387));
#5287=CARTESIAN_POINT('Ctrl Pts',(17.2333639708325,-69.4496914171687,21.6323573097427));
#5288=CARTESIAN_POINT('Ctrl Pts',(17.2333639708325,-64.1163580838354,21.6323573097427));
#5289=CARTESIAN_POINT('Ctrl Pts',(17.467394764087,-50.0580984598643,25.4025999466493));
#5290=CARTESIAN_POINT('Ctrl Pts',(19.2887986478486,-53.0555330788442,42.7529888431022));
#5291=CARTESIAN_POINT('Ctrl Pts',(18.6572386900466,-49.6193426671241,58.5878046859013));
#5292=CARTESIAN_POINT('Ctrl Pts',(18.6968486927,-57.1916048213794,62.2967491771755));
#5293=CARTESIAN_POINT('Ctrl Pts',(12.5412089011701,-48.289084427211,70.9722219538782));
#5294=CARTESIAN_POINT('Ctrl Pts',(10.0523380476215,-44.2645256166725,73.6637839062489));
#5295=CARTESIAN_POINT('Ctrl Pts',(6.99999999999999,-39.,76.3333333333333));
#5296=CARTESIAN_POINT('Ctrl Pts',(16.8685093021118,-76.,23.4956728680745));
#5297=CARTESIAN_POINT('Ctrl Pts',(16.7810112453359,-69.4440391029191,22.418945031532));
#5298=CARTESIAN_POINT('Ctrl Pts',(16.7810112453359,-64.1107057695858,22.418945031532));
#5299=CARTESIAN_POINT('Ctrl Pts',(17.0798361710824,-50.07175003016,26.0962051634709));
#5300=CARTESIAN_POINT('Ctrl Pts',(19.2044136873306,-53.0394559412393,42.834064568659));
#5301=CARTESIAN_POINT('Ctrl Pts',(18.834151068382,-49.9414817725576,58.6787854012561));
#5302=CARTESIAN_POINT('Ctrl Pts',(19.1356532454821,-58.7936784424231,63.4261646794849));
#5303=CARTESIAN_POINT('Ctrl Pts',(12.793981600731,-49.2110796803404,71.9725917830475));
#5304=CARTESIAN_POINT('Ctrl Pts',(10.2014570700437,-44.8082825776215,74.5394647480318));
#5305=CARTESIAN_POINT('Ctrl Pts',(6.99999999999999,-39.,77.));
#5306=CARTESIAN_POINT('',(22.2730321345681,-76.,14.0259627915527));
#5307=CARTESIAN_POINT('',(22.2730321345681,-76.,14.0259627915527));
#5308=CARTESIAN_POINT('Ctrl Pts',(22.2730321345681,-76.,14.0259627915527));
#5309=CARTESIAN_POINT('Ctrl Pts',(22.4083144604564,-69.4609960456681,12.5769334373681));
#5310=CARTESIAN_POINT('Ctrl Pts',(22.4083144604564,-64.1276627123347,12.5769334373681));
#5311=CARTESIAN_POINT('Ctrl Pts',(21.9462958456666,-50.0307953192728,17.5256843596644));
#5312=CARTESIAN_POINT('Ctrl Pts',(20.3625597767994,-53.6995864234948,41.8601649812976));
#5313=CARTESIAN_POINT('Ctrl Pts',(17.2456619724056,-48.2598780158186,59.2598517455242));
#5314=CARTESIAN_POINT('Ctrl Pts',(16.0352050613933,-47.4774119076426,54.0670583594459));
#5315=CARTESIAN_POINT('Ctrl Pts',(10.9920585640673,-42.6369188484503,65.4787142492704));
#5316=CARTESIAN_POINT('Ctrl Pts',(9.13556227614347,-40.9199315811777,69.8422817620816));
#5317=CARTESIAN_POINT('Ctrl Pts',(6.99999999999999,-39.,75.));
#5318=CARTESIAN_POINT('Ctrl Pts',(27.484087947239,-76.,11.));
#5319=CARTESIAN_POINT('Ctrl Pts',(27.5519161969204,-69.8909185156278,9.63430342092135));
#5320=CARTESIAN_POINT('Ctrl Pts',(27.5519161969204,-64.5575851822945,9.63430342092135));
#5321=CARTESIAN_POINT('Ctrl Pts',(27.32026794756,-48.9924388937186,14.2984547617998));
#5322=CARTESIAN_POINT('Ctrl Pts',(27.8577180978784,-44.4916337730756,36.8618017807057));
#5323=CARTESIAN_POINT('Ctrl Pts',(23.407185925081,-35.9490529685373,54.0669266208671));
#5324=CARTESIAN_POINT('Ctrl Pts',(16.6458631133058,-41.6285879159912,54.4377308672894));
#5325=CARTESIAN_POINT('Ctrl Pts',(10.6031435816372,-35.1344858895356,61.0125600371799));
#5326=CARTESIAN_POINT('Ctrl Pts',(8.77206782832509,-32.4125671856442,63.0272135638964));
#5327=CARTESIAN_POINT('Ctrl Pts',(7.00000000000001,-29.,65.));
#5328=CARTESIAN_POINT('Ctrl Pts',(27.1834631108864,-76.,11.));
#5329=CARTESIAN_POINT('Ctrl Pts',(27.2666568498084,-69.8820720207998,9.63330104993213));
#5330=CARTESIAN_POINT('Ctrl Pts',(27.2666568498084,-64.5487386874664,9.63330104993213));
#5331=CARTESIAN_POINT('Ctrl Pts',(26.9825321072485,-49.0138051059783,14.3008757061099));
#5332=CARTESIAN_POINT('Ctrl Pts',(27.1643756523746,-44.6521695945411,36.8825833186159));
#5333=CARTESIAN_POINT('Ctrl Pts',(22.7409341945224,-36.2361923487925,54.0964324065707));
#5334=CARTESIAN_POINT('Ctrl Pts',(16.4819286023735,-41.7838943168871,54.4704101341965));
#5335=CARTESIAN_POINT('Ctrl Pts',(10.5810822327064,-35.5931549184379,61.0289864969334));
#5336=CARTESIAN_POINT('Ctrl Pts',(8.77215228586779,-32.999308576679,63.0364699818591));
#5337=CARTESIAN_POINT('Ctrl Pts',(7.00000000000001,-29.7479982508547,65.));
#5338=CARTESIAN_POINT('Ctrl Pts',(26.5822311437541,-76.,11.0452897671911));
#5339=CARTESIAN_POINT('Ctrl Pts',(26.7021196957235,-69.8566900383856,9.67488567222197));
#5340=CARTESIAN_POINT('Ctrl Pts',(26.7021196957235,-64.5233567050522,9.67488567222196));
#5341=CARTESIAN_POINT('Ctrl Pts',(26.2926741724717,-49.075108123091,14.3551142054204));
#5342=CARTESIAN_POINT('Ctrl Pts',(25.6347213935487,-45.1541746929528,37.0106460064706));
#5343=CARTESIAN_POINT('Ctrl Pts',(21.255504613441,-37.0116489991919,54.2438249158141));
#5344=CARTESIAN_POINT('Ctrl Pts',(16.1654407786667,-42.0203465484847,54.5091363026885));
#5345=CARTESIAN_POINT('Ctrl Pts',(10.5596194310498,-36.5461827441852,61.1270486858687));
#5346=CARTESIAN_POINT('Ctrl Pts',(8.7886037415275,-34.2715268533826,63.1655078845389));
#5347=CARTESIAN_POINT('Ctrl Pts',(7.00000000000001,-31.4344619507893,65.1724297986222));
#5348=CARTESIAN_POINT('Ctrl Pts',(25.7006620370202,-76.,11.2474389437304));
#5349=CARTESIAN_POINT('Ctrl Pts',(25.8744613207699,-69.7911320375061,9.86083345355564));
#5350=CARTESIAN_POINT('Ctrl Pts',(25.8744613207699,-64.4577987041727,9.86083345355564));
#5351=CARTESIAN_POINT('Ctrl Pts',(25.2808989037858,-49.2334449773292,14.5963932809306));
#5352=CARTESIAN_POINT('Ctrl Pts',(23.3820178197676,-46.5558148616744,37.5911163944465));
#5353=CARTESIAN_POINT('Ctrl Pts',(19.0832357731001,-38.8917789069481,54.8732888365492));
#5354=CARTESIAN_POINT('Ctrl Pts',(15.7789295560217,-42.3611303253109,54.3555521870802));
#5355=CARTESIAN_POINT('Ctrl Pts',(10.5737959578542,-37.9682859159172,61.5275208602174));
#5356=CARTESIAN_POINT('Ctrl Pts',(8.83983138945913,-36.2229734654591,63.8441172697835));
#5357=CARTESIAN_POINT('Ctrl Pts',(7.00000000000001,-34.1063728719745,66.2340120408552));
#5358=CARTESIAN_POINT('Ctrl Pts',(24.8594296587147,-76.,11.579458013108));
#5359=CARTESIAN_POINT('Ctrl Pts',(25.0672238018339,-69.7047040550351,10.1667264474813));
#5360=CARTESIAN_POINT('Ctrl Pts',(25.0672238018339,-64.3713707217018,10.1667264474813));
#5361=CARTESIAN_POINT('Ctrl Pts',(24.3575615341653,-49.4421873837328,14.991512514211));
#5362=CARTESIAN_POINT('Ctrl Pts',(21.6360500128664,-48.4520417958775,38.5384666573732));
#5363=CARTESIAN_POINT('Ctrl Pts',(17.4750216289419,-41.3138861159031,55.8882431928921));
#5364=CARTESIAN_POINT('Ctrl Pts',(15.5332086441649,-42.9095924341098,53.994856432568));
#5365=CARTESIAN_POINT('Ctrl Pts',(10.6125111478165,-39.2625519991112,62.1753683061951));
#5366=CARTESIAN_POINT('Ctrl Pts',(8.8952974809219,-37.9311154838917,64.9956244578003));
#5367=CARTESIAN_POINT('Ctrl Pts',(7.00000000000001,-36.4089890269387,68.0773795836433));
#5368=CARTESIAN_POINT('Ctrl Pts',(23.8164033529976,-76.,12.1848040414948));
#5369=CARTESIAN_POINT('Ctrl Pts',(24.0308402830578,-69.5811893286566,10.7328573468321));
#5370=CARTESIAN_POINT('Ctrl Pts',(24.0308402830578,-64.2478559953233,10.7328573468321));
#5371=CARTESIAN_POINT('Ctrl Pts',(23.2984914508238,-49.740502356192,15.6915716224172));
#5372=CARTESIAN_POINT('Ctrl Pts',(20.2974486383706,-51.1815995920513,40.0711236736366));
#5373=CARTESIAN_POINT('Ctrl Pts',(16.4209580601914,-44.7523677465872,57.5143459440798));
#5374=CARTESIAN_POINT('Ctrl Pts',(15.4281010466234,-44.072227842322,53.4197116612502));
#5375=CARTESIAN_POINT('Ctrl Pts',(10.6819641290321,-40.7223372344417,63.2778643136124));
#5376=CARTESIAN_POINT('Ctrl Pts',(8.95979955745124,-39.6428234620743,66.9306192839995));
#5377=CARTESIAN_POINT('Ctrl Pts',(7.00000000000001,-38.5315979092834,71.1526279421541));
#5378=CARTESIAN_POINT('Ctrl Pts',(23.0944256223008,-76.,12.8593238849098));
#5379=CARTESIAN_POINT('Ctrl Pts',(23.2717071110145,-69.5016893003012,11.3878144653834));
#5380=CARTESIAN_POINT('Ctrl Pts',(23.2717071110145,-64.1683559669679,11.3878144653834));
#5381=CARTESIAN_POINT('Ctrl Pts',(22.666252205464,-49.9325122441197,16.4133397082082));
#5382=CARTESIAN_POINT('Ctrl Pts',(20.340976686305,-52.9185373194999,41.2129045006265));
#5383=CARTESIAN_POINT('Ctrl Pts',(16.7983154279634,-46.9888427017662,58.6926236068314));
#5384=CARTESIAN_POINT('Ctrl Pts',(15.6053314276157,-45.5185148745594,53.2201965972762));
#5385=CARTESIAN_POINT('Ctrl Pts',(10.7642256639012,-41.5648710166551,64.2785411325902));
#5386=CARTESIAN_POINT('Ctrl Pts',(9.00473890948986,-40.2751846533899,68.5143961327821));
#5387=CARTESIAN_POINT('Ctrl Pts',(7.00000000000001,-38.9324600430711,73.5272005186214));
#5388=CARTESIAN_POINT('Ctrl Pts',(22.5485743671695,-76.,13.5774941008385));
#5389=CARTESIAN_POINT('Ctrl Pts',(22.696702825799,-69.4674646333163,12.1143084358544));
#5390=CARTESIAN_POINT('Ctrl Pts',(22.696702825799,-64.134131299983,12.1143084358544));
#5391=CARTESIAN_POINT('Ctrl Pts',(22.1908118691085,-50.0151722708905,17.1114062435488));
#5392=CARTESIAN_POINT('Ctrl Pts',(20.3877004221608,-53.61015616531,41.7414414927987));
#5393=CARTESIAN_POINT('Ctrl Pts',(17.1244473468943,-48.0172480204899,59.1857178346718));
#5394=CARTESIAN_POINT('Ctrl Pts',(15.8611404513373,-46.7915811443228,53.6242252663571));
#5395=CARTESIAN_POINT('Ctrl Pts',(10.8948279101398,-42.2526704465797,65.0685789467137));
#5396=CARTESIAN_POINT('Ctrl Pts',(9.0787527258897,-40.6949439045183,69.4692782863513));
#5397=CARTESIAN_POINT('Ctrl Pts',(7.00000000000001,-38.9992027534253,74.6910327364741));
#5398=CARTESIAN_POINT('Ctrl Pts',(22.3847908157051,-76.,13.8301411914392));
#5399=CARTESIAN_POINT('Ctrl Pts',(22.5247457528589,-69.4616016507662,12.3735692254919));
#5400=CARTESIAN_POINT('Ctrl Pts',(22.5247457528589,-64.1282683174329,12.3735692254919));
#5401=CARTESIAN_POINT('Ctrl Pts',(22.0467691526473,-50.0293326510268,17.3480798101508));
#5402=CARTESIAN_POINT('Ctrl Pts',(20.3861868672762,-53.7117122884517,41.8404583091422));
#5403=CARTESIAN_POINT('Ctrl Pts',(17.209659167845,-48.2132037379429,59.2629839513965));
#5404=CARTESIAN_POINT('Ctrl Pts',(15.9578586969768,-47.1950794244643,53.8445348850397));
#5405=CARTESIAN_POINT('Ctrl Pts',(10.9472327336555,-42.4733882543006,65.3121488296463));
#5406=CARTESIAN_POINT('Ctrl Pts',(9.10906905517703,-40.823297744376,69.7132629412043));
#5407=CARTESIAN_POINT('Ctrl Pts',(7.00000000000001,-39.,74.9285714285714));
#5408=CARTESIAN_POINT('Ctrl Pts',(22.2730321345681,-76.,14.0259627915527));
#5409=CARTESIAN_POINT('Ctrl Pts',(22.4083144604564,-69.4609960456681,12.5769334373681));
#5410=CARTESIAN_POINT('Ctrl Pts',(22.4083144604564,-64.1276627123347,12.5769334373681));
#5411=CARTESIAN_POINT('Ctrl Pts',(21.9462958456666,-50.0307953192728,17.5256843596644));
#5412=CARTESIAN_POINT('Ctrl Pts',(20.3625597767994,-53.6995864234948,41.8601649812976));
#5413=CARTESIAN_POINT('Ctrl Pts',(17.2456619724055,-48.2598780158186,59.2598517455242));
#5414=CARTESIAN_POINT('Ctrl Pts',(16.0352050613933,-47.4774119076426,54.0670583594459));
#5415=CARTESIAN_POINT('Ctrl Pts',(10.9920585640672,-42.6369188484504,65.4787142492704));
#5416=CARTESIAN_POINT('Ctrl Pts',(9.13556227614347,-40.9199315811777,69.8422817620816));
#5417=CARTESIAN_POINT('Ctrl Pts',(7.00000000000001,-39.,75.));
#5418=CARTESIAN_POINT('',(27.484087947239,-76.,11.));
#5419=CARTESIAN_POINT('Origin',(27.484087947239,-76.,17.));
#5420=CARTESIAN_POINT('Ctrl Pts',(27.484087947239,-76.,11.));
#5421=CARTESIAN_POINT('Ctrl Pts',(27.5519161969204,-69.8909185156278,9.63430342092135));
#5422=CARTESIAN_POINT('Ctrl Pts',(27.5519161969204,-64.5575851822945,9.63430342092135));
#5423=CARTESIAN_POINT('Ctrl Pts',(27.32026794756,-48.9924388937186,14.2984547617998));
#5424=CARTESIAN_POINT('Ctrl Pts',(27.8577180978784,-44.4916337730756,36.8618017807057));
#5425=CARTESIAN_POINT('Ctrl Pts',(23.407185925081,-35.9490529685373,54.0669266208671));
#5426=CARTESIAN_POINT('Ctrl Pts',(16.6458631133058,-41.6285879159912,54.4377308672894));
#5427=CARTESIAN_POINT('Ctrl Pts',(10.6031435816372,-35.1344858895356,61.0125600371799));
#5428=CARTESIAN_POINT('Ctrl Pts',(8.77206782832509,-32.4125671856442,63.0272135638964));
#5429=CARTESIAN_POINT('Ctrl Pts',(7.00000000000001,-29.,65.));
#5430=CARTESIAN_POINT('Ctrl Pts',(67.7269678654319,-76.,14.0259627915527));
#5431=CARTESIAN_POINT('Ctrl Pts',(67.3475649124897,-70.2568462240134,12.6854336522202));
#5432=CARTESIAN_POINT('Ctrl Pts',(67.3475649124897,-64.9235128906801,12.6854336522202));
#5433=CARTESIAN_POINT('Ctrl Pts',(68.6433086514777,-48.1086437589214,17.2636327035224));
#5434=CARTESIAN_POINT('Ctrl Pts',(81.9035165568988,-43.5655816890403,38.9863150514683));
#5435=CARTESIAN_POINT('Ctrl Pts',(71.5192280906541,-17.3928270129342,56.7958166922679));
#5436=CARTESIAN_POINT('Ctrl Pts',(43.5199146910122,6.93970381552418,57.1725911461912));
#5437=CARTESIAN_POINT('Ctrl Pts',(20.7593108616033,27.8908802558229,67.5865190269283));
#5438=CARTESIAN_POINT('Ctrl Pts',(13.7998007916358,33.7783382085663,71.1434595209156));
#5439=CARTESIAN_POINT('Ctrl Pts',(7.00000000000001,39.,75.));
#5440=CARTESIAN_POINT('Ctrl Pts',(67.5779562905826,-76.,13.7648673247347));
#5441=CARTESIAN_POINT('Ctrl Pts',(67.200539213739,-70.2703177607164,12.4227069266081));
#5442=CARTESIAN_POINT('Ctrl Pts',(67.200539213739,-64.9369844273831,12.4227069266081));
#5443=CARTESIAN_POINT('Ctrl Pts',(68.4895007532179,-48.0761070629471,17.0064770820692));
#5444=CARTESIAN_POINT('Ctrl Pts',(81.6939473840306,-43.2486760839178,38.740394434461));
#5445=CARTESIAN_POINT('Ctrl Pts',(71.3344181982376,-17.040235766217,56.6045312231977));
#5446=CARTESIAN_POINT('Ctrl Pts',(43.437410165051,6.9787817405922,57.0795706371106));
#5447=CARTESIAN_POINT('Ctrl Pts',(20.7325370751683,27.8775882707518,67.5061870938534));
#5448=CARTESIAN_POINT('Ctrl Pts',(13.7877622162807,33.7640166774171,71.0594818073556));
#5449=CARTESIAN_POINT('Ctrl Pts',(7.00000000000001,39.,74.9047619047619));
#5450=CARTESIAN_POINT('Ctrl Pts',(67.2406124319763,-76.,13.2651221723024));
#5451=CARTESIAN_POINT('Ctrl Pts',(66.8699818393819,-70.2999613054479,11.9228089984119));
#5452=CARTESIAN_POINT('Ctrl Pts',(66.8699818393819,-64.9666279721146,11.9228089984119));
#5453=CARTESIAN_POINT('Ctrl Pts',(68.1357660566829,-48.0045114444369,16.5071009163899));
#5454=CARTESIAN_POINT('Ctrl Pts',(81.1866881980111,-42.5535343343223,38.2442125280697));
#5455=CARTESIAN_POINT('Ctrl Pts',(70.8314542741938,-16.2618074990664,56.1088205194131));
#5456=CARTESIAN_POINT('Ctrl Pts',(43.0198583779731,7.08546296046829,56.6128992835805));
#5457=CARTESIAN_POINT('Ctrl Pts',(20.5430774148111,27.8632180498937,66.9917786104229));
#5458=CARTESIAN_POINT('Ctrl Pts',(13.6852371879054,33.7435818901185,70.5235881775436));
#5459=CARTESIAN_POINT('Ctrl Pts',(7.00000000000001,39.0052993880821,74.3408295323939));
#5460=CARTESIAN_POINT('Ctrl Pts',(66.6280625329791,-76.,12.5997115947068));
#5461=CARTESIAN_POINT('Ctrl Pts',(66.2793774970668,-70.3461839242512,11.2639619008371));
#5462=CARTESIAN_POINT('Ctrl Pts',(66.2793774970668,-65.0128505909178,11.2639619008371));
#5463=CARTESIAN_POINT('Ctrl Pts',(67.470212857357,-47.8928737502156,15.8258381046592));
#5464=CARTESIAN_POINT('Ctrl Pts',(80.08654437396,-41.4440776748625,37.534797751557));
#5465=CARTESIAN_POINT('Ctrl Pts',(69.6110299341584,-15.0778645978387,55.142593376788));
#5466=CARTESIAN_POINT('Ctrl Pts',(41.7304970719022,7.09356015858823,55.2827495575896));
#5467=CARTESIAN_POINT('Ctrl Pts',(19.9141609708145,27.6302663395169,65.4051038513512));
#5468=CARTESIAN_POINT('Ctrl Pts',(13.3348190650532,33.4907808172696,68.8670165371691));
#5469=CARTESIAN_POINT('Ctrl Pts',(7.00000000000001,38.7881965378446,72.6247018064333));
#5470=CARTESIAN_POINT('Ctrl Pts',(65.9227540487344,-76.,12.033563616757));
#5471=CARTESIAN_POINT('Ctrl Pts',(65.6090328229138,-70.3872445812935,10.7079093605398));
#5472=CARTESIAN_POINT('Ctrl Pts',(65.6090328229138,-65.0539112479602,10.7079093605398));
#5473=CARTESIAN_POINT('Ctrl Pts',(66.680459154713,-47.7937033182039,15.2353074454408));
#5474=CARTESIAN_POINT('Ctrl Pts',(78.6207079360066,-40.3841130355504,36.9117434508213));
#5475=CARTESIAN_POINT('Ctrl Pts',(67.918188659159,-14.1131074801479,54.1011558481229));
#5476=CARTESIAN_POINT('Ctrl Pts',(39.9095582925881,6.61108894125437,53.6113781937734));
#5477=CARTESIAN_POINT('Ctrl Pts',(19.01928237997,26.8228095833636,63.3403492933811));
#5478=CARTESIAN_POINT('Ctrl Pts',(12.8347865116154,32.6543092734273,66.7009504881981));
#5479=CARTESIAN_POINT('Ctrl Pts',(7.00000000000001,37.9953466469141,70.3790578962361));
#5480=CARTESIAN_POINT('Ctrl Pts',(65.1406396613424,-76.,11.5793806558289));
#5481=CARTESIAN_POINT('Ctrl Pts',(64.8730234910812,-70.4168608455309,10.2638869547527));
#5482=CARTESIAN_POINT('Ctrl Pts',(64.8730234910812,-65.0835275121976,10.2638869547527));
#5483=CARTESIAN_POINT('Ctrl Pts',(65.7869910139453,-47.7221735880302,14.7565845303235));
#5484=CARTESIAN_POINT('Ctrl Pts',(76.8273628995432,-39.4920724484834,36.4139554831471));
#5485=CARTESIAN_POINT('Ctrl Pts',(65.8436343804703,-13.5662782791763,53.1526420614015));
#5486=CARTESIAN_POINT('Ctrl Pts',(37.8197148865544,5.41472094743969,51.9768493292607));
#5487=CARTESIAN_POINT('Ctrl Pts',(18.0053301053816,25.2155438050261,61.2575875033818));
#5488=CARTESIAN_POINT('Ctrl Pts',(12.270993222466,31.0127443319442,64.4995913988643));
#5489=CARTESIAN_POINT('Ctrl Pts',(7.00000000000001,36.4137068348298,68.080705607967));
#5490=CARTESIAN_POINT('Ctrl Pts',(64.2993157051092,-76.,11.2474769123745));
#5491=CARTESIAN_POINT('Ctrl Pts',(64.0843304175285,-70.4305553869923,9.93926626352211));
#5492=CARTESIAN_POINT('Ctrl Pts',(64.0843304175285,-65.097222053659,9.93926626352211));
#5493=CARTESIAN_POINT('Ctrl Pts',(64.8185520101571,-47.6890982869817,14.4070906291017));
#5494=CARTESIAN_POINT('Ctrl Pts',(74.8028259482476,-38.8791842909412,36.0640356298042));
#5495=CARTESIAN_POINT('Ctrl Pts',(63.56065533126,-13.5476626525957,52.4509289524619));
#5496=CARTESIAN_POINT('Ctrl Pts',(35.8184176616005,3.52339106075793,50.7544862245466));
#5497=CARTESIAN_POINT('Ctrl Pts',(17.0671079107681,22.8636823110435,59.6320176615929));
#5498=CARTESIAN_POINT('Ctrl Pts',(11.7563504170027,28.627131555177,62.7586803520357));
#5499=CARTESIAN_POINT('Ctrl Pts',(7.00000000000001,34.1046397591286,66.2352299476456));
#5500=CARTESIAN_POINT('Ctrl Pts',(63.4177869847708,-76.,11.0452636928392));
#5501=CARTESIAN_POINT('Ctrl Pts',(63.2554381386859,-70.4269326835487,9.73987721649518));
#5502=CARTESIAN_POINT('Ctrl Pts',(63.2554381386859,-65.0935993502153,9.73987721649518));
#5503=CARTESIAN_POINT('Ctrl Pts',(63.809894816514,-47.6978479050209,14.1980564176999));
#5504=CARTESIAN_POINT('Ctrl Pts',(72.6933976364494,-38.6243649473594,35.8720598694383));
#5505=CARTESIAN_POINT('Ctrl Pts',(61.2894027944931,-14.0399181106049,52.0851826317538));
#5506=CARTESIAN_POINT('Ctrl Pts',(34.2306983670869,1.23845806563478,50.1615665335221));
#5507=CARTESIAN_POINT('Ctrl Pts',(16.375190938102,20.1396024279925,58.7582283224386));
#5508=CARTESIAN_POINT('Ctrl Pts',(11.3884708539689,25.8756074601304,61.7925353518389));
#5509=CARTESIAN_POINT('Ctrl Pts',(7.00000000000001,31.4355866460503,65.1722259797349));
#5510=CARTESIAN_POINT('Ctrl Pts',(62.8165368891136,-76.,11.));
#5511=CARTESIAN_POINT('Ctrl Pts',(62.6848483966796,-70.4141527143968,9.69358958924056));
#5512=CARTESIAN_POINT('Ctrl Pts',(62.6848483966796,-65.0808193810634,9.69358958924056));
#5513=CARTESIAN_POINT('Ctrl Pts',(63.1345932872898,-47.7287143146981,14.1552657495426));
#5514=CARTESIAN_POINT('Ctrl Pts',(71.3412166399531,-38.708185965926,35.852122222594));
#5515=CARTESIAN_POINT('Ctrl Pts',(59.9203606219864,-14.6278231479941,52.0652703775255));
#5516=CARTESIAN_POINT('Ctrl Pts',(33.5536148516085,-0.256002461491917,50.1699901011009));
#5517=CARTESIAN_POINT('Ctrl Pts',(16.1265990997764,18.4162720011271,58.6751604783266));
#5518=CARTESIAN_POINT('Ctrl Pts',(11.2674184935235,24.1403285395478,61.6702090233229));
#5519=CARTESIAN_POINT('Ctrl Pts',(7.00000000000001,29.7479982508547,65.));
#5520=CARTESIAN_POINT('Ctrl Pts',(62.515912052761,-76.,11.));
#5521=CARTESIAN_POINT('Ctrl Pts',(62.3975799348818,-70.4059522004221,9.6926604124915));
#5522=CARTESIAN_POINT('Ctrl Pts',(62.3975799348818,-65.0726188670887,9.6926604124915));
#5523=CARTESIAN_POINT('Ctrl Pts',(62.8017098966391,-47.748520342467,14.157509913817));
#5524=CARTESIAN_POINT('Ctrl Pts',(70.70410243969,-38.8047460043703,35.8682965697776));
#5525=CARTESIAN_POINT('Ctrl Pts',(59.2962145156634,-14.9550688238544,52.0962328531809));
#5526=CARTESIAN_POINT('Ctrl Pts',(33.300121965854,-0.928406060756898,50.2331546678544));
#5527=CARTESIAN_POINT('Ctrl Pts',(16.0467573429546,17.6533836147907,58.7096163136404));
#5528=CARTESIAN_POINT('Ctrl Pts',(11.2322959233557,23.3729693788495,61.6901863415621));
#5529=CARTESIAN_POINT('Ctrl Pts',(7.00000000000001,29.,65.));
#5530=CARTESIAN_POINT('',(62.515912052761,-76.,11.));
#5531=CARTESIAN_POINT('Ctrl Pts',(62.515912052761,-76.,11.));
#5532=CARTESIAN_POINT('Ctrl Pts',(62.3975799348818,-70.4059522004221,9.6926604124915));
#5533=CARTESIAN_POINT('Ctrl Pts',(62.3975799348818,-65.0726188670887,9.6926604124915));
#5534=CARTESIAN_POINT('Ctrl Pts',(62.8017098966391,-47.748520342467,14.157509913817));
#5535=CARTESIAN_POINT('Ctrl Pts',(70.70410243969,-38.8047460043703,35.8682965697776));
#5536=CARTESIAN_POINT('Ctrl Pts',(59.2962145156634,-14.9550688238544,52.0962328531809));
#5537=CARTESIAN_POINT('Ctrl Pts',(33.3001219658541,-0.928406060756919,50.2331546678544));
#5538=CARTESIAN_POINT('Ctrl Pts',(16.0467573429546,17.6533836147907,58.7096163136404));
#5539=CARTESIAN_POINT('Ctrl Pts',(11.2322959233557,23.3729693788495,61.6901863415621));
#5540=CARTESIAN_POINT('Ctrl Pts',(6.99999999999999,29.,65.));
#5541=CARTESIAN_POINT('',(67.7269678654319,-76.,14.0259627915527));
#5542=CARTESIAN_POINT('Origin',(62.515912052761,-76.,17.));
#5543=CARTESIAN_POINT('Ctrl Pts',(67.7269678654319,-76.,14.0259627915527));
#5544=CARTESIAN_POINT('Ctrl Pts',(67.3475649124897,-70.2568462240134,12.6854336522202));
#5545=CARTESIAN_POINT('Ctrl Pts',(67.3475649124897,-64.9235128906801,12.6854336522202));
#5546=CARTESIAN_POINT('Ctrl Pts',(68.6433086514777,-48.1086437589213,17.2636327035224));
#5547=CARTESIAN_POINT('Ctrl Pts',(81.9035165568987,-43.5655816890403,38.9863150514683));
#5548=CARTESIAN_POINT('Ctrl Pts',(71.5192280906541,-17.3928270129342,56.7958166922679));
#5549=CARTESIAN_POINT('Ctrl Pts',(43.5199146910122,6.93970381552418,57.1725911461912));
#5550=CARTESIAN_POINT('Ctrl Pts',(20.7593108616033,27.8908802558229,67.5865190269283));
#5551=CARTESIAN_POINT('Ctrl Pts',(13.7998007916358,33.7783382085663,71.1434595209156));
#5552=CARTESIAN_POINT('Ctrl Pts',(7.00000000000001,39.,75.));
#5553=CARTESIAN_POINT('Ctrl Pts',(73.1314906978882,-76.,23.4956728680745));
#5554=CARTESIAN_POINT('Ctrl Pts',(72.8023316141043,-69.9739439532516,22.3505085517018));
#5555=CARTESIAN_POINT('Ctrl Pts',(72.8023316141043,-64.6406106199183,22.3505085517018));
#5556=CARTESIAN_POINT('Ctrl Pts',(73.9264815940572,-48.7919143743811,26.2614941714647));
#5557=CARTESIAN_POINT('Ctrl Pts',(86.713196738567,-50.2205993966123,44.866813252508));
#5558=CARTESIAN_POINT('Ctrl Pts',(74.9225158654458,-24.7972431939958,59.9757590007133));
#5559=CARTESIAN_POINT('Ctrl Pts',(45.2525097361978,6.11906738909583,59.1260218368833));
#5560=CARTESIAN_POINT('Ctrl Pts',(21.3215603767367,28.1700119423162,69.2734896215015));
#5561=CARTESIAN_POINT('Ctrl Pts',(14.0526108740938,34.079090362699,72.906991505676));
#5562=CARTESIAN_POINT('Ctrl Pts',(7.00000000000001,39.,77.0000000000001));
#5563=CARTESIAN_POINT('Ctrl Pts',(72.6981101537428,-76.,22.7363110829386));
#5564=CARTESIAN_POINT('Ctrl Pts',(72.3796261165654,-70.0213665527971,21.5918600536155));
#5565=CARTESIAN_POINT('Ctrl Pts',(72.3796261165654,-64.6880332194637,21.5918600536155));
#5566=CARTESIAN_POINT('Ctrl Pts',(73.4673184867489,-48.6773784652459,25.5004096427111));
#5567=CARTESIAN_POINT('Ctrl Pts',(86.0120755805696,-49.1064393463927,44.0683935919818));
#5568=CARTESIAN_POINT('Ctrl Pts',(74.229162048806,-23.5543970875608,59.2237673229945));
#5569=CARTESIAN_POINT('Ctrl Pts',(44.7468702057788,6.27166621280171,58.5549612995295));
#5570=CARTESIAN_POINT('Ctrl Pts',(21.1014219604566,28.132017249428,68.674716079407));
#5571=CARTESIAN_POINT('Ctrl Pts',(13.9356189353721,34.0338888472643,72.2826975001858));
#5572=CARTESIAN_POINT('Ctrl Pts',(7.00000000000001,39.,76.3333333333334));
#5573=CARTESIAN_POINT('Ctrl Pts',(68.7700488893772,-76.,15.8536310592792));
#5574=CARTESIAN_POINT('Ctrl Pts',(68.3767448037447,-70.1625454670928,14.5245207315047));
#5575=CARTESIAN_POINT('Ctrl Pts',(68.3767448037447,-64.8292121337595,14.5245207315047));
#5576=CARTESIAN_POINT('Ctrl Pts',(69.7199639392963,-48.3364006307413,19.0637220536951));
#5577=CARTESIAN_POINT('Ctrl Pts',(83.370500766976,-45.7839209248976,40.7077593705196));
#5578=CARTESIAN_POINT('Ctrl Pts',(72.8128973375697,-19.8609657399547,58.1348149757594));
#5579=CARTESIAN_POINT('Ctrl Pts',(44.0974463727408,6.66615834004805,57.8237347097552));
#5580=CARTESIAN_POINT('Ctrl Pts',(20.9467273666478,27.9839241513207,68.1488425584527));
#5581=CARTESIAN_POINT('Ctrl Pts',(13.8840708191218,33.8785889266105,71.7313035158357));
#5582=CARTESIAN_POINT('Ctrl Pts',(7.00000000000001,39.,75.6666666666667));
#5583=CARTESIAN_POINT('Ctrl Pts',(67.7269678654319,-76.,14.0259627915527));
#5584=CARTESIAN_POINT('Ctrl Pts',(67.3475649124897,-70.2568462240134,12.6854336522202));
#5585=CARTESIAN_POINT('Ctrl Pts',(67.3475649124898,-64.9235128906801,12.6854336522202));
#5586=CARTESIAN_POINT('Ctrl Pts',(68.6433086514777,-48.1086437589213,17.2636327035224));
#5587=CARTESIAN_POINT('Ctrl Pts',(81.9035165568988,-43.5655816890403,38.9863150514683));
#5588=CARTESIAN_POINT('Ctrl Pts',(71.5192280906541,-17.3928270129342,56.795816692268));
#5589=CARTESIAN_POINT('Ctrl Pts',(43.5199146910123,6.93970381552417,57.1725911461912));
#5590=CARTESIAN_POINT('Ctrl Pts',(20.7593108616033,27.8908802558229,67.5865190269283));
#5591=CARTESIAN_POINT('Ctrl Pts',(13.7998007916358,33.7783382085663,71.1434595209156));
#5592=CARTESIAN_POINT('Ctrl Pts',(7.00000000000001,39.,75.));
#5593=CARTESIAN_POINT('',(73.1314906978882,-76.,23.4956728680745));
#5594=CARTESIAN_POINT('',(73.1314906978882,-76.,23.4956728680745));
#5595=CARTESIAN_POINT('Ctrl Pts',(73.1314906978882,-76.,23.4956728680745));
#5596=CARTESIAN_POINT('Ctrl Pts',(72.8023316141043,-69.9739439532516,22.3505085517018));
#5597=CARTESIAN_POINT('Ctrl Pts',(72.8023316141043,-64.6406106199183,22.3505085517018));
#5598=CARTESIAN_POINT('Ctrl Pts',(73.9264815940572,-48.7919143743811,26.2614941714647));
#5599=CARTESIAN_POINT('Ctrl Pts',(86.713196738567,-50.2205993966123,44.866813252508));
#5600=CARTESIAN_POINT('Ctrl Pts',(74.9225158654458,-24.7972431939958,59.9757590007133));
#5601=CARTESIAN_POINT('Ctrl Pts',(45.2525097361978,6.11906738909583,59.1260218368833));
#5602=CARTESIAN_POINT('Ctrl Pts',(21.3215603767367,28.1700119423162,69.2734896215015));
#5603=CARTESIAN_POINT('Ctrl Pts',(14.0526108740938,34.079090362699,72.906991505676));
#5604=CARTESIAN_POINT('Ctrl Pts',(7.00000000000001,39.,77.0000000000001));
#5605=CARTESIAN_POINT('Ctrl Pts',(75.,-76.,23.));
#5606=CARTESIAN_POINT('Ctrl Pts',(74.6388292291754,-70.0278951307829,21.8498478102519));
#5607=CARTESIAN_POINT('Ctrl Pts',(74.6388292291754,-64.6945617974495,21.8498478102519));
#5608=CARTESIAN_POINT('Ctrl Pts',(75.8723060942667,-48.6616105271292,25.7778681042229));
#5609=CARTESIAN_POINT('Ctrl Pts',(89.5106678677839,-49.3372418659517,44.4463537364964));
#5610=CARTESIAN_POINT('Ctrl Pts',(77.4232583516653,-22.9342600863191,59.6598659049263));
#5611=CARTESIAN_POINT('Ctrl Pts',(46.282682055675,7.36036679878004,58.8434910888453));
#5612=CARTESIAN_POINT('Ctrl Pts',(21.6356433184887,31.8922125368346,69.148586236525));
#5613=CARTESIAN_POINT('Ctrl Pts',(14.1873383697484,38.8192219123636,72.8401571752385));
#5614=CARTESIAN_POINT('Ctrl Pts',(7.00000000000001,45.,77.0000000000001));
#5615=CARTESIAN_POINT('Ctrl Pts',(75.,-76.,23.1249039644776));
#5616=CARTESIAN_POINT('Ctrl Pts',(74.6348022911445,-70.0211204737049,21.9753135818648));
#5617=CARTESIAN_POINT('Ctrl Pts',(74.6348022911445,-64.6877871403716,21.9753135818648));
#5618=CARTESIAN_POINT('Ctrl Pts',(75.8820320268982,-48.6779727998628,25.9014151820766));
#5619=CARTESIAN_POINT('Ctrl Pts',(89.5918228388388,-49.4958567680843,44.5483300496821));
#5620=CARTESIAN_POINT('Ctrl Pts',(77.5445221310627,-23.1124533266524,59.781416620386));
#5621=CARTESIAN_POINT('Ctrl Pts',(46.4387896236303,7.33270675366437,58.9070773420164));
#5622=CARTESIAN_POINT('Ctrl Pts',(21.716154975091,31.8942123069243,69.4086802743817));
#5623=CARTESIAN_POINT('Ctrl Pts',(14.2331310031927,38.8236474932498,73.1836412060721));
#5624=CARTESIAN_POINT('Ctrl Pts',(7.00000000000001,45.,77.4487989505129));
#5625=CARTESIAN_POINT('Ctrl Pts',(74.9526371726868,-76.0000000000001,23.3746522145407));
#5626=CARTESIAN_POINT('Ctrl Pts',(74.5811464047817,-70.0057353576499,22.2256735653595));
#5627=CARTESIAN_POINT('Ctrl Pts',(74.5811464047817,-64.6724020243165,22.2256735653595));
#5628=CARTESIAN_POINT('Ctrl Pts',(75.8498683081617,-48.7151312068548,26.1496859626334));
#5629=CARTESIAN_POINT('Ctrl Pts',(89.6590858580133,-49.8425936044107,44.758782525409));
#5630=CARTESIAN_POINT('Ctrl Pts',(77.7009204826337,-23.5328757896796,60.0442632092579));
#5631=CARTESIAN_POINT('Ctrl Pts',(46.7413243282606,7.23294355975417,59.0382029661922));
#5632=CARTESIAN_POINT('Ctrl Pts',(21.8813770380787,31.7664619207786,69.9878165266474));
#5633=CARTESIAN_POINT('Ctrl Pts',(14.3289625120721,38.6650859582524,73.9525763866248));
#5634=CARTESIAN_POINT('Ctrl Pts',(7.00000000000002,44.7885701951782,78.4572001196258));
#5635=CARTESIAN_POINT('Ctrl Pts',(74.7494850636431,-76.,23.697417437032));
#5636=CARTESIAN_POINT('Ctrl Pts',(74.3755124573436,-69.9816939816088,22.5485292221478));
#5637=CARTESIAN_POINT('Ctrl Pts',(74.3755124573436,-64.6483606482754,22.5485292221478));
#5638=CARTESIAN_POINT('Ctrl Pts',(75.652710379521,-48.7731963675191,26.4722327665961));
#5639=CARTESIAN_POINT('Ctrl Pts',(89.4631096058795,-50.3358657418408,45.0463324328633));
#5640=CARTESIAN_POINT('Ctrl Pts',(77.6225764511296,-24.2465918978825,60.4033345990835));
#5641=CARTESIAN_POINT('Ctrl Pts',(46.9879252301056,6.98840862554047,59.2329707711011));
#5642=CARTESIAN_POINT('Ctrl Pts',(22.041001755274,31.0699033437412,70.7349591180351));
#5643=CARTESIAN_POINT('Ctrl Pts',(14.4263106523374,37.7600430604695,74.933605075878));
#5644=CARTESIAN_POINT('Ctrl Pts',(7.00000000000001,43.6079457424684,79.7332253921137));
#5645=CARTESIAN_POINT('Ctrl Pts',(74.4421801193674,-76.,23.9232098582699));
#5646=CARTESIAN_POINT('Ctrl Pts',(74.0727181694264,-69.961473549462,22.7743462499506));
#5647=CARTESIAN_POINT('Ctrl Pts',(74.0727181694264,-64.6281402161286,22.7743462499506));
#5648=CARTESIAN_POINT('Ctrl Pts',(75.3345112174718,-48.8220331162684,26.697965757619));
#5649=CARTESIAN_POINT('Ctrl Pts',(89.0130829476249,-50.7076061937762,45.2665748223887));
#5650=CARTESIAN_POINT('Ctrl Pts',(77.2400066405134,-24.8972917370754,60.6342933024195));
#5651=CARTESIAN_POINT('Ctrl Pts',(46.902399226874,6.69782949160755,59.4103028237137));
#5652=CARTESIAN_POINT('Ctrl Pts',(22.0364020417914,30.0453675921065,71.0378110483672));
#5653=CARTESIAN_POINT('Ctrl Pts',(14.4316817385339,36.4217883876535,75.2909355122499));
#5654=CARTESIAN_POINT('Ctrl Pts',(7.00000000000001,41.8718252629317,80.1602518636262));
#5655=CARTESIAN_POINT('Ctrl Pts',(74.0736150901792,-76.,24.021115423336));
#5656=CARTESIAN_POINT('Ctrl Pts',(73.7139947509637,-69.9490463352809,22.8727387451066));
#5657=CARTESIAN_POINT('Ctrl Pts',(73.7139947509637,-64.6157130019476,22.8727387451066));
#5658=CARTESIAN_POINT('Ctrl Pts',(74.9421765543411,-48.8520475458418,26.7946952804382));
#5659=CARTESIAN_POINT('Ctrl Pts',(88.3942544742048,-50.900341045958,45.382059910565));
#5660=CARTESIAN_POINT('Ctrl Pts',(76.6357698610288,-25.3389668580225,60.6855194102541));
#5661=CARTESIAN_POINT('Ctrl Pts',(46.5192602970153,6.40812194706946,59.5209748860617));
#5662=CARTESIAN_POINT('Ctrl Pts',(21.878657175919,29.0708703392319,70.8084536536981));
#5663=CARTESIAN_POINT('Ctrl Pts',(14.3500186002306,35.1668742365252,74.9212353150865));
#5664=CARTESIAN_POINT('Ctrl Pts',(7.00000000000001,40.2702705844046,79.6162228307204));
#5665=CARTESIAN_POINT('Ctrl Pts',(73.6948088951735,-76.,23.9770729357166));
#5666=CARTESIAN_POINT('Ctrl Pts',(73.3475502858073,-69.946917001753,22.8297932762444));
#5667=CARTESIAN_POINT('Ctrl Pts',(73.3475502858073,-64.6135836684197,22.8297932762444));
#5668=CARTESIAN_POINT('Ctrl Pts',(74.5335140886891,-48.8571903501969,26.7480032535295));
#5669=CARTESIAN_POINT('Ctrl Pts',(87.7164588330972,-50.8845033466535,45.3587422427966));
#5670=CARTESIAN_POINT('Ctrl Pts',(75.9429931180066,-25.47175491795,60.5583790341478));
#5671=CARTESIAN_POINT('Ctrl Pts',(46.0010935501506,6.18135891996472,59.5056631520692));
#5672=CARTESIAN_POINT('Ctrl Pts',(21.6497986595813,28.4438126367924,70.2360568434003));
#5673=CARTESIAN_POINT('Ctrl Pts',(14.2276102002169,34.3886378629944,74.1178577514738));
#5674=CARTESIAN_POINT('Ctrl Pts',(7.00000000000001,39.3148838104322,78.5251326900585));
#5675=CARTESIAN_POINT('Ctrl Pts',(73.3583185851705,-76.,23.7976626414834));
#5676=CARTESIAN_POINT('Ctrl Pts',(73.0225782106759,-69.9554601797059,22.651758106578));
#5677=CARTESIAN_POINT('Ctrl Pts',(73.0225782106759,-64.6221268463725,22.651758106578));
#5678=CARTESIAN_POINT('Ctrl Pts',(74.1692047321704,-48.8365567142699,26.56527173389));
#5679=CARTESIAN_POINT('Ctrl Pts',(87.1024304983957,-50.6565751741356,45.1840320928141));
#5680=CARTESIAN_POINT('Ctrl Pts',(75.3127285356513,-25.279661984432,60.299675089427));
#5681=CARTESIAN_POINT('Ctrl Pts',(45.5318683920478,6.07722443339171,59.3592237098026));
#5682=CARTESIAN_POINT('Ctrl Pts',(21.4427169398585,28.1957474794968,69.6312022495412));
#5683=CARTESIAN_POINT('Ctrl Pts',(14.1168874006525,34.1036820172145,73.3214818608613));
#5684=CARTESIAN_POINT('Ctrl Pts',(7.00000000000001,39.0011662200058,77.4891004728955));
#5685=CARTESIAN_POINT('Ctrl Pts',(73.1934022041947,-76.,23.6041531230939));
#5686=CARTESIAN_POINT('Ctrl Pts',(72.8627181137527,-69.9671692961737,22.4588869085713));
#5687=CARTESIAN_POINT('Ctrl Pts',(72.8627181137527,-64.6338359628404,22.4588869085713));
#5688=CARTESIAN_POINT('Ctrl Pts',(73.9920763236727,-48.8082766471147,26.3702205327152));
#5689=CARTESIAN_POINT('Ctrl Pts',(86.8133569039952,-50.3797651180723,44.9808732040117));
#5690=CARTESIAN_POINT('Ctrl Pts',(75.0215664106801,-24.9747926377722,60.0831863832446));
#5691=CARTESIAN_POINT('Ctrl Pts',(45.3247439548291,6.09726755713781,59.2076019136481));
#5692=CARTESIAN_POINT('Ctrl Pts',(21.3530087219196,28.1754397555859,69.3590286989435));
#5693=CARTESIAN_POINT('Ctrl Pts',(14.0693240081969,34.0855477220468,72.9961763636031));
#5694=CARTESIAN_POINT('Ctrl Pts',(7.00000000000001,39.,77.0952380952381));
#5695=CARTESIAN_POINT('Ctrl Pts',(73.1314906978882,-76.,23.4956728680745));
#5696=CARTESIAN_POINT('Ctrl Pts',(72.8023316141043,-69.9739439532516,22.3505085517018));
#5697=CARTESIAN_POINT('Ctrl Pts',(72.8023316141043,-64.6406106199183,22.3505085517018));
#5698=CARTESIAN_POINT('Ctrl Pts',(73.9264815940572,-48.7919143743811,26.2614941714647));
#5699=CARTESIAN_POINT('Ctrl Pts',(86.713196738567,-50.2205993966123,44.866813252508));
#5700=CARTESIAN_POINT('Ctrl Pts',(74.9225158654458,-24.7972431939958,59.9757590007133));
#5701=CARTESIAN_POINT('Ctrl Pts',(45.2525097361978,6.1190673890958,59.1260218368833));
#5702=CARTESIAN_POINT('Ctrl Pts',(21.3215603767367,28.1700119423162,69.2734896215015));
#5703=CARTESIAN_POINT('Ctrl Pts',(14.0526108740938,34.079090362699,72.9069915056759));
#5704=CARTESIAN_POINT('Ctrl Pts',(7.00000000000001,39.,77.0000000000001));
#5705=CARTESIAN_POINT('',(75.,-76.,23.));
#5706=CARTESIAN_POINT('Origin',(74.,-76.,23.));
#5707=CARTESIAN_POINT('Ctrl Pts',(75.,-76.,23.));
#5708=CARTESIAN_POINT('Ctrl Pts',(74.6388292291754,-70.0278951307829,21.8498478102519));
#5709=CARTESIAN_POINT('Ctrl Pts',(74.6388292291754,-64.6945617974495,21.8498478102519));
#5710=CARTESIAN_POINT('Ctrl Pts',(75.8723060942666,-48.6616105271293,25.7778681042229));
#5711=CARTESIAN_POINT('Ctrl Pts',(89.5106678677839,-49.3372418659517,44.4463537364964));
#5712=CARTESIAN_POINT('Ctrl Pts',(77.4232583516654,-22.9342600863191,59.6598659049263));
#5713=CARTESIAN_POINT('Ctrl Pts',(46.282682055675,7.36036679878003,58.8434910888452));
#5714=CARTESIAN_POINT('Ctrl Pts',(21.6356433184887,31.8922125368346,69.148586236525));
#5715=CARTESIAN_POINT('Ctrl Pts',(14.1873383697484,38.8192219123636,72.8401571752385));
#5716=CARTESIAN_POINT('Ctrl Pts',(7.00000000000001,45.,77.0000000000001));
#5717=CARTESIAN_POINT('Ctrl Pts',(75.,-76.,7.99999999999998));
#5718=CARTESIAN_POINT('Ctrl Pts',(75.0021043160176,-70.6390453693663,6.64834067287648));
#5719=CARTESIAN_POINT('Ctrl Pts',(75.0021043160176,-65.305712036033,6.64834067287649));
#5720=CARTESIAN_POINT('Ctrl Pts',(74.9949176183825,-47.1855495590401,11.2645517402478));
#5721=CARTESIAN_POINT('Ctrl Pts',(81.8695428250594,-35.0060336018577,33.9661773296228));
#5722=CARTESIAN_POINT('Ctrl Pts',(66.8579573782416,-6.88536147876663,50.1915819980731));
#5723=CARTESIAN_POINT('Ctrl Pts',(35.6048949794727,9.61771626393352,46.7733820535868));
#5724=CARTESIAN_POINT('Ctrl Pts',(16.3643305829092,31.5726480649755,55.3217299353986));
#5725=CARTESIAN_POINT('Ctrl Pts',(11.236821379235,38.3375039332085,58.4390904477084));
#5726=CARTESIAN_POINT('Ctrl Pts',(6.99999999999999,45.,62.));
#5727=CARTESIAN_POINT('Ctrl Pts',(75.,-76.,13.));
#5728=CARTESIAN_POINT('Ctrl Pts',(74.8810126204035,-70.4353286231718,11.7155097186683));
#5729=CARTESIAN_POINT('Ctrl Pts',(74.8810126204035,-65.1019952898385,11.7155097186683));
#5730=CARTESIAN_POINT('Ctrl Pts',(75.2873804436772,-47.6775698817365,16.1023238615728));
#5731=CARTESIAN_POINT('Ctrl Pts',(84.4165845059676,-39.7831030232224,37.4595694652473));
#5732=CARTESIAN_POINT('Ctrl Pts',(70.3797243693828,-12.2349943479508,53.3476766336908));
#5733=CARTESIAN_POINT('Ctrl Pts',(39.1641573382069,8.86526644221569,50.7967517320063));
#5734=CARTESIAN_POINT('Ctrl Pts',(18.1214348281024,31.6791695555952,59.9306820357741));
#5735=CARTESIAN_POINT('Ctrl Pts',(12.2203270427395,38.4980765929268,63.2394460235518));
#5736=CARTESIAN_POINT('Ctrl Pts',(6.99999999999999,45.,67.));
#5737=CARTESIAN_POINT('Ctrl Pts',(75.,-76.,22.125672248657));
#5738=CARTESIAN_POINT('Ctrl Pts',(74.6670177953912,-70.0753177303283,20.9715874089621));
#5739=CARTESIAN_POINT('Ctrl Pts',(74.6670177953912,-64.741984396995,20.9715874089621));
#5740=CARTESIAN_POINT('Ctrl Pts',(75.8042245658456,-48.5470746179941,24.9130385592476));
#5741=CARTESIAN_POINT('Ctrl Pts',(88.9425830703996,-48.2269375510237,43.7325195441969));
#5742=CARTESIAN_POINT('Ctrl Pts',(76.5744118958837,-21.6869074039861,58.8090108967089));
#5743=CARTESIAN_POINT('Ctrl Pts',(45.1899290799882,7.55398711458977,58.3983873166471));
#5744=CARTESIAN_POINT('Ctrl Pts',(21.0720617222726,31.8782141462069,67.3279279715284));
#5745=CARTESIAN_POINT('Ctrl Pts',(13.8667899356384,38.78824284616,70.4357689594034));
#5746=CARTESIAN_POINT('Ctrl Pts',(7.,45.,73.8584073464102));
#5747=CARTESIAN_POINT('Ctrl Pts',(75.,-76.,23.));
#5748=CARTESIAN_POINT('Ctrl Pts',(74.6388292291754,-70.0278951307829,21.8498478102519));
#5749=CARTESIAN_POINT('Ctrl Pts',(74.6388292291754,-64.6945617974495,21.8498478102519));
#5750=CARTESIAN_POINT('Ctrl Pts',(75.8723060942666,-48.6616105271293,25.7778681042229));
#5751=CARTESIAN_POINT('Ctrl Pts',(89.5106678677838,-49.3372418659518,44.4463537364964));
#5752=CARTESIAN_POINT('Ctrl Pts',(77.4232583516653,-22.9342600863192,59.6598659049263));
#5753=CARTESIAN_POINT('Ctrl Pts',(46.2826820556751,7.36036679878005,58.8434910888453));
#5754=CARTESIAN_POINT('Ctrl Pts',(21.6356433184887,31.8922125368346,69.148586236525));
#5755=CARTESIAN_POINT('Ctrl Pts',(14.1873383697484,38.8192219123636,72.8401571752385));
#5756=CARTESIAN_POINT('Ctrl Pts',(7.,45.,77.));
#5757=CARTESIAN_POINT('',(75.,-76.,7.99999999999998));
#5758=CARTESIAN_POINT('Origin',(45.,-76.,12.2415572128786));
#5759=CARTESIAN_POINT('',(62.515912052761,-76.,11.));
#5760=CARTESIAN_POINT('Origin',(52.5,40.,3.));
#5761=CARTESIAN_POINT('Origin',(12.5,-43.,3.));
#5762=CARTESIAN_POINT('Origin',(-47.5,-43.,3.));
#5763=CARTESIAN_POINT('Origin',(-47.5,40.,3.));
#5764=CARTESIAN_POINT('Origin',(-33.,40.,45.4242424242424));
#5765=CARTESIAN_POINT('Origin',(-25.,10.,3.));
#5766=CARTESIAN_POINT('',(-4.5,10.,38.));
#5767=CARTESIAN_POINT('Origin',(16.,22.,38.));
#5768=CARTESIAN_POINT('Origin',(19.5,18.,32.));
#5769=CARTESIAN_POINT('',(21.3,14.,32.));
#5770=CARTESIAN_POINT('Origin',(19.5,14.,32.));
#5771=CARTESIAN_POINT('Origin',(19.5,13.4592254428752,32.));
#5772=CARTESIAN_POINT('Origin',(-29.,18.,32.));
#5773=CARTESIAN_POINT('Origin',(-29.,18.,22.));
#5774=CARTESIAN_POINT('Origin',(19.5,18.,22.));
#5775=CARTESIAN_POINT('',(21.3,14.,22.));
#5776=CARTESIAN_POINT('Origin',(19.5,14.,22.));
#5777=CARTESIAN_POINT('Origin',(19.5,13.4592254428752,22.));
#5778=CARTESIAN_POINT('Origin',(-34.5799760701742,-5.09858157679267E-015,
79.));
#5779=CARTESIAN_POINT('',(-54.,-39.,79.));
#5780=CARTESIAN_POINT('',(-16.7899880350871,-39.,79.));
#5781=CARTESIAN_POINT('',(-54.,-33.,79.));
#5782=CARTESIAN_POINT('Origin',(-34.5799760701742,-5.09858157679267E-015,
79.));
#5783=CARTESIAN_POINT('',(0.999999999999997,39.,79.));
#5784=CARTESIAN_POINT('',(-16.7899880350871,39.,79.));
#5785=CARTESIAN_POINT('',(1.00000000000001,-45.,79.));
#5786=CARTESIAN_POINT('Origin',(-34.5799760701742,-5.09858157679267E-015,
79.));
#5787=CARTESIAN_POINT('',(-39.,39.,79.));
#5788=CARTESIAN_POINT('',(-16.7899880350871,39.,79.));
#5789=CARTESIAN_POINT('',(-39.,45.,79.));
#5790=CARTESIAN_POINT('Origin',(-39.,45.,3.));
#5791=CARTESIAN_POINT('',(-39.,39.,60.));
#5792=CARTESIAN_POINT('',(-39.,42.,60.));
#5793=CARTESIAN_POINT('',(-39.,39.,41.5));
#5794=CARTESIAN_POINT('Origin',(0.999999999999989,0.,62.));
#5795=CARTESIAN_POINT('',(0.999999999999992,39.,71.));
#5796=CARTESIAN_POINT('Origin',(0.999999999999989,0.,62.));
#5797=CARTESIAN_POINT('Origin',(-54.,-45.,3.));
#5798=CARTESIAN_POINT('',(-54.,-39.,60.));
#5799=CARTESIAN_POINT('',(-54.,-38.9999999999999,60.));
#5800=CARTESIAN_POINT('',(-54.,-39.,31.5));
#5801=CARTESIAN_POINT('Origin',(0.999999999999996,39.,80.));
#5802=CARTESIAN_POINT('Origin',(0.999999999999996,39.,80.));
#5803=CARTESIAN_POINT('',(0.999999999999988,39.,60.));
#5804=CARTESIAN_POINT('Origin',(0.999999999999988,39.,60.));
#5805=CARTESIAN_POINT('Origin',(0.999999999999988,-39.,60.));
#5806=CARTESIAN_POINT('',(0.999999999999988,-39.,60.));
#5807=CARTESIAN_POINT('Origin',(0.999999999999988,-33.,60.));
#5808=CARTESIAN_POINT('Origin',(0.999999999999988,-33.,60.));
#5809=CARTESIAN_POINT('Ctrl Pts',(62.515912052761,-76.,11.));
#5810=CARTESIAN_POINT('Ctrl Pts',(62.3975799348818,-70.4059522004221,9.6926604124915));
#5811=CARTESIAN_POINT('Ctrl Pts',(62.3975799348819,-65.0726188670887,9.6926604124915));
#5812=CARTESIAN_POINT('Ctrl Pts',(62.8017098966391,-47.748520342467,14.157509913817));
#5813=CARTESIAN_POINT('Ctrl Pts',(70.70410243969,-38.8047460043703,35.8682965697776));
#5814=CARTESIAN_POINT('Ctrl Pts',(59.2962145156634,-14.9550688238544,52.0962328531809));
#5815=CARTESIAN_POINT('Ctrl Pts',(33.3001219658541,-0.928406060756918,50.2331546678544));
#5816=CARTESIAN_POINT('Ctrl Pts',(16.0467573429546,17.6533836147907,58.7096163136405));
#5817=CARTESIAN_POINT('Ctrl Pts',(11.2322959233557,23.3729693788495,61.6901863415621));
#5818=CARTESIAN_POINT('Ctrl Pts',(6.99999999999999,29.,65.));
#5819=CARTESIAN_POINT('Ctrl Pts',(60.4115381982929,-76.,11.));
#5820=CARTESIAN_POINT('Ctrl Pts',(60.3867007022978,-70.348548602599,9.68615617524808));
#5821=CARTESIAN_POINT('Ctrl Pts',(60.3867007022979,-65.0152152692657,9.68615617524808));
#5822=CARTESIAN_POINT('Ctrl Pts',(60.4715261620845,-47.8871625368492,14.1732190637381));
#5823=CARTESIAN_POINT('Ctrl Pts',(66.2443030378483,-39.4806662734799,35.9815170000627));
#5824=CARTESIAN_POINT('Ctrl Pts',(54.9271917714027,-17.2457885548764,52.3129701827681));
#5825=CARTESIAN_POINT('Ctrl Pts',(31.5256717655727,-5.63523125561177,50.6753066351294));
#5826=CARTESIAN_POINT('Ctrl Pts',(15.4878650452018,12.3131649104357,58.9508071608372));
#5827=CARTESIAN_POINT('Ctrl Pts',(10.9864379321811,18.0014552539619,61.8300275692363));
#5828=CARTESIAN_POINT('Ctrl Pts',(6.99999999999999,23.764012244017,65.));
#5829=CARTESIAN_POINT('Ctrl Pts',(29.5884618017071,-76.,11.));
#5830=CARTESIAN_POINT('Ctrl Pts',(29.5487316267046,-69.9528439794243,9.64132001784587));
#5831=CARTESIAN_POINT('Ctrl Pts',(29.5487316267046,-64.619510646091,9.64132001784587));
#5832=CARTESIAN_POINT('Ctrl Pts',(29.6844188297408,-48.842875407901,14.281508151629));
#5833=CARTESIAN_POINT('Ctrl Pts',(32.7111152164055,-43.3678830228176,36.7163310153342));
#5834=CARTESIAN_POINT('Ctrl Pts',(28.0709480389917,-33.9390773067508,53.8603861209419));
#5835=CARTESIAN_POINT('Ctrl Pts',(17.7934046898318,-40.5414431097194,54.2089759989401));
#5836=CARTESIAN_POINT('Ctrl Pts',(10.7575730241532,-31.9238026872195,60.8975748189052));
#5837=CARTESIAN_POINT('Ctrl Pts',(8.77147662552617,-28.3053774484006,62.9624186381572));
#5838=CARTESIAN_POINT('Ctrl Pts',(6.99999999999999,-23.764012244017,65.));
#5839=CARTESIAN_POINT('Ctrl Pts',(27.484087947239,-76.,11.));
#5840=CARTESIAN_POINT('Ctrl Pts',(27.5519161969204,-69.8909185156278,9.63430342092136));
#5841=CARTESIAN_POINT('Ctrl Pts',(27.5519161969204,-64.5575851822945,9.63430342092136));
#5842=CARTESIAN_POINT('Ctrl Pts',(27.32026794756,-48.9924388937186,14.2984547617998));
#5843=CARTESIAN_POINT('Ctrl Pts',(27.8577180978784,-44.4916337730756,36.8618017807057));
#5844=CARTESIAN_POINT('Ctrl Pts',(23.407185925081,-35.9490529685373,54.0669266208671));
#5845=CARTESIAN_POINT('Ctrl Pts',(16.6458631133058,-41.6285879159912,54.4377308672895));
#5846=CARTESIAN_POINT('Ctrl Pts',(10.6031435816372,-35.1344858895356,61.0125600371799));
#5847=CARTESIAN_POINT('Ctrl Pts',(8.77206782832508,-32.4125671856442,63.0272135638964));
#5848=CARTESIAN_POINT('Ctrl Pts',(6.99999999999999,-29.,65.));
#5849=CARTESIAN_POINT('Origin',(52.5,-40.,3.));
#5850=CARTESIAN_POINT('Origin',(39.5,-9.99999999999998,3.));
#5851=CARTESIAN_POINT('',(39.5,-9.99999999999998,49.3096499685849));
#5852=CARTESIAN_POINT('',(39.5,-9.99999999999998,3.));
#5853=CARTESIAN_POINT('Ctrl Pts',(39.5,-40.,33.3641756234912));
#5854=CARTESIAN_POINT('Ctrl Pts',(39.5,-38.8502239694307,35.4301930983006));
#5855=CARTESIAN_POINT('Ctrl Pts',(39.5,-37.7049310607686,37.3767718165083));
#5856=CARTESIAN_POINT('Ctrl Pts',(39.5,-34.9959509210785,41.2746796832889));
#5857=CARTESIAN_POINT('Ctrl Pts',(39.5000000003643,-33.9061031144423,42.3268130413941));
#5858=CARTESIAN_POINT('Ctrl Pts',(39.5000000003643,-31.004498028425,44.9048973829339));
#5859=CARTESIAN_POINT('Ctrl Pts',(39.5,-28.8277460994549,46.1982079643428));
#5860=CARTESIAN_POINT('Ctrl Pts',(39.5,-22.4618493771174,48.5637009363371));
#5861=CARTESIAN_POINT('Ctrl Pts',(39.5,-17.527052357056,49.1541127739973));
#5862=CARTESIAN_POINT('Ctrl Pts',(39.5,-9.99999999999998,49.3096499685849));
#5863=CARTESIAN_POINT('Origin',(44.5,-9.99999999999998,3.));
#5864=CARTESIAN_POINT('Ctrl Pts',(39.5,-9.99999999999999,49.3096499685849));
#5865=CARTESIAN_POINT('Ctrl Pts',(39.5000209050531,-9.36099166970167,49.3228515571423));
#5866=CARTESIAN_POINT('Ctrl Pts',(39.6225066768952,-8.72783367423104,49.3164308330003));
#5867=CARTESIAN_POINT('Ctrl Pts',(39.8608701904515,-8.13493308158714,49.2934909724959));
#5868=CARTESIAN_POINT('Ctrl Pts',(40.0120794923299,-7.758818116006,49.2789387440935));
#5869=CARTESIAN_POINT('Ctrl Pts',(40.2083578344728,-7.4027592101672,49.2579024554877));
#5870=CARTESIAN_POINT('Ctrl Pts',(40.4451990139644,-7.07449338342299,49.2315379220485));
#5871=CARTESIAN_POINT('Ctrl Pts',(40.6824426512176,-6.74566974350577,49.2051285880762));
#5872=CARTESIAN_POINT('Ctrl Pts',(40.9586060117795,-6.44719969828886,49.1735776350158));
#5873=CARTESIAN_POINT('Ctrl Pts',(41.2674270056746,-6.18549192734394,49.13812822366));
#5874=CARTESIAN_POINT('Ctrl Pts',(41.7276654687253,-5.79546668732094,49.0852976748276));
#5875=CARTESIAN_POINT('Ctrl Pts',(42.2542675442813,-5.49230810373822,49.0245878226086));
#5876=CARTESIAN_POINT('Ctrl Pts',(42.8214859616334,-5.29016023382893,48.9597614993313));
#5877=CARTESIAN_POINT('Ctrl Pts',(43.3535938867717,-5.10052520023692,48.8989478879989));
#5878=CARTESIAN_POINT('Ctrl Pts',(43.913843243015,-5.0024863279277,48.8353752783787));
#5879=CARTESIAN_POINT('Ctrl Pts',(44.4783932358882,-5.00004668544348,48.771318065199));
#5880=CARTESIAN_POINT('Ctrl Pts',(45.0591170387051,-4.99753714956741,48.7054256749676));
#5881=CARTESIAN_POINT('Ctrl Pts',(45.6359885124104,-5.09621924658436,48.639958857966));
#5882=CARTESIAN_POINT('Ctrl Pts',(46.1830626377854,-5.29178376055103,48.5763082000857));
#5883=CARTESIAN_POINT('Ctrl Pts',(46.4545272950316,-5.38882518746387,48.5447239901523));
#5884=CARTESIAN_POINT('Ctrl Pts',(46.7171557720711,-5.50918606343166,48.5137448549403));
#5885=CARTESIAN_POINT('Ctrl Pts',(46.9679967704646,-5.65155292765603,48.4834562770047));
#5886=CARTESIAN_POINT('Ctrl Pts',(47.1573377962474,-5.75901497844662,48.4605937048871));
#5887=CARTESIAN_POINT('Ctrl Pts',(47.3394989503238,-5.87875203883124,48.4381794541298));
#5888=CARTESIAN_POINT('Ctrl Pts',(47.5133067503716,-6.01001473333981,48.4162366085455));
#5889=CARTESIAN_POINT('Ctrl Pts',(47.6954903806428,-6.14760300151986,48.3932363331498));
#5890=CARTESIAN_POINT('Ctrl Pts',(47.8680820273485,-6.29754183615325,48.3708056746697));
#5891=CARTESIAN_POINT('Ctrl Pts',(48.0298542290841,-6.45879552674267,48.3489645202486));
#5892=CARTESIAN_POINT('Ctrl Pts',(48.2692853308142,-6.69745920555558,48.3166384987814));
#5893=CARTESIAN_POINT('Ctrl Pts',(48.4839895280131,-6.95988605070862,48.2857371936363));
#5894=CARTESIAN_POINT('Ctrl Pts',(48.6706046621093,-7.24209196085291,48.2563340464778));
#5895=CARTESIAN_POINT('Ctrl Pts',(49.0321589093847,-7.78884689534979,48.1993674301853));
#5896=CARTESIAN_POINT('Ctrl Pts',(49.2829804866854,-8.40185341117436,48.1486905642867));
#5897=CARTESIAN_POINT('Ctrl Pts',(49.4082004599711,-9.04628712667841,48.1056964433402));
#5898=CARTESIAN_POINT('Ctrl Pts',(49.4693779345785,-9.36113168567246,48.0846912340795));
#5899=CARTESIAN_POINT('Ctrl Pts',(49.5000471565237,-9.68055855866124,48.0657448768693));
#5900=CARTESIAN_POINT('Ctrl Pts',(49.4999999998985,-10.0000000000415,48.0491877729487));
#5901=CARTESIAN_POINT('Ctrl Pts',(39.5253999643644,-45.5744259948481,23.1873695426657));
#5902=CARTESIAN_POINT('Ctrl Pts',(39.71376507576,-41.2736247879388,30.6282942014986));
#5903=CARTESIAN_POINT('Ctrl Pts',(39.5222773088768,-37.5852164110807,38.7707318563522));
#5904=CARTESIAN_POINT('Ctrl Pts',(35.9228115446374,-29.5741790171999,47.6561875416494));
#5905=CARTESIAN_POINT('Ctrl Pts',(31.4325962861459,-26.1472570320791,49.4606813188329));
#5906=CARTESIAN_POINT('Ctrl Pts',(26.6891018686326,-23.1280580149919,50.789931838465));
#5907=CARTESIAN_POINT('Ctrl Pts',(49.2903757790443,-44.537000196118,23.0428028793395));
#5908=CARTESIAN_POINT('Ctrl Pts',(49.6657879746367,-39.6910755699565,30.4120456035335));
#5909=CARTESIAN_POINT('Ctrl Pts',(49.5428109478368,-35.2961496402993,38.473497573578));
#5910=CARTESIAN_POINT('Ctrl Pts',(44.8569557789002,-25.5761235572295,47.2488694050084));
#5911=CARTESIAN_POINT('Ctrl Pts',(38.7552309272041,-20.8725198415279,48.9037490037884));
#5912=CARTESIAN_POINT('Ctrl Pts',(32.3663499946423,-16.479951655425,50.1469538488504));
#5913=CARTESIAN_POINT('Ctrl Pts',(59.0553515937241,-43.4995743973879,22.8982362160133));
#5914=CARTESIAN_POINT('Ctrl Pts',(59.6178108735133,-38.1085263519741,30.1957970055683));
#5915=CARTESIAN_POINT('Ctrl Pts',(59.5633445867968,-33.0070828695178,38.1762632908038));
#5916=CARTESIAN_POINT('Ctrl Pts',(53.791100013163,-21.5780680972591,46.8415512683675));
#5917=CARTESIAN_POINT('Ctrl Pts',(46.0778655682623,-15.5977826509767,48.3468166887439));
#5918=CARTESIAN_POINT('Ctrl Pts',(38.0435981206519,-9.83184529585798,49.5039758592358));
#5919=CARTESIAN_POINT('Ctrl Pts',(68.820327408404,-42.4621485986577,22.7536695526872));
#5920=CARTESIAN_POINT('Ctrl Pts',(69.56983377239,-36.5259771339917,29.9795484076032));
#5921=CARTESIAN_POINT('Ctrl Pts',(69.5838782257567,-30.7180160987363,37.8790290080296));
#5922=CARTESIAN_POINT('Ctrl Pts',(62.7252442474258,-17.5800126372887,46.4342331317265));
#5923=CARTESIAN_POINT('Ctrl Pts',(53.4005002093205,-10.3230454604256,47.7898843736994));
#5924=CARTESIAN_POINT('Ctrl Pts',(43.7208462466616,-3.18373893629099,48.8609978696212));
#5925=UNCERTAINTY_MEASURE_WITH_UNIT(LENGTH_MEASURE(0.01),#5929,
'DISTANCE_ACCURACY_VALUE',
'Maximum model space distance between geometric entities at asserted c
onnectivities');
#5926=UNCERTAINTY_MEASURE_WITH_UNIT(LENGTH_MEASURE(1.E-006),#5929,
'DISTANCE_ACCURACY_VALUE',
'Maximum model space distance between geometric entities at asserted c
onnectivities');
#5927=(
GEOMETRIC_REPRESENTATION_CONTEXT(3)
GLOBAL_UNCERTAINTY_ASSIGNED_CONTEXT((#5925))
GLOBAL_UNIT_ASSIGNED_CONTEXT((#5929,#5932,#5930))
REPRESENTATION_CONTEXT('','3D')
);
#5928=(
GEOMETRIC_REPRESENTATION_CONTEXT(3)
GLOBAL_UNCERTAINTY_ASSIGNED_CONTEXT((#5926))
GLOBAL_UNIT_ASSIGNED_CONTEXT((#5929,#5932,#5930))
REPRESENTATION_CONTEXT('','3D')
);
#5929=(
LENGTH_UNIT()
NAMED_UNIT(*)
SI_UNIT(.MILLI.,.METRE.)
);
#5930=(
NAMED_UNIT(*)
SI_UNIT($,.STERADIAN.)
SOLID_ANGLE_UNIT()
);
#5931=DIMENSIONAL_EXPONENTS(0.,0.,0.,0.,0.,0.,0.);
#5932=(
CONVERSION_BASED_UNIT('degree',#5934)
NAMED_UNIT(#5931)
PLANE_ANGLE_UNIT()
);
#5933=(
NAMED_UNIT(*)
PLANE_ANGLE_UNIT()
SI_UNIT($,.RADIAN.)
);
#5934=PLANE_ANGLE_MEASURE_WITH_UNIT(PLANE_ANGLE_MEASURE(0.01745329252),
#5933);
#5935=SHAPE_DEFINITION_REPRESENTATION(#5936,#5937);
#5936=PRODUCT_DEFINITION_SHAPE('',$,#5939);
#5937=SHAPE_REPRESENTATION('',(#2817),#5927);
#5938=PRODUCT_DEFINITION_CONTEXT('part definition',#5943,'design');
#5939=PRODUCT_DEFINITION('Spendergrundplatte','Spendergrundplatte',#5940,
#5938);
#5940=PRODUCT_DEFINITION_FORMATION('',$,#5945);
#5941=PRODUCT_RELATED_PRODUCT_CATEGORY('Spendergrundplatte',
'Spendergrundplatte',(#5945));
#5942=APPLICATION_PROTOCOL_DEFINITION('international standard',
'automotive_design',2009,#5943);
#5943=APPLICATION_CONTEXT(
'Core Data for Automotive Mechanical Design Process');
#5944=PRODUCT_CONTEXT('part definition',#5943,'mechanical');
#5945=PRODUCT('Spendergrundplatte','Spendergrundplatte',$,(#5944));
#5946=PRESENTATION_STYLE_ASSIGNMENT((#5947));
#5947=SURFACE_STYLE_USAGE(.BOTH.,#5948);
#5948=SURFACE_SIDE_STYLE($,(#5949));
#5949=SURFACE_STYLE_FILL_AREA(#5950);
#5950=FILL_AREA_STYLE($,(#5951));
#5951=FILL_AREA_STYLE_COLOUR($,#5952);
#5952=COLOUR_RGB('',0.301960784313725,0.301960784313725,0.301960784313725);
ENDSEC;
END-ISO-10303-21;
