ISO-10303-21;
HEADER;
FILE_DESCRIPTION(('FreeCAD Model'),'2;1');
FILE_NAME('Open CASCADE Shape Model','2026-05-25T15:20:15',('Author'),(
    ''),'Open CASCADE STEP processor 7.8','FreeCAD','Unknown');
FILE_SCHEMA(('AUTOMOTIVE_DESIGN { 1 0 10303 214 1 1 1 1 }'));
ENDSEC;
DATA;
#1 = APPLICATION_PROTOCOL_DEFINITION('international standard',
  'automotive_design',2000,#2);
#2 = APPLICATION_CONTEXT(
  'core data for automotive mechanical design processes');
#3 = SHAPE_DEFINITION_REPRESENTATION(#4,#10);
#4 = PRODUCT_DEFINITION_SHAPE('','',#5);
#5 = PRODUCT_DEFINITION('design','',#6,#9);
#6 = PRODUCT_DEFINITION_FORMATION('','',#7);
#7 = PRODUCT('Verbindunghebel-coinaut','Verbindunghebel-coinaut','',(#8)
  );
#8 = PRODUCT_CONTEXT('',#2,'mechanical');
#9 = PRODUCT_DEFINITION_CONTEXT('part definition',#2,'design');
#10 = ADVANCED_BREP_SHAPE_REPRESENTATION('',(#11,#15),#2241);
#11 = AXIS2_PLACEMENT_3D('',#12,#13,#14);
#12 = CARTESIAN_POINT('',(0.,0.,0.));
#13 = DIRECTION('',(0.,0.,1.));
#14 = DIRECTION('',(1.,0.,-0.));
#15 = MANIFOLD_SOLID_BREP('',#16);
#16 = CLOSED_SHELL('',(#17,#215,#346,#530,#661,#752,#759,#1507,#1535,
    #1647,#1759,#1794,#1900,#2006,#2060,#2065,#2069,#2095,#2121,#2168,
    #2201,#2228));
#17 = ADVANCED_FACE('',(#18),#33,.F.);
#18 = FACE_BOUND('',#19,.F.);
#19 = EDGE_LOOP('',(#20,#56,#120,#153));
#20 = ORIENTED_EDGE('',*,*,#21,.F.);
#21 = EDGE_CURVE('',#22,#24,#26,.T.);
#22 = VERTEX_POINT('',#23);
#23 = CARTESIAN_POINT('',(-6.,-13.,-6.));
#24 = VERTEX_POINT('',#25);
#25 = CARTESIAN_POINT('',(6.,-13.,-6.));
#26 = SURFACE_CURVE('',#27,(#32,#44),.PCURVE_S1.);
#27 = CIRCLE('',#28,6.);
#28 = AXIS2_PLACEMENT_3D('',#29,#30,#31);
#29 = CARTESIAN_POINT('',(0.,-13.,-6.));
#30 = DIRECTION('',(0.,0.,1.));
#31 = DIRECTION('',(2.8E-16,-1.,0.));
#32 = PCURVE('',#33,#38);
#33 = TOROIDAL_SURFACE('',#34,9.,3.);
#34 = AXIS2_PLACEMENT_3D('',#35,#36,#37);
#35 = CARTESIAN_POINT('',(0.,-13.,-6.));
#36 = DIRECTION('',(0.,0.,1.));
#37 = DIRECTION('',(1.,0.,-0.));
#38 = DEFINITIONAL_REPRESENTATION('',(#39),#43);
#39 = LINE('',#40,#41);
#40 = CARTESIAN_POINT('',(-1.570796326795,3.14159265359));
#41 = VECTOR('',#42,1.);
#42 = DIRECTION('',(1.,1.4E-16));
#43 = ( GEOMETRIC_REPRESENTATION_CONTEXT(2) 
PARAMETRIC_REPRESENTATION_CONTEXT() REPRESENTATION_CONTEXT('2D SPACE',''
  ) );
#44 = PCURVE('',#45,#50);
#45 = CYLINDRICAL_SURFACE('',#46,6.);
#46 = AXIS2_PLACEMENT_3D('',#47,#48,#49);
#47 = CARTESIAN_POINT('',(0.,-13.,-3.));
#48 = DIRECTION('',(0.,0.,-1.));
#49 = DIRECTION('',(1.,0.,0.));
#50 = DEFINITIONAL_REPRESENTATION('',(#51),#55);
#51 = LINE('',#52,#53);
#52 = CARTESIAN_POINT('',(14.137166941154,3.));
#53 = VECTOR('',#54,1.);
#54 = DIRECTION('',(-1.,0.));
#55 = ( GEOMETRIC_REPRESENTATION_CONTEXT(2) 
PARAMETRIC_REPRESENTATION_CONTEXT() REPRESENTATION_CONTEXT('2D SPACE',''
  ) );
#56 = ORIENTED_EDGE('',*,*,#57,.F.);
#57 = EDGE_CURVE('',#58,#22,#60,.T.);
#58 = VERTEX_POINT('',#59);
#59 = CARTESIAN_POINT('',(-6.,-19.70820393249,-3.));
#60 = SURFACE_CURVE('',#61,(#72,#101),.PCURVE_S1.);
#61 = B_SPLINE_CURVE_WITH_KNOTS('',3,(#62,#63,#64,#65,#66,#67,#68,#69,
    #70,#71),.UNSPECIFIED.,.F.,.F.,(4,2,2,2,4),(1.700494126089,
    1.833508979687,1.966523833285,2.18505692656,2.403590019836),
  .UNSPECIFIED.);
#62 = CARTESIAN_POINT('',(-6.,-19.70820393249,-3.));
#63 = CARTESIAN_POINT('',(-6.,-19.26482108717,-3.));
#64 = CARTESIAN_POINT('',(-6.,-18.78356884268,-3.058023523547));
#65 = CARTESIAN_POINT('',(-6.,-17.84176995522,-3.275289258594));
#66 = CARTESIAN_POINT('',(-6.,-17.38094515281,-3.433323943611));
#67 = CARTESIAN_POINT('',(-6.,-16.29886691422,-3.883083887649));
#68 = CARTESIAN_POINT('',(-6.,-15.59926849477,-4.265432779149));
#69 = CARTESIAN_POINT('',(-6.,-14.24844369258,-5.115553352336));
#70 = CARTESIAN_POINT('',(-6.,-13.59477174493,-5.579432865901));
#71 = CARTESIAN_POINT('',(-6.,-13.,-6.));
#72 = PCURVE('',#33,#73);
#73 = DEFINITIONAL_REPRESENTATION('',(#74),#100);
#74 = B_SPLINE_CURVE_WITH_KNOTS('',3,(#75,#76,#77,#78,#79,#80,#81,#82,
    #83,#84,#85,#86,#87,#88,#89,#90,#91,#92,#93,#94,#95,#96,#97,#98,#99)
  ,.UNSPECIFIED.,.F.,.F.,(4,1,1,1,1,1,1,1,1,1,1,1,1,1,1,1,1,1,1,1,1,1,4)
  ,(1.700494126089,1.73245303035,1.764411934612,1.796370838873,
    1.828329743134,1.860288647395,1.892247551657,1.924206455918,
    1.956165360179,1.98812426444,2.020083168701,2.052042072963,
    2.084000977224,2.115959881485,2.147918785746,2.179877690008,
    2.211836594269,2.24379549853,2.275754402791,2.307713307053,
    2.339672211314,2.371631115575,2.403590019836),
  .QUASI_UNIFORM_KNOTS.);
#75 = CARTESIAN_POINT('',(3.982661324158,1.570796326795));
#76 = CARTESIAN_POINT('',(3.974774703034,1.597264049128));
#77 = CARTESIAN_POINT('',(3.958243308645,1.650726743259));
#78 = CARTESIAN_POINT('',(3.931320308316,1.731724430168));
#79 = CARTESIAN_POINT('',(3.902395671589,1.812729799545));
#80 = CARTESIAN_POINT('',(3.871678634495,1.893009400101));
#81 = CARTESIAN_POINT('',(3.839454434529,1.971999448164));
#82 = CARTESIAN_POINT('',(3.806042236412,2.049044704483));
#83 = CARTESIAN_POINT('',(3.77184050202,2.12348708695));
#84 = CARTESIAN_POINT('',(3.7373736507,2.194601104179));
#85 = CARTESIAN_POINT('',(3.703127204257,2.262113606643));
#86 = CARTESIAN_POINT('',(3.666575380264,2.331187171908));
#87 = CARTESIAN_POINT('',(3.628272742209,2.400532807643));
#88 = CARTESIAN_POINT('',(3.588198452609,2.470188728039));
#89 = CARTESIAN_POINT('',(3.546539059348,2.539871217933));
#90 = CARTESIAN_POINT('',(3.503480981416,2.609428991191));
#91 = CARTESIAN_POINT('',(3.459271519704,2.67874252266));
#92 = CARTESIAN_POINT('',(3.414183010613,2.747704751909));
#93 = CARTESIAN_POINT('',(3.368454086688,2.816020564917));
#94 = CARTESIAN_POINT('',(3.322397758275,2.883538457696));
#95 = CARTESIAN_POINT('',(3.276333745879,2.950076503887));
#96 = CARTESIAN_POINT('',(3.230592803088,3.015453738399));
#97 = CARTESIAN_POINT('',(3.185504624338,3.079472511813));
#98 = CARTESIAN_POINT('',(3.156087877609,3.121088243034));
#99 = CARTESIAN_POINT('',(3.14159265359,3.14159265359));
#100 = ( GEOMETRIC_REPRESENTATION_CONTEXT(2) 
PARAMETRIC_REPRESENTATION_CONTEXT() REPRESENTATION_CONTEXT('2D SPACE',''
  ) );
#101 = PCURVE('',#102,#107);
#102 = PLANE('',#103);
#103 = AXIS2_PLACEMENT_3D('',#104,#105,#106);
#104 = CARTESIAN_POINT('',(-6.,-62.,0.));
#105 = DIRECTION('',(-1.,-9.E-17,0.));
#106 = DIRECTION('',(-9.E-17,1.,0.));
#107 = DEFINITIONAL_REPRESENTATION('',(#108),#119);
#108 = B_SPLINE_CURVE_WITH_KNOTS('',3,(#109,#110,#111,#112,#113,#114,
    #115,#116,#117,#118),.UNSPECIFIED.,.F.,.F.,(4,2,2,2,4),(
    1.700494126089,1.833508979687,1.966523833285,2.18505692656,
    2.403590019836),.UNSPECIFIED.);
#109 = CARTESIAN_POINT('',(42.291796067501,3.));
#110 = CARTESIAN_POINT('',(42.735178912826,3.));
#111 = CARTESIAN_POINT('',(43.216431157319,3.058023523547));
#112 = CARTESIAN_POINT('',(44.158230044778,3.275289258594));
#113 = CARTESIAN_POINT('',(44.61905484719,3.433323943611));
#114 = CARTESIAN_POINT('',(45.701133085773,3.883083887649));
#115 = CARTESIAN_POINT('',(46.400731505227,4.265432779149));
#116 = CARTESIAN_POINT('',(47.751556307412,5.115553352336));
#117 = CARTESIAN_POINT('',(48.405228255069,5.579432865901));
#118 = CARTESIAN_POINT('',(49.,6.));
#119 = ( GEOMETRIC_REPRESENTATION_CONTEXT(2) 
PARAMETRIC_REPRESENTATION_CONTEXT() REPRESENTATION_CONTEXT('2D SPACE',''
  ) );
#120 = ORIENTED_EDGE('',*,*,#121,.F.);
#121 = EDGE_CURVE('',#122,#58,#124,.T.);
#122 = VERTEX_POINT('',#123);
#123 = CARTESIAN_POINT('',(6.,-19.70820393249,-3.));
#124 = SURFACE_CURVE('',#125,(#130,#137),.PCURVE_S1.);
#125 = CIRCLE('',#126,9.);
#126 = AXIS2_PLACEMENT_3D('',#127,#128,#129);
#127 = CARTESIAN_POINT('',(0.,-13.,-3.));
#128 = DIRECTION('',(0.,0.,-1.));
#129 = DIRECTION('',(2.8E-16,-1.,0.));
#130 = PCURVE('',#33,#131);
#131 = DEFINITIONAL_REPRESENTATION('',(#132),#136);
#132 = LINE('',#133,#134);
#133 = CARTESIAN_POINT('',(10.995574287564,1.570796326795));
#134 = VECTOR('',#135,1.);
#135 = DIRECTION('',(-1.,3.E-16));
#136 = ( GEOMETRIC_REPRESENTATION_CONTEXT(2) 
PARAMETRIC_REPRESENTATION_CONTEXT() REPRESENTATION_CONTEXT('2D SPACE',''
  ) );
#137 = PCURVE('',#138,#143);
#138 = PLANE('',#139);
#139 = AXIS2_PLACEMENT_3D('',#140,#141,#142);
#140 = CARTESIAN_POINT('',(4.33E-15,-31.00004478515,-3.));
#141 = DIRECTION('',(0.,0.,1.));
#142 = DIRECTION('',(1.,0.,-0.));
#143 = DEFINITIONAL_REPRESENTATION('',(#144),#152);
#144 = ( BOUNDED_CURVE() B_SPLINE_CURVE(2,(#145,#146,#147,#148,#149,#150
,#151),.UNSPECIFIED.,.T.,.F.) B_SPLINE_CURVE_WITH_KNOTS((1,2,2,2,2,1),(
    -2.094395102393,0.,2.094395102393,4.188790204786,6.28318530718,
8.377580409573),.UNSPECIFIED.) CURVE() GEOMETRIC_REPRESENTATION_ITEM() 
RATIONAL_B_SPLINE_CURVE((1.,0.5,1.,0.5,1.,0.5,1.)) REPRESENTATION_ITEM(
  '') );
#145 = CARTESIAN_POINT('',(-1.81E-15,9.000044785159));
#146 = CARTESIAN_POINT('',(-15.58845726812,9.000044785159));
#147 = CARTESIAN_POINT('',(-7.79422863406,22.500044785159));
#148 = CARTESIAN_POINT('',(-1.157436423847E-14,36.000044785159));
#149 = CARTESIAN_POINT('',(7.79422863406,22.500044785159));
#150 = CARTESIAN_POINT('',(15.58845726812,9.000044785159));
#151 = CARTESIAN_POINT('',(-1.81E-15,9.000044785159));
#152 = ( GEOMETRIC_REPRESENTATION_CONTEXT(2) 
PARAMETRIC_REPRESENTATION_CONTEXT() REPRESENTATION_CONTEXT('2D SPACE',''
  ) );
#153 = ORIENTED_EDGE('',*,*,#154,.F.);
#154 = EDGE_CURVE('',#24,#122,#155,.T.);
#155 = SURFACE_CURVE('',#156,(#167,#196),.PCURVE_S1.);
#156 = B_SPLINE_CURVE_WITH_KNOTS('',3,(#157,#158,#159,#160,#161,#162,
    #163,#164,#165,#166),.UNSPECIFIED.,.F.,.F.,(4,2,2,2,4),(0.,
    0.218533093276,0.437066186552,0.570081040149,0.703095893747),
  .UNSPECIFIED.);
#157 = CARTESIAN_POINT('',(6.,-13.,-6.));
#158 = CARTESIAN_POINT('',(6.,-13.59477174493,-5.579432865901));
#159 = CARTESIAN_POINT('',(6.,-14.24844369258,-5.115553352336));
#160 = CARTESIAN_POINT('',(6.,-15.59926849477,-4.265432779149));
#161 = CARTESIAN_POINT('',(6.,-16.29886691422,-3.883083887649));
#162 = CARTESIAN_POINT('',(6.,-17.38094515281,-3.433323943611));
#163 = CARTESIAN_POINT('',(6.,-17.84176995522,-3.275289258594));
#164 = CARTESIAN_POINT('',(6.,-18.78356884268,-3.058023523547));
#165 = CARTESIAN_POINT('',(6.,-19.26482108717,-3.));
#166 = CARTESIAN_POINT('',(6.,-19.70820393249,-3.));
#167 = PCURVE('',#33,#168);
#168 = DEFINITIONAL_REPRESENTATION('',(#169),#195);
#169 = B_SPLINE_CURVE_WITH_KNOTS('',3,(#170,#171,#172,#173,#174,#175,
    #176,#177,#178,#179,#180,#181,#182,#183,#184,#185,#186,#187,#188,
    #189,#190,#191,#192,#193,#194),.UNSPECIFIED.,.F.,.F.,(4,1,1,1,1,1,1,
    1,1,1,1,1,1,1,1,1,1,1,1,1,1,1,4),(0.,3.195890426123E-02,
    6.391780852246E-02,9.587671278369E-02,0.127835617045,0.159794521306,
    0.191753425567,0.223712329829,0.25567123409,0.287630138351,
    0.319589042612,0.351547946874,0.383506851135,0.415465755396,
    0.447424659657,0.479383563918,0.51134246818,0.543301372441,
    0.575260276702,0.607219180963,0.639178085225,0.671136989486,
    0.703095893747),.QUASI_UNIFORM_KNOTS.);
#170 = CARTESIAN_POINT('',(6.28318530718,3.14159265359));
#171 = CARTESIAN_POINT('',(6.268690083161,3.121088243034));
#172 = CARTESIAN_POINT('',(6.239273336431,3.079472511813));
#173 = CARTESIAN_POINT('',(6.194185157681,3.015453738399));
#174 = CARTESIAN_POINT('',(6.148444214891,2.950076503887));
#175 = CARTESIAN_POINT('',(6.102380202495,2.883538457696));
#176 = CARTESIAN_POINT('',(6.056323874081,2.816020564917));
#177 = CARTESIAN_POINT('',(6.010594950156,2.747704751909));
#178 = CARTESIAN_POINT('',(5.965506441066,2.67874252266));
#179 = CARTESIAN_POINT('',(5.921296979353,2.609428991191));
#180 = CARTESIAN_POINT('',(5.878238901421,2.539871217933));
#181 = CARTESIAN_POINT('',(5.836579508161,2.470188728039));
#182 = CARTESIAN_POINT('',(5.796505218561,2.400532807643));
#183 = CARTESIAN_POINT('',(5.758202580506,2.331187171908));
#184 = CARTESIAN_POINT('',(5.721650756512,2.262113606643));
#185 = CARTESIAN_POINT('',(5.68740431007,2.194601104179));
#186 = CARTESIAN_POINT('',(5.65293745875,2.12348708695));
#187 = CARTESIAN_POINT('',(5.618735724357,2.049044704483));
#188 = CARTESIAN_POINT('',(5.58532352624,1.971999448164));
#189 = CARTESIAN_POINT('',(5.553099326275,1.893009400101));
#190 = CARTESIAN_POINT('',(5.52238228918,1.812729799545));
#191 = CARTESIAN_POINT('',(5.493457652453,1.731724430168));
#192 = CARTESIAN_POINT('',(5.466534652125,1.650726743259));
#193 = CARTESIAN_POINT('',(5.450003257735,1.597264049128));
#194 = CARTESIAN_POINT('',(5.442116636612,1.570796326795));
#195 = ( GEOMETRIC_REPRESENTATION_CONTEXT(2) 
PARAMETRIC_REPRESENTATION_CONTEXT() REPRESENTATION_CONTEXT('2D SPACE',''
  ) );
#196 = PCURVE('',#197,#202);
#197 = PLANE('',#198);
#198 = AXIS2_PLACEMENT_3D('',#199,#200,#201);
#199 = CARTESIAN_POINT('',(6.,0.,0.));
#200 = DIRECTION('',(1.,2.1E-16,0.));
#201 = DIRECTION('',(2.1E-16,-1.,0.));
#202 = DEFINITIONAL_REPRESENTATION('',(#203),#214);
#203 = B_SPLINE_CURVE_WITH_KNOTS('',3,(#204,#205,#206,#207,#208,#209,
    #210,#211,#212,#213),.UNSPECIFIED.,.F.,.F.,(4,2,2,2,4),(0.,
    0.218533093276,0.437066186552,0.570081040149,0.703095893747),
  .UNSPECIFIED.);
#204 = CARTESIAN_POINT('',(13.,6.));
#205 = CARTESIAN_POINT('',(13.594771744931,5.579432865901));
#206 = CARTESIAN_POINT('',(14.248443692588,5.115553352336));
#207 = CARTESIAN_POINT('',(15.599268494773,4.265432779149));
#208 = CARTESIAN_POINT('',(16.298866914227,3.883083887649));
#209 = CARTESIAN_POINT('',(17.380945152811,3.433323943611));
#210 = CARTESIAN_POINT('',(17.841769955222,3.275289258594));
#211 = CARTESIAN_POINT('',(18.783568842681,3.058023523547));
#212 = CARTESIAN_POINT('',(19.264821087174,3.));
#213 = CARTESIAN_POINT('',(19.708203932499,3.));
#214 = ( GEOMETRIC_REPRESENTATION_CONTEXT(2) 
PARAMETRIC_REPRESENTATION_CONTEXT() REPRESENTATION_CONTEXT('2D SPACE',''
  ) );
#215 = ADVANCED_FACE('',(#216),#45,.T.);
#216 = FACE_BOUND('',#217,.T.);
#217 = EDGE_LOOP('',(#218,#241,#242,#264,#295,#296,#319));
#218 = ORIENTED_EDGE('',*,*,#219,.T.);
#219 = EDGE_CURVE('',#220,#24,#222,.T.);
#220 = VERTEX_POINT('',#221);
#221 = CARTESIAN_POINT('',(6.,-13.,-3.));
#222 = SURFACE_CURVE('',#223,(#227,#234),.PCURVE_S1.);
#223 = LINE('',#224,#225);
#224 = CARTESIAN_POINT('',(6.,-13.,-3.));
#225 = VECTOR('',#226,1.);
#226 = DIRECTION('',(0.,0.,-1.));
#227 = PCURVE('',#45,#228);
#228 = DEFINITIONAL_REPRESENTATION('',(#229),#233);
#229 = LINE('',#230,#231);
#230 = CARTESIAN_POINT('',(6.28318530718,0.));
#231 = VECTOR('',#232,1.);
#232 = DIRECTION('',(0.,1.));
#233 = ( GEOMETRIC_REPRESENTATION_CONTEXT(2) 
PARAMETRIC_REPRESENTATION_CONTEXT() REPRESENTATION_CONTEXT('2D SPACE',''
  ) );
#234 = PCURVE('',#197,#235);
#235 = DEFINITIONAL_REPRESENTATION('',(#236),#240);
#236 = LINE('',#237,#238);
#237 = CARTESIAN_POINT('',(13.,3.));
#238 = VECTOR('',#239,1.);
#239 = DIRECTION('',(0.,1.));
#240 = ( GEOMETRIC_REPRESENTATION_CONTEXT(2) 
PARAMETRIC_REPRESENTATION_CONTEXT() REPRESENTATION_CONTEXT('2D SPACE',''
  ) );
#241 = ORIENTED_EDGE('',*,*,#21,.F.);
#242 = ORIENTED_EDGE('',*,*,#243,.T.);
#243 = EDGE_CURVE('',#22,#244,#246,.T.);
#244 = VERTEX_POINT('',#245);
#245 = CARTESIAN_POINT('',(-6.,-13.,-13.));
#246 = SEAM_CURVE('',#247,(#250,#257),.PCURVE_S1.);
#247 = B_SPLINE_CURVE_WITH_KNOTS('',1,(#248,#249),.UNSPECIFIED.,.F.,.F.,
  (2,2),(3.,10.),.PIECEWISE_BEZIER_KNOTS.);
#248 = CARTESIAN_POINT('',(-6.,-13.,-6.));
#249 = CARTESIAN_POINT('',(-6.,-13.,-13.));
#250 = PCURVE('',#45,#251);
#251 = DEFINITIONAL_REPRESENTATION('',(#252),#256);
#252 = LINE('',#253,#254);
#253 = CARTESIAN_POINT('',(9.424777960769,0.));
#254 = VECTOR('',#255,1.);
#255 = DIRECTION('',(0.,1.));
#256 = ( GEOMETRIC_REPRESENTATION_CONTEXT(2) 
PARAMETRIC_REPRESENTATION_CONTEXT() REPRESENTATION_CONTEXT('2D SPACE',''
  ) );
#257 = PCURVE('',#45,#258);
#258 = DEFINITIONAL_REPRESENTATION('',(#259),#263);
#259 = LINE('',#260,#261);
#260 = CARTESIAN_POINT('',(3.14159265359,0.));
#261 = VECTOR('',#262,1.);
#262 = DIRECTION('',(0.,1.));
#263 = ( GEOMETRIC_REPRESENTATION_CONTEXT(2) 
PARAMETRIC_REPRESENTATION_CONTEXT() REPRESENTATION_CONTEXT('2D SPACE',''
  ) );
#264 = ORIENTED_EDGE('',*,*,#265,.F.);
#265 = EDGE_CURVE('',#244,#244,#266,.T.);
#266 = SURFACE_CURVE('',#267,(#272,#279),.PCURVE_S1.);
#267 = CIRCLE('',#268,6.);
#268 = AXIS2_PLACEMENT_3D('',#269,#270,#271);
#269 = CARTESIAN_POINT('',(0.,-13.,-13.));
#270 = DIRECTION('',(0.,0.,-1.));
#271 = DIRECTION('',(1.,0.,0.));
#272 = PCURVE('',#45,#273);
#273 = DEFINITIONAL_REPRESENTATION('',(#274),#278);
#274 = LINE('',#275,#276);
#275 = CARTESIAN_POINT('',(0.,10.));
#276 = VECTOR('',#277,1.);
#277 = DIRECTION('',(1.,0.));
#278 = ( GEOMETRIC_REPRESENTATION_CONTEXT(2) 
PARAMETRIC_REPRESENTATION_CONTEXT() REPRESENTATION_CONTEXT('2D SPACE',''
  ) );
#279 = PCURVE('',#280,#285);
#280 = PLANE('',#281);
#281 = AXIS2_PLACEMENT_3D('',#282,#283,#284);
#282 = CARTESIAN_POINT('',(3.7E-16,-13.,-13.));
#283 = DIRECTION('',(0.,0.,1.));
#284 = DIRECTION('',(1.,0.,-0.));
#285 = DEFINITIONAL_REPRESENTATION('',(#286),#294);
#286 = ( BOUNDED_CURVE() B_SPLINE_CURVE(2,(#287,#288,#289,#290,#291,#292
,#293),.UNSPECIFIED.,.T.,.F.) B_SPLINE_CURVE_WITH_KNOTS((1,2,2,2,2,1),(
    -2.094395102393,0.,2.094395102393,4.188790204786,6.28318530718,
8.377580409573),.UNSPECIFIED.) CURVE() GEOMETRIC_REPRESENTATION_ITEM() 
RATIONAL_B_SPLINE_CURVE((1.,0.5,1.,0.5,1.,0.5,1.)) REPRESENTATION_ITEM(
  '') );
#287 = CARTESIAN_POINT('',(6.,0.));
#288 = CARTESIAN_POINT('',(6.,-10.39230484541));
#289 = CARTESIAN_POINT('',(-3.,-5.196152422707));
#290 = CARTESIAN_POINT('',(-12.,-1.469576158977E-15));
#291 = CARTESIAN_POINT('',(-3.,5.196152422707));
#292 = CARTESIAN_POINT('',(6.,10.392304845413));
#293 = CARTESIAN_POINT('',(6.,0.));
#294 = ( GEOMETRIC_REPRESENTATION_CONTEXT(2) 
PARAMETRIC_REPRESENTATION_CONTEXT() REPRESENTATION_CONTEXT('2D SPACE',''
  ) );
#295 = ORIENTED_EDGE('',*,*,#243,.F.);
#296 = ORIENTED_EDGE('',*,*,#297,.F.);
#297 = EDGE_CURVE('',#298,#22,#300,.T.);
#298 = VERTEX_POINT('',#299);
#299 = CARTESIAN_POINT('',(-6.,-13.,-3.));
#300 = SURFACE_CURVE('',#301,(#305,#312),.PCURVE_S1.);
#301 = LINE('',#302,#303);
#302 = CARTESIAN_POINT('',(-6.,-13.,-3.));
#303 = VECTOR('',#304,1.);
#304 = DIRECTION('',(0.,0.,-1.));
#305 = PCURVE('',#45,#306);
#306 = DEFINITIONAL_REPRESENTATION('',(#307),#311);
#307 = LINE('',#308,#309);
#308 = CARTESIAN_POINT('',(3.14159265359,0.));
#309 = VECTOR('',#310,1.);
#310 = DIRECTION('',(0.,1.));
#311 = ( GEOMETRIC_REPRESENTATION_CONTEXT(2) 
PARAMETRIC_REPRESENTATION_CONTEXT() REPRESENTATION_CONTEXT('2D SPACE',''
  ) );
#312 = PCURVE('',#102,#313);
#313 = DEFINITIONAL_REPRESENTATION('',(#314),#318);
#314 = LINE('',#315,#316);
#315 = CARTESIAN_POINT('',(49.,3.));
#316 = VECTOR('',#317,1.);
#317 = DIRECTION('',(0.,1.));
#318 = ( GEOMETRIC_REPRESENTATION_CONTEXT(2) 
PARAMETRIC_REPRESENTATION_CONTEXT() REPRESENTATION_CONTEXT('2D SPACE',''
  ) );
#319 = ORIENTED_EDGE('',*,*,#320,.F.);
#320 = EDGE_CURVE('',#220,#298,#321,.T.);
#321 = SURFACE_CURVE('',#322,(#327,#334),.PCURVE_S1.);
#322 = CIRCLE('',#323,6.);
#323 = AXIS2_PLACEMENT_3D('',#324,#325,#326);
#324 = CARTESIAN_POINT('',(0.,-13.,-3.));
#325 = DIRECTION('',(0.,0.,1.));
#326 = DIRECTION('',(1.,0.,-0.));
#327 = PCURVE('',#45,#328);
#328 = DEFINITIONAL_REPRESENTATION('',(#329),#333);
#329 = LINE('',#330,#331);
#330 = CARTESIAN_POINT('',(6.28318530718,0.));
#331 = VECTOR('',#332,1.);
#332 = DIRECTION('',(-1.,0.));
#333 = ( GEOMETRIC_REPRESENTATION_CONTEXT(2) 
PARAMETRIC_REPRESENTATION_CONTEXT() REPRESENTATION_CONTEXT('2D SPACE',''
  ) );
#334 = PCURVE('',#335,#340);
#335 = PLANE('',#336);
#336 = AXIS2_PLACEMENT_3D('',#337,#338,#339);
#337 = CARTESIAN_POINT('',(4.33E-15,-31.00004478515,-3.));
#338 = DIRECTION('',(0.,0.,1.));
#339 = DIRECTION('',(1.,0.,-0.));
#340 = DEFINITIONAL_REPRESENTATION('',(#341),#345);
#341 = CIRCLE('',#342,6.);
#342 = AXIS2_PLACEMENT_2D('',#343,#344);
#343 = CARTESIAN_POINT('',(-4.33E-15,18.000044785159));
#344 = DIRECTION('',(1.,0.));
#345 = ( GEOMETRIC_REPRESENTATION_CONTEXT(2) 
PARAMETRIC_REPRESENTATION_CONTEXT() REPRESENTATION_CONTEXT('2D SPACE',''
  ) );
#346 = ADVANCED_FACE('',(#347),#362,.F.);
#347 = FACE_BOUND('',#348,.F.);
#348 = EDGE_LOOP('',(#349,#385,#444,#473));
#349 = ORIENTED_EDGE('',*,*,#350,.F.);
#350 = EDGE_CURVE('',#351,#353,#355,.T.);
#351 = VERTEX_POINT('',#352);
#352 = CARTESIAN_POINT('',(6.,-13.,3.));
#353 = VERTEX_POINT('',#354);
#354 = CARTESIAN_POINT('',(-6.,-13.,3.));
#355 = SURFACE_CURVE('',#356,(#361,#373),.PCURVE_S1.);
#356 = CIRCLE('',#357,6.);
#357 = AXIS2_PLACEMENT_3D('',#358,#359,#360);
#358 = CARTESIAN_POINT('',(0.,-13.,3.));
#359 = DIRECTION('',(0.,0.,-1.));
#360 = DIRECTION('',(-6.E-17,-1.,-0.));
#361 = PCURVE('',#362,#367);
#362 = TOROIDAL_SURFACE('',#363,9.,3.);
#363 = AXIS2_PLACEMENT_3D('',#364,#365,#366);
#364 = CARTESIAN_POINT('',(0.,-13.,3.));
#365 = DIRECTION('',(0.,0.,-1.));
#366 = DIRECTION('',(-1.,0.,0.));
#367 = DEFINITIONAL_REPRESENTATION('',(#368),#372);
#368 = LINE('',#369,#370);
#369 = CARTESIAN_POINT('',(-1.570796326795,3.14159265359));
#370 = VECTOR('',#371,1.);
#371 = DIRECTION('',(1.,1.4E-16));
#372 = ( GEOMETRIC_REPRESENTATION_CONTEXT(2) 
PARAMETRIC_REPRESENTATION_CONTEXT() REPRESENTATION_CONTEXT('2D SPACE',''
  ) );
#373 = PCURVE('',#374,#379);
#374 = CYLINDRICAL_SURFACE('',#375,6.);
#375 = AXIS2_PLACEMENT_3D('',#376,#377,#378);
#376 = CARTESIAN_POINT('',(0.,-13.,0.));
#377 = DIRECTION('',(0.,0.,1.));
#378 = DIRECTION('',(-1.,0.,0.));
#379 = DEFINITIONAL_REPRESENTATION('',(#380),#384);
#380 = LINE('',#381,#382);
#381 = CARTESIAN_POINT('',(14.137166941154,3.));
#382 = VECTOR('',#383,1.);
#383 = DIRECTION('',(-1.,0.));
#384 = ( GEOMETRIC_REPRESENTATION_CONTEXT(2) 
PARAMETRIC_REPRESENTATION_CONTEXT() REPRESENTATION_CONTEXT('2D SPACE',''
  ) );
#385 = ORIENTED_EDGE('',*,*,#386,.F.);
#386 = EDGE_CURVE('',#387,#351,#389,.T.);
#387 = VERTEX_POINT('',#388);
#388 = CARTESIAN_POINT('',(6.,-19.70820393249,0.));
#389 = SURFACE_CURVE('',#390,(#401,#430),.PCURVE_S1.);
#390 = B_SPLINE_CURVE_WITH_KNOTS('',3,(#391,#392,#393,#394,#395,#396,
    #397,#398,#399,#400),.UNSPECIFIED.,.F.,.F.,(4,2,2,2,4),(
    1.700494126089,1.833508979687,1.966523833285,2.18505692656,
    2.403590019836),.UNSPECIFIED.);
#391 = CARTESIAN_POINT('',(6.,-19.70820393249,-0.));
#392 = CARTESIAN_POINT('',(6.,-19.26482108717,1.6E-16));
#393 = CARTESIAN_POINT('',(6.,-18.78356884268,5.802352354692E-02));
#394 = CARTESIAN_POINT('',(6.,-17.84176995522,0.275289258594));
#395 = CARTESIAN_POINT('',(6.,-17.38094515281,0.433323943611));
#396 = CARTESIAN_POINT('',(6.,-16.29886691422,0.883083887649));
#397 = CARTESIAN_POINT('',(6.,-15.59926849477,1.265432779149));
#398 = CARTESIAN_POINT('',(6.,-14.24844369258,2.115553352336));
#399 = CARTESIAN_POINT('',(6.,-13.59477174493,2.579432865901));
#400 = CARTESIAN_POINT('',(6.,-13.,3.));
#401 = PCURVE('',#362,#402);
#402 = DEFINITIONAL_REPRESENTATION('',(#403),#429);
#403 = B_SPLINE_CURVE_WITH_KNOTS('',3,(#404,#405,#406,#407,#408,#409,
    #410,#411,#412,#413,#414,#415,#416,#417,#418,#419,#420,#421,#422,
    #423,#424,#425,#426,#427,#428),.UNSPECIFIED.,.F.,.F.,(4,1,1,1,1,1,1,
    1,1,1,1,1,1,1,1,1,1,1,1,1,1,1,4),(1.700494126089,1.73245303035,
    1.764411934612,1.796370838873,1.828329743134,1.860288647395,
    1.892247551657,1.924206455918,1.956165360179,1.98812426444,
    2.020083168701,2.052042072963,2.084000977224,2.115959881485,
    2.147918785746,2.179877690008,2.211836594269,2.24379549853,
    2.275754402791,2.307713307053,2.339672211314,2.371631115575,
    2.403590019836),.QUASI_UNIFORM_KNOTS.);
#404 = CARTESIAN_POINT('',(3.982661324158,1.570796326795));
#405 = CARTESIAN_POINT('',(3.974774703034,1.597264049128));
#406 = CARTESIAN_POINT('',(3.958243308645,1.650726743259));
#407 = CARTESIAN_POINT('',(3.931320308316,1.731724430168));
#408 = CARTESIAN_POINT('',(3.902395671589,1.812729799545));
#409 = CARTESIAN_POINT('',(3.871678634495,1.893009400101));
#410 = CARTESIAN_POINT('',(3.839454434529,1.971999448164));
#411 = CARTESIAN_POINT('',(3.806042236412,2.049044704483));
#412 = CARTESIAN_POINT('',(3.77184050202,2.12348708695));
#413 = CARTESIAN_POINT('',(3.7373736507,2.194601104179));
#414 = CARTESIAN_POINT('',(3.703127204257,2.262113606643));
#415 = CARTESIAN_POINT('',(3.666575380264,2.331187171908));
#416 = CARTESIAN_POINT('',(3.628272742209,2.400532807643));
#417 = CARTESIAN_POINT('',(3.588198452609,2.470188728039));
#418 = CARTESIAN_POINT('',(3.546539059348,2.539871217933));
#419 = CARTESIAN_POINT('',(3.503480981416,2.609428991191));
#420 = CARTESIAN_POINT('',(3.459271519704,2.67874252266));
#421 = CARTESIAN_POINT('',(3.414183010613,2.747704751909));
#422 = CARTESIAN_POINT('',(3.368454086688,2.816020564917));
#423 = CARTESIAN_POINT('',(3.322397758275,2.883538457696));
#424 = CARTESIAN_POINT('',(3.276333745879,2.950076503887));
#425 = CARTESIAN_POINT('',(3.230592803088,3.015453738399));
#426 = CARTESIAN_POINT('',(3.185504624338,3.079472511813));
#427 = CARTESIAN_POINT('',(3.156087877609,3.121088243034));
#428 = CARTESIAN_POINT('',(3.14159265359,3.14159265359));
#429 = ( GEOMETRIC_REPRESENTATION_CONTEXT(2) 
PARAMETRIC_REPRESENTATION_CONTEXT() REPRESENTATION_CONTEXT('2D SPACE',''
  ) );
#430 = PCURVE('',#197,#431);
#431 = DEFINITIONAL_REPRESENTATION('',(#432),#443);
#432 = B_SPLINE_CURVE_WITH_KNOTS('',3,(#433,#434,#435,#436,#437,#438,
    #439,#440,#441,#442),.UNSPECIFIED.,.F.,.F.,(4,2,2,2,4),(
    1.700494126089,1.833508979687,1.966523833285,2.18505692656,
    2.403590019836),.UNSPECIFIED.);
#433 = CARTESIAN_POINT('',(19.708203932499,0.));
#434 = CARTESIAN_POINT('',(19.264821087174,-1.6E-16));
#435 = CARTESIAN_POINT('',(18.783568842681,-5.802352354692E-02));
#436 = CARTESIAN_POINT('',(17.841769955222,-0.275289258594));
#437 = CARTESIAN_POINT('',(17.380945152811,-0.433323943611));
#438 = CARTESIAN_POINT('',(16.298866914227,-0.883083887649));
#439 = CARTESIAN_POINT('',(15.599268494773,-1.265432779149));
#440 = CARTESIAN_POINT('',(14.248443692588,-2.115553352336));
#441 = CARTESIAN_POINT('',(13.594771744931,-2.579432865901));
#442 = CARTESIAN_POINT('',(13.,-3.));
#443 = ( GEOMETRIC_REPRESENTATION_CONTEXT(2) 
PARAMETRIC_REPRESENTATION_CONTEXT() REPRESENTATION_CONTEXT('2D SPACE',''
  ) );
#444 = ORIENTED_EDGE('',*,*,#445,.F.);
#445 = EDGE_CURVE('',#446,#387,#448,.T.);
#446 = VERTEX_POINT('',#447);
#447 = CARTESIAN_POINT('',(-6.,-19.70820393249,0.));
#448 = SURFACE_CURVE('',#449,(#454,#461),.PCURVE_S1.);
#449 = CIRCLE('',#450,9.);
#450 = AXIS2_PLACEMENT_3D('',#451,#452,#453);
#451 = CARTESIAN_POINT('',(0.,-13.,0.));
#452 = DIRECTION('',(0.,0.,1.));
#453 = DIRECTION('',(-6.E-17,-1.,0.));
#454 = PCURVE('',#362,#455);
#455 = DEFINITIONAL_REPRESENTATION('',(#456),#460);
#456 = LINE('',#457,#458);
#457 = CARTESIAN_POINT('',(10.995574287564,1.570796326795));
#458 = VECTOR('',#459,1.);
#459 = DIRECTION('',(-1.,-3.E-16));
#460 = ( GEOMETRIC_REPRESENTATION_CONTEXT(2) 
PARAMETRIC_REPRESENTATION_CONTEXT() REPRESENTATION_CONTEXT('2D SPACE',''
  ) );
#461 = PCURVE('',#462,#467);
#462 = PLANE('',#463);
#463 = AXIS2_PLACEMENT_3D('',#464,#465,#466);
#464 = CARTESIAN_POINT('',(4.33E-15,-31.00004478515,0.));
#465 = DIRECTION('',(0.,0.,1.));
#466 = DIRECTION('',(1.,0.,-0.));
#467 = DEFINITIONAL_REPRESENTATION('',(#468),#472);
#468 = CIRCLE('',#469,9.);
#469 = AXIS2_PLACEMENT_2D('',#470,#471);
#470 = CARTESIAN_POINT('',(-4.33E-15,18.000044785159));
#471 = DIRECTION('',(-6.E-17,-1.));
#472 = ( GEOMETRIC_REPRESENTATION_CONTEXT(2) 
PARAMETRIC_REPRESENTATION_CONTEXT() REPRESENTATION_CONTEXT('2D SPACE',''
  ) );
#473 = ORIENTED_EDGE('',*,*,#474,.F.);
#474 = EDGE_CURVE('',#353,#446,#475,.T.);
#475 = SURFACE_CURVE('',#476,(#487,#516),.PCURVE_S1.);
#476 = B_SPLINE_CURVE_WITH_KNOTS('',3,(#477,#478,#479,#480,#481,#482,
    #483,#484,#485,#486),.UNSPECIFIED.,.F.,.F.,(4,2,2,2,4),(0.,
    0.218533093276,0.437066186552,0.570081040149,0.703095893747),
  .UNSPECIFIED.);
#477 = CARTESIAN_POINT('',(-6.,-13.,3.));
#478 = CARTESIAN_POINT('',(-6.,-13.59477174493,2.579432865901));
#479 = CARTESIAN_POINT('',(-6.,-14.24844369258,2.115553352336));
#480 = CARTESIAN_POINT('',(-6.,-15.59926849477,1.265432779149));
#481 = CARTESIAN_POINT('',(-6.,-16.29886691422,0.883083887649));
#482 = CARTESIAN_POINT('',(-6.,-17.38094515281,0.433323943611));
#483 = CARTESIAN_POINT('',(-6.,-17.84176995522,0.275289258594));
#484 = CARTESIAN_POINT('',(-6.,-18.78356884268,5.802352354691E-02));
#485 = CARTESIAN_POINT('',(-6.,-19.26482108717,0.));
#486 = CARTESIAN_POINT('',(-6.,-19.70820393249,0.));
#487 = PCURVE('',#362,#488);
#488 = DEFINITIONAL_REPRESENTATION('',(#489),#515);
#489 = B_SPLINE_CURVE_WITH_KNOTS('',3,(#490,#491,#492,#493,#494,#495,
    #496,#497,#498,#499,#500,#501,#502,#503,#504,#505,#506,#507,#508,
    #509,#510,#511,#512,#513,#514),.UNSPECIFIED.,.F.,.F.,(4,1,1,1,1,1,1,
    1,1,1,1,1,1,1,1,1,1,1,1,1,1,1,4),(0.,3.195890426123E-02,
    6.391780852246E-02,9.587671278369E-02,0.127835617045,0.159794521306,
    0.191753425567,0.223712329829,0.25567123409,0.287630138351,
    0.319589042612,0.351547946874,0.383506851135,0.415465755396,
    0.447424659657,0.479383563918,0.51134246818,0.543301372441,
    0.575260276702,0.607219180963,0.639178085225,0.671136989486,
    0.703095893747),.QUASI_UNIFORM_KNOTS.);
#490 = CARTESIAN_POINT('',(6.28318530718,3.14159265359));
#491 = CARTESIAN_POINT('',(6.268690083161,3.121088243034));
#492 = CARTESIAN_POINT('',(6.239273336431,3.079472511813));
#493 = CARTESIAN_POINT('',(6.194185157681,3.015453738399));
#494 = CARTESIAN_POINT('',(6.148444214891,2.950076503887));
#495 = CARTESIAN_POINT('',(6.102380202495,2.883538457696));
#496 = CARTESIAN_POINT('',(6.056323874081,2.816020564917));
#497 = CARTESIAN_POINT('',(6.010594950156,2.747704751909));
#498 = CARTESIAN_POINT('',(5.965506441066,2.67874252266));
#499 = CARTESIAN_POINT('',(5.921296979353,2.609428991191));
#500 = CARTESIAN_POINT('',(5.878238901421,2.539871217933));
#501 = CARTESIAN_POINT('',(5.836579508161,2.470188728039));
#502 = CARTESIAN_POINT('',(5.796505218561,2.400532807643));
#503 = CARTESIAN_POINT('',(5.758202580506,2.331187171908));
#504 = CARTESIAN_POINT('',(5.721650756512,2.262113606643));
#505 = CARTESIAN_POINT('',(5.68740431007,2.194601104179));
#506 = CARTESIAN_POINT('',(5.65293745875,2.12348708695));
#507 = CARTESIAN_POINT('',(5.618735724357,2.049044704483));
#508 = CARTESIAN_POINT('',(5.58532352624,1.971999448164));
#509 = CARTESIAN_POINT('',(5.553099326275,1.893009400101));
#510 = CARTESIAN_POINT('',(5.52238228918,1.812729799545));
#511 = CARTESIAN_POINT('',(5.493457652453,1.731724430168));
#512 = CARTESIAN_POINT('',(5.466534652125,1.650726743259));
#513 = CARTESIAN_POINT('',(5.450003257735,1.597264049128));
#514 = CARTESIAN_POINT('',(5.442116636612,1.570796326795));
#515 = ( GEOMETRIC_REPRESENTATION_CONTEXT(2) 
PARAMETRIC_REPRESENTATION_CONTEXT() REPRESENTATION_CONTEXT('2D SPACE',''
  ) );
#516 = PCURVE('',#102,#517);
#517 = DEFINITIONAL_REPRESENTATION('',(#518),#529);
#518 = B_SPLINE_CURVE_WITH_KNOTS('',3,(#519,#520,#521,#522,#523,#524,
    #525,#526,#527,#528),.UNSPECIFIED.,.F.,.F.,(4,2,2,2,4),(0.,
    0.218533093276,0.437066186552,0.570081040149,0.703095893747),
  .UNSPECIFIED.);
#519 = CARTESIAN_POINT('',(49.,-3.));
#520 = CARTESIAN_POINT('',(48.405228255069,-2.579432865901));
#521 = CARTESIAN_POINT('',(47.751556307412,-2.115553352336));
#522 = CARTESIAN_POINT('',(46.400731505227,-1.265432779149));
#523 = CARTESIAN_POINT('',(45.701133085773,-0.883083887649));
#524 = CARTESIAN_POINT('',(44.61905484719,-0.433323943611));
#525 = CARTESIAN_POINT('',(44.158230044778,-0.275289258594));
#526 = CARTESIAN_POINT('',(43.216431157319,-5.802352354691E-02));
#527 = CARTESIAN_POINT('',(42.735178912826,0.));
#528 = CARTESIAN_POINT('',(42.291796067501,0.));
#529 = ( GEOMETRIC_REPRESENTATION_CONTEXT(2) 
PARAMETRIC_REPRESENTATION_CONTEXT() REPRESENTATION_CONTEXT('2D SPACE',''
  ) );
#530 = ADVANCED_FACE('',(#531),#374,.T.);
#531 = FACE_BOUND('',#532,.T.);
#532 = EDGE_LOOP('',(#533,#556,#557,#579,#606,#607,#630));
#533 = ORIENTED_EDGE('',*,*,#534,.T.);
#534 = EDGE_CURVE('',#535,#353,#537,.T.);
#535 = VERTEX_POINT('',#536);
#536 = CARTESIAN_POINT('',(-6.,-13.,0.));
#537 = SURFACE_CURVE('',#538,(#542,#549),.PCURVE_S1.);
#538 = LINE('',#539,#540);
#539 = CARTESIAN_POINT('',(-6.,-13.,0.));
#540 = VECTOR('',#541,1.);
#541 = DIRECTION('',(0.,0.,1.));
#542 = PCURVE('',#374,#543);
#543 = DEFINITIONAL_REPRESENTATION('',(#544),#548);
#544 = LINE('',#545,#546);
#545 = CARTESIAN_POINT('',(6.28318530718,0.));
#546 = VECTOR('',#547,1.);
#547 = DIRECTION('',(0.,1.));
#548 = ( GEOMETRIC_REPRESENTATION_CONTEXT(2) 
PARAMETRIC_REPRESENTATION_CONTEXT() REPRESENTATION_CONTEXT('2D SPACE',''
  ) );
#549 = PCURVE('',#102,#550);
#550 = DEFINITIONAL_REPRESENTATION('',(#551),#555);
#551 = LINE('',#552,#553);
#552 = CARTESIAN_POINT('',(49.,0.));
#553 = VECTOR('',#554,1.);
#554 = DIRECTION('',(0.,-1.));
#555 = ( GEOMETRIC_REPRESENTATION_CONTEXT(2) 
PARAMETRIC_REPRESENTATION_CONTEXT() REPRESENTATION_CONTEXT('2D SPACE',''
  ) );
#556 = ORIENTED_EDGE('',*,*,#350,.F.);
#557 = ORIENTED_EDGE('',*,*,#558,.T.);
#558 = EDGE_CURVE('',#351,#559,#561,.T.);
#559 = VERTEX_POINT('',#560);
#560 = CARTESIAN_POINT('',(6.,-13.,22.));
#561 = SEAM_CURVE('',#562,(#565,#572),.PCURVE_S1.);
#562 = B_SPLINE_CURVE_WITH_KNOTS('',1,(#563,#564),.UNSPECIFIED.,.F.,.F.,
  (2,2),(3.,22.),.PIECEWISE_BEZIER_KNOTS.);
#563 = CARTESIAN_POINT('',(6.,-13.,3.));
#564 = CARTESIAN_POINT('',(6.,-13.,22.));
#565 = PCURVE('',#374,#566);
#566 = DEFINITIONAL_REPRESENTATION('',(#567),#571);
#567 = LINE('',#568,#569);
#568 = CARTESIAN_POINT('',(9.424777960769,0.));
#569 = VECTOR('',#570,1.);
#570 = DIRECTION('',(0.,1.));
#571 = ( GEOMETRIC_REPRESENTATION_CONTEXT(2) 
PARAMETRIC_REPRESENTATION_CONTEXT() REPRESENTATION_CONTEXT('2D SPACE',''
  ) );
#572 = PCURVE('',#374,#573);
#573 = DEFINITIONAL_REPRESENTATION('',(#574),#578);
#574 = LINE('',#575,#576);
#575 = CARTESIAN_POINT('',(3.14159265359,0.));
#576 = VECTOR('',#577,1.);
#577 = DIRECTION('',(0.,1.));
#578 = ( GEOMETRIC_REPRESENTATION_CONTEXT(2) 
PARAMETRIC_REPRESENTATION_CONTEXT() REPRESENTATION_CONTEXT('2D SPACE',''
  ) );
#579 = ORIENTED_EDGE('',*,*,#580,.F.);
#580 = EDGE_CURVE('',#559,#559,#581,.T.);
#581 = SURFACE_CURVE('',#582,(#587,#594),.PCURVE_S1.);
#582 = CIRCLE('',#583,6.);
#583 = AXIS2_PLACEMENT_3D('',#584,#585,#586);
#584 = CARTESIAN_POINT('',(0.,-13.,22.));
#585 = DIRECTION('',(0.,0.,1.));
#586 = DIRECTION('',(-1.,0.,0.));
#587 = PCURVE('',#374,#588);
#588 = DEFINITIONAL_REPRESENTATION('',(#589),#593);
#589 = LINE('',#590,#591);
#590 = CARTESIAN_POINT('',(0.,22.));
#591 = VECTOR('',#592,1.);
#592 = DIRECTION('',(1.,0.));
#593 = ( GEOMETRIC_REPRESENTATION_CONTEXT(2) 
PARAMETRIC_REPRESENTATION_CONTEXT() REPRESENTATION_CONTEXT('2D SPACE',''
  ) );
#594 = PCURVE('',#595,#600);
#595 = PLANE('',#596);
#596 = AXIS2_PLACEMENT_3D('',#597,#598,#599);
#597 = CARTESIAN_POINT('',(-3.7E-16,-13.,22.));
#598 = DIRECTION('',(0.,0.,1.));
#599 = DIRECTION('',(1.,0.,-0.));
#600 = DEFINITIONAL_REPRESENTATION('',(#601),#605);
#601 = CIRCLE('',#602,6.);
#602 = AXIS2_PLACEMENT_2D('',#603,#604);
#603 = CARTESIAN_POINT('',(3.7E-16,0.));
#604 = DIRECTION('',(-1.,0.));
#605 = ( GEOMETRIC_REPRESENTATION_CONTEXT(2) 
PARAMETRIC_REPRESENTATION_CONTEXT() REPRESENTATION_CONTEXT('2D SPACE',''
  ) );
#606 = ORIENTED_EDGE('',*,*,#558,.F.);
#607 = ORIENTED_EDGE('',*,*,#608,.F.);
#608 = EDGE_CURVE('',#609,#351,#611,.T.);
#609 = VERTEX_POINT('',#610);
#610 = CARTESIAN_POINT('',(6.,-13.,0.));
#611 = SURFACE_CURVE('',#612,(#616,#623),.PCURVE_S1.);
#612 = LINE('',#613,#614);
#613 = CARTESIAN_POINT('',(6.,-13.,0.));
#614 = VECTOR('',#615,1.);
#615 = DIRECTION('',(0.,0.,1.));
#616 = PCURVE('',#374,#617);
#617 = DEFINITIONAL_REPRESENTATION('',(#618),#622);
#618 = LINE('',#619,#620);
#619 = CARTESIAN_POINT('',(3.14159265359,0.));
#620 = VECTOR('',#621,1.);
#621 = DIRECTION('',(0.,1.));
#622 = ( GEOMETRIC_REPRESENTATION_CONTEXT(2) 
PARAMETRIC_REPRESENTATION_CONTEXT() REPRESENTATION_CONTEXT('2D SPACE',''
  ) );
#623 = PCURVE('',#197,#624);
#624 = DEFINITIONAL_REPRESENTATION('',(#625),#629);
#625 = LINE('',#626,#627);
#626 = CARTESIAN_POINT('',(13.,0.));
#627 = VECTOR('',#628,1.);
#628 = DIRECTION('',(0.,-1.));
#629 = ( GEOMETRIC_REPRESENTATION_CONTEXT(2) 
PARAMETRIC_REPRESENTATION_CONTEXT() REPRESENTATION_CONTEXT('2D SPACE',''
  ) );
#630 = ORIENTED_EDGE('',*,*,#631,.F.);
#631 = EDGE_CURVE('',#535,#609,#632,.T.);
#632 = SURFACE_CURVE('',#633,(#638,#645),.PCURVE_S1.);
#633 = CIRCLE('',#634,6.);
#634 = AXIS2_PLACEMENT_3D('',#635,#636,#637);
#635 = CARTESIAN_POINT('',(0.,-13.,0.));
#636 = DIRECTION('',(0.,0.,-1.));
#637 = DIRECTION('',(-1.,0.,0.));
#638 = PCURVE('',#374,#639);
#639 = DEFINITIONAL_REPRESENTATION('',(#640),#644);
#640 = LINE('',#641,#642);
#641 = CARTESIAN_POINT('',(6.28318530718,0.));
#642 = VECTOR('',#643,1.);
#643 = DIRECTION('',(-1.,0.));
#644 = ( GEOMETRIC_REPRESENTATION_CONTEXT(2) 
PARAMETRIC_REPRESENTATION_CONTEXT() REPRESENTATION_CONTEXT('2D SPACE',''
  ) );
#645 = PCURVE('',#646,#651);
#646 = PLANE('',#647);
#647 = AXIS2_PLACEMENT_3D('',#648,#649,#650);
#648 = CARTESIAN_POINT('',(4.33E-15,-31.00004478515,0.));
#649 = DIRECTION('',(0.,0.,1.));
#650 = DIRECTION('',(1.,0.,-0.));
#651 = DEFINITIONAL_REPRESENTATION('',(#652),#660);
#652 = ( BOUNDED_CURVE() B_SPLINE_CURVE(2,(#653,#654,#655,#656,#657,#658
,#659),.UNSPECIFIED.,.T.,.F.) B_SPLINE_CURVE_WITH_KNOTS((1,2,2,2,2,1),(
    -2.094395102393,0.,2.094395102393,4.188790204786,6.28318530718,
8.377580409573),.UNSPECIFIED.) CURVE() GEOMETRIC_REPRESENTATION_ITEM() 
RATIONAL_B_SPLINE_CURVE((1.,0.5,1.,0.5,1.,0.5,1.)) REPRESENTATION_ITEM(
  '') );
#653 = CARTESIAN_POINT('',(-6.,18.000044785159));
#654 = CARTESIAN_POINT('',(-6.,28.392349630573));
#655 = CARTESIAN_POINT('',(3.,23.196197207866));
#656 = CARTESIAN_POINT('',(12.,18.000044785159));
#657 = CARTESIAN_POINT('',(3.,12.803892362453));
#658 = CARTESIAN_POINT('',(-6.,7.607739939746));
#659 = CARTESIAN_POINT('',(-6.,18.000044785159));
#660 = ( GEOMETRIC_REPRESENTATION_CONTEXT(2) 
PARAMETRIC_REPRESENTATION_CONTEXT() REPRESENTATION_CONTEXT('2D SPACE',''
  ) );
#661 = ADVANCED_FACE('',(#662),#675,.F.);
#662 = FACE_BOUND('',#663,.F.);
#663 = EDGE_LOOP('',(#664,#697,#724,#751));
#664 = ORIENTED_EDGE('',*,*,#665,.F.);
#665 = EDGE_CURVE('',#666,#666,#668,.T.);
#666 = VERTEX_POINT('',#667);
#667 = CARTESIAN_POINT('',(-5.95,-13.,-13.));
#668 = SURFACE_CURVE('',#669,(#674,#686),.PCURVE_S1.);
#669 = CIRCLE('',#670,5.95);
#670 = AXIS2_PLACEMENT_3D('',#671,#672,#673);
#671 = CARTESIAN_POINT('',(0.,-13.,-13.));
#672 = DIRECTION('',(0.,0.,-1.));
#673 = DIRECTION('',(1.,0.,0.));
#674 = PCURVE('',#675,#680);
#675 = TOROIDAL_SURFACE('',#676,5.95,2.);
#676 = AXIS2_PLACEMENT_3D('',#677,#678,#679);
#677 = CARTESIAN_POINT('',(0.,-13.,-15.));
#678 = DIRECTION('',(0.,0.,-1.));
#679 = DIRECTION('',(-1.,0.,0.));
#680 = DEFINITIONAL_REPRESENTATION('',(#681),#685);
#681 = LINE('',#682,#683);
#682 = CARTESIAN_POINT('',(-3.14159265359,4.712388980385));
#683 = VECTOR('',#684,1.);
#684 = DIRECTION('',(1.,0.));
#685 = ( GEOMETRIC_REPRESENTATION_CONTEXT(2) 
PARAMETRIC_REPRESENTATION_CONTEXT() REPRESENTATION_CONTEXT('2D SPACE',''
  ) );
#686 = PCURVE('',#280,#687);
#687 = DEFINITIONAL_REPRESENTATION('',(#688),#696);
#688 = ( BOUNDED_CURVE() B_SPLINE_CURVE(2,(#689,#690,#691,#692,#693,#694
,#695),.UNSPECIFIED.,.T.,.F.) B_SPLINE_CURVE_WITH_KNOTS((1,2,2,2,2,1),(
    -2.094395102393,0.,2.094395102393,4.188790204786,6.28318530718,
8.377580409573),.UNSPECIFIED.) CURVE() GEOMETRIC_REPRESENTATION_ITEM() 
RATIONAL_B_SPLINE_CURVE((1.,0.5,1.,0.5,1.,0.5,1.)) REPRESENTATION_ITEM(
  '') );
#689 = CARTESIAN_POINT('',(5.95,0.));
#690 = CARTESIAN_POINT('',(5.95,-10.30570230503));
#691 = CARTESIAN_POINT('',(-2.975,-5.152851152517));
#692 = CARTESIAN_POINT('',(-11.9,-1.457329690985E-15));
#693 = CARTESIAN_POINT('',(-2.975,5.152851152517));
#694 = CARTESIAN_POINT('',(5.95,10.305702305035));
#695 = CARTESIAN_POINT('',(5.95,0.));
#696 = ( GEOMETRIC_REPRESENTATION_CONTEXT(2) 
PARAMETRIC_REPRESENTATION_CONTEXT() REPRESENTATION_CONTEXT('2D SPACE',''
  ) );
#697 = ORIENTED_EDGE('',*,*,#698,.F.);
#698 = EDGE_CURVE('',#699,#666,#701,.T.);
#699 = VERTEX_POINT('',#700);
#700 = CARTESIAN_POINT('',(-3.95,-13.,-15.));
#701 = SEAM_CURVE('',#702,(#710,#717),.PCURVE_S1.);
#702 = ( BOUNDED_CURVE() B_SPLINE_CURVE(6,(#703,#704,#705,#706,#707,#708
,#709),.UNSPECIFIED.,.F.,.F.) B_SPLINE_CURVE_WITH_KNOTS((7,7),(
3.14159265359,4.712388980385),.PIECEWISE_BEZIER_KNOTS.) CURVE() 
GEOMETRIC_REPRESENTATION_ITEM() RATIONAL_B_SPLINE_CURVE((1.031393471788,
    1.010025407661,0.997924642725,0.993958444137,0.997924642725,
1.010025407661,1.031393471788)) REPRESENTATION_ITEM('') );
#703 = CARTESIAN_POINT('',(-3.95,-13.,-15.));
#704 = CARTESIAN_POINT('',(-3.95,-13.,-14.46532643369));
#705 = CARTESIAN_POINT('',(-4.120008701267,-13.,-13.94458285483));
#706 = CARTESIAN_POINT('',(-4.446160973595,-13.,-13.49616097359));
#707 = CARTESIAN_POINT('',(-4.894582854836,-13.,-13.17000870126));
#708 = CARTESIAN_POINT('',(-5.415326433694,-13.,-13.));
#709 = CARTESIAN_POINT('',(-5.95,-13.,-13.));
#710 = PCURVE('',#675,#711);
#711 = DEFINITIONAL_REPRESENTATION('',(#712),#716);
#712 = LINE('',#713,#714);
#713 = CARTESIAN_POINT('',(0.,0.));
#714 = VECTOR('',#715,1.);
#715 = DIRECTION('',(0.,1.));
#716 = ( GEOMETRIC_REPRESENTATION_CONTEXT(2) 
PARAMETRIC_REPRESENTATION_CONTEXT() REPRESENTATION_CONTEXT('2D SPACE',''
  ) );
#717 = PCURVE('',#675,#718);
#718 = DEFINITIONAL_REPRESENTATION('',(#719),#723);
#719 = LINE('',#720,#721);
#720 = CARTESIAN_POINT('',(6.28318530718,0.));
#721 = VECTOR('',#722,1.);
#722 = DIRECTION('',(0.,1.));
#723 = ( GEOMETRIC_REPRESENTATION_CONTEXT(2) 
PARAMETRIC_REPRESENTATION_CONTEXT() REPRESENTATION_CONTEXT('2D SPACE',''
  ) );
#724 = ORIENTED_EDGE('',*,*,#725,.F.);
#725 = EDGE_CURVE('',#699,#699,#726,.T.);
#726 = SURFACE_CURVE('',#727,(#732,#739),.PCURVE_S1.);
#727 = CIRCLE('',#728,3.95);
#728 = AXIS2_PLACEMENT_3D('',#729,#730,#731);
#729 = CARTESIAN_POINT('',(0.,-13.,-15.));
#730 = DIRECTION('',(0.,0.,1.));
#731 = DIRECTION('',(1.,0.,-0.));
#732 = PCURVE('',#675,#733);
#733 = DEFINITIONAL_REPRESENTATION('',(#734),#738);
#734 = LINE('',#735,#736);
#735 = CARTESIAN_POINT('',(9.424777960769,3.14159265359));
#736 = VECTOR('',#737,1.);
#737 = DIRECTION('',(-1.,0.));
#738 = ( GEOMETRIC_REPRESENTATION_CONTEXT(2) 
PARAMETRIC_REPRESENTATION_CONTEXT() REPRESENTATION_CONTEXT('2D SPACE',''
  ) );
#739 = PCURVE('',#740,#745);
#740 = CYLINDRICAL_SURFACE('',#741,3.95);
#741 = AXIS2_PLACEMENT_3D('',#742,#743,#744);
#742 = CARTESIAN_POINT('',(0.,-13.,0.));
#743 = DIRECTION('',(0.,0.,1.));
#744 = DIRECTION('',(-1.,0.,0.));
#745 = DEFINITIONAL_REPRESENTATION('',(#746),#750);
#746 = LINE('',#747,#748);
#747 = CARTESIAN_POINT('',(-3.14159265359,-15.));
#748 = VECTOR('',#749,1.);
#749 = DIRECTION('',(1.,0.));
#750 = ( GEOMETRIC_REPRESENTATION_CONTEXT(2) 
PARAMETRIC_REPRESENTATION_CONTEXT() REPRESENTATION_CONTEXT('2D SPACE',''
  ) );
#751 = ORIENTED_EDGE('',*,*,#698,.T.);
#752 = ADVANCED_FACE('',(#753,#756),#280,.F.);
#753 = FACE_BOUND('',#754,.T.);
#754 = EDGE_LOOP('',(#755));
#755 = ORIENTED_EDGE('',*,*,#265,.T.);
#756 = FACE_BOUND('',#757,.T.);
#757 = EDGE_LOOP('',(#758));
#758 = ORIENTED_EDGE('',*,*,#665,.F.);
#759 = ADVANCED_FACE('',(#760,#1319),#740,.T.);
#760 = FACE_BOUND('',#761,.T.);
#761 = EDGE_LOOP('',(#762,#797,#819,#966,#1108,#1128,#1129,#1130,#1292,
    #1293));
#762 = ORIENTED_EDGE('',*,*,#763,.F.);
#763 = EDGE_CURVE('',#764,#766,#768,.T.);
#764 = VERTEX_POINT('',#765);
#765 = CARTESIAN_POINT('',(-3.95,-13.,-30.));
#766 = VERTEX_POINT('',#767);
#767 = CARTESIAN_POINT('',(3.95,-13.,-30.));
#768 = SURFACE_CURVE('',#769,(#774,#781),.PCURVE_S1.);
#769 = CIRCLE('',#770,3.95);
#770 = AXIS2_PLACEMENT_3D('',#771,#772,#773);
#771 = CARTESIAN_POINT('',(0.,-13.,-30.));
#772 = DIRECTION('',(0.,0.,-1.));
#773 = DIRECTION('',(-1.,0.,0.));
#774 = PCURVE('',#740,#775);
#775 = DEFINITIONAL_REPRESENTATION('',(#776),#780);
#776 = LINE('',#777,#778);
#777 = CARTESIAN_POINT('',(12.566370614359,-30.));
#778 = VECTOR('',#779,1.);
#779 = DIRECTION('',(-1.,0.));
#780 = ( GEOMETRIC_REPRESENTATION_CONTEXT(2) 
PARAMETRIC_REPRESENTATION_CONTEXT() REPRESENTATION_CONTEXT('2D SPACE',''
  ) );
#781 = PCURVE('',#782,#787);
#782 = PLANE('',#783);
#783 = AXIS2_PLACEMENT_3D('',#784,#785,#786);
#784 = CARTESIAN_POINT('',(-2.7E-16,-13.,-30.));
#785 = DIRECTION('',(0.,0.,1.));
#786 = DIRECTION('',(1.,0.,-0.));
#787 = DEFINITIONAL_REPRESENTATION('',(#788),#796);
#788 = ( BOUNDED_CURVE() B_SPLINE_CURVE(2,(#789,#790,#791,#792,#793,#794
,#795),.UNSPECIFIED.,.T.,.F.) B_SPLINE_CURVE_WITH_KNOTS((1,2,2,2,2,1),(
    -2.094395102393,0.,2.094395102393,4.188790204786,6.28318530718,
8.377580409573),.UNSPECIFIED.) CURVE() GEOMETRIC_REPRESENTATION_ITEM() 
RATIONAL_B_SPLINE_CURVE((1.,0.5,1.,0.5,1.,0.5,1.)) REPRESENTATION_ITEM(
  '') );
#789 = CARTESIAN_POINT('',(-3.95,0.));
#790 = CARTESIAN_POINT('',(-3.95,6.841600689897));
#791 = CARTESIAN_POINT('',(1.975,3.420800344949));
#792 = CARTESIAN_POINT('',(7.9,9.674709713264E-16));
#793 = CARTESIAN_POINT('',(1.975,-3.420800344949));
#794 = CARTESIAN_POINT('',(-3.95,-6.841600689897));
#795 = CARTESIAN_POINT('',(-3.95,0.));
#796 = ( GEOMETRIC_REPRESENTATION_CONTEXT(2) 
PARAMETRIC_REPRESENTATION_CONTEXT() REPRESENTATION_CONTEXT('2D SPACE',''
  ) );
#797 = ORIENTED_EDGE('',*,*,#798,.T.);
#798 = EDGE_CURVE('',#764,#799,#801,.T.);
#799 = VERTEX_POINT('',#800);
#800 = CARTESIAN_POINT('',(-3.95,-13.,-21.00000073941));
#801 = SEAM_CURVE('',#802,(#805,#812),.PCURVE_S1.);
#802 = B_SPLINE_CURVE_WITH_KNOTS('',1,(#803,#804),.UNSPECIFIED.,.F.,.F.,
  (2,2),(-30.,-21.00000073941),.PIECEWISE_BEZIER_KNOTS.);
#803 = CARTESIAN_POINT('',(-3.95,-13.,-30.));
#804 = CARTESIAN_POINT('',(-3.95,-13.,-21.00000073941));
#805 = PCURVE('',#740,#806);
#806 = DEFINITIONAL_REPRESENTATION('',(#807),#811);
#807 = LINE('',#808,#809);
#808 = CARTESIAN_POINT('',(6.28318530718,0.));
#809 = VECTOR('',#810,1.);
#810 = DIRECTION('',(0.,1.));
#811 = ( GEOMETRIC_REPRESENTATION_CONTEXT(2) 
PARAMETRIC_REPRESENTATION_CONTEXT() REPRESENTATION_CONTEXT('2D SPACE',''
  ) );
#812 = PCURVE('',#740,#813);
#813 = DEFINITIONAL_REPRESENTATION('',(#814),#818);
#814 = LINE('',#815,#816);
#815 = CARTESIAN_POINT('',(0.,0.));
#816 = VECTOR('',#817,1.);
#817 = DIRECTION('',(0.,1.));
#818 = ( GEOMETRIC_REPRESENTATION_CONTEXT(2) 
PARAMETRIC_REPRESENTATION_CONTEXT() REPRESENTATION_CONTEXT('2D SPACE',''
  ) );
#819 = ORIENTED_EDGE('',*,*,#820,.T.);
#820 = EDGE_CURVE('',#799,#821,#823,.T.);
#821 = VERTEX_POINT('',#822);
#822 = CARTESIAN_POINT('',(-3.821321760857,-12.,-20.));
#823 = SURFACE_CURVE('',#824,(#859,#932),.PCURVE_S1.);
#824 = B_SPLINE_CURVE_WITH_KNOTS('',3,(#825,#826,#827,#828,#829,#830,
    #831,#832,#833,#834,#835,#836,#837,#838,#839,#840,#841,#842,#843,
    #844,#845,#846,#847,#848,#849,#850,#851,#852,#853,#854,#855,#856,
    #857,#858),.UNSPECIFIED.,.T.,.F.,(1,3,2,2,2,2,2,2,2,2,2,2,2,2,2,2,2,
    3,1),(-3.784952869573E-02,0.,3.784952869573E-02,7.569905739147E-02,
    0.113543012298,0.151386967204,0.189230922111,0.227074877017,
    0.264924405713,0.302773934409,0.340623463105,0.3784729918,
    0.416316946707,0.454160901613,0.49200485652,0.529848811426,
    0.567698340122,0.605547868818,0.643397397513),.UNSPECIFIED.);
#825 = CARTESIAN_POINT('',(-3.821321760857,-12.,-20.));
#826 = CARTESIAN_POINT('',(-3.821321760857,-12.,-19.87383490434));
#827 = CARTESIAN_POINT('',(-3.828220963881,-12.02532695652,
    -19.73965652609));
#828 = CARTESIAN_POINT('',(-3.852802535891,-12.12754608628,
    -19.49345234471));
#829 = CARTESIAN_POINT('',(-3.870093740334,-12.20441037085,
    -19.38137606677));
#830 = CARTESIAN_POINT('',(-3.902290909514,-12.38136303663,
    -19.20442340099));
#831 = CARTESIAN_POINT('',(-3.919336990018,-12.49344473385,
    -19.12754896071));
#832 = CARTESIAN_POINT('',(-3.94335238222,-12.73966815861,
    -19.02532241238));
#833 = CARTESIAN_POINT('',(-3.95,-12.87385348364,-19.));
#834 = CARTESIAN_POINT('',(-3.95,-13.12614651635,-19.));
#835 = CARTESIAN_POINT('',(-3.94335238222,-13.26033184138,
    -19.02532241238));
#836 = CARTESIAN_POINT('',(-3.919336990018,-13.50655526614,
    -19.12754896071));
#837 = CARTESIAN_POINT('',(-3.902290909514,-13.61863696337,
    -19.20442340099));
#838 = CARTESIAN_POINT('',(-3.870093740334,-13.79558962914,
    -19.38137606677));
#839 = CARTESIAN_POINT('',(-3.852802535891,-13.87245391371,
    -19.49345234471));
#840 = CARTESIAN_POINT('',(-3.828220963881,-13.97467304347,
    -19.73965652609));
#841 = CARTESIAN_POINT('',(-3.821321760857,-14.,-19.87383490434));
#842 = CARTESIAN_POINT('',(-3.821321760857,-14.,-20.12616509565));
#843 = CARTESIAN_POINT('',(-3.828220963881,-13.97467304347,
    -20.26034347391));
#844 = CARTESIAN_POINT('',(-3.852802535891,-13.87245391371,
    -20.50654765528));
#845 = CARTESIAN_POINT('',(-3.870093740334,-13.79558962914,
    -20.61862393322));
#846 = CARTESIAN_POINT('',(-3.902290909514,-13.61863696337,-20.795576599
    ));
#847 = CARTESIAN_POINT('',(-3.919336990018,-13.50655526614,
    -20.87245103928));
#848 = CARTESIAN_POINT('',(-3.94335238222,-13.26033184138,
    -20.97467758761));
#849 = CARTESIAN_POINT('',(-3.95,-13.12614651635,-21.));
#850 = CARTESIAN_POINT('',(-3.95,-12.87385348364,-21.));
#851 = CARTESIAN_POINT('',(-3.94335238222,-12.73966815861,
    -20.97467758761));
#852 = CARTESIAN_POINT('',(-3.919336990018,-12.49344473385,
    -20.87245103928));
#853 = CARTESIAN_POINT('',(-3.902290909514,-12.38136303663,-20.795576599
    ));
#854 = CARTESIAN_POINT('',(-3.870093740334,-12.20441037085,
    -20.61862393322));
#855 = CARTESIAN_POINT('',(-3.852802535891,-12.12754608628,
    -20.50654765528));
#856 = CARTESIAN_POINT('',(-3.828220963881,-12.02532695652,
    -20.26034347391));
#857 = CARTESIAN_POINT('',(-3.821321760857,-12.,-20.12616509565));
#858 = CARTESIAN_POINT('',(-3.821321760857,-12.,-20.));
#859 = PCURVE('',#740,#860);
#860 = DEFINITIONAL_REPRESENTATION('',(#861),#931);
#861 = B_SPLINE_CURVE_WITH_KNOTS('',3,(#862,#863,#864,#865,#866,#867,
    #868,#869,#870,#871,#872,#873,#874,#875,#876,#877,#878,#879,#880,
    #881,#882,#883,#884,#885,#886,#887,#888,#889,#890,#891,#892,#893,
    #894,#895,#896,#897,#898,#899,#900,#901,#902,#903,#904,#905,#906,
    #907,#908,#909,#910,#911,#912,#913,#914,#915,#916,#917,#918,#919,
    #920,#921,#922,#923,#924,#925,#926,#927,#928,#929,#930),
  .UNSPECIFIED.,.T.,.F.,(4,1,1,1,1,1,1,1,1,1,1,1,1,1,1,1,1,1,1,1,1,1,1,1
    ,1,1,1,1,1,1,1,1,1,1,1,1,1,1,1,1,1,1,1,1,1,1,1,1,1,1,1,1,1,1,1,1,1,1
    ,1,1,1,1,1,1,1,1,4),(0.,9.174967709358E-03,1.834993541872E-02,
    2.752490312807E-02,3.669987083743E-02,4.587483854679E-02,
    5.504980625615E-02,6.422477396551E-02,7.339974167487E-02,
    8.257470938422E-02,9.174967709358E-02,0.100924644803,0.110099612512,
    0.119274580222,0.128449547931,0.13762451564,0.14679948335,
    0.155974451059,0.165149418768,0.174324386478,0.183499354187,
    0.192674321897,0.201849289606,0.211024257315,0.220199225025,
    0.229374192734,0.238549160443,0.247724128153,0.256899095862,
    0.266074063571,0.275249031281,0.28442399899,0.293598966699,
    0.302773934409,0.311948902118,0.321123869828,0.330298837537,
    0.339473805246,0.348648772956,0.357823740665,0.366998708374,
    0.376173676084,0.385348643793,0.394523611502,0.403698579212,
    0.412873546921,0.42204851463,0.43122348234,0.440398450049,
    0.449573417759,0.458748385468,0.467923353177,0.477098320887,
    0.486273288596,0.495448256305,0.504623224015,0.513798191724,
    0.522973159433,0.532148127143,0.541323094852,0.550498062561,
    0.559673030271,0.56884799798,0.57802296569,0.587197933399,
    0.596372901108,0.605547868818),.UNSPECIFIED.);
#862 = CARTESIAN_POINT('',(6.02723532562,-20.));
#863 = CARTESIAN_POINT('',(6.027235351133,-19.9694167743));
#864 = CARTESIAN_POINT('',(6.02801632001,-19.90730865486));
#865 = CARTESIAN_POINT('',(6.031531633187,-19.81295234321));
#866 = CARTESIAN_POINT('',(6.037393458954,-19.71903517191));
#867 = CARTESIAN_POINT('',(6.04559903756,-19.62718200949));
#868 = CARTESIAN_POINT('',(6.056168286901,-19.53904894058));
#869 = CARTESIAN_POINT('',(6.068792682329,-19.45576172299));
#870 = CARTESIAN_POINT('',(6.083153599748,-19.37833161202));
#871 = CARTESIAN_POINT('',(6.098879326793,-19.30803256365));
#872 = CARTESIAN_POINT('',(6.115830403078,-19.24520197521));
#873 = CARTESIAN_POINT('',(6.134852755147,-19.18659378826));
#874 = CARTESIAN_POINT('',(6.155416189434,-19.13440843929));
#875 = CARTESIAN_POINT('',(6.177304009455,-19.08955851111));
#876 = CARTESIAN_POINT('',(6.200236367711,-19.05346043984));
#877 = CARTESIAN_POINT('',(6.223868491707,-19.02651032607));
#878 = CARTESIAN_POINT('',(6.247774240038,-19.00856965583));
#879 = CARTESIAN_POINT('',(6.271598379542,-18.9996266347));
#880 = CARTESIAN_POINT('',(6.294772234817,-18.9996266347));
#881 = CARTESIAN_POINT('',(6.318596374321,-19.00856965583));
#882 = CARTESIAN_POINT('',(6.342502122652,-19.02651032606));
#883 = CARTESIAN_POINT('',(6.366134246648,-19.05346043985));
#884 = CARTESIAN_POINT('',(6.389066604904,-19.08955851104));
#885 = CARTESIAN_POINT('',(6.410954424925,-19.13440843953));
#886 = CARTESIAN_POINT('',(6.431517859212,-19.18659378736));
#887 = CARTESIAN_POINT('',(6.450540211281,-19.24520197856));
#888 = CARTESIAN_POINT('',(6.467491287567,-19.30803255114));
#889 = CARTESIAN_POINT('',(6.483217014607,-19.37833165871));
#890 = CARTESIAN_POINT('',(6.497577932046,-19.45576154874));
#891 = CARTESIAN_POINT('',(6.510202327397,-19.53904959091));
#892 = CARTESIAN_POINT('',(6.520771577027,-19.62717958245));
#893 = CARTESIAN_POINT('',(6.528977154555,-19.71904422976));
#894 = CARTESIAN_POINT('',(6.534838984345,-19.81291853885));
#895 = CARTESIAN_POINT('',(6.538354282508,-19.90743481446));
#896 = CARTESIAN_POINT('',(6.539525791855,-20.));
#897 = CARTESIAN_POINT('',(6.538354282508,-20.09256518553));
#898 = CARTESIAN_POINT('',(6.534838984345,-20.18708146114));
#899 = CARTESIAN_POINT('',(6.528977154555,-20.28095577023));
#900 = CARTESIAN_POINT('',(6.520771577027,-20.37282041754));
#901 = CARTESIAN_POINT('',(6.510202327397,-20.46095040908));
#902 = CARTESIAN_POINT('',(6.497577932046,-20.54423845125));
#903 = CARTESIAN_POINT('',(6.483217014607,-20.62166834128));
#904 = CARTESIAN_POINT('',(6.467491287567,-20.69196744885));
#905 = CARTESIAN_POINT('',(6.450540211281,-20.75479802143));
#906 = CARTESIAN_POINT('',(6.431517859212,-20.81340621263));
#907 = CARTESIAN_POINT('',(6.410954424925,-20.86559156046));
#908 = CARTESIAN_POINT('',(6.389066604904,-20.91044148895));
#909 = CARTESIAN_POINT('',(6.366134246648,-20.94653956014));
#910 = CARTESIAN_POINT('',(6.342502122652,-20.97348967393));
#911 = CARTESIAN_POINT('',(6.318596374321,-20.99143034416));
#912 = CARTESIAN_POINT('',(6.294772234817,-21.00037336529));
#913 = CARTESIAN_POINT('',(6.271598379542,-21.00037336529));
#914 = CARTESIAN_POINT('',(6.247774240038,-20.99143034416));
#915 = CARTESIAN_POINT('',(6.223868491707,-20.97348967392));
#916 = CARTESIAN_POINT('',(6.200236367711,-20.94653956016));
#917 = CARTESIAN_POINT('',(6.177304009455,-20.91044148888));
#918 = CARTESIAN_POINT('',(6.155416189434,-20.8655915607));
#919 = CARTESIAN_POINT('',(6.134852755147,-20.81340621173));
#920 = CARTESIAN_POINT('',(6.115830403078,-20.75479802478));
#921 = CARTESIAN_POINT('',(6.098879326793,-20.69196743634));
#922 = CARTESIAN_POINT('',(6.083153599748,-20.62166838798));
#923 = CARTESIAN_POINT('',(6.068792682329,-20.544238277));
#924 = CARTESIAN_POINT('',(6.056168286901,-20.46095105941));
#925 = CARTESIAN_POINT('',(6.04559903756,-20.3728179905));
#926 = CARTESIAN_POINT('',(6.037393458954,-20.28096482808));
#927 = CARTESIAN_POINT('',(6.031531633187,-20.18704765678));
#928 = CARTESIAN_POINT('',(6.02801632001,-20.09269134513));
#929 = CARTESIAN_POINT('',(6.027235351133,-20.03058322569));
#930 = CARTESIAN_POINT('',(6.02723532562,-20.));
#931 = ( GEOMETRIC_REPRESENTATION_CONTEXT(2) 
PARAMETRIC_REPRESENTATION_CONTEXT() REPRESENTATION_CONTEXT('2D SPACE',''
  ) );
#932 = PCURVE('',#933,#938);
#933 = CYLINDRICAL_SURFACE('',#934,1.);
#934 = AXIS2_PLACEMENT_3D('',#935,#936,#937);
#935 = CARTESIAN_POINT('',(0.,-13.,-20.));
#936 = DIRECTION('',(1.,0.,0.));
#937 = DIRECTION('',(0.,-1.,0.));
#938 = DEFINITIONAL_REPRESENTATION('',(#939),#965);
#939 = B_SPLINE_CURVE_WITH_KNOTS('',3,(#940,#941,#942,#943,#944,#945,
    #946,#947,#948,#949,#950,#951,#952,#953,#954,#955,#956,#957,#958,
    #959,#960,#961,#962,#963,#964),.UNSPECIFIED.,.F.,.F.,(4,1,1,1,1,1,1,
    1,1,1,1,1,1,1,1,1,1,1,1,1,1,1,4),(0.454160901613,0.461042127395,
    0.467923353177,0.474804578959,0.481685804741,0.488567030523,
    0.495448256305,0.502329482087,0.509210707869,0.516091933651,
    0.522973159433,0.529854385215,0.536735610997,0.543616836779,
    0.550498062561,0.557379288344,0.564260514126,0.571141739908,
    0.57802296569,0.584904191472,0.591785417254,0.598666643036,
    0.605547868818),.QUASI_UNIFORM_KNOTS.);
#940 = CARTESIAN_POINT('',(7.853981633974,-3.95));
#941 = CARTESIAN_POINT('',(7.87691784529,-3.95));
#942 = CARTESIAN_POINT('',(7.923326971558,-3.949560441156));
#943 = CARTESIAN_POINT('',(7.994213636525,-3.947628709001));
#944 = CARTESIAN_POINT('',(8.066036697462,-3.944471506771));
#945 = CARTESIAN_POINT('',(8.13845762965,-3.940133514185));
#946 = CARTESIAN_POINT('',(8.211166382376,-3.934667746177));
#947 = CARTESIAN_POINT('',(8.283904897171,-3.92809612091));
#948 = CARTESIAN_POINT('',(8.356487919323,-3.920625789481));
#949 = CARTESIAN_POINT('',(8.428682010167,-3.912480920837));
#950 = CARTESIAN_POINT('',(8.500144695396,-3.903880094265));
#951 = CARTESIAN_POINT('',(8.570699439877,-3.895020583172));
#952 = CARTESIAN_POINT('',(8.639434863467,-3.886190474148));
#953 = CARTESIAN_POINT('',(8.708171587066,-3.8773359061));
#954 = CARTESIAN_POINT('',(8.778719506226,-3.868411804916));
#955 = CARTESIAN_POINT('',(8.850171727994,-3.859713172578));
#956 = CARTESIAN_POINT('',(8.922352116289,-3.85144456418));
#957 = CARTESIAN_POINT('',(8.99491964062,-3.843832246274));
#958 = CARTESIAN_POINT('',(9.067641696096,-3.837106086476));
#959 = CARTESIAN_POINT('',(9.140335307574,-3.831496949492));
#960 = CARTESIAN_POINT('',(9.212742832574,-3.827033105024));
#961 = CARTESIAN_POINT('',(9.284555088816,-3.823775901369));
#962 = CARTESIAN_POINT('',(9.355434466211,-3.821777820396));
#963 = CARTESIAN_POINT('',(9.401841751719,-3.821321760857));
#964 = CARTESIAN_POINT('',(9.424777960769,-3.821321760857));
#965 = ( GEOMETRIC_REPRESENTATION_CONTEXT(2) 
PARAMETRIC_REPRESENTATION_CONTEXT() REPRESENTATION_CONTEXT('2D SPACE',''
  ) );
#966 = ORIENTED_EDGE('',*,*,#967,.T.);
#967 = EDGE_CURVE('',#821,#968,#970,.T.);
#968 = VERTEX_POINT('',#969);
#969 = CARTESIAN_POINT('',(-3.95,-13.,-18.99999926058));
#970 = SURFACE_CURVE('',#971,(#1006,#1079),.PCURVE_S1.);
#971 = B_SPLINE_CURVE_WITH_KNOTS('',3,(#972,#973,#974,#975,#976,#977,
    #978,#979,#980,#981,#982,#983,#984,#985,#986,#987,#988,#989,#990,
    #991,#992,#993,#994,#995,#996,#997,#998,#999,#1000,#1001,#1002,#1003
    ,#1004,#1005),.UNSPECIFIED.,.T.,.F.,(1,3,2,2,2,2,2,2,2,2,2,2,2,2,2,2
    ,2,3,1),(-3.784952869573E-02,0.,3.784952869573E-02,
    7.569905739147E-02,0.113543012298,0.151386967204,0.189230922111,
    0.227074877017,0.264924405713,0.302773934409,0.340623463105,
    0.3784729918,0.416316946707,0.454160901613,0.49200485652,
    0.529848811426,0.567698340122,0.605547868818,0.643397397513),
  .UNSPECIFIED.);
#972 = CARTESIAN_POINT('',(-3.821321760857,-12.,-20.));
#973 = CARTESIAN_POINT('',(-3.821321760857,-12.,-19.87383490434));
#974 = CARTESIAN_POINT('',(-3.828220963881,-12.02532695652,
    -19.73965652609));
#975 = CARTESIAN_POINT('',(-3.852802535891,-12.12754608628,
    -19.49345234471));
#976 = CARTESIAN_POINT('',(-3.870093740334,-12.20441037085,
    -19.38137606677));
#977 = CARTESIAN_POINT('',(-3.902290909514,-12.38136303663,
    -19.20442340099));
#978 = CARTESIAN_POINT('',(-3.919336990018,-12.49344473385,
    -19.12754896071));
#979 = CARTESIAN_POINT('',(-3.94335238222,-12.73966815861,
    -19.02532241238));
#980 = CARTESIAN_POINT('',(-3.95,-12.87385348364,-19.));
#981 = CARTESIAN_POINT('',(-3.95,-13.12614651635,-19.));
#982 = CARTESIAN_POINT('',(-3.94335238222,-13.26033184138,
    -19.02532241238));
#983 = CARTESIAN_POINT('',(-3.919336990018,-13.50655526614,
    -19.12754896071));
#984 = CARTESIAN_POINT('',(-3.902290909514,-13.61863696337,
    -19.20442340099));
#985 = CARTESIAN_POINT('',(-3.870093740334,-13.79558962914,
    -19.38137606677));
#986 = CARTESIAN_POINT('',(-3.852802535891,-13.87245391371,
    -19.49345234471));
#987 = CARTESIAN_POINT('',(-3.828220963881,-13.97467304347,
    -19.73965652609));
#988 = CARTESIAN_POINT('',(-3.821321760857,-14.,-19.87383490434));
#989 = CARTESIAN_POINT('',(-3.821321760857,-14.,-20.12616509565));
#990 = CARTESIAN_POINT('',(-3.828220963881,-13.97467304347,
    -20.26034347391));
#991 = CARTESIAN_POINT('',(-3.852802535891,-13.87245391371,
    -20.50654765528));
#992 = CARTESIAN_POINT('',(-3.870093740334,-13.79558962914,
    -20.61862393322));
#993 = CARTESIAN_POINT('',(-3.902290909514,-13.61863696337,-20.795576599
    ));
#994 = CARTESIAN_POINT('',(-3.919336990018,-13.50655526614,
    -20.87245103928));
#995 = CARTESIAN_POINT('',(-3.94335238222,-13.26033184138,
    -20.97467758761));
#996 = CARTESIAN_POINT('',(-3.95,-13.12614651635,-21.));
#997 = CARTESIAN_POINT('',(-3.95,-12.87385348364,-21.));
#998 = CARTESIAN_POINT('',(-3.94335238222,-12.73966815861,
    -20.97467758761));
#999 = CARTESIAN_POINT('',(-3.919336990018,-12.49344473385,
    -20.87245103928));
#1000 = CARTESIAN_POINT('',(-3.902290909514,-12.38136303663,
    -20.795576599));
#1001 = CARTESIAN_POINT('',(-3.870093740334,-12.20441037085,
    -20.61862393322));
#1002 = CARTESIAN_POINT('',(-3.852802535891,-12.12754608628,
    -20.50654765528));
#1003 = CARTESIAN_POINT('',(-3.828220963881,-12.02532695652,
    -20.26034347391));
#1004 = CARTESIAN_POINT('',(-3.821321760857,-12.,-20.12616509565));
#1005 = CARTESIAN_POINT('',(-3.821321760857,-12.,-20.));
#1006 = PCURVE('',#740,#1007);
#1007 = DEFINITIONAL_REPRESENTATION('',(#1008),#1078);
#1008 = B_SPLINE_CURVE_WITH_KNOTS('',3,(#1009,#1010,#1011,#1012,#1013,
    #1014,#1015,#1016,#1017,#1018,#1019,#1020,#1021,#1022,#1023,#1024,
    #1025,#1026,#1027,#1028,#1029,#1030,#1031,#1032,#1033,#1034,#1035,
    #1036,#1037,#1038,#1039,#1040,#1041,#1042,#1043,#1044,#1045,#1046,
    #1047,#1048,#1049,#1050,#1051,#1052,#1053,#1054,#1055,#1056,#1057,
    #1058,#1059,#1060,#1061,#1062,#1063,#1064,#1065,#1066,#1067,#1068,
    #1069,#1070,#1071,#1072,#1073,#1074,#1075,#1076,#1077),
  .UNSPECIFIED.,.T.,.F.,(4,1,1,1,1,1,1,1,1,1,1,1,1,1,1,1,1,1,1,1,1,1,1,1
    ,1,1,1,1,1,1,1,1,1,1,1,1,1,1,1,1,1,1,1,1,1,1,1,1,1,1,1,1,1,1,1,1,1,1
    ,1,1,1,1,1,1,1,1,4),(0.,9.174967709358E-03,1.834993541872E-02,
    2.752490312807E-02,3.669987083743E-02,4.587483854679E-02,
    5.504980625615E-02,6.422477396551E-02,7.339974167487E-02,
    8.257470938422E-02,9.174967709358E-02,0.100924644803,0.110099612512,
    0.119274580222,0.128449547931,0.13762451564,0.14679948335,
    0.155974451059,0.165149418768,0.174324386478,0.183499354187,
    0.192674321897,0.201849289606,0.211024257315,0.220199225025,
    0.229374192734,0.238549160443,0.247724128153,0.256899095862,
    0.266074063571,0.275249031281,0.28442399899,0.293598966699,
    0.302773934409,0.311948902118,0.321123869828,0.330298837537,
    0.339473805246,0.348648772956,0.357823740665,0.366998708374,
    0.376173676084,0.385348643793,0.394523611502,0.403698579212,
    0.412873546921,0.42204851463,0.43122348234,0.440398450049,
    0.449573417759,0.458748385468,0.467923353177,0.477098320887,
    0.486273288596,0.495448256305,0.504623224015,0.513798191724,
    0.522973159433,0.532148127143,0.541323094852,0.550498062561,
    0.559673030271,0.56884799798,0.57802296569,0.587197933399,
    0.596372901108,0.605547868818),.UNSPECIFIED.);
#1009 = CARTESIAN_POINT('',(6.02723532562,-20.));
#1010 = CARTESIAN_POINT('',(6.027235351133,-19.9694167743));
#1011 = CARTESIAN_POINT('',(6.02801632001,-19.90730865486));
#1012 = CARTESIAN_POINT('',(6.031531633187,-19.81295234321));
#1013 = CARTESIAN_POINT('',(6.037393458954,-19.71903517191));
#1014 = CARTESIAN_POINT('',(6.04559903756,-19.62718200949));
#1015 = CARTESIAN_POINT('',(6.056168286901,-19.53904894058));
#1016 = CARTESIAN_POINT('',(6.068792682329,-19.45576172299));
#1017 = CARTESIAN_POINT('',(6.083153599748,-19.37833161202));
#1018 = CARTESIAN_POINT('',(6.098879326793,-19.30803256365));
#1019 = CARTESIAN_POINT('',(6.115830403078,-19.24520197521));
#1020 = CARTESIAN_POINT('',(6.134852755147,-19.18659378826));
#1021 = CARTESIAN_POINT('',(6.155416189434,-19.13440843929));
#1022 = CARTESIAN_POINT('',(6.177304009455,-19.08955851111));
#1023 = CARTESIAN_POINT('',(6.200236367711,-19.05346043984));
#1024 = CARTESIAN_POINT('',(6.223868491707,-19.02651032607));
#1025 = CARTESIAN_POINT('',(6.247774240038,-19.00856965583));
#1026 = CARTESIAN_POINT('',(6.271598379542,-18.9996266347));
#1027 = CARTESIAN_POINT('',(6.294772234817,-18.9996266347));
#1028 = CARTESIAN_POINT('',(6.318596374321,-19.00856965583));
#1029 = CARTESIAN_POINT('',(6.342502122652,-19.02651032606));
#1030 = CARTESIAN_POINT('',(6.366134246648,-19.05346043985));
#1031 = CARTESIAN_POINT('',(6.389066604904,-19.08955851104));
#1032 = CARTESIAN_POINT('',(6.410954424925,-19.13440843953));
#1033 = CARTESIAN_POINT('',(6.431517859212,-19.18659378736));
#1034 = CARTESIAN_POINT('',(6.450540211281,-19.24520197856));
#1035 = CARTESIAN_POINT('',(6.467491287567,-19.30803255114));
#1036 = CARTESIAN_POINT('',(6.483217014607,-19.37833165871));
#1037 = CARTESIAN_POINT('',(6.497577932046,-19.45576154874));
#1038 = CARTESIAN_POINT('',(6.510202327397,-19.53904959091));
#1039 = CARTESIAN_POINT('',(6.520771577027,-19.62717958245));
#1040 = CARTESIAN_POINT('',(6.528977154555,-19.71904422976));
#1041 = CARTESIAN_POINT('',(6.534838984345,-19.81291853885));
#1042 = CARTESIAN_POINT('',(6.538354282508,-19.90743481446));
#1043 = CARTESIAN_POINT('',(6.539525791855,-20.));
#1044 = CARTESIAN_POINT('',(6.538354282508,-20.09256518553));
#1045 = CARTESIAN_POINT('',(6.534838984345,-20.18708146114));
#1046 = CARTESIAN_POINT('',(6.528977154555,-20.28095577023));
#1047 = CARTESIAN_POINT('',(6.520771577027,-20.37282041754));
#1048 = CARTESIAN_POINT('',(6.510202327397,-20.46095040908));
#1049 = CARTESIAN_POINT('',(6.497577932046,-20.54423845125));
#1050 = CARTESIAN_POINT('',(6.483217014607,-20.62166834128));
#1051 = CARTESIAN_POINT('',(6.467491287567,-20.69196744885));
#1052 = CARTESIAN_POINT('',(6.450540211281,-20.75479802143));
#1053 = CARTESIAN_POINT('',(6.431517859212,-20.81340621263));
#1054 = CARTESIAN_POINT('',(6.410954424925,-20.86559156046));
#1055 = CARTESIAN_POINT('',(6.389066604904,-20.91044148895));
#1056 = CARTESIAN_POINT('',(6.366134246648,-20.94653956014));
#1057 = CARTESIAN_POINT('',(6.342502122652,-20.97348967393));
#1058 = CARTESIAN_POINT('',(6.318596374321,-20.99143034416));
#1059 = CARTESIAN_POINT('',(6.294772234817,-21.00037336529));
#1060 = CARTESIAN_POINT('',(6.271598379542,-21.00037336529));
#1061 = CARTESIAN_POINT('',(6.247774240038,-20.99143034416));
#1062 = CARTESIAN_POINT('',(6.223868491707,-20.97348967392));
#1063 = CARTESIAN_POINT('',(6.200236367711,-20.94653956016));
#1064 = CARTESIAN_POINT('',(6.177304009455,-20.91044148888));
#1065 = CARTESIAN_POINT('',(6.155416189434,-20.8655915607));
#1066 = CARTESIAN_POINT('',(6.134852755147,-20.81340621173));
#1067 = CARTESIAN_POINT('',(6.115830403078,-20.75479802478));
#1068 = CARTESIAN_POINT('',(6.098879326793,-20.69196743634));
#1069 = CARTESIAN_POINT('',(6.083153599748,-20.62166838798));
#1070 = CARTESIAN_POINT('',(6.068792682329,-20.544238277));
#1071 = CARTESIAN_POINT('',(6.056168286901,-20.46095105941));
#1072 = CARTESIAN_POINT('',(6.04559903756,-20.3728179905));
#1073 = CARTESIAN_POINT('',(6.037393458954,-20.28096482808));
#1074 = CARTESIAN_POINT('',(6.031531633187,-20.18704765678));
#1075 = CARTESIAN_POINT('',(6.02801632001,-20.09269134513));
#1076 = CARTESIAN_POINT('',(6.027235351133,-20.03058322569));
#1077 = CARTESIAN_POINT('',(6.02723532562,-20.));
#1078 = ( GEOMETRIC_REPRESENTATION_CONTEXT(2) 
PARAMETRIC_REPRESENTATION_CONTEXT() REPRESENTATION_CONTEXT('2D SPACE',''
  ) );
#1079 = PCURVE('',#933,#1080);
#1080 = DEFINITIONAL_REPRESENTATION('',(#1081),#1107);
#1081 = B_SPLINE_CURVE_WITH_KNOTS('',3,(#1082,#1083,#1084,#1085,#1086,
    #1087,#1088,#1089,#1090,#1091,#1092,#1093,#1094,#1095,#1096,#1097,
    #1098,#1099,#1100,#1101,#1102,#1103,#1104,#1105,#1106),
  .UNSPECIFIED.,.F.,.F.,(4,1,1,1,1,1,1,1,1,1,1,1,1,1,1,1,1,1,1,1,1,1,4),
  (0.,6.881225782019E-03,1.376245156404E-02,2.064367734606E-02,
    2.752490312807E-02,3.440612891009E-02,4.128735469211E-02,
    4.816858047413E-02,5.504980625615E-02,6.193103203817E-02,
    6.881225782019E-02,7.569348360221E-02,8.257470938422E-02,
    8.945593516624E-02,9.633716094826E-02,0.10321838673,0.110099612512,
    0.116980838294,0.123862064076,0.130743289858,0.13762451564,
    0.144505741422,0.151386967204),.QUASI_UNIFORM_KNOTS.);
#1082 = CARTESIAN_POINT('',(3.14159265359,-3.821321760857));
#1083 = CARTESIAN_POINT('',(3.16452886264,-3.821321760857));
#1084 = CARTESIAN_POINT('',(3.210936148148,-3.821777820396));
#1085 = CARTESIAN_POINT('',(3.281815525544,-3.823775901369));
#1086 = CARTESIAN_POINT('',(3.353627781786,-3.827033105024));
#1087 = CARTESIAN_POINT('',(3.426035306785,-3.831496949492));
#1088 = CARTESIAN_POINT('',(3.498728918264,-3.837106086476));
#1089 = CARTESIAN_POINT('',(3.571450973739,-3.843832246274));
#1090 = CARTESIAN_POINT('',(3.64401849807,-3.85144456418));
#1091 = CARTESIAN_POINT('',(3.716198886365,-3.859713172578));
#1092 = CARTESIAN_POINT('',(3.787651108133,-3.868411804916));
#1093 = CARTESIAN_POINT('',(3.858199027293,-3.8773359061));
#1094 = CARTESIAN_POINT('',(3.926935750892,-3.886190474148));
#1095 = CARTESIAN_POINT('',(3.995671174482,-3.895020583172));
#1096 = CARTESIAN_POINT('',(4.066225918964,-3.903880094265));
#1097 = CARTESIAN_POINT('',(4.137688604192,-3.912480920837));
#1098 = CARTESIAN_POINT('',(4.209882695036,-3.920625789481));
#1099 = CARTESIAN_POINT('',(4.282465717189,-3.92809612091));
#1100 = CARTESIAN_POINT('',(4.355204231983,-3.934667746177));
#1101 = CARTESIAN_POINT('',(4.427912984709,-3.940133514185));
#1102 = CARTESIAN_POINT('',(4.500333916898,-3.944471506771));
#1103 = CARTESIAN_POINT('',(4.572156977834,-3.947628709001));
#1104 = CARTESIAN_POINT('',(4.643043642801,-3.949560441156));
#1105 = CARTESIAN_POINT('',(4.689452769069,-3.95));
#1106 = CARTESIAN_POINT('',(4.712388980385,-3.95));
#1107 = ( GEOMETRIC_REPRESENTATION_CONTEXT(2) 
PARAMETRIC_REPRESENTATION_CONTEXT() REPRESENTATION_CONTEXT('2D SPACE',''
  ) );
#1108 = ORIENTED_EDGE('',*,*,#1109,.T.);
#1109 = EDGE_CURVE('',#968,#699,#1110,.T.);
#1110 = SEAM_CURVE('',#1111,(#1114,#1121),.PCURVE_S1.);
#1111 = B_SPLINE_CURVE_WITH_KNOTS('',1,(#1112,#1113),.UNSPECIFIED.,.F.,
  .F.,(2,2),(-18.99999926058,-15.),.PIECEWISE_BEZIER_KNOTS.);
#1112 = CARTESIAN_POINT('',(-3.95,-13.,-18.99999926058));
#1113 = CARTESIAN_POINT('',(-3.95,-13.,-15.));
#1114 = PCURVE('',#740,#1115);
#1115 = DEFINITIONAL_REPRESENTATION('',(#1116),#1120);
#1116 = LINE('',#1117,#1118);
#1117 = CARTESIAN_POINT('',(6.28318530718,0.));
#1118 = VECTOR('',#1119,1.);
#1119 = DIRECTION('',(0.,1.));
#1120 = ( GEOMETRIC_REPRESENTATION_CONTEXT(2) 
PARAMETRIC_REPRESENTATION_CONTEXT() REPRESENTATION_CONTEXT('2D SPACE',''
  ) );
#1121 = PCURVE('',#740,#1122);
#1122 = DEFINITIONAL_REPRESENTATION('',(#1123),#1127);
#1123 = LINE('',#1124,#1125);
#1124 = CARTESIAN_POINT('',(0.,0.));
#1125 = VECTOR('',#1126,1.);
#1126 = DIRECTION('',(0.,1.));
#1127 = ( GEOMETRIC_REPRESENTATION_CONTEXT(2) 
PARAMETRIC_REPRESENTATION_CONTEXT() REPRESENTATION_CONTEXT('2D SPACE',''
  ) );
#1128 = ORIENTED_EDGE('',*,*,#725,.F.);
#1129 = ORIENTED_EDGE('',*,*,#1109,.F.);
#1130 = ORIENTED_EDGE('',*,*,#1131,.T.);
#1131 = EDGE_CURVE('',#968,#799,#1132,.T.);
#1132 = SURFACE_CURVE('',#1133,(#1168,#1241),.PCURVE_S1.);
#1133 = B_SPLINE_CURVE_WITH_KNOTS('',3,(#1134,#1135,#1136,#1137,#1138,
    #1139,#1140,#1141,#1142,#1143,#1144,#1145,#1146,#1147,#1148,#1149,
    #1150,#1151,#1152,#1153,#1154,#1155,#1156,#1157,#1158,#1159,#1160,
    #1161,#1162,#1163,#1164,#1165,#1166,#1167),.UNSPECIFIED.,.T.,.F.,(1,
    3,2,2,2,2,2,2,2,2,2,2,2,2,2,2,2,3,1),(-3.784952869573E-02,0.,
    3.784952869573E-02,7.569905739147E-02,0.113543012298,0.151386967204,
    0.189230922111,0.227074877017,0.264924405713,0.302773934409,
    0.340623463105,0.3784729918,0.416316946707,0.454160901613,
    0.49200485652,0.529848811426,0.567698340122,0.605547868818,
    0.643397397513),.UNSPECIFIED.);
#1134 = CARTESIAN_POINT('',(-3.821321760857,-12.,-20.));
#1135 = CARTESIAN_POINT('',(-3.821321760857,-12.,-19.87383490434));
#1136 = CARTESIAN_POINT('',(-3.828220963881,-12.02532695652,
    -19.73965652609));
#1137 = CARTESIAN_POINT('',(-3.852802535891,-12.12754608628,
    -19.49345234471));
#1138 = CARTESIAN_POINT('',(-3.870093740334,-12.20441037085,
    -19.38137606677));
#1139 = CARTESIAN_POINT('',(-3.902290909514,-12.38136303663,
    -19.20442340099));
#1140 = CARTESIAN_POINT('',(-3.919336990018,-12.49344473385,
    -19.12754896071));
#1141 = CARTESIAN_POINT('',(-3.94335238222,-12.73966815861,
    -19.02532241238));
#1142 = CARTESIAN_POINT('',(-3.95,-12.87385348364,-19.));
#1143 = CARTESIAN_POINT('',(-3.95,-13.12614651635,-19.));
#1144 = CARTESIAN_POINT('',(-3.94335238222,-13.26033184138,
    -19.02532241238));
#1145 = CARTESIAN_POINT('',(-3.919336990018,-13.50655526614,
    -19.12754896071));
#1146 = CARTESIAN_POINT('',(-3.902290909514,-13.61863696337,
    -19.20442340099));
#1147 = CARTESIAN_POINT('',(-3.870093740334,-13.79558962914,
    -19.38137606677));
#1148 = CARTESIAN_POINT('',(-3.852802535891,-13.87245391371,
    -19.49345234471));
#1149 = CARTESIAN_POINT('',(-3.828220963881,-13.97467304347,
    -19.73965652609));
#1150 = CARTESIAN_POINT('',(-3.821321760857,-14.,-19.87383490434));
#1151 = CARTESIAN_POINT('',(-3.821321760857,-14.,-20.12616509565));
#1152 = CARTESIAN_POINT('',(-3.828220963881,-13.97467304347,
    -20.26034347391));
#1153 = CARTESIAN_POINT('',(-3.852802535891,-13.87245391371,
    -20.50654765528));
#1154 = CARTESIAN_POINT('',(-3.870093740334,-13.79558962914,
    -20.61862393322));
#1155 = CARTESIAN_POINT('',(-3.902290909514,-13.61863696337,
    -20.795576599));
#1156 = CARTESIAN_POINT('',(-3.919336990018,-13.50655526614,
    -20.87245103928));
#1157 = CARTESIAN_POINT('',(-3.94335238222,-13.26033184138,
    -20.97467758761));
#1158 = CARTESIAN_POINT('',(-3.95,-13.12614651635,-21.));
#1159 = CARTESIAN_POINT('',(-3.95,-12.87385348364,-21.));
#1160 = CARTESIAN_POINT('',(-3.94335238222,-12.73966815861,
    -20.97467758761));
#1161 = CARTESIAN_POINT('',(-3.919336990018,-12.49344473385,
    -20.87245103928));
#1162 = CARTESIAN_POINT('',(-3.902290909514,-12.38136303663,
    -20.795576599));
#1163 = CARTESIAN_POINT('',(-3.870093740334,-12.20441037085,
    -20.61862393322));
#1164 = CARTESIAN_POINT('',(-3.852802535891,-12.12754608628,
    -20.50654765528));
#1165 = CARTESIAN_POINT('',(-3.828220963881,-12.02532695652,
    -20.26034347391));
#1166 = CARTESIAN_POINT('',(-3.821321760857,-12.,-20.12616509565));
#1167 = CARTESIAN_POINT('',(-3.821321760857,-12.,-20.));
#1168 = PCURVE('',#740,#1169);
#1169 = DEFINITIONAL_REPRESENTATION('',(#1170),#1240);
#1170 = B_SPLINE_CURVE_WITH_KNOTS('',3,(#1171,#1172,#1173,#1174,#1175,
    #1176,#1177,#1178,#1179,#1180,#1181,#1182,#1183,#1184,#1185,#1186,
    #1187,#1188,#1189,#1190,#1191,#1192,#1193,#1194,#1195,#1196,#1197,
    #1198,#1199,#1200,#1201,#1202,#1203,#1204,#1205,#1206,#1207,#1208,
    #1209,#1210,#1211,#1212,#1213,#1214,#1215,#1216,#1217,#1218,#1219,
    #1220,#1221,#1222,#1223,#1224,#1225,#1226,#1227,#1228,#1229,#1230,
    #1231,#1232,#1233,#1234,#1235,#1236,#1237,#1238,#1239),
  .UNSPECIFIED.,.T.,.F.,(4,1,1,1,1,1,1,1,1,1,1,1,1,1,1,1,1,1,1,1,1,1,1,1
    ,1,1,1,1,1,1,1,1,1,1,1,1,1,1,1,1,1,1,1,1,1,1,1,1,1,1,1,1,1,1,1,1,1,1
    ,1,1,1,1,1,1,1,1,4),(0.,9.174967709358E-03,1.834993541872E-02,
    2.752490312807E-02,3.669987083743E-02,4.587483854679E-02,
    5.504980625615E-02,6.422477396551E-02,7.339974167487E-02,
    8.257470938422E-02,9.174967709358E-02,0.100924644803,0.110099612512,
    0.119274580222,0.128449547931,0.13762451564,0.14679948335,
    0.155974451059,0.165149418768,0.174324386478,0.183499354187,
    0.192674321897,0.201849289606,0.211024257315,0.220199225025,
    0.229374192734,0.238549160443,0.247724128153,0.256899095862,
    0.266074063571,0.275249031281,0.28442399899,0.293598966699,
    0.302773934409,0.311948902118,0.321123869828,0.330298837537,
    0.339473805246,0.348648772956,0.357823740665,0.366998708374,
    0.376173676084,0.385348643793,0.394523611502,0.403698579212,
    0.412873546921,0.42204851463,0.43122348234,0.440398450049,
    0.449573417759,0.458748385468,0.467923353177,0.477098320887,
    0.486273288596,0.495448256305,0.504623224015,0.513798191724,
    0.522973159433,0.532148127143,0.541323094852,0.550498062561,
    0.559673030271,0.56884799798,0.57802296569,0.587197933399,
    0.596372901108,0.605547868818),.UNSPECIFIED.);
#1171 = CARTESIAN_POINT('',(-0.25594998156,-20.));
#1172 = CARTESIAN_POINT('',(-0.255949956047,-19.9694167743));
#1173 = CARTESIAN_POINT('',(-0.255168987169,-19.90730865486));
#1174 = CARTESIAN_POINT('',(-0.251653673993,-19.81295234321));
#1175 = CARTESIAN_POINT('',(-0.245791848226,-19.71903517191));
#1176 = CARTESIAN_POINT('',(-0.23758626962,-19.62718200949));
#1177 = CARTESIAN_POINT('',(-0.227017020278,-19.53904894058));
#1178 = CARTESIAN_POINT('',(-0.21439262485,-19.45576172299));
#1179 = CARTESIAN_POINT('',(-0.200031707432,-19.37833161202));
#1180 = CARTESIAN_POINT('',(-0.184305980387,-19.30803256365));
#1181 = CARTESIAN_POINT('',(-0.167354904102,-19.24520197521));
#1182 = CARTESIAN_POINT('',(-0.148332552033,-19.18659378826));
#1183 = CARTESIAN_POINT('',(-0.127769117745,-19.13440843929));
#1184 = CARTESIAN_POINT('',(-0.105881297725,-19.08955851111));
#1185 = CARTESIAN_POINT('',(-8.294893946859E-02,-19.05346043984));
#1186 = CARTESIAN_POINT('',(-5.931681547288E-02,-19.02651032607));
#1187 = CARTESIAN_POINT('',(-3.541106714161E-02,-19.00856965583));
#1188 = CARTESIAN_POINT('',(-1.158692763751E-02,-18.9996266347));
#1189 = CARTESIAN_POINT('',(1.158692763752E-02,-18.9996266347));
#1190 = CARTESIAN_POINT('',(3.541106714161E-02,-19.00856965583));
#1191 = CARTESIAN_POINT('',(5.931681547289E-02,-19.02651032606));
#1192 = CARTESIAN_POINT('',(8.294893946858E-02,-19.05346043985));
#1193 = CARTESIAN_POINT('',(0.105881297725,-19.08955851104));
#1194 = CARTESIAN_POINT('',(0.127769117745,-19.13440843953));
#1195 = CARTESIAN_POINT('',(0.148332552033,-19.18659378736));
#1196 = CARTESIAN_POINT('',(0.167354904101,-19.24520197856));
#1197 = CARTESIAN_POINT('',(0.184305980388,-19.30803255114));
#1198 = CARTESIAN_POINT('',(0.200031707427,-19.37833165871));
#1199 = CARTESIAN_POINT('',(0.214392624867,-19.45576154874));
#1200 = CARTESIAN_POINT('',(0.227017020217,-19.53904959091));
#1201 = CARTESIAN_POINT('',(0.237586269848,-19.62717958245));
#1202 = CARTESIAN_POINT('',(0.245791847376,-19.71904422976));
#1203 = CARTESIAN_POINT('',(0.251653677166,-19.81291853885));
#1204 = CARTESIAN_POINT('',(0.255168975328,-19.90743481446));
#1205 = CARTESIAN_POINT('',(0.256340484676,-20.));
#1206 = CARTESIAN_POINT('',(0.255168975328,-20.09256518553));
#1207 = CARTESIAN_POINT('',(0.251653677166,-20.18708146114));
#1208 = CARTESIAN_POINT('',(0.245791847376,-20.28095577023));
#1209 = CARTESIAN_POINT('',(0.237586269848,-20.37282041754));
#1210 = CARTESIAN_POINT('',(0.227017020217,-20.46095040908));
#1211 = CARTESIAN_POINT('',(0.214392624867,-20.54423845125));
#1212 = CARTESIAN_POINT('',(0.200031707427,-20.62166834128));
#1213 = CARTESIAN_POINT('',(0.184305980388,-20.69196744885));
#1214 = CARTESIAN_POINT('',(0.167354904101,-20.75479802143));
#1215 = CARTESIAN_POINT('',(0.148332552033,-20.81340621263));
#1216 = CARTESIAN_POINT('',(0.127769117745,-20.86559156046));
#1217 = CARTESIAN_POINT('',(0.105881297725,-20.91044148895));
#1218 = CARTESIAN_POINT('',(8.294893946858E-02,-20.94653956014));
#1219 = CARTESIAN_POINT('',(5.931681547289E-02,-20.97348967393));
#1220 = CARTESIAN_POINT('',(3.541106714161E-02,-20.99143034416));
#1221 = CARTESIAN_POINT('',(1.158692763752E-02,-21.00037336529));
#1222 = CARTESIAN_POINT('',(-1.158692763752E-02,-21.00037336529));
#1223 = CARTESIAN_POINT('',(-3.541106714161E-02,-20.99143034416));
#1224 = CARTESIAN_POINT('',(-5.931681547289E-02,-20.97348967392));
#1225 = CARTESIAN_POINT('',(-8.294893946859E-02,-20.94653956016));
#1226 = CARTESIAN_POINT('',(-0.105881297725,-20.91044148888));
#1227 = CARTESIAN_POINT('',(-0.127769117745,-20.8655915607));
#1228 = CARTESIAN_POINT('',(-0.148332552033,-20.81340621173));
#1229 = CARTESIAN_POINT('',(-0.167354904102,-20.75479802478));
#1230 = CARTESIAN_POINT('',(-0.184305980387,-20.69196743634));
#1231 = CARTESIAN_POINT('',(-0.200031707432,-20.62166838798));
#1232 = CARTESIAN_POINT('',(-0.21439262485,-20.544238277));
#1233 = CARTESIAN_POINT('',(-0.227017020278,-20.46095105941));
#1234 = CARTESIAN_POINT('',(-0.23758626962,-20.3728179905));
#1235 = CARTESIAN_POINT('',(-0.245791848226,-20.28096482808));
#1236 = CARTESIAN_POINT('',(-0.251653673993,-20.18704765678));
#1237 = CARTESIAN_POINT('',(-0.255168987169,-20.09269134513));
#1238 = CARTESIAN_POINT('',(-0.255949956047,-20.03058322569));
#1239 = CARTESIAN_POINT('',(-0.25594998156,-20.));
#1240 = ( GEOMETRIC_REPRESENTATION_CONTEXT(2) 
PARAMETRIC_REPRESENTATION_CONTEXT() REPRESENTATION_CONTEXT('2D SPACE',''
  ) );
#1241 = PCURVE('',#933,#1242);
#1242 = DEFINITIONAL_REPRESENTATION('',(#1243),#1291);
#1243 = B_SPLINE_CURVE_WITH_KNOTS('',3,(#1244,#1245,#1246,#1247,#1248,
    #1249,#1250,#1251,#1252,#1253,#1254,#1255,#1256,#1257,#1258,#1259,
    #1260,#1261,#1262,#1263,#1264,#1265,#1266,#1267,#1268,#1269,#1270,
    #1271,#1272,#1273,#1274,#1275,#1276,#1277,#1278,#1279,#1280,#1281,
    #1282,#1283,#1284,#1285,#1286,#1287,#1288,#1289,#1290),
  .UNSPECIFIED.,.F.,.F.,(4,1,1,1,1,1,1,1,1,1,1,1,1,1,1,1,1,1,1,1,1,1,1,1
    ,1,1,1,1,1,1,1,1,1,1,1,1,1,1,1,1,1,1,1,1,4),(0.151386967204,
    0.158268192986,0.165149418768,0.17203064455,0.178911870332,
    0.185793096115,0.192674321897,0.199555547679,0.206436773461,
    0.213317999243,0.220199225025,0.227080450807,0.233961676589,
    0.240842902371,0.247724128153,0.254605353935,0.261486579717,
    0.268367805499,0.275249031281,0.282130257063,0.289011482845,
    0.295892708627,0.302773934409,0.309655160191,0.316536385973,
    0.323417611755,0.330298837537,0.337180063319,0.344061289101,
    0.350942514883,0.357823740665,0.364704966447,0.371586192229,
    0.378467418011,0.385348643793,0.392229869575,0.399111095357,
    0.405992321139,0.412873546921,0.419754772703,0.426635998485,
    0.433517224267,0.440398450049,0.447279675831,0.454160901613),
  .QUASI_UNIFORM_KNOTS.);
#1244 = CARTESIAN_POINT('',(4.712388980385,-3.95));
#1245 = CARTESIAN_POINT('',(4.735325191701,-3.95));
#1246 = CARTESIAN_POINT('',(4.781734317969,-3.949560441156));
#1247 = CARTESIAN_POINT('',(4.852620982935,-3.947628709001));
#1248 = CARTESIAN_POINT('',(4.924444043872,-3.944471506771));
#1249 = CARTESIAN_POINT('',(4.996864976061,-3.940133514185));
#1250 = CARTESIAN_POINT('',(5.069573728786,-3.934667746177));
#1251 = CARTESIAN_POINT('',(5.142312243581,-3.92809612091));
#1252 = CARTESIAN_POINT('',(5.214895265734,-3.920625789481));
#1253 = CARTESIAN_POINT('',(5.287089356574,-3.912480920837));
#1254 = CARTESIAN_POINT('',(5.358552041816,-3.903880094265));
#1255 = CARTESIAN_POINT('',(5.429106786251,-3.895020583172));
#1256 = CARTESIAN_POINT('',(5.497842210014,-3.886190474148));
#1257 = CARTESIAN_POINT('',(5.566578932966,-3.8773359061));
#1258 = CARTESIAN_POINT('',(5.63712685454,-3.868411804916));
#1259 = CARTESIAN_POINT('',(5.708579067298,-3.859713172578));
#1260 = CARTESIAN_POINT('',(5.78075948922,-3.85144456418));
#1261 = CARTESIAN_POINT('',(5.853326888054,-3.843832246274));
#1262 = CARTESIAN_POINT('',(5.92604941189,-3.837106086476));
#1263 = CARTESIAN_POINT('',(5.998741275424,-3.831496949492));
#1264 = CARTESIAN_POINT('',(6.071155323843,-3.827033105024));
#1265 = CARTESIAN_POINT('',(6.14294323435,-3.823775901369));
#1266 = CARTESIAN_POINT('',(6.213913471266,-3.821777820396));
#1267 = CARTESIAN_POINT('',(6.28318530718,-3.821093731088));
#1268 = CARTESIAN_POINT('',(6.352457143093,-3.821777820396));
#1269 = CARTESIAN_POINT('',(6.423427380009,-3.823775901369));
#1270 = CARTESIAN_POINT('',(6.495215290516,-3.827033105024));
#1271 = CARTESIAN_POINT('',(6.567629338935,-3.831496949492));
#1272 = CARTESIAN_POINT('',(6.640321202469,-3.837106086476));
#1273 = CARTESIAN_POINT('',(6.713043726305,-3.843832246274));
#1274 = CARTESIAN_POINT('',(6.785611125139,-3.85144456418));
#1275 = CARTESIAN_POINT('',(6.857791547061,-3.859713172578));
#1276 = CARTESIAN_POINT('',(6.929243759819,-3.868411804916));
#1277 = CARTESIAN_POINT('',(6.999791681393,-3.8773359061));
#1278 = CARTESIAN_POINT('',(7.068528404346,-3.886190474148));
#1279 = CARTESIAN_POINT('',(7.137263828109,-3.895020583172));
#1280 = CARTESIAN_POINT('',(7.207818572544,-3.903880094265));
#1281 = CARTESIAN_POINT('',(7.279281257785,-3.912480920837));
#1282 = CARTESIAN_POINT('',(7.351475348625,-3.920625789481));
#1283 = CARTESIAN_POINT('',(7.424058370779,-3.92809612091));
#1284 = CARTESIAN_POINT('',(7.496796885573,-3.934667746177));
#1285 = CARTESIAN_POINT('',(7.569505638299,-3.940133514185));
#1286 = CARTESIAN_POINT('',(7.641926570487,-3.944471506771));
#1287 = CARTESIAN_POINT('',(7.713749631424,-3.947628709001));
#1288 = CARTESIAN_POINT('',(7.784636296391,-3.949560441156));
#1289 = CARTESIAN_POINT('',(7.831045422659,-3.95));
#1290 = CARTESIAN_POINT('',(7.853981633974,-3.95));
#1291 = ( GEOMETRIC_REPRESENTATION_CONTEXT(2) 
PARAMETRIC_REPRESENTATION_CONTEXT() REPRESENTATION_CONTEXT('2D SPACE',''
  ) );
#1292 = ORIENTED_EDGE('',*,*,#798,.F.);
#1293 = ORIENTED_EDGE('',*,*,#1294,.F.);
#1294 = EDGE_CURVE('',#766,#764,#1295,.T.);
#1295 = SURFACE_CURVE('',#1296,(#1301,#1308),.PCURVE_S1.);
#1296 = CIRCLE('',#1297,3.95);
#1297 = AXIS2_PLACEMENT_3D('',#1298,#1299,#1300);
#1298 = CARTESIAN_POINT('',(0.,-13.,-30.));
#1299 = DIRECTION('',(0.,0.,-1.));
#1300 = DIRECTION('',(-1.,0.,0.));
#1301 = PCURVE('',#740,#1302);
#1302 = DEFINITIONAL_REPRESENTATION('',(#1303),#1307);
#1303 = LINE('',#1304,#1305);
#1304 = CARTESIAN_POINT('',(6.28318530718,-30.));
#1305 = VECTOR('',#1306,1.);
#1306 = DIRECTION('',(-1.,0.));
#1307 = ( GEOMETRIC_REPRESENTATION_CONTEXT(2) 
PARAMETRIC_REPRESENTATION_CONTEXT() REPRESENTATION_CONTEXT('2D SPACE',''
  ) );
#1308 = PCURVE('',#782,#1309);
#1309 = DEFINITIONAL_REPRESENTATION('',(#1310),#1318);
#1310 = ( BOUNDED_CURVE() B_SPLINE_CURVE(2,(#1311,#1312,#1313,#1314,
#1315,#1316,#1317),.UNSPECIFIED.,.T.,.F.) B_SPLINE_CURVE_WITH_KNOTS((1,2
    ,2,2,2,1),(-2.094395102393,0.,2.094395102393,4.188790204786,
6.28318530718,8.377580409573),.UNSPECIFIED.) CURVE() 
GEOMETRIC_REPRESENTATION_ITEM() RATIONAL_B_SPLINE_CURVE((1.,0.5,1.,0.5,
1.,0.5,1.)) REPRESENTATION_ITEM('') );
#1311 = CARTESIAN_POINT('',(-3.95,0.));
#1312 = CARTESIAN_POINT('',(-3.95,6.841600689897));
#1313 = CARTESIAN_POINT('',(1.975,3.420800344949));
#1314 = CARTESIAN_POINT('',(7.9,9.674709713264E-16));
#1315 = CARTESIAN_POINT('',(1.975,-3.420800344949));
#1316 = CARTESIAN_POINT('',(-3.95,-6.841600689897));
#1317 = CARTESIAN_POINT('',(-3.95,0.));
#1318 = ( GEOMETRIC_REPRESENTATION_CONTEXT(2) 
PARAMETRIC_REPRESENTATION_CONTEXT() REPRESENTATION_CONTEXT('2D SPACE',''
  ) );
#1319 = FACE_BOUND('',#1320,.T.);
#1320 = EDGE_LOOP('',(#1321));
#1321 = ORIENTED_EDGE('',*,*,#1322,.T.);
#1322 = EDGE_CURVE('',#1323,#1323,#1325,.T.);
#1323 = VERTEX_POINT('',#1324);
#1324 = CARTESIAN_POINT('',(3.821321760857,-12.,-20.));
#1325 = SURFACE_CURVE('',#1326,(#1361,#1434),.PCURVE_S1.);
#1326 = B_SPLINE_CURVE_WITH_KNOTS('',3,(#1327,#1328,#1329,#1330,#1331,
    #1332,#1333,#1334,#1335,#1336,#1337,#1338,#1339,#1340,#1341,#1342,
    #1343,#1344,#1345,#1346,#1347,#1348,#1349,#1350,#1351,#1352,#1353,
    #1354,#1355,#1356,#1357,#1358,#1359,#1360),.UNSPECIFIED.,.T.,.F.,(1,
    3,2,2,2,2,2,2,2,2,2,2,2,2,2,2,2,3,1),(-3.784952869573E-02,0.,
    3.784952869573E-02,7.569905739147E-02,0.113543012298,0.151386967204,
    0.189230922111,0.227074877017,0.264924405713,0.302773934409,
    0.340623463105,0.3784729918,0.416316946707,0.454160901613,
    0.49200485652,0.529848811426,0.567698340122,0.605547868818,
    0.643397397513),.UNSPECIFIED.);
#1327 = CARTESIAN_POINT('',(3.821321760857,-12.,-20.));
#1328 = CARTESIAN_POINT('',(3.821321760857,-12.,-20.12616509565));
#1329 = CARTESIAN_POINT('',(3.828220963881,-12.02532695652,
    -20.26034347391));
#1330 = CARTESIAN_POINT('',(3.852802535891,-12.12754608628,
    -20.50654765528));
#1331 = CARTESIAN_POINT('',(3.870093740334,-12.20441037085,
    -20.61862393322));
#1332 = CARTESIAN_POINT('',(3.902290909514,-12.38136303663,-20.795576599
    ));
#1333 = CARTESIAN_POINT('',(3.919336990018,-12.49344473385,
    -20.87245103928));
#1334 = CARTESIAN_POINT('',(3.94335238222,-12.73966815861,
    -20.97467758761));
#1335 = CARTESIAN_POINT('',(3.95,-12.87385348364,-21.));
#1336 = CARTESIAN_POINT('',(3.95,-13.12614651635,-21.));
#1337 = CARTESIAN_POINT('',(3.94335238222,-13.26033184138,
    -20.97467758761));
#1338 = CARTESIAN_POINT('',(3.919336990018,-13.50655526614,
    -20.87245103928));
#1339 = CARTESIAN_POINT('',(3.902290909514,-13.61863696337,-20.795576599
    ));
#1340 = CARTESIAN_POINT('',(3.870093740334,-13.79558962914,
    -20.61862393322));
#1341 = CARTESIAN_POINT('',(3.852802535891,-13.87245391371,
    -20.50654765528));
#1342 = CARTESIAN_POINT('',(3.828220963881,-13.97467304347,
    -20.26034347391));
#1343 = CARTESIAN_POINT('',(3.821321760857,-14.,-20.12616509565));
#1344 = CARTESIAN_POINT('',(3.821321760857,-14.,-19.87383490434));
#1345 = CARTESIAN_POINT('',(3.828220963881,-13.97467304347,
    -19.73965652609));
#1346 = CARTESIAN_POINT('',(3.852802535891,-13.87245391371,
    -19.49345234471));
#1347 = CARTESIAN_POINT('',(3.870093740334,-13.79558962914,
    -19.38137606677));
#1348 = CARTESIAN_POINT('',(3.902290909514,-13.61863696337,
    -19.20442340099));
#1349 = CARTESIAN_POINT('',(3.919336990018,-13.50655526614,
    -19.12754896071));
#1350 = CARTESIAN_POINT('',(3.94335238222,-13.26033184138,
    -19.02532241238));
#1351 = CARTESIAN_POINT('',(3.95,-13.12614651635,-19.));
#1352 = CARTESIAN_POINT('',(3.95,-12.87385348364,-19.));
#1353 = CARTESIAN_POINT('',(3.94335238222,-12.73966815861,
    -19.02532241238));
#1354 = CARTESIAN_POINT('',(3.919336990018,-12.49344473385,
    -19.12754896071));
#1355 = CARTESIAN_POINT('',(3.902290909514,-12.38136303663,
    -19.20442340099));
#1356 = CARTESIAN_POINT('',(3.870093740334,-12.20441037085,
    -19.38137606677));
#1357 = CARTESIAN_POINT('',(3.852802535891,-12.12754608628,
    -19.49345234471));
#1358 = CARTESIAN_POINT('',(3.828220963881,-12.02532695652,
    -19.73965652609));
#1359 = CARTESIAN_POINT('',(3.821321760857,-12.,-19.87383490434));
#1360 = CARTESIAN_POINT('',(3.821321760857,-12.,-20.));
#1361 = PCURVE('',#740,#1362);
#1362 = DEFINITIONAL_REPRESENTATION('',(#1363),#1433);
#1363 = B_SPLINE_CURVE_WITH_KNOTS('',3,(#1364,#1365,#1366,#1367,#1368,
    #1369,#1370,#1371,#1372,#1373,#1374,#1375,#1376,#1377,#1378,#1379,
    #1380,#1381,#1382,#1383,#1384,#1385,#1386,#1387,#1388,#1389,#1390,
    #1391,#1392,#1393,#1394,#1395,#1396,#1397,#1398,#1399,#1400,#1401,
    #1402,#1403,#1404,#1405,#1406,#1407,#1408,#1409,#1410,#1411,#1412,
    #1413,#1414,#1415,#1416,#1417,#1418,#1419,#1420,#1421,#1422,#1423,
    #1424,#1425,#1426,#1427,#1428,#1429,#1430,#1431,#1432),
  .UNSPECIFIED.,.T.,.F.,(4,1,1,1,1,1,1,1,1,1,1,1,1,1,1,1,1,1,1,1,1,1,1,1
    ,1,1,1,1,1,1,1,1,1,1,1,1,1,1,1,1,1,1,1,1,1,1,1,1,1,1,1,1,1,1,1,1,1,1
    ,1,1,1,1,1,1,1,1,4),(0.,9.174967709358E-03,1.834993541872E-02,
    2.752490312807E-02,3.669987083743E-02,4.587483854679E-02,
    5.504980625615E-02,6.422477396551E-02,7.339974167487E-02,
    8.257470938422E-02,9.174967709358E-02,0.100924644803,0.110099612512,
    0.119274580222,0.128449547931,0.13762451564,0.14679948335,
    0.155974451059,0.165149418768,0.174324386478,0.183499354187,
    0.192674321897,0.201849289606,0.211024257315,0.220199225025,
    0.229374192734,0.238549160443,0.247724128153,0.256899095862,
    0.266074063571,0.275249031281,0.28442399899,0.293598966699,
    0.302773934409,0.311948902118,0.321123869828,0.330298837537,
    0.339473805246,0.348648772956,0.357823740665,0.366998708374,
    0.376173676084,0.385348643793,0.394523611502,0.403698579212,
    0.412873546921,0.42204851463,0.43122348234,0.440398450049,
    0.449573417759,0.458748385468,0.467923353177,0.477098320887,
    0.486273288596,0.495448256305,0.504623224015,0.513798191724,
    0.522973159433,0.532148127143,0.541323094852,0.550498062561,
    0.559673030271,0.56884799798,0.57802296569,0.587197933399,
    0.596372901108,0.605547868818),.UNSPECIFIED.);
#1364 = CARTESIAN_POINT('',(3.39754263515,-20.));
#1365 = CARTESIAN_POINT('',(3.397542609637,-20.03058322569));
#1366 = CARTESIAN_POINT('',(3.396761640759,-20.09269134513));
#1367 = CARTESIAN_POINT('',(3.393246327583,-20.18704765678));
#1368 = CARTESIAN_POINT('',(3.387384501816,-20.28096482808));
#1369 = CARTESIAN_POINT('',(3.37917892321,-20.3728179905));
#1370 = CARTESIAN_POINT('',(3.368609673868,-20.46095105941));
#1371 = CARTESIAN_POINT('',(3.35598527844,-20.544238277));
#1372 = CARTESIAN_POINT('',(3.341624361021,-20.62166838798));
#1373 = CARTESIAN_POINT('',(3.325898633976,-20.69196743634));
#1374 = CARTESIAN_POINT('',(3.308947557691,-20.75479802478));
#1375 = CARTESIAN_POINT('',(3.289925205623,-20.81340621173));
#1376 = CARTESIAN_POINT('',(3.269361771335,-20.8655915607));
#1377 = CARTESIAN_POINT('',(3.247473951315,-20.91044148888));
#1378 = CARTESIAN_POINT('',(3.224541593058,-20.94653956016));
#1379 = CARTESIAN_POINT('',(3.200909469063,-20.97348967392));
#1380 = CARTESIAN_POINT('',(3.177003720731,-20.99143034416));
#1381 = CARTESIAN_POINT('',(3.153179581227,-21.00037336529));
#1382 = CARTESIAN_POINT('',(3.130005725952,-21.00037336529));
#1383 = CARTESIAN_POINT('',(3.106181586448,-20.99143034416));
#1384 = CARTESIAN_POINT('',(3.082275838117,-20.97348967393));
#1385 = CARTESIAN_POINT('',(3.058643714121,-20.94653956014));
#1386 = CARTESIAN_POINT('',(3.035711355865,-20.91044148895));
#1387 = CARTESIAN_POINT('',(3.013823535845,-20.86559156046));
#1388 = CARTESIAN_POINT('',(2.993260101557,-20.81340621263));
#1389 = CARTESIAN_POINT('',(2.974237749489,-20.75479802143));
#1390 = CARTESIAN_POINT('',(2.957286673202,-20.69196744885));
#1391 = CARTESIAN_POINT('',(2.941560946163,-20.62166834128));
#1392 = CARTESIAN_POINT('',(2.927200028723,-20.54423845125));
#1393 = CARTESIAN_POINT('',(2.914575633373,-20.46095040908));
#1394 = CARTESIAN_POINT('',(2.904006383742,-20.37282041754));
#1395 = CARTESIAN_POINT('',(2.895800806214,-20.28095577023));
#1396 = CARTESIAN_POINT('',(2.889938976424,-20.18708146114));
#1397 = CARTESIAN_POINT('',(2.886423678261,-20.09256518553));
#1398 = CARTESIAN_POINT('',(2.885252168914,-20.));
#1399 = CARTESIAN_POINT('',(2.886423678261,-19.90743481446));
#1400 = CARTESIAN_POINT('',(2.889938976424,-19.81291853885));
#1401 = CARTESIAN_POINT('',(2.895800806214,-19.71904422976));
#1402 = CARTESIAN_POINT('',(2.904006383742,-19.62717958245));
#1403 = CARTESIAN_POINT('',(2.914575633373,-19.53904959091));
#1404 = CARTESIAN_POINT('',(2.927200028723,-19.45576154874));
#1405 = CARTESIAN_POINT('',(2.941560946163,-19.37833165871));
#1406 = CARTESIAN_POINT('',(2.957286673202,-19.30803255114));
#1407 = CARTESIAN_POINT('',(2.974237749489,-19.24520197856));
#1408 = CARTESIAN_POINT('',(2.993260101557,-19.18659378736));
#1409 = CARTESIAN_POINT('',(3.013823535845,-19.13440843953));
#1410 = CARTESIAN_POINT('',(3.035711355865,-19.08955851104));
#1411 = CARTESIAN_POINT('',(3.058643714121,-19.05346043985));
#1412 = CARTESIAN_POINT('',(3.082275838117,-19.02651032606));
#1413 = CARTESIAN_POINT('',(3.106181586448,-19.00856965583));
#1414 = CARTESIAN_POINT('',(3.130005725952,-18.9996266347));
#1415 = CARTESIAN_POINT('',(3.153179581227,-18.9996266347));
#1416 = CARTESIAN_POINT('',(3.177003720731,-19.00856965583));
#1417 = CARTESIAN_POINT('',(3.200909469063,-19.02651032607));
#1418 = CARTESIAN_POINT('',(3.224541593058,-19.05346043984));
#1419 = CARTESIAN_POINT('',(3.247473951315,-19.08955851111));
#1420 = CARTESIAN_POINT('',(3.269361771335,-19.13440843929));
#1421 = CARTESIAN_POINT('',(3.289925205623,-19.18659378826));
#1422 = CARTESIAN_POINT('',(3.308947557691,-19.24520197521));
#1423 = CARTESIAN_POINT('',(3.325898633976,-19.30803256365));
#1424 = CARTESIAN_POINT('',(3.341624361021,-19.37833161202));
#1425 = CARTESIAN_POINT('',(3.35598527844,-19.45576172299));
#1426 = CARTESIAN_POINT('',(3.368609673868,-19.53904894058));
#1427 = CARTESIAN_POINT('',(3.37917892321,-19.62718200949));
#1428 = CARTESIAN_POINT('',(3.387384501816,-19.71903517191));
#1429 = CARTESIAN_POINT('',(3.393246327583,-19.81295234321));
#1430 = CARTESIAN_POINT('',(3.396761640759,-19.90730865486));
#1431 = CARTESIAN_POINT('',(3.397542609637,-19.9694167743));
#1432 = CARTESIAN_POINT('',(3.39754263515,-20.));
#1433 = ( GEOMETRIC_REPRESENTATION_CONTEXT(2) 
PARAMETRIC_REPRESENTATION_CONTEXT() REPRESENTATION_CONTEXT('2D SPACE',''
  ) );
#1434 = PCURVE('',#933,#1435);
#1435 = DEFINITIONAL_REPRESENTATION('',(#1436),#1506);
#1436 = B_SPLINE_CURVE_WITH_KNOTS('',3,(#1437,#1438,#1439,#1440,#1441,
    #1442,#1443,#1444,#1445,#1446,#1447,#1448,#1449,#1450,#1451,#1452,
    #1453,#1454,#1455,#1456,#1457,#1458,#1459,#1460,#1461,#1462,#1463,
    #1464,#1465,#1466,#1467,#1468,#1469,#1470,#1471,#1472,#1473,#1474,
    #1475,#1476,#1477,#1478,#1479,#1480,#1481,#1482,#1483,#1484,#1485,
    #1486,#1487,#1488,#1489,#1490,#1491,#1492,#1493,#1494,#1495,#1496,
    #1497,#1498,#1499,#1500,#1501,#1502,#1503,#1504,#1505),
  .UNSPECIFIED.,.F.,.F.,(4,1,1,1,1,1,1,1,1,1,1,1,1,1,1,1,1,1,1,1,1,1,1,1
    ,1,1,1,1,1,1,1,1,1,1,1,1,1,1,1,1,1,1,1,1,1,1,1,1,1,1,1,1,1,1,1,1,1,1
    ,1,1,1,1,1,1,1,1,4),(0.,9.174967709358E-03,1.834993541872E-02,
    2.752490312807E-02,3.669987083743E-02,4.587483854679E-02,
    5.504980625615E-02,6.422477396551E-02,7.339974167487E-02,
    8.257470938422E-02,9.174967709358E-02,0.100924644803,0.110099612512,
    0.119274580222,0.128449547931,0.13762451564,0.14679948335,
    0.155974451059,0.165149418768,0.174324386478,0.183499354187,
    0.192674321897,0.201849289606,0.211024257315,0.220199225025,
    0.229374192734,0.238549160443,0.247724128153,0.256899095862,
    0.266074063571,0.275249031281,0.28442399899,0.293598966699,
    0.302773934409,0.311948902118,0.321123869828,0.330298837537,
    0.339473805246,0.348648772956,0.357823740665,0.366998708374,
    0.376173676084,0.385348643793,0.394523611502,0.403698579212,
    0.412873546921,0.42204851463,0.43122348234,0.440398450049,
    0.449573417759,0.458748385468,0.467923353177,0.477098320887,
    0.486273288596,0.495448256305,0.504623224015,0.513798191724,
    0.522973159433,0.532148127143,0.541323094852,0.550498062561,
    0.559673030271,0.56884799798,0.57802296569,0.587197933399,
    0.596372901108,0.605547868818),.UNSPECIFIED.);
#1437 = CARTESIAN_POINT('',(9.424777960769,3.821321760857));
#1438 = CARTESIAN_POINT('',(9.394196201028,3.821321760857));
#1439 = CARTESIAN_POINT('',(9.33208287939,3.822132495026));
#1440 = CARTESIAN_POINT('',(9.236854298752,3.8256525997));
#1441 = CARTESIAN_POINT('',(9.140370188494,3.831345915815));
#1442 = CARTESIAN_POINT('',(9.043390706241,3.83909072651));
#1443 = CARTESIAN_POINT('',(8.946469807832,3.848731607339));
#1444 = CARTESIAN_POINT('',(8.850096964765,3.859654431719));
#1445 = CARTESIAN_POINT('',(8.754900867597,3.871359725192));
#1446 = CARTESIAN_POINT('',(8.66194439655,3.883278718922));
#1447 = CARTESIAN_POINT('',(8.570982376871,3.895010877879));
#1448 = CARTESIAN_POINT('',(8.476503414336,3.906830670663));
#1449 = CARTESIAN_POINT('',(8.380685662916,3.918050569994));
#1450 = CARTESIAN_POINT('',(8.28392059138,3.928216695933));
#1451 = CARTESIAN_POINT('',(8.186905861944,3.936760665571));
#1452 = CARTESIAN_POINT('',(8.090057172855,3.943303595938));
#1453 = CARTESIAN_POINT('',(7.994115739405,3.947787393984));
#1454 = CARTESIAN_POINT('',(7.899698084643,3.950093612054));
#1455 = CARTESIAN_POINT('',(7.808265183306,3.950093612054));
#1456 = CARTESIAN_POINT('',(7.713847528543,3.947787393984));
#1457 = CARTESIAN_POINT('',(7.617906095098,3.943303595938));
#1458 = CARTESIAN_POINT('',(7.521057405987,3.936760665571));
#1459 = CARTESIAN_POINT('',(7.424042676634,3.928216695933));
#1460 = CARTESIAN_POINT('',(7.327277604791,3.918050569994));
#1461 = CARTESIAN_POINT('',(7.231459854519,3.906830670663));
#1462 = CARTESIAN_POINT('',(7.136980887697,3.895010877879));
#1463 = CARTESIAN_POINT('',(7.046018884018,3.883278718922));
#1464 = CARTESIAN_POINT('',(6.953062353258,3.871359725192));
#1465 = CARTESIAN_POINT('',(6.857866478943,3.859654431719));
#1466 = CARTESIAN_POINT('',(6.761492804175,3.848731607339));
#1467 = CARTESIAN_POINT('',(6.664575009717,3.83909072651));
#1468 = CARTESIAN_POINT('',(6.567583943362,3.831345915815));
#1469 = CARTESIAN_POINT('',(6.471143065561,3.8256525997));
#1470 = CARTESIAN_POINT('',(6.375753139199,3.822132495026));
#1471 = CARTESIAN_POINT('',(6.28318530718,3.820916393772));
#1472 = CARTESIAN_POINT('',(6.19061747516,3.822132495026));
#1473 = CARTESIAN_POINT('',(6.095227548799,3.8256525997));
#1474 = CARTESIAN_POINT('',(5.998786670997,3.831345915815));
#1475 = CARTESIAN_POINT('',(5.901795604642,3.83909072651));
#1476 = CARTESIAN_POINT('',(5.804877810185,3.848731607339));
#1477 = CARTESIAN_POINT('',(5.708504135416,3.859654431719));
#1478 = CARTESIAN_POINT('',(5.613308261101,3.871359725192));
#1479 = CARTESIAN_POINT('',(5.520351730342,3.883278718922));
#1480 = CARTESIAN_POINT('',(5.429389726663,3.895010877879));
#1481 = CARTESIAN_POINT('',(5.33491075984,3.906830670663));
#1482 = CARTESIAN_POINT('',(5.239093009569,3.918050569994));
#1483 = CARTESIAN_POINT('',(5.142327937726,3.928216695933));
#1484 = CARTESIAN_POINT('',(5.045313208372,3.936760665571));
#1485 = CARTESIAN_POINT('',(4.948464519261,3.943303595938));
#1486 = CARTESIAN_POINT('',(4.852523085817,3.947787393984));
#1487 = CARTESIAN_POINT('',(4.758105431053,3.950093612054));
#1488 = CARTESIAN_POINT('',(4.666672529716,3.950093612054));
#1489 = CARTESIAN_POINT('',(4.572254874954,3.947787393984));
#1490 = CARTESIAN_POINT('',(4.476313441504,3.943303595938));
#1491 = CARTESIAN_POINT('',(4.379464752415,3.936760665571));
#1492 = CARTESIAN_POINT('',(4.282450022979,3.928216695933));
#1493 = CARTESIAN_POINT('',(4.185684951444,3.918050569994));
#1494 = CARTESIAN_POINT('',(4.089867200023,3.906830670663));
#1495 = CARTESIAN_POINT('',(3.995388237488,3.895010877879));
#1496 = CARTESIAN_POINT('',(3.904426217809,3.883278718922));
#1497 = CARTESIAN_POINT('',(3.811469746762,3.871359725192));
#1498 = CARTESIAN_POINT('',(3.716273649594,3.859654431719));
#1499 = CARTESIAN_POINT('',(3.619900806527,3.848731607339));
#1500 = CARTESIAN_POINT('',(3.522979908119,3.83909072651));
#1501 = CARTESIAN_POINT('',(3.426000425866,3.831345915815));
#1502 = CARTESIAN_POINT('',(3.329516315607,3.8256525997));
#1503 = CARTESIAN_POINT('',(3.23428773497,3.822132495026));
#1504 = CARTESIAN_POINT('',(3.172174413331,3.821321760857));
#1505 = CARTESIAN_POINT('',(3.14159265359,3.821321760857));
#1506 = ( GEOMETRIC_REPRESENTATION_CONTEXT(2) 
PARAMETRIC_REPRESENTATION_CONTEXT() REPRESENTATION_CONTEXT('2D SPACE',''
  ) );
#1507 = ADVANCED_FACE('',(#1508),#933,.F.);
#1508 = FACE_BOUND('',#1509,.F.);
#1509 = EDGE_LOOP('',(#1510,#1511,#1531,#1532,#1533,#1534));
#1510 = ORIENTED_EDGE('',*,*,#1322,.T.);
#1511 = ORIENTED_EDGE('',*,*,#1512,.F.);
#1512 = EDGE_CURVE('',#821,#1323,#1513,.T.);
#1513 = SEAM_CURVE('',#1514,(#1517,#1524),.PCURVE_S1.);
#1514 = B_SPLINE_CURVE_WITH_KNOTS('',1,(#1515,#1516),.UNSPECIFIED.,.F.,
  .F.,(2,2),(-3.821321760857,3.821321760857),.PIECEWISE_BEZIER_KNOTS.);
#1515 = CARTESIAN_POINT('',(-3.821321760857,-12.,-20.));
#1516 = CARTESIAN_POINT('',(3.821321760857,-12.,-20.));
#1517 = PCURVE('',#933,#1518);
#1518 = DEFINITIONAL_REPRESENTATION('',(#1519),#1523);
#1519 = LINE('',#1520,#1521);
#1520 = CARTESIAN_POINT('',(3.14159265359,0.));
#1521 = VECTOR('',#1522,1.);
#1522 = DIRECTION('',(0.,1.));
#1523 = ( GEOMETRIC_REPRESENTATION_CONTEXT(2) 
PARAMETRIC_REPRESENTATION_CONTEXT() REPRESENTATION_CONTEXT('2D SPACE',''
  ) );
#1524 = PCURVE('',#933,#1525);
#1525 = DEFINITIONAL_REPRESENTATION('',(#1526),#1530);
#1526 = LINE('',#1527,#1528);
#1527 = CARTESIAN_POINT('',(9.424777960769,0.));
#1528 = VECTOR('',#1529,1.);
#1529 = DIRECTION('',(0.,1.));
#1530 = ( GEOMETRIC_REPRESENTATION_CONTEXT(2) 
PARAMETRIC_REPRESENTATION_CONTEXT() REPRESENTATION_CONTEXT('2D SPACE',''
  ) );
#1531 = ORIENTED_EDGE('',*,*,#967,.T.);
#1532 = ORIENTED_EDGE('',*,*,#1131,.T.);
#1533 = ORIENTED_EDGE('',*,*,#820,.T.);
#1534 = ORIENTED_EDGE('',*,*,#1512,.T.);
#1535 = ADVANCED_FACE('',(#1536,#1616),#138,.F.);
#1536 = FACE_BOUND('',#1537,.T.);
#1537 = EDGE_LOOP('',(#1538,#1539,#1562,#1595));
#1538 = ORIENTED_EDGE('',*,*,#121,.F.);
#1539 = ORIENTED_EDGE('',*,*,#1540,.T.);
#1540 = EDGE_CURVE('',#122,#1541,#1543,.T.);
#1541 = VERTEX_POINT('',#1542);
#1542 = CARTESIAN_POINT('',(6.,-62.,-3.));
#1543 = SURFACE_CURVE('',#1544,(#1548,#1555),.PCURVE_S1.);
#1544 = LINE('',#1545,#1546);
#1545 = CARTESIAN_POINT('',(6.,0.,-3.));
#1546 = VECTOR('',#1547,1.);
#1547 = DIRECTION('',(2.1E-16,-1.,0.));
#1548 = PCURVE('',#138,#1549);
#1549 = DEFINITIONAL_REPRESENTATION('',(#1550),#1554);
#1550 = LINE('',#1551,#1552);
#1551 = CARTESIAN_POINT('',(6.,31.000044785159));
#1552 = VECTOR('',#1553,1.);
#1553 = DIRECTION('',(2.1E-16,-1.));
#1554 = ( GEOMETRIC_REPRESENTATION_CONTEXT(2) 
PARAMETRIC_REPRESENTATION_CONTEXT() REPRESENTATION_CONTEXT('2D SPACE',''
  ) );
#1555 = PCURVE('',#197,#1556);
#1556 = DEFINITIONAL_REPRESENTATION('',(#1557),#1561);
#1557 = LINE('',#1558,#1559);
#1558 = CARTESIAN_POINT('',(0.,3.));
#1559 = VECTOR('',#1560,1.);
#1560 = DIRECTION('',(1.,0.));
#1561 = ( GEOMETRIC_REPRESENTATION_CONTEXT(2) 
PARAMETRIC_REPRESENTATION_CONTEXT() REPRESENTATION_CONTEXT('2D SPACE',''
  ) );
#1562 = ORIENTED_EDGE('',*,*,#1563,.T.);
#1563 = EDGE_CURVE('',#1541,#1564,#1566,.T.);
#1564 = VERTEX_POINT('',#1565);
#1565 = CARTESIAN_POINT('',(-6.,-62.,-3.));
#1566 = SURFACE_CURVE('',#1567,(#1572,#1583),.PCURVE_S1.);
#1567 = CIRCLE('',#1568,6.);
#1568 = AXIS2_PLACEMENT_3D('',#1569,#1570,#1571);
#1569 = CARTESIAN_POINT('',(7.59E-15,-62.,-3.));
#1570 = DIRECTION('',(0.,0.,-1.));
#1571 = DIRECTION('',(1.,0.,0.));
#1572 = PCURVE('',#138,#1573);
#1573 = DEFINITIONAL_REPRESENTATION('',(#1574),#1582);
#1574 = ( BOUNDED_CURVE() B_SPLINE_CURVE(2,(#1575,#1576,#1577,#1578,
#1579,#1580,#1581),.UNSPECIFIED.,.T.,.F.) B_SPLINE_CURVE_WITH_KNOTS((1,2
    ,2,2,2,1),(-2.094395102393,0.,2.094395102393,4.188790204786,
6.28318530718,8.377580409573),.UNSPECIFIED.) CURVE() 
GEOMETRIC_REPRESENTATION_ITEM() RATIONAL_B_SPLINE_CURVE((1.,0.5,1.,0.5,
1.,0.5,1.)) REPRESENTATION_ITEM('') );
#1575 = CARTESIAN_POINT('',(6.,-30.99995521484));
#1576 = CARTESIAN_POINT('',(6.,-41.39226006025));
#1577 = CARTESIAN_POINT('',(-3.,-36.19610763754));
#1578 = CARTESIAN_POINT('',(-12.,-30.99995521484));
#1579 = CARTESIAN_POINT('',(-3.,-25.80380279213));
#1580 = CARTESIAN_POINT('',(6.,-20.60765036942));
#1581 = CARTESIAN_POINT('',(6.,-30.99995521484));
#1582 = ( GEOMETRIC_REPRESENTATION_CONTEXT(2) 
PARAMETRIC_REPRESENTATION_CONTEXT() REPRESENTATION_CONTEXT('2D SPACE',''
  ) );
#1583 = PCURVE('',#1584,#1589);
#1584 = CYLINDRICAL_SURFACE('',#1585,6.);
#1585 = AXIS2_PLACEMENT_3D('',#1586,#1587,#1588);
#1586 = CARTESIAN_POINT('',(7.59E-15,-62.,0.));
#1587 = DIRECTION('',(0.,0.,-1.));
#1588 = DIRECTION('',(1.,0.,0.));
#1589 = DEFINITIONAL_REPRESENTATION('',(#1590),#1594);
#1590 = LINE('',#1591,#1592);
#1591 = CARTESIAN_POINT('',(0.,3.));
#1592 = VECTOR('',#1593,1.);
#1593 = DIRECTION('',(1.,0.));
#1594 = ( GEOMETRIC_REPRESENTATION_CONTEXT(2) 
PARAMETRIC_REPRESENTATION_CONTEXT() REPRESENTATION_CONTEXT('2D SPACE',''
  ) );
#1595 = ORIENTED_EDGE('',*,*,#1596,.T.);
#1596 = EDGE_CURVE('',#1564,#58,#1597,.T.);
#1597 = SURFACE_CURVE('',#1598,(#1602,#1609),.PCURVE_S1.);
#1598 = LINE('',#1599,#1600);
#1599 = CARTESIAN_POINT('',(-6.,-62.,-3.));
#1600 = VECTOR('',#1601,1.);
#1601 = DIRECTION('',(-9.E-17,1.,0.));
#1602 = PCURVE('',#138,#1603);
#1603 = DEFINITIONAL_REPRESENTATION('',(#1604),#1608);
#1604 = LINE('',#1605,#1606);
#1605 = CARTESIAN_POINT('',(-6.,-30.99995521484));
#1606 = VECTOR('',#1607,1.);
#1607 = DIRECTION('',(-9.E-17,1.));
#1608 = ( GEOMETRIC_REPRESENTATION_CONTEXT(2) 
PARAMETRIC_REPRESENTATION_CONTEXT() REPRESENTATION_CONTEXT('2D SPACE',''
  ) );
#1609 = PCURVE('',#102,#1610);
#1610 = DEFINITIONAL_REPRESENTATION('',(#1611),#1615);
#1611 = LINE('',#1612,#1613);
#1612 = CARTESIAN_POINT('',(0.,3.));
#1613 = VECTOR('',#1614,1.);
#1614 = DIRECTION('',(1.,0.));
#1615 = ( GEOMETRIC_REPRESENTATION_CONTEXT(2) 
PARAMETRIC_REPRESENTATION_CONTEXT() REPRESENTATION_CONTEXT('2D SPACE',''
  ) );
#1616 = FACE_BOUND('',#1617,.T.);
#1617 = EDGE_LOOP('',(#1618));
#1618 = ORIENTED_EDGE('',*,*,#1619,.T.);
#1619 = EDGE_CURVE('',#1620,#1620,#1622,.T.);
#1620 = VERTEX_POINT('',#1621);
#1621 = CARTESIAN_POINT('',(1.5,-62.,-3.));
#1622 = SURFACE_CURVE('',#1623,(#1628,#1635),.PCURVE_S1.);
#1623 = CIRCLE('',#1624,1.5);
#1624 = AXIS2_PLACEMENT_3D('',#1625,#1626,#1627);
#1625 = CARTESIAN_POINT('',(7.59E-15,-62.,-3.));
#1626 = DIRECTION('',(0.,0.,1.));
#1627 = DIRECTION('',(-1.,0.,0.));
#1628 = PCURVE('',#138,#1629);
#1629 = DEFINITIONAL_REPRESENTATION('',(#1630),#1634);
#1630 = CIRCLE('',#1631,1.5);
#1631 = AXIS2_PLACEMENT_2D('',#1632,#1633);
#1632 = CARTESIAN_POINT('',(3.26E-15,-30.99995521484));
#1633 = DIRECTION('',(-1.,0.));
#1634 = ( GEOMETRIC_REPRESENTATION_CONTEXT(2) 
PARAMETRIC_REPRESENTATION_CONTEXT() REPRESENTATION_CONTEXT('2D SPACE',''
  ) );
#1635 = PCURVE('',#1636,#1641);
#1636 = CYLINDRICAL_SURFACE('',#1637,1.5);
#1637 = AXIS2_PLACEMENT_3D('',#1638,#1639,#1640);
#1638 = CARTESIAN_POINT('',(7.59E-15,-62.,0.));
#1639 = DIRECTION('',(0.,0.,-1.));
#1640 = DIRECTION('',(-1.,0.,0.));
#1641 = DEFINITIONAL_REPRESENTATION('',(#1642),#1646);
#1642 = LINE('',#1643,#1644);
#1643 = CARTESIAN_POINT('',(12.566370614359,3.));
#1644 = VECTOR('',#1645,1.);
#1645 = DIRECTION('',(-1.,0.));
#1646 = ( GEOMETRIC_REPRESENTATION_CONTEXT(2) 
PARAMETRIC_REPRESENTATION_CONTEXT() REPRESENTATION_CONTEXT('2D SPACE',''
  ) );
#1647 = ADVANCED_FACE('',(#1648,#1728),#335,.F.);
#1648 = FACE_BOUND('',#1649,.T.);
#1649 = EDGE_LOOP('',(#1650,#1651,#1674,#1707));
#1650 = ORIENTED_EDGE('',*,*,#320,.T.);
#1651 = ORIENTED_EDGE('',*,*,#1652,.T.);
#1652 = EDGE_CURVE('',#298,#1653,#1655,.T.);
#1653 = VERTEX_POINT('',#1654);
#1654 = CARTESIAN_POINT('',(-6.,0.,-3.));
#1655 = SURFACE_CURVE('',#1656,(#1660,#1667),.PCURVE_S1.);
#1656 = LINE('',#1657,#1658);
#1657 = CARTESIAN_POINT('',(-6.,-62.,-3.));
#1658 = VECTOR('',#1659,1.);
#1659 = DIRECTION('',(-9.E-17,1.,0.));
#1660 = PCURVE('',#335,#1661);
#1661 = DEFINITIONAL_REPRESENTATION('',(#1662),#1666);
#1662 = LINE('',#1663,#1664);
#1663 = CARTESIAN_POINT('',(-6.,-30.99995521484));
#1664 = VECTOR('',#1665,1.);
#1665 = DIRECTION('',(-9.E-17,1.));
#1666 = ( GEOMETRIC_REPRESENTATION_CONTEXT(2) 
PARAMETRIC_REPRESENTATION_CONTEXT() REPRESENTATION_CONTEXT('2D SPACE',''
  ) );
#1667 = PCURVE('',#102,#1668);
#1668 = DEFINITIONAL_REPRESENTATION('',(#1669),#1673);
#1669 = LINE('',#1670,#1671);
#1670 = CARTESIAN_POINT('',(0.,3.));
#1671 = VECTOR('',#1672,1.);
#1672 = DIRECTION('',(1.,0.));
#1673 = ( GEOMETRIC_REPRESENTATION_CONTEXT(2) 
PARAMETRIC_REPRESENTATION_CONTEXT() REPRESENTATION_CONTEXT('2D SPACE',''
  ) );
#1674 = ORIENTED_EDGE('',*,*,#1675,.T.);
#1675 = EDGE_CURVE('',#1653,#1676,#1678,.T.);
#1676 = VERTEX_POINT('',#1677);
#1677 = CARTESIAN_POINT('',(6.,0.,-3.));
#1678 = SURFACE_CURVE('',#1679,(#1684,#1695),.PCURVE_S1.);
#1679 = CIRCLE('',#1680,6.);
#1680 = AXIS2_PLACEMENT_3D('',#1681,#1682,#1683);
#1681 = CARTESIAN_POINT('',(0.,0.,-3.));
#1682 = DIRECTION('',(0.,0.,-1.));
#1683 = DIRECTION('',(-1.,0.,0.));
#1684 = PCURVE('',#335,#1685);
#1685 = DEFINITIONAL_REPRESENTATION('',(#1686),#1694);
#1686 = ( BOUNDED_CURVE() B_SPLINE_CURVE(2,(#1687,#1688,#1689,#1690,
#1691,#1692,#1693),.UNSPECIFIED.,.T.,.F.) B_SPLINE_CURVE_WITH_KNOTS((1,2
    ,2,2,2,1),(-2.094395102393,0.,2.094395102393,4.188790204786,
6.28318530718,8.377580409573),.UNSPECIFIED.) CURVE() 
GEOMETRIC_REPRESENTATION_ITEM() RATIONAL_B_SPLINE_CURVE((1.,0.5,1.,0.5,
1.,0.5,1.)) REPRESENTATION_ITEM('') );
#1687 = CARTESIAN_POINT('',(-6.,31.000044785159));
#1688 = CARTESIAN_POINT('',(-6.,41.392349630573));
#1689 = CARTESIAN_POINT('',(3.,36.196197207866));
#1690 = CARTESIAN_POINT('',(12.,31.000044785159));
#1691 = CARTESIAN_POINT('',(3.,25.803892362453));
#1692 = CARTESIAN_POINT('',(-6.,20.607739939746));
#1693 = CARTESIAN_POINT('',(-6.,31.000044785159));
#1694 = ( GEOMETRIC_REPRESENTATION_CONTEXT(2) 
PARAMETRIC_REPRESENTATION_CONTEXT() REPRESENTATION_CONTEXT('2D SPACE',''
  ) );
#1695 = PCURVE('',#1696,#1701);
#1696 = CYLINDRICAL_SURFACE('',#1697,6.);
#1697 = AXIS2_PLACEMENT_3D('',#1698,#1699,#1700);
#1698 = CARTESIAN_POINT('',(0.,0.,0.));
#1699 = DIRECTION('',(0.,0.,-1.));
#1700 = DIRECTION('',(-1.,0.,0.));
#1701 = DEFINITIONAL_REPRESENTATION('',(#1702),#1706);
#1702 = LINE('',#1703,#1704);
#1703 = CARTESIAN_POINT('',(0.,3.));
#1704 = VECTOR('',#1705,1.);
#1705 = DIRECTION('',(1.,0.));
#1706 = ( GEOMETRIC_REPRESENTATION_CONTEXT(2) 
PARAMETRIC_REPRESENTATION_CONTEXT() REPRESENTATION_CONTEXT('2D SPACE',''
  ) );
#1707 = ORIENTED_EDGE('',*,*,#1708,.T.);
#1708 = EDGE_CURVE('',#1676,#220,#1709,.T.);
#1709 = SURFACE_CURVE('',#1710,(#1714,#1721),.PCURVE_S1.);
#1710 = LINE('',#1711,#1712);
#1711 = CARTESIAN_POINT('',(6.,0.,-3.));
#1712 = VECTOR('',#1713,1.);
#1713 = DIRECTION('',(2.1E-16,-1.,0.));
#1714 = PCURVE('',#335,#1715);
#1715 = DEFINITIONAL_REPRESENTATION('',(#1716),#1720);
#1716 = LINE('',#1717,#1718);
#1717 = CARTESIAN_POINT('',(6.,31.000044785159));
#1718 = VECTOR('',#1719,1.);
#1719 = DIRECTION('',(2.1E-16,-1.));
#1720 = ( GEOMETRIC_REPRESENTATION_CONTEXT(2) 
PARAMETRIC_REPRESENTATION_CONTEXT() REPRESENTATION_CONTEXT('2D SPACE',''
  ) );
#1721 = PCURVE('',#197,#1722);
#1722 = DEFINITIONAL_REPRESENTATION('',(#1723),#1727);
#1723 = LINE('',#1724,#1725);
#1724 = CARTESIAN_POINT('',(0.,3.));
#1725 = VECTOR('',#1726,1.);
#1726 = DIRECTION('',(1.,0.));
#1727 = ( GEOMETRIC_REPRESENTATION_CONTEXT(2) 
PARAMETRIC_REPRESENTATION_CONTEXT() REPRESENTATION_CONTEXT('2D SPACE',''
  ) );
#1728 = FACE_BOUND('',#1729,.T.);
#1729 = EDGE_LOOP('',(#1730));
#1730 = ORIENTED_EDGE('',*,*,#1731,.T.);
#1731 = EDGE_CURVE('',#1732,#1732,#1734,.T.);
#1732 = VERTEX_POINT('',#1733);
#1733 = CARTESIAN_POINT('',(1.5,0.,-3.));
#1734 = SURFACE_CURVE('',#1735,(#1740,#1747),.PCURVE_S1.);
#1735 = CIRCLE('',#1736,1.5);
#1736 = AXIS2_PLACEMENT_3D('',#1737,#1738,#1739);
#1737 = CARTESIAN_POINT('',(0.,0.,-3.));
#1738 = DIRECTION('',(0.,0.,1.));
#1739 = DIRECTION('',(-1.,0.,0.));
#1740 = PCURVE('',#335,#1741);
#1741 = DEFINITIONAL_REPRESENTATION('',(#1742),#1746);
#1742 = CIRCLE('',#1743,1.5);
#1743 = AXIS2_PLACEMENT_2D('',#1744,#1745);
#1744 = CARTESIAN_POINT('',(-4.33E-15,31.000044785159));
#1745 = DIRECTION('',(-1.,0.));
#1746 = ( GEOMETRIC_REPRESENTATION_CONTEXT(2) 
PARAMETRIC_REPRESENTATION_CONTEXT() REPRESENTATION_CONTEXT('2D SPACE',''
  ) );
#1747 = PCURVE('',#1748,#1753);
#1748 = CYLINDRICAL_SURFACE('',#1749,1.5);
#1749 = AXIS2_PLACEMENT_3D('',#1750,#1751,#1752);
#1750 = CARTESIAN_POINT('',(0.,0.,0.));
#1751 = DIRECTION('',(0.,0.,-1.));
#1752 = DIRECTION('',(-1.,0.,0.));
#1753 = DEFINITIONAL_REPRESENTATION('',(#1754),#1758);
#1754 = LINE('',#1755,#1756);
#1755 = CARTESIAN_POINT('',(12.566370614359,3.));
#1756 = VECTOR('',#1757,1.);
#1757 = DIRECTION('',(-1.,0.));
#1758 = ( GEOMETRIC_REPRESENTATION_CONTEXT(2) 
PARAMETRIC_REPRESENTATION_CONTEXT() REPRESENTATION_CONTEXT('2D SPACE',''
  ) );
#1759 = ADVANCED_FACE('',(#1760,#1791),#595,.T.);
#1760 = FACE_BOUND('',#1761,.T.);
#1761 = EDGE_LOOP('',(#1762));
#1762 = ORIENTED_EDGE('',*,*,#1763,.F.);
#1763 = EDGE_CURVE('',#1764,#1764,#1766,.T.);
#1764 = VERTEX_POINT('',#1765);
#1765 = CARTESIAN_POINT('',(3.95,-13.,22.));
#1766 = SURFACE_CURVE('',#1767,(#1772,#1779),.PCURVE_S1.);
#1767 = CIRCLE('',#1768,3.95);
#1768 = AXIS2_PLACEMENT_3D('',#1769,#1770,#1771);
#1769 = CARTESIAN_POINT('',(0.,-13.,22.));
#1770 = DIRECTION('',(0.,0.,1.));
#1771 = DIRECTION('',(-1.,0.,0.));
#1772 = PCURVE('',#595,#1773);
#1773 = DEFINITIONAL_REPRESENTATION('',(#1774),#1778);
#1774 = CIRCLE('',#1775,3.95);
#1775 = AXIS2_PLACEMENT_2D('',#1776,#1777);
#1776 = CARTESIAN_POINT('',(3.7E-16,0.));
#1777 = DIRECTION('',(-1.,0.));
#1778 = ( GEOMETRIC_REPRESENTATION_CONTEXT(2) 
PARAMETRIC_REPRESENTATION_CONTEXT() REPRESENTATION_CONTEXT('2D SPACE',''
  ) );
#1779 = PCURVE('',#1780,#1785);
#1780 = CYLINDRICAL_SURFACE('',#1781,3.95);
#1781 = AXIS2_PLACEMENT_3D('',#1782,#1783,#1784);
#1782 = CARTESIAN_POINT('',(0.,-13.,0.));
#1783 = DIRECTION('',(0.,0.,1.));
#1784 = DIRECTION('',(-1.,0.,0.));
#1785 = DEFINITIONAL_REPRESENTATION('',(#1786),#1790);
#1786 = LINE('',#1787,#1788);
#1787 = CARTESIAN_POINT('',(0.,22.));
#1788 = VECTOR('',#1789,1.);
#1789 = DIRECTION('',(1.,0.));
#1790 = ( GEOMETRIC_REPRESENTATION_CONTEXT(2) 
PARAMETRIC_REPRESENTATION_CONTEXT() REPRESENTATION_CONTEXT('2D SPACE',''
  ) );
#1791 = FACE_BOUND('',#1792,.T.);
#1792 = EDGE_LOOP('',(#1793));
#1793 = ORIENTED_EDGE('',*,*,#580,.T.);
#1794 = ADVANCED_FACE('',(#1795,#1870),#462,.T.);
#1795 = FACE_BOUND('',#1796,.T.);
#1796 = EDGE_LOOP('',(#1797,#1798,#1821,#1849));
#1797 = ORIENTED_EDGE('',*,*,#445,.F.);
#1798 = ORIENTED_EDGE('',*,*,#1799,.F.);
#1799 = EDGE_CURVE('',#1800,#446,#1802,.T.);
#1800 = VERTEX_POINT('',#1801);
#1801 = CARTESIAN_POINT('',(-6.,-62.,0.));
#1802 = SURFACE_CURVE('',#1803,(#1807,#1814),.PCURVE_S1.);
#1803 = LINE('',#1804,#1805);
#1804 = CARTESIAN_POINT('',(-6.,-62.,0.));
#1805 = VECTOR('',#1806,1.);
#1806 = DIRECTION('',(-9.E-17,1.,0.));
#1807 = PCURVE('',#462,#1808);
#1808 = DEFINITIONAL_REPRESENTATION('',(#1809),#1813);
#1809 = LINE('',#1810,#1811);
#1810 = CARTESIAN_POINT('',(-6.,-30.99995521484));
#1811 = VECTOR('',#1812,1.);
#1812 = DIRECTION('',(-9.E-17,1.));
#1813 = ( GEOMETRIC_REPRESENTATION_CONTEXT(2) 
PARAMETRIC_REPRESENTATION_CONTEXT() REPRESENTATION_CONTEXT('2D SPACE',''
  ) );
#1814 = PCURVE('',#102,#1815);
#1815 = DEFINITIONAL_REPRESENTATION('',(#1816),#1820);
#1816 = LINE('',#1817,#1818);
#1817 = CARTESIAN_POINT('',(0.,0.));
#1818 = VECTOR('',#1819,1.);
#1819 = DIRECTION('',(1.,0.));
#1820 = ( GEOMETRIC_REPRESENTATION_CONTEXT(2) 
PARAMETRIC_REPRESENTATION_CONTEXT() REPRESENTATION_CONTEXT('2D SPACE',''
  ) );
#1821 = ORIENTED_EDGE('',*,*,#1822,.F.);
#1822 = EDGE_CURVE('',#1823,#1800,#1825,.T.);
#1823 = VERTEX_POINT('',#1824);
#1824 = CARTESIAN_POINT('',(6.,-62.,0.));
#1825 = SURFACE_CURVE('',#1826,(#1831,#1842),.PCURVE_S1.);
#1826 = CIRCLE('',#1827,6.);
#1827 = AXIS2_PLACEMENT_3D('',#1828,#1829,#1830);
#1828 = CARTESIAN_POINT('',(7.59E-15,-62.,0.));
#1829 = DIRECTION('',(0.,0.,-1.));
#1830 = DIRECTION('',(1.,0.,0.));
#1831 = PCURVE('',#462,#1832);
#1832 = DEFINITIONAL_REPRESENTATION('',(#1833),#1841);
#1833 = ( BOUNDED_CURVE() B_SPLINE_CURVE(2,(#1834,#1835,#1836,#1837,
#1838,#1839,#1840),.UNSPECIFIED.,.T.,.F.) B_SPLINE_CURVE_WITH_KNOTS((1,2
    ,2,2,2,1),(-2.094395102393,0.,2.094395102393,4.188790204786,
6.28318530718,8.377580409573),.UNSPECIFIED.) CURVE() 
GEOMETRIC_REPRESENTATION_ITEM() RATIONAL_B_SPLINE_CURVE((1.,0.5,1.,0.5,
1.,0.5,1.)) REPRESENTATION_ITEM('') );
#1834 = CARTESIAN_POINT('',(6.,-30.99995521484));
#1835 = CARTESIAN_POINT('',(6.,-41.39226006025));
#1836 = CARTESIAN_POINT('',(-3.,-36.19610763754));
#1837 = CARTESIAN_POINT('',(-12.,-30.99995521484));
#1838 = CARTESIAN_POINT('',(-3.,-25.80380279213));
#1839 = CARTESIAN_POINT('',(6.,-20.60765036942));
#1840 = CARTESIAN_POINT('',(6.,-30.99995521484));
#1841 = ( GEOMETRIC_REPRESENTATION_CONTEXT(2) 
PARAMETRIC_REPRESENTATION_CONTEXT() REPRESENTATION_CONTEXT('2D SPACE',''
  ) );
#1842 = PCURVE('',#1584,#1843);
#1843 = DEFINITIONAL_REPRESENTATION('',(#1844),#1848);
#1844 = LINE('',#1845,#1846);
#1845 = CARTESIAN_POINT('',(0.,0.));
#1846 = VECTOR('',#1847,1.);
#1847 = DIRECTION('',(1.,-0.));
#1848 = ( GEOMETRIC_REPRESENTATION_CONTEXT(2) 
PARAMETRIC_REPRESENTATION_CONTEXT() REPRESENTATION_CONTEXT('2D SPACE',''
  ) );
#1849 = ORIENTED_EDGE('',*,*,#1850,.F.);
#1850 = EDGE_CURVE('',#387,#1823,#1851,.T.);
#1851 = SURFACE_CURVE('',#1852,(#1856,#1863),.PCURVE_S1.);
#1852 = LINE('',#1853,#1854);
#1853 = CARTESIAN_POINT('',(6.,0.,0.));
#1854 = VECTOR('',#1855,1.);
#1855 = DIRECTION('',(2.1E-16,-1.,0.));
#1856 = PCURVE('',#462,#1857);
#1857 = DEFINITIONAL_REPRESENTATION('',(#1858),#1862);
#1858 = LINE('',#1859,#1860);
#1859 = CARTESIAN_POINT('',(6.,31.000044785159));
#1860 = VECTOR('',#1861,1.);
#1861 = DIRECTION('',(2.1E-16,-1.));
#1862 = ( GEOMETRIC_REPRESENTATION_CONTEXT(2) 
PARAMETRIC_REPRESENTATION_CONTEXT() REPRESENTATION_CONTEXT('2D SPACE',''
  ) );
#1863 = PCURVE('',#197,#1864);
#1864 = DEFINITIONAL_REPRESENTATION('',(#1865),#1869);
#1865 = LINE('',#1866,#1867);
#1866 = CARTESIAN_POINT('',(0.,0.));
#1867 = VECTOR('',#1868,1.);
#1868 = DIRECTION('',(1.,0.));
#1869 = ( GEOMETRIC_REPRESENTATION_CONTEXT(2) 
PARAMETRIC_REPRESENTATION_CONTEXT() REPRESENTATION_CONTEXT('2D SPACE',''
  ) );
#1870 = FACE_BOUND('',#1871,.T.);
#1871 = EDGE_LOOP('',(#1872));
#1872 = ORIENTED_EDGE('',*,*,#1873,.T.);
#1873 = EDGE_CURVE('',#1874,#1874,#1876,.T.);
#1874 = VERTEX_POINT('',#1875);
#1875 = CARTESIAN_POINT('',(1.5,-62.,0.));
#1876 = SURFACE_CURVE('',#1877,(#1882,#1893),.PCURVE_S1.);
#1877 = CIRCLE('',#1878,1.5);
#1878 = AXIS2_PLACEMENT_3D('',#1879,#1880,#1881);
#1879 = CARTESIAN_POINT('',(7.59E-15,-62.,0.));
#1880 = DIRECTION('',(0.,0.,-1.));
#1881 = DIRECTION('',(-1.,0.,0.));
#1882 = PCURVE('',#462,#1883);
#1883 = DEFINITIONAL_REPRESENTATION('',(#1884),#1892);
#1884 = ( BOUNDED_CURVE() B_SPLINE_CURVE(2,(#1885,#1886,#1887,#1888,
#1889,#1890,#1891),.UNSPECIFIED.,.T.,.F.) B_SPLINE_CURVE_WITH_KNOTS((1,2
    ,2,2,2,1),(-2.094395102393,0.,2.094395102393,4.188790204786,
6.28318530718,8.377580409573),.UNSPECIFIED.) CURVE() 
GEOMETRIC_REPRESENTATION_ITEM() RATIONAL_B_SPLINE_CURVE((1.,0.5,1.,0.5,
1.,0.5,1.)) REPRESENTATION_ITEM('') );
#1885 = CARTESIAN_POINT('',(-1.5,-30.99995521484));
#1886 = CARTESIAN_POINT('',(-1.5,-28.40187900348));
#1887 = CARTESIAN_POINT('',(0.75,-29.70091710916));
#1888 = CARTESIAN_POINT('',(3.,-30.99995521484));
#1889 = CARTESIAN_POINT('',(0.75,-32.29899332051));
#1890 = CARTESIAN_POINT('',(-1.5,-33.59803142619));
#1891 = CARTESIAN_POINT('',(-1.5,-30.99995521484));
#1892 = ( GEOMETRIC_REPRESENTATION_CONTEXT(2) 
PARAMETRIC_REPRESENTATION_CONTEXT() REPRESENTATION_CONTEXT('2D SPACE',''
  ) );
#1893 = PCURVE('',#1636,#1894);
#1894 = DEFINITIONAL_REPRESENTATION('',(#1895),#1899);
#1895 = LINE('',#1896,#1897);
#1896 = CARTESIAN_POINT('',(0.,0.));
#1897 = VECTOR('',#1898,1.);
#1898 = DIRECTION('',(1.,0.));
#1899 = ( GEOMETRIC_REPRESENTATION_CONTEXT(2) 
PARAMETRIC_REPRESENTATION_CONTEXT() REPRESENTATION_CONTEXT('2D SPACE',''
  ) );
#1900 = ADVANCED_FACE('',(#1901,#1976),#646,.T.);
#1901 = FACE_BOUND('',#1902,.T.);
#1902 = EDGE_LOOP('',(#1903,#1904,#1927,#1955));
#1903 = ORIENTED_EDGE('',*,*,#631,.T.);
#1904 = ORIENTED_EDGE('',*,*,#1905,.F.);
#1905 = EDGE_CURVE('',#1906,#609,#1908,.T.);
#1906 = VERTEX_POINT('',#1907);
#1907 = CARTESIAN_POINT('',(6.,0.,0.));
#1908 = SURFACE_CURVE('',#1909,(#1913,#1920),.PCURVE_S1.);
#1909 = LINE('',#1910,#1911);
#1910 = CARTESIAN_POINT('',(6.,0.,0.));
#1911 = VECTOR('',#1912,1.);
#1912 = DIRECTION('',(2.1E-16,-1.,0.));
#1913 = PCURVE('',#646,#1914);
#1914 = DEFINITIONAL_REPRESENTATION('',(#1915),#1919);
#1915 = LINE('',#1916,#1917);
#1916 = CARTESIAN_POINT('',(6.,31.000044785159));
#1917 = VECTOR('',#1918,1.);
#1918 = DIRECTION('',(2.1E-16,-1.));
#1919 = ( GEOMETRIC_REPRESENTATION_CONTEXT(2) 
PARAMETRIC_REPRESENTATION_CONTEXT() REPRESENTATION_CONTEXT('2D SPACE',''
  ) );
#1920 = PCURVE('',#197,#1921);
#1921 = DEFINITIONAL_REPRESENTATION('',(#1922),#1926);
#1922 = LINE('',#1923,#1924);
#1923 = CARTESIAN_POINT('',(0.,0.));
#1924 = VECTOR('',#1925,1.);
#1925 = DIRECTION('',(1.,0.));
#1926 = ( GEOMETRIC_REPRESENTATION_CONTEXT(2) 
PARAMETRIC_REPRESENTATION_CONTEXT() REPRESENTATION_CONTEXT('2D SPACE',''
  ) );
#1927 = ORIENTED_EDGE('',*,*,#1928,.F.);
#1928 = EDGE_CURVE('',#1929,#1906,#1931,.T.);
#1929 = VERTEX_POINT('',#1930);
#1930 = CARTESIAN_POINT('',(-6.,0.,0.));
#1931 = SURFACE_CURVE('',#1932,(#1937,#1948),.PCURVE_S1.);
#1932 = CIRCLE('',#1933,6.);
#1933 = AXIS2_PLACEMENT_3D('',#1934,#1935,#1936);
#1934 = CARTESIAN_POINT('',(0.,0.,0.));
#1935 = DIRECTION('',(0.,0.,-1.));
#1936 = DIRECTION('',(-1.,0.,0.));
#1937 = PCURVE('',#646,#1938);
#1938 = DEFINITIONAL_REPRESENTATION('',(#1939),#1947);
#1939 = ( BOUNDED_CURVE() B_SPLINE_CURVE(2,(#1940,#1941,#1942,#1943,
#1944,#1945,#1946),.UNSPECIFIED.,.T.,.F.) B_SPLINE_CURVE_WITH_KNOTS((1,2
    ,2,2,2,1),(-2.094395102393,0.,2.094395102393,4.188790204786,
6.28318530718,8.377580409573),.UNSPECIFIED.) CURVE() 
GEOMETRIC_REPRESENTATION_ITEM() RATIONAL_B_SPLINE_CURVE((1.,0.5,1.,0.5,
1.,0.5,1.)) REPRESENTATION_ITEM('') );
#1940 = CARTESIAN_POINT('',(-6.,31.000044785159));
#1941 = CARTESIAN_POINT('',(-6.,41.392349630573));
#1942 = CARTESIAN_POINT('',(3.,36.196197207866));
#1943 = CARTESIAN_POINT('',(12.,31.000044785159));
#1944 = CARTESIAN_POINT('',(3.,25.803892362453));
#1945 = CARTESIAN_POINT('',(-6.,20.607739939746));
#1946 = CARTESIAN_POINT('',(-6.,31.000044785159));
#1947 = ( GEOMETRIC_REPRESENTATION_CONTEXT(2) 
PARAMETRIC_REPRESENTATION_CONTEXT() REPRESENTATION_CONTEXT('2D SPACE',''
  ) );
#1948 = PCURVE('',#1696,#1949);
#1949 = DEFINITIONAL_REPRESENTATION('',(#1950),#1954);
#1950 = LINE('',#1951,#1952);
#1951 = CARTESIAN_POINT('',(0.,0.));
#1952 = VECTOR('',#1953,1.);
#1953 = DIRECTION('',(1.,0.));
#1954 = ( GEOMETRIC_REPRESENTATION_CONTEXT(2) 
PARAMETRIC_REPRESENTATION_CONTEXT() REPRESENTATION_CONTEXT('2D SPACE',''
  ) );
#1955 = ORIENTED_EDGE('',*,*,#1956,.F.);
#1956 = EDGE_CURVE('',#535,#1929,#1957,.T.);
#1957 = SURFACE_CURVE('',#1958,(#1962,#1969),.PCURVE_S1.);
#1958 = LINE('',#1959,#1960);
#1959 = CARTESIAN_POINT('',(-6.,-62.,0.));
#1960 = VECTOR('',#1961,1.);
#1961 = DIRECTION('',(-9.E-17,1.,0.));
#1962 = PCURVE('',#646,#1963);
#1963 = DEFINITIONAL_REPRESENTATION('',(#1964),#1968);
#1964 = LINE('',#1965,#1966);
#1965 = CARTESIAN_POINT('',(-6.,-30.99995521484));
#1966 = VECTOR('',#1967,1.);
#1967 = DIRECTION('',(-9.E-17,1.));
#1968 = ( GEOMETRIC_REPRESENTATION_CONTEXT(2) 
PARAMETRIC_REPRESENTATION_CONTEXT() REPRESENTATION_CONTEXT('2D SPACE',''
  ) );
#1969 = PCURVE('',#102,#1970);
#1970 = DEFINITIONAL_REPRESENTATION('',(#1971),#1975);
#1971 = LINE('',#1972,#1973);
#1972 = CARTESIAN_POINT('',(0.,0.));
#1973 = VECTOR('',#1974,1.);
#1974 = DIRECTION('',(1.,0.));
#1975 = ( GEOMETRIC_REPRESENTATION_CONTEXT(2) 
PARAMETRIC_REPRESENTATION_CONTEXT() REPRESENTATION_CONTEXT('2D SPACE',''
  ) );
#1976 = FACE_BOUND('',#1977,.T.);
#1977 = EDGE_LOOP('',(#1978));
#1978 = ORIENTED_EDGE('',*,*,#1979,.T.);
#1979 = EDGE_CURVE('',#1980,#1980,#1982,.T.);
#1980 = VERTEX_POINT('',#1981);
#1981 = CARTESIAN_POINT('',(1.5,0.,0.));
#1982 = SURFACE_CURVE('',#1983,(#1988,#1999),.PCURVE_S1.);
#1983 = CIRCLE('',#1984,1.5);
#1984 = AXIS2_PLACEMENT_3D('',#1985,#1986,#1987);
#1985 = CARTESIAN_POINT('',(0.,0.,0.));
#1986 = DIRECTION('',(0.,0.,-1.));
#1987 = DIRECTION('',(-1.,0.,0.));
#1988 = PCURVE('',#646,#1989);
#1989 = DEFINITIONAL_REPRESENTATION('',(#1990),#1998);
#1990 = ( BOUNDED_CURVE() B_SPLINE_CURVE(2,(#1991,#1992,#1993,#1994,
#1995,#1996,#1997),.UNSPECIFIED.,.T.,.F.) B_SPLINE_CURVE_WITH_KNOTS((1,2
    ,2,2,2,1),(-2.094395102393,0.,2.094395102393,4.188790204786,
6.28318530718,8.377580409573),.UNSPECIFIED.) CURVE() 
GEOMETRIC_REPRESENTATION_ITEM() RATIONAL_B_SPLINE_CURVE((1.,0.5,1.,0.5,
1.,0.5,1.)) REPRESENTATION_ITEM('') );
#1991 = CARTESIAN_POINT('',(-1.5,31.000044785159));
#1992 = CARTESIAN_POINT('',(-1.5,33.598120996513));
#1993 = CARTESIAN_POINT('',(0.75,32.299082890836));
#1994 = CARTESIAN_POINT('',(3.,31.000044785159));
#1995 = CARTESIAN_POINT('',(0.75,29.701006679483));
#1996 = CARTESIAN_POINT('',(-1.5,28.401968573806));
#1997 = CARTESIAN_POINT('',(-1.5,31.000044785159));
#1998 = ( GEOMETRIC_REPRESENTATION_CONTEXT(2) 
PARAMETRIC_REPRESENTATION_CONTEXT() REPRESENTATION_CONTEXT('2D SPACE',''
  ) );
#1999 = PCURVE('',#1748,#2000);
#2000 = DEFINITIONAL_REPRESENTATION('',(#2001),#2005);
#2001 = LINE('',#2002,#2003);
#2002 = CARTESIAN_POINT('',(0.,0.));
#2003 = VECTOR('',#2004,1.);
#2004 = DIRECTION('',(1.,0.));
#2005 = ( GEOMETRIC_REPRESENTATION_CONTEXT(2) 
PARAMETRIC_REPRESENTATION_CONTEXT() REPRESENTATION_CONTEXT('2D SPACE',''
  ) );
#2006 = ADVANCED_FACE('',(#2007),#1780,.T.);
#2007 = FACE_BOUND('',#2008,.T.);
#2008 = EDGE_LOOP('',(#2009,#2010,#2032,#2059));
#2009 = ORIENTED_EDGE('',*,*,#1763,.T.);
#2010 = ORIENTED_EDGE('',*,*,#2011,.T.);
#2011 = EDGE_CURVE('',#1764,#2012,#2014,.T.);
#2012 = VERTEX_POINT('',#2013);
#2013 = CARTESIAN_POINT('',(3.95,-13.,30.));
#2014 = SEAM_CURVE('',#2015,(#2018,#2025),.PCURVE_S1.);
#2015 = B_SPLINE_CURVE_WITH_KNOTS('',1,(#2016,#2017),.UNSPECIFIED.,.F.,
  .F.,(2,2),(22.,30.),.PIECEWISE_BEZIER_KNOTS.);
#2016 = CARTESIAN_POINT('',(3.95,-13.,22.));
#2017 = CARTESIAN_POINT('',(3.95,-13.,30.));
#2018 = PCURVE('',#1780,#2019);
#2019 = DEFINITIONAL_REPRESENTATION('',(#2020),#2024);
#2020 = LINE('',#2021,#2022);
#2021 = CARTESIAN_POINT('',(9.424777960769,0.));
#2022 = VECTOR('',#2023,1.);
#2023 = DIRECTION('',(0.,1.));
#2024 = ( GEOMETRIC_REPRESENTATION_CONTEXT(2) 
PARAMETRIC_REPRESENTATION_CONTEXT() REPRESENTATION_CONTEXT('2D SPACE',''
  ) );
#2025 = PCURVE('',#1780,#2026);
#2026 = DEFINITIONAL_REPRESENTATION('',(#2027),#2031);
#2027 = LINE('',#2028,#2029);
#2028 = CARTESIAN_POINT('',(3.14159265359,0.));
#2029 = VECTOR('',#2030,1.);
#2030 = DIRECTION('',(0.,1.));
#2031 = ( GEOMETRIC_REPRESENTATION_CONTEXT(2) 
PARAMETRIC_REPRESENTATION_CONTEXT() REPRESENTATION_CONTEXT('2D SPACE',''
  ) );
#2032 = ORIENTED_EDGE('',*,*,#2033,.F.);
#2033 = EDGE_CURVE('',#2012,#2012,#2034,.T.);
#2034 = SURFACE_CURVE('',#2035,(#2040,#2047),.PCURVE_S1.);
#2035 = CIRCLE('',#2036,3.95);
#2036 = AXIS2_PLACEMENT_3D('',#2037,#2038,#2039);
#2037 = CARTESIAN_POINT('',(0.,-13.,30.));
#2038 = DIRECTION('',(0.,0.,1.));
#2039 = DIRECTION('',(-1.,0.,0.));
#2040 = PCURVE('',#1780,#2041);
#2041 = DEFINITIONAL_REPRESENTATION('',(#2042),#2046);
#2042 = LINE('',#2043,#2044);
#2043 = CARTESIAN_POINT('',(0.,30.));
#2044 = VECTOR('',#2045,1.);
#2045 = DIRECTION('',(1.,0.));
#2046 = ( GEOMETRIC_REPRESENTATION_CONTEXT(2) 
PARAMETRIC_REPRESENTATION_CONTEXT() REPRESENTATION_CONTEXT('2D SPACE',''
  ) );
#2047 = PCURVE('',#2048,#2053);
#2048 = PLANE('',#2049);
#2049 = AXIS2_PLACEMENT_3D('',#2050,#2051,#2052);
#2050 = CARTESIAN_POINT('',(-2.7E-16,-13.,30.));
#2051 = DIRECTION('',(0.,0.,1.));
#2052 = DIRECTION('',(1.,0.,-0.));
#2053 = DEFINITIONAL_REPRESENTATION('',(#2054),#2058);
#2054 = CIRCLE('',#2055,3.95);
#2055 = AXIS2_PLACEMENT_2D('',#2056,#2057);
#2056 = CARTESIAN_POINT('',(2.7E-16,0.));
#2057 = DIRECTION('',(-1.,0.));
#2058 = ( GEOMETRIC_REPRESENTATION_CONTEXT(2) 
PARAMETRIC_REPRESENTATION_CONTEXT() REPRESENTATION_CONTEXT('2D SPACE',''
  ) );
#2059 = ORIENTED_EDGE('',*,*,#2011,.F.);
#2060 = ADVANCED_FACE('',(#2061),#782,.F.);
#2061 = FACE_BOUND('',#2062,.T.);
#2062 = EDGE_LOOP('',(#2063,#2064));
#2063 = ORIENTED_EDGE('',*,*,#1294,.T.);
#2064 = ORIENTED_EDGE('',*,*,#763,.T.);
#2065 = ADVANCED_FACE('',(#2066),#2048,.T.);
#2066 = FACE_BOUND('',#2067,.T.);
#2067 = EDGE_LOOP('',(#2068));
#2068 = ORIENTED_EDGE('',*,*,#2033,.T.);
#2069 = ADVANCED_FACE('',(#2070),#1636,.F.);
#2070 = FACE_BOUND('',#2071,.F.);
#2071 = EDGE_LOOP('',(#2072,#2073,#2093,#2094));
#2072 = ORIENTED_EDGE('',*,*,#1619,.T.);
#2073 = ORIENTED_EDGE('',*,*,#2074,.F.);
#2074 = EDGE_CURVE('',#1874,#1620,#2075,.T.);
#2075 = SEAM_CURVE('',#2076,(#2079,#2086),.PCURVE_S1.);
#2076 = B_SPLINE_CURVE_WITH_KNOTS('',1,(#2077,#2078),.UNSPECIFIED.,.F.,
  .F.,(2,2),(0.,3.),.PIECEWISE_BEZIER_KNOTS.);
#2077 = CARTESIAN_POINT('',(1.5,-62.,0.));
#2078 = CARTESIAN_POINT('',(1.5,-62.,-3.));
#2079 = PCURVE('',#1636,#2080);
#2080 = DEFINITIONAL_REPRESENTATION('',(#2081),#2085);
#2081 = LINE('',#2082,#2083);
#2082 = CARTESIAN_POINT('',(3.14159265359,0.));
#2083 = VECTOR('',#2084,1.);
#2084 = DIRECTION('',(0.,1.));
#2085 = ( GEOMETRIC_REPRESENTATION_CONTEXT(2) 
PARAMETRIC_REPRESENTATION_CONTEXT() REPRESENTATION_CONTEXT('2D SPACE',''
  ) );
#2086 = PCURVE('',#1636,#2087);
#2087 = DEFINITIONAL_REPRESENTATION('',(#2088),#2092);
#2088 = LINE('',#2089,#2090);
#2089 = CARTESIAN_POINT('',(9.424777960769,0.));
#2090 = VECTOR('',#2091,1.);
#2091 = DIRECTION('',(0.,1.));
#2092 = ( GEOMETRIC_REPRESENTATION_CONTEXT(2) 
PARAMETRIC_REPRESENTATION_CONTEXT() REPRESENTATION_CONTEXT('2D SPACE',''
  ) );
#2093 = ORIENTED_EDGE('',*,*,#1873,.T.);
#2094 = ORIENTED_EDGE('',*,*,#2074,.T.);
#2095 = ADVANCED_FACE('',(#2096),#1748,.F.);
#2096 = FACE_BOUND('',#2097,.F.);
#2097 = EDGE_LOOP('',(#2098,#2099,#2119,#2120));
#2098 = ORIENTED_EDGE('',*,*,#1731,.T.);
#2099 = ORIENTED_EDGE('',*,*,#2100,.F.);
#2100 = EDGE_CURVE('',#1980,#1732,#2101,.T.);
#2101 = SEAM_CURVE('',#2102,(#2105,#2112),.PCURVE_S1.);
#2102 = B_SPLINE_CURVE_WITH_KNOTS('',1,(#2103,#2104),.UNSPECIFIED.,.F.,
  .F.,(2,2),(0.,3.),.PIECEWISE_BEZIER_KNOTS.);
#2103 = CARTESIAN_POINT('',(1.5,5.5E-16,0.));
#2104 = CARTESIAN_POINT('',(1.5,5.5E-16,-3.));
#2105 = PCURVE('',#1748,#2106);
#2106 = DEFINITIONAL_REPRESENTATION('',(#2107),#2111);
#2107 = LINE('',#2108,#2109);
#2108 = CARTESIAN_POINT('',(3.14159265359,0.));
#2109 = VECTOR('',#2110,1.);
#2110 = DIRECTION('',(0.,1.));
#2111 = ( GEOMETRIC_REPRESENTATION_CONTEXT(2) 
PARAMETRIC_REPRESENTATION_CONTEXT() REPRESENTATION_CONTEXT('2D SPACE',''
  ) );
#2112 = PCURVE('',#1748,#2113);
#2113 = DEFINITIONAL_REPRESENTATION('',(#2114),#2118);
#2114 = LINE('',#2115,#2116);
#2115 = CARTESIAN_POINT('',(9.424777960769,0.));
#2116 = VECTOR('',#2117,1.);
#2117 = DIRECTION('',(0.,1.));
#2118 = ( GEOMETRIC_REPRESENTATION_CONTEXT(2) 
PARAMETRIC_REPRESENTATION_CONTEXT() REPRESENTATION_CONTEXT('2D SPACE',''
  ) );
#2119 = ORIENTED_EDGE('',*,*,#1979,.T.);
#2120 = ORIENTED_EDGE('',*,*,#2100,.T.);
#2121 = ADVANCED_FACE('',(#2122),#1696,.T.);
#2122 = FACE_BOUND('',#2123,.T.);
#2123 = EDGE_LOOP('',(#2124,#2125,#2146,#2147));
#2124 = ORIENTED_EDGE('',*,*,#1928,.T.);
#2125 = ORIENTED_EDGE('',*,*,#2126,.T.);
#2126 = EDGE_CURVE('',#1906,#1676,#2127,.T.);
#2127 = SURFACE_CURVE('',#2128,(#2132,#2139),.PCURVE_S1.);
#2128 = LINE('',#2129,#2130);
#2129 = CARTESIAN_POINT('',(6.,0.,0.));
#2130 = VECTOR('',#2131,1.);
#2131 = DIRECTION('',(0.,0.,-1.));
#2132 = PCURVE('',#1696,#2133);
#2133 = DEFINITIONAL_REPRESENTATION('',(#2134),#2138);
#2134 = LINE('',#2135,#2136);
#2135 = CARTESIAN_POINT('',(3.14159265359,0.));
#2136 = VECTOR('',#2137,1.);
#2137 = DIRECTION('',(0.,1.));
#2138 = ( GEOMETRIC_REPRESENTATION_CONTEXT(2) 
PARAMETRIC_REPRESENTATION_CONTEXT() REPRESENTATION_CONTEXT('2D SPACE',''
  ) );
#2139 = PCURVE('',#197,#2140);
#2140 = DEFINITIONAL_REPRESENTATION('',(#2141),#2145);
#2141 = LINE('',#2142,#2143);
#2142 = CARTESIAN_POINT('',(0.,0.));
#2143 = VECTOR('',#2144,1.);
#2144 = DIRECTION('',(0.,1.));
#2145 = ( GEOMETRIC_REPRESENTATION_CONTEXT(2) 
PARAMETRIC_REPRESENTATION_CONTEXT() REPRESENTATION_CONTEXT('2D SPACE',''
  ) );
#2146 = ORIENTED_EDGE('',*,*,#1675,.F.);
#2147 = ORIENTED_EDGE('',*,*,#2148,.F.);
#2148 = EDGE_CURVE('',#1929,#1653,#2149,.T.);
#2149 = SURFACE_CURVE('',#2150,(#2154,#2161),.PCURVE_S1.);
#2150 = LINE('',#2151,#2152);
#2151 = CARTESIAN_POINT('',(-6.,0.,0.));
#2152 = VECTOR('',#2153,1.);
#2153 = DIRECTION('',(0.,0.,-1.));
#2154 = PCURVE('',#1696,#2155);
#2155 = DEFINITIONAL_REPRESENTATION('',(#2156),#2160);
#2156 = LINE('',#2157,#2158);
#2157 = CARTESIAN_POINT('',(0.,0.));
#2158 = VECTOR('',#2159,1.);
#2159 = DIRECTION('',(0.,1.));
#2160 = ( GEOMETRIC_REPRESENTATION_CONTEXT(2) 
PARAMETRIC_REPRESENTATION_CONTEXT() REPRESENTATION_CONTEXT('2D SPACE',''
  ) );
#2161 = PCURVE('',#102,#2162);
#2162 = DEFINITIONAL_REPRESENTATION('',(#2163),#2167);
#2163 = LINE('',#2164,#2165);
#2164 = CARTESIAN_POINT('',(62.,0.));
#2165 = VECTOR('',#2166,1.);
#2166 = DIRECTION('',(0.,1.));
#2167 = ( GEOMETRIC_REPRESENTATION_CONTEXT(2) 
PARAMETRIC_REPRESENTATION_CONTEXT() REPRESENTATION_CONTEXT('2D SPACE',''
  ) );
#2168 = ADVANCED_FACE('',(#2169),#102,.T.);
#2169 = FACE_BOUND('',#2170,.T.);
#2170 = EDGE_LOOP('',(#2171,#2172,#2173,#2174,#2175,#2176,#2177,#2178,
    #2179,#2180));
#2171 = ORIENTED_EDGE('',*,*,#1799,.T.);
#2172 = ORIENTED_EDGE('',*,*,#474,.F.);
#2173 = ORIENTED_EDGE('',*,*,#534,.F.);
#2174 = ORIENTED_EDGE('',*,*,#1956,.T.);
#2175 = ORIENTED_EDGE('',*,*,#2148,.T.);
#2176 = ORIENTED_EDGE('',*,*,#1652,.F.);
#2177 = ORIENTED_EDGE('',*,*,#297,.T.);
#2178 = ORIENTED_EDGE('',*,*,#57,.F.);
#2179 = ORIENTED_EDGE('',*,*,#1596,.F.);
#2180 = ORIENTED_EDGE('',*,*,#2181,.F.);
#2181 = EDGE_CURVE('',#1800,#1564,#2182,.T.);
#2182 = SURFACE_CURVE('',#2183,(#2187,#2194),.PCURVE_S1.);
#2183 = LINE('',#2184,#2185);
#2184 = CARTESIAN_POINT('',(-6.,-62.,0.));
#2185 = VECTOR('',#2186,1.);
#2186 = DIRECTION('',(0.,0.,-1.));
#2187 = PCURVE('',#102,#2188);
#2188 = DEFINITIONAL_REPRESENTATION('',(#2189),#2193);
#2189 = LINE('',#2190,#2191);
#2190 = CARTESIAN_POINT('',(0.,0.));
#2191 = VECTOR('',#2192,1.);
#2192 = DIRECTION('',(0.,1.));
#2193 = ( GEOMETRIC_REPRESENTATION_CONTEXT(2) 
PARAMETRIC_REPRESENTATION_CONTEXT() REPRESENTATION_CONTEXT('2D SPACE',''
  ) );
#2194 = PCURVE('',#1584,#2195);
#2195 = DEFINITIONAL_REPRESENTATION('',(#2196),#2200);
#2196 = LINE('',#2197,#2198);
#2197 = CARTESIAN_POINT('',(3.14159265359,-0.));
#2198 = VECTOR('',#2199,1.);
#2199 = DIRECTION('',(0.,1.));
#2200 = ( GEOMETRIC_REPRESENTATION_CONTEXT(2) 
PARAMETRIC_REPRESENTATION_CONTEXT() REPRESENTATION_CONTEXT('2D SPACE',''
  ) );
#2201 = ADVANCED_FACE('',(#2202),#1584,.T.);
#2202 = FACE_BOUND('',#2203,.T.);
#2203 = EDGE_LOOP('',(#2204,#2205,#2206,#2207));
#2204 = ORIENTED_EDGE('',*,*,#1822,.T.);
#2205 = ORIENTED_EDGE('',*,*,#2181,.T.);
#2206 = ORIENTED_EDGE('',*,*,#1563,.F.);
#2207 = ORIENTED_EDGE('',*,*,#2208,.F.);
#2208 = EDGE_CURVE('',#1823,#1541,#2209,.T.);
#2209 = SURFACE_CURVE('',#2210,(#2214,#2221),.PCURVE_S1.);
#2210 = LINE('',#2211,#2212);
#2211 = CARTESIAN_POINT('',(6.,-62.,0.));
#2212 = VECTOR('',#2213,1.);
#2213 = DIRECTION('',(0.,0.,-1.));
#2214 = PCURVE('',#1584,#2215);
#2215 = DEFINITIONAL_REPRESENTATION('',(#2216),#2220);
#2216 = LINE('',#2217,#2218);
#2217 = CARTESIAN_POINT('',(0.,0.));
#2218 = VECTOR('',#2219,1.);
#2219 = DIRECTION('',(0.,1.));
#2220 = ( GEOMETRIC_REPRESENTATION_CONTEXT(2) 
PARAMETRIC_REPRESENTATION_CONTEXT() REPRESENTATION_CONTEXT('2D SPACE',''
  ) );
#2221 = PCURVE('',#197,#2222);
#2222 = DEFINITIONAL_REPRESENTATION('',(#2223),#2227);
#2223 = LINE('',#2224,#2225);
#2224 = CARTESIAN_POINT('',(62.,0.));
#2225 = VECTOR('',#2226,1.);
#2226 = DIRECTION('',(0.,1.));
#2227 = ( GEOMETRIC_REPRESENTATION_CONTEXT(2) 
PARAMETRIC_REPRESENTATION_CONTEXT() REPRESENTATION_CONTEXT('2D SPACE',''
  ) );
#2228 = ADVANCED_FACE('',(#2229),#197,.T.);
#2229 = FACE_BOUND('',#2230,.T.);
#2230 = EDGE_LOOP('',(#2231,#2232,#2233,#2234,#2235,#2236,#2237,#2238,
    #2239,#2240));
#2231 = ORIENTED_EDGE('',*,*,#1905,.T.);
#2232 = ORIENTED_EDGE('',*,*,#608,.T.);
#2233 = ORIENTED_EDGE('',*,*,#386,.F.);
#2234 = ORIENTED_EDGE('',*,*,#1850,.T.);
#2235 = ORIENTED_EDGE('',*,*,#2208,.T.);
#2236 = ORIENTED_EDGE('',*,*,#1540,.F.);
#2237 = ORIENTED_EDGE('',*,*,#154,.F.);
#2238 = ORIENTED_EDGE('',*,*,#219,.F.);
#2239 = ORIENTED_EDGE('',*,*,#1708,.F.);
#2240 = ORIENTED_EDGE('',*,*,#2126,.F.);
#2241 = ( GEOMETRIC_REPRESENTATION_CONTEXT(3) 
GLOBAL_UNCERTAINTY_ASSIGNED_CONTEXT((#2245)) 
GLOBAL_UNIT_ASSIGNED_CONTEXT((#2242,#2243,#2244)) REPRESENTATION_CONTEXT
('Context #1','3D Context with UNIT and UNCERTAINTY') );
#2242 = ( LENGTH_UNIT() NAMED_UNIT(*) SI_UNIT(.MILLI.,.METRE.) );
#2243 = ( NAMED_UNIT(*) PLANE_ANGLE_UNIT() SI_UNIT($,.RADIAN.) );
#2244 = ( NAMED_UNIT(*) SI_UNIT($,.STERADIAN.) SOLID_ANGLE_UNIT() );
#2245 = UNCERTAINTY_MEASURE_WITH_UNIT(LENGTH_MEASURE(2.E-04),#2242,
  'distance_accuracy_value','confusion accuracy');
#2246 = PRODUCT_RELATED_PRODUCT_CATEGORY('part',$,(#7));
#2247 = MECHANICAL_DESIGN_GEOMETRIC_PRESENTATION_REPRESENTATION('',(
    #2248),#2241);
#2248 = STYLED_ITEM('color',(#2249),#15);
#2249 = PRESENTATION_STYLE_ASSIGNMENT((#2250,#2256));
#2250 = SURFACE_STYLE_USAGE(.BOTH.,#2251);
#2251 = SURFACE_SIDE_STYLE('',(#2252));
#2252 = SURFACE_STYLE_FILL_AREA(#2253);
#2253 = FILL_AREA_STYLE('',(#2254));
#2254 = FILL_AREA_STYLE_COLOUR('',#2255);
#2255 = COLOUR_RGB('',0.694117673655,0.694117673655,0.694117673655);
#2256 = CURVE_STYLE('',#2257,POSITIVE_LENGTH_MEASURE(0.1),#2258);
#2257 = DRAUGHTING_PRE_DEFINED_CURVE_FONT('continuous');
#2258 = COLOUR_RGB('',9.803921802644E-02,9.803921802644E-02,
  9.803921802644E-02);
ENDSEC;
END-ISO-10303-21;
