ISO-10303-21;
HEADER;
/* Generated by software containing ST-Developer
 * from STEP Tools, Inc. (www.steptools.com) 
 */

FILE_DESCRIPTION(
/* description */ (''),
/* implementation_level */ '2;1');

FILE_NAME(
/* name */ 
'C:\\Users\\SvenW\\Documents\\inventor\\B-Automaten\\Export_B_Automate
n\\ExportGithub\\Front 90ZapBox.stp',
/* time_stamp */ '2026-05-14T07:55:12+02:00',
/* author */ ('SvenW'),
/* organization */ (''),
/* preprocessor_version */ 'ST-DEVELOPER v15.2',
/* originating_system */ 'Autodesk Inventor 2014',
/* authorisation */ '');

FILE_SCHEMA (('AUTOMOTIVE_DESIGN { 1 0 10303 214 3 1 1 }'));
ENDSEC;

DATA;
#10=MECHANICAL_DESIGN_GEOMETRIC_PRESENTATION_REPRESENTATION('',(#16),#12194);
#11=DIMENSIONAL_EXPONENTS(0.,0.,0.,0.,0.,0.,0.);
#12=(
CONVERSION_BASED_UNIT('degree',#13)
NAMED_UNIT(#11)
PLANE_ANGLE_UNIT()
);
#13=PLANE_ANGLE_MEASURE_WITH_UNIT(PLANE_ANGLE_MEASURE(0.01745329252),#12197);
#14=SHAPE_REPRESENTATION_RELATIONSHIP('SRR','None',#12200,#15);
#15=ADVANCED_BREP_SHAPE_REPRESENTATION($,(#7157),#12193);
#16=STYLED_ITEM('',(#12210),#7157);
#17=CONICAL_SURFACE('',#7362,5.,0.785398163397);
#18=CONICAL_SURFACE('',#7364,5.,0.785398163397);
#19=CONICAL_SURFACE('',#7368,5.,0.785398163397);
#20=CONICAL_SURFACE('',#7370,5.,0.785398163397);
#21=TOROIDAL_SURFACE('',#7347,1.4,0.4);
#22=B_SPLINE_SURFACE_WITH_KNOTS('',2,1,((#9656,#9657),(#9658,#9659),(#9660,
#9661)),.UNSPECIFIED.,.F.,.F.,.F.,(3,3),(2,2),(0.,1.),(-10000.,10000.),
 .UNSPECIFIED.);
#23=B_SPLINE_SURFACE_WITH_KNOTS('',2,1,((#9671,#9672),(#9673,#9674),(#9675,
#9676)),.UNSPECIFIED.,.F.,.F.,.F.,(3,3),(2,2),(0.,1.),(-10000.,10000.),
 .UNSPECIFIED.);
#24=B_SPLINE_SURFACE_WITH_KNOTS('',2,1,((#9686,#9687),(#9688,#9689),(#9690,
#9691)),.UNSPECIFIED.,.F.,.F.,.F.,(3,3),(2,2),(0.,1.),(-10000.,10000.),
 .UNSPECIFIED.);
#25=B_SPLINE_SURFACE_WITH_KNOTS('',2,1,((#9701,#9702),(#9703,#9704),(#9705,
#9706)),.UNSPECIFIED.,.F.,.F.,.F.,(3,3),(2,2),(0.,1.),(-10000.,10000.),
 .UNSPECIFIED.);
#26=B_SPLINE_SURFACE_WITH_KNOTS('',2,1,((#9716,#9717),(#9718,#9719),(#9720,
#9721)),.UNSPECIFIED.,.F.,.F.,.F.,(3,3),(2,2),(0.,1.),(-10000.,10000.),
 .UNSPECIFIED.);
#27=B_SPLINE_SURFACE_WITH_KNOTS('',2,1,((#9731,#9732),(#9733,#9734),(#9735,
#9736)),.UNSPECIFIED.,.F.,.F.,.F.,(3,3),(2,2),(0.,1.),(-10000.,10000.),
 .UNSPECIFIED.);
#28=B_SPLINE_SURFACE_WITH_KNOTS('',2,1,((#9744,#9745),(#9746,#9747),(#9748,
#9749)),.UNSPECIFIED.,.F.,.F.,.F.,(3,3),(2,2),(0.,1.),(-10000.,10000.),
 .UNSPECIFIED.);
#29=B_SPLINE_SURFACE_WITH_KNOTS('',2,1,((#9757,#9758),(#9759,#9760),(#9761,
#9762)),.UNSPECIFIED.,.F.,.F.,.F.,(3,3),(2,2),(0.,1.),(-10000.,10000.),
 .UNSPECIFIED.);
#30=B_SPLINE_SURFACE_WITH_KNOTS('',2,1,((#9768,#9769),(#9770,#9771),(#9772,
#9773)),.UNSPECIFIED.,.F.,.F.,.F.,(3,3),(2,2),(0.,1.),(-10000.,10000.),
 .UNSPECIFIED.);
#31=B_SPLINE_SURFACE_WITH_KNOTS('',2,1,((#9779,#9780),(#9781,#9782),(#9783,
#9784)),.UNSPECIFIED.,.F.,.F.,.F.,(3,3),(2,2),(0.,1.),(-10000.,10000.),
 .UNSPECIFIED.);
#32=B_SPLINE_SURFACE_WITH_KNOTS('',2,1,((#9790,#9791),(#9792,#9793),(#9794,
#9795)),.UNSPECIFIED.,.F.,.F.,.F.,(3,3),(2,2),(0.,1.),(-10000.,10000.),
 .UNSPECIFIED.);
#33=B_SPLINE_SURFACE_WITH_KNOTS('',2,1,((#9801,#9802),(#9803,#9804),(#9805,
#9806)),.UNSPECIFIED.,.F.,.F.,.F.,(3,3),(2,2),(0.,1.),(-10000.,10000.),
 .UNSPECIFIED.);
#34=B_SPLINE_SURFACE_WITH_KNOTS('',2,1,((#9812,#9813),(#9814,#9815),(#9816,
#9817)),.UNSPECIFIED.,.F.,.F.,.F.,(3,3),(2,2),(0.,1.),(-10000.,10000.),
 .UNSPECIFIED.);
#35=B_SPLINE_SURFACE_WITH_KNOTS('',2,1,((#9823,#9824),(#9825,#9826),(#9827,
#9828)),.UNSPECIFIED.,.F.,.F.,.F.,(3,3),(2,2),(0.,1.),(-10000.,10000.),
 .UNSPECIFIED.);
#36=B_SPLINE_SURFACE_WITH_KNOTS('',2,1,((#9838,#9839),(#9840,#9841),(#9842,
#9843)),.UNSPECIFIED.,.F.,.F.,.F.,(3,3),(2,2),(0.,1.),(-10000.,10000.),
 .UNSPECIFIED.);
#37=B_SPLINE_SURFACE_WITH_KNOTS('',2,1,((#9853,#9854),(#9855,#9856),(#9857,
#9858)),.UNSPECIFIED.,.F.,.F.,.F.,(3,3),(2,2),(0.,1.),(-10000.,10000.),
 .UNSPECIFIED.);
#38=B_SPLINE_SURFACE_WITH_KNOTS('',2,1,((#9864,#9865),(#9866,#9867),(#9868,
#9869)),.UNSPECIFIED.,.F.,.F.,.F.,(3,3),(2,2),(0.,1.),(-10000.,10000.),
 .UNSPECIFIED.);
#39=B_SPLINE_SURFACE_WITH_KNOTS('',2,1,((#9875,#9876),(#9877,#9878),(#9879,
#9880)),.UNSPECIFIED.,.F.,.F.,.F.,(3,3),(2,2),(0.,1.),(-10000.,10000.),
 .UNSPECIFIED.);
#40=B_SPLINE_SURFACE_WITH_KNOTS('',2,1,((#9886,#9887),(#9888,#9889),(#9890,
#9891)),.UNSPECIFIED.,.F.,.F.,.F.,(3,3),(2,2),(0.,1.),(-10000.,10000.),
 .UNSPECIFIED.);
#41=B_SPLINE_SURFACE_WITH_KNOTS('',2,1,((#9901,#9902),(#9903,#9904),(#9905,
#9906)),.UNSPECIFIED.,.F.,.F.,.F.,(3,3),(2,2),(0.,1.),(-10000.,10000.),
 .UNSPECIFIED.);
#42=B_SPLINE_SURFACE_WITH_KNOTS('',2,1,((#9912,#9913),(#9914,#9915),(#9916,
#9917)),.UNSPECIFIED.,.F.,.F.,.F.,(3,3),(2,2),(0.,1.),(-10000.,10000.),
 .UNSPECIFIED.);
#43=B_SPLINE_SURFACE_WITH_KNOTS('',2,1,((#9921,#9922),(#9923,#9924),(#9925,
#9926)),.UNSPECIFIED.,.F.,.F.,.F.,(3,3),(2,2),(0.,1.),(-10000.,10000.),
 .UNSPECIFIED.);
#44=B_SPLINE_SURFACE_WITH_KNOTS('',2,1,((#9934,#9935),(#9936,#9937),(#9938,
#9939)),.UNSPECIFIED.,.F.,.F.,.F.,(3,3),(2,2),(0.,1.),(-10000.,10000.),
 .UNSPECIFIED.);
#45=B_SPLINE_SURFACE_WITH_KNOTS('',2,1,((#9945,#9946),(#9947,#9948),(#9949,
#9950)),.UNSPECIFIED.,.F.,.F.,.F.,(3,3),(2,2),(0.,1.),(-10000.,10000.),
 .UNSPECIFIED.);
#46=B_SPLINE_SURFACE_WITH_KNOTS('',2,1,((#9956,#9957),(#9958,#9959),(#9960,
#9961)),.UNSPECIFIED.,.F.,.F.,.F.,(3,3),(2,2),(0.,1.),(-10000.,10000.),
 .UNSPECIFIED.);
#47=B_SPLINE_SURFACE_WITH_KNOTS('',2,1,((#9967,#9968),(#9969,#9970),(#9971,
#9972)),.UNSPECIFIED.,.F.,.F.,.F.,(3,3),(2,2),(0.,1.),(-10000.,10000.),
 .UNSPECIFIED.);
#48=B_SPLINE_SURFACE_WITH_KNOTS('',2,1,((#9978,#9979),(#9980,#9981),(#9982,
#9983)),.UNSPECIFIED.,.F.,.F.,.F.,(3,3),(2,2),(0.,1.),(-10000.,10000.),
 .UNSPECIFIED.);
#49=B_SPLINE_SURFACE_WITH_KNOTS('',2,1,((#9989,#9990),(#9991,#9992),(#9993,
#9994)),.UNSPECIFIED.,.F.,.F.,.F.,(3,3),(2,2),(0.,1.),(-10000.,10000.),
 .UNSPECIFIED.);
#50=B_SPLINE_SURFACE_WITH_KNOTS('',2,1,((#10000,#10001),(#10002,#10003),
(#10004,#10005)),.UNSPECIFIED.,.F.,.F.,.F.,(3,3),(2,2),(0.,1.),(-10000.,
10000.),.UNSPECIFIED.);
#51=B_SPLINE_SURFACE_WITH_KNOTS('',2,1,((#10011,#10012),(#10013,#10014),
(#10015,#10016)),.UNSPECIFIED.,.F.,.F.,.F.,(3,3),(2,2),(0.,1.),(-10000.,
10000.),.UNSPECIFIED.);
#52=B_SPLINE_SURFACE_WITH_KNOTS('',2,1,((#10022,#10023),(#10024,#10025),
(#10026,#10027)),.UNSPECIFIED.,.F.,.F.,.F.,(3,3),(2,2),(0.,1.),(-10000.,
10000.),.UNSPECIFIED.);
#53=B_SPLINE_SURFACE_WITH_KNOTS('',2,1,((#10033,#10034),(#10035,#10036),
(#10037,#10038)),.UNSPECIFIED.,.F.,.F.,.F.,(3,3),(2,2),(0.,1.),(-10000.,
10000.),.UNSPECIFIED.);
#54=B_SPLINE_SURFACE_WITH_KNOTS('',2,1,((#10044,#10045),(#10046,#10047),
(#10048,#10049)),.UNSPECIFIED.,.F.,.F.,.F.,(3,3),(2,2),(0.,1.),(-10000.,
10000.),.UNSPECIFIED.);
#55=B_SPLINE_SURFACE_WITH_KNOTS('',2,1,((#10059,#10060),(#10061,#10062),
(#10063,#10064)),.UNSPECIFIED.,.F.,.F.,.F.,(3,3),(2,2),(0.,1.),(-10000.,
10000.),.UNSPECIFIED.);
#56=B_SPLINE_SURFACE_WITH_KNOTS('',2,1,((#10070,#10071),(#10072,#10073),
(#10074,#10075)),.UNSPECIFIED.,.F.,.F.,.F.,(3,3),(2,2),(0.,1.),(-10000.,
10000.),.UNSPECIFIED.);
#57=B_SPLINE_SURFACE_WITH_KNOTS('',2,1,((#10081,#10082),(#10083,#10084),
(#10085,#10086)),.UNSPECIFIED.,.F.,.F.,.F.,(3,3),(2,2),(0.,1.),(-10000.,
10000.),.UNSPECIFIED.);
#58=B_SPLINE_SURFACE_WITH_KNOTS('',2,1,((#10092,#10093),(#10094,#10095),
(#10096,#10097)),.UNSPECIFIED.,.F.,.F.,.F.,(3,3),(2,2),(0.,1.),(-10000.,
10000.),.UNSPECIFIED.);
#59=B_SPLINE_SURFACE_WITH_KNOTS('',2,1,((#10103,#10104),(#10105,#10106),
(#10107,#10108)),.UNSPECIFIED.,.F.,.F.,.F.,(3,3),(2,2),(0.,1.),(-10000.,
10000.),.UNSPECIFIED.);
#60=B_SPLINE_SURFACE_WITH_KNOTS('',2,1,((#10114,#10115),(#10116,#10117),
(#10118,#10119)),.UNSPECIFIED.,.F.,.F.,.F.,(3,3),(2,2),(0.,1.),(-10000.,
10000.),.UNSPECIFIED.);
#61=B_SPLINE_SURFACE_WITH_KNOTS('',2,1,((#10129,#10130),(#10131,#10132),
(#10133,#10134)),.UNSPECIFIED.,.F.,.F.,.F.,(3,3),(2,2),(0.,1.),(-10000.,
10000.),.UNSPECIFIED.);
#62=B_SPLINE_SURFACE_WITH_KNOTS('',2,1,((#10140,#10141),(#10142,#10143),
(#10144,#10145)),.UNSPECIFIED.,.F.,.F.,.F.,(3,3),(2,2),(0.,1.),(-10000.,
10000.),.UNSPECIFIED.);
#63=B_SPLINE_SURFACE_WITH_KNOTS('',2,1,((#10151,#10152),(#10153,#10154),
(#10155,#10156)),.UNSPECIFIED.,.F.,.F.,.F.,(3,3),(2,2),(0.,1.),(-10000.,
10000.),.UNSPECIFIED.);
#64=B_SPLINE_SURFACE_WITH_KNOTS('',2,1,((#10162,#10163),(#10164,#10165),
(#10166,#10167)),.UNSPECIFIED.,.F.,.F.,.F.,(3,3),(2,2),(0.,1.),(-10000.,
10000.),.UNSPECIFIED.);
#65=B_SPLINE_SURFACE_WITH_KNOTS('',2,1,((#10173,#10174),(#10175,#10176),
(#10177,#10178)),.UNSPECIFIED.,.F.,.F.,.F.,(3,3),(2,2),(0.,1.),(-10000.,
10000.),.UNSPECIFIED.);
#66=B_SPLINE_SURFACE_WITH_KNOTS('',2,1,((#10184,#10185),(#10186,#10187),
(#10188,#10189)),.UNSPECIFIED.,.F.,.F.,.F.,(3,3),(2,2),(0.,1.),(-10000.,
10000.),.UNSPECIFIED.);
#67=B_SPLINE_SURFACE_WITH_KNOTS('',2,1,((#10195,#10196),(#10197,#10198),
(#10199,#10200)),.UNSPECIFIED.,.F.,.F.,.F.,(3,3),(2,2),(0.,1.),(-10000.,
10000.),.UNSPECIFIED.);
#68=B_SPLINE_SURFACE_WITH_KNOTS('',2,1,((#10206,#10207),(#10208,#10209),
(#10210,#10211)),.UNSPECIFIED.,.F.,.F.,.F.,(3,3),(2,2),(0.,1.),(-10000.,
10000.),.UNSPECIFIED.);
#69=B_SPLINE_SURFACE_WITH_KNOTS('',2,1,((#10217,#10218),(#10219,#10220),
(#10221,#10222)),.UNSPECIFIED.,.F.,.F.,.F.,(3,3),(2,2),(0.,1.),(-10000.,
10000.),.UNSPECIFIED.);
#70=B_SPLINE_SURFACE_WITH_KNOTS('',2,1,((#10228,#10229),(#10230,#10231),
(#10232,#10233)),.UNSPECIFIED.,.F.,.F.,.F.,(3,3),(2,2),(0.,1.),(-10000.,
10000.),.UNSPECIFIED.);
#71=B_SPLINE_SURFACE_WITH_KNOTS('',2,1,((#10239,#10240),(#10241,#10242),
(#10243,#10244)),.UNSPECIFIED.,.F.,.F.,.F.,(3,3),(2,2),(0.,1.),(-10000.,
10000.),.UNSPECIFIED.);
#72=B_SPLINE_SURFACE_WITH_KNOTS('',2,1,((#10248,#10249),(#10250,#10251),
(#10252,#10253)),.UNSPECIFIED.,.F.,.F.,.F.,(3,3),(2,2),(0.,1.),(-10000.,
10000.),.UNSPECIFIED.);
#73=B_SPLINE_SURFACE_WITH_KNOTS('',2,1,((#10261,#10262),(#10263,#10264),
(#10265,#10266)),.UNSPECIFIED.,.F.,.F.,.F.,(3,3),(2,2),(0.,1.),(-10000.,
10000.),.UNSPECIFIED.);
#74=B_SPLINE_SURFACE_WITH_KNOTS('',2,1,((#10272,#10273),(#10274,#10275),
(#10276,#10277)),.UNSPECIFIED.,.F.,.F.,.F.,(3,3),(2,2),(0.,1.),(-10000.,
10000.),.UNSPECIFIED.);
#75=B_SPLINE_SURFACE_WITH_KNOTS('',2,1,((#10283,#10284),(#10285,#10286),
(#10287,#10288)),.UNSPECIFIED.,.F.,.F.,.F.,(3,3),(2,2),(0.,1.),(-10000.,
10000.),.UNSPECIFIED.);
#76=B_SPLINE_SURFACE_WITH_KNOTS('',2,1,((#10294,#10295),(#10296,#10297),
(#10298,#10299)),.UNSPECIFIED.,.F.,.F.,.F.,(3,3),(2,2),(0.,1.),(-10000.,
10000.),.UNSPECIFIED.);
#77=B_SPLINE_SURFACE_WITH_KNOTS('',2,1,((#10305,#10306),(#10307,#10308),
(#10309,#10310)),.UNSPECIFIED.,.F.,.F.,.F.,(3,3),(2,2),(0.,1.),(-10000.,
10000.),.UNSPECIFIED.);
#78=B_SPLINE_SURFACE_WITH_KNOTS('',2,1,((#10316,#10317),(#10318,#10319),
(#10320,#10321)),.UNSPECIFIED.,.F.,.F.,.F.,(3,3),(2,2),(0.,1.),(-10000.,
10000.),.UNSPECIFIED.);
#79=B_SPLINE_SURFACE_WITH_KNOTS('',2,1,((#10327,#10328),(#10329,#10330),
(#10331,#10332)),.UNSPECIFIED.,.F.,.F.,.F.,(3,3),(2,2),(0.,1.),(-10000.,
10000.),.UNSPECIFIED.);
#80=B_SPLINE_SURFACE_WITH_KNOTS('',2,1,((#10342,#10343),(#10344,#10345),
(#10346,#10347)),.UNSPECIFIED.,.F.,.F.,.F.,(3,3),(2,2),(0.,1.),(-10000.,
10000.),.UNSPECIFIED.);
#81=B_SPLINE_SURFACE_WITH_KNOTS('',2,1,((#10357,#10358),(#10359,#10360),
(#10361,#10362)),.UNSPECIFIED.,.F.,.F.,.F.,(3,3),(2,2),(0.,1.),(-10000.,
10000.),.UNSPECIFIED.);
#82=B_SPLINE_SURFACE_WITH_KNOTS('',2,1,((#10368,#10369),(#10370,#10371),
(#10372,#10373)),.UNSPECIFIED.,.F.,.F.,.F.,(3,3),(2,2),(0.,1.),(-10000.,
10000.),.UNSPECIFIED.);
#83=B_SPLINE_SURFACE_WITH_KNOTS('',2,1,((#10379,#10380),(#10381,#10382),
(#10383,#10384)),.UNSPECIFIED.,.F.,.F.,.F.,(3,3),(2,2),(0.,1.),(-10000.,
10000.),.UNSPECIFIED.);
#84=B_SPLINE_SURFACE_WITH_KNOTS('',2,1,((#10390,#10391),(#10392,#10393),
(#10394,#10395)),.UNSPECIFIED.,.F.,.F.,.F.,(3,3),(2,2),(0.,1.),(-10000.,
10000.),.UNSPECIFIED.);
#85=B_SPLINE_SURFACE_WITH_KNOTS('',2,1,((#10405,#10406),(#10407,#10408),
(#10409,#10410)),.UNSPECIFIED.,.F.,.F.,.F.,(3,3),(2,2),(0.,1.),(-10000.,
10000.),.UNSPECIFIED.);
#86=B_SPLINE_SURFACE_WITH_KNOTS('',2,1,((#10416,#10417),(#10418,#10419),
(#10420,#10421)),.UNSPECIFIED.,.F.,.F.,.F.,(3,3),(2,2),(0.,1.),(-10000.,
10000.),.UNSPECIFIED.);
#87=B_SPLINE_SURFACE_WITH_KNOTS('',2,1,((#10425,#10426),(#10427,#10428),
(#10429,#10430)),.UNSPECIFIED.,.F.,.F.,.F.,(3,3),(2,2),(0.,1.),(-10000.,
10000.),.UNSPECIFIED.);
#88=B_SPLINE_SURFACE_WITH_KNOTS('',2,1,((#10438,#10439),(#10440,#10441),
(#10442,#10443)),.UNSPECIFIED.,.F.,.F.,.F.,(3,3),(2,2),(0.,1.),(-10000.,
10000.),.UNSPECIFIED.);
#89=B_SPLINE_SURFACE_WITH_KNOTS('',2,1,((#10449,#10450),(#10451,#10452),
(#10453,#10454)),.UNSPECIFIED.,.F.,.F.,.F.,(3,3),(2,2),(0.,1.),(-10000.,
10000.),.UNSPECIFIED.);
#90=B_SPLINE_SURFACE_WITH_KNOTS('',2,1,((#10464,#10465),(#10466,#10467),
(#10468,#10469)),.UNSPECIFIED.,.F.,.F.,.F.,(3,3),(2,2),(0.,1.),(-10000.,
10000.),.UNSPECIFIED.);
#91=B_SPLINE_SURFACE_WITH_KNOTS('',2,1,((#10487,#10488),(#10489,#10490),
(#10491,#10492)),.UNSPECIFIED.,.F.,.F.,.F.,(3,3),(2,2),(0.,1.),(-10000.,
10000.),.UNSPECIFIED.);
#92=B_SPLINE_SURFACE_WITH_KNOTS('',2,1,((#10502,#10503),(#10504,#10505),
(#10506,#10507)),.UNSPECIFIED.,.F.,.F.,.F.,(3,3),(2,2),(0.,1.),(-10000.,
10000.),.UNSPECIFIED.);
#93=B_SPLINE_SURFACE_WITH_KNOTS('',2,1,((#10517,#10518),(#10519,#10520),
(#10521,#10522)),.UNSPECIFIED.,.F.,.F.,.F.,(3,3),(2,2),(0.,1.),(-10000.,
10000.),.UNSPECIFIED.);
#94=B_SPLINE_SURFACE_WITH_KNOTS('',2,1,((#10532,#10533),(#10534,#10535),
(#10536,#10537)),.UNSPECIFIED.,.F.,.F.,.F.,(3,3),(2,2),(0.,1.),(-10000.,
10000.),.UNSPECIFIED.);
#95=B_SPLINE_SURFACE_WITH_KNOTS('',2,1,((#10547,#10548),(#10549,#10550),
(#10551,#10552)),.UNSPECIFIED.,.F.,.F.,.F.,(3,3),(2,2),(0.,1.),(-10000.,
10000.),.UNSPECIFIED.);
#96=B_SPLINE_SURFACE_WITH_KNOTS('',2,1,((#10573,#10574),(#10575,#10576),
(#10577,#10578)),.UNSPECIFIED.,.F.,.F.,.F.,(3,3),(2,2),(0.,1.),(-10000.,
10000.),.UNSPECIFIED.);
#97=B_SPLINE_SURFACE_WITH_KNOTS('',2,1,((#10586,#10587),(#10588,#10589),
(#10590,#10591)),.UNSPECIFIED.,.F.,.F.,.F.,(3,3),(2,2),(0.,1.),(-10000.,
10000.),.UNSPECIFIED.);
#98=B_SPLINE_SURFACE_WITH_KNOTS('',2,1,((#10597,#10598),(#10599,#10600),
(#10601,#10602)),.UNSPECIFIED.,.F.,.F.,.F.,(3,3),(2,2),(0.,1.),(-10000.,
10000.),.UNSPECIFIED.);
#99=B_SPLINE_SURFACE_WITH_KNOTS('',2,1,((#10608,#10609),(#10610,#10611),
(#10612,#10613)),.UNSPECIFIED.,.F.,.F.,.F.,(3,3),(2,2),(0.,1.),(-10000.,
10000.),.UNSPECIFIED.);
#100=B_SPLINE_SURFACE_WITH_KNOTS('',2,1,((#10619,#10620),(#10621,#10622),
(#10623,#10624)),.UNSPECIFIED.,.F.,.F.,.F.,(3,3),(2,2),(0.,1.),(-10000.,
10000.),.UNSPECIFIED.);
#101=B_SPLINE_SURFACE_WITH_KNOTS('',2,1,((#10630,#10631),(#10632,#10633),
(#10634,#10635)),.UNSPECIFIED.,.F.,.F.,.F.,(3,3),(2,2),(0.,1.),(-10000.,
10000.),.UNSPECIFIED.);
#102=B_SPLINE_SURFACE_WITH_KNOTS('',2,1,((#10641,#10642),(#10643,#10644),
(#10645,#10646)),.UNSPECIFIED.,.F.,.F.,.F.,(3,3),(2,2),(0.,1.),(-10000.,
10000.),.UNSPECIFIED.);
#103=B_SPLINE_SURFACE_WITH_KNOTS('',2,1,((#10652,#10653),(#10654,#10655),
(#10656,#10657)),.UNSPECIFIED.,.F.,.F.,.F.,(3,3),(2,2),(0.,1.),(-10000.,
10000.),.UNSPECIFIED.);
#104=B_SPLINE_SURFACE_WITH_KNOTS('',2,1,((#10663,#10664),(#10665,#10666),
(#10667,#10668)),.UNSPECIFIED.,.F.,.F.,.F.,(3,3),(2,2),(0.,1.),(-10000.,
10000.),.UNSPECIFIED.);
#105=B_SPLINE_SURFACE_WITH_KNOTS('',2,1,((#10674,#10675),(#10676,#10677),
(#10678,#10679)),.UNSPECIFIED.,.F.,.F.,.F.,(3,3),(2,2),(0.,1.),(-10000.,
10000.),.UNSPECIFIED.);
#106=B_SPLINE_SURFACE_WITH_KNOTS('',2,1,((#10685,#10686),(#10687,#10688),
(#10689,#10690)),.UNSPECIFIED.,.F.,.F.,.F.,(3,3),(2,2),(0.,1.),(-10000.,
10000.),.UNSPECIFIED.);
#107=B_SPLINE_SURFACE_WITH_KNOTS('',2,1,((#10696,#10697),(#10698,#10699),
(#10700,#10701)),.UNSPECIFIED.,.F.,.F.,.F.,(3,3),(2,2),(0.,1.),(-10000.,
10000.),.UNSPECIFIED.);
#108=B_SPLINE_SURFACE_WITH_KNOTS('',2,1,((#10707,#10708),(#10709,#10710),
(#10711,#10712)),.UNSPECIFIED.,.F.,.F.,.F.,(3,3),(2,2),(0.,1.),(-10000.,
10000.),.UNSPECIFIED.);
#109=B_SPLINE_SURFACE_WITH_KNOTS('',2,1,((#10718,#10719),(#10720,#10721),
(#10722,#10723)),.UNSPECIFIED.,.F.,.F.,.F.,(3,3),(2,2),(0.,1.),(-10000.,
10000.),.UNSPECIFIED.);
#110=B_SPLINE_SURFACE_WITH_KNOTS('',2,1,((#10727,#10728),(#10729,#10730),
(#10731,#10732)),.UNSPECIFIED.,.F.,.F.,.F.,(3,3),(2,2),(0.,1.),(-10000.,
10000.),.UNSPECIFIED.);
#111=B_SPLINE_SURFACE_WITH_KNOTS('',2,1,((#10740,#10741),(#10742,#10743),
(#10744,#10745)),.UNSPECIFIED.,.F.,.F.,.F.,(3,3),(2,2),(0.,1.),(-10000.,
10000.),.UNSPECIFIED.);
#112=B_SPLINE_SURFACE_WITH_KNOTS('',2,1,((#10751,#10752),(#10753,#10754),
(#10755,#10756)),.UNSPECIFIED.,.F.,.F.,.F.,(3,3),(2,2),(0.,1.),(-10000.,
10000.),.UNSPECIFIED.);
#113=B_SPLINE_SURFACE_WITH_KNOTS('',2,1,((#10786,#10787),(#10788,#10789),
(#10790,#10791)),.UNSPECIFIED.,.F.,.F.,.F.,(3,3),(2,2),(0.,1.),(-10000.,
10000.),.UNSPECIFIED.);
#114=B_SPLINE_SURFACE_WITH_KNOTS('',2,1,((#10797,#10798),(#10799,#10800),
(#10801,#10802)),.UNSPECIFIED.,.F.,.F.,.F.,(3,3),(2,2),(0.,1.),(-10000.,
10000.),.UNSPECIFIED.);
#115=B_SPLINE_SURFACE_WITH_KNOTS('',2,1,((#10812,#10813),(#10814,#10815),
(#10816,#10817)),.UNSPECIFIED.,.F.,.F.,.F.,(3,3),(2,2),(0.,1.),(-10000.,
10000.),.UNSPECIFIED.);
#116=B_SPLINE_SURFACE_WITH_KNOTS('',2,1,((#10823,#10824),(#10825,#10826),
(#10827,#10828)),.UNSPECIFIED.,.F.,.F.,.F.,(3,3),(2,2),(0.,1.),(-10000.,
10000.),.UNSPECIFIED.);
#117=B_SPLINE_SURFACE_WITH_KNOTS('',2,1,((#10834,#10835),(#10836,#10837),
(#10838,#10839)),.UNSPECIFIED.,.F.,.F.,.F.,(3,3),(2,2),(0.,1.),(-10000.,
10000.),.UNSPECIFIED.);
#118=B_SPLINE_SURFACE_WITH_KNOTS('',2,1,((#10845,#10846),(#10847,#10848),
(#10849,#10850)),.UNSPECIFIED.,.F.,.F.,.F.,(3,3),(2,2),(0.,1.),(-10000.,
10000.),.UNSPECIFIED.);
#119=B_SPLINE_SURFACE_WITH_KNOTS('',2,1,((#10856,#10857),(#10858,#10859),
(#10860,#10861)),.UNSPECIFIED.,.F.,.F.,.F.,(3,3),(2,2),(0.,1.),(-10000.,
10000.),.UNSPECIFIED.);
#120=B_SPLINE_SURFACE_WITH_KNOTS('',2,1,((#10867,#10868),(#10869,#10870),
(#10871,#10872)),.UNSPECIFIED.,.F.,.F.,.F.,(3,3),(2,2),(0.,1.),(-10000.,
10000.),.UNSPECIFIED.);
#121=B_SPLINE_SURFACE_WITH_KNOTS('',2,1,((#10878,#10879),(#10880,#10881),
(#10882,#10883)),.UNSPECIFIED.,.F.,.F.,.F.,(3,3),(2,2),(0.,1.),(-10000.,
10000.),.UNSPECIFIED.);
#122=B_SPLINE_SURFACE_WITH_KNOTS('',2,1,((#10889,#10890),(#10891,#10892),
(#10893,#10894)),.UNSPECIFIED.,.F.,.F.,.F.,(3,3),(2,2),(0.,1.),(-10000.,
10000.),.UNSPECIFIED.);
#123=B_SPLINE_SURFACE_WITH_KNOTS('',2,1,((#10898,#10899),(#10900,#10901),
(#10902,#10903)),.UNSPECIFIED.,.F.,.F.,.F.,(3,3),(2,2),(0.,1.),(-10000.,
10000.),.UNSPECIFIED.);
#124=B_SPLINE_SURFACE_WITH_KNOTS('',2,1,((#10911,#10912),(#10913,#10914),
(#10915,#10916)),.UNSPECIFIED.,.F.,.F.,.F.,(3,3),(2,2),(0.,1.),(-10000.,
10000.),.UNSPECIFIED.);
#125=B_SPLINE_SURFACE_WITH_KNOTS('',2,1,((#10922,#10923),(#10924,#10925),
(#10926,#10927)),.UNSPECIFIED.,.F.,.F.,.F.,(3,3),(2,2),(0.,1.),(-10000.,
10000.),.UNSPECIFIED.);
#126=B_SPLINE_SURFACE_WITH_KNOTS('',2,1,((#10933,#10934),(#10935,#10936),
(#10937,#10938)),.UNSPECIFIED.,.F.,.F.,.F.,(3,3),(2,2),(0.,1.),(-10000.,
10000.),.UNSPECIFIED.);
#127=B_SPLINE_SURFACE_WITH_KNOTS('',2,1,((#10944,#10945),(#10946,#10947),
(#10948,#10949)),.UNSPECIFIED.,.F.,.F.,.F.,(3,3),(2,2),(0.,1.),(-10000.,
10000.),.UNSPECIFIED.);
#128=B_SPLINE_SURFACE_WITH_KNOTS('',2,1,((#10955,#10956),(#10957,#10958),
(#10959,#10960)),.UNSPECIFIED.,.F.,.F.,.F.,(3,3),(2,2),(0.,1.),(-10000.,
10000.),.UNSPECIFIED.);
#129=B_SPLINE_SURFACE_WITH_KNOTS('',2,1,((#10966,#10967),(#10968,#10969),
(#10970,#10971)),.UNSPECIFIED.,.F.,.F.,.F.,(3,3),(2,2),(0.,1.),(-10000.,
10000.),.UNSPECIFIED.);
#130=B_SPLINE_SURFACE_WITH_KNOTS('',2,1,((#10977,#10978),(#10979,#10980),
(#10981,#10982)),.UNSPECIFIED.,.F.,.F.,.F.,(3,3),(2,2),(0.,1.),(-10000.,
10000.),.UNSPECIFIED.);
#131=B_SPLINE_SURFACE_WITH_KNOTS('',2,1,((#10992,#10993),(#10994,#10995),
(#10996,#10997)),.UNSPECIFIED.,.F.,.F.,.F.,(3,3),(2,2),(0.,1.),(-10000.,
10000.),.UNSPECIFIED.);
#132=B_SPLINE_SURFACE_WITH_KNOTS('',2,1,((#11003,#11004),(#11005,#11006),
(#11007,#11008)),.UNSPECIFIED.,.F.,.F.,.F.,(3,3),(2,2),(0.,1.),(-10000.,
10000.),.UNSPECIFIED.);
#133=B_SPLINE_SURFACE_WITH_KNOTS('',2,1,((#11014,#11015),(#11016,#11017),
(#11018,#11019)),.UNSPECIFIED.,.F.,.F.,.F.,(3,3),(2,2),(0.,1.),(-10000.,
10000.),.UNSPECIFIED.);
#134=B_SPLINE_SURFACE_WITH_KNOTS('',2,1,((#11025,#11026),(#11027,#11028),
(#11029,#11030)),.UNSPECIFIED.,.F.,.F.,.F.,(3,3),(2,2),(0.,1.),(-10000.,
10000.),.UNSPECIFIED.);
#135=B_SPLINE_SURFACE_WITH_KNOTS('',2,1,((#11044,#11045),(#11046,#11047),
(#11048,#11049)),.UNSPECIFIED.,.F.,.F.,.F.,(3,3),(2,2),(0.,1.),(-10000.,
10000.),.UNSPECIFIED.);
#136=B_SPLINE_SURFACE_WITH_KNOTS('',2,1,((#11055,#11056),(#11057,#11058),
(#11059,#11060)),.UNSPECIFIED.,.F.,.F.,.F.,(3,3),(2,2),(0.,1.),(-10000.,
10000.),.UNSPECIFIED.);
#137=B_SPLINE_SURFACE_WITH_KNOTS('',2,1,((#11066,#11067),(#11068,#11069),
(#11070,#11071)),.UNSPECIFIED.,.F.,.F.,.F.,(3,3),(2,2),(0.,1.),(-10000.,
10000.),.UNSPECIFIED.);
#138=B_SPLINE_SURFACE_WITH_KNOTS('',2,1,((#11075,#11076),(#11077,#11078),
(#11079,#11080)),.UNSPECIFIED.,.F.,.F.,.F.,(3,3),(2,2),(0.,1.),(-10000.,
10000.),.UNSPECIFIED.);
#139=B_SPLINE_SURFACE_WITH_KNOTS('',2,1,((#11088,#11089),(#11090,#11091),
(#11092,#11093)),.UNSPECIFIED.,.F.,.F.,.F.,(3,3),(2,2),(0.,1.),(-10000.,
10000.),.UNSPECIFIED.);
#140=B_SPLINE_SURFACE_WITH_KNOTS('',2,1,((#11099,#11100),(#11101,#11102),
(#11103,#11104)),.UNSPECIFIED.,.F.,.F.,.F.,(3,3),(2,2),(0.,1.),(-10000.,
10000.),.UNSPECIFIED.);
#141=B_SPLINE_SURFACE_WITH_KNOTS('',2,1,((#11134,#11135),(#11136,#11137),
(#11138,#11139)),.UNSPECIFIED.,.F.,.F.,.F.,(3,3),(2,2),(0.,1.),(-10000.,
10000.),.UNSPECIFIED.);
#142=B_SPLINE_SURFACE_WITH_KNOTS('',2,1,((#11145,#11146),(#11147,#11148),
(#11149,#11150)),.UNSPECIFIED.,.F.,.F.,.F.,(3,3),(2,2),(0.,1.),(-10000.,
10000.),.UNSPECIFIED.);
#143=B_SPLINE_SURFACE_WITH_KNOTS('',2,1,((#11156,#11157),(#11158,#11159),
(#11160,#11161)),.UNSPECIFIED.,.F.,.F.,.F.,(3,3),(2,2),(0.,1.),(-10000.,
10000.),.UNSPECIFIED.);
#144=B_SPLINE_SURFACE_WITH_KNOTS('',2,1,((#11167,#11168),(#11169,#11170),
(#11171,#11172)),.UNSPECIFIED.,.F.,.F.,.F.,(3,3),(2,2),(0.,1.),(-10000.,
10000.),.UNSPECIFIED.);
#145=B_SPLINE_SURFACE_WITH_KNOTS('',2,1,((#11190,#11191),(#11192,#11193),
(#11194,#11195)),.UNSPECIFIED.,.F.,.F.,.F.,(3,3),(2,2),(0.,1.),(-10000.,
10000.),.UNSPECIFIED.);
#146=B_SPLINE_SURFACE_WITH_KNOTS('',2,1,((#11201,#11202),(#11203,#11204),
(#11205,#11206)),.UNSPECIFIED.,.F.,.F.,.F.,(3,3),(2,2),(0.,1.),(-10000.,
10000.),.UNSPECIFIED.);
#147=B_SPLINE_SURFACE_WITH_KNOTS('',2,1,((#11711,#11712),(#11713,#11714),
(#11715,#11716)),.UNSPECIFIED.,.F.,.F.,.F.,(3,3),(2,2),(0.,1.),(-10000.,
10000.),.UNSPECIFIED.);
#148=B_SPLINE_SURFACE_WITH_KNOTS('',2,1,((#11722,#11723),(#11724,#11725),
(#11726,#11727)),.UNSPECIFIED.,.F.,.F.,.F.,(3,3),(2,2),(0.,1.),(-10000.,
10000.),.UNSPECIFIED.);
#149=B_SPLINE_SURFACE_WITH_KNOTS('',2,1,((#11733,#11734),(#11735,#11736),
(#11737,#11738)),.UNSPECIFIED.,.F.,.F.,.F.,(3,3),(2,2),(0.,1.),(-10000.,
10000.),.UNSPECIFIED.);
#150=B_SPLINE_SURFACE_WITH_KNOTS('',2,1,((#11744,#11745),(#11746,#11747),
(#11748,#11749)),.UNSPECIFIED.,.F.,.F.,.F.,(3,3),(2,2),(0.,1.),(-10000.,
10000.),.UNSPECIFIED.);
#151=B_SPLINE_SURFACE_WITH_KNOTS('',2,1,((#11761,#11762),(#11763,#11764),
(#11765,#11766)),.UNSPECIFIED.,.F.,.F.,.F.,(3,3),(2,2),(0.,1.),(-10000.,
10000.),.UNSPECIFIED.);
#152=B_SPLINE_SURFACE_WITH_KNOTS('',2,1,((#11774,#11775),(#11776,#11777),
(#11778,#11779)),.UNSPECIFIED.,.F.,.F.,.F.,(3,3),(2,2),(0.,1.),(-10000.,
10000.),.UNSPECIFIED.);
#153=B_SPLINE_SURFACE_WITH_KNOTS('',2,1,((#11785,#11786),(#11787,#11788),
(#11789,#11790)),.UNSPECIFIED.,.F.,.F.,.F.,(3,3),(2,2),(0.,1.),(-10000.,
10000.),.UNSPECIFIED.);
#154=B_SPLINE_SURFACE_WITH_KNOTS('',2,1,((#11796,#11797),(#11798,#11799),
(#11800,#11801)),.UNSPECIFIED.,.F.,.F.,.F.,(3,3),(2,2),(0.,1.),(-10000.,
10000.),.UNSPECIFIED.);
#155=B_SPLINE_SURFACE_WITH_KNOTS('',2,1,((#11811,#11812),(#11813,#11814),
(#11815,#11816)),.UNSPECIFIED.,.F.,.F.,.F.,(3,3),(2,2),(0.,1.),(-10000.,
10000.),.UNSPECIFIED.);
#156=B_SPLINE_SURFACE_WITH_KNOTS('',2,1,((#11820,#11821),(#11822,#11823),
(#11824,#11825)),.UNSPECIFIED.,.F.,.F.,.F.,(3,3),(2,2),(0.,1.),(-10000.,
10000.),.UNSPECIFIED.);
#157=B_SPLINE_SURFACE_WITH_KNOTS('',2,1,((#11833,#11834),(#11835,#11836),
(#11837,#11838)),.UNSPECIFIED.,.F.,.F.,.F.,(3,3),(2,2),(0.,1.),(-10000.,
10000.),.UNSPECIFIED.);
#158=B_SPLINE_SURFACE_WITH_KNOTS('',2,1,((#11844,#11845),(#11846,#11847),
(#11848,#11849)),.UNSPECIFIED.,.F.,.F.,.F.,(3,3),(2,2),(0.,1.),(-10000.,
10000.),.UNSPECIFIED.);
#159=B_SPLINE_SURFACE_WITH_KNOTS('',2,1,((#11855,#11856),(#11857,#11858),
(#11859,#11860)),.UNSPECIFIED.,.F.,.F.,.F.,(3,3),(2,2),(0.,1.),(-10000.,
10000.),.UNSPECIFIED.);
#160=B_SPLINE_SURFACE_WITH_KNOTS('',2,1,((#11870,#11871),(#11872,#11873),
(#11874,#11875)),.UNSPECIFIED.,.F.,.F.,.F.,(3,3),(2,2),(0.,1.),(-10000.,
10000.),.UNSPECIFIED.);
#161=B_SPLINE_SURFACE_WITH_KNOTS('',2,1,((#11879,#11880),(#11881,#11882),
(#11883,#11884)),.UNSPECIFIED.,.F.,.F.,.F.,(3,3),(2,2),(0.,1.),(-10000.,
10000.),.UNSPECIFIED.);
#162=B_SPLINE_SURFACE_WITH_KNOTS('',2,1,((#11892,#11893),(#11894,#11895),
(#11896,#11897)),.UNSPECIFIED.,.F.,.F.,.F.,(3,3),(2,2),(0.,1.),(-10000.,
10000.),.UNSPECIFIED.);
#163=B_SPLINE_SURFACE_WITH_KNOTS('',2,1,((#11903,#11904),(#11905,#11906),
(#11907,#11908)),.UNSPECIFIED.,.F.,.F.,.F.,(3,3),(2,2),(0.,1.),(-10000.,
10000.),.UNSPECIFIED.);
#164=B_SPLINE_SURFACE_WITH_KNOTS('',2,1,((#11914,#11915),(#11916,#11917),
(#11918,#11919)),.UNSPECIFIED.,.F.,.F.,.F.,(3,3),(2,2),(0.,1.),(-10000.,
10000.),.UNSPECIFIED.);
#165=B_SPLINE_SURFACE_WITH_KNOTS('',2,1,((#11925,#11926),(#11927,#11928),
(#11929,#11930)),.UNSPECIFIED.,.F.,.F.,.F.,(3,3),(2,2),(0.,1.),(-10000.,
10000.),.UNSPECIFIED.);
#166=B_SPLINE_SURFACE_WITH_KNOTS('',2,1,((#11936,#11937),(#11938,#11939),
(#11940,#11941)),.UNSPECIFIED.,.F.,.F.,.F.,(3,3),(2,2),(0.,1.),(-10000.,
10000.),.UNSPECIFIED.);
#167=B_SPLINE_SURFACE_WITH_KNOTS('',2,1,((#11947,#11948),(#11949,#11950),
(#11951,#11952)),.UNSPECIFIED.,.F.,.F.,.F.,(3,3),(2,2),(0.,1.),(-10000.,
10000.),.UNSPECIFIED.);
#168=B_SPLINE_SURFACE_WITH_KNOTS('',2,1,((#11958,#11959),(#11960,#11961),
(#11962,#11963)),.UNSPECIFIED.,.F.,.F.,.F.,(3,3),(2,2),(0.,1.),(-10000.,
10000.),.UNSPECIFIED.);
#169=B_SPLINE_SURFACE_WITH_KNOTS('',2,1,((#11969,#11970),(#11971,#11972),
(#11973,#11974)),.UNSPECIFIED.,.F.,.F.,.F.,(3,3),(2,2),(0.,1.),(-10000.,
10000.),.UNSPECIFIED.);
#170=B_SPLINE_SURFACE_WITH_KNOTS('',2,1,((#11980,#11981),(#11982,#11983),
(#11984,#11985)),.UNSPECIFIED.,.F.,.F.,.F.,(3,3),(2,2),(0.,1.),(-10000.,
10000.),.UNSPECIFIED.);
#171=B_SPLINE_SURFACE_WITH_KNOTS('',2,1,((#11991,#11992),(#11993,#11994),
(#11995,#11996)),.UNSPECIFIED.,.F.,.F.,.F.,(3,3),(2,2),(0.,1.),(-10000.,
10000.),.UNSPECIFIED.);
#172=B_SPLINE_SURFACE_WITH_KNOTS('',2,1,((#12000,#12001),(#12002,#12003),
(#12004,#12005)),.UNSPECIFIED.,.F.,.F.,.F.,(3,3),(2,2),(0.,1.),(-10000.,
10000.),.UNSPECIFIED.);
#173=B_SPLINE_SURFACE_WITH_KNOTS('',2,1,((#12013,#12014),(#12015,#12016),
(#12017,#12018)),.UNSPECIFIED.,.F.,.F.,.F.,(3,3),(2,2),(0.,1.),(-10000.,
10000.),.UNSPECIFIED.);
#174=B_SPLINE_SURFACE_WITH_KNOTS('',2,1,((#12024,#12025),(#12026,#12027),
(#12028,#12029)),.UNSPECIFIED.,.F.,.F.,.F.,(3,3),(2,2),(0.,1.),(-10000.,
10000.),.UNSPECIFIED.);
#175=B_SPLINE_SURFACE_WITH_KNOTS('',2,1,((#12035,#12036),(#12037,#12038),
(#12039,#12040)),.UNSPECIFIED.,.F.,.F.,.F.,(3,3),(2,2),(0.,1.),(-10000.,
10000.),.UNSPECIFIED.);
#176=B_SPLINE_SURFACE_WITH_KNOTS('',2,1,((#12046,#12047),(#12048,#12049),
(#12050,#12051)),.UNSPECIFIED.,.F.,.F.,.F.,(3,3),(2,2),(0.,1.),(-10000.,
10000.),.UNSPECIFIED.);
#177=B_SPLINE_SURFACE_WITH_KNOTS('',2,1,((#12057,#12058),(#12059,#12060),
(#12061,#12062)),.UNSPECIFIED.,.F.,.F.,.F.,(3,3),(2,2),(0.,1.),(-10000.,
10000.),.UNSPECIFIED.);
#178=B_SPLINE_SURFACE_WITH_KNOTS('',2,1,((#12068,#12069),(#12070,#12071),
(#12072,#12073)),.UNSPECIFIED.,.F.,.F.,.F.,(3,3),(2,2),(0.,1.),(-10000.,
10000.),.UNSPECIFIED.);
#179=B_SPLINE_SURFACE_WITH_KNOTS('',2,1,((#12079,#12080),(#12081,#12082),
(#12083,#12084)),.UNSPECIFIED.,.F.,.F.,.F.,(3,3),(2,2),(0.,1.),(-10000.,
10000.),.UNSPECIFIED.);
#180=B_SPLINE_SURFACE_WITH_KNOTS('',2,1,((#12090,#12091),(#12092,#12093),
(#12094,#12095)),.UNSPECIFIED.,.F.,.F.,.F.,(3,3),(2,2),(0.,1.),(-10000.,
10000.),.UNSPECIFIED.);
#181=B_SPLINE_SURFACE_WITH_KNOTS('',2,1,((#12105,#12106),(#12107,#12108),
(#12109,#12110)),.UNSPECIFIED.,.F.,.F.,.F.,(3,3),(2,2),(0.,1.),(-10000.,
10000.),.UNSPECIFIED.);
#182=B_SPLINE_SURFACE_WITH_KNOTS('',2,1,((#12116,#12117),(#12118,#12119),
(#12120,#12121)),.UNSPECIFIED.,.F.,.F.,.F.,(3,3),(2,2),(0.,1.),(-10000.,
10000.),.UNSPECIFIED.);
#183=B_SPLINE_SURFACE_WITH_KNOTS('',2,1,((#12125,#12126),(#12127,#12128),
(#12129,#12130)),.UNSPECIFIED.,.F.,.F.,.F.,(3,3),(2,2),(0.,1.),(-10000.,
10000.),.UNSPECIFIED.);
#184=B_SPLINE_SURFACE_WITH_KNOTS('',2,1,((#12138,#12139),(#12140,#12141),
(#12142,#12143)),.UNSPECIFIED.,.F.,.F.,.F.,(3,3),(2,2),(0.,1.),(-10000.,
10000.),.UNSPECIFIED.);
#185=B_SPLINE_SURFACE_WITH_KNOTS('',2,1,((#12149,#12150),(#12151,#12152),
(#12153,#12154)),.UNSPECIFIED.,.F.,.F.,.F.,(3,3),(2,2),(0.,1.),(-10000.,
10000.),.UNSPECIFIED.);
#186=B_SPLINE_SURFACE_WITH_KNOTS('',2,1,((#12160,#12161),(#12162,#12163),
(#12164,#12165)),.UNSPECIFIED.,.F.,.F.,.F.,(3,3),(2,2),(0.,1.),(-10000.,
10000.),.UNSPECIFIED.);
#187=B_SPLINE_SURFACE_WITH_KNOTS('',2,1,((#12175,#12176),(#12177,#12178),
(#12179,#12180)),.UNSPECIFIED.,.F.,.F.,.F.,(3,3),(2,2),(0.,1.),(-10000.,
10000.),.UNSPECIFIED.);
#188=ELLIPSE('',#7226,1.979898987322,1.4);
#189=ELLIPSE('',#7227,1.979898987322,1.4);
#190=ELLIPSE('',#7234,1.979898987322,1.4);
#191=ELLIPSE('',#7327,1.979898987322,1.4);
#192=CYLINDRICAL_SURFACE('',#7217,8.05);
#193=CYLINDRICAL_SURFACE('',#7225,1.4);
#194=CYLINDRICAL_SURFACE('',#7233,1.4);
#195=CYLINDRICAL_SURFACE('',#7263,1.4);
#196=CYLINDRICAL_SURFACE('',#7301,0.4);
#197=CYLINDRICAL_SURFACE('',#7324,0.4);
#198=CYLINDRICAL_SURFACE('',#7326,1.4);
#199=CYLINDRICAL_SURFACE('',#7337,1.4);
#200=CYLINDRICAL_SURFACE('',#7355,1.);
#201=CYLINDRICAL_SURFACE('',#7377,2.5);
#202=CYLINDRICAL_SURFACE('',#7378,2.5);
#203=CYLINDRICAL_SURFACE('',#7379,2.5);
#204=CYLINDRICAL_SURFACE('',#7381,4.);
#205=CYLINDRICAL_SURFACE('',#7383,4.);
#206=CYLINDRICAL_SURFACE('',#7386,2.5);
#207=CYLINDRICAL_SURFACE('',#7388,5.);
#208=CYLINDRICAL_SURFACE('',#7389,5.);
#209=CYLINDRICAL_SURFACE('',#7392,5.);
#210=CYLINDRICAL_SURFACE('',#7393,5.);
#211=B_SPLINE_CURVE_WITH_KNOTS('',2,(#8913,#8914,#8915),.UNSPECIFIED.,.F.,
 .F.,(3,3),(0.,1.),.UNSPECIFIED.);
#212=B_SPLINE_CURVE_WITH_KNOTS('',2,(#8917,#8918,#8919),.UNSPECIFIED.,.F.,
 .F.,(3,3),(0.,1.),.UNSPECIFIED.);
#213=B_SPLINE_CURVE_WITH_KNOTS('',2,(#8921,#8922,#8923),.UNSPECIFIED.,.F.,
 .F.,(3,3),(0.,1.),.UNSPECIFIED.);
#214=B_SPLINE_CURVE_WITH_KNOTS('',2,(#8925,#8926,#8927),.UNSPECIFIED.,.F.,
 .F.,(3,3),(0.,1.),.UNSPECIFIED.);
#215=B_SPLINE_CURVE_WITH_KNOTS('',2,(#8929,#8930,#8931),.UNSPECIFIED.,.F.,
 .F.,(3,3),(0.,1.),.UNSPECIFIED.);
#216=B_SPLINE_CURVE_WITH_KNOTS('',2,(#8933,#8934,#8935),.UNSPECIFIED.,.F.,
 .F.,(3,3),(0.,1.),.UNSPECIFIED.);
#217=B_SPLINE_CURVE_WITH_KNOTS('',2,(#8951,#8952,#8953),.UNSPECIFIED.,.F.,
 .F.,(3,3),(0.,1.),.UNSPECIFIED.);
#218=B_SPLINE_CURVE_WITH_KNOTS('',2,(#8955,#8956,#8957),.UNSPECIFIED.,.F.,
 .F.,(3,3),(0.,1.),.UNSPECIFIED.);
#219=B_SPLINE_CURVE_WITH_KNOTS('',2,(#8959,#8960,#8961),.UNSPECIFIED.,.F.,
 .F.,(3,3),(0.,1.),.UNSPECIFIED.);
#220=B_SPLINE_CURVE_WITH_KNOTS('',2,(#8963,#8964,#8965),.UNSPECIFIED.,.F.,
 .F.,(3,3),(0.,1.),.UNSPECIFIED.);
#221=B_SPLINE_CURVE_WITH_KNOTS('',2,(#8971,#8972,#8973),.UNSPECIFIED.,.F.,
 .F.,(3,3),(0.,1.),.UNSPECIFIED.);
#222=B_SPLINE_CURVE_WITH_KNOTS('',2,(#8975,#8976,#8977),.UNSPECIFIED.,.F.,
 .F.,(3,3),(0.,1.),.UNSPECIFIED.);
#223=B_SPLINE_CURVE_WITH_KNOTS('',2,(#8979,#8980,#8981),.UNSPECIFIED.,.F.,
 .F.,(3,3),(0.,1.),.UNSPECIFIED.);
#224=B_SPLINE_CURVE_WITH_KNOTS('',2,(#8983,#8984,#8985),.UNSPECIFIED.,.F.,
 .F.,(3,3),(0.,1.),.UNSPECIFIED.);
#225=B_SPLINE_CURVE_WITH_KNOTS('',2,(#8989,#8990,#8991),.UNSPECIFIED.,.F.,
 .F.,(3,3),(0.,1.),.UNSPECIFIED.);
#226=B_SPLINE_CURVE_WITH_KNOTS('',2,(#8993,#8994,#8995),.UNSPECIFIED.,.F.,
 .F.,(3,3),(0.,1.),.UNSPECIFIED.);
#227=B_SPLINE_CURVE_WITH_KNOTS('',2,(#8997,#8998,#8999),.UNSPECIFIED.,.F.,
 .F.,(3,3),(0.,1.),.UNSPECIFIED.);
#228=B_SPLINE_CURVE_WITH_KNOTS('',2,(#9001,#9002,#9003),.UNSPECIFIED.,.F.,
 .F.,(3,3),(0.,1.),.UNSPECIFIED.);
#229=B_SPLINE_CURVE_WITH_KNOTS('',2,(#9005,#9006,#9007),.UNSPECIFIED.,.F.,
 .F.,(3,3),(0.,1.),.UNSPECIFIED.);
#230=B_SPLINE_CURVE_WITH_KNOTS('',2,(#9009,#9010,#9011),.UNSPECIFIED.,.F.,
 .F.,(3,3),(0.,1.),.UNSPECIFIED.);
#231=B_SPLINE_CURVE_WITH_KNOTS('',2,(#9012,#9013,#9014),.UNSPECIFIED.,.F.,
 .F.,(3,3),(0.,1.),.UNSPECIFIED.);
#232=B_SPLINE_CURVE_WITH_KNOTS('',2,(#9017,#9018,#9019),.UNSPECIFIED.,.F.,
 .F.,(3,3),(0.,1.),.UNSPECIFIED.);
#233=B_SPLINE_CURVE_WITH_KNOTS('',2,(#9021,#9022,#9023),.UNSPECIFIED.,.F.,
 .F.,(3,3),(0.,1.),.UNSPECIFIED.);
#234=B_SPLINE_CURVE_WITH_KNOTS('',2,(#9025,#9026,#9027),.UNSPECIFIED.,.F.,
 .F.,(3,3),(0.,1.),.UNSPECIFIED.);
#235=B_SPLINE_CURVE_WITH_KNOTS('',2,(#9029,#9030,#9031),.UNSPECIFIED.,.F.,
 .F.,(3,3),(0.,1.),.UNSPECIFIED.);
#236=B_SPLINE_CURVE_WITH_KNOTS('',2,(#9033,#9034,#9035),.UNSPECIFIED.,.F.,
 .F.,(3,3),(0.,1.),.UNSPECIFIED.);
#237=B_SPLINE_CURVE_WITH_KNOTS('',2,(#9037,#9038,#9039),.UNSPECIFIED.,.F.,
 .F.,(3,3),(0.,1.),.UNSPECIFIED.);
#238=B_SPLINE_CURVE_WITH_KNOTS('',2,(#9043,#9044,#9045),.UNSPECIFIED.,.F.,
 .F.,(3,3),(0.,1.),.UNSPECIFIED.);
#239=B_SPLINE_CURVE_WITH_KNOTS('',2,(#9047,#9048,#9049),.UNSPECIFIED.,.F.,
 .F.,(3,3),(0.,1.),.UNSPECIFIED.);
#240=B_SPLINE_CURVE_WITH_KNOTS('',2,(#9051,#9052,#9053),.UNSPECIFIED.,.F.,
 .F.,(3,3),(0.,1.),.UNSPECIFIED.);
#241=B_SPLINE_CURVE_WITH_KNOTS('',2,(#9055,#9056,#9057),.UNSPECIFIED.,.F.,
 .F.,(3,3),(0.,1.),.UNSPECIFIED.);
#242=B_SPLINE_CURVE_WITH_KNOTS('',2,(#9059,#9060,#9061),.UNSPECIFIED.,.F.,
 .F.,(3,3),(0.,1.),.UNSPECIFIED.);
#243=B_SPLINE_CURVE_WITH_KNOTS('',2,(#9063,#9064,#9065),.UNSPECIFIED.,.F.,
 .F.,(3,3),(0.,1.),.UNSPECIFIED.);
#244=B_SPLINE_CURVE_WITH_KNOTS('',2,(#9067,#9068,#9069),.UNSPECIFIED.,.F.,
 .F.,(3,3),(0.,1.),.UNSPECIFIED.);
#245=B_SPLINE_CURVE_WITH_KNOTS('',2,(#9071,#9072,#9073),.UNSPECIFIED.,.F.,
 .F.,(3,3),(0.,1.),.UNSPECIFIED.);
#246=B_SPLINE_CURVE_WITH_KNOTS('',2,(#9075,#9076,#9077),.UNSPECIFIED.,.F.,
 .F.,(3,3),(0.,1.),.UNSPECIFIED.);
#247=B_SPLINE_CURVE_WITH_KNOTS('',2,(#9079,#9080,#9081),.UNSPECIFIED.,.F.,
 .F.,(3,3),(0.,1.),.UNSPECIFIED.);
#248=B_SPLINE_CURVE_WITH_KNOTS('',2,(#9083,#9084,#9085),.UNSPECIFIED.,.F.,
 .F.,(3,3),(0.,1.),.UNSPECIFIED.);
#249=B_SPLINE_CURVE_WITH_KNOTS('',2,(#9087,#9088,#9089),.UNSPECIFIED.,.F.,
 .F.,(3,3),(0.,1.),.UNSPECIFIED.);
#250=B_SPLINE_CURVE_WITH_KNOTS('',2,(#9091,#9092,#9093),.UNSPECIFIED.,.F.,
 .F.,(3,3),(0.,1.),.UNSPECIFIED.);
#251=B_SPLINE_CURVE_WITH_KNOTS('',2,(#9095,#9096,#9097),.UNSPECIFIED.,.F.,
 .F.,(3,3),(0.,1.),.UNSPECIFIED.);
#252=B_SPLINE_CURVE_WITH_KNOTS('',2,(#9101,#9102,#9103),.UNSPECIFIED.,.F.,
 .F.,(3,3),(0.,1.),.UNSPECIFIED.);
#253=B_SPLINE_CURVE_WITH_KNOTS('',2,(#9105,#9106,#9107),.UNSPECIFIED.,.F.,
 .F.,(3,3),(0.,1.),.UNSPECIFIED.);
#254=B_SPLINE_CURVE_WITH_KNOTS('',2,(#9109,#9110,#9111),.UNSPECIFIED.,.F.,
 .F.,(3,3),(0.,1.),.UNSPECIFIED.);
#255=B_SPLINE_CURVE_WITH_KNOTS('',2,(#9113,#9114,#9115),.UNSPECIFIED.,.F.,
 .F.,(3,3),(0.,1.),.UNSPECIFIED.);
#256=B_SPLINE_CURVE_WITH_KNOTS('',2,(#9117,#9118,#9119),.UNSPECIFIED.,.F.,
 .F.,(3,3),(0.,1.),.UNSPECIFIED.);
#257=B_SPLINE_CURVE_WITH_KNOTS('',2,(#9121,#9122,#9123),.UNSPECIFIED.,.F.,
 .F.,(3,3),(0.,1.),.UNSPECIFIED.);
#258=B_SPLINE_CURVE_WITH_KNOTS('',2,(#9125,#9126,#9127),.UNSPECIFIED.,.F.,
 .F.,(3,3),(0.,1.),.UNSPECIFIED.);
#259=B_SPLINE_CURVE_WITH_KNOTS('',2,(#9129,#9130,#9131),.UNSPECIFIED.,.F.,
 .F.,(3,3),(0.,1.),.UNSPECIFIED.);
#260=B_SPLINE_CURVE_WITH_KNOTS('',2,(#9132,#9133,#9134),.UNSPECIFIED.,.F.,
 .F.,(3,3),(0.,1.),.UNSPECIFIED.);
#261=B_SPLINE_CURVE_WITH_KNOTS('',2,(#9137,#9138,#9139),.UNSPECIFIED.,.F.,
 .F.,(3,3),(0.,1.),.UNSPECIFIED.);
#262=B_SPLINE_CURVE_WITH_KNOTS('',2,(#9141,#9142,#9143),.UNSPECIFIED.,.F.,
 .F.,(3,3),(0.,1.),.UNSPECIFIED.);
#263=B_SPLINE_CURVE_WITH_KNOTS('',2,(#9145,#9146,#9147),.UNSPECIFIED.,.F.,
 .F.,(3,3),(0.,1.),.UNSPECIFIED.);
#264=B_SPLINE_CURVE_WITH_KNOTS('',2,(#9149,#9150,#9151),.UNSPECIFIED.,.F.,
 .F.,(3,3),(0.,1.),.UNSPECIFIED.);
#265=B_SPLINE_CURVE_WITH_KNOTS('',2,(#9157,#9158,#9159),.UNSPECIFIED.,.F.,
 .F.,(3,3),(0.,1.),.UNSPECIFIED.);
#266=B_SPLINE_CURVE_WITH_KNOTS('',2,(#9161,#9162,#9163),.UNSPECIFIED.,.F.,
 .F.,(3,3),(0.,1.),.UNSPECIFIED.);
#267=B_SPLINE_CURVE_WITH_KNOTS('',2,(#9165,#9166,#9167),.UNSPECIFIED.,.F.,
 .F.,(3,3),(0.,1.),.UNSPECIFIED.);
#268=B_SPLINE_CURVE_WITH_KNOTS('',2,(#9169,#9170,#9171),.UNSPECIFIED.,.F.,
 .F.,(3,3),(0.,1.),.UNSPECIFIED.);
#269=B_SPLINE_CURVE_WITH_KNOTS('',2,(#9175,#9176,#9177),.UNSPECIFIED.,.F.,
 .F.,(3,3),(0.,1.),.UNSPECIFIED.);
#270=B_SPLINE_CURVE_WITH_KNOTS('',2,(#9179,#9180,#9181),.UNSPECIFIED.,.F.,
 .F.,(3,3),(0.,1.),.UNSPECIFIED.);
#271=B_SPLINE_CURVE_WITH_KNOTS('',2,(#9183,#9184,#9185),.UNSPECIFIED.,.F.,
 .F.,(3,3),(0.,1.),.UNSPECIFIED.);
#272=B_SPLINE_CURVE_WITH_KNOTS('',2,(#9187,#9188,#9189),.UNSPECIFIED.,.F.,
 .F.,(3,3),(0.,1.),.UNSPECIFIED.);
#273=B_SPLINE_CURVE_WITH_KNOTS('',2,(#9191,#9192,#9193),.UNSPECIFIED.,.F.,
 .F.,(3,3),(0.,1.),.UNSPECIFIED.);
#274=B_SPLINE_CURVE_WITH_KNOTS('',2,(#9195,#9196,#9197),.UNSPECIFIED.,.F.,
 .F.,(3,3),(0.,1.),.UNSPECIFIED.);
#275=B_SPLINE_CURVE_WITH_KNOTS('',2,(#9198,#9199,#9200),.UNSPECIFIED.,.F.,
 .F.,(3,3),(0.,1.),.UNSPECIFIED.);
#276=B_SPLINE_CURVE_WITH_KNOTS('',2,(#9203,#9204,#9205),.UNSPECIFIED.,.F.,
 .F.,(3,3),(0.,1.),.UNSPECIFIED.);
#277=B_SPLINE_CURVE_WITH_KNOTS('',2,(#9207,#9208,#9209),.UNSPECIFIED.,.F.,
 .F.,(3,3),(0.,1.),.UNSPECIFIED.);
#278=B_SPLINE_CURVE_WITH_KNOTS('',2,(#9211,#9212,#9213),.UNSPECIFIED.,.F.,
 .F.,(3,3),(0.,1.),.UNSPECIFIED.);
#279=B_SPLINE_CURVE_WITH_KNOTS('',2,(#9217,#9218,#9219),.UNSPECIFIED.,.F.,
 .F.,(3,3),(0.,1.),.UNSPECIFIED.);
#280=B_SPLINE_CURVE_WITH_KNOTS('',2,(#9221,#9222,#9223),.UNSPECIFIED.,.F.,
 .F.,(3,3),(0.,1.),.UNSPECIFIED.);
#281=B_SPLINE_CURVE_WITH_KNOTS('',2,(#9225,#9226,#9227),.UNSPECIFIED.,.F.,
 .F.,(3,3),(0.,1.),.UNSPECIFIED.);
#282=B_SPLINE_CURVE_WITH_KNOTS('',2,(#9229,#9230,#9231),.UNSPECIFIED.,.F.,
 .F.,(3,3),(0.,1.),.UNSPECIFIED.);
#283=B_SPLINE_CURVE_WITH_KNOTS('',2,(#9233,#9234,#9235),.UNSPECIFIED.,.F.,
 .F.,(3,3),(0.,1.),.UNSPECIFIED.);
#284=B_SPLINE_CURVE_WITH_KNOTS('',2,(#9258,#9259,#9260),.UNSPECIFIED.,.F.,
 .F.,(3,3),(0.,1.),.UNSPECIFIED.);
#285=B_SPLINE_CURVE_WITH_KNOTS('',2,(#9265,#9266,#9267),.UNSPECIFIED.,.F.,
 .F.,(3,3),(0.,1.),.UNSPECIFIED.);
#286=B_SPLINE_CURVE_WITH_KNOTS('',2,(#9269,#9270,#9271),.UNSPECIFIED.,.F.,
 .F.,(3,3),(0.,1.),.UNSPECIFIED.);
#287=B_SPLINE_CURVE_WITH_KNOTS('',2,(#9273,#9274,#9275),.UNSPECIFIED.,.F.,
 .F.,(3,3),(0.,1.),.UNSPECIFIED.);
#288=B_SPLINE_CURVE_WITH_KNOTS('',2,(#9277,#9278,#9279),.UNSPECIFIED.,.F.,
 .F.,(3,3),(0.,1.),.UNSPECIFIED.);
#289=B_SPLINE_CURVE_WITH_KNOTS('',2,(#9281,#9282,#9283),.UNSPECIFIED.,.F.,
 .F.,(3,3),(0.,1.),.UNSPECIFIED.);
#290=B_SPLINE_CURVE_WITH_KNOTS('',2,(#9285,#9286,#9287),.UNSPECIFIED.,.F.,
 .F.,(3,3),(0.,1.),.UNSPECIFIED.);
#291=B_SPLINE_CURVE_WITH_KNOTS('',2,(#9289,#9290,#9291),.UNSPECIFIED.,.F.,
 .F.,(3,3),(0.,1.),.UNSPECIFIED.);
#292=B_SPLINE_CURVE_WITH_KNOTS('',2,(#9293,#9294,#9295),.UNSPECIFIED.,.F.,
 .F.,(3,3),(0.,1.),.UNSPECIFIED.);
#293=B_SPLINE_CURVE_WITH_KNOTS('',2,(#9297,#9298,#9299),.UNSPECIFIED.,.F.,
 .F.,(3,3),(0.,1.),.UNSPECIFIED.);
#294=B_SPLINE_CURVE_WITH_KNOTS('',2,(#9301,#9302,#9303),.UNSPECIFIED.,.F.,
 .F.,(3,3),(0.,1.),.UNSPECIFIED.);
#295=B_SPLINE_CURVE_WITH_KNOTS('',2,(#9305,#9306,#9307),.UNSPECIFIED.,.F.,
 .F.,(3,3),(0.,1.),.UNSPECIFIED.);
#296=B_SPLINE_CURVE_WITH_KNOTS('',2,(#9309,#9310,#9311),.UNSPECIFIED.,.F.,
 .F.,(3,3),(0.,1.),.UNSPECIFIED.);
#297=B_SPLINE_CURVE_WITH_KNOTS('',2,(#9313,#9314,#9315),.UNSPECIFIED.,.F.,
 .F.,(3,3),(0.,1.),.UNSPECIFIED.);
#298=B_SPLINE_CURVE_WITH_KNOTS('',2,(#9316,#9317,#9318),.UNSPECIFIED.,.F.,
 .F.,(3,3),(0.,1.),.UNSPECIFIED.);
#299=B_SPLINE_CURVE_WITH_KNOTS('',2,(#9321,#9322,#9323),.UNSPECIFIED.,.F.,
 .F.,(3,3),(0.,1.),.UNSPECIFIED.);
#300=B_SPLINE_CURVE_WITH_KNOTS('',2,(#9325,#9326,#9327),.UNSPECIFIED.,.F.,
 .F.,(3,3),(0.,1.),.UNSPECIFIED.);
#301=B_SPLINE_CURVE_WITH_KNOTS('',2,(#9329,#9330,#9331),.UNSPECIFIED.,.F.,
 .F.,(3,3),(0.,1.),.UNSPECIFIED.);
#302=B_SPLINE_CURVE_WITH_KNOTS('',2,(#9333,#9334,#9335),.UNSPECIFIED.,.F.,
 .F.,(3,3),(0.,1.),.UNSPECIFIED.);
#303=B_SPLINE_CURVE_WITH_KNOTS('',2,(#9337,#9338,#9339),.UNSPECIFIED.,.F.,
 .F.,(3,3),(0.,1.),.UNSPECIFIED.);
#304=B_SPLINE_CURVE_WITH_KNOTS('',2,(#9341,#9342,#9343),.UNSPECIFIED.,.F.,
 .F.,(3,3),(0.,1.),.UNSPECIFIED.);
#305=B_SPLINE_CURVE_WITH_KNOTS('',2,(#9345,#9346,#9347),.UNSPECIFIED.,.F.,
 .F.,(3,3),(0.,1.),.UNSPECIFIED.);
#306=B_SPLINE_CURVE_WITH_KNOTS('',2,(#9349,#9350,#9351),.UNSPECIFIED.,.F.,
 .F.,(3,3),(0.,1.),.UNSPECIFIED.);
#307=B_SPLINE_CURVE_WITH_KNOTS('',2,(#9353,#9354,#9355),.UNSPECIFIED.,.F.,
 .F.,(3,3),(0.,1.),.UNSPECIFIED.);
#308=B_SPLINE_CURVE_WITH_KNOTS('',2,(#9359,#9360,#9361),.UNSPECIFIED.,.F.,
 .F.,(3,3),(0.,1.),.UNSPECIFIED.);
#309=B_SPLINE_CURVE_WITH_KNOTS('',2,(#9363,#9364,#9365),.UNSPECIFIED.,.F.,
 .F.,(3,3),(0.,1.),.UNSPECIFIED.);
#310=B_SPLINE_CURVE_WITH_KNOTS('',2,(#9379,#9380,#9381),.UNSPECIFIED.,.F.,
 .F.,(3,3),(0.,1.),.UNSPECIFIED.);
#311=B_SPLINE_CURVE_WITH_KNOTS('',2,(#9382,#9383,#9384),.UNSPECIFIED.,.F.,
 .F.,(3,3),(0.,1.),.UNSPECIFIED.);
#312=B_SPLINE_CURVE_WITH_KNOTS('',2,(#9387,#9388,#9389),.UNSPECIFIED.,.F.,
 .F.,(3,3),(0.,1.),.UNSPECIFIED.);
#313=B_SPLINE_CURVE_WITH_KNOTS('',2,(#9391,#9392,#9393),.UNSPECIFIED.,.F.,
 .F.,(3,3),(0.,1.),.UNSPECIFIED.);
#314=B_SPLINE_CURVE_WITH_KNOTS('',2,(#9395,#9396,#9397),.UNSPECIFIED.,.F.,
 .F.,(3,3),(0.,1.),.UNSPECIFIED.);
#315=B_SPLINE_CURVE_WITH_KNOTS('',2,(#9399,#9400,#9401),.UNSPECIFIED.,.F.,
 .F.,(3,3),(0.,1.),.UNSPECIFIED.);
#316=B_SPLINE_CURVE_WITH_KNOTS('',2,(#9407,#9408,#9409),.UNSPECIFIED.,.F.,
 .F.,(3,3),(0.,1.),.UNSPECIFIED.);
#317=B_SPLINE_CURVE_WITH_KNOTS('',2,(#9411,#9412,#9413),.UNSPECIFIED.,.F.,
 .F.,(3,3),(0.,1.),.UNSPECIFIED.);
#318=B_SPLINE_CURVE_WITH_KNOTS('',2,(#9415,#9416,#9417),.UNSPECIFIED.,.F.,
 .F.,(3,3),(0.,1.),.UNSPECIFIED.);
#319=B_SPLINE_CURVE_WITH_KNOTS('',2,(#9419,#9420,#9421),.UNSPECIFIED.,.F.,
 .F.,(3,3),(0.,1.),.UNSPECIFIED.);
#320=B_SPLINE_CURVE_WITH_KNOTS('',2,(#9425,#9426,#9427),.UNSPECIFIED.,.F.,
 .F.,(3,3),(0.,1.),.UNSPECIFIED.);
#321=B_SPLINE_CURVE_WITH_KNOTS('',2,(#9429,#9430,#9431),.UNSPECIFIED.,.F.,
 .F.,(3,3),(0.,1.),.UNSPECIFIED.);
#322=B_SPLINE_CURVE_WITH_KNOTS('',2,(#9433,#9434,#9435),.UNSPECIFIED.,.F.,
 .F.,(3,3),(0.,1.),.UNSPECIFIED.);
#323=B_SPLINE_CURVE_WITH_KNOTS('',2,(#9437,#9438,#9439),.UNSPECIFIED.,.F.,
 .F.,(3,3),(0.,1.),.UNSPECIFIED.);
#324=B_SPLINE_CURVE_WITH_KNOTS('',2,(#9441,#9442,#9443),.UNSPECIFIED.,.F.,
 .F.,(3,3),(0.,1.),.UNSPECIFIED.);
#325=B_SPLINE_CURVE_WITH_KNOTS('',2,(#9445,#9446,#9447),.UNSPECIFIED.,.F.,
 .F.,(3,3),(0.,1.),.UNSPECIFIED.);
#326=B_SPLINE_CURVE_WITH_KNOTS('',2,(#9448,#9449,#9450),.UNSPECIFIED.,.F.,
 .F.,(3,3),(0.,1.),.UNSPECIFIED.);
#327=B_SPLINE_CURVE_WITH_KNOTS('',2,(#9453,#9454,#9455),.UNSPECIFIED.,.F.,
 .F.,(3,3),(0.,1.),.UNSPECIFIED.);
#328=B_SPLINE_CURVE_WITH_KNOTS('',2,(#9457,#9458,#9459),.UNSPECIFIED.,.F.,
 .F.,(3,3),(0.,1.),.UNSPECIFIED.);
#329=B_SPLINE_CURVE_WITH_KNOTS('',2,(#9461,#9462,#9463),.UNSPECIFIED.,.F.,
 .F.,(3,3),(0.,1.),.UNSPECIFIED.);
#330=B_SPLINE_CURVE_WITH_KNOTS('',2,(#9471,#9472,#9473),.UNSPECIFIED.,.F.,
 .F.,(3,3),(0.,1.),.UNSPECIFIED.);
#331=B_SPLINE_CURVE_WITH_KNOTS('',2,(#9475,#9476,#9477),.UNSPECIFIED.,.F.,
 .F.,(3,3),(0.,1.),.UNSPECIFIED.);
#332=B_SPLINE_CURVE_WITH_KNOTS('',2,(#9479,#9480,#9481),.UNSPECIFIED.,.F.,
 .F.,(3,3),(0.,1.),.UNSPECIFIED.);
#333=B_SPLINE_CURVE_WITH_KNOTS('',2,(#9483,#9484,#9485),.UNSPECIFIED.,.F.,
 .F.,(3,3),(0.,1.),.UNSPECIFIED.);
#334=B_SPLINE_CURVE_WITH_KNOTS('',2,(#9499,#9500,#9501),.UNSPECIFIED.,.F.,
 .F.,(3,3),(0.,1.),.UNSPECIFIED.);
#335=B_SPLINE_CURVE_WITH_KNOTS('',2,(#9502,#9503,#9504),.UNSPECIFIED.,.F.,
 .F.,(3,3),(0.,1.),.UNSPECIFIED.);
#336=B_SPLINE_CURVE_WITH_KNOTS('',2,(#9663,#9664,#9665),.UNSPECIFIED.,.F.,
 .F.,(3,3),(0.,1.),.UNSPECIFIED.);
#337=B_SPLINE_CURVE_WITH_KNOTS('',2,(#9678,#9679,#9680),.UNSPECIFIED.,.F.,
 .F.,(3,3),(0.,1.),.UNSPECIFIED.);
#338=B_SPLINE_CURVE_WITH_KNOTS('',2,(#9693,#9694,#9695),.UNSPECIFIED.,.F.,
 .F.,(3,3),(0.,1.),.UNSPECIFIED.);
#339=B_SPLINE_CURVE_WITH_KNOTS('',2,(#9708,#9709,#9710),.UNSPECIFIED.,.F.,
 .F.,(3,3),(0.,1.),.UNSPECIFIED.);
#340=B_SPLINE_CURVE_WITH_KNOTS('',2,(#9723,#9724,#9725),.UNSPECIFIED.,.F.,
 .F.,(3,3),(0.,1.),.UNSPECIFIED.);
#341=B_SPLINE_CURVE_WITH_KNOTS('',2,(#9738,#9739,#9740),.UNSPECIFIED.,.F.,
 .F.,(3,3),(0.,1.),.UNSPECIFIED.);
#342=B_SPLINE_CURVE_WITH_KNOTS('',2,(#9753,#9754,#9755),.UNSPECIFIED.,.F.,
 .F.,(3,3),(0.,1.),.UNSPECIFIED.);
#343=B_SPLINE_CURVE_WITH_KNOTS('',2,(#9765,#9766,#9767),.UNSPECIFIED.,.F.,
 .F.,(3,3),(0.,1.),.UNSPECIFIED.);
#344=B_SPLINE_CURVE_WITH_KNOTS('',2,(#9775,#9776,#9777),.UNSPECIFIED.,.F.,
 .F.,(3,3),(0.,1.),.UNSPECIFIED.);
#345=B_SPLINE_CURVE_WITH_KNOTS('',2,(#9787,#9788,#9789),.UNSPECIFIED.,.F.,
 .F.,(3,3),(0.,1.),.UNSPECIFIED.);
#346=B_SPLINE_CURVE_WITH_KNOTS('',2,(#9797,#9798,#9799),.UNSPECIFIED.,.F.,
 .F.,(3,3),(0.,1.),.UNSPECIFIED.);
#347=B_SPLINE_CURVE_WITH_KNOTS('',2,(#9809,#9810,#9811),.UNSPECIFIED.,.F.,
 .F.,(3,3),(0.,1.),.UNSPECIFIED.);
#348=B_SPLINE_CURVE_WITH_KNOTS('',2,(#9819,#9820,#9821),.UNSPECIFIED.,.F.,
 .F.,(3,3),(0.,1.),.UNSPECIFIED.);
#349=B_SPLINE_CURVE_WITH_KNOTS('',2,(#9831,#9832,#9833),.UNSPECIFIED.,.F.,
 .F.,(3,3),(0.,1.),.UNSPECIFIED.);
#350=B_SPLINE_CURVE_WITH_KNOTS('',2,(#9846,#9847,#9848),.UNSPECIFIED.,.F.,
 .F.,(3,3),(0.,1.),.UNSPECIFIED.);
#351=B_SPLINE_CURVE_WITH_KNOTS('',2,(#9861,#9862,#9863),.UNSPECIFIED.,.F.,
 .F.,(3,3),(0.,1.),.UNSPECIFIED.);
#352=B_SPLINE_CURVE_WITH_KNOTS('',2,(#9871,#9872,#9873),.UNSPECIFIED.,.F.,
 .F.,(3,3),(0.,1.),.UNSPECIFIED.);
#353=B_SPLINE_CURVE_WITH_KNOTS('',2,(#9883,#9884,#9885),.UNSPECIFIED.,.F.,
 .F.,(3,3),(0.,1.),.UNSPECIFIED.);
#354=B_SPLINE_CURVE_WITH_KNOTS('',2,(#9893,#9894,#9895),.UNSPECIFIED.,.F.,
 .F.,(3,3),(0.,1.),.UNSPECIFIED.);
#355=B_SPLINE_CURVE_WITH_KNOTS('',2,(#9908,#9909,#9910),.UNSPECIFIED.,.F.,
 .F.,(3,3),(0.,1.),.UNSPECIFIED.);
#356=B_SPLINE_CURVE_WITH_KNOTS('',2,(#9918,#9919,#9920),.UNSPECIFIED.,.F.,
 .F.,(3,3),(0.,1.),.UNSPECIFIED.);
#357=B_SPLINE_CURVE_WITH_KNOTS('',2,(#9930,#9931,#9932),.UNSPECIFIED.,.F.,
 .F.,(3,3),(0.,1.),.UNSPECIFIED.);
#358=B_SPLINE_CURVE_WITH_KNOTS('',2,(#9942,#9943,#9944),.UNSPECIFIED.,.F.,
 .F.,(3,3),(0.,1.),.UNSPECIFIED.);
#359=B_SPLINE_CURVE_WITH_KNOTS('',2,(#9952,#9953,#9954),.UNSPECIFIED.,.F.,
 .F.,(3,3),(0.,1.),.UNSPECIFIED.);
#360=B_SPLINE_CURVE_WITH_KNOTS('',2,(#9964,#9965,#9966),.UNSPECIFIED.,.F.,
 .F.,(3,3),(0.,1.),.UNSPECIFIED.);
#361=B_SPLINE_CURVE_WITH_KNOTS('',2,(#9974,#9975,#9976),.UNSPECIFIED.,.F.,
 .F.,(3,3),(0.,1.),.UNSPECIFIED.);
#362=B_SPLINE_CURVE_WITH_KNOTS('',2,(#9986,#9987,#9988),.UNSPECIFIED.,.F.,
 .F.,(3,3),(0.,1.),.UNSPECIFIED.);
#363=B_SPLINE_CURVE_WITH_KNOTS('',2,(#9996,#9997,#9998),.UNSPECIFIED.,.F.,
 .F.,(3,3),(0.,1.),.UNSPECIFIED.);
#364=B_SPLINE_CURVE_WITH_KNOTS('',2,(#10008,#10009,#10010),
 .UNSPECIFIED.,.F.,.F.,(3,3),(0.,1.),.UNSPECIFIED.);
#365=B_SPLINE_CURVE_WITH_KNOTS('',2,(#10018,#10019,#10020),
 .UNSPECIFIED.,.F.,.F.,(3,3),(0.,1.),.UNSPECIFIED.);
#366=B_SPLINE_CURVE_WITH_KNOTS('',2,(#10030,#10031,#10032),
 .UNSPECIFIED.,.F.,.F.,(3,3),(0.,1.),.UNSPECIFIED.);
#367=B_SPLINE_CURVE_WITH_KNOTS('',2,(#10040,#10041,#10042),
 .UNSPECIFIED.,.F.,.F.,(3,3),(0.,1.),.UNSPECIFIED.);
#368=B_SPLINE_CURVE_WITH_KNOTS('',2,(#10052,#10053,#10054),
 .UNSPECIFIED.,.F.,.F.,(3,3),(0.,1.),.UNSPECIFIED.);
#369=B_SPLINE_CURVE_WITH_KNOTS('',2,(#10067,#10068,#10069),
 .UNSPECIFIED.,.F.,.F.,(3,3),(0.,1.),.UNSPECIFIED.);
#370=B_SPLINE_CURVE_WITH_KNOTS('',2,(#10077,#10078,#10079),
 .UNSPECIFIED.,.F.,.F.,(3,3),(0.,1.),.UNSPECIFIED.);
#371=B_SPLINE_CURVE_WITH_KNOTS('',2,(#10089,#10090,#10091),
 .UNSPECIFIED.,.F.,.F.,(3,3),(0.,1.),.UNSPECIFIED.);
#372=B_SPLINE_CURVE_WITH_KNOTS('',2,(#10099,#10100,#10101),
 .UNSPECIFIED.,.F.,.F.,(3,3),(0.,1.),.UNSPECIFIED.);
#373=B_SPLINE_CURVE_WITH_KNOTS('',2,(#10111,#10112,#10113),
 .UNSPECIFIED.,.F.,.F.,(3,3),(0.,1.),.UNSPECIFIED.);
#374=B_SPLINE_CURVE_WITH_KNOTS('',2,(#10121,#10122,#10123),
 .UNSPECIFIED.,.F.,.F.,(3,3),(0.,1.),.UNSPECIFIED.);
#375=B_SPLINE_CURVE_WITH_KNOTS('',2,(#10136,#10137,#10138),
 .UNSPECIFIED.,.F.,.F.,(3,3),(0.,1.),.UNSPECIFIED.);
#376=B_SPLINE_CURVE_WITH_KNOTS('',2,(#10148,#10149,#10150),
 .UNSPECIFIED.,.F.,.F.,(3,3),(0.,1.),.UNSPECIFIED.);
#377=B_SPLINE_CURVE_WITH_KNOTS('',2,(#10158,#10159,#10160),
 .UNSPECIFIED.,.F.,.F.,(3,3),(0.,1.),.UNSPECIFIED.);
#378=B_SPLINE_CURVE_WITH_KNOTS('',2,(#10170,#10171,#10172),
 .UNSPECIFIED.,.F.,.F.,(3,3),(0.,1.),.UNSPECIFIED.);
#379=B_SPLINE_CURVE_WITH_KNOTS('',2,(#10180,#10181,#10182),
 .UNSPECIFIED.,.F.,.F.,(3,3),(0.,1.),.UNSPECIFIED.);
#380=B_SPLINE_CURVE_WITH_KNOTS('',2,(#10192,#10193,#10194),
 .UNSPECIFIED.,.F.,.F.,(3,3),(0.,1.),.UNSPECIFIED.);
#381=B_SPLINE_CURVE_WITH_KNOTS('',2,(#10202,#10203,#10204),
 .UNSPECIFIED.,.F.,.F.,(3,3),(0.,1.),.UNSPECIFIED.);
#382=B_SPLINE_CURVE_WITH_KNOTS('',2,(#10214,#10215,#10216),
 .UNSPECIFIED.,.F.,.F.,(3,3),(0.,1.),.UNSPECIFIED.);
#383=B_SPLINE_CURVE_WITH_KNOTS('',2,(#10224,#10225,#10226),
 .UNSPECIFIED.,.F.,.F.,(3,3),(0.,1.),.UNSPECIFIED.);
#384=B_SPLINE_CURVE_WITH_KNOTS('',2,(#10236,#10237,#10238),
 .UNSPECIFIED.,.F.,.F.,(3,3),(0.,1.),.UNSPECIFIED.);
#385=B_SPLINE_CURVE_WITH_KNOTS('',2,(#10245,#10246,#10247),
 .UNSPECIFIED.,.F.,.F.,(3,3),(0.,1.),.UNSPECIFIED.);
#386=B_SPLINE_CURVE_WITH_KNOTS('',2,(#10257,#10258,#10259),
 .UNSPECIFIED.,.F.,.F.,(3,3),(0.,1.),.UNSPECIFIED.);
#387=B_SPLINE_CURVE_WITH_KNOTS('',2,(#10269,#10270,#10271),
 .UNSPECIFIED.,.F.,.F.,(3,3),(0.,1.),.UNSPECIFIED.);
#388=B_SPLINE_CURVE_WITH_KNOTS('',2,(#10279,#10280,#10281),
 .UNSPECIFIED.,.F.,.F.,(3,3),(0.,1.),.UNSPECIFIED.);
#389=B_SPLINE_CURVE_WITH_KNOTS('',2,(#10291,#10292,#10293),
 .UNSPECIFIED.,.F.,.F.,(3,3),(0.,1.),.UNSPECIFIED.);
#390=B_SPLINE_CURVE_WITH_KNOTS('',2,(#10301,#10302,#10303),
 .UNSPECIFIED.,.F.,.F.,(3,3),(0.,1.),.UNSPECIFIED.);
#391=B_SPLINE_CURVE_WITH_KNOTS('',2,(#10313,#10314,#10315),
 .UNSPECIFIED.,.F.,.F.,(3,3),(0.,1.),.UNSPECIFIED.);
#392=B_SPLINE_CURVE_WITH_KNOTS('',2,(#10323,#10324,#10325),
 .UNSPECIFIED.,.F.,.F.,(3,3),(0.,1.),.UNSPECIFIED.);
#393=B_SPLINE_CURVE_WITH_KNOTS('',2,(#10335,#10336,#10337),
 .UNSPECIFIED.,.F.,.F.,(3,3),(0.,1.),.UNSPECIFIED.);
#394=B_SPLINE_CURVE_WITH_KNOTS('',2,(#10350,#10351,#10352),
 .UNSPECIFIED.,.F.,.F.,(3,3),(0.,1.),.UNSPECIFIED.);
#395=B_SPLINE_CURVE_WITH_KNOTS('',2,(#10365,#10366,#10367),
 .UNSPECIFIED.,.F.,.F.,(3,3),(0.,1.),.UNSPECIFIED.);
#396=B_SPLINE_CURVE_WITH_KNOTS('',2,(#10375,#10376,#10377),
 .UNSPECIFIED.,.F.,.F.,(3,3),(0.,1.),.UNSPECIFIED.);
#397=B_SPLINE_CURVE_WITH_KNOTS('',2,(#10387,#10388,#10389),
 .UNSPECIFIED.,.F.,.F.,(3,3),(0.,1.),.UNSPECIFIED.);
#398=B_SPLINE_CURVE_WITH_KNOTS('',2,(#10397,#10398,#10399),
 .UNSPECIFIED.,.F.,.F.,(3,3),(0.,1.),.UNSPECIFIED.);
#399=B_SPLINE_CURVE_WITH_KNOTS('',2,(#10412,#10413,#10414),
 .UNSPECIFIED.,.F.,.F.,(3,3),(0.,1.),.UNSPECIFIED.);
#400=B_SPLINE_CURVE_WITH_KNOTS('',2,(#10422,#10423,#10424),
 .UNSPECIFIED.,.F.,.F.,(3,3),(0.,1.),.UNSPECIFIED.);
#401=B_SPLINE_CURVE_WITH_KNOTS('',2,(#10434,#10435,#10436),
 .UNSPECIFIED.,.F.,.F.,(3,3),(0.,1.),.UNSPECIFIED.);
#402=B_SPLINE_CURVE_WITH_KNOTS('',2,(#10446,#10447,#10448),
 .UNSPECIFIED.,.F.,.F.,(3,3),(0.,1.),.UNSPECIFIED.);
#403=B_SPLINE_CURVE_WITH_KNOTS('',2,(#10456,#10457,#10458),
 .UNSPECIFIED.,.F.,.F.,(3,3),(0.,1.),.UNSPECIFIED.);
#404=B_SPLINE_CURVE_WITH_KNOTS('',2,(#10471,#10472,#10473),
 .UNSPECIFIED.,.F.,.F.,(3,3),(0.,1.),.UNSPECIFIED.);
#405=B_SPLINE_CURVE_WITH_KNOTS('',2,(#10494,#10495,#10496),
 .UNSPECIFIED.,.F.,.F.,(3,3),(0.,1.),.UNSPECIFIED.);
#406=B_SPLINE_CURVE_WITH_KNOTS('',2,(#10509,#10510,#10511),
 .UNSPECIFIED.,.F.,.F.,(3,3),(0.,1.),.UNSPECIFIED.);
#407=B_SPLINE_CURVE_WITH_KNOTS('',2,(#10524,#10525,#10526),
 .UNSPECIFIED.,.F.,.F.,(3,3),(0.,1.),.UNSPECIFIED.);
#408=B_SPLINE_CURVE_WITH_KNOTS('',2,(#10539,#10540,#10541),
 .UNSPECIFIED.,.F.,.F.,(3,3),(0.,1.),.UNSPECIFIED.);
#409=B_SPLINE_CURVE_WITH_KNOTS('',2,(#10554,#10555,#10556),
 .UNSPECIFIED.,.F.,.F.,(3,3),(0.,1.),.UNSPECIFIED.);
#410=B_SPLINE_CURVE_WITH_KNOTS('',2,(#10582,#10583,#10584),
 .UNSPECIFIED.,.F.,.F.,(3,3),(0.,1.),.UNSPECIFIED.);
#411=B_SPLINE_CURVE_WITH_KNOTS('',2,(#10594,#10595,#10596),
 .UNSPECIFIED.,.F.,.F.,(3,3),(0.,1.),.UNSPECIFIED.);
#412=B_SPLINE_CURVE_WITH_KNOTS('',2,(#10605,#10606,#10607),
 .UNSPECIFIED.,.F.,.F.,(3,3),(0.,1.),.UNSPECIFIED.);
#413=B_SPLINE_CURVE_WITH_KNOTS('',2,(#10616,#10617,#10618),
 .UNSPECIFIED.,.F.,.F.,(3,3),(0.,1.),.UNSPECIFIED.);
#414=B_SPLINE_CURVE_WITH_KNOTS('',2,(#10627,#10628,#10629),
 .UNSPECIFIED.,.F.,.F.,(3,3),(0.,1.),.UNSPECIFIED.);
#415=B_SPLINE_CURVE_WITH_KNOTS('',2,(#10638,#10639,#10640),
 .UNSPECIFIED.,.F.,.F.,(3,3),(0.,1.),.UNSPECIFIED.);
#416=B_SPLINE_CURVE_WITH_KNOTS('',2,(#10649,#10650,#10651),
 .UNSPECIFIED.,.F.,.F.,(3,3),(0.,1.),.UNSPECIFIED.);
#417=B_SPLINE_CURVE_WITH_KNOTS('',2,(#10660,#10661,#10662),
 .UNSPECIFIED.,.F.,.F.,(3,3),(0.,1.),.UNSPECIFIED.);
#418=B_SPLINE_CURVE_WITH_KNOTS('',2,(#10671,#10672,#10673),
 .UNSPECIFIED.,.F.,.F.,(3,3),(0.,1.),.UNSPECIFIED.);
#419=B_SPLINE_CURVE_WITH_KNOTS('',2,(#10682,#10683,#10684),
 .UNSPECIFIED.,.F.,.F.,(3,3),(0.,1.),.UNSPECIFIED.);
#420=B_SPLINE_CURVE_WITH_KNOTS('',2,(#10693,#10694,#10695),
 .UNSPECIFIED.,.F.,.F.,(3,3),(0.,1.),.UNSPECIFIED.);
#421=B_SPLINE_CURVE_WITH_KNOTS('',2,(#10704,#10705,#10706),
 .UNSPECIFIED.,.F.,.F.,(3,3),(0.,1.),.UNSPECIFIED.);
#422=B_SPLINE_CURVE_WITH_KNOTS('',2,(#10715,#10716,#10717),
 .UNSPECIFIED.,.F.,.F.,(3,3),(0.,1.),.UNSPECIFIED.);
#423=B_SPLINE_CURVE_WITH_KNOTS('',2,(#10724,#10725,#10726),
 .UNSPECIFIED.,.F.,.F.,(3,3),(0.,1.),.UNSPECIFIED.);
#424=B_SPLINE_CURVE_WITH_KNOTS('',2,(#10736,#10737,#10738),
 .UNSPECIFIED.,.F.,.F.,(3,3),(0.,1.),.UNSPECIFIED.);
#425=B_SPLINE_CURVE_WITH_KNOTS('',2,(#10748,#10749,#10750),
 .UNSPECIFIED.,.F.,.F.,(3,3),(0.,1.),.UNSPECIFIED.);
#426=B_SPLINE_CURVE_WITH_KNOTS('',2,(#10759,#10760,#10761),
 .UNSPECIFIED.,.F.,.F.,(3,3),(0.,1.),.UNSPECIFIED.);
#427=B_SPLINE_CURVE_WITH_KNOTS('',2,(#10794,#10795,#10796),
 .UNSPECIFIED.,.F.,.F.,(3,3),(0.,1.),.UNSPECIFIED.);
#428=B_SPLINE_CURVE_WITH_KNOTS('',2,(#10805,#10806,#10807),
 .UNSPECIFIED.,.F.,.F.,(3,3),(0.,1.),.UNSPECIFIED.);
#429=B_SPLINE_CURVE_WITH_KNOTS('',2,(#10820,#10821,#10822),
 .UNSPECIFIED.,.F.,.F.,(3,3),(0.,1.),.UNSPECIFIED.);
#430=B_SPLINE_CURVE_WITH_KNOTS('',2,(#10831,#10832,#10833),
 .UNSPECIFIED.,.F.,.F.,(3,3),(0.,1.),.UNSPECIFIED.);
#431=B_SPLINE_CURVE_WITH_KNOTS('',2,(#10842,#10843,#10844),
 .UNSPECIFIED.,.F.,.F.,(3,3),(0.,1.),.UNSPECIFIED.);
#432=B_SPLINE_CURVE_WITH_KNOTS('',2,(#10853,#10854,#10855),
 .UNSPECIFIED.,.F.,.F.,(3,3),(0.,1.),.UNSPECIFIED.);
#433=B_SPLINE_CURVE_WITH_KNOTS('',2,(#10864,#10865,#10866),
 .UNSPECIFIED.,.F.,.F.,(3,3),(0.,1.),.UNSPECIFIED.);
#434=B_SPLINE_CURVE_WITH_KNOTS('',2,(#10875,#10876,#10877),
 .UNSPECIFIED.,.F.,.F.,(3,3),(0.,1.),.UNSPECIFIED.);
#435=B_SPLINE_CURVE_WITH_KNOTS('',2,(#10886,#10887,#10888),
 .UNSPECIFIED.,.F.,.F.,(3,3),(0.,1.),.UNSPECIFIED.);
#436=B_SPLINE_CURVE_WITH_KNOTS('',2,(#10895,#10896,#10897),
 .UNSPECIFIED.,.F.,.F.,(3,3),(0.,1.),.UNSPECIFIED.);
#437=B_SPLINE_CURVE_WITH_KNOTS('',2,(#10907,#10908,#10909),
 .UNSPECIFIED.,.F.,.F.,(3,3),(0.,1.),.UNSPECIFIED.);
#438=B_SPLINE_CURVE_WITH_KNOTS('',2,(#10919,#10920,#10921),
 .UNSPECIFIED.,.F.,.F.,(3,3),(0.,1.),.UNSPECIFIED.);
#439=B_SPLINE_CURVE_WITH_KNOTS('',2,(#10930,#10931,#10932),
 .UNSPECIFIED.,.F.,.F.,(3,3),(0.,1.),.UNSPECIFIED.);
#440=B_SPLINE_CURVE_WITH_KNOTS('',2,(#10941,#10942,#10943),
 .UNSPECIFIED.,.F.,.F.,(3,3),(0.,1.),.UNSPECIFIED.);
#441=B_SPLINE_CURVE_WITH_KNOTS('',2,(#10952,#10953,#10954),
 .UNSPECIFIED.,.F.,.F.,(3,3),(0.,1.),.UNSPECIFIED.);
#442=B_SPLINE_CURVE_WITH_KNOTS('',2,(#10963,#10964,#10965),
 .UNSPECIFIED.,.F.,.F.,(3,3),(0.,1.),.UNSPECIFIED.);
#443=B_SPLINE_CURVE_WITH_KNOTS('',2,(#10974,#10975,#10976),
 .UNSPECIFIED.,.F.,.F.,(3,3),(0.,1.),.UNSPECIFIED.);
#444=B_SPLINE_CURVE_WITH_KNOTS('',2,(#10985,#10986,#10987),
 .UNSPECIFIED.,.F.,.F.,(3,3),(0.,1.),.UNSPECIFIED.);
#445=B_SPLINE_CURVE_WITH_KNOTS('',2,(#11000,#11001,#11002),
 .UNSPECIFIED.,.F.,.F.,(3,3),(0.,1.),.UNSPECIFIED.);
#446=B_SPLINE_CURVE_WITH_KNOTS('',2,(#11011,#11012,#11013),
 .UNSPECIFIED.,.F.,.F.,(3,3),(0.,1.),.UNSPECIFIED.);
#447=B_SPLINE_CURVE_WITH_KNOTS('',2,(#11022,#11023,#11024),
 .UNSPECIFIED.,.F.,.F.,(3,3),(0.,1.),.UNSPECIFIED.);
#448=B_SPLINE_CURVE_WITH_KNOTS('',2,(#11033,#11034,#11035),
 .UNSPECIFIED.,.F.,.F.,(3,3),(0.,1.),.UNSPECIFIED.);
#449=B_SPLINE_CURVE_WITH_KNOTS('',2,(#11052,#11053,#11054),
 .UNSPECIFIED.,.F.,.F.,(3,3),(0.,1.),.UNSPECIFIED.);
#450=B_SPLINE_CURVE_WITH_KNOTS('',2,(#11063,#11064,#11065),
 .UNSPECIFIED.,.F.,.F.,(3,3),(0.,1.),.UNSPECIFIED.);
#451=B_SPLINE_CURVE_WITH_KNOTS('',2,(#11072,#11073,#11074),
 .UNSPECIFIED.,.F.,.F.,(3,3),(0.,1.),.UNSPECIFIED.);
#452=B_SPLINE_CURVE_WITH_KNOTS('',2,(#11084,#11085,#11086),
 .UNSPECIFIED.,.F.,.F.,(3,3),(0.,1.),.UNSPECIFIED.);
#453=B_SPLINE_CURVE_WITH_KNOTS('',2,(#11096,#11097,#11098),
 .UNSPECIFIED.,.F.,.F.,(3,3),(0.,1.),.UNSPECIFIED.);
#454=B_SPLINE_CURVE_WITH_KNOTS('',2,(#11107,#11108,#11109),
 .UNSPECIFIED.,.F.,.F.,(3,3),(0.,1.),.UNSPECIFIED.);
#455=B_SPLINE_CURVE_WITH_KNOTS('',2,(#11142,#11143,#11144),
 .UNSPECIFIED.,.F.,.F.,(3,3),(0.,1.),.UNSPECIFIED.);
#456=B_SPLINE_CURVE_WITH_KNOTS('',2,(#11153,#11154,#11155),
 .UNSPECIFIED.,.F.,.F.,(3,3),(0.,1.),.UNSPECIFIED.);
#457=B_SPLINE_CURVE_WITH_KNOTS('',2,(#11164,#11165,#11166),
 .UNSPECIFIED.,.F.,.F.,(3,3),(0.,1.),.UNSPECIFIED.);
#458=B_SPLINE_CURVE_WITH_KNOTS('',2,(#11175,#11176,#11177),
 .UNSPECIFIED.,.F.,.F.,(3,3),(0.,1.),.UNSPECIFIED.);
#459=B_SPLINE_CURVE_WITH_KNOTS('',2,(#11198,#11199,#11200),
 .UNSPECIFIED.,.F.,.F.,(3,3),(0.,1.),.UNSPECIFIED.);
#460=B_SPLINE_CURVE_WITH_KNOTS('',2,(#11207,#11208,#11209),
 .UNSPECIFIED.,.F.,.F.,(3,3),(0.,1.),.UNSPECIFIED.);
#461=B_SPLINE_CURVE_WITH_KNOTS('',2,(#11417,#11418,#11419),
 .UNSPECIFIED.,.F.,.F.,(3,3),(0.,1.),.UNSPECIFIED.);
#462=B_SPLINE_CURVE_WITH_KNOTS('',2,(#11421,#11422,#11423),
 .UNSPECIFIED.,.F.,.F.,(3,3),(0.,1.),.UNSPECIFIED.);
#463=B_SPLINE_CURVE_WITH_KNOTS('',2,(#11425,#11426,#11427),
 .UNSPECIFIED.,.F.,.F.,(3,3),(0.,1.),.UNSPECIFIED.);
#464=B_SPLINE_CURVE_WITH_KNOTS('',2,(#11429,#11430,#11431),
 .UNSPECIFIED.,.F.,.F.,(3,3),(0.,1.),.UNSPECIFIED.);
#465=B_SPLINE_CURVE_WITH_KNOTS('',2,(#11438,#11439,#11440),
 .UNSPECIFIED.,.F.,.F.,(3,3),(0.,1.),.UNSPECIFIED.);
#466=B_SPLINE_CURVE_WITH_KNOTS('',2,(#11442,#11443,#11444),
 .UNSPECIFIED.,.F.,.F.,(3,3),(0.,1.),.UNSPECIFIED.);
#467=B_SPLINE_CURVE_WITH_KNOTS('',2,(#11446,#11447,#11448),
 .UNSPECIFIED.,.F.,.F.,(3,3),(0.,1.),.UNSPECIFIED.);
#468=B_SPLINE_CURVE_WITH_KNOTS('',2,(#11450,#11451,#11452),
 .UNSPECIFIED.,.F.,.F.,(3,3),(0.,1.),.UNSPECIFIED.);
#469=B_SPLINE_CURVE_WITH_KNOTS('',2,(#11455,#11456,#11457),
 .UNSPECIFIED.,.F.,.F.,(3,3),(0.,1.),.UNSPECIFIED.);
#470=B_SPLINE_CURVE_WITH_KNOTS('',2,(#11462,#11463,#11464),
 .UNSPECIFIED.,.F.,.F.,(3,3),(0.,1.),.UNSPECIFIED.);
#471=B_SPLINE_CURVE_WITH_KNOTS('',2,(#11466,#11467,#11468),
 .UNSPECIFIED.,.F.,.F.,(3,3),(0.,1.),.UNSPECIFIED.);
#472=B_SPLINE_CURVE_WITH_KNOTS('',2,(#11470,#11471,#11472),
 .UNSPECIFIED.,.F.,.F.,(3,3),(0.,1.),.UNSPECIFIED.);
#473=B_SPLINE_CURVE_WITH_KNOTS('',2,(#11474,#11475,#11476),
 .UNSPECIFIED.,.F.,.F.,(3,3),(0.,1.),.UNSPECIFIED.);
#474=B_SPLINE_CURVE_WITH_KNOTS('',2,(#11479,#11480,#11481),
 .UNSPECIFIED.,.F.,.F.,(3,3),(0.,1.),.UNSPECIFIED.);
#475=B_SPLINE_CURVE_WITH_KNOTS('',2,(#11486,#11487,#11488),
 .UNSPECIFIED.,.F.,.F.,(3,3),(0.,1.),.UNSPECIFIED.);
#476=B_SPLINE_CURVE_WITH_KNOTS('',2,(#11490,#11491,#11492),
 .UNSPECIFIED.,.F.,.F.,(3,3),(0.,1.),.UNSPECIFIED.);
#477=B_SPLINE_CURVE_WITH_KNOTS('',2,(#11494,#11495,#11496),
 .UNSPECIFIED.,.F.,.F.,(3,3),(0.,1.),.UNSPECIFIED.);
#478=B_SPLINE_CURVE_WITH_KNOTS('',2,(#11498,#11499,#11500),
 .UNSPECIFIED.,.F.,.F.,(3,3),(0.,1.),.UNSPECIFIED.);
#479=B_SPLINE_CURVE_WITH_KNOTS('',2,(#11502,#11503,#11504),
 .UNSPECIFIED.,.F.,.F.,(3,3),(0.,1.),.UNSPECIFIED.);
#480=B_SPLINE_CURVE_WITH_KNOTS('',2,(#11506,#11507,#11508),
 .UNSPECIFIED.,.F.,.F.,(3,3),(0.,1.),.UNSPECIFIED.);
#481=B_SPLINE_CURVE_WITH_KNOTS('',2,(#11510,#11511,#11512),
 .UNSPECIFIED.,.F.,.F.,(3,3),(0.,1.),.UNSPECIFIED.);
#482=B_SPLINE_CURVE_WITH_KNOTS('',2,(#11514,#11515,#11516),
 .UNSPECIFIED.,.F.,.F.,(3,3),(0.,1.),.UNSPECIFIED.);
#483=B_SPLINE_CURVE_WITH_KNOTS('',2,(#11518,#11519,#11520),
 .UNSPECIFIED.,.F.,.F.,(3,3),(0.,1.),.UNSPECIFIED.);
#484=B_SPLINE_CURVE_WITH_KNOTS('',2,(#11522,#11523,#11524),
 .UNSPECIFIED.,.F.,.F.,(3,3),(0.,1.),.UNSPECIFIED.);
#485=B_SPLINE_CURVE_WITH_KNOTS('',2,(#11525,#11526,#11527),
 .UNSPECIFIED.,.F.,.F.,(3,3),(0.,1.),.UNSPECIFIED.);
#486=B_SPLINE_CURVE_WITH_KNOTS('',2,(#11531,#11532,#11533),
 .UNSPECIFIED.,.F.,.F.,(3,3),(0.,1.),.UNSPECIFIED.);
#487=B_SPLINE_CURVE_WITH_KNOTS('',2,(#11535,#11536,#11537),
 .UNSPECIFIED.,.F.,.F.,(3,3),(0.,1.),.UNSPECIFIED.);
#488=B_SPLINE_CURVE_WITH_KNOTS('',2,(#11539,#11540,#11541),
 .UNSPECIFIED.,.F.,.F.,(3,3),(0.,1.),.UNSPECIFIED.);
#489=B_SPLINE_CURVE_WITH_KNOTS('',2,(#11543,#11544,#11545),
 .UNSPECIFIED.,.F.,.F.,(3,3),(0.,1.),.UNSPECIFIED.);
#490=B_SPLINE_CURVE_WITH_KNOTS('',2,(#11547,#11548,#11549),
 .UNSPECIFIED.,.F.,.F.,(3,3),(0.,1.),.UNSPECIFIED.);
#491=B_SPLINE_CURVE_WITH_KNOTS('',2,(#11551,#11552,#11553),
 .UNSPECIFIED.,.F.,.F.,(3,3),(0.,1.),.UNSPECIFIED.);
#492=B_SPLINE_CURVE_WITH_KNOTS('',2,(#11555,#11556,#11557),
 .UNSPECIFIED.,.F.,.F.,(3,3),(0.,1.),.UNSPECIFIED.);
#493=B_SPLINE_CURVE_WITH_KNOTS('',2,(#11559,#11560,#11561),
 .UNSPECIFIED.,.F.,.F.,(3,3),(0.,1.),.UNSPECIFIED.);
#494=B_SPLINE_CURVE_WITH_KNOTS('',2,(#11563,#11564,#11565),
 .UNSPECIFIED.,.F.,.F.,(3,3),(0.,1.),.UNSPECIFIED.);
#495=B_SPLINE_CURVE_WITH_KNOTS('',2,(#11569,#11570,#11571),
 .UNSPECIFIED.,.F.,.F.,(3,3),(0.,1.),.UNSPECIFIED.);
#496=B_SPLINE_CURVE_WITH_KNOTS('',2,(#11572,#11573,#11574),
 .UNSPECIFIED.,.F.,.F.,(3,3),(0.,1.),.UNSPECIFIED.);
#497=B_SPLINE_CURVE_WITH_KNOTS('',2,(#11578,#11579,#11580),
 .UNSPECIFIED.,.F.,.F.,(3,3),(0.,1.),.UNSPECIFIED.);
#498=B_SPLINE_CURVE_WITH_KNOTS('',2,(#11582,#11583,#11584),
 .UNSPECIFIED.,.F.,.F.,(3,3),(0.,1.),.UNSPECIFIED.);
#499=B_SPLINE_CURVE_WITH_KNOTS('',2,(#11586,#11587,#11588),
 .UNSPECIFIED.,.F.,.F.,(3,3),(0.,1.),.UNSPECIFIED.);
#500=B_SPLINE_CURVE_WITH_KNOTS('',2,(#11590,#11591,#11592),
 .UNSPECIFIED.,.F.,.F.,(3,3),(0.,1.),.UNSPECIFIED.);
#501=B_SPLINE_CURVE_WITH_KNOTS('',2,(#11595,#11596,#11597),
 .UNSPECIFIED.,.F.,.F.,(3,3),(0.,1.),.UNSPECIFIED.);
#502=B_SPLINE_CURVE_WITH_KNOTS('',2,(#11719,#11720,#11721),
 .UNSPECIFIED.,.F.,.F.,(3,3),(0.,1.),.UNSPECIFIED.);
#503=B_SPLINE_CURVE_WITH_KNOTS('',2,(#11730,#11731,#11732),
 .UNSPECIFIED.,.F.,.F.,(3,3),(0.,1.),.UNSPECIFIED.);
#504=B_SPLINE_CURVE_WITH_KNOTS('',2,(#11741,#11742,#11743),
 .UNSPECIFIED.,.F.,.F.,(3,3),(0.,1.),.UNSPECIFIED.);
#505=B_SPLINE_CURVE_WITH_KNOTS('',2,(#11752,#11753,#11754),
 .UNSPECIFIED.,.F.,.F.,(3,3),(0.,1.),.UNSPECIFIED.);
#506=B_SPLINE_CURVE_WITH_KNOTS('',2,(#11771,#11772,#11773),
 .UNSPECIFIED.,.F.,.F.,(3,3),(0.,1.),.UNSPECIFIED.);
#507=B_SPLINE_CURVE_WITH_KNOTS('',2,(#11782,#11783,#11784),
 .UNSPECIFIED.,.F.,.F.,(3,3),(0.,1.),.UNSPECIFIED.);
#508=B_SPLINE_CURVE_WITH_KNOTS('',2,(#11793,#11794,#11795),
 .UNSPECIFIED.,.F.,.F.,(3,3),(0.,1.),.UNSPECIFIED.);
#509=B_SPLINE_CURVE_WITH_KNOTS('',2,(#11804,#11805,#11806),
 .UNSPECIFIED.,.F.,.F.,(3,3),(0.,1.),.UNSPECIFIED.);
#510=B_SPLINE_CURVE_WITH_KNOTS('',2,(#11817,#11818,#11819),
 .UNSPECIFIED.,.F.,.F.,(3,3),(0.,1.),.UNSPECIFIED.);
#511=B_SPLINE_CURVE_WITH_KNOTS('',2,(#11830,#11831,#11832),
 .UNSPECIFIED.,.F.,.F.,(3,3),(0.,1.),.UNSPECIFIED.);
#512=B_SPLINE_CURVE_WITH_KNOTS('',2,(#11841,#11842,#11843),
 .UNSPECIFIED.,.F.,.F.,(3,3),(0.,1.),.UNSPECIFIED.);
#513=B_SPLINE_CURVE_WITH_KNOTS('',2,(#11852,#11853,#11854),
 .UNSPECIFIED.,.F.,.F.,(3,3),(0.,1.),.UNSPECIFIED.);
#514=B_SPLINE_CURVE_WITH_KNOTS('',2,(#11863,#11864,#11865),
 .UNSPECIFIED.,.F.,.F.,(3,3),(0.,1.),.UNSPECIFIED.);
#515=B_SPLINE_CURVE_WITH_KNOTS('',2,(#11876,#11877,#11878),
 .UNSPECIFIED.,.F.,.F.,(3,3),(0.,1.),.UNSPECIFIED.);
#516=B_SPLINE_CURVE_WITH_KNOTS('',2,(#11889,#11890,#11891),
 .UNSPECIFIED.,.F.,.F.,(3,3),(0.,1.),.UNSPECIFIED.);
#517=B_SPLINE_CURVE_WITH_KNOTS('',2,(#11900,#11901,#11902),
 .UNSPECIFIED.,.F.,.F.,(3,3),(0.,1.),.UNSPECIFIED.);
#518=B_SPLINE_CURVE_WITH_KNOTS('',2,(#11911,#11912,#11913),
 .UNSPECIFIED.,.F.,.F.,(3,3),(0.,1.),.UNSPECIFIED.);
#519=B_SPLINE_CURVE_WITH_KNOTS('',2,(#11922,#11923,#11924),
 .UNSPECIFIED.,.F.,.F.,(3,3),(0.,1.),.UNSPECIFIED.);
#520=B_SPLINE_CURVE_WITH_KNOTS('',2,(#11933,#11934,#11935),
 .UNSPECIFIED.,.F.,.F.,(3,3),(0.,1.),.UNSPECIFIED.);
#521=B_SPLINE_CURVE_WITH_KNOTS('',2,(#11944,#11945,#11946),
 .UNSPECIFIED.,.F.,.F.,(3,3),(0.,1.),.UNSPECIFIED.);
#522=B_SPLINE_CURVE_WITH_KNOTS('',2,(#11955,#11956,#11957),
 .UNSPECIFIED.,.F.,.F.,(3,3),(0.,1.),.UNSPECIFIED.);
#523=B_SPLINE_CURVE_WITH_KNOTS('',2,(#11966,#11967,#11968),
 .UNSPECIFIED.,.F.,.F.,(3,3),(0.,1.),.UNSPECIFIED.);
#524=B_SPLINE_CURVE_WITH_KNOTS('',2,(#11977,#11978,#11979),
 .UNSPECIFIED.,.F.,.F.,(3,3),(0.,1.),.UNSPECIFIED.);
#525=B_SPLINE_CURVE_WITH_KNOTS('',2,(#11988,#11989,#11990),
 .UNSPECIFIED.,.F.,.F.,(3,3),(0.,1.),.UNSPECIFIED.);
#526=B_SPLINE_CURVE_WITH_KNOTS('',2,(#11997,#11998,#11999),
 .UNSPECIFIED.,.F.,.F.,(3,3),(0.,1.),.UNSPECIFIED.);
#527=B_SPLINE_CURVE_WITH_KNOTS('',2,(#12010,#12011,#12012),
 .UNSPECIFIED.,.F.,.F.,(3,3),(0.,1.),.UNSPECIFIED.);
#528=B_SPLINE_CURVE_WITH_KNOTS('',2,(#12021,#12022,#12023),
 .UNSPECIFIED.,.F.,.F.,(3,3),(0.,1.),.UNSPECIFIED.);
#529=B_SPLINE_CURVE_WITH_KNOTS('',2,(#12032,#12033,#12034),
 .UNSPECIFIED.,.F.,.F.,(3,3),(0.,1.),.UNSPECIFIED.);
#530=B_SPLINE_CURVE_WITH_KNOTS('',2,(#12043,#12044,#12045),
 .UNSPECIFIED.,.F.,.F.,(3,3),(0.,1.),.UNSPECIFIED.);
#531=B_SPLINE_CURVE_WITH_KNOTS('',2,(#12054,#12055,#12056),
 .UNSPECIFIED.,.F.,.F.,(3,3),(0.,1.),.UNSPECIFIED.);
#532=B_SPLINE_CURVE_WITH_KNOTS('',2,(#12065,#12066,#12067),
 .UNSPECIFIED.,.F.,.F.,(3,3),(0.,1.),.UNSPECIFIED.);
#533=B_SPLINE_CURVE_WITH_KNOTS('',2,(#12076,#12077,#12078),
 .UNSPECIFIED.,.F.,.F.,(3,3),(0.,1.),.UNSPECIFIED.);
#534=B_SPLINE_CURVE_WITH_KNOTS('',2,(#12087,#12088,#12089),
 .UNSPECIFIED.,.F.,.F.,(3,3),(0.,1.),.UNSPECIFIED.);
#535=B_SPLINE_CURVE_WITH_KNOTS('',2,(#12098,#12099,#12100),
 .UNSPECIFIED.,.F.,.F.,(3,3),(0.,1.),.UNSPECIFIED.);
#536=B_SPLINE_CURVE_WITH_KNOTS('',2,(#12113,#12114,#12115),
 .UNSPECIFIED.,.F.,.F.,(3,3),(0.,1.),.UNSPECIFIED.);
#537=B_SPLINE_CURVE_WITH_KNOTS('',2,(#12122,#12123,#12124),
 .UNSPECIFIED.,.F.,.F.,(3,3),(0.,1.),.UNSPECIFIED.);
#538=B_SPLINE_CURVE_WITH_KNOTS('',2,(#12135,#12136,#12137),
 .UNSPECIFIED.,.F.,.F.,(3,3),(0.,1.),.UNSPECIFIED.);
#539=B_SPLINE_CURVE_WITH_KNOTS('',2,(#12146,#12147,#12148),
 .UNSPECIFIED.,.F.,.F.,(3,3),(0.,1.),.UNSPECIFIED.);
#540=B_SPLINE_CURVE_WITH_KNOTS('',2,(#12157,#12158,#12159),
 .UNSPECIFIED.,.F.,.F.,(3,3),(0.,1.),.UNSPECIFIED.);
#541=B_SPLINE_CURVE_WITH_KNOTS('',2,(#12168,#12169,#12170),
 .UNSPECIFIED.,.F.,.F.,(3,3),(0.,1.),.UNSPECIFIED.);
#542=B_SPLINE_CURVE_WITH_KNOTS('',2,(#12181,#12182,#12183),
 .UNSPECIFIED.,.F.,.F.,(3,3),(0.,1.),.UNSPECIFIED.);
#543=CIRCLE('',#7181,8.05);
#544=CIRCLE('',#7202,1.4);
#545=CIRCLE('',#7206,1.4);
#546=CIRCLE('',#7209,0.4);
#547=CIRCLE('',#7218,8.05);
#548=CIRCLE('',#7222,0.4);
#549=CIRCLE('',#7284,1.4);
#550=CIRCLE('',#7302,0.4);
#551=CIRCLE('',#7305,1.);
#552=CIRCLE('',#7313,4.2);
#553=CIRCLE('',#7314,4.2);
#554=CIRCLE('',#7315,4.2);
#555=CIRCLE('',#7316,4.2);
#556=CIRCLE('',#7317,2.5);
#557=CIRCLE('',#7318,2.5);
#558=CIRCLE('',#7319,2.5);
#559=CIRCLE('',#7320,4.);
#560=CIRCLE('',#7321,4.);
#561=CIRCLE('',#7322,2.5);
#562=CIRCLE('',#7325,0.4);
#563=CIRCLE('',#7329,5.);
#564=CIRCLE('',#7330,5.);
#565=CIRCLE('',#7331,5.);
#566=CIRCLE('',#7332,5.);
#567=CIRCLE('',#7333,2.5);
#568=CIRCLE('',#7334,2.5);
#569=CIRCLE('',#7335,2.5);
#570=CIRCLE('',#7336,2.5);
#571=CIRCLE('',#7348,1.);
#572=CIRCLE('',#7363,5.);
#573=CIRCLE('',#7365,5.);
#574=CIRCLE('',#7369,5.);
#575=CIRCLE('',#7371,5.);
#576=CIRCLE('',#7382,4.);
#577=CIRCLE('',#7384,4.);
#578=FACE_BOUND('',#1003,.T.);
#579=FACE_BOUND('',#1004,.T.);
#580=FACE_BOUND('',#1026,.T.);
#581=FACE_BOUND('',#1033,.T.);
#582=FACE_BOUND('',#1041,.T.);
#583=FACE_BOUND('',#1049,.T.);
#584=FACE_BOUND('',#1050,.T.);
#585=FACE_BOUND('',#1051,.T.);
#586=FACE_BOUND('',#1052,.T.);
#587=FACE_BOUND('',#1053,.T.);
#588=FACE_BOUND('',#1054,.T.);
#589=FACE_BOUND('',#1055,.T.);
#590=FACE_BOUND('',#1056,.T.);
#591=FACE_BOUND('',#1057,.T.);
#592=FACE_BOUND('',#1058,.T.);
#593=FACE_BOUND('',#1059,.T.);
#594=FACE_BOUND('',#1060,.T.);
#595=FACE_BOUND('',#1061,.T.);
#596=FACE_BOUND('',#1065,.T.);
#597=FACE_BOUND('',#1067,.T.);
#598=FACE_BOUND('',#1068,.T.);
#599=FACE_BOUND('',#1072,.T.);
#600=FACE_BOUND('',#1079,.T.);
#601=FACE_BOUND('',#1195,.T.);
#602=FACE_BOUND('',#1287,.T.);
#603=FACE_BOUND('',#1294,.T.);
#604=FACE_BOUND('',#1295,.T.);
#605=FACE_BOUND('',#1296,.T.);
#606=FACE_BOUND('',#1297,.T.);
#607=FACE_BOUND('',#1298,.T.);
#608=FACE_BOUND('',#1299,.T.);
#609=FACE_BOUND('',#1300,.T.);
#610=FACE_BOUND('',#1305,.T.);
#611=FACE_BOUND('',#1306,.T.);
#612=FACE_BOUND('',#1307,.T.);
#613=FACE_BOUND('',#1308,.T.);
#614=FACE_BOUND('',#1309,.T.);
#615=FACE_BOUND('',#1312,.T.);
#616=FACE_BOUND('',#1314,.T.);
#617=FACE_BOUND('',#1317,.T.);
#618=FACE_BOUND('',#1320,.T.);
#619=FACE_BOUND('',#1322,.T.);
#620=FACE_BOUND('',#1324,.T.);
#621=FACE_BOUND('',#1352,.T.);
#622=FACE_BOUND('',#1354,.T.);
#623=FACE_BOUND('',#1356,.T.);
#624=FACE_BOUND('',#1362,.T.);
#625=FACE_OUTER_BOUND('',#1002,.T.);
#626=FACE_OUTER_BOUND('',#1005,.T.);
#627=FACE_OUTER_BOUND('',#1006,.T.);
#628=FACE_OUTER_BOUND('',#1007,.T.);
#629=FACE_OUTER_BOUND('',#1008,.T.);
#630=FACE_OUTER_BOUND('',#1009,.T.);
#631=FACE_OUTER_BOUND('',#1010,.T.);
#632=FACE_OUTER_BOUND('',#1011,.T.);
#633=FACE_OUTER_BOUND('',#1012,.T.);
#634=FACE_OUTER_BOUND('',#1013,.T.);
#635=FACE_OUTER_BOUND('',#1014,.T.);
#636=FACE_OUTER_BOUND('',#1015,.T.);
#637=FACE_OUTER_BOUND('',#1016,.T.);
#638=FACE_OUTER_BOUND('',#1017,.T.);
#639=FACE_OUTER_BOUND('',#1018,.T.);
#640=FACE_OUTER_BOUND('',#1019,.T.);
#641=FACE_OUTER_BOUND('',#1020,.T.);
#642=FACE_OUTER_BOUND('',#1021,.T.);
#643=FACE_OUTER_BOUND('',#1022,.T.);
#644=FACE_OUTER_BOUND('',#1023,.T.);
#645=FACE_OUTER_BOUND('',#1024,.T.);
#646=FACE_OUTER_BOUND('',#1025,.T.);
#647=FACE_OUTER_BOUND('',#1027,.T.);
#648=FACE_OUTER_BOUND('',#1028,.T.);
#649=FACE_OUTER_BOUND('',#1029,.T.);
#650=FACE_OUTER_BOUND('',#1030,.T.);
#651=FACE_OUTER_BOUND('',#1031,.T.);
#652=FACE_OUTER_BOUND('',#1032,.T.);
#653=FACE_OUTER_BOUND('',#1034,.T.);
#654=FACE_OUTER_BOUND('',#1035,.T.);
#655=FACE_OUTER_BOUND('',#1036,.T.);
#656=FACE_OUTER_BOUND('',#1037,.T.);
#657=FACE_OUTER_BOUND('',#1038,.T.);
#658=FACE_OUTER_BOUND('',#1039,.T.);
#659=FACE_OUTER_BOUND('',#1040,.T.);
#660=FACE_OUTER_BOUND('',#1042,.T.);
#661=FACE_OUTER_BOUND('',#1043,.T.);
#662=FACE_OUTER_BOUND('',#1044,.T.);
#663=FACE_OUTER_BOUND('',#1045,.T.);
#664=FACE_OUTER_BOUND('',#1046,.T.);
#665=FACE_OUTER_BOUND('',#1047,.T.);
#666=FACE_OUTER_BOUND('',#1048,.T.);
#667=FACE_OUTER_BOUND('',#1062,.T.);
#668=FACE_OUTER_BOUND('',#1063,.T.);
#669=FACE_OUTER_BOUND('',#1064,.T.);
#670=FACE_OUTER_BOUND('',#1066,.T.);
#671=FACE_OUTER_BOUND('',#1069,.T.);
#672=FACE_OUTER_BOUND('',#1070,.T.);
#673=FACE_OUTER_BOUND('',#1071,.T.);
#674=FACE_OUTER_BOUND('',#1073,.T.);
#675=FACE_OUTER_BOUND('',#1074,.T.);
#676=FACE_OUTER_BOUND('',#1075,.T.);
#677=FACE_OUTER_BOUND('',#1076,.T.);
#678=FACE_OUTER_BOUND('',#1077,.T.);
#679=FACE_OUTER_BOUND('',#1078,.T.);
#680=FACE_OUTER_BOUND('',#1080,.T.);
#681=FACE_OUTER_BOUND('',#1081,.T.);
#682=FACE_OUTER_BOUND('',#1082,.T.);
#683=FACE_OUTER_BOUND('',#1083,.T.);
#684=FACE_OUTER_BOUND('',#1084,.T.);
#685=FACE_OUTER_BOUND('',#1085,.T.);
#686=FACE_OUTER_BOUND('',#1086,.T.);
#687=FACE_OUTER_BOUND('',#1087,.T.);
#688=FACE_OUTER_BOUND('',#1088,.T.);
#689=FACE_OUTER_BOUND('',#1089,.T.);
#690=FACE_OUTER_BOUND('',#1090,.T.);
#691=FACE_OUTER_BOUND('',#1091,.T.);
#692=FACE_OUTER_BOUND('',#1092,.T.);
#693=FACE_OUTER_BOUND('',#1093,.T.);
#694=FACE_OUTER_BOUND('',#1094,.T.);
#695=FACE_OUTER_BOUND('',#1095,.T.);
#696=FACE_OUTER_BOUND('',#1096,.T.);
#697=FACE_OUTER_BOUND('',#1097,.T.);
#698=FACE_OUTER_BOUND('',#1098,.T.);
#699=FACE_OUTER_BOUND('',#1099,.T.);
#700=FACE_OUTER_BOUND('',#1100,.T.);
#701=FACE_OUTER_BOUND('',#1101,.T.);
#702=FACE_OUTER_BOUND('',#1102,.T.);
#703=FACE_OUTER_BOUND('',#1103,.T.);
#704=FACE_OUTER_BOUND('',#1104,.T.);
#705=FACE_OUTER_BOUND('',#1105,.T.);
#706=FACE_OUTER_BOUND('',#1106,.T.);
#707=FACE_OUTER_BOUND('',#1107,.T.);
#708=FACE_OUTER_BOUND('',#1108,.T.);
#709=FACE_OUTER_BOUND('',#1109,.T.);
#710=FACE_OUTER_BOUND('',#1110,.T.);
#711=FACE_OUTER_BOUND('',#1111,.T.);
#712=FACE_OUTER_BOUND('',#1112,.T.);
#713=FACE_OUTER_BOUND('',#1113,.T.);
#714=FACE_OUTER_BOUND('',#1114,.T.);
#715=FACE_OUTER_BOUND('',#1115,.T.);
#716=FACE_OUTER_BOUND('',#1116,.T.);
#717=FACE_OUTER_BOUND('',#1117,.T.);
#718=FACE_OUTER_BOUND('',#1118,.T.);
#719=FACE_OUTER_BOUND('',#1119,.T.);
#720=FACE_OUTER_BOUND('',#1120,.T.);
#721=FACE_OUTER_BOUND('',#1121,.T.);
#722=FACE_OUTER_BOUND('',#1122,.T.);
#723=FACE_OUTER_BOUND('',#1123,.T.);
#724=FACE_OUTER_BOUND('',#1124,.T.);
#725=FACE_OUTER_BOUND('',#1125,.T.);
#726=FACE_OUTER_BOUND('',#1126,.T.);
#727=FACE_OUTER_BOUND('',#1127,.T.);
#728=FACE_OUTER_BOUND('',#1128,.T.);
#729=FACE_OUTER_BOUND('',#1129,.T.);
#730=FACE_OUTER_BOUND('',#1130,.T.);
#731=FACE_OUTER_BOUND('',#1131,.T.);
#732=FACE_OUTER_BOUND('',#1132,.T.);
#733=FACE_OUTER_BOUND('',#1133,.T.);
#734=FACE_OUTER_BOUND('',#1134,.T.);
#735=FACE_OUTER_BOUND('',#1135,.T.);
#736=FACE_OUTER_BOUND('',#1136,.T.);
#737=FACE_OUTER_BOUND('',#1137,.T.);
#738=FACE_OUTER_BOUND('',#1138,.T.);
#739=FACE_OUTER_BOUND('',#1139,.T.);
#740=FACE_OUTER_BOUND('',#1140,.T.);
#741=FACE_OUTER_BOUND('',#1141,.T.);
#742=FACE_OUTER_BOUND('',#1142,.T.);
#743=FACE_OUTER_BOUND('',#1143,.T.);
#744=FACE_OUTER_BOUND('',#1144,.T.);
#745=FACE_OUTER_BOUND('',#1145,.T.);
#746=FACE_OUTER_BOUND('',#1146,.T.);
#747=FACE_OUTER_BOUND('',#1147,.T.);
#748=FACE_OUTER_BOUND('',#1148,.T.);
#749=FACE_OUTER_BOUND('',#1149,.T.);
#750=FACE_OUTER_BOUND('',#1150,.T.);
#751=FACE_OUTER_BOUND('',#1151,.T.);
#752=FACE_OUTER_BOUND('',#1152,.T.);
#753=FACE_OUTER_BOUND('',#1153,.T.);
#754=FACE_OUTER_BOUND('',#1154,.T.);
#755=FACE_OUTER_BOUND('',#1155,.T.);
#756=FACE_OUTER_BOUND('',#1156,.T.);
#757=FACE_OUTER_BOUND('',#1157,.T.);
#758=FACE_OUTER_BOUND('',#1158,.T.);
#759=FACE_OUTER_BOUND('',#1159,.T.);
#760=FACE_OUTER_BOUND('',#1160,.T.);
#761=FACE_OUTER_BOUND('',#1161,.T.);
#762=FACE_OUTER_BOUND('',#1162,.T.);
#763=FACE_OUTER_BOUND('',#1163,.T.);
#764=FACE_OUTER_BOUND('',#1164,.T.);
#765=FACE_OUTER_BOUND('',#1165,.T.);
#766=FACE_OUTER_BOUND('',#1166,.T.);
#767=FACE_OUTER_BOUND('',#1167,.T.);
#768=FACE_OUTER_BOUND('',#1168,.T.);
#769=FACE_OUTER_BOUND('',#1169,.T.);
#770=FACE_OUTER_BOUND('',#1170,.T.);
#771=FACE_OUTER_BOUND('',#1171,.T.);
#772=FACE_OUTER_BOUND('',#1172,.T.);
#773=FACE_OUTER_BOUND('',#1173,.T.);
#774=FACE_OUTER_BOUND('',#1174,.T.);
#775=FACE_OUTER_BOUND('',#1175,.T.);
#776=FACE_OUTER_BOUND('',#1176,.T.);
#777=FACE_OUTER_BOUND('',#1177,.T.);
#778=FACE_OUTER_BOUND('',#1178,.T.);
#779=FACE_OUTER_BOUND('',#1179,.T.);
#780=FACE_OUTER_BOUND('',#1180,.T.);
#781=FACE_OUTER_BOUND('',#1181,.T.);
#782=FACE_OUTER_BOUND('',#1182,.T.);
#783=FACE_OUTER_BOUND('',#1183,.T.);
#784=FACE_OUTER_BOUND('',#1184,.T.);
#785=FACE_OUTER_BOUND('',#1185,.T.);
#786=FACE_OUTER_BOUND('',#1186,.T.);
#787=FACE_OUTER_BOUND('',#1187,.T.);
#788=FACE_OUTER_BOUND('',#1188,.T.);
#789=FACE_OUTER_BOUND('',#1189,.T.);
#790=FACE_OUTER_BOUND('',#1190,.T.);
#791=FACE_OUTER_BOUND('',#1191,.T.);
#792=FACE_OUTER_BOUND('',#1192,.T.);
#793=FACE_OUTER_BOUND('',#1193,.T.);
#794=FACE_OUTER_BOUND('',#1194,.T.);
#795=FACE_OUTER_BOUND('',#1196,.T.);
#796=FACE_OUTER_BOUND('',#1197,.T.);
#797=FACE_OUTER_BOUND('',#1198,.T.);
#798=FACE_OUTER_BOUND('',#1199,.T.);
#799=FACE_OUTER_BOUND('',#1200,.T.);
#800=FACE_OUTER_BOUND('',#1201,.T.);
#801=FACE_OUTER_BOUND('',#1202,.T.);
#802=FACE_OUTER_BOUND('',#1203,.T.);
#803=FACE_OUTER_BOUND('',#1204,.T.);
#804=FACE_OUTER_BOUND('',#1205,.T.);
#805=FACE_OUTER_BOUND('',#1206,.T.);
#806=FACE_OUTER_BOUND('',#1207,.T.);
#807=FACE_OUTER_BOUND('',#1208,.T.);
#808=FACE_OUTER_BOUND('',#1209,.T.);
#809=FACE_OUTER_BOUND('',#1210,.T.);
#810=FACE_OUTER_BOUND('',#1211,.T.);
#811=FACE_OUTER_BOUND('',#1212,.T.);
#812=FACE_OUTER_BOUND('',#1213,.T.);
#813=FACE_OUTER_BOUND('',#1214,.T.);
#814=FACE_OUTER_BOUND('',#1215,.T.);
#815=FACE_OUTER_BOUND('',#1216,.T.);
#816=FACE_OUTER_BOUND('',#1217,.T.);
#817=FACE_OUTER_BOUND('',#1218,.T.);
#818=FACE_OUTER_BOUND('',#1219,.T.);
#819=FACE_OUTER_BOUND('',#1220,.T.);
#820=FACE_OUTER_BOUND('',#1221,.T.);
#821=FACE_OUTER_BOUND('',#1222,.T.);
#822=FACE_OUTER_BOUND('',#1223,.T.);
#823=FACE_OUTER_BOUND('',#1224,.T.);
#824=FACE_OUTER_BOUND('',#1225,.T.);
#825=FACE_OUTER_BOUND('',#1226,.T.);
#826=FACE_OUTER_BOUND('',#1227,.T.);
#827=FACE_OUTER_BOUND('',#1228,.T.);
#828=FACE_OUTER_BOUND('',#1229,.T.);
#829=FACE_OUTER_BOUND('',#1230,.T.);
#830=FACE_OUTER_BOUND('',#1231,.T.);
#831=FACE_OUTER_BOUND('',#1232,.T.);
#832=FACE_OUTER_BOUND('',#1233,.T.);
#833=FACE_OUTER_BOUND('',#1234,.T.);
#834=FACE_OUTER_BOUND('',#1235,.T.);
#835=FACE_OUTER_BOUND('',#1236,.T.);
#836=FACE_OUTER_BOUND('',#1237,.T.);
#837=FACE_OUTER_BOUND('',#1238,.T.);
#838=FACE_OUTER_BOUND('',#1239,.T.);
#839=FACE_OUTER_BOUND('',#1240,.T.);
#840=FACE_OUTER_BOUND('',#1241,.T.);
#841=FACE_OUTER_BOUND('',#1242,.T.);
#842=FACE_OUTER_BOUND('',#1243,.T.);
#843=FACE_OUTER_BOUND('',#1244,.T.);
#844=FACE_OUTER_BOUND('',#1245,.T.);
#845=FACE_OUTER_BOUND('',#1246,.T.);
#846=FACE_OUTER_BOUND('',#1247,.T.);
#847=FACE_OUTER_BOUND('',#1248,.T.);
#848=FACE_OUTER_BOUND('',#1249,.T.);
#849=FACE_OUTER_BOUND('',#1250,.T.);
#850=FACE_OUTER_BOUND('',#1251,.T.);
#851=FACE_OUTER_BOUND('',#1252,.T.);
#852=FACE_OUTER_BOUND('',#1253,.T.);
#853=FACE_OUTER_BOUND('',#1254,.T.);
#854=FACE_OUTER_BOUND('',#1255,.T.);
#855=FACE_OUTER_BOUND('',#1256,.T.);
#856=FACE_OUTER_BOUND('',#1257,.T.);
#857=FACE_OUTER_BOUND('',#1258,.T.);
#858=FACE_OUTER_BOUND('',#1259,.T.);
#859=FACE_OUTER_BOUND('',#1260,.T.);
#860=FACE_OUTER_BOUND('',#1261,.T.);
#861=FACE_OUTER_BOUND('',#1262,.T.);
#862=FACE_OUTER_BOUND('',#1263,.T.);
#863=FACE_OUTER_BOUND('',#1264,.T.);
#864=FACE_OUTER_BOUND('',#1265,.T.);
#865=FACE_OUTER_BOUND('',#1266,.T.);
#866=FACE_OUTER_BOUND('',#1267,.T.);
#867=FACE_OUTER_BOUND('',#1268,.T.);
#868=FACE_OUTER_BOUND('',#1269,.T.);
#869=FACE_OUTER_BOUND('',#1270,.T.);
#870=FACE_OUTER_BOUND('',#1271,.T.);
#871=FACE_OUTER_BOUND('',#1272,.T.);
#872=FACE_OUTER_BOUND('',#1273,.T.);
#873=FACE_OUTER_BOUND('',#1274,.T.);
#874=FACE_OUTER_BOUND('',#1275,.T.);
#875=FACE_OUTER_BOUND('',#1276,.T.);
#876=FACE_OUTER_BOUND('',#1277,.T.);
#877=FACE_OUTER_BOUND('',#1278,.T.);
#878=FACE_OUTER_BOUND('',#1279,.T.);
#879=FACE_OUTER_BOUND('',#1280,.T.);
#880=FACE_OUTER_BOUND('',#1281,.T.);
#881=FACE_OUTER_BOUND('',#1282,.T.);
#882=FACE_OUTER_BOUND('',#1283,.T.);
#883=FACE_OUTER_BOUND('',#1284,.T.);
#884=FACE_OUTER_BOUND('',#1285,.T.);
#885=FACE_OUTER_BOUND('',#1286,.T.);
#886=FACE_OUTER_BOUND('',#1288,.T.);
#887=FACE_OUTER_BOUND('',#1289,.T.);
#888=FACE_OUTER_BOUND('',#1290,.T.);
#889=FACE_OUTER_BOUND('',#1291,.T.);
#890=FACE_OUTER_BOUND('',#1292,.T.);
#891=FACE_OUTER_BOUND('',#1293,.T.);
#892=FACE_OUTER_BOUND('',#1301,.T.);
#893=FACE_OUTER_BOUND('',#1302,.T.);
#894=FACE_OUTER_BOUND('',#1303,.T.);
#895=FACE_OUTER_BOUND('',#1304,.T.);
#896=FACE_OUTER_BOUND('',#1310,.T.);
#897=FACE_OUTER_BOUND('',#1311,.T.);
#898=FACE_OUTER_BOUND('',#1313,.T.);
#899=FACE_OUTER_BOUND('',#1315,.T.);
#900=FACE_OUTER_BOUND('',#1316,.T.);
#901=FACE_OUTER_BOUND('',#1318,.T.);
#902=FACE_OUTER_BOUND('',#1319,.T.);
#903=FACE_OUTER_BOUND('',#1321,.T.);
#904=FACE_OUTER_BOUND('',#1323,.T.);
#905=FACE_OUTER_BOUND('',#1325,.T.);
#906=FACE_OUTER_BOUND('',#1326,.T.);
#907=FACE_OUTER_BOUND('',#1327,.T.);
#908=FACE_OUTER_BOUND('',#1328,.T.);
#909=FACE_OUTER_BOUND('',#1329,.T.);
#910=FACE_OUTER_BOUND('',#1330,.T.);
#911=FACE_OUTER_BOUND('',#1331,.T.);
#912=FACE_OUTER_BOUND('',#1332,.T.);
#913=FACE_OUTER_BOUND('',#1333,.T.);
#914=FACE_OUTER_BOUND('',#1334,.T.);
#915=FACE_OUTER_BOUND('',#1335,.T.);
#916=FACE_OUTER_BOUND('',#1336,.T.);
#917=FACE_OUTER_BOUND('',#1337,.T.);
#918=FACE_OUTER_BOUND('',#1338,.T.);
#919=FACE_OUTER_BOUND('',#1339,.T.);
#920=FACE_OUTER_BOUND('',#1340,.T.);
#921=FACE_OUTER_BOUND('',#1341,.T.);
#922=FACE_OUTER_BOUND('',#1342,.T.);
#923=FACE_OUTER_BOUND('',#1343,.T.);
#924=FACE_OUTER_BOUND('',#1344,.T.);
#925=FACE_OUTER_BOUND('',#1345,.T.);
#926=FACE_OUTER_BOUND('',#1346,.T.);
#927=FACE_OUTER_BOUND('',#1347,.T.);
#928=FACE_OUTER_BOUND('',#1348,.T.);
#929=FACE_OUTER_BOUND('',#1349,.T.);
#930=FACE_OUTER_BOUND('',#1350,.T.);
#931=FACE_OUTER_BOUND('',#1351,.T.);
#932=FACE_OUTER_BOUND('',#1353,.T.);
#933=FACE_OUTER_BOUND('',#1355,.T.);
#934=FACE_OUTER_BOUND('',#1357,.T.);
#935=FACE_OUTER_BOUND('',#1358,.T.);
#936=FACE_OUTER_BOUND('',#1359,.T.);
#937=FACE_OUTER_BOUND('',#1360,.T.);
#938=FACE_OUTER_BOUND('',#1361,.T.);
#939=FACE_OUTER_BOUND('',#1363,.T.);
#940=FACE_OUTER_BOUND('',#1364,.T.);
#941=FACE_OUTER_BOUND('',#1365,.T.);
#942=FACE_OUTER_BOUND('',#1366,.T.);
#943=FACE_OUTER_BOUND('',#1367,.T.);
#944=FACE_OUTER_BOUND('',#1368,.T.);
#945=FACE_OUTER_BOUND('',#1369,.T.);
#946=FACE_OUTER_BOUND('',#1370,.T.);
#947=FACE_OUTER_BOUND('',#1371,.T.);
#948=FACE_OUTER_BOUND('',#1372,.T.);
#949=FACE_OUTER_BOUND('',#1373,.T.);
#950=FACE_OUTER_BOUND('',#1374,.T.);
#951=FACE_OUTER_BOUND('',#1375,.T.);
#952=FACE_OUTER_BOUND('',#1376,.T.);
#953=FACE_OUTER_BOUND('',#1377,.T.);
#954=FACE_OUTER_BOUND('',#1378,.T.);
#955=FACE_OUTER_BOUND('',#1379,.T.);
#956=FACE_OUTER_BOUND('',#1380,.T.);
#957=FACE_OUTER_BOUND('',#1381,.T.);
#958=FACE_OUTER_BOUND('',#1382,.T.);
#959=FACE_OUTER_BOUND('',#1383,.T.);
#960=FACE_OUTER_BOUND('',#1384,.T.);
#961=FACE_OUTER_BOUND('',#1385,.T.);
#962=FACE_OUTER_BOUND('',#1386,.T.);
#963=FACE_OUTER_BOUND('',#1387,.T.);
#964=FACE_OUTER_BOUND('',#1388,.T.);
#965=FACE_OUTER_BOUND('',#1389,.T.);
#966=FACE_OUTER_BOUND('',#1390,.T.);
#967=FACE_OUTER_BOUND('',#1391,.T.);
#968=FACE_OUTER_BOUND('',#1392,.T.);
#969=FACE_OUTER_BOUND('',#1393,.T.);
#970=FACE_OUTER_BOUND('',#1394,.T.);
#971=FACE_OUTER_BOUND('',#1395,.T.);
#972=FACE_OUTER_BOUND('',#1396,.T.);
#973=FACE_OUTER_BOUND('',#1397,.T.);
#974=FACE_OUTER_BOUND('',#1398,.T.);
#975=FACE_OUTER_BOUND('',#1399,.T.);
#976=FACE_OUTER_BOUND('',#1400,.T.);
#977=FACE_OUTER_BOUND('',#1401,.T.);
#978=FACE_OUTER_BOUND('',#1402,.T.);
#979=FACE_OUTER_BOUND('',#1403,.T.);
#980=FACE_OUTER_BOUND('',#1404,.T.);
#981=FACE_OUTER_BOUND('',#1405,.T.);
#982=FACE_OUTER_BOUND('',#1406,.T.);
#983=FACE_OUTER_BOUND('',#1407,.T.);
#984=FACE_OUTER_BOUND('',#1408,.T.);
#985=FACE_OUTER_BOUND('',#1409,.T.);
#986=FACE_OUTER_BOUND('',#1410,.T.);
#987=FACE_OUTER_BOUND('',#1411,.T.);
#988=FACE_OUTER_BOUND('',#1412,.T.);
#989=FACE_OUTER_BOUND('',#1413,.T.);
#990=FACE_OUTER_BOUND('',#1414,.T.);
#991=FACE_OUTER_BOUND('',#1415,.T.);
#992=FACE_OUTER_BOUND('',#1416,.T.);
#993=FACE_OUTER_BOUND('',#1417,.T.);
#994=FACE_OUTER_BOUND('',#1418,.T.);
#995=FACE_OUTER_BOUND('',#1419,.T.);
#996=FACE_OUTER_BOUND('',#1420,.T.);
#997=FACE_OUTER_BOUND('',#1421,.T.);
#998=FACE_OUTER_BOUND('',#1422,.T.);
#999=FACE_OUTER_BOUND('',#1423,.T.);
#1000=FACE_OUTER_BOUND('',#1424,.T.);
#1001=FACE_OUTER_BOUND('',#1425,.T.);
#1002=EDGE_LOOP('',(#4506,#4507,#4508,#4509,#4510,#4511,#4512,#4513,#4514,
#4515,#4516,#4517,#4518,#4519,#4520,#4521,#4522,#4523,#4524,#4525,#4526,
#4527,#4528,#4529,#4530));
#1003=EDGE_LOOP('',(#4531,#4532,#4533,#4534,#4535,#4536,#4537,#4538,#4539,
#4540,#4541,#4542));
#1004=EDGE_LOOP('',(#4543,#4544,#4545,#4546));
#1005=EDGE_LOOP('',(#4547,#4548,#4549,#4550,#4551,#4552));
#1006=EDGE_LOOP('',(#4553,#4554,#4555,#4556));
#1007=EDGE_LOOP('',(#4557,#4558,#4559,#4560));
#1008=EDGE_LOOP('',(#4561,#4562,#4563,#4564,#4565,#4566));
#1009=EDGE_LOOP('',(#4567,#4568,#4569));
#1010=EDGE_LOOP('',(#4570,#4571,#4572,#4573,#4574,#4575,#4576,#4577,#4578,
#4579,#4580,#4581));
#1011=EDGE_LOOP('',(#4582,#4583,#4584,#4585));
#1012=EDGE_LOOP('',(#4586,#4587,#4588,#4589));
#1013=EDGE_LOOP('',(#4590,#4591,#4592));
#1014=EDGE_LOOP('',(#4593,#4594,#4595,#4596));
#1015=EDGE_LOOP('',(#4597,#4598,#4599,#4600));
#1016=EDGE_LOOP('',(#4601,#4602,#4603,#4604));
#1017=EDGE_LOOP('',(#4605,#4606,#4607,#4608));
#1018=EDGE_LOOP('',(#4609,#4610,#4611,#4612));
#1019=EDGE_LOOP('',(#4613,#4614,#4615,#4616));
#1020=EDGE_LOOP('',(#4617,#4618,#4619,#4620,#4621,#4622,#4623));
#1021=EDGE_LOOP('',(#4624,#4625,#4626,#4627));
#1022=EDGE_LOOP('',(#4628,#4629,#4630,#4631,#4632,#4633));
#1023=EDGE_LOOP('',(#4634,#4635,#4636,#4637,#4638,#4639));
#1024=EDGE_LOOP('',(#4640,#4641,#4642,#4643));
#1025=EDGE_LOOP('',(#4644,#4645,#4646,#4647,#4648,#4649,#4650,#4651,#4652,
#4653,#4654,#4655,#4656,#4657,#4658,#4659,#4660));
#1026=EDGE_LOOP('',(#4661));
#1027=EDGE_LOOP('',(#4662,#4663,#4664,#4665));
#1028=EDGE_LOOP('',(#4666,#4667,#4668,#4669,#4670,#4671));
#1029=EDGE_LOOP('',(#4672,#4673,#4674));
#1030=EDGE_LOOP('',(#4675,#4676,#4677,#4678,#4679,#4680,#4681,#4682));
#1031=EDGE_LOOP('',(#4683,#4684,#4685,#4686,#4687,#4688,#4689,#4690,#4691,
#4692,#4693,#4694));
#1032=EDGE_LOOP('',(#4695,#4696,#4697,#4698));
#1033=EDGE_LOOP('',(#4699,#4700,#4701,#4702));
#1034=EDGE_LOOP('',(#4703,#4704,#4705,#4706));
#1035=EDGE_LOOP('',(#4707,#4708,#4709,#4710));
#1036=EDGE_LOOP('',(#4711,#4712,#4713,#4714));
#1037=EDGE_LOOP('',(#4715,#4716,#4717,#4718,#4719,#4720,#4721,#4722));
#1038=EDGE_LOOP('',(#4723,#4724,#4725,#4726));
#1039=EDGE_LOOP('',(#4727,#4728,#4729,#4730));
#1040=EDGE_LOOP('',(#4731,#4732,#4733,#4734));
#1041=EDGE_LOOP('',(#4735,#4736,#4737,#4738,#4739,#4740,#4741,#4742));
#1042=EDGE_LOOP('',(#4743,#4744,#4745));
#1043=EDGE_LOOP('',(#4746,#4747,#4748,#4749));
#1044=EDGE_LOOP('',(#4750,#4751,#4752,#4753,#4754,#4755));
#1045=EDGE_LOOP('',(#4756,#4757,#4758,#4759,#4760));
#1046=EDGE_LOOP('',(#4761,#4762,#4763,#4764));
#1047=EDGE_LOOP('',(#4765,#4766,#4767,#4768));
#1048=EDGE_LOOP('',(#4769,#4770,#4771,#4772));
#1049=EDGE_LOOP('',(#4773,#4774,#4775,#4776));
#1050=EDGE_LOOP('',(#4777,#4778,#4779,#4780,#4781,#4782,#4783,#4784,#4785,
#4786,#4787,#4788,#4789,#4790));
#1051=EDGE_LOOP('',(#4791,#4792,#4793,#4794,#4795,#4796,#4797,#4798,#4799,
#4800,#4801,#4802,#4803,#4804,#4805,#4806,#4807,#4808));
#1052=EDGE_LOOP('',(#4809,#4810,#4811,#4812,#4813,#4814,#4815,#4816,#4817,
#4818,#4819,#4820,#4821,#4822,#4823,#4824,#4825,#4826,#4827,#4828,#4829,
#4830,#4831,#4832,#4833,#4834,#4835,#4836,#4837,#4838,#4839));
#1053=EDGE_LOOP('',(#4840,#4841,#4842,#4843,#4844,#4845,#4846,#4847,#4848,
#4849,#4850,#4851,#4852,#4853,#4854,#4855,#4856,#4857));
#1054=EDGE_LOOP('',(#4858,#4859,#4860,#4861,#4862,#4863,#4864,#4865,#4866,
#4867,#4868,#4869,#4870,#4871,#4872,#4873,#4874,#4875,#4876,#4877,#4878));
#1055=EDGE_LOOP('',(#4879,#4880,#4881,#4882));
#1056=EDGE_LOOP('',(#4883,#4884,#4885,#4886));
#1057=EDGE_LOOP('',(#4887));
#1058=EDGE_LOOP('',(#4888,#4889,#4890,#4891,#4892,#4893,#4894,#4895,#4896,
#4897,#4898,#4899,#4900,#4901));
#1059=EDGE_LOOP('',(#4902,#4903,#4904,#4905,#4906,#4907,#4908,#4909,#4910,
#4911,#4912,#4913,#4914,#4915,#4916,#4917,#4918,#4919,#4920,#4921));
#1060=EDGE_LOOP('',(#4922,#4923,#4924,#4925,#4926,#4927,#4928,#4929,#4930,
#4931,#4932,#4933,#4934,#4935,#4936,#4937,#4938,#4939));
#1061=EDGE_LOOP('',(#4940,#4941,#4942,#4943,#4944,#4945,#4946,#4947,#4948,
#4949,#4950,#4951,#4952,#4953,#4954,#4955,#4956,#4957));
#1062=EDGE_LOOP('',(#4958,#4959,#4960,#4961));
#1063=EDGE_LOOP('',(#4962,#4963,#4964,#4965));
#1064=EDGE_LOOP('',(#4966,#4967,#4968,#4969));
#1065=EDGE_LOOP('',(#4970));
#1066=EDGE_LOOP('',(#4971,#4972,#4973,#4974,#4975,#4976,#4977,#4978,#4979,
#4980,#4981));
#1067=EDGE_LOOP('',(#4982,#4983,#4984,#4985,#4986,#4987,#4988,#4989));
#1068=EDGE_LOOP('',(#4990,#4991,#4992,#4993,#4994,#4995,#4996,#4997));
#1069=EDGE_LOOP('',(#4998,#4999,#5000,#5001,#5002,#5003,#5004,#5005,#5006,
#5007,#5008,#5009,#5010,#5011));
#1070=EDGE_LOOP('',(#5012,#5013,#5014,#5015));
#1071=EDGE_LOOP('',(#5016,#5017,#5018,#5019,#5020,#5021,#5022,#5023));
#1072=EDGE_LOOP('',(#5024,#5025,#5026,#5027));
#1073=EDGE_LOOP('',(#5028,#5029,#5030,#5031));
#1074=EDGE_LOOP('',(#5032,#5033,#5034,#5035));
#1075=EDGE_LOOP('',(#5036,#5037,#5038,#5039));
#1076=EDGE_LOOP('',(#5040,#5041,#5042,#5043));
#1077=EDGE_LOOP('',(#5044,#5045,#5046,#5047));
#1078=EDGE_LOOP('',(#5048));
#1079=EDGE_LOOP('',(#5049));
#1080=EDGE_LOOP('',(#5050,#5051,#5052,#5053));
#1081=EDGE_LOOP('',(#5054,#5055,#5056,#5057));
#1082=EDGE_LOOP('',(#5058,#5059,#5060,#5061,#5062,#5063,#5064));
#1083=EDGE_LOOP('',(#5065,#5066,#5067,#5068));
#1084=EDGE_LOOP('',(#5069,#5070,#5071,#5072));
#1085=EDGE_LOOP('',(#5073,#5074,#5075,#5076));
#1086=EDGE_LOOP('',(#5077,#5078,#5079,#5080));
#1087=EDGE_LOOP('',(#5081,#5082,#5083,#5084));
#1088=EDGE_LOOP('',(#5085,#5086,#5087,#5088));
#1089=EDGE_LOOP('',(#5089,#5090,#5091,#5092));
#1090=EDGE_LOOP('',(#5093,#5094,#5095,#5096));
#1091=EDGE_LOOP('',(#5097,#5098,#5099,#5100));
#1092=EDGE_LOOP('',(#5101,#5102,#5103,#5104));
#1093=EDGE_LOOP('',(#5105,#5106,#5107,#5108));
#1094=EDGE_LOOP('',(#5109,#5110,#5111,#5112));
#1095=EDGE_LOOP('',(#5113,#5114,#5115,#5116));
#1096=EDGE_LOOP('',(#5117,#5118,#5119,#5120));
#1097=EDGE_LOOP('',(#5121,#5122,#5123,#5124));
#1098=EDGE_LOOP('',(#5125,#5126,#5127,#5128));
#1099=EDGE_LOOP('',(#5129,#5130,#5131,#5132));
#1100=EDGE_LOOP('',(#5133,#5134,#5135,#5136));
#1101=EDGE_LOOP('',(#5137,#5138,#5139,#5140));
#1102=EDGE_LOOP('',(#5141,#5142,#5143,#5144));
#1103=EDGE_LOOP('',(#5145,#5146,#5147,#5148));
#1104=EDGE_LOOP('',(#5149,#5150,#5151,#5152));
#1105=EDGE_LOOP('',(#5153,#5154,#5155,#5156));
#1106=EDGE_LOOP('',(#5157,#5158,#5159,#5160));
#1107=EDGE_LOOP('',(#5161,#5162,#5163,#5164));
#1108=EDGE_LOOP('',(#5165,#5166,#5167,#5168));
#1109=EDGE_LOOP('',(#5169,#5170,#5171,#5172));
#1110=EDGE_LOOP('',(#5173,#5174,#5175,#5176));
#1111=EDGE_LOOP('',(#5177,#5178,#5179,#5180));
#1112=EDGE_LOOP('',(#5181,#5182,#5183,#5184));
#1113=EDGE_LOOP('',(#5185,#5186,#5187,#5188));
#1114=EDGE_LOOP('',(#5189,#5190,#5191,#5192));
#1115=EDGE_LOOP('',(#5193,#5194,#5195,#5196));
#1116=EDGE_LOOP('',(#5197,#5198,#5199,#5200));
#1117=EDGE_LOOP('',(#5201,#5202,#5203,#5204));
#1118=EDGE_LOOP('',(#5205,#5206,#5207,#5208));
#1119=EDGE_LOOP('',(#5209,#5210,#5211,#5212));
#1120=EDGE_LOOP('',(#5213,#5214,#5215,#5216));
#1121=EDGE_LOOP('',(#5217,#5218,#5219,#5220));
#1122=EDGE_LOOP('',(#5221,#5222,#5223,#5224));
#1123=EDGE_LOOP('',(#5225,#5226,#5227,#5228));
#1124=EDGE_LOOP('',(#5229,#5230,#5231,#5232));
#1125=EDGE_LOOP('',(#5233,#5234,#5235,#5236));
#1126=EDGE_LOOP('',(#5237,#5238,#5239,#5240));
#1127=EDGE_LOOP('',(#5241,#5242,#5243,#5244));
#1128=EDGE_LOOP('',(#5245,#5246,#5247,#5248));
#1129=EDGE_LOOP('',(#5249,#5250,#5251,#5252));
#1130=EDGE_LOOP('',(#5253,#5254,#5255,#5256));
#1131=EDGE_LOOP('',(#5257,#5258,#5259,#5260));
#1132=EDGE_LOOP('',(#5261,#5262,#5263,#5264));
#1133=EDGE_LOOP('',(#5265,#5266,#5267,#5268));
#1134=EDGE_LOOP('',(#5269,#5270,#5271,#5272));
#1135=EDGE_LOOP('',(#5273,#5274,#5275,#5276));
#1136=EDGE_LOOP('',(#5277,#5278,#5279,#5280));
#1137=EDGE_LOOP('',(#5281,#5282,#5283,#5284));
#1138=EDGE_LOOP('',(#5285,#5286,#5287,#5288));
#1139=EDGE_LOOP('',(#5289,#5290,#5291,#5292));
#1140=EDGE_LOOP('',(#5293,#5294,#5295,#5296));
#1141=EDGE_LOOP('',(#5297,#5298,#5299,#5300));
#1142=EDGE_LOOP('',(#5301,#5302,#5303,#5304));
#1143=EDGE_LOOP('',(#5305,#5306,#5307,#5308));
#1144=EDGE_LOOP('',(#5309,#5310,#5311,#5312));
#1145=EDGE_LOOP('',(#5313,#5314,#5315,#5316));
#1146=EDGE_LOOP('',(#5317,#5318,#5319,#5320));
#1147=EDGE_LOOP('',(#5321,#5322,#5323,#5324));
#1148=EDGE_LOOP('',(#5325,#5326,#5327,#5328));
#1149=EDGE_LOOP('',(#5329,#5330,#5331,#5332));
#1150=EDGE_LOOP('',(#5333,#5334,#5335,#5336));
#1151=EDGE_LOOP('',(#5337,#5338,#5339,#5340));
#1152=EDGE_LOOP('',(#5341,#5342,#5343,#5344));
#1153=EDGE_LOOP('',(#5345,#5346,#5347,#5348));
#1154=EDGE_LOOP('',(#5349,#5350,#5351,#5352));
#1155=EDGE_LOOP('',(#5353,#5354,#5355,#5356));
#1156=EDGE_LOOP('',(#5357,#5358,#5359,#5360));
#1157=EDGE_LOOP('',(#5361,#5362,#5363,#5364));
#1158=EDGE_LOOP('',(#5365,#5366,#5367,#5368));
#1159=EDGE_LOOP('',(#5369,#5370,#5371,#5372));
#1160=EDGE_LOOP('',(#5373,#5374,#5375,#5376));
#1161=EDGE_LOOP('',(#5377,#5378,#5379,#5380));
#1162=EDGE_LOOP('',(#5381,#5382,#5383,#5384));
#1163=EDGE_LOOP('',(#5385,#5386,#5387,#5388));
#1164=EDGE_LOOP('',(#5389,#5390,#5391,#5392));
#1165=EDGE_LOOP('',(#5393,#5394,#5395,#5396));
#1166=EDGE_LOOP('',(#5397,#5398,#5399,#5400));
#1167=EDGE_LOOP('',(#5401,#5402,#5403,#5404));
#1168=EDGE_LOOP('',(#5405,#5406,#5407,#5408));
#1169=EDGE_LOOP('',(#5409,#5410,#5411,#5412));
#1170=EDGE_LOOP('',(#5413,#5414,#5415,#5416));
#1171=EDGE_LOOP('',(#5417,#5418,#5419,#5420));
#1172=EDGE_LOOP('',(#5421,#5422,#5423,#5424));
#1173=EDGE_LOOP('',(#5425,#5426,#5427,#5428));
#1174=EDGE_LOOP('',(#5429,#5430,#5431,#5432));
#1175=EDGE_LOOP('',(#5433,#5434,#5435,#5436));
#1176=EDGE_LOOP('',(#5437,#5438,#5439,#5440));
#1177=EDGE_LOOP('',(#5441,#5442,#5443,#5444));
#1178=EDGE_LOOP('',(#5445,#5446,#5447,#5448));
#1179=EDGE_LOOP('',(#5449,#5450,#5451,#5452));
#1180=EDGE_LOOP('',(#5453,#5454,#5455,#5456));
#1181=EDGE_LOOP('',(#5457,#5458,#5459,#5460));
#1182=EDGE_LOOP('',(#5461,#5462,#5463,#5464));
#1183=EDGE_LOOP('',(#5465,#5466,#5467,#5468));
#1184=EDGE_LOOP('',(#5469,#5470,#5471,#5472));
#1185=EDGE_LOOP('',(#5473,#5474,#5475,#5476));
#1186=EDGE_LOOP('',(#5477,#5478,#5479,#5480));
#1187=EDGE_LOOP('',(#5481,#5482,#5483,#5484));
#1188=EDGE_LOOP('',(#5485,#5486,#5487,#5488));
#1189=EDGE_LOOP('',(#5489,#5490,#5491,#5492));
#1190=EDGE_LOOP('',(#5493,#5494,#5495,#5496));
#1191=EDGE_LOOP('',(#5497,#5498,#5499,#5500));
#1192=EDGE_LOOP('',(#5501,#5502,#5503,#5504));
#1193=EDGE_LOOP('',(#5505,#5506,#5507,#5508));
#1194=EDGE_LOOP('',(#5509));
#1195=EDGE_LOOP('',(#5510));
#1196=EDGE_LOOP('',(#5511,#5512,#5513,#5514));
#1197=EDGE_LOOP('',(#5515,#5516,#5517,#5518));
#1198=EDGE_LOOP('',(#5519,#5520,#5521,#5522));
#1199=EDGE_LOOP('',(#5523,#5524,#5525,#5526));
#1200=EDGE_LOOP('',(#5527,#5528,#5529,#5530));
#1201=EDGE_LOOP('',(#5531,#5532,#5533,#5534));
#1202=EDGE_LOOP('',(#5535,#5536,#5537,#5538));
#1203=EDGE_LOOP('',(#5539,#5540,#5541,#5542));
#1204=EDGE_LOOP('',(#5543,#5544,#5545,#5546));
#1205=EDGE_LOOP('',(#5547,#5548,#5549,#5550));
#1206=EDGE_LOOP('',(#5551,#5552,#5553,#5554));
#1207=EDGE_LOOP('',(#5555,#5556,#5557,#5558));
#1208=EDGE_LOOP('',(#5559,#5560,#5561,#5562));
#1209=EDGE_LOOP('',(#5563,#5564,#5565,#5566));
#1210=EDGE_LOOP('',(#5567,#5568,#5569,#5570));
#1211=EDGE_LOOP('',(#5571,#5572,#5573,#5574));
#1212=EDGE_LOOP('',(#5575,#5576,#5577,#5578));
#1213=EDGE_LOOP('',(#5579,#5580,#5581,#5582));
#1214=EDGE_LOOP('',(#5583,#5584,#5585,#5586));
#1215=EDGE_LOOP('',(#5587,#5588,#5589,#5590));
#1216=EDGE_LOOP('',(#5591,#5592,#5593,#5594));
#1217=EDGE_LOOP('',(#5595,#5596,#5597,#5598));
#1218=EDGE_LOOP('',(#5599,#5600,#5601,#5602));
#1219=EDGE_LOOP('',(#5603,#5604,#5605,#5606));
#1220=EDGE_LOOP('',(#5607,#5608,#5609,#5610));
#1221=EDGE_LOOP('',(#5611,#5612,#5613,#5614));
#1222=EDGE_LOOP('',(#5615,#5616,#5617,#5618));
#1223=EDGE_LOOP('',(#5619,#5620,#5621,#5622));
#1224=EDGE_LOOP('',(#5623,#5624,#5625,#5626));
#1225=EDGE_LOOP('',(#5627,#5628,#5629,#5630));
#1226=EDGE_LOOP('',(#5631,#5632,#5633,#5634));
#1227=EDGE_LOOP('',(#5635,#5636,#5637,#5638));
#1228=EDGE_LOOP('',(#5639,#5640,#5641,#5642));
#1229=EDGE_LOOP('',(#5643,#5644,#5645,#5646));
#1230=EDGE_LOOP('',(#5647,#5648,#5649,#5650));
#1231=EDGE_LOOP('',(#5651,#5652,#5653,#5654));
#1232=EDGE_LOOP('',(#5655,#5656,#5657,#5658));
#1233=EDGE_LOOP('',(#5659,#5660,#5661,#5662));
#1234=EDGE_LOOP('',(#5663,#5664,#5665,#5666));
#1235=EDGE_LOOP('',(#5667,#5668,#5669,#5670));
#1236=EDGE_LOOP('',(#5671,#5672,#5673,#5674));
#1237=EDGE_LOOP('',(#5675,#5676,#5677,#5678));
#1238=EDGE_LOOP('',(#5679,#5680,#5681,#5682));
#1239=EDGE_LOOP('',(#5683,#5684,#5685,#5686));
#1240=EDGE_LOOP('',(#5687,#5688,#5689,#5690));
#1241=EDGE_LOOP('',(#5691,#5692,#5693,#5694));
#1242=EDGE_LOOP('',(#5695,#5696,#5697,#5698));
#1243=EDGE_LOOP('',(#5699,#5700,#5701,#5702));
#1244=EDGE_LOOP('',(#5703,#5704,#5705,#5706));
#1245=EDGE_LOOP('',(#5707,#5708,#5709,#5710));
#1246=EDGE_LOOP('',(#5711,#5712,#5713,#5714));
#1247=EDGE_LOOP('',(#5715,#5716,#5717,#5718));
#1248=EDGE_LOOP('',(#5719,#5720,#5721,#5722));
#1249=EDGE_LOOP('',(#5723,#5724,#5725,#5726));
#1250=EDGE_LOOP('',(#5727,#5728,#5729,#5730));
#1251=EDGE_LOOP('',(#5731,#5732,#5733,#5734));
#1252=EDGE_LOOP('',(#5735,#5736,#5737,#5738));
#1253=EDGE_LOOP('',(#5739,#5740,#5741,#5742));
#1254=EDGE_LOOP('',(#5743,#5744,#5745,#5746));
#1255=EDGE_LOOP('',(#5747,#5748,#5749,#5750));
#1256=EDGE_LOOP('',(#5751,#5752,#5753,#5754));
#1257=EDGE_LOOP('',(#5755,#5756,#5757,#5758));
#1258=EDGE_LOOP('',(#5759,#5760,#5761,#5762));
#1259=EDGE_LOOP('',(#5763,#5764,#5765,#5766));
#1260=EDGE_LOOP('',(#5767,#5768,#5769,#5770));
#1261=EDGE_LOOP('',(#5771,#5772,#5773,#5774));
#1262=EDGE_LOOP('',(#5775,#5776,#5777,#5778));
#1263=EDGE_LOOP('',(#5779,#5780,#5781,#5782));
#1264=EDGE_LOOP('',(#5783,#5784,#5785,#5786));
#1265=EDGE_LOOP('',(#5787,#5788,#5789,#5790));
#1266=EDGE_LOOP('',(#5791,#5792,#5793,#5794,#5795,#5796,#5797));
#1267=EDGE_LOOP('',(#5798,#5799,#5800,#5801));
#1268=EDGE_LOOP('',(#5802,#5803,#5804,#5805,#5806));
#1269=EDGE_LOOP('',(#5807,#5808,#5809,#5810));
#1270=EDGE_LOOP('',(#5811,#5812,#5813,#5814,#5815));
#1271=EDGE_LOOP('',(#5816,#5817,#5818,#5819));
#1272=EDGE_LOOP('',(#5820,#5821,#5822,#5823,#5824));
#1273=EDGE_LOOP('',(#5825,#5826,#5827,#5828));
#1274=EDGE_LOOP('',(#5829,#5830,#5831,#5832,#5833));
#1275=EDGE_LOOP('',(#5834,#5835,#5836,#5837));
#1276=EDGE_LOOP('',(#5838,#5839,#5840,#5841,#5842));
#1277=EDGE_LOOP('',(#5843,#5844,#5845,#5846));
#1278=EDGE_LOOP('',(#5847,#5848,#5849,#5850,#5851));
#1279=EDGE_LOOP('',(#5852,#5853,#5854,#5855));
#1280=EDGE_LOOP('',(#5856,#5857,#5858,#5859,#5860));
#1281=EDGE_LOOP('',(#5861,#5862,#5863,#5864));
#1282=EDGE_LOOP('',(#5865,#5866,#5867,#5868,#5869));
#1283=EDGE_LOOP('',(#5870,#5871,#5872,#5873));
#1284=EDGE_LOOP('',(#5874,#5875,#5876,#5877));
#1285=EDGE_LOOP('',(#5878,#5879,#5880,#5881,#5882));
#1286=EDGE_LOOP('',(#5883,#5884,#5885,#5886));
#1287=EDGE_LOOP('',(#5887,#5888,#5889,#5890));
#1288=EDGE_LOOP('',(#5891,#5892,#5893,#5894));
#1289=EDGE_LOOP('',(#5895,#5896,#5897,#5898));
#1290=EDGE_LOOP('',(#5899,#5900,#5901,#5902));
#1291=EDGE_LOOP('',(#5903,#5904,#5905,#5906));
#1292=EDGE_LOOP('',(#5907,#5908,#5909,#5910));
#1293=EDGE_LOOP('',(#5911,#5912,#5913,#5914,#5915,#5916,#5917,#5918));
#1294=EDGE_LOOP('',(#5919,#5920,#5921,#5922));
#1295=EDGE_LOOP('',(#5923));
#1296=EDGE_LOOP('',(#5924));
#1297=EDGE_LOOP('',(#5925));
#1298=EDGE_LOOP('',(#5926));
#1299=EDGE_LOOP('',(#5927,#5928,#5929,#5930));
#1300=EDGE_LOOP('',(#5931));
#1301=EDGE_LOOP('',(#5932,#5933,#5934,#5935));
#1302=EDGE_LOOP('',(#5936,#5937,#5938,#5939));
#1303=EDGE_LOOP('',(#5940,#5941,#5942,#5943));
#1304=EDGE_LOOP('',(#5944,#5945,#5946,#5947,#5948,#5949,#5950,#5951));
#1305=EDGE_LOOP('',(#5952));
#1306=EDGE_LOOP('',(#5953));
#1307=EDGE_LOOP('',(#5954));
#1308=EDGE_LOOP('',(#5955));
#1309=EDGE_LOOP('',(#5956,#5957,#5958,#5959));
#1310=EDGE_LOOP('',(#5960,#5961,#5962,#5963));
#1311=EDGE_LOOP('',(#5964,#5965,#5966,#5967,#5968,#5969,#5970,#5971,#5972,
#5973,#5974,#5975,#5976,#5977));
#1312=EDGE_LOOP('',(#5978,#5979,#5980,#5981,#5982,#5983,#5984));
#1313=EDGE_LOOP('',(#5985,#5986,#5987,#5988,#5989,#5990,#5991,#5992,#5993,
#5994,#5995,#5996,#5997,#5998,#5999,#6000,#6001,#6002));
#1314=EDGE_LOOP('',(#6003,#6004,#6005,#6006,#6007,#6008));
#1315=EDGE_LOOP('',(#6009,#6010,#6011,#6012,#6013,#6014,#6015,#6016,#6017,
#6018,#6019,#6020,#6021,#6022,#6023,#6024,#6025,#6026,#6027,#6028,#6029,
#6030,#6031,#6032,#6033,#6034,#6035,#6036,#6037,#6038,#6039));
#1316=EDGE_LOOP('',(#6040,#6041,#6042,#6043,#6044,#6045,#6046,#6047,#6048,
#6049,#6050,#6051,#6052,#6053,#6054,#6055,#6056,#6057));
#1317=EDGE_LOOP('',(#6058,#6059,#6060,#6061,#6062,#6063));
#1318=EDGE_LOOP('',(#6064,#6065,#6066,#6067,#6068,#6069,#6070,#6071,#6072,
#6073,#6074,#6075,#6076,#6077,#6078,#6079,#6080,#6081,#6082,#6083,#6084));
#1319=EDGE_LOOP('',(#6085,#6086,#6087,#6088,#6089,#6090,#6091,#6092,#6093,
#6094,#6095,#6096,#6097,#6098));
#1320=EDGE_LOOP('',(#6099,#6100,#6101,#6102,#6103,#6104,#6105,#6106,#6107,
#6108,#6109));
#1321=EDGE_LOOP('',(#6110,#6111,#6112,#6113,#6114,#6115,#6116,#6117,#6118,
#6119,#6120,#6121,#6122,#6123,#6124,#6125,#6126,#6127,#6128,#6129));
#1322=EDGE_LOOP('',(#6130,#6131,#6132,#6133,#6134,#6135,#6136,#6137,#6138,
#6139,#6140,#6141));
#1323=EDGE_LOOP('',(#6142,#6143,#6144,#6145,#6146,#6147,#6148,#6149,#6150,
#6151,#6152,#6153,#6154,#6155,#6156,#6157,#6158,#6159));
#1324=EDGE_LOOP('',(#6160,#6161,#6162,#6163,#6164,#6165));
#1325=EDGE_LOOP('',(#6166,#6167,#6168,#6169,#6170,#6171,#6172,#6173,#6174,
#6175,#6176,#6177,#6178,#6179,#6180,#6181,#6182,#6183));
#1326=EDGE_LOOP('',(#6184,#6185,#6186,#6187));
#1327=EDGE_LOOP('',(#6188,#6189,#6190,#6191));
#1328=EDGE_LOOP('',(#6192,#6193,#6194,#6195,#6196,#6197,#6198,#6199));
#1329=EDGE_LOOP('',(#6200,#6201,#6202,#6203));
#1330=EDGE_LOOP('',(#6204,#6205,#6206,#6207));
#1331=EDGE_LOOP('',(#6208,#6209,#6210,#6211,#6212,#6213,#6214,#6215));
#1332=EDGE_LOOP('',(#6216,#6217,#6218,#6219));
#1333=EDGE_LOOP('',(#6220,#6221,#6222,#6223));
#1334=EDGE_LOOP('',(#6224,#6225,#6226,#6227));
#1335=EDGE_LOOP('',(#6228,#6229,#6230,#6231));
#1336=EDGE_LOOP('',(#6232,#6233,#6234,#6235));
#1337=EDGE_LOOP('',(#6236,#6237,#6238,#6239));
#1338=EDGE_LOOP('',(#6240,#6241,#6242,#6243));
#1339=EDGE_LOOP('',(#6244,#6245,#6246,#6247));
#1340=EDGE_LOOP('',(#6248,#6249,#6250,#6251));
#1341=EDGE_LOOP('',(#6252,#6253,#6254,#6255));
#1342=EDGE_LOOP('',(#6256,#6257,#6258,#6259));
#1343=EDGE_LOOP('',(#6260,#6261,#6262,#6263));
#1344=EDGE_LOOP('',(#6264,#6265,#6266,#6267));
#1345=EDGE_LOOP('',(#6268,#6269,#6270,#6271));
#1346=EDGE_LOOP('',(#6272,#6273,#6274,#6275));
#1347=EDGE_LOOP('',(#6276,#6277,#6278,#6279));
#1348=EDGE_LOOP('',(#6280,#6281,#6282,#6283));
#1349=EDGE_LOOP('',(#6284,#6285,#6286,#6287));
#1350=EDGE_LOOP('',(#6288,#6289,#6290,#6291));
#1351=EDGE_LOOP('',(#6292));
#1352=EDGE_LOOP('',(#6293));
#1353=EDGE_LOOP('',(#6294));
#1354=EDGE_LOOP('',(#6295));
#1355=EDGE_LOOP('',(#6296));
#1356=EDGE_LOOP('',(#6297));
#1357=EDGE_LOOP('',(#6298,#6299,#6300,#6301));
#1358=EDGE_LOOP('',(#6302,#6303,#6304,#6305));
#1359=EDGE_LOOP('',(#6306,#6307,#6308,#6309));
#1360=EDGE_LOOP('',(#6310,#6311,#6312,#6313));
#1361=EDGE_LOOP('',(#6314));
#1362=EDGE_LOOP('',(#6315));
#1363=EDGE_LOOP('',(#6316,#6317,#6318,#6319));
#1364=EDGE_LOOP('',(#6320,#6321,#6322,#6323));
#1365=EDGE_LOOP('',(#6324,#6325,#6326,#6327));
#1366=EDGE_LOOP('',(#6328,#6329,#6330,#6331));
#1367=EDGE_LOOP('',(#6332,#6333,#6334,#6335));
#1368=EDGE_LOOP('',(#6336,#6337,#6338,#6339));
#1369=EDGE_LOOP('',(#6340,#6341,#6342,#6343));
#1370=EDGE_LOOP('',(#6344,#6345,#6346,#6347));
#1371=EDGE_LOOP('',(#6348,#6349,#6350,#6351));
#1372=EDGE_LOOP('',(#6352,#6353,#6354,#6355));
#1373=EDGE_LOOP('',(#6356,#6357,#6358,#6359));
#1374=EDGE_LOOP('',(#6360,#6361,#6362,#6363));
#1375=EDGE_LOOP('',(#6364,#6365,#6366,#6367));
#1376=EDGE_LOOP('',(#6368,#6369,#6370,#6371));
#1377=EDGE_LOOP('',(#6372,#6373,#6374,#6375));
#1378=EDGE_LOOP('',(#6376,#6377,#6378,#6379));
#1379=EDGE_LOOP('',(#6380,#6381,#6382,#6383));
#1380=EDGE_LOOP('',(#6384,#6385,#6386,#6387));
#1381=EDGE_LOOP('',(#6388,#6389,#6390,#6391));
#1382=EDGE_LOOP('',(#6392,#6393,#6394,#6395));
#1383=EDGE_LOOP('',(#6396,#6397,#6398,#6399));
#1384=EDGE_LOOP('',(#6400,#6401,#6402,#6403));
#1385=EDGE_LOOP('',(#6404,#6405,#6406,#6407));
#1386=EDGE_LOOP('',(#6408,#6409,#6410,#6411));
#1387=EDGE_LOOP('',(#6412,#6413,#6414,#6415));
#1388=EDGE_LOOP('',(#6416,#6417,#6418,#6419));
#1389=EDGE_LOOP('',(#6420,#6421,#6422,#6423));
#1390=EDGE_LOOP('',(#6424,#6425,#6426,#6427));
#1391=EDGE_LOOP('',(#6428,#6429,#6430,#6431));
#1392=EDGE_LOOP('',(#6432,#6433,#6434,#6435));
#1393=EDGE_LOOP('',(#6436,#6437,#6438,#6439));
#1394=EDGE_LOOP('',(#6440,#6441,#6442,#6443));
#1395=EDGE_LOOP('',(#6444,#6445,#6446,#6447));
#1396=EDGE_LOOP('',(#6448,#6449,#6450,#6451));
#1397=EDGE_LOOP('',(#6452,#6453,#6454,#6455));
#1398=EDGE_LOOP('',(#6456,#6457,#6458,#6459));
#1399=EDGE_LOOP('',(#6460,#6461,#6462,#6463));
#1400=EDGE_LOOP('',(#6464,#6465,#6466,#6467));
#1401=EDGE_LOOP('',(#6468,#6469,#6470,#6471));
#1402=EDGE_LOOP('',(#6472,#6473,#6474,#6475));
#1403=EDGE_LOOP('',(#6476,#6477,#6478,#6479));
#1404=EDGE_LOOP('',(#6480,#6481,#6482,#6483));
#1405=EDGE_LOOP('',(#6484,#6485,#6486,#6487));
#1406=EDGE_LOOP('',(#6488,#6489,#6490,#6491));
#1407=EDGE_LOOP('',(#6492,#6493,#6494,#6495));
#1408=EDGE_LOOP('',(#6496,#6497,#6498,#6499));
#1409=EDGE_LOOP('',(#6500,#6501,#6502,#6503));
#1410=EDGE_LOOP('',(#6504,#6505,#6506,#6507));
#1411=EDGE_LOOP('',(#6508,#6509,#6510,#6511));
#1412=EDGE_LOOP('',(#6512,#6513,#6514,#6515));
#1413=EDGE_LOOP('',(#6516,#6517,#6518,#6519));
#1414=EDGE_LOOP('',(#6520,#6521,#6522,#6523));
#1415=EDGE_LOOP('',(#6524,#6525,#6526,#6527));
#1416=EDGE_LOOP('',(#6528,#6529,#6530,#6531));
#1417=EDGE_LOOP('',(#6532,#6533,#6534,#6535));
#1418=EDGE_LOOP('',(#6536,#6537,#6538,#6539));
#1419=EDGE_LOOP('',(#6540,#6541,#6542,#6543));
#1420=EDGE_LOOP('',(#6544,#6545,#6546,#6547,#6548,#6549,#6550));
#1421=EDGE_LOOP('',(#6551,#6552,#6553,#6554,#6555,#6556));
#1422=EDGE_LOOP('',(#6557,#6558,#6559,#6560,#6561,#6562));
#1423=EDGE_LOOP('',(#6563,#6564,#6565,#6566,#6567,#6568,#6569,#6570,#6571,
#6572,#6573));
#1424=EDGE_LOOP('',(#6574,#6575,#6576,#6577,#6578,#6579,#6580,#6581,#6582,
#6583,#6584,#6585));
#1425=EDGE_LOOP('',(#6586,#6587,#6588,#6589,#6590,#6591));
#1426=LINE('',#8587,#2098);
#1427=LINE('',#8589,#2099);
#1428=LINE('',#8591,#2100);
#1429=LINE('',#8593,#2101);
#1430=LINE('',#8595,#2102);
#1431=LINE('',#8597,#2103);
#1432=LINE('',#8599,#2104);
#1433=LINE('',#8601,#2105);
#1434=LINE('',#8603,#2106);
#1435=LINE('',#8605,#2107);
#1436=LINE('',#8607,#2108);
#1437=LINE('',#8609,#2109);
#1438=LINE('',#8611,#2110);
#1439=LINE('',#8613,#2111);
#1440=LINE('',#8615,#2112);
#1441=LINE('',#8617,#2113);
#1442=LINE('',#8619,#2114);
#1443=LINE('',#8621,#2115);
#1444=LINE('',#8623,#2116);
#1445=LINE('',#8625,#2117);
#1446=LINE('',#8627,#2118);
#1447=LINE('',#8629,#2119);
#1448=LINE('',#8631,#2120);
#1449=LINE('',#8633,#2121);
#1450=LINE('',#8634,#2122);
#1451=LINE('',#8637,#2123);
#1452=LINE('',#8639,#2124);
#1453=LINE('',#8641,#2125);
#1454=LINE('',#8643,#2126);
#1455=LINE('',#8645,#2127);
#1456=LINE('',#8647,#2128);
#1457=LINE('',#8649,#2129);
#1458=LINE('',#8651,#2130);
#1459=LINE('',#8653,#2131);
#1460=LINE('',#8655,#2132);
#1461=LINE('',#8657,#2133);
#1462=LINE('',#8658,#2134);
#1463=LINE('',#8661,#2135);
#1464=LINE('',#8663,#2136);
#1465=LINE('',#8665,#2137);
#1466=LINE('',#8666,#2138);
#1467=LINE('',#8670,#2139);
#1468=LINE('',#8672,#2140);
#1469=LINE('',#8674,#2141);
#1470=LINE('',#8675,#2142);
#1471=LINE('',#8676,#2143);
#1472=LINE('',#8679,#2144);
#1473=LINE('',#8680,#2145);
#1474=LINE('',#8683,#2146);
#1475=LINE('',#8684,#2147);
#1476=LINE('',#8687,#2148);
#1477=LINE('',#8689,#2149);
#1478=LINE('',#8691,#2150);
#1479=LINE('',#8692,#2151);
#1480=LINE('',#8694,#2152);
#1481=LINE('',#8697,#2153);
#1482=LINE('',#8698,#2154);
#1483=LINE('',#8700,#2155);
#1484=LINE('',#8702,#2156);
#1485=LINE('',#8703,#2157);
#1486=LINE('',#8704,#2158);
#1487=LINE('',#8706,#2159);
#1488=LINE('',#8709,#2160);
#1489=LINE('',#8710,#2161);
#1490=LINE('',#8714,#2162);
#1491=LINE('',#8715,#2163);
#1492=LINE('',#8717,#2164);
#1493=LINE('',#8721,#2165);
#1494=LINE('',#8722,#2166);
#1495=LINE('',#8723,#2167);
#1496=LINE('',#8726,#2168);
#1497=LINE('',#8727,#2169);
#1498=LINE('',#8730,#2170);
#1499=LINE('',#8731,#2171);
#1500=LINE('',#8733,#2172);
#1501=LINE('',#8737,#2173);
#1502=LINE('',#8739,#2174);
#1503=LINE('',#8741,#2175);
#1504=LINE('',#8743,#2176);
#1505=LINE('',#8744,#2177);
#1506=LINE('',#8745,#2178);
#1507=LINE('',#8748,#2179);
#1508=LINE('',#8749,#2180);
#1509=LINE('',#8752,#2181);
#1510=LINE('',#8754,#2182);
#1511=LINE('',#8756,#2183);
#1512=LINE('',#8757,#2184);
#1513=LINE('',#8760,#2185);
#1514=LINE('',#8762,#2186);
#1515=LINE('',#8764,#2187);
#1516=LINE('',#8765,#2188);
#1517=LINE('',#8768,#2189);
#1518=LINE('',#8769,#2190);
#1519=LINE('',#8773,#2191);
#1520=LINE('',#8775,#2192);
#1521=LINE('',#8777,#2193);
#1522=LINE('',#8779,#2194);
#1523=LINE('',#8781,#2195);
#1524=LINE('',#8783,#2196);
#1525=LINE('',#8785,#2197);
#1526=LINE('',#8787,#2198);
#1527=LINE('',#8789,#2199);
#1528=LINE('',#8791,#2200);
#1529=LINE('',#8792,#2201);
#1530=LINE('',#8794,#2202);
#1531=LINE('',#8795,#2203);
#1532=LINE('',#8796,#2204);
#1533=LINE('',#8801,#2205);
#1534=LINE('',#8802,#2206);
#1535=LINE('',#8806,#2207);
#1536=LINE('',#8808,#2208);
#1537=LINE('',#8809,#2209);
#1538=LINE('',#8810,#2210);
#1539=LINE('',#8812,#2211);
#1540=LINE('',#8816,#2212);
#1541=LINE('',#8817,#2213);
#1542=LINE('',#8819,#2214);
#1543=LINE('',#8821,#2215);
#1544=LINE('',#8823,#2216);
#1545=LINE('',#8824,#2217);
#1546=LINE('',#8827,#2218);
#1547=LINE('',#8829,#2219);
#1548=LINE('',#8830,#2220);
#1549=LINE('',#8832,#2221);
#1550=LINE('',#8833,#2222);
#1551=LINE('',#8834,#2223);
#1552=LINE('',#8838,#2224);
#1553=LINE('',#8840,#2225);
#1554=LINE('',#8842,#2226);
#1555=LINE('',#8843,#2227);
#1556=LINE('',#8845,#2228);
#1557=LINE('',#8846,#2229);
#1558=LINE('',#8849,#2230);
#1559=LINE('',#8850,#2231);
#1560=LINE('',#8853,#2232);
#1561=LINE('',#8854,#2233);
#1562=LINE('',#8857,#2234);
#1563=LINE('',#8858,#2235);
#1564=LINE('',#8861,#2236);
#1565=LINE('',#8863,#2237);
#1566=LINE('',#8865,#2238);
#1567=LINE('',#8867,#2239);
#1568=LINE('',#8869,#2240);
#1569=LINE('',#8870,#2241);
#1570=LINE('',#8872,#2242);
#1571=LINE('',#8875,#2243);
#1572=LINE('',#8876,#2244);
#1573=LINE('',#8879,#2245);
#1574=LINE('',#8881,#2246);
#1575=LINE('',#8882,#2247);
#1576=LINE('',#8884,#2248);
#1577=LINE('',#8886,#2249);
#1578=LINE('',#8888,#2250);
#1579=LINE('',#8890,#2251);
#1580=LINE('',#8892,#2252);
#1581=LINE('',#8893,#2253);
#1582=LINE('',#8895,#2254);
#1583=LINE('',#8897,#2255);
#1584=LINE('',#8899,#2256);
#1585=LINE('',#8901,#2257);
#1586=LINE('',#8903,#2258);
#1587=LINE('',#8907,#2259);
#1588=LINE('',#8908,#2260);
#1589=LINE('',#8911,#2261);
#1590=LINE('',#8937,#2262);
#1591=LINE('',#8939,#2263);
#1592=LINE('',#8941,#2264);
#1593=LINE('',#8943,#2265);
#1594=LINE('',#8945,#2266);
#1595=LINE('',#8947,#2267);
#1596=LINE('',#8948,#2268);
#1597=LINE('',#8967,#2269);
#1598=LINE('',#8969,#2270);
#1599=LINE('',#8987,#2271);
#1600=LINE('',#9041,#2272);
#1601=LINE('',#9099,#2273);
#1602=LINE('',#9153,#2274);
#1603=LINE('',#9155,#2275);
#1604=LINE('',#9173,#2276);
#1605=LINE('',#9215,#2277);
#1606=LINE('',#9237,#2278);
#1607=LINE('',#9239,#2279);
#1608=LINE('',#9241,#2280);
#1609=LINE('',#9243,#2281);
#1610=LINE('',#9245,#2282);
#1611=LINE('',#9247,#2283);
#1612=LINE('',#9249,#2284);
#1613=LINE('',#9251,#2285);
#1614=LINE('',#9253,#2286);
#1615=LINE('',#9255,#2287);
#1616=LINE('',#9257,#2288);
#1617=LINE('',#9357,#2289);
#1618=LINE('',#9367,#2290);
#1619=LINE('',#9369,#2291);
#1620=LINE('',#9371,#2292);
#1621=LINE('',#9373,#2293);
#1622=LINE('',#9375,#2294);
#1623=LINE('',#9377,#2295);
#1624=LINE('',#9403,#2296);
#1625=LINE('',#9405,#2297);
#1626=LINE('',#9423,#2298);
#1627=LINE('',#9465,#2299);
#1628=LINE('',#9467,#2300);
#1629=LINE('',#9469,#2301);
#1630=LINE('',#9487,#2302);
#1631=LINE('',#9489,#2303);
#1632=LINE('',#9491,#2304);
#1633=LINE('',#9493,#2305);
#1634=LINE('',#9495,#2306);
#1635=LINE('',#9497,#2307);
#1636=LINE('',#9506,#2308);
#1637=LINE('',#9513,#2309);
#1638=LINE('',#9515,#2310);
#1639=LINE('',#9516,#2311);
#1640=LINE('',#9517,#2312);
#1641=LINE('',#9520,#2313);
#1642=LINE('',#9522,#2314);
#1643=LINE('',#9524,#2315);
#1644=LINE('',#9526,#2316);
#1645=LINE('',#9528,#2317);
#1646=LINE('',#9530,#2318);
#1647=LINE('',#9532,#2319);
#1648=LINE('',#9533,#2320);
#1649=LINE('',#9536,#2321);
#1650=LINE('',#9538,#2322);
#1651=LINE('',#9540,#2323);
#1652=LINE('',#9542,#2324);
#1653=LINE('',#9544,#2325);
#1654=LINE('',#9546,#2326);
#1655=LINE('',#9548,#2327);
#1656=LINE('',#9549,#2328);
#1657=LINE('',#9552,#2329);
#1658=LINE('',#9556,#2330);
#1659=LINE('',#9558,#2331);
#1660=LINE('',#9559,#2332);
#1661=LINE('',#9561,#2333);
#1662=LINE('',#9563,#2334);
#1663=LINE('',#9564,#2335);
#1664=LINE('',#9566,#2336);
#1665=LINE('',#9568,#2337);
#1666=LINE('',#9569,#2338);
#1667=LINE('',#9572,#2339);
#1668=LINE('',#9573,#2340);
#1669=LINE('',#9576,#2341);
#1670=LINE('',#9578,#2342);
#1671=LINE('',#9580,#2343);
#1672=LINE('',#9581,#2344);
#1673=LINE('',#9582,#2345);
#1674=LINE('',#9585,#2346);
#1675=LINE('',#9587,#2347);
#1676=LINE('',#9589,#2348);
#1677=LINE('',#9590,#2349);
#1678=LINE('',#9593,#2350);
#1679=LINE('',#9594,#2351);
#1680=LINE('',#9597,#2352);
#1681=LINE('',#9598,#2353);
#1682=LINE('',#9600,#2354);
#1683=LINE('',#9602,#2355);
#1684=LINE('',#9604,#2356);
#1685=LINE('',#9609,#2357);
#1686=LINE('',#9614,#2358);
#1687=LINE('',#9618,#2359);
#1688=LINE('',#9619,#2360);
#1689=LINE('',#9620,#2361);
#1690=LINE('',#9622,#2362);
#1691=LINE('',#9625,#2363);
#1692=LINE('',#9626,#2364);
#1693=LINE('',#9631,#2365);
#1694=LINE('',#9634,#2366);
#1695=LINE('',#9636,#2367);
#1696=LINE('',#9638,#2368);
#1697=LINE('',#9641,#2369);
#1698=LINE('',#9644,#2370);
#1699=LINE('',#9648,#2371);
#1700=LINE('',#9650,#2372);
#1701=LINE('',#9651,#2373);
#1702=LINE('',#9654,#2374);
#1703=LINE('',#9655,#2375);
#1704=LINE('',#9666,#2376);
#1705=LINE('',#9669,#2377);
#1706=LINE('',#9670,#2378);
#1707=LINE('',#9681,#2379);
#1708=LINE('',#9684,#2380);
#1709=LINE('',#9685,#2381);
#1710=LINE('',#9696,#2382);
#1711=LINE('',#9699,#2383);
#1712=LINE('',#9700,#2384);
#1713=LINE('',#9711,#2385);
#1714=LINE('',#9714,#2386);
#1715=LINE('',#9715,#2387);
#1716=LINE('',#9726,#2388);
#1717=LINE('',#9729,#2389);
#1718=LINE('',#9730,#2390);
#1719=LINE('',#9741,#2391);
#1720=LINE('',#9743,#2392);
#1721=LINE('',#9751,#2393);
#1722=LINE('',#9756,#2394);
#1723=LINE('',#9764,#2395);
#1724=LINE('',#9778,#2396);
#1725=LINE('',#9786,#2397);
#1726=LINE('',#9800,#2398);
#1727=LINE('',#9808,#2399);
#1728=LINE('',#9822,#2400);
#1729=LINE('',#9830,#2401);
#1730=LINE('',#9836,#2402);
#1731=LINE('',#9837,#2403);
#1732=LINE('',#9845,#2404);
#1733=LINE('',#9851,#2405);
#1734=LINE('',#9852,#2406);
#1735=LINE('',#9860,#2407);
#1736=LINE('',#9874,#2408);
#1737=LINE('',#9882,#2409);
#1738=LINE('',#9896,#2410);
#1739=LINE('',#9899,#2411);
#1740=LINE('',#9900,#2412);
#1741=LINE('',#9911,#2413);
#1742=LINE('',#9928,#2414);
#1743=LINE('',#9933,#2415);
#1744=LINE('',#9941,#2416);
#1745=LINE('',#9955,#2417);
#1746=LINE('',#9963,#2418);
#1747=LINE('',#9977,#2419);
#1748=LINE('',#9985,#2420);
#1749=LINE('',#9999,#2421);
#1750=LINE('',#10007,#2422);
#1751=LINE('',#10021,#2423);
#1752=LINE('',#10029,#2424);
#1753=LINE('',#10043,#2425);
#1754=LINE('',#10051,#2426);
#1755=LINE('',#10057,#2427);
#1756=LINE('',#10058,#2428);
#1757=LINE('',#10066,#2429);
#1758=LINE('',#10080,#2430);
#1759=LINE('',#10088,#2431);
#1760=LINE('',#10102,#2432);
#1761=LINE('',#10110,#2433);
#1762=LINE('',#10124,#2434);
#1763=LINE('',#10127,#2435);
#1764=LINE('',#10128,#2436);
#1765=LINE('',#10139,#2437);
#1766=LINE('',#10147,#2438);
#1767=LINE('',#10161,#2439);
#1768=LINE('',#10169,#2440);
#1769=LINE('',#10183,#2441);
#1770=LINE('',#10191,#2442);
#1771=LINE('',#10205,#2443);
#1772=LINE('',#10213,#2444);
#1773=LINE('',#10227,#2445);
#1774=LINE('',#10235,#2446);
#1775=LINE('',#10255,#2447);
#1776=LINE('',#10260,#2448);
#1777=LINE('',#10268,#2449);
#1778=LINE('',#10282,#2450);
#1779=LINE('',#10290,#2451);
#1780=LINE('',#10304,#2452);
#1781=LINE('',#10312,#2453);
#1782=LINE('',#10326,#2454);
#1783=LINE('',#10334,#2455);
#1784=LINE('',#10340,#2456);
#1785=LINE('',#10341,#2457);
#1786=LINE('',#10349,#2458);
#1787=LINE('',#10355,#2459);
#1788=LINE('',#10356,#2460);
#1789=LINE('',#10364,#2461);
#1790=LINE('',#10378,#2462);
#1791=LINE('',#10386,#2463);
#1792=LINE('',#10400,#2464);
#1793=LINE('',#10403,#2465);
#1794=LINE('',#10404,#2466);
#1795=LINE('',#10415,#2467);
#1796=LINE('',#10432,#2468);
#1797=LINE('',#10437,#2469);
#1798=LINE('',#10445,#2470);
#1799=LINE('',#10459,#2471);
#1800=LINE('',#10462,#2472);
#1801=LINE('',#10463,#2473);
#1802=LINE('',#10474,#2474);
#1803=LINE('',#10477,#2475);
#1804=LINE('',#10478,#2476);
#1805=LINE('',#10481,#2477);
#1806=LINE('',#10482,#2478);
#1807=LINE('',#10485,#2479);
#1808=LINE('',#10486,#2480);
#1809=LINE('',#10497,#2481);
#1810=LINE('',#10500,#2482);
#1811=LINE('',#10501,#2483);
#1812=LINE('',#10512,#2484);
#1813=LINE('',#10515,#2485);
#1814=LINE('',#10516,#2486);
#1815=LINE('',#10527,#2487);
#1816=LINE('',#10530,#2488);
#1817=LINE('',#10531,#2489);
#1818=LINE('',#10542,#2490);
#1819=LINE('',#10545,#2491);
#1820=LINE('',#10546,#2492);
#1821=LINE('',#10557,#2493);
#1822=LINE('',#10560,#2494);
#1823=LINE('',#10561,#2495);
#1824=LINE('',#10564,#2496);
#1825=LINE('',#10565,#2497);
#1826=LINE('',#10568,#2498);
#1827=LINE('',#10569,#2499);
#1828=LINE('',#10571,#2500);
#1829=LINE('',#10580,#2501);
#1830=LINE('',#10585,#2502);
#1831=LINE('',#10593,#2503);
#1832=LINE('',#10604,#2504);
#1833=LINE('',#10615,#2505);
#1834=LINE('',#10626,#2506);
#1835=LINE('',#10637,#2507);
#1836=LINE('',#10648,#2508);
#1837=LINE('',#10659,#2509);
#1838=LINE('',#10670,#2510);
#1839=LINE('',#10681,#2511);
#1840=LINE('',#10692,#2512);
#1841=LINE('',#10703,#2513);
#1842=LINE('',#10714,#2514);
#1843=LINE('',#10734,#2515);
#1844=LINE('',#10739,#2516);
#1845=LINE('',#10747,#2517);
#1846=LINE('',#10758,#2518);
#1847=LINE('',#10764,#2519);
#1848=LINE('',#10765,#2520);
#1849=LINE('',#10768,#2521);
#1850=LINE('',#10769,#2522);
#1851=LINE('',#10772,#2523);
#1852=LINE('',#10773,#2524);
#1853=LINE('',#10776,#2525);
#1854=LINE('',#10777,#2526);
#1855=LINE('',#10780,#2527);
#1856=LINE('',#10781,#2528);
#1857=LINE('',#10784,#2529);
#1858=LINE('',#10785,#2530);
#1859=LINE('',#10793,#2531);
#1860=LINE('',#10804,#2532);
#1861=LINE('',#10810,#2533);
#1862=LINE('',#10811,#2534);
#1863=LINE('',#10819,#2535);
#1864=LINE('',#10830,#2536);
#1865=LINE('',#10841,#2537);
#1866=LINE('',#10852,#2538);
#1867=LINE('',#10863,#2539);
#1868=LINE('',#10874,#2540);
#1869=LINE('',#10885,#2541);
#1870=LINE('',#10905,#2542);
#1871=LINE('',#10910,#2543);
#1872=LINE('',#10918,#2544);
#1873=LINE('',#10929,#2545);
#1874=LINE('',#10940,#2546);
#1875=LINE('',#10951,#2547);
#1876=LINE('',#10962,#2548);
#1877=LINE('',#10973,#2549);
#1878=LINE('',#10984,#2550);
#1879=LINE('',#10990,#2551);
#1880=LINE('',#10991,#2552);
#1881=LINE('',#10999,#2553);
#1882=LINE('',#11010,#2554);
#1883=LINE('',#11021,#2555);
#1884=LINE('',#11032,#2556);
#1885=LINE('',#11038,#2557);
#1886=LINE('',#11039,#2558);
#1887=LINE('',#11042,#2559);
#1888=LINE('',#11043,#2560);
#1889=LINE('',#11051,#2561);
#1890=LINE('',#11062,#2562);
#1891=LINE('',#11082,#2563);
#1892=LINE('',#11087,#2564);
#1893=LINE('',#11095,#2565);
#1894=LINE('',#11106,#2566);
#1895=LINE('',#11112,#2567);
#1896=LINE('',#11113,#2568);
#1897=LINE('',#11116,#2569);
#1898=LINE('',#11117,#2570);
#1899=LINE('',#11120,#2571);
#1900=LINE('',#11121,#2572);
#1901=LINE('',#11124,#2573);
#1902=LINE('',#11125,#2574);
#1903=LINE('',#11128,#2575);
#1904=LINE('',#11129,#2576);
#1905=LINE('',#11132,#2577);
#1906=LINE('',#11133,#2578);
#1907=LINE('',#11141,#2579);
#1908=LINE('',#11152,#2580);
#1909=LINE('',#11163,#2581);
#1910=LINE('',#11174,#2582);
#1911=LINE('',#11180,#2583);
#1912=LINE('',#11181,#2584);
#1913=LINE('',#11184,#2585);
#1914=LINE('',#11185,#2586);
#1915=LINE('',#11188,#2587);
#1916=LINE('',#11189,#2588);
#1917=LINE('',#11197,#2589);
#1918=LINE('',#11212,#2590);
#1919=LINE('',#11215,#2591);
#1920=LINE('',#11218,#2592);
#1921=LINE('',#11220,#2593);
#1922=LINE('',#11221,#2594);
#1923=LINE('',#11224,#2595);
#1924=LINE('',#11226,#2596);
#1925=LINE('',#11227,#2597);
#1926=LINE('',#11230,#2598);
#1927=LINE('',#11231,#2599);
#1928=LINE('',#11234,#2600);
#1929=LINE('',#11236,#2601);
#1930=LINE('',#11237,#2602);
#1931=LINE('',#11240,#2603);
#1932=LINE('',#11241,#2604);
#1933=LINE('',#11244,#2605);
#1934=LINE('',#11246,#2606);
#1935=LINE('',#11247,#2607);
#1936=LINE('',#11250,#2608);
#1937=LINE('',#11251,#2609);
#1938=LINE('',#11254,#2610);
#1939=LINE('',#11255,#2611);
#1940=LINE('',#11258,#2612);
#1941=LINE('',#11260,#2613);
#1942=LINE('',#11261,#2614);
#1943=LINE('',#11264,#2615);
#1944=LINE('',#11266,#2616);
#1945=LINE('',#11267,#2617);
#1946=LINE('',#11270,#2618);
#1947=LINE('',#11271,#2619);
#1948=LINE('',#11274,#2620);
#1949=LINE('',#11276,#2621);
#1950=LINE('',#11277,#2622);
#1951=LINE('',#11280,#2623);
#1952=LINE('',#11281,#2624);
#1953=LINE('',#11284,#2625);
#1954=LINE('',#11286,#2626);
#1955=LINE('',#11287,#2627);
#1956=LINE('',#11290,#2628);
#1957=LINE('',#11291,#2629);
#1958=LINE('',#11294,#2630);
#1959=LINE('',#11295,#2631);
#1960=LINE('',#11299,#2632);
#1961=LINE('',#11302,#2633);
#1962=LINE('',#11303,#2634);
#1963=LINE('',#11306,#2635);
#1964=LINE('',#11311,#2636);
#1965=LINE('',#11313,#2637);
#1966=LINE('',#11315,#2638);
#1967=LINE('',#11316,#2639);
#1968=LINE('',#11320,#2640);
#1969=LINE('',#11322,#2641);
#1970=LINE('',#11323,#2642);
#1971=LINE('',#11326,#2643);
#1972=LINE('',#11327,#2644);
#1973=LINE('',#11330,#2645);
#1974=LINE('',#11331,#2646);
#1975=LINE('',#11333,#2647);
#1976=LINE('',#11337,#2648);
#1977=LINE('',#11341,#2649);
#1978=LINE('',#11345,#2650);
#1979=LINE('',#11349,#2651);
#1980=LINE('',#11353,#2652);
#1981=LINE('',#11355,#2653);
#1982=LINE('',#11357,#2654);
#1983=LINE('',#11358,#2655);
#1984=LINE('',#11367,#2656);
#1985=LINE('',#11371,#2657);
#1986=LINE('',#11377,#2658);
#1987=LINE('',#11378,#2659);
#1988=LINE('',#11384,#2660);
#1989=LINE('',#11388,#2661);
#1990=LINE('',#11392,#2662);
#1991=LINE('',#11396,#2663);
#1992=LINE('',#11400,#2664);
#1993=LINE('',#11410,#2665);
#1994=LINE('',#11415,#2666);
#1995=LINE('',#11433,#2667);
#1996=LINE('',#11434,#2668);
#1997=LINE('',#11454,#2669);
#1998=LINE('',#11478,#2670);
#1999=LINE('',#11567,#2671);
#2000=LINE('',#11594,#2672);
#2001=LINE('',#11602,#2673);
#2002=LINE('',#11604,#2674);
#2003=LINE('',#11607,#2675);
#2004=LINE('',#11609,#2676);
#2005=LINE('',#11614,#2677);
#2006=LINE('',#11616,#2678);
#2007=LINE('',#11617,#2679);
#2008=LINE('',#11620,#2680);
#2009=LINE('',#11621,#2681);
#2010=LINE('',#11624,#2682);
#2011=LINE('',#11625,#2683);
#2012=LINE('',#11627,#2684);
#2013=LINE('',#11631,#2685);
#2014=LINE('',#11633,#2686);
#2015=LINE('',#11634,#2687);
#2016=LINE('',#11637,#2688);
#2017=LINE('',#11642,#2689);
#2018=LINE('',#11645,#2690);
#2019=LINE('',#11646,#2691);
#2020=LINE('',#11649,#2692);
#2021=LINE('',#11650,#2693);
#2022=LINE('',#11653,#2694);
#2023=LINE('',#11658,#2695);
#2024=LINE('',#11660,#2696);
#2025=LINE('',#11662,#2697);
#2026=LINE('',#11663,#2698);
#2027=LINE('',#11665,#2699);
#2028=LINE('',#11667,#2700);
#2029=LINE('',#11674,#2701);
#2030=LINE('',#11676,#2702);
#2031=LINE('',#11677,#2703);
#2032=LINE('',#11680,#2704);
#2033=LINE('',#11684,#2705);
#2034=LINE('',#11687,#2706);
#2035=LINE('',#11690,#2707);
#2036=LINE('',#11691,#2708);
#2037=LINE('',#11693,#2709);
#2038=LINE('',#11695,#2710);
#2039=LINE('',#11697,#2711);
#2040=LINE('',#11699,#2712);
#2041=LINE('',#11701,#2713);
#2042=LINE('',#11703,#2714);
#2043=LINE('',#11707,#2715);
#2044=LINE('',#11709,#2716);
#2045=LINE('',#11710,#2717);
#2046=LINE('',#11718,#2718);
#2047=LINE('',#11729,#2719);
#2048=LINE('',#11740,#2720);
#2049=LINE('',#11751,#2721);
#2050=LINE('',#11757,#2722);
#2051=LINE('',#11758,#2723);
#2052=LINE('',#11760,#2724);
#2053=LINE('',#11768,#2725);
#2054=LINE('',#11770,#2726);
#2055=LINE('',#11781,#2727);
#2056=LINE('',#11792,#2728);
#2057=LINE('',#11803,#2729);
#2058=LINE('',#11809,#2730);
#2059=LINE('',#11810,#2731);
#2060=LINE('',#11827,#2732);
#2061=LINE('',#11829,#2733);
#2062=LINE('',#11840,#2734);
#2063=LINE('',#11851,#2735);
#2064=LINE('',#11862,#2736);
#2065=LINE('',#11868,#2737);
#2066=LINE('',#11869,#2738);
#2067=LINE('',#11886,#2739);
#2068=LINE('',#11888,#2740);
#2069=LINE('',#11899,#2741);
#2070=LINE('',#11910,#2742);
#2071=LINE('',#11921,#2743);
#2072=LINE('',#11932,#2744);
#2073=LINE('',#11943,#2745);
#2074=LINE('',#11954,#2746);
#2075=LINE('',#11965,#2747);
#2076=LINE('',#11976,#2748);
#2077=LINE('',#11987,#2749);
#2078=LINE('',#12007,#2750);
#2079=LINE('',#12009,#2751);
#2080=LINE('',#12020,#2752);
#2081=LINE('',#12031,#2753);
#2082=LINE('',#12042,#2754);
#2083=LINE('',#12053,#2755);
#2084=LINE('',#12064,#2756);
#2085=LINE('',#12075,#2757);
#2086=LINE('',#12086,#2758);
#2087=LINE('',#12097,#2759);
#2088=LINE('',#12103,#2760);
#2089=LINE('',#12104,#2761);
#2090=LINE('',#12112,#2762);
#2091=LINE('',#12132,#2763);
#2092=LINE('',#12134,#2764);
#2093=LINE('',#12145,#2765);
#2094=LINE('',#12156,#2766);
#2095=LINE('',#12167,#2767);
#2096=LINE('',#12173,#2768);
#2097=LINE('',#12174,#2769);
#2098=VECTOR('',#7413,2.7);
#2099=VECTOR('',#7414,3.7);
#2100=VECTOR('',#7415,7.2);
#2101=VECTOR('',#7416,10.3);
#2102=VECTOR('',#7417,2.);
#2103=VECTOR('',#7418,3.00000000000001);
#2104=VECTOR('',#7419,11.5);
#2105=VECTOR('',#7420,3.00000000000001);
#2106=VECTOR('',#7421,2.82842712474619);
#2107=VECTOR('',#7422,1.);
#2108=VECTOR('',#7423,89.5);
#2109=VECTOR('',#7424,12.5);
#2110=VECTOR('',#7425,76.2);
#2111=VECTOR('',#7426,5.3);
#2112=VECTOR('',#7427,0.700000000000003);
#2113=VECTOR('',#7428,2.);
#2114=VECTOR('',#7429,2.5);
#2115=VECTOR('',#7430,2.);
#2116=VECTOR('',#7431,3.);
#2117=VECTOR('',#7432,2.);
#2118=VECTOR('',#7433,2.5);
#2119=VECTOR('',#7434,2.);
#2120=VECTOR('',#7435,2.);
#2121=VECTOR('',#7436,4.6);
#2122=VECTOR('',#7437,12.);
#2123=VECTOR('',#7438,4.6);
#2124=VECTOR('',#7439,2.);
#2125=VECTOR('',#7440,2.);
#2126=VECTOR('',#7441,2.5);
#2127=VECTOR('',#7442,2.);
#2128=VECTOR('',#7443,3.);
#2129=VECTOR('',#7444,2.);
#2130=VECTOR('',#7445,2.5);
#2131=VECTOR('',#7446,2.);
#2132=VECTOR('',#7447,2.);
#2133=VECTOR('',#7448,4.6);
#2134=VECTOR('',#7449,12.);
#2135=VECTOR('',#7450,1.5);
#2136=VECTOR('',#7451,3.99999999999999);
#2137=VECTOR('',#7452,1.5);
#2138=VECTOR('',#7453,4.);
#2139=VECTOR('',#7456,0.1);
#2140=VECTOR('',#7457,1.5);
#2141=VECTOR('',#7458,0.2);
#2142=VECTOR('',#7459,2.23606797749979);
#2143=VECTOR('',#7460,1.5556349186104);
#2144=VECTOR('',#7463,1.5556349186104);
#2145=VECTOR('',#7464,12.);
#2146=VECTOR('',#7467,2.23606797749979);
#2147=VECTOR('',#7468,2.);
#2148=VECTOR('',#7471,0.1);
#2149=VECTOR('',#7472,2.23606797749979);
#2150=VECTOR('',#7473,0.2);
#2151=VECTOR('',#7474,1.5);
#2152=VECTOR('',#7477,1.);
#2153=VECTOR('',#7480,2.);
#2154=VECTOR('',#7481,1.);
#2155=VECTOR('',#7482,1.5);
#2156=VECTOR('',#7483,3.);
#2157=VECTOR('',#7484,1.5);
#2158=VECTOR('',#7485,12.);
#2159=VECTOR('',#7488,2.23606797749979);
#2160=VECTOR('',#7491,2.);
#2161=VECTOR('',#7492,1.5);
#2162=VECTOR('',#7497,3.);
#2163=VECTOR('',#7498,1.5);
#2164=VECTOR('',#7501,2.);
#2165=VECTOR('',#7504,1.5);
#2166=VECTOR('',#7505,1.5);
#2167=VECTOR('',#7506,1.5);
#2168=VECTOR('',#7509,3.99999999999999);
#2169=VECTOR('',#7510,1.5);
#2170=VECTOR('',#7513,3.99999999999999);
#2171=VECTOR('',#7514,1.5);
#2172=VECTOR('',#7517,1.5);
#2173=VECTOR('',#7520,0.1);
#2174=VECTOR('',#7521,1.5);
#2175=VECTOR('',#7522,0.2);
#2176=VECTOR('',#7523,0.111803398874989);
#2177=VECTOR('',#7524,0.95);
#2178=VECTOR('',#7525,1.5556349186104);
#2179=VECTOR('',#7528,1.5556349186104);
#2180=VECTOR('',#7529,12.);
#2181=VECTOR('',#7532,1.3);
#2182=VECTOR('',#7533,1.55);
#2183=VECTOR('',#7534,5.);
#2184=VECTOR('',#7535,2.5);
#2185=VECTOR('',#7538,0.1);
#2186=VECTOR('',#7539,2.23606797749979);
#2187=VECTOR('',#7540,0.2);
#2188=VECTOR('',#7541,1.5);
#2189=VECTOR('',#7544,2.5);
#2190=VECTOR('',#7545,7.2);
#2191=VECTOR('',#7548,89.2);
#2192=VECTOR('',#7549,3.);
#2193=VECTOR('',#7550,61.2);
#2194=VECTOR('',#7551,5.5);
#2195=VECTOR('',#7552,1.5);
#2196=VECTOR('',#7553,15.);
#2197=VECTOR('',#7554,1.5);
#2198=VECTOR('',#7555,5.5);
#2199=VECTOR('',#7556,61.2);
#2200=VECTOR('',#7557,2.3);
#2201=VECTOR('',#7558,3.);
#2202=VECTOR('',#7559,5.);
#2203=VECTOR('',#7560,2.5);
#2204=VECTOR('',#7561,32.);
#2205=VECTOR('',#7566,2.23606797749979);
#2206=VECTOR('',#7567,2.);
#2207=VECTOR('',#7570,6.);
#2208=VECTOR('',#7571,5.7);
#2209=VECTOR('',#7572,9.);
#2210=VECTOR('',#7573,3.7);
#2211=VECTOR('',#7576,1.);
#2212=VECTOR('',#7579,3.00000000000001);
#2213=VECTOR('',#7580,32.);
#2214=VECTOR('',#7581,2.3);
#2215=VECTOR('',#7582,14.);
#2216=VECTOR('',#7583,2.3);
#2217=VECTOR('',#7584,9.);
#2218=VECTOR('',#7587,1.5);
#2219=VECTOR('',#7588,3.);
#2220=VECTOR('',#7589,1.5);
#2221=VECTOR('',#7590,1.);
#2222=VECTOR('',#7591,2.);
#2223=VECTOR('',#7592,12.);
#2224=VECTOR('',#7595,14.6);
#2225=VECTOR('',#7596,35.);
#2226=VECTOR('',#7597,14.6);
#2227=VECTOR('',#7598,35.);
#2228=VECTOR('',#7599,11.5);
#2229=VECTOR('',#7600,32.);
#2230=VECTOR('',#7603,1.5);
#2231=VECTOR('',#7604,2.);
#2232=VECTOR('',#7607,3.00000000000001);
#2233=VECTOR('',#7608,32.);
#2234=VECTOR('',#7611,1.5);
#2235=VECTOR('',#7612,3.);
#2236=VECTOR('',#7615,2.82842712474619);
#2237=VECTOR('',#7616,11.);
#2238=VECTOR('',#7617,1.41421356237309);
#2239=VECTOR('',#7618,10.);
#2240=VECTOR('',#7619,1.41421356237309);
#2241=VECTOR('',#7620,11.);
#2242=VECTOR('',#7623,2.);
#2243=VECTOR('',#7626,1.);
#2244=VECTOR('',#7627,11.);
#2245=VECTOR('',#7630,96.);
#2246=VECTOR('',#7631,35.);
#2247=VECTOR('',#7632,96.);
#2248=VECTOR('',#7633,0.999999999999996);
#2249=VECTOR('',#7634,10.);
#2250=VECTOR('',#7635,0.999999999999996);
#2251=VECTOR('',#7636,11.);
#2252=VECTOR('',#7637,89.5);
#2253=VECTOR('',#7638,32.);
#2254=VECTOR('',#7641,2.23606797749979);
#2255=VECTOR('',#7644,12.5);
#2256=VECTOR('',#7647,2.1242645786248);
#2257=VECTOR('',#7650,7.2);
#2258=VECTOR('',#7653,12.);
#2259=VECTOR('',#7658,96.);
#2260=VECTOR('',#7659,14.6);
#2261=VECTOR('',#7660,0.809721209913006);
#2262=VECTOR('',#7661,1.57807806663093);
#2263=VECTOR('',#7662,0.405885568512998);
#2264=VECTOR('',#7663,1.45013571765203);
#2265=VECTOR('',#7664,0.623177842566003);
#2266=VECTOR('',#7665,1.25072886297);
#2267=VECTOR('',#7666,0.348487609329);
#2268=VECTOR('',#7667,3.);
#2269=VECTOR('',#7668,0.211689139939999);
#2270=VECTOR('',#7669,1.55179482507299);
#2271=VECTOR('',#7670,0.299289358600001);
#2272=VECTOR('',#7671,0.313638848390001);
#2273=VECTOR('',#7672,0.29582231050908);
#2274=VECTOR('',#7673,0.211689139939999);
#2275=VECTOR('',#7674,1.551794825073);
#2276=VECTOR('',#7675,0.299289358600001);
#2277=VECTOR('',#7676,0.264440597660001);
#2278=VECTOR('',#7677,1.33354591836);
#2279=VECTOR('',#7678,0.319788629737001);
#2280=VECTOR('',#7679,0.166044096210001);
#2281=VECTOR('',#7680,0.348330814923559);
#2282=VECTOR('',#7681,0.510246583312695);
#2283=VECTOR('',#7682,0.204992711371004);
#2284=VECTOR('',#7683,0.524781341109999);
#2285=VECTOR('',#7684,0.658026603497994);
#2286=VECTOR('',#7685,0.266490524780001);
#2287=VECTOR('',#7686,0.658026603497994);
#2288=VECTOR('',#7687,1.3234329446);
#2289=VECTOR('',#7690,0.0245991253640021);
#2290=VECTOR('',#7691,0.923013848396);
#2291=VECTOR('',#7692,0.342337827988004);
#2292=VECTOR('',#7693,3.253644314869);
#2293=VECTOR('',#7694,0.280840014576995);
#2294=VECTOR('',#7695,0.33459477215585);
#2295=VECTOR('',#7696,0.0163994169090032);
#2296=VECTOR('',#7697,0.211689139942);
#2297=VECTOR('',#7698,1.55179482507299);
#2298=VECTOR('',#7699,0.2992893586);
#2299=VECTOR('',#7700,1.464741253644);
#2300=VECTOR('',#7701,0.336188046647008);
#2301=VECTOR('',#7702,1.442328717201);
#2302=VECTOR('',#7703,1.177614795918);
#2303=VECTOR('',#7704,0.340287900874996);
#2304=VECTOR('',#7705,2.247813411079);
#2305=VECTOR('',#7706,0.274690233235999);
#2306=VECTOR('',#7707,0.327377945371082);
#2307=VECTOR('',#7708,0.0184493440229971);
#2308=VECTOR('',#7711,12.);
#2309=VECTOR('',#7720,5.7);
#2310=VECTOR('',#7721,2.3);
#2311=VECTOR('',#7722,3.7);
#2312=VECTOR('',#7723,1.);
#2313=VECTOR('',#7724,0.999999999999996);
#2314=VECTOR('',#7725,4.);
#2315=VECTOR('',#7726,10.);
#2316=VECTOR('',#7727,4.);
#2317=VECTOR('',#7728,1.00000000000001);
#2318=VECTOR('',#7729,2.);
#2319=VECTOR('',#7730,8.);
#2320=VECTOR('',#7731,2.);
#2321=VECTOR('',#7732,1.);
#2322=VECTOR('',#7733,4.);
#2323=VECTOR('',#7734,10.);
#2324=VECTOR('',#7735,4.);
#2325=VECTOR('',#7736,1.);
#2326=VECTOR('',#7737,2.);
#2327=VECTOR('',#7738,8.);
#2328=VECTOR('',#7739,2.);
#2329=VECTOR('',#7742,3.6);
#2330=VECTOR('',#7745,3.1);
#2331=VECTOR('',#7746,5.);
#2332=VECTOR('',#7747,9.2);
#2333=VECTOR('',#7748,5.7);
#2334=VECTOR('',#7749,6.);
#2335=VECTOR('',#7750,3.7);
#2336=VECTOR('',#7751,2.5);
#2337=VECTOR('',#7752,26.);
#2338=VECTOR('',#7753,2.5);
#2339=VECTOR('',#7756,2.5);
#2340=VECTOR('',#7757,61.2);
#2341=VECTOR('',#7760,2.5);
#2342=VECTOR('',#7761,7.);
#2343=VECTOR('',#7762,15.);
#2344=VECTOR('',#7763,7.);
#2345=VECTOR('',#7764,26.);
#2346=VECTOR('',#7765,2.);
#2347=VECTOR('',#7766,6.);
#2348=VECTOR('',#7767,2.);
#2349=VECTOR('',#7768,6.);
#2350=VECTOR('',#7771,7.);
#2351=VECTOR('',#7772,1.5);
#2352=VECTOR('',#7775,7.);
#2353=VECTOR('',#7776,15.);
#2354=VECTOR('',#7779,1.5);
#2355=VECTOR('',#7782,2.3);
#2356=VECTOR('',#7785,61.2);
#2357=VECTOR('',#7792,2.3);
#2358=VECTOR('',#7797,3.1);
#2359=VECTOR('',#7800,0.4);
#2360=VECTOR('',#7801,5.7);
#2361=VECTOR('',#7802,1.5);
#2362=VECTOR('',#7805,9.);
#2363=VECTOR('',#7808,14.6);
#2364=VECTOR('',#7809,96.);
#2365=VECTOR('',#7814,37.8);
#2366=VECTOR('',#7819,2.);
#2367=VECTOR('',#7822,2.);
#2368=VECTOR('',#7825,1.);
#2369=VECTOR('',#7830,35.);
#2370=VECTOR('',#7833,98.8);
#2371=VECTOR('',#7838,0.5);
#2372=VECTOR('',#7839,0.809721209913006);
#2373=VECTOR('',#7840,0.5);
#2374=VECTOR('',#7843,0.5);
#2375=VECTOR('',#7844,3.);
#2376=VECTOR('',#7845,0.5);
#2377=VECTOR('',#7848,0.5);
#2378=VECTOR('',#7849,0.348487609329);
#2379=VECTOR('',#7850,0.5);
#2380=VECTOR('',#7853,0.5);
#2381=VECTOR('',#7854,1.25072886297);
#2382=VECTOR('',#7855,0.5);
#2383=VECTOR('',#7858,0.5);
#2384=VECTOR('',#7859,0.623177842566003);
#2385=VECTOR('',#7860,0.5);
#2386=VECTOR('',#7863,0.5);
#2387=VECTOR('',#7864,1.45013571765203);
#2388=VECTOR('',#7865,0.5);
#2389=VECTOR('',#7868,0.5);
#2390=VECTOR('',#7869,0.405885568512998);
#2391=VECTOR('',#7870,0.5);
#2392=VECTOR('',#7873,1.57807806663093);
#2393=VECTOR('',#7874,0.5);
#2394=VECTOR('',#7875,0.5);
#2395=VECTOR('',#7876,0.5);
#2396=VECTOR('',#7877,0.5);
#2397=VECTOR('',#7878,0.5);
#2398=VECTOR('',#7879,0.5);
#2399=VECTOR('',#7880,0.5);
#2400=VECTOR('',#7881,0.5);
#2401=VECTOR('',#7882,0.5);
#2402=VECTOR('',#7885,0.211689139939999);
#2403=VECTOR('',#7886,0.5);
#2404=VECTOR('',#7887,0.5);
#2405=VECTOR('',#7890,1.55179482507299);
#2406=VECTOR('',#7891,0.5);
#2407=VECTOR('',#7892,0.5);
#2408=VECTOR('',#7893,0.5);
#2409=VECTOR('',#7894,0.5);
#2410=VECTOR('',#7895,0.5);
#2411=VECTOR('',#7898,0.5);
#2412=VECTOR('',#7899,0.299289358600001);
#2413=VECTOR('',#7900,0.5);
#2414=VECTOR('',#7901,0.5);
#2415=VECTOR('',#7902,0.5);
#2416=VECTOR('',#7903,0.5);
#2417=VECTOR('',#7904,0.5);
#2418=VECTOR('',#7905,0.5);
#2419=VECTOR('',#7906,0.5);
#2420=VECTOR('',#7907,0.5);
#2421=VECTOR('',#7908,0.5);
#2422=VECTOR('',#7909,0.5);
#2423=VECTOR('',#7910,0.5);
#2424=VECTOR('',#7911,0.5);
#2425=VECTOR('',#7912,0.5);
#2426=VECTOR('',#7913,0.5);
#2427=VECTOR('',#7916,0.313638848390001);
#2428=VECTOR('',#7917,0.5);
#2429=VECTOR('',#7918,0.5);
#2430=VECTOR('',#7919,0.5);
#2431=VECTOR('',#7920,0.5);
#2432=VECTOR('',#7921,0.5);
#2433=VECTOR('',#7922,0.5);
#2434=VECTOR('',#7923,0.5);
#2435=VECTOR('',#7926,0.5);
#2436=VECTOR('',#7927,0.29582231050908);
#2437=VECTOR('',#7928,0.5);
#2438=VECTOR('',#7929,0.5);
#2439=VECTOR('',#7930,0.5);
#2440=VECTOR('',#7931,0.5);
#2441=VECTOR('',#7932,0.5);
#2442=VECTOR('',#7933,0.5);
#2443=VECTOR('',#7934,0.5);
#2444=VECTOR('',#7935,0.5);
#2445=VECTOR('',#7936,0.5);
#2446=VECTOR('',#7937,0.5);
#2447=VECTOR('',#7938,0.5);
#2448=VECTOR('',#7939,0.5);
#2449=VECTOR('',#7940,0.5);
#2450=VECTOR('',#7941,0.5);
#2451=VECTOR('',#7942,0.5);
#2452=VECTOR('',#7943,0.5);
#2453=VECTOR('',#7944,0.5);
#2454=VECTOR('',#7945,0.5);
#2455=VECTOR('',#7946,0.5);
#2456=VECTOR('',#7949,0.211689139939999);
#2457=VECTOR('',#7950,0.5);
#2458=VECTOR('',#7951,0.5);
#2459=VECTOR('',#7954,1.551794825073);
#2460=VECTOR('',#7955,0.5);
#2461=VECTOR('',#7956,0.5);
#2462=VECTOR('',#7957,0.5);
#2463=VECTOR('',#7958,0.5);
#2464=VECTOR('',#7959,0.5);
#2465=VECTOR('',#7962,0.5);
#2466=VECTOR('',#7963,0.299289358600001);
#2467=VECTOR('',#7964,0.5);
#2468=VECTOR('',#7965,0.5);
#2469=VECTOR('',#7966,0.5);
#2470=VECTOR('',#7967,0.5);
#2471=VECTOR('',#7968,0.5);
#2472=VECTOR('',#7971,0.5);
#2473=VECTOR('',#7972,1.3234329446);
#2474=VECTOR('',#7973,0.5);
#2475=VECTOR('',#7976,0.5);
#2476=VECTOR('',#7977,0.658026603497994);
#2477=VECTOR('',#7980,0.264440597660001);
#2478=VECTOR('',#7981,0.5);
#2479=VECTOR('',#7984,0.5);
#2480=VECTOR('',#7985,0.266490524780001);
#2481=VECTOR('',#7986,0.5);
#2482=VECTOR('',#7989,0.5);
#2483=VECTOR('',#7990,0.658026603497994);
#2484=VECTOR('',#7991,0.5);
#2485=VECTOR('',#7994,0.5);
#2486=VECTOR('',#7995,0.524781341109999);
#2487=VECTOR('',#7996,0.5);
#2488=VECTOR('',#7999,0.5);
#2489=VECTOR('',#8000,0.204992711371004);
#2490=VECTOR('',#8001,0.5);
#2491=VECTOR('',#8004,0.5);
#2492=VECTOR('',#8005,0.510246583312695);
#2493=VECTOR('',#8006,0.5);
#2494=VECTOR('',#8009,0.5);
#2495=VECTOR('',#8010,0.348330814923559);
#2496=VECTOR('',#8013,1.33354591836);
#2497=VECTOR('',#8014,0.5);
#2498=VECTOR('',#8017,0.5);
#2499=VECTOR('',#8018,0.166044096210001);
#2500=VECTOR('',#8021,0.319788629737001);
#2501=VECTOR('',#8024,0.5);
#2502=VECTOR('',#8025,0.5);
#2503=VECTOR('',#8026,0.5);
#2504=VECTOR('',#8027,0.5);
#2505=VECTOR('',#8028,0.5);
#2506=VECTOR('',#8029,0.5);
#2507=VECTOR('',#8030,0.5);
#2508=VECTOR('',#8031,0.5);
#2509=VECTOR('',#8032,0.5);
#2510=VECTOR('',#8033,0.5);
#2511=VECTOR('',#8034,0.5);
#2512=VECTOR('',#8035,0.5);
#2513=VECTOR('',#8036,0.5);
#2514=VECTOR('',#8037,0.5);
#2515=VECTOR('',#8038,0.5);
#2516=VECTOR('',#8039,0.5);
#2517=VECTOR('',#8040,0.5);
#2518=VECTOR('',#8041,0.5);
#2519=VECTOR('',#8044,0.5);
#2520=VECTOR('',#8045,0.0163994169090032);
#2521=VECTOR('',#8048,0.5);
#2522=VECTOR('',#8049,0.33459477215585);
#2523=VECTOR('',#8052,0.5);
#2524=VECTOR('',#8053,0.280840014576995);
#2525=VECTOR('',#8056,0.5);
#2526=VECTOR('',#8057,3.253644314869);
#2527=VECTOR('',#8060,0.5);
#2528=VECTOR('',#8061,0.342337827988004);
#2529=VECTOR('',#8064,0.5);
#2530=VECTOR('',#8065,0.923013848396);
#2531=VECTOR('',#8066,0.5);
#2532=VECTOR('',#8067,0.5);
#2533=VECTOR('',#8070,0.5);
#2534=VECTOR('',#8071,0.0245991253640021);
#2535=VECTOR('',#8072,0.5);
#2536=VECTOR('',#8073,0.5);
#2537=VECTOR('',#8074,0.5);
#2538=VECTOR('',#8075,0.5);
#2539=VECTOR('',#8076,0.5);
#2540=VECTOR('',#8077,0.5);
#2541=VECTOR('',#8078,0.5);
#2542=VECTOR('',#8079,0.5);
#2543=VECTOR('',#8080,0.5);
#2544=VECTOR('',#8081,0.5);
#2545=VECTOR('',#8082,0.5);
#2546=VECTOR('',#8083,0.5);
#2547=VECTOR('',#8084,0.5);
#2548=VECTOR('',#8085,0.5);
#2549=VECTOR('',#8086,0.5);
#2550=VECTOR('',#8087,0.5);
#2551=VECTOR('',#8090,0.5);
#2552=VECTOR('',#8091,0.2992893586);
#2553=VECTOR('',#8092,0.5);
#2554=VECTOR('',#8093,0.5);
#2555=VECTOR('',#8094,0.5);
#2556=VECTOR('',#8095,0.5);
#2557=VECTOR('',#8098,0.5);
#2558=VECTOR('',#8099,1.55179482507299);
#2559=VECTOR('',#8102,0.5);
#2560=VECTOR('',#8103,0.211689139942);
#2561=VECTOR('',#8104,0.5);
#2562=VECTOR('',#8105,0.5);
#2563=VECTOR('',#8106,0.5);
#2564=VECTOR('',#8107,0.5);
#2565=VECTOR('',#8108,0.5);
#2566=VECTOR('',#8109,0.5);
#2567=VECTOR('',#8112,0.5);
#2568=VECTOR('',#8113,0.0184493440229971);
#2569=VECTOR('',#8116,0.5);
#2570=VECTOR('',#8117,0.327377945371082);
#2571=VECTOR('',#8120,0.5);
#2572=VECTOR('',#8121,0.274690233235999);
#2573=VECTOR('',#8124,0.5);
#2574=VECTOR('',#8125,2.247813411079);
#2575=VECTOR('',#8128,0.5);
#2576=VECTOR('',#8129,0.340287900874996);
#2577=VECTOR('',#8132,0.5);
#2578=VECTOR('',#8133,1.177614795918);
#2579=VECTOR('',#8134,0.5);
#2580=VECTOR('',#8135,0.5);
#2581=VECTOR('',#8136,0.5);
#2582=VECTOR('',#8137,0.5);
#2583=VECTOR('',#8140,0.5);
#2584=VECTOR('',#8141,1.442328717201);
#2585=VECTOR('',#8144,0.5);
#2586=VECTOR('',#8145,0.336188046647008);
#2587=VECTOR('',#8148,0.5);
#2588=VECTOR('',#8149,1.464741253644);
#2589=VECTOR('',#8150,0.5);
#2590=VECTOR('',#8153,4.);
#2591=VECTOR('',#8156,0.499999999999998);
#2592=VECTOR('',#8159,0.2);
#2593=VECTOR('',#8160,0.999999999999996);
#2594=VECTOR('',#8161,0.2);
#2595=VECTOR('',#8164,2.54558441227157);
#2596=VECTOR('',#8165,2.2);
#2597=VECTOR('',#8166,2.);
#2598=VECTOR('',#8169,2.);
#2599=VECTOR('',#8170,10.);
#2600=VECTOR('',#8173,0.2);
#2601=VECTOR('',#8174,2.2);
#2602=VECTOR('',#8175,2.54558441227157);
#2603=VECTOR('',#8178,1.00000000000001);
#2604=VECTOR('',#8179,0.2);
#2605=VECTOR('',#8182,2.54558441227157);
#2606=VECTOR('',#8183,0.2);
#2607=VECTOR('',#8184,2.);
#2608=VECTOR('',#8187,8.);
#2609=VECTOR('',#8188,2.);
#2610=VECTOR('',#8191,0.2);
#2611=VECTOR('',#8192,2.54558441227157);
#2612=VECTOR('',#8195,0.2);
#2613=VECTOR('',#8196,1.);
#2614=VECTOR('',#8197,0.2);
#2615=VECTOR('',#8200,2.54558441227157);
#2616=VECTOR('',#8201,2.2);
#2617=VECTOR('',#8202,2.);
#2618=VECTOR('',#8205,2.);
#2619=VECTOR('',#8206,10.);
#2620=VECTOR('',#8209,0.2);
#2621=VECTOR('',#8210,2.2);
#2622=VECTOR('',#8211,2.54558441227157);
#2623=VECTOR('',#8214,1.);
#2624=VECTOR('',#8215,0.2);
#2625=VECTOR('',#8218,2.54558441227157);
#2626=VECTOR('',#8219,0.2);
#2627=VECTOR('',#8220,2.);
#2628=VECTOR('',#8223,8.);
#2629=VECTOR('',#8224,2.);
#2630=VECTOR('',#8227,0.2);
#2631=VECTOR('',#8228,2.54558441227157);
#2632=VECTOR('',#8233,0.499999999999998);
#2633=VECTOR('',#8236,3.1);
#2634=VECTOR('',#8237,0.499999999999998);
#2635=VECTOR('',#8240,4.);
#2636=VECTOR('',#8245,25.);
#2637=VECTOR('',#8246,45.);
#2638=VECTOR('',#8247,25.);
#2639=VECTOR('',#8248,45.);
#2640=VECTOR('',#8253,2.);
#2641=VECTOR('',#8254,2.);
#2642=VECTOR('',#8255,2.);
#2643=VECTOR('',#8258,2.);
#2644=VECTOR('',#8259,6.);
#2645=VECTOR('',#8262,2.);
#2646=VECTOR('',#8263,2.);
#2647=VECTOR('',#8266,6.);
#2648=VECTOR('',#8269,110.);
#2649=VECTOR('',#8272,49.);
#2650=VECTOR('',#8275,110.);
#2651=VECTOR('',#8278,49.);
#2652=VECTOR('',#8281,48.6);
#2653=VECTOR('',#8282,28.6);
#2654=VECTOR('',#8283,48.6);
#2655=VECTOR('',#8284,28.6);
#2656=VECTOR('',#8291,20.);
#2657=VECTOR('',#8294,20.);
#2658=VECTOR('',#8301,3.1);
#2659=VECTOR('',#8302,4.);
#2660=VECTOR('',#8311,98.8);
#2661=VECTOR('',#8314,49.);
#2662=VECTOR('',#8317,110.);
#2663=VECTOR('',#8320,49.);
#2664=VECTOR('',#8323,110.);
#2665=VECTOR('',#8334,37.8);
#2666=VECTOR('',#8339,0.440734329447006);
#2667=VECTOR('',#8340,0.475583090378997);
#2668=VECTOR('',#8341,1.15274234694);
#2669=VECTOR('',#8344,1.188957725948);
#2670=VECTOR('',#8349,1.188957725947);
#2671=VECTOR('',#8356,0.065734329446);
#2672=VECTOR('',#8359,1.188957725947);
#2673=VECTOR('',#8368,0.999999999999996);
#2674=VECTOR('',#8371,1.00000000000001);
#2675=VECTOR('',#8376,1.);
#2676=VECTOR('',#8379,1.);
#2677=VECTOR('',#8386,0.2);
#2678=VECTOR('',#8387,0.2);
#2679=VECTOR('',#8388,25.);
#2680=VECTOR('',#8391,0.2);
#2681=VECTOR('',#8392,45.);
#2682=VECTOR('',#8395,0.2);
#2683=VECTOR('',#8396,25.);
#2684=VECTOR('',#8399,45.);
#2685=VECTOR('',#8404,1.13137084989848);
#2686=VECTOR('',#8405,110.);
#2687=VECTOR('',#8406,1.13137084989848);
#2688=VECTOR('',#8409,1.13137084989847);
#2689=VECTOR('',#8416,1.13137084989847);
#2690=VECTOR('',#8419,1.13137084989847);
#2691=VECTOR('',#8420,49.);
#2692=VECTOR('',#8423,49.);
#2693=VECTOR('',#8424,1.13137084989847);
#2694=VECTOR('',#8427,1.13137084989848);
#2695=VECTOR('',#8434,1.13137084989848);
#2696=VECTOR('',#8437,110.);
#2697=VECTOR('',#8440,3.11769145362398);
#2698=VECTOR('',#8441,3.11769145362398);
#2699=VECTOR('',#8444,3.11769145362398);
#2700=VECTOR('',#8447,3.11769145362398);
#2701=VECTOR('',#8458,0.5);
#2702=VECTOR('',#8459,20.);
#2703=VECTOR('',#8460,0.5);
#2704=VECTOR('',#8463,0.5);
#2705=VECTOR('',#8468,0.5);
#2706=VECTOR('',#8473,20.);
#2707=VECTOR('',#8478,0.2);
#2708=VECTOR('',#8479,0.2);
#2709=VECTOR('',#8482,0.2);
#2710=VECTOR('',#8485,0.2);
#2711=VECTOR('',#8488,0.2);
#2712=VECTOR('',#8491,0.2);
#2713=VECTOR('',#8494,0.2);
#2714=VECTOR('',#8497,0.2);
#2715=VECTOR('',#8502,0.5);
#2716=VECTOR('',#8503,0.5);
#2717=VECTOR('',#8504,0.440734329447006);
#2718=VECTOR('',#8505,0.5);
#2719=VECTOR('',#8506,0.5);
#2720=VECTOR('',#8507,0.5);
#2721=VECTOR('',#8508,0.5);
#2722=VECTOR('',#8511,0.5);
#2723=VECTOR('',#8512,0.475583090378997);
#2724=VECTOR('',#8515,1.15274234694);
#2725=VECTOR('',#8516,0.5);
#2726=VECTOR('',#8517,0.5);
#2727=VECTOR('',#8518,0.5);
#2728=VECTOR('',#8519,0.5);
#2729=VECTOR('',#8520,0.5);
#2730=VECTOR('',#8523,0.5);
#2731=VECTOR('',#8524,1.188957725948);
#2732=VECTOR('',#8525,0.5);
#2733=VECTOR('',#8526,0.5);
#2734=VECTOR('',#8527,0.5);
#2735=VECTOR('',#8528,0.5);
#2736=VECTOR('',#8529,0.5);
#2737=VECTOR('',#8532,0.5);
#2738=VECTOR('',#8533,1.188957725947);
#2739=VECTOR('',#8534,0.5);
#2740=VECTOR('',#8535,0.5);
#2741=VECTOR('',#8536,0.5);
#2742=VECTOR('',#8537,0.5);
#2743=VECTOR('',#8538,0.5);
#2744=VECTOR('',#8539,0.5);
#2745=VECTOR('',#8540,0.5);
#2746=VECTOR('',#8541,0.5);
#2747=VECTOR('',#8542,0.5);
#2748=VECTOR('',#8543,0.5);
#2749=VECTOR('',#8544,0.5);
#2750=VECTOR('',#8545,0.5);
#2751=VECTOR('',#8546,0.5);
#2752=VECTOR('',#8547,0.5);
#2753=VECTOR('',#8548,0.5);
#2754=VECTOR('',#8549,0.5);
#2755=VECTOR('',#8550,0.5);
#2756=VECTOR('',#8551,0.5);
#2757=VECTOR('',#8552,0.5);
#2758=VECTOR('',#8553,0.5);
#2759=VECTOR('',#8554,0.5);
#2760=VECTOR('',#8557,0.5);
#2761=VECTOR('',#8558,0.065734329446);
#2762=VECTOR('',#8559,0.5);
#2763=VECTOR('',#8560,0.5);
#2764=VECTOR('',#8561,0.5);
#2765=VECTOR('',#8562,0.5);
#2766=VECTOR('',#8563,0.5);
#2767=VECTOR('',#8564,0.5);
#2768=VECTOR('',#8567,0.5);
#2769=VECTOR('',#8568,1.188957725947);
#2770=VERTEX_POINT('',#8585);
#2771=VERTEX_POINT('',#8586);
#2772=VERTEX_POINT('',#8588);
#2773=VERTEX_POINT('',#8590);
#2774=VERTEX_POINT('',#8592);
#2775=VERTEX_POINT('',#8594);
#2776=VERTEX_POINT('',#8596);
#2777=VERTEX_POINT('',#8598);
#2778=VERTEX_POINT('',#8600);
#2779=VERTEX_POINT('',#8602);
#2780=VERTEX_POINT('',#8604);
#2781=VERTEX_POINT('',#8606);
#2782=VERTEX_POINT('',#8608);
#2783=VERTEX_POINT('',#8610);
#2784=VERTEX_POINT('',#8612);
#2785=VERTEX_POINT('',#8614);
#2786=VERTEX_POINT('',#8616);
#2787=VERTEX_POINT('',#8618);
#2788=VERTEX_POINT('',#8620);
#2789=VERTEX_POINT('',#8622);
#2790=VERTEX_POINT('',#8624);
#2791=VERTEX_POINT('',#8626);
#2792=VERTEX_POINT('',#8628);
#2793=VERTEX_POINT('',#8630);
#2794=VERTEX_POINT('',#8632);
#2795=VERTEX_POINT('',#8635);
#2796=VERTEX_POINT('',#8636);
#2797=VERTEX_POINT('',#8638);
#2798=VERTEX_POINT('',#8640);
#2799=VERTEX_POINT('',#8642);
#2800=VERTEX_POINT('',#8644);
#2801=VERTEX_POINT('',#8646);
#2802=VERTEX_POINT('',#8648);
#2803=VERTEX_POINT('',#8650);
#2804=VERTEX_POINT('',#8652);
#2805=VERTEX_POINT('',#8654);
#2806=VERTEX_POINT('',#8656);
#2807=VERTEX_POINT('',#8659);
#2808=VERTEX_POINT('',#8660);
#2809=VERTEX_POINT('',#8662);
#2810=VERTEX_POINT('',#8664);
#2811=VERTEX_POINT('',#8668);
#2812=VERTEX_POINT('',#8669);
#2813=VERTEX_POINT('',#8671);
#2814=VERTEX_POINT('',#8673);
#2815=VERTEX_POINT('',#8678);
#2816=VERTEX_POINT('',#8682);
#2817=VERTEX_POINT('',#8686);
#2818=VERTEX_POINT('',#8688);
#2819=VERTEX_POINT('',#8690);
#2820=VERTEX_POINT('',#8696);
#2821=VERTEX_POINT('',#8699);
#2822=VERTEX_POINT('',#8701);
#2823=VERTEX_POINT('',#8708);
#2824=VERTEX_POINT('',#8713);
#2825=VERTEX_POINT('',#8719);
#2826=VERTEX_POINT('',#8720);
#2827=VERTEX_POINT('',#8725);
#2828=VERTEX_POINT('',#8729);
#2829=VERTEX_POINT('',#8735);
#2830=VERTEX_POINT('',#8736);
#2831=VERTEX_POINT('',#8738);
#2832=VERTEX_POINT('',#8740);
#2833=VERTEX_POINT('',#8742);
#2834=VERTEX_POINT('',#8747);
#2835=VERTEX_POINT('',#8751);
#2836=VERTEX_POINT('',#8753);
#2837=VERTEX_POINT('',#8755);
#2838=VERTEX_POINT('',#8759);
#2839=VERTEX_POINT('',#8761);
#2840=VERTEX_POINT('',#8763);
#2841=VERTEX_POINT('',#8767);
#2842=VERTEX_POINT('',#8771);
#2843=VERTEX_POINT('',#8772);
#2844=VERTEX_POINT('',#8774);
#2845=VERTEX_POINT('',#8776);
#2846=VERTEX_POINT('',#8778);
#2847=VERTEX_POINT('',#8780);
#2848=VERTEX_POINT('',#8782);
#2849=VERTEX_POINT('',#8784);
#2850=VERTEX_POINT('',#8786);
#2851=VERTEX_POINT('',#8788);
#2852=VERTEX_POINT('',#8790);
#2853=VERTEX_POINT('',#8793);
#2854=VERTEX_POINT('',#8797);
#2855=VERTEX_POINT('',#8800);
#2856=VERTEX_POINT('',#8804);
#2857=VERTEX_POINT('',#8805);
#2858=VERTEX_POINT('',#8807);
#2859=VERTEX_POINT('',#8814);
#2860=VERTEX_POINT('',#8815);
#2861=VERTEX_POINT('',#8818);
#2862=VERTEX_POINT('',#8820);
#2863=VERTEX_POINT('',#8822);
#2864=VERTEX_POINT('',#8826);
#2865=VERTEX_POINT('',#8828);
#2866=VERTEX_POINT('',#8831);
#2867=VERTEX_POINT('',#8836);
#2868=VERTEX_POINT('',#8837);
#2869=VERTEX_POINT('',#8839);
#2870=VERTEX_POINT('',#8841);
#2871=VERTEX_POINT('',#8844);
#2872=VERTEX_POINT('',#8848);
#2873=VERTEX_POINT('',#8852);
#2874=VERTEX_POINT('',#8856);
#2875=VERTEX_POINT('',#8860);
#2876=VERTEX_POINT('',#8862);
#2877=VERTEX_POINT('',#8864);
#2878=VERTEX_POINT('',#8866);
#2879=VERTEX_POINT('',#8868);
#2880=VERTEX_POINT('',#8874);
#2881=VERTEX_POINT('',#8878);
#2882=VERTEX_POINT('',#8880);
#2883=VERTEX_POINT('',#8883);
#2884=VERTEX_POINT('',#8885);
#2885=VERTEX_POINT('',#8887);
#2886=VERTEX_POINT('',#8889);
#2887=VERTEX_POINT('',#8891);
#2888=VERTEX_POINT('',#8906);
#2889=VERTEX_POINT('',#8909);
#2890=VERTEX_POINT('',#8910);
#2891=VERTEX_POINT('',#8912);
#2892=VERTEX_POINT('',#8916);
#2893=VERTEX_POINT('',#8920);
#2894=VERTEX_POINT('',#8924);
#2895=VERTEX_POINT('',#8928);
#2896=VERTEX_POINT('',#8932);
#2897=VERTEX_POINT('',#8936);
#2898=VERTEX_POINT('',#8938);
#2899=VERTEX_POINT('',#8940);
#2900=VERTEX_POINT('',#8942);
#2901=VERTEX_POINT('',#8944);
#2902=VERTEX_POINT('',#8946);
#2903=VERTEX_POINT('',#8949);
#2904=VERTEX_POINT('',#8950);
#2905=VERTEX_POINT('',#8954);
#2906=VERTEX_POINT('',#8958);
#2907=VERTEX_POINT('',#8962);
#2908=VERTEX_POINT('',#8966);
#2909=VERTEX_POINT('',#8968);
#2910=VERTEX_POINT('',#8970);
#2911=VERTEX_POINT('',#8974);
#2912=VERTEX_POINT('',#8978);
#2913=VERTEX_POINT('',#8982);
#2914=VERTEX_POINT('',#8986);
#2915=VERTEX_POINT('',#8988);
#2916=VERTEX_POINT('',#8992);
#2917=VERTEX_POINT('',#8996);
#2918=VERTEX_POINT('',#9000);
#2919=VERTEX_POINT('',#9004);
#2920=VERTEX_POINT('',#9008);
#2921=VERTEX_POINT('',#9015);
#2922=VERTEX_POINT('',#9016);
#2923=VERTEX_POINT('',#9020);
#2924=VERTEX_POINT('',#9024);
#2925=VERTEX_POINT('',#9028);
#2926=VERTEX_POINT('',#9032);
#2927=VERTEX_POINT('',#9036);
#2928=VERTEX_POINT('',#9040);
#2929=VERTEX_POINT('',#9042);
#2930=VERTEX_POINT('',#9046);
#2931=VERTEX_POINT('',#9050);
#2932=VERTEX_POINT('',#9054);
#2933=VERTEX_POINT('',#9058);
#2934=VERTEX_POINT('',#9062);
#2935=VERTEX_POINT('',#9066);
#2936=VERTEX_POINT('',#9070);
#2937=VERTEX_POINT('',#9074);
#2938=VERTEX_POINT('',#9078);
#2939=VERTEX_POINT('',#9082);
#2940=VERTEX_POINT('',#9086);
#2941=VERTEX_POINT('',#9090);
#2942=VERTEX_POINT('',#9094);
#2943=VERTEX_POINT('',#9098);
#2944=VERTEX_POINT('',#9100);
#2945=VERTEX_POINT('',#9104);
#2946=VERTEX_POINT('',#9108);
#2947=VERTEX_POINT('',#9112);
#2948=VERTEX_POINT('',#9116);
#2949=VERTEX_POINT('',#9120);
#2950=VERTEX_POINT('',#9124);
#2951=VERTEX_POINT('',#9128);
#2952=VERTEX_POINT('',#9135);
#2953=VERTEX_POINT('',#9136);
#2954=VERTEX_POINT('',#9140);
#2955=VERTEX_POINT('',#9144);
#2956=VERTEX_POINT('',#9148);
#2957=VERTEX_POINT('',#9152);
#2958=VERTEX_POINT('',#9154);
#2959=VERTEX_POINT('',#9156);
#2960=VERTEX_POINT('',#9160);
#2961=VERTEX_POINT('',#9164);
#2962=VERTEX_POINT('',#9168);
#2963=VERTEX_POINT('',#9172);
#2964=VERTEX_POINT('',#9174);
#2965=VERTEX_POINT('',#9178);
#2966=VERTEX_POINT('',#9182);
#2967=VERTEX_POINT('',#9186);
#2968=VERTEX_POINT('',#9190);
#2969=VERTEX_POINT('',#9194);
#2970=VERTEX_POINT('',#9201);
#2971=VERTEX_POINT('',#9202);
#2972=VERTEX_POINT('',#9206);
#2973=VERTEX_POINT('',#9210);
#2974=VERTEX_POINT('',#9214);
#2975=VERTEX_POINT('',#9216);
#2976=VERTEX_POINT('',#9220);
#2977=VERTEX_POINT('',#9224);
#2978=VERTEX_POINT('',#9228);
#2979=VERTEX_POINT('',#9232);
#2980=VERTEX_POINT('',#9236);
#2981=VERTEX_POINT('',#9238);
#2982=VERTEX_POINT('',#9240);
#2983=VERTEX_POINT('',#9242);
#2984=VERTEX_POINT('',#9244);
#2985=VERTEX_POINT('',#9246);
#2986=VERTEX_POINT('',#9248);
#2987=VERTEX_POINT('',#9250);
#2988=VERTEX_POINT('',#9252);
#2989=VERTEX_POINT('',#9254);
#2990=VERTEX_POINT('',#9256);
#2991=VERTEX_POINT('',#9261);
#2992=VERTEX_POINT('',#9263);
#2993=VERTEX_POINT('',#9264);
#2994=VERTEX_POINT('',#9268);
#2995=VERTEX_POINT('',#9272);
#2996=VERTEX_POINT('',#9276);
#2997=VERTEX_POINT('',#9280);
#2998=VERTEX_POINT('',#9284);
#2999=VERTEX_POINT('',#9288);
#3000=VERTEX_POINT('',#9292);
#3001=VERTEX_POINT('',#9296);
#3002=VERTEX_POINT('',#9300);
#3003=VERTEX_POINT('',#9304);
#3004=VERTEX_POINT('',#9308);
#3005=VERTEX_POINT('',#9312);
#3006=VERTEX_POINT('',#9319);
#3007=VERTEX_POINT('',#9320);
#3008=VERTEX_POINT('',#9324);
#3009=VERTEX_POINT('',#9328);
#3010=VERTEX_POINT('',#9332);
#3011=VERTEX_POINT('',#9336);
#3012=VERTEX_POINT('',#9340);
#3013=VERTEX_POINT('',#9344);
#3014=VERTEX_POINT('',#9348);
#3015=VERTEX_POINT('',#9352);
#3016=VERTEX_POINT('',#9356);
#3017=VERTEX_POINT('',#9358);
#3018=VERTEX_POINT('',#9362);
#3019=VERTEX_POINT('',#9366);
#3020=VERTEX_POINT('',#9368);
#3021=VERTEX_POINT('',#9370);
#3022=VERTEX_POINT('',#9372);
#3023=VERTEX_POINT('',#9374);
#3024=VERTEX_POINT('',#9376);
#3025=VERTEX_POINT('',#9378);
#3026=VERTEX_POINT('',#9385);
#3027=VERTEX_POINT('',#9386);
#3028=VERTEX_POINT('',#9390);
#3029=VERTEX_POINT('',#9394);
#3030=VERTEX_POINT('',#9398);
#3031=VERTEX_POINT('',#9402);
#3032=VERTEX_POINT('',#9404);
#3033=VERTEX_POINT('',#9406);
#3034=VERTEX_POINT('',#9410);
#3035=VERTEX_POINT('',#9414);
#3036=VERTEX_POINT('',#9418);
#3037=VERTEX_POINT('',#9422);
#3038=VERTEX_POINT('',#9424);
#3039=VERTEX_POINT('',#9428);
#3040=VERTEX_POINT('',#9432);
#3041=VERTEX_POINT('',#9436);
#3042=VERTEX_POINT('',#9440);
#3043=VERTEX_POINT('',#9444);
#3044=VERTEX_POINT('',#9451);
#3045=VERTEX_POINT('',#9452);
#3046=VERTEX_POINT('',#9456);
#3047=VERTEX_POINT('',#9460);
#3048=VERTEX_POINT('',#9464);
#3049=VERTEX_POINT('',#9466);
#3050=VERTEX_POINT('',#9468);
#3051=VERTEX_POINT('',#9470);
#3052=VERTEX_POINT('',#9474);
#3053=VERTEX_POINT('',#9478);
#3054=VERTEX_POINT('',#9482);
#3055=VERTEX_POINT('',#9486);
#3056=VERTEX_POINT('',#9488);
#3057=VERTEX_POINT('',#9490);
#3058=VERTEX_POINT('',#9492);
#3059=VERTEX_POINT('',#9494);
#3060=VERTEX_POINT('',#9496);
#3061=VERTEX_POINT('',#9498);
#3062=VERTEX_POINT('',#9509);
#3063=VERTEX_POINT('',#9512);
#3064=VERTEX_POINT('',#9514);
#3065=VERTEX_POINT('',#9518);
#3066=VERTEX_POINT('',#9519);
#3067=VERTEX_POINT('',#9521);
#3068=VERTEX_POINT('',#9523);
#3069=VERTEX_POINT('',#9525);
#3070=VERTEX_POINT('',#9527);
#3071=VERTEX_POINT('',#9529);
#3072=VERTEX_POINT('',#9531);
#3073=VERTEX_POINT('',#9534);
#3074=VERTEX_POINT('',#9535);
#3075=VERTEX_POINT('',#9537);
#3076=VERTEX_POINT('',#9539);
#3077=VERTEX_POINT('',#9541);
#3078=VERTEX_POINT('',#9543);
#3079=VERTEX_POINT('',#9545);
#3080=VERTEX_POINT('',#9547);
#3081=VERTEX_POINT('',#9551);
#3082=VERTEX_POINT('',#9553);
#3083=VERTEX_POINT('',#9555);
#3084=VERTEX_POINT('',#9557);
#3085=VERTEX_POINT('',#9560);
#3086=VERTEX_POINT('',#9562);
#3087=VERTEX_POINT('',#9565);
#3088=VERTEX_POINT('',#9567);
#3089=VERTEX_POINT('',#9571);
#3090=VERTEX_POINT('',#9575);
#3091=VERTEX_POINT('',#9577);
#3092=VERTEX_POINT('',#9579);
#3093=VERTEX_POINT('',#9583);
#3094=VERTEX_POINT('',#9584);
#3095=VERTEX_POINT('',#9586);
#3096=VERTEX_POINT('',#9588);
#3097=VERTEX_POINT('',#9592);
#3098=VERTEX_POINT('',#9596);
#3099=VERTEX_POINT('',#9606);
#3100=VERTEX_POINT('',#9612);
#3101=VERTEX_POINT('',#9613);
#3102=VERTEX_POINT('',#9615);
#3103=VERTEX_POINT('',#9617);
#3104=VERTEX_POINT('',#9624);
#3105=VERTEX_POINT('',#9628);
#3106=VERTEX_POINT('',#9630);
#3107=VERTEX_POINT('',#9643);
#3108=VERTEX_POINT('',#9647);
#3109=VERTEX_POINT('',#9649);
#3110=VERTEX_POINT('',#9653);
#3111=VERTEX_POINT('',#9662);
#3112=VERTEX_POINT('',#9668);
#3113=VERTEX_POINT('',#9677);
#3114=VERTEX_POINT('',#9683);
#3115=VERTEX_POINT('',#9692);
#3116=VERTEX_POINT('',#9698);
#3117=VERTEX_POINT('',#9707);
#3118=VERTEX_POINT('',#9713);
#3119=VERTEX_POINT('',#9722);
#3120=VERTEX_POINT('',#9728);
#3121=VERTEX_POINT('',#9737);
#3122=VERTEX_POINT('',#9750);
#3123=VERTEX_POINT('',#9752);
#3124=VERTEX_POINT('',#9763);
#3125=VERTEX_POINT('',#9774);
#3126=VERTEX_POINT('',#9785);
#3127=VERTEX_POINT('',#9796);
#3128=VERTEX_POINT('',#9807);
#3129=VERTEX_POINT('',#9818);
#3130=VERTEX_POINT('',#9829);
#3131=VERTEX_POINT('',#9835);
#3132=VERTEX_POINT('',#9844);
#3133=VERTEX_POINT('',#9850);
#3134=VERTEX_POINT('',#9859);
#3135=VERTEX_POINT('',#9870);
#3136=VERTEX_POINT('',#9881);
#3137=VERTEX_POINT('',#9892);
#3138=VERTEX_POINT('',#9898);
#3139=VERTEX_POINT('',#9907);
#3140=VERTEX_POINT('',#9927);
#3141=VERTEX_POINT('',#9929);
#3142=VERTEX_POINT('',#9940);
#3143=VERTEX_POINT('',#9951);
#3144=VERTEX_POINT('',#9962);
#3145=VERTEX_POINT('',#9973);
#3146=VERTEX_POINT('',#9984);
#3147=VERTEX_POINT('',#9995);
#3148=VERTEX_POINT('',#10006);
#3149=VERTEX_POINT('',#10017);
#3150=VERTEX_POINT('',#10028);
#3151=VERTEX_POINT('',#10039);
#3152=VERTEX_POINT('',#10050);
#3153=VERTEX_POINT('',#10056);
#3154=VERTEX_POINT('',#10065);
#3155=VERTEX_POINT('',#10076);
#3156=VERTEX_POINT('',#10087);
#3157=VERTEX_POINT('',#10098);
#3158=VERTEX_POINT('',#10109);
#3159=VERTEX_POINT('',#10120);
#3160=VERTEX_POINT('',#10126);
#3161=VERTEX_POINT('',#10135);
#3162=VERTEX_POINT('',#10146);
#3163=VERTEX_POINT('',#10157);
#3164=VERTEX_POINT('',#10168);
#3165=VERTEX_POINT('',#10179);
#3166=VERTEX_POINT('',#10190);
#3167=VERTEX_POINT('',#10201);
#3168=VERTEX_POINT('',#10212);
#3169=VERTEX_POINT('',#10223);
#3170=VERTEX_POINT('',#10234);
#3171=VERTEX_POINT('',#10254);
#3172=VERTEX_POINT('',#10256);
#3173=VERTEX_POINT('',#10267);
#3174=VERTEX_POINT('',#10278);
#3175=VERTEX_POINT('',#10289);
#3176=VERTEX_POINT('',#10300);
#3177=VERTEX_POINT('',#10311);
#3178=VERTEX_POINT('',#10322);
#3179=VERTEX_POINT('',#10333);
#3180=VERTEX_POINT('',#10339);
#3181=VERTEX_POINT('',#10348);
#3182=VERTEX_POINT('',#10354);
#3183=VERTEX_POINT('',#10363);
#3184=VERTEX_POINT('',#10374);
#3185=VERTEX_POINT('',#10385);
#3186=VERTEX_POINT('',#10396);
#3187=VERTEX_POINT('',#10402);
#3188=VERTEX_POINT('',#10411);
#3189=VERTEX_POINT('',#10431);
#3190=VERTEX_POINT('',#10433);
#3191=VERTEX_POINT('',#10444);
#3192=VERTEX_POINT('',#10455);
#3193=VERTEX_POINT('',#10461);
#3194=VERTEX_POINT('',#10470);
#3195=VERTEX_POINT('',#10476);
#3196=VERTEX_POINT('',#10480);
#3197=VERTEX_POINT('',#10484);
#3198=VERTEX_POINT('',#10493);
#3199=VERTEX_POINT('',#10499);
#3200=VERTEX_POINT('',#10508);
#3201=VERTEX_POINT('',#10514);
#3202=VERTEX_POINT('',#10523);
#3203=VERTEX_POINT('',#10529);
#3204=VERTEX_POINT('',#10538);
#3205=VERTEX_POINT('',#10544);
#3206=VERTEX_POINT('',#10553);
#3207=VERTEX_POINT('',#10559);
#3208=VERTEX_POINT('',#10563);
#3209=VERTEX_POINT('',#10567);
#3210=VERTEX_POINT('',#10579);
#3211=VERTEX_POINT('',#10581);
#3212=VERTEX_POINT('',#10592);
#3213=VERTEX_POINT('',#10603);
#3214=VERTEX_POINT('',#10614);
#3215=VERTEX_POINT('',#10625);
#3216=VERTEX_POINT('',#10636);
#3217=VERTEX_POINT('',#10647);
#3218=VERTEX_POINT('',#10658);
#3219=VERTEX_POINT('',#10669);
#3220=VERTEX_POINT('',#10680);
#3221=VERTEX_POINT('',#10691);
#3222=VERTEX_POINT('',#10702);
#3223=VERTEX_POINT('',#10713);
#3224=VERTEX_POINT('',#10733);
#3225=VERTEX_POINT('',#10735);
#3226=VERTEX_POINT('',#10746);
#3227=VERTEX_POINT('',#10757);
#3228=VERTEX_POINT('',#10763);
#3229=VERTEX_POINT('',#10767);
#3230=VERTEX_POINT('',#10771);
#3231=VERTEX_POINT('',#10775);
#3232=VERTEX_POINT('',#10779);
#3233=VERTEX_POINT('',#10783);
#3234=VERTEX_POINT('',#10792);
#3235=VERTEX_POINT('',#10803);
#3236=VERTEX_POINT('',#10809);
#3237=VERTEX_POINT('',#10818);
#3238=VERTEX_POINT('',#10829);
#3239=VERTEX_POINT('',#10840);
#3240=VERTEX_POINT('',#10851);
#3241=VERTEX_POINT('',#10862);
#3242=VERTEX_POINT('',#10873);
#3243=VERTEX_POINT('',#10884);
#3244=VERTEX_POINT('',#10904);
#3245=VERTEX_POINT('',#10906);
#3246=VERTEX_POINT('',#10917);
#3247=VERTEX_POINT('',#10928);
#3248=VERTEX_POINT('',#10939);
#3249=VERTEX_POINT('',#10950);
#3250=VERTEX_POINT('',#10961);
#3251=VERTEX_POINT('',#10972);
#3252=VERTEX_POINT('',#10983);
#3253=VERTEX_POINT('',#10989);
#3254=VERTEX_POINT('',#10998);
#3255=VERTEX_POINT('',#11009);
#3256=VERTEX_POINT('',#11020);
#3257=VERTEX_POINT('',#11031);
#3258=VERTEX_POINT('',#11037);
#3259=VERTEX_POINT('',#11041);
#3260=VERTEX_POINT('',#11050);
#3261=VERTEX_POINT('',#11061);
#3262=VERTEX_POINT('',#11081);
#3263=VERTEX_POINT('',#11083);
#3264=VERTEX_POINT('',#11094);
#3265=VERTEX_POINT('',#11105);
#3266=VERTEX_POINT('',#11111);
#3267=VERTEX_POINT('',#11115);
#3268=VERTEX_POINT('',#11119);
#3269=VERTEX_POINT('',#11123);
#3270=VERTEX_POINT('',#11127);
#3271=VERTEX_POINT('',#11131);
#3272=VERTEX_POINT('',#11140);
#3273=VERTEX_POINT('',#11151);
#3274=VERTEX_POINT('',#11162);
#3275=VERTEX_POINT('',#11173);
#3276=VERTEX_POINT('',#11179);
#3277=VERTEX_POINT('',#11183);
#3278=VERTEX_POINT('',#11187);
#3279=VERTEX_POINT('',#11196);
#3280=VERTEX_POINT('',#11211);
#3281=VERTEX_POINT('',#11213);
#3282=VERTEX_POINT('',#11217);
#3283=VERTEX_POINT('',#11219);
#3284=VERTEX_POINT('',#11223);
#3285=VERTEX_POINT('',#11225);
#3286=VERTEX_POINT('',#11229);
#3287=VERTEX_POINT('',#11233);
#3288=VERTEX_POINT('',#11235);
#3289=VERTEX_POINT('',#11239);
#3290=VERTEX_POINT('',#11243);
#3291=VERTEX_POINT('',#11245);
#3292=VERTEX_POINT('',#11249);
#3293=VERTEX_POINT('',#11253);
#3294=VERTEX_POINT('',#11257);
#3295=VERTEX_POINT('',#11259);
#3296=VERTEX_POINT('',#11263);
#3297=VERTEX_POINT('',#11265);
#3298=VERTEX_POINT('',#11269);
#3299=VERTEX_POINT('',#11273);
#3300=VERTEX_POINT('',#11275);
#3301=VERTEX_POINT('',#11279);
#3302=VERTEX_POINT('',#11283);
#3303=VERTEX_POINT('',#11285);
#3304=VERTEX_POINT('',#11289);
#3305=VERTEX_POINT('',#11293);
#3306=VERTEX_POINT('',#11297);
#3307=VERTEX_POINT('',#11301);
#3308=VERTEX_POINT('',#11305);
#3309=VERTEX_POINT('',#11309);
#3310=VERTEX_POINT('',#11310);
#3311=VERTEX_POINT('',#11312);
#3312=VERTEX_POINT('',#11314);
#3313=VERTEX_POINT('',#11319);
#3314=VERTEX_POINT('',#11321);
#3315=VERTEX_POINT('',#11325);
#3316=VERTEX_POINT('',#11329);
#3317=VERTEX_POINT('',#11335);
#3318=VERTEX_POINT('',#11336);
#3319=VERTEX_POINT('',#11338);
#3320=VERTEX_POINT('',#11340);
#3321=VERTEX_POINT('',#11342);
#3322=VERTEX_POINT('',#11344);
#3323=VERTEX_POINT('',#11346);
#3324=VERTEX_POINT('',#11348);
#3325=VERTEX_POINT('',#11351);
#3326=VERTEX_POINT('',#11352);
#3327=VERTEX_POINT('',#11354);
#3328=VERTEX_POINT('',#11356);
#3329=VERTEX_POINT('',#11359);
#3330=VERTEX_POINT('',#11361);
#3331=VERTEX_POINT('',#11363);
#3332=VERTEX_POINT('',#11365);
#3333=VERTEX_POINT('',#11366);
#3334=VERTEX_POINT('',#11368);
#3335=VERTEX_POINT('',#11370);
#3336=VERTEX_POINT('',#11373);
#3337=VERTEX_POINT('',#11376);
#3338=VERTEX_POINT('',#11382);
#3339=VERTEX_POINT('',#11386);
#3340=VERTEX_POINT('',#11387);
#3341=VERTEX_POINT('',#11389);
#3342=VERTEX_POINT('',#11391);
#3343=VERTEX_POINT('',#11393);
#3344=VERTEX_POINT('',#11395);
#3345=VERTEX_POINT('',#11397);
#3346=VERTEX_POINT('',#11399);
#3347=VERTEX_POINT('',#11402);
#3348=VERTEX_POINT('',#11404);
#3349=VERTEX_POINT('',#11406);
#3350=VERTEX_POINT('',#11408);
#3351=VERTEX_POINT('',#11413);
#3352=VERTEX_POINT('',#11414);
#3353=VERTEX_POINT('',#11416);
#3354=VERTEX_POINT('',#11420);
#3355=VERTEX_POINT('',#11424);
#3356=VERTEX_POINT('',#11428);
#3357=VERTEX_POINT('',#11432);
#3358=VERTEX_POINT('',#11436);
#3359=VERTEX_POINT('',#11437);
#3360=VERTEX_POINT('',#11441);
#3361=VERTEX_POINT('',#11445);
#3362=VERTEX_POINT('',#11449);
#3363=VERTEX_POINT('',#11453);
#3364=VERTEX_POINT('',#11460);
#3365=VERTEX_POINT('',#11461);
#3366=VERTEX_POINT('',#11465);
#3367=VERTEX_POINT('',#11469);
#3368=VERTEX_POINT('',#11473);
#3369=VERTEX_POINT('',#11477);
#3370=VERTEX_POINT('',#11484);
#3371=VERTEX_POINT('',#11485);
#3372=VERTEX_POINT('',#11489);
#3373=VERTEX_POINT('',#11493);
#3374=VERTEX_POINT('',#11497);
#3375=VERTEX_POINT('',#11501);
#3376=VERTEX_POINT('',#11505);
#3377=VERTEX_POINT('',#11509);
#3378=VERTEX_POINT('',#11513);
#3379=VERTEX_POINT('',#11517);
#3380=VERTEX_POINT('',#11521);
#3381=VERTEX_POINT('',#11529);
#3382=VERTEX_POINT('',#11530);
#3383=VERTEX_POINT('',#11534);
#3384=VERTEX_POINT('',#11538);
#3385=VERTEX_POINT('',#11542);
#3386=VERTEX_POINT('',#11546);
#3387=VERTEX_POINT('',#11550);
#3388=VERTEX_POINT('',#11554);
#3389=VERTEX_POINT('',#11558);
#3390=VERTEX_POINT('',#11562);
#3391=VERTEX_POINT('',#11566);
#3392=VERTEX_POINT('',#11568);
#3393=VERTEX_POINT('',#11576);
#3394=VERTEX_POINT('',#11577);
#3395=VERTEX_POINT('',#11581);
#3396=VERTEX_POINT('',#11585);
#3397=VERTEX_POINT('',#11589);
#3398=VERTEX_POINT('',#11593);
#3399=VERTEX_POINT('',#11613);
#3400=VERTEX_POINT('',#11615);
#3401=VERTEX_POINT('',#11619);
#3402=VERTEX_POINT('',#11623);
#3403=VERTEX_POINT('',#11630);
#3404=VERTEX_POINT('',#11632);
#3405=VERTEX_POINT('',#11636);
#3406=VERTEX_POINT('',#11640);
#3407=VERTEX_POINT('',#11644);
#3408=VERTEX_POINT('',#11648);
#3409=VERTEX_POINT('',#11652);
#3410=VERTEX_POINT('',#11656);
#3411=VERTEX_POINT('',#11673);
#3412=VERTEX_POINT('',#11675);
#3413=VERTEX_POINT('',#11679);
#3414=VERTEX_POINT('',#11683);
#3415=VERTEX_POINT('',#11706);
#3416=VERTEX_POINT('',#11708);
#3417=VERTEX_POINT('',#11717);
#3418=VERTEX_POINT('',#11728);
#3419=VERTEX_POINT('',#11739);
#3420=VERTEX_POINT('',#11750);
#3421=VERTEX_POINT('',#11756);
#3422=VERTEX_POINT('',#11767);
#3423=VERTEX_POINT('',#11769);
#3424=VERTEX_POINT('',#11780);
#3425=VERTEX_POINT('',#11791);
#3426=VERTEX_POINT('',#11802);
#3427=VERTEX_POINT('',#11808);
#3428=VERTEX_POINT('',#11826);
#3429=VERTEX_POINT('',#11828);
#3430=VERTEX_POINT('',#11839);
#3431=VERTEX_POINT('',#11850);
#3432=VERTEX_POINT('',#11861);
#3433=VERTEX_POINT('',#11867);
#3434=VERTEX_POINT('',#11885);
#3435=VERTEX_POINT('',#11887);
#3436=VERTEX_POINT('',#11898);
#3437=VERTEX_POINT('',#11909);
#3438=VERTEX_POINT('',#11920);
#3439=VERTEX_POINT('',#11931);
#3440=VERTEX_POINT('',#11942);
#3441=VERTEX_POINT('',#11953);
#3442=VERTEX_POINT('',#11964);
#3443=VERTEX_POINT('',#11975);
#3444=VERTEX_POINT('',#11986);
#3445=VERTEX_POINT('',#12006);
#3446=VERTEX_POINT('',#12008);
#3447=VERTEX_POINT('',#12019);
#3448=VERTEX_POINT('',#12030);
#3449=VERTEX_POINT('',#12041);
#3450=VERTEX_POINT('',#12052);
#3451=VERTEX_POINT('',#12063);
#3452=VERTEX_POINT('',#12074);
#3453=VERTEX_POINT('',#12085);
#3454=VERTEX_POINT('',#12096);
#3455=VERTEX_POINT('',#12102);
#3456=VERTEX_POINT('',#12111);
#3457=VERTEX_POINT('',#12131);
#3458=VERTEX_POINT('',#12133);
#3459=VERTEX_POINT('',#12144);
#3460=VERTEX_POINT('',#12155);
#3461=VERTEX_POINT('',#12166);
#3462=VERTEX_POINT('',#12172);
#3463=EDGE_CURVE('',#2770,#2771,#1426,.T.);
#3464=EDGE_CURVE('',#2772,#2770,#1427,.T.);
#3465=EDGE_CURVE('',#2773,#2772,#1428,.T.);
#3466=EDGE_CURVE('',#2773,#2774,#1429,.T.);
#3467=EDGE_CURVE('',#2775,#2774,#1430,.T.);
#3468=EDGE_CURVE('',#2776,#2775,#1431,.T.);
#3469=EDGE_CURVE('',#2776,#2777,#1432,.T.);
#3470=EDGE_CURVE('',#2777,#2778,#1433,.T.);
#3471=EDGE_CURVE('',#2778,#2779,#1434,.T.);
#3472=EDGE_CURVE('',#2780,#2779,#1435,.T.);
#3473=EDGE_CURVE('',#2780,#2781,#1436,.T.);
#3474=EDGE_CURVE('',#2781,#2782,#1437,.T.);
#3475=EDGE_CURVE('',#2782,#2783,#1438,.T.);
#3476=EDGE_CURVE('',#2784,#2783,#1439,.T.);
#3477=EDGE_CURVE('',#2785,#2784,#1440,.T.);
#3478=EDGE_CURVE('',#2786,#2785,#1441,.T.);
#3479=EDGE_CURVE('',#2787,#2786,#1442,.T.);
#3480=EDGE_CURVE('',#2787,#2788,#1443,.T.);
#3481=EDGE_CURVE('',#2788,#2789,#1444,.T.);
#3482=EDGE_CURVE('',#2789,#2790,#1445,.T.);
#3483=EDGE_CURVE('',#2791,#2790,#1446,.T.);
#3484=EDGE_CURVE('',#2792,#2791,#1447,.T.);
#3485=EDGE_CURVE('',#2793,#2792,#1448,.T.);
#3486=EDGE_CURVE('',#2794,#2793,#1449,.T.);
#3487=EDGE_CURVE('',#2771,#2794,#1450,.T.);
#3488=EDGE_CURVE('',#2795,#2796,#1451,.T.);
#3489=EDGE_CURVE('',#2797,#2795,#1452,.T.);
#3490=EDGE_CURVE('',#2798,#2797,#1453,.T.);
#3491=EDGE_CURVE('',#2799,#2798,#1454,.T.);
#3492=EDGE_CURVE('',#2799,#2800,#1455,.T.);
#3493=EDGE_CURVE('',#2800,#2801,#1456,.T.);
#3494=EDGE_CURVE('',#2801,#2802,#1457,.T.);
#3495=EDGE_CURVE('',#2803,#2802,#1458,.T.);
#3496=EDGE_CURVE('',#2804,#2803,#1459,.T.);
#3497=EDGE_CURVE('',#2805,#2804,#1460,.T.);
#3498=EDGE_CURVE('',#2806,#2805,#1461,.T.);
#3499=EDGE_CURVE('',#2796,#2806,#1462,.T.);
#3500=EDGE_CURVE('',#2807,#2808,#1463,.T.);
#3501=EDGE_CURVE('',#2809,#2807,#1464,.T.);
#3502=EDGE_CURVE('',#2810,#2809,#1465,.T.);
#3503=EDGE_CURVE('',#2808,#2810,#1466,.T.);
#3504=EDGE_CURVE('',#2811,#2812,#1467,.T.);
#3505=EDGE_CURVE('',#2813,#2812,#1468,.T.);
#3506=EDGE_CURVE('',#2814,#2813,#1469,.T.);
#3507=EDGE_CURVE('',#2795,#2814,#1470,.T.);
#3508=EDGE_CURVE('',#2796,#2811,#1471,.T.);
#3509=EDGE_CURVE('',#2806,#2815,#1472,.T.);
#3510=EDGE_CURVE('',#2811,#2815,#1473,.T.);
#3511=EDGE_CURVE('',#2797,#2816,#1474,.T.);
#3512=EDGE_CURVE('',#2816,#2814,#1475,.T.);
#3513=EDGE_CURVE('',#2815,#2817,#1476,.T.);
#3514=EDGE_CURVE('',#2805,#2818,#1477,.T.);
#3515=EDGE_CURVE('',#2818,#2819,#1478,.T.);
#3516=EDGE_CURVE('',#2817,#2819,#1479,.T.);
#3517=EDGE_CURVE('',#2798,#2816,#1480,.T.);
#3518=EDGE_CURVE('',#2818,#2820,#1481,.T.);
#3519=EDGE_CURVE('',#2803,#2820,#1482,.T.);
#3520=EDGE_CURVE('',#2802,#2821,#1483,.T.);
#3521=EDGE_CURVE('',#2821,#2822,#1484,.T.);
#3522=EDGE_CURVE('',#2799,#2822,#1485,.T.);
#3523=EDGE_CURVE('',#2819,#2813,#1486,.T.);
#3524=EDGE_CURVE('',#2820,#2804,#1487,.T.);
#3525=EDGE_CURVE('',#2822,#2823,#1488,.T.);
#3526=EDGE_CURVE('',#2800,#2823,#1489,.T.);
#3527=EDGE_CURVE('',#2823,#2824,#1490,.T.);
#3528=EDGE_CURVE('',#2801,#2824,#1491,.T.);
#3529=EDGE_CURVE('',#2824,#2821,#1492,.T.);
#3530=EDGE_CURVE('',#2825,#2826,#1493,.T.);
#3531=EDGE_CURVE('',#2826,#2807,#1494,.T.);
#3532=EDGE_CURVE('',#2825,#2808,#1495,.T.);
#3533=EDGE_CURVE('',#2826,#2827,#1496,.T.);
#3534=EDGE_CURVE('',#2827,#2809,#1497,.T.);
#3535=EDGE_CURVE('',#2828,#2825,#1498,.T.);
#3536=EDGE_CURVE('',#2828,#2810,#1499,.T.);
#3537=EDGE_CURVE('',#2827,#2828,#1500,.T.);
#3538=EDGE_CURVE('',#2829,#2830,#1501,.T.);
#3539=EDGE_CURVE('',#2831,#2830,#1502,.T.);
#3540=EDGE_CURVE('',#2832,#2831,#1503,.T.);
#3541=EDGE_CURVE('',#2833,#2832,#1504,.T.);
#3542=EDGE_CURVE('',#2770,#2833,#1505,.T.);
#3543=EDGE_CURVE('',#2771,#2829,#1506,.T.);
#3544=EDGE_CURVE('',#2794,#2834,#1507,.T.);
#3545=EDGE_CURVE('',#2829,#2834,#1508,.T.);
#3546=EDGE_CURVE('',#2835,#2833,#1509,.T.);
#3547=EDGE_CURVE('',#2835,#2836,#1510,.T.);
#3548=EDGE_CURVE('',#2837,#2836,#1511,.T.);
#3549=EDGE_CURVE('',#2772,#2837,#1512,.T.);
#3550=EDGE_CURVE('',#2834,#2838,#1513,.T.);
#3551=EDGE_CURVE('',#2793,#2839,#1514,.T.);
#3552=EDGE_CURVE('',#2839,#2840,#1515,.T.);
#3553=EDGE_CURVE('',#2838,#2840,#1516,.T.);
#3554=EDGE_CURVE('',#2773,#2841,#1517,.T.);
#3555=EDGE_CURVE('',#2841,#2837,#1518,.T.);
#3556=EDGE_CURVE('',#2842,#2843,#1519,.T.);
#3557=EDGE_CURVE('',#2844,#2843,#1520,.T.);
#3558=EDGE_CURVE('',#2845,#2844,#1521,.T.);
#3559=EDGE_CURVE('',#2846,#2845,#1522,.T.);
#3560=EDGE_CURVE('',#2847,#2846,#1523,.T.);
#3561=EDGE_CURVE('',#2848,#2847,#1524,.T.);
#3562=EDGE_CURVE('',#2849,#2848,#1525,.T.);
#3563=EDGE_CURVE('',#2850,#2849,#1526,.T.);
#3564=EDGE_CURVE('',#2851,#2850,#1527,.T.);
#3565=EDGE_CURVE('',#2852,#2851,#1528,.T.);
#3566=EDGE_CURVE('',#2774,#2852,#1529,.T.);
#3567=EDGE_CURVE('',#2853,#2841,#1530,.T.);
#3568=EDGE_CURVE('',#2783,#2853,#1531,.T.);
#3569=EDGE_CURVE('',#2782,#2842,#1532,.T.);
#3570=EDGE_CURVE('',#2854,#2854,#543,.T.);
#3571=EDGE_CURVE('',#2855,#2792,#1533,.T.);
#3572=EDGE_CURVE('',#2839,#2855,#1534,.T.);
#3573=EDGE_CURVE('',#2856,#2857,#1535,.T.);
#3574=EDGE_CURVE('',#2858,#2856,#1536,.T.);
#3575=EDGE_CURVE('',#2858,#2775,#1537,.T.);
#3576=EDGE_CURVE('',#2852,#2857,#1538,.T.);
#3577=EDGE_CURVE('',#2791,#2855,#1539,.T.);
#3578=EDGE_CURVE('',#2859,#2860,#1540,.T.);
#3579=EDGE_CURVE('',#2859,#2776,#1541,.T.);
#3580=EDGE_CURVE('',#2858,#2861,#1542,.T.);
#3581=EDGE_CURVE('',#2862,#2861,#1543,.T.);
#3582=EDGE_CURVE('',#2863,#2862,#1544,.T.);
#3583=EDGE_CURVE('',#2860,#2863,#1545,.T.);
#3584=EDGE_CURVE('',#2790,#2864,#1546,.T.);
#3585=EDGE_CURVE('',#2864,#2865,#1547,.T.);
#3586=EDGE_CURVE('',#2787,#2865,#1548,.T.);
#3587=EDGE_CURVE('',#2786,#2866,#1549,.T.);
#3588=EDGE_CURVE('',#2866,#2832,#1550,.T.);
#3589=EDGE_CURVE('',#2840,#2831,#1551,.T.);
#3590=EDGE_CURVE('',#2867,#2868,#1552,.T.);
#3591=EDGE_CURVE('',#2868,#2869,#1553,.T.);
#3592=EDGE_CURVE('',#2869,#2870,#1554,.T.);
#3593=EDGE_CURVE('',#2870,#2867,#1555,.T.);
#3594=EDGE_CURVE('',#2871,#2859,#1556,.T.);
#3595=EDGE_CURVE('',#2777,#2871,#1557,.T.);
#3596=EDGE_CURVE('',#2789,#2872,#1558,.T.);
#3597=EDGE_CURVE('',#2872,#2864,#1559,.T.);
#3598=EDGE_CURVE('',#2871,#2873,#1560,.T.);
#3599=EDGE_CURVE('',#2778,#2873,#1561,.T.);
#3600=EDGE_CURVE('',#2788,#2874,#1562,.T.);
#3601=EDGE_CURVE('',#2874,#2872,#1563,.T.);
#3602=EDGE_CURVE('',#2873,#2875,#1564,.T.);
#3603=EDGE_CURVE('',#2876,#2875,#1565,.T.);
#3604=EDGE_CURVE('',#2877,#2876,#1566,.T.);
#3605=EDGE_CURVE('',#2878,#2877,#1567,.T.);
#3606=EDGE_CURVE('',#2879,#2878,#1568,.T.);
#3607=EDGE_CURVE('',#2779,#2879,#1569,.T.);
#3608=EDGE_CURVE('',#2865,#2874,#1570,.T.);
#3609=EDGE_CURVE('',#2880,#2879,#1571,.T.);
#3610=EDGE_CURVE('',#2780,#2880,#1572,.T.);
#3611=EDGE_CURVE('',#2870,#2881,#1573,.T.);
#3612=EDGE_CURVE('',#2881,#2882,#1574,.T.);
#3613=EDGE_CURVE('',#2867,#2882,#1575,.T.);
#3614=EDGE_CURVE('',#2880,#2883,#1576,.T.);
#3615=EDGE_CURVE('',#2884,#2883,#1577,.T.);
#3616=EDGE_CURVE('',#2885,#2884,#1578,.T.);
#3617=EDGE_CURVE('',#2885,#2886,#1579,.T.);
#3618=EDGE_CURVE('',#2886,#2887,#1580,.T.);
#3619=EDGE_CURVE('',#2781,#2887,#1581,.T.);
#3620=EDGE_CURVE('',#2785,#2866,#1582,.T.);
#3621=EDGE_CURVE('',#2842,#2887,#1583,.T.);
#3622=EDGE_CURVE('',#2784,#2835,#1584,.T.);
#3623=EDGE_CURVE('',#2836,#2853,#1585,.T.);
#3624=EDGE_CURVE('',#2812,#2817,#1586,.T.);
#3625=EDGE_CURVE('',#2869,#2888,#1587,.T.);
#3626=EDGE_CURVE('',#2888,#2881,#1588,.T.);
#3627=EDGE_CURVE('',#2889,#2890,#1589,.T.);
#3628=EDGE_CURVE('',#2890,#2891,#211,.T.);
#3629=EDGE_CURVE('',#2891,#2892,#212,.T.);
#3630=EDGE_CURVE('',#2892,#2893,#213,.T.);
#3631=EDGE_CURVE('',#2893,#2894,#214,.T.);
#3632=EDGE_CURVE('',#2894,#2895,#215,.T.);
#3633=EDGE_CURVE('',#2895,#2896,#216,.T.);
#3634=EDGE_CURVE('',#2896,#2897,#1590,.T.);
#3635=EDGE_CURVE('',#2897,#2898,#1591,.T.);
#3636=EDGE_CURVE('',#2898,#2899,#1592,.T.);
#3637=EDGE_CURVE('',#2899,#2900,#1593,.T.);
#3638=EDGE_CURVE('',#2900,#2901,#1594,.T.);
#3639=EDGE_CURVE('',#2901,#2902,#1595,.T.);
#3640=EDGE_CURVE('',#2902,#2889,#1596,.T.);
#3641=EDGE_CURVE('',#2903,#2904,#217,.T.);
#3642=EDGE_CURVE('',#2904,#2905,#218,.T.);
#3643=EDGE_CURVE('',#2905,#2906,#219,.T.);
#3644=EDGE_CURVE('',#2906,#2907,#220,.T.);
#3645=EDGE_CURVE('',#2907,#2908,#1597,.T.);
#3646=EDGE_CURVE('',#2908,#2909,#1598,.T.);
#3647=EDGE_CURVE('',#2909,#2910,#221,.T.);
#3648=EDGE_CURVE('',#2910,#2911,#222,.T.);
#3649=EDGE_CURVE('',#2911,#2912,#223,.T.);
#3650=EDGE_CURVE('',#2912,#2913,#224,.T.);
#3651=EDGE_CURVE('',#2913,#2914,#1599,.T.);
#3652=EDGE_CURVE('',#2914,#2915,#225,.T.);
#3653=EDGE_CURVE('',#2915,#2916,#226,.T.);
#3654=EDGE_CURVE('',#2916,#2917,#227,.T.);
#3655=EDGE_CURVE('',#2917,#2918,#228,.T.);
#3656=EDGE_CURVE('',#2918,#2919,#229,.T.);
#3657=EDGE_CURVE('',#2919,#2920,#230,.T.);
#3658=EDGE_CURVE('',#2920,#2903,#231,.T.);
#3659=EDGE_CURVE('',#2921,#2922,#232,.T.);
#3660=EDGE_CURVE('',#2922,#2923,#233,.T.);
#3661=EDGE_CURVE('',#2923,#2924,#234,.T.);
#3662=EDGE_CURVE('',#2924,#2925,#235,.T.);
#3663=EDGE_CURVE('',#2925,#2926,#236,.T.);
#3664=EDGE_CURVE('',#2926,#2927,#237,.T.);
#3665=EDGE_CURVE('',#2927,#2928,#1600,.T.);
#3666=EDGE_CURVE('',#2928,#2929,#238,.T.);
#3667=EDGE_CURVE('',#2929,#2930,#239,.T.);
#3668=EDGE_CURVE('',#2930,#2931,#240,.T.);
#3669=EDGE_CURVE('',#2931,#2932,#241,.T.);
#3670=EDGE_CURVE('',#2932,#2933,#242,.T.);
#3671=EDGE_CURVE('',#2933,#2934,#243,.T.);
#3672=EDGE_CURVE('',#2934,#2935,#244,.T.);
#3673=EDGE_CURVE('',#2935,#2936,#245,.T.);
#3674=EDGE_CURVE('',#2936,#2937,#246,.T.);
#3675=EDGE_CURVE('',#2937,#2938,#247,.T.);
#3676=EDGE_CURVE('',#2938,#2939,#248,.T.);
#3677=EDGE_CURVE('',#2939,#2940,#249,.T.);
#3678=EDGE_CURVE('',#2940,#2941,#250,.T.);
#3679=EDGE_CURVE('',#2941,#2942,#251,.T.);
#3680=EDGE_CURVE('',#2942,#2943,#1601,.T.);
#3681=EDGE_CURVE('',#2943,#2944,#252,.T.);
#3682=EDGE_CURVE('',#2944,#2945,#253,.T.);
#3683=EDGE_CURVE('',#2945,#2946,#254,.T.);
#3684=EDGE_CURVE('',#2946,#2947,#255,.T.);
#3685=EDGE_CURVE('',#2947,#2948,#256,.T.);
#3686=EDGE_CURVE('',#2948,#2949,#257,.T.);
#3687=EDGE_CURVE('',#2949,#2950,#258,.T.);
#3688=EDGE_CURVE('',#2950,#2951,#259,.T.);
#3689=EDGE_CURVE('',#2951,#2921,#260,.T.);
#3690=EDGE_CURVE('',#2952,#2953,#261,.T.);
#3691=EDGE_CURVE('',#2953,#2954,#262,.T.);
#3692=EDGE_CURVE('',#2954,#2955,#263,.T.);
#3693=EDGE_CURVE('',#2955,#2956,#264,.T.);
#3694=EDGE_CURVE('',#2956,#2957,#1602,.T.);
#3695=EDGE_CURVE('',#2957,#2958,#1603,.T.);
#3696=EDGE_CURVE('',#2958,#2959,#265,.T.);
#3697=EDGE_CURVE('',#2959,#2960,#266,.T.);
#3698=EDGE_CURVE('',#2960,#2961,#267,.T.);
#3699=EDGE_CURVE('',#2961,#2962,#268,.T.);
#3700=EDGE_CURVE('',#2962,#2963,#1604,.T.);
#3701=EDGE_CURVE('',#2963,#2964,#269,.T.);
#3702=EDGE_CURVE('',#2964,#2965,#270,.T.);
#3703=EDGE_CURVE('',#2965,#2966,#271,.T.);
#3704=EDGE_CURVE('',#2966,#2967,#272,.T.);
#3705=EDGE_CURVE('',#2967,#2968,#273,.T.);
#3706=EDGE_CURVE('',#2968,#2969,#274,.T.);
#3707=EDGE_CURVE('',#2969,#2952,#275,.T.);
#3708=EDGE_CURVE('',#2970,#2971,#276,.T.);
#3709=EDGE_CURVE('',#2971,#2972,#277,.T.);
#3710=EDGE_CURVE('',#2972,#2973,#278,.T.);
#3711=EDGE_CURVE('',#2973,#2974,#1605,.T.);
#3712=EDGE_CURVE('',#2974,#2975,#279,.T.);
#3713=EDGE_CURVE('',#2975,#2976,#280,.T.);
#3714=EDGE_CURVE('',#2976,#2977,#281,.T.);
#3715=EDGE_CURVE('',#2977,#2978,#282,.T.);
#3716=EDGE_CURVE('',#2978,#2979,#283,.T.);
#3717=EDGE_CURVE('',#2979,#2980,#1606,.T.);
#3718=EDGE_CURVE('',#2980,#2981,#1607,.T.);
#3719=EDGE_CURVE('',#2981,#2982,#1608,.T.);
#3720=EDGE_CURVE('',#2982,#2983,#1609,.T.);
#3721=EDGE_CURVE('',#2983,#2984,#1610,.T.);
#3722=EDGE_CURVE('',#2984,#2985,#1611,.T.);
#3723=EDGE_CURVE('',#2985,#2986,#1612,.T.);
#3724=EDGE_CURVE('',#2986,#2987,#1613,.T.);
#3725=EDGE_CURVE('',#2987,#2988,#1614,.T.);
#3726=EDGE_CURVE('',#2988,#2989,#1615,.T.);
#3727=EDGE_CURVE('',#2989,#2990,#1616,.T.);
#3728=EDGE_CURVE('',#2990,#2970,#284,.T.);
#3729=EDGE_CURVE('',#2991,#2991,#544,.T.);
#3730=EDGE_CURVE('',#2992,#2993,#285,.T.);
#3731=EDGE_CURVE('',#2993,#2994,#286,.T.);
#3732=EDGE_CURVE('',#2994,#2995,#287,.T.);
#3733=EDGE_CURVE('',#2995,#2996,#288,.T.);
#3734=EDGE_CURVE('',#2996,#2997,#289,.T.);
#3735=EDGE_CURVE('',#2997,#2998,#290,.T.);
#3736=EDGE_CURVE('',#2998,#2999,#291,.T.);
#3737=EDGE_CURVE('',#2999,#3000,#292,.T.);
#3738=EDGE_CURVE('',#3000,#3001,#293,.T.);
#3739=EDGE_CURVE('',#3001,#3002,#294,.T.);
#3740=EDGE_CURVE('',#3002,#3003,#295,.T.);
#3741=EDGE_CURVE('',#3003,#3004,#296,.T.);
#3742=EDGE_CURVE('',#3004,#3005,#297,.T.);
#3743=EDGE_CURVE('',#3005,#2992,#298,.T.);
#3744=EDGE_CURVE('',#3006,#3007,#299,.T.);
#3745=EDGE_CURVE('',#3007,#3008,#300,.T.);
#3746=EDGE_CURVE('',#3008,#3009,#301,.T.);
#3747=EDGE_CURVE('',#3009,#3010,#302,.T.);
#3748=EDGE_CURVE('',#3010,#3011,#303,.T.);
#3749=EDGE_CURVE('',#3011,#3012,#304,.T.);
#3750=EDGE_CURVE('',#3012,#3013,#305,.T.);
#3751=EDGE_CURVE('',#3013,#3014,#306,.T.);
#3752=EDGE_CURVE('',#3014,#3015,#307,.T.);
#3753=EDGE_CURVE('',#3015,#3016,#1617,.T.);
#3754=EDGE_CURVE('',#3016,#3017,#308,.T.);
#3755=EDGE_CURVE('',#3017,#3018,#309,.T.);
#3756=EDGE_CURVE('',#3018,#3019,#1618,.T.);
#3757=EDGE_CURVE('',#3019,#3020,#1619,.T.);
#3758=EDGE_CURVE('',#3020,#3021,#1620,.T.);
#3759=EDGE_CURVE('',#3021,#3022,#1621,.T.);
#3760=EDGE_CURVE('',#3022,#3023,#1622,.T.);
#3761=EDGE_CURVE('',#3023,#3024,#1623,.T.);
#3762=EDGE_CURVE('',#3024,#3025,#310,.T.);
#3763=EDGE_CURVE('',#3025,#3006,#311,.T.);
#3764=EDGE_CURVE('',#3026,#3027,#312,.T.);
#3765=EDGE_CURVE('',#3027,#3028,#313,.T.);
#3766=EDGE_CURVE('',#3028,#3029,#314,.T.);
#3767=EDGE_CURVE('',#3029,#3030,#315,.T.);
#3768=EDGE_CURVE('',#3030,#3031,#1624,.T.);
#3769=EDGE_CURVE('',#3031,#3032,#1625,.T.);
#3770=EDGE_CURVE('',#3032,#3033,#316,.T.);
#3771=EDGE_CURVE('',#3033,#3034,#317,.T.);
#3772=EDGE_CURVE('',#3034,#3035,#318,.T.);
#3773=EDGE_CURVE('',#3035,#3036,#319,.T.);
#3774=EDGE_CURVE('',#3036,#3037,#1626,.T.);
#3775=EDGE_CURVE('',#3037,#3038,#320,.T.);
#3776=EDGE_CURVE('',#3038,#3039,#321,.T.);
#3777=EDGE_CURVE('',#3039,#3040,#322,.T.);
#3778=EDGE_CURVE('',#3040,#3041,#323,.T.);
#3779=EDGE_CURVE('',#3041,#3042,#324,.T.);
#3780=EDGE_CURVE('',#3042,#3043,#325,.T.);
#3781=EDGE_CURVE('',#3043,#3026,#326,.T.);
#3782=EDGE_CURVE('',#3044,#3045,#327,.T.);
#3783=EDGE_CURVE('',#3045,#3046,#328,.T.);
#3784=EDGE_CURVE('',#3046,#3047,#329,.T.);
#3785=EDGE_CURVE('',#3047,#3048,#1627,.T.);
#3786=EDGE_CURVE('',#3048,#3049,#1628,.T.);
#3787=EDGE_CURVE('',#3049,#3050,#1629,.T.);
#3788=EDGE_CURVE('',#3050,#3051,#330,.T.);
#3789=EDGE_CURVE('',#3051,#3052,#331,.T.);
#3790=EDGE_CURVE('',#3052,#3053,#332,.T.);
#3791=EDGE_CURVE('',#3053,#3054,#333,.T.);
#3792=EDGE_CURVE('',#3054,#3055,#1630,.T.);
#3793=EDGE_CURVE('',#3055,#3056,#1631,.T.);
#3794=EDGE_CURVE('',#3056,#3057,#1632,.T.);
#3795=EDGE_CURVE('',#3057,#3058,#1633,.T.);
#3796=EDGE_CURVE('',#3058,#3059,#1634,.T.);
#3797=EDGE_CURVE('',#3059,#3060,#1635,.T.);
#3798=EDGE_CURVE('',#3060,#3061,#334,.T.);
#3799=EDGE_CURVE('',#3061,#3044,#335,.T.);
#3800=EDGE_CURVE('',#2830,#2838,#1636,.T.);
#3801=EDGE_CURVE('',#3062,#3062,#545,.T.);
#3802=EDGE_CURVE('',#3063,#2860,#1637,.T.);
#3803=EDGE_CURVE('',#3064,#3063,#1638,.T.);
#3804=EDGE_CURVE('',#2843,#3064,#1639,.T.);
#3805=EDGE_CURVE('',#2875,#2886,#1640,.T.);
#3806=EDGE_CURVE('',#3065,#3066,#1641,.T.);
#3807=EDGE_CURVE('',#3067,#3065,#1642,.T.);
#3808=EDGE_CURVE('',#3068,#3067,#1643,.T.);
#3809=EDGE_CURVE('',#3069,#3068,#1644,.T.);
#3810=EDGE_CURVE('',#3070,#3069,#1645,.T.);
#3811=EDGE_CURVE('',#3070,#3071,#1646,.T.);
#3812=EDGE_CURVE('',#3071,#3072,#1647,.T.);
#3813=EDGE_CURVE('',#3072,#3066,#1648,.T.);
#3814=EDGE_CURVE('',#3073,#3074,#1649,.T.);
#3815=EDGE_CURVE('',#3075,#3073,#1650,.T.);
#3816=EDGE_CURVE('',#3076,#3075,#1651,.T.);
#3817=EDGE_CURVE('',#3077,#3076,#1652,.T.);
#3818=EDGE_CURVE('',#3078,#3077,#1653,.T.);
#3819=EDGE_CURVE('',#3078,#3079,#1654,.T.);
#3820=EDGE_CURVE('',#3079,#3080,#1655,.T.);
#3821=EDGE_CURVE('',#3080,#3074,#1656,.T.);
#3822=EDGE_CURVE('',#3081,#3064,#1657,.T.);
#3823=EDGE_CURVE('',#3081,#3082,#546,.T.);
#3824=EDGE_CURVE('',#3082,#3083,#1658,.T.);
#3825=EDGE_CURVE('',#3083,#3084,#1659,.T.);
#3826=EDGE_CURVE('',#2862,#3084,#1660,.T.);
#3827=EDGE_CURVE('',#2861,#3085,#1661,.T.);
#3828=EDGE_CURVE('',#3086,#3085,#1662,.T.);
#3829=EDGE_CURVE('',#2851,#3086,#1663,.T.);
#3830=EDGE_CURVE('',#2851,#3087,#1664,.T.);
#3831=EDGE_CURVE('',#3088,#3087,#1665,.T.);
#3832=EDGE_CURVE('',#2844,#3088,#1666,.T.);
#3833=EDGE_CURVE('',#2845,#3089,#1667,.T.);
#3834=EDGE_CURVE('',#3089,#3088,#1668,.T.);
#3835=EDGE_CURVE('',#2850,#3090,#1669,.T.);
#3836=EDGE_CURVE('',#2849,#3091,#1670,.T.);
#3837=EDGE_CURVE('',#3092,#3091,#1671,.T.);
#3838=EDGE_CURVE('',#2846,#3092,#1672,.T.);
#3839=EDGE_CURVE('',#3090,#3089,#1673,.T.);
#3840=EDGE_CURVE('',#3093,#3094,#1674,.T.);
#3841=EDGE_CURVE('',#3095,#3093,#1675,.T.);
#3842=EDGE_CURVE('',#3096,#3095,#1676,.T.);
#3843=EDGE_CURVE('',#3094,#3096,#1677,.T.);
#3844=EDGE_CURVE('',#2847,#3097,#1678,.T.);
#3845=EDGE_CURVE('',#3097,#3092,#1679,.T.);
#3846=EDGE_CURVE('',#2848,#3098,#1680,.T.);
#3847=EDGE_CURVE('',#3098,#3097,#1681,.T.);
#3848=EDGE_CURVE('',#3091,#3098,#1682,.T.);
#3849=EDGE_CURVE('',#2857,#3086,#1683,.T.);
#3850=EDGE_CURVE('',#3087,#3090,#1684,.T.);
#3851=EDGE_CURVE('',#3099,#3099,#547,.T.);
#3852=EDGE_CURVE('',#2856,#3085,#1685,.T.);
#3853=EDGE_CURVE('',#3100,#3101,#1686,.T.);
#3854=EDGE_CURVE('',#3102,#3100,#548,.T.);
#3855=EDGE_CURVE('',#3102,#3103,#1687,.T.);
#3856=EDGE_CURVE('',#3103,#2863,#1688,.T.);
#3857=EDGE_CURVE('',#3084,#3101,#1689,.T.);
#3858=EDGE_CURVE('',#3063,#3103,#1690,.T.);
#3859=EDGE_CURVE('',#2882,#3104,#1691,.T.);
#3860=EDGE_CURVE('',#2868,#3104,#1692,.T.);
#3861=EDGE_CURVE('',#3105,#2868,#188,.T.);
#3862=EDGE_CURVE('',#3105,#3106,#1693,.T.);
#3863=EDGE_CURVE('',#3106,#2869,#189,.T.);
#3864=EDGE_CURVE('',#2883,#2878,#1694,.T.);
#3865=EDGE_CURVE('',#2877,#2884,#1695,.T.);
#3866=EDGE_CURVE('',#2876,#2885,#1696,.T.);
#3867=EDGE_CURVE('',#3104,#2888,#1697,.T.);
#3868=EDGE_CURVE('',#3106,#3107,#1698,.T.);
#3869=EDGE_CURVE('',#3107,#2888,#190,.T.);
#3870=EDGE_CURVE('',#2889,#3108,#1699,.T.);
#3871=EDGE_CURVE('',#3108,#3109,#1700,.T.);
#3872=EDGE_CURVE('',#2890,#3109,#1701,.T.);
#3873=EDGE_CURVE('',#2902,#3110,#1702,.T.);
#3874=EDGE_CURVE('',#3110,#3108,#1703,.T.);
#3875=EDGE_CURVE('',#3109,#3111,#336,.T.);
#3876=EDGE_CURVE('',#2891,#3111,#1704,.T.);
#3877=EDGE_CURVE('',#2901,#3112,#1705,.T.);
#3878=EDGE_CURVE('',#3112,#3110,#1706,.T.);
#3879=EDGE_CURVE('',#3111,#3113,#337,.T.);
#3880=EDGE_CURVE('',#2892,#3113,#1707,.T.);
#3881=EDGE_CURVE('',#2900,#3114,#1708,.T.);
#3882=EDGE_CURVE('',#3114,#3112,#1709,.T.);
#3883=EDGE_CURVE('',#3113,#3115,#338,.T.);
#3884=EDGE_CURVE('',#2893,#3115,#1710,.T.);
#3885=EDGE_CURVE('',#2899,#3116,#1711,.T.);
#3886=EDGE_CURVE('',#3116,#3114,#1712,.T.);
#3887=EDGE_CURVE('',#3115,#3117,#339,.T.);
#3888=EDGE_CURVE('',#2894,#3117,#1713,.T.);
#3889=EDGE_CURVE('',#2898,#3118,#1714,.T.);
#3890=EDGE_CURVE('',#3118,#3116,#1715,.T.);
#3891=EDGE_CURVE('',#3117,#3119,#340,.T.);
#3892=EDGE_CURVE('',#2895,#3119,#1716,.T.);
#3893=EDGE_CURVE('',#2897,#3120,#1717,.T.);
#3894=EDGE_CURVE('',#3120,#3118,#1718,.T.);
#3895=EDGE_CURVE('',#3119,#3121,#341,.T.);
#3896=EDGE_CURVE('',#2896,#3121,#1719,.T.);
#3897=EDGE_CURVE('',#3121,#3120,#1720,.T.);
#3898=EDGE_CURVE('',#2903,#3122,#1721,.T.);
#3899=EDGE_CURVE('',#3122,#3123,#342,.T.);
#3900=EDGE_CURVE('',#2904,#3123,#1722,.T.);
#3901=EDGE_CURVE('',#2920,#3124,#1723,.T.);
#3902=EDGE_CURVE('',#3124,#3122,#343,.T.);
#3903=EDGE_CURVE('',#3123,#3125,#344,.T.);
#3904=EDGE_CURVE('',#2905,#3125,#1724,.T.);
#3905=EDGE_CURVE('',#2919,#3126,#1725,.T.);
#3906=EDGE_CURVE('',#3126,#3124,#345,.T.);
#3907=EDGE_CURVE('',#3125,#3127,#346,.T.);
#3908=EDGE_CURVE('',#2906,#3127,#1726,.T.);
#3909=EDGE_CURVE('',#2918,#3128,#1727,.T.);
#3910=EDGE_CURVE('',#3128,#3126,#347,.T.);
#3911=EDGE_CURVE('',#3127,#3129,#348,.T.);
#3912=EDGE_CURVE('',#2907,#3129,#1728,.T.);
#3913=EDGE_CURVE('',#2917,#3130,#1729,.T.);
#3914=EDGE_CURVE('',#3130,#3128,#349,.T.);
#3915=EDGE_CURVE('',#3129,#3131,#1730,.T.);
#3916=EDGE_CURVE('',#2908,#3131,#1731,.T.);
#3917=EDGE_CURVE('',#2916,#3132,#1732,.T.);
#3918=EDGE_CURVE('',#3132,#3130,#350,.T.);
#3919=EDGE_CURVE('',#3131,#3133,#1733,.T.);
#3920=EDGE_CURVE('',#2909,#3133,#1734,.T.);
#3921=EDGE_CURVE('',#2915,#3134,#1735,.T.);
#3922=EDGE_CURVE('',#3134,#3132,#351,.T.);
#3923=EDGE_CURVE('',#3133,#3135,#352,.T.);
#3924=EDGE_CURVE('',#2910,#3135,#1736,.T.);
#3925=EDGE_CURVE('',#2914,#3136,#1737,.T.);
#3926=EDGE_CURVE('',#3136,#3134,#353,.T.);
#3927=EDGE_CURVE('',#3135,#3137,#354,.T.);
#3928=EDGE_CURVE('',#2911,#3137,#1738,.T.);
#3929=EDGE_CURVE('',#2913,#3138,#1739,.T.);
#3930=EDGE_CURVE('',#3138,#3136,#1740,.T.);
#3931=EDGE_CURVE('',#3137,#3139,#355,.T.);
#3932=EDGE_CURVE('',#2912,#3139,#1741,.T.);
#3933=EDGE_CURVE('',#3139,#3138,#356,.T.);
#3934=EDGE_CURVE('',#2921,#3140,#1742,.T.);
#3935=EDGE_CURVE('',#3140,#3141,#357,.T.);
#3936=EDGE_CURVE('',#2922,#3141,#1743,.T.);
#3937=EDGE_CURVE('',#2951,#3142,#1744,.T.);
#3938=EDGE_CURVE('',#3142,#3140,#358,.T.);
#3939=EDGE_CURVE('',#3141,#3143,#359,.T.);
#3940=EDGE_CURVE('',#2923,#3143,#1745,.T.);
#3941=EDGE_CURVE('',#2950,#3144,#1746,.T.);
#3942=EDGE_CURVE('',#3144,#3142,#360,.T.);
#3943=EDGE_CURVE('',#3143,#3145,#361,.T.);
#3944=EDGE_CURVE('',#2924,#3145,#1747,.T.);
#3945=EDGE_CURVE('',#2949,#3146,#1748,.T.);
#3946=EDGE_CURVE('',#3146,#3144,#362,.T.);
#3947=EDGE_CURVE('',#3145,#3147,#363,.T.);
#3948=EDGE_CURVE('',#2925,#3147,#1749,.T.);
#3949=EDGE_CURVE('',#2948,#3148,#1750,.T.);
#3950=EDGE_CURVE('',#3148,#3146,#364,.T.);
#3951=EDGE_CURVE('',#3147,#3149,#365,.T.);
#3952=EDGE_CURVE('',#2926,#3149,#1751,.T.);
#3953=EDGE_CURVE('',#2947,#3150,#1752,.T.);
#3954=EDGE_CURVE('',#3150,#3148,#366,.T.);
#3955=EDGE_CURVE('',#3149,#3151,#367,.T.);
#3956=EDGE_CURVE('',#2927,#3151,#1753,.T.);
#3957=EDGE_CURVE('',#2946,#3152,#1754,.T.);
#3958=EDGE_CURVE('',#3152,#3150,#368,.T.);
#3959=EDGE_CURVE('',#3151,#3153,#1755,.T.);
#3960=EDGE_CURVE('',#2928,#3153,#1756,.T.);
#3961=EDGE_CURVE('',#2945,#3154,#1757,.T.);
#3962=EDGE_CURVE('',#3154,#3152,#369,.T.);
#3963=EDGE_CURVE('',#3153,#3155,#370,.T.);
#3964=EDGE_CURVE('',#2929,#3155,#1758,.T.);
#3965=EDGE_CURVE('',#2944,#3156,#1759,.T.);
#3966=EDGE_CURVE('',#3156,#3154,#371,.T.);
#3967=EDGE_CURVE('',#3155,#3157,#372,.T.);
#3968=EDGE_CURVE('',#2930,#3157,#1760,.T.);
#3969=EDGE_CURVE('',#2943,#3158,#1761,.T.);
#3970=EDGE_CURVE('',#3158,#3156,#373,.T.);
#3971=EDGE_CURVE('',#3157,#3159,#374,.T.);
#3972=EDGE_CURVE('',#2931,#3159,#1762,.T.);
#3973=EDGE_CURVE('',#2942,#3160,#1763,.T.);
#3974=EDGE_CURVE('',#3160,#3158,#1764,.T.);
#3975=EDGE_CURVE('',#3159,#3161,#375,.T.);
#3976=EDGE_CURVE('',#2932,#3161,#1765,.T.);
#3977=EDGE_CURVE('',#2941,#3162,#1766,.T.);
#3978=EDGE_CURVE('',#3162,#3160,#376,.T.);
#3979=EDGE_CURVE('',#3161,#3163,#377,.T.);
#3980=EDGE_CURVE('',#2933,#3163,#1767,.T.);
#3981=EDGE_CURVE('',#2940,#3164,#1768,.T.);
#3982=EDGE_CURVE('',#3164,#3162,#378,.T.);
#3983=EDGE_CURVE('',#3163,#3165,#379,.T.);
#3984=EDGE_CURVE('',#2934,#3165,#1769,.T.);
#3985=EDGE_CURVE('',#2939,#3166,#1770,.T.);
#3986=EDGE_CURVE('',#3166,#3164,#380,.T.);
#3987=EDGE_CURVE('',#3165,#3167,#381,.T.);
#3988=EDGE_CURVE('',#2935,#3167,#1771,.T.);
#3989=EDGE_CURVE('',#2938,#3168,#1772,.T.);
#3990=EDGE_CURVE('',#3168,#3166,#382,.T.);
#3991=EDGE_CURVE('',#3167,#3169,#383,.T.);
#3992=EDGE_CURVE('',#2936,#3169,#1773,.T.);
#3993=EDGE_CURVE('',#2937,#3170,#1774,.T.);
#3994=EDGE_CURVE('',#3170,#3168,#384,.T.);
#3995=EDGE_CURVE('',#3169,#3170,#385,.T.);
#3996=EDGE_CURVE('',#2952,#3171,#1775,.T.);
#3997=EDGE_CURVE('',#3171,#3172,#386,.T.);
#3998=EDGE_CURVE('',#2953,#3172,#1776,.T.);
#3999=EDGE_CURVE('',#2969,#3173,#1777,.T.);
#4000=EDGE_CURVE('',#3173,#3171,#387,.T.);
#4001=EDGE_CURVE('',#3172,#3174,#388,.T.);
#4002=EDGE_CURVE('',#2954,#3174,#1778,.T.);
#4003=EDGE_CURVE('',#2968,#3175,#1779,.T.);
#4004=EDGE_CURVE('',#3175,#3173,#389,.T.);
#4005=EDGE_CURVE('',#3174,#3176,#390,.T.);
#4006=EDGE_CURVE('',#2955,#3176,#1780,.T.);
#4007=EDGE_CURVE('',#2967,#3177,#1781,.T.);
#4008=EDGE_CURVE('',#3177,#3175,#391,.T.);
#4009=EDGE_CURVE('',#3176,#3178,#392,.T.);
#4010=EDGE_CURVE('',#2956,#3178,#1782,.T.);
#4011=EDGE_CURVE('',#2966,#3179,#1783,.T.);
#4012=EDGE_CURVE('',#3179,#3177,#393,.T.);
#4013=EDGE_CURVE('',#3178,#3180,#1784,.T.);
#4014=EDGE_CURVE('',#2957,#3180,#1785,.T.);
#4015=EDGE_CURVE('',#2965,#3181,#1786,.T.);
#4016=EDGE_CURVE('',#3181,#3179,#394,.T.);
#4017=EDGE_CURVE('',#3180,#3182,#1787,.T.);
#4018=EDGE_CURVE('',#2958,#3182,#1788,.T.);
#4019=EDGE_CURVE('',#2964,#3183,#1789,.T.);
#4020=EDGE_CURVE('',#3183,#3181,#395,.T.);
#4021=EDGE_CURVE('',#3182,#3184,#396,.T.);
#4022=EDGE_CURVE('',#2959,#3184,#1790,.T.);
#4023=EDGE_CURVE('',#2963,#3185,#1791,.T.);
#4024=EDGE_CURVE('',#3185,#3183,#397,.T.);
#4025=EDGE_CURVE('',#3184,#3186,#398,.T.);
#4026=EDGE_CURVE('',#2960,#3186,#1792,.T.);
#4027=EDGE_CURVE('',#2962,#3187,#1793,.T.);
#4028=EDGE_CURVE('',#3187,#3185,#1794,.T.);
#4029=EDGE_CURVE('',#3186,#3188,#399,.T.);
#4030=EDGE_CURVE('',#2961,#3188,#1795,.T.);
#4031=EDGE_CURVE('',#3188,#3187,#400,.T.);
#4032=EDGE_CURVE('',#2970,#3189,#1796,.T.);
#4033=EDGE_CURVE('',#3189,#3190,#401,.T.);
#4034=EDGE_CURVE('',#2971,#3190,#1797,.T.);
#4035=EDGE_CURVE('',#2990,#3191,#1798,.T.);
#4036=EDGE_CURVE('',#3191,#3189,#402,.T.);
#4037=EDGE_CURVE('',#3190,#3192,#403,.T.);
#4038=EDGE_CURVE('',#2972,#3192,#1799,.T.);
#4039=EDGE_CURVE('',#2989,#3193,#1800,.T.);
#4040=EDGE_CURVE('',#3193,#3191,#1801,.T.);
#4041=EDGE_CURVE('',#3192,#3194,#404,.T.);
#4042=EDGE_CURVE('',#2973,#3194,#1802,.T.);
#4043=EDGE_CURVE('',#2988,#3195,#1803,.T.);
#4044=EDGE_CURVE('',#3195,#3193,#1804,.T.);
#4045=EDGE_CURVE('',#3194,#3196,#1805,.T.);
#4046=EDGE_CURVE('',#2974,#3196,#1806,.T.);
#4047=EDGE_CURVE('',#2987,#3197,#1807,.T.);
#4048=EDGE_CURVE('',#3197,#3195,#1808,.T.);
#4049=EDGE_CURVE('',#3196,#3198,#405,.T.);
#4050=EDGE_CURVE('',#2975,#3198,#1809,.T.);
#4051=EDGE_CURVE('',#2986,#3199,#1810,.T.);
#4052=EDGE_CURVE('',#3199,#3197,#1811,.T.);
#4053=EDGE_CURVE('',#3198,#3200,#406,.T.);
#4054=EDGE_CURVE('',#2976,#3200,#1812,.T.);
#4055=EDGE_CURVE('',#2985,#3201,#1813,.T.);
#4056=EDGE_CURVE('',#3201,#3199,#1814,.T.);
#4057=EDGE_CURVE('',#3200,#3202,#407,.T.);
#4058=EDGE_CURVE('',#2977,#3202,#1815,.T.);
#4059=EDGE_CURVE('',#2984,#3203,#1816,.T.);
#4060=EDGE_CURVE('',#3203,#3201,#1817,.T.);
#4061=EDGE_CURVE('',#3202,#3204,#408,.T.);
#4062=EDGE_CURVE('',#2978,#3204,#1818,.T.);
#4063=EDGE_CURVE('',#2983,#3205,#1819,.T.);
#4064=EDGE_CURVE('',#3205,#3203,#1820,.T.);
#4065=EDGE_CURVE('',#3204,#3206,#409,.T.);
#4066=EDGE_CURVE('',#2979,#3206,#1821,.T.);
#4067=EDGE_CURVE('',#2982,#3207,#1822,.T.);
#4068=EDGE_CURVE('',#3207,#3205,#1823,.T.);
#4069=EDGE_CURVE('',#3206,#3208,#1824,.T.);
#4070=EDGE_CURVE('',#2980,#3208,#1825,.T.);
#4071=EDGE_CURVE('',#2981,#3209,#1826,.T.);
#4072=EDGE_CURVE('',#3209,#3207,#1827,.T.);
#4073=EDGE_CURVE('',#3208,#3209,#1828,.T.);
#4074=EDGE_CURVE('',#2992,#3210,#1829,.T.);
#4075=EDGE_CURVE('',#3210,#3211,#410,.T.);
#4076=EDGE_CURVE('',#2993,#3211,#1830,.T.);
#4077=EDGE_CURVE('',#3005,#3212,#1831,.T.);
#4078=EDGE_CURVE('',#3212,#3210,#411,.T.);
#4079=EDGE_CURVE('',#3004,#3213,#1832,.T.);
#4080=EDGE_CURVE('',#3213,#3212,#412,.T.);
#4081=EDGE_CURVE('',#3003,#3214,#1833,.T.);
#4082=EDGE_CURVE('',#3214,#3213,#413,.T.);
#4083=EDGE_CURVE('',#3002,#3215,#1834,.T.);
#4084=EDGE_CURVE('',#3215,#3214,#414,.T.);
#4085=EDGE_CURVE('',#3001,#3216,#1835,.T.);
#4086=EDGE_CURVE('',#3216,#3215,#415,.T.);
#4087=EDGE_CURVE('',#3000,#3217,#1836,.T.);
#4088=EDGE_CURVE('',#3217,#3216,#416,.T.);
#4089=EDGE_CURVE('',#2999,#3218,#1837,.T.);
#4090=EDGE_CURVE('',#3218,#3217,#417,.T.);
#4091=EDGE_CURVE('',#2998,#3219,#1838,.T.);
#4092=EDGE_CURVE('',#3219,#3218,#418,.T.);
#4093=EDGE_CURVE('',#2997,#3220,#1839,.T.);
#4094=EDGE_CURVE('',#3220,#3219,#419,.T.);
#4095=EDGE_CURVE('',#2996,#3221,#1840,.T.);
#4096=EDGE_CURVE('',#3221,#3220,#420,.T.);
#4097=EDGE_CURVE('',#2995,#3222,#1841,.T.);
#4098=EDGE_CURVE('',#3222,#3221,#421,.T.);
#4099=EDGE_CURVE('',#2994,#3223,#1842,.T.);
#4100=EDGE_CURVE('',#3223,#3222,#422,.T.);
#4101=EDGE_CURVE('',#3211,#3223,#423,.T.);
#4102=EDGE_CURVE('',#3006,#3224,#1843,.T.);
#4103=EDGE_CURVE('',#3224,#3225,#424,.T.);
#4104=EDGE_CURVE('',#3007,#3225,#1844,.T.);
#4105=EDGE_CURVE('',#3025,#3226,#1845,.T.);
#4106=EDGE_CURVE('',#3226,#3224,#425,.T.);
#4107=EDGE_CURVE('',#3024,#3227,#1846,.T.);
#4108=EDGE_CURVE('',#3227,#3226,#426,.T.);
#4109=EDGE_CURVE('',#3023,#3228,#1847,.T.);
#4110=EDGE_CURVE('',#3228,#3227,#1848,.T.);
#4111=EDGE_CURVE('',#3022,#3229,#1849,.T.);
#4112=EDGE_CURVE('',#3229,#3228,#1850,.T.);
#4113=EDGE_CURVE('',#3021,#3230,#1851,.T.);
#4114=EDGE_CURVE('',#3230,#3229,#1852,.T.);
#4115=EDGE_CURVE('',#3020,#3231,#1853,.T.);
#4116=EDGE_CURVE('',#3231,#3230,#1854,.T.);
#4117=EDGE_CURVE('',#3019,#3232,#1855,.T.);
#4118=EDGE_CURVE('',#3232,#3231,#1856,.T.);
#4119=EDGE_CURVE('',#3018,#3233,#1857,.T.);
#4120=EDGE_CURVE('',#3233,#3232,#1858,.T.);
#4121=EDGE_CURVE('',#3017,#3234,#1859,.T.);
#4122=EDGE_CURVE('',#3234,#3233,#427,.T.);
#4123=EDGE_CURVE('',#3016,#3235,#1860,.T.);
#4124=EDGE_CURVE('',#3235,#3234,#428,.T.);
#4125=EDGE_CURVE('',#3015,#3236,#1861,.T.);
#4126=EDGE_CURVE('',#3236,#3235,#1862,.T.);
#4127=EDGE_CURVE('',#3014,#3237,#1863,.T.);
#4128=EDGE_CURVE('',#3237,#3236,#429,.T.);
#4129=EDGE_CURVE('',#3013,#3238,#1864,.T.);
#4130=EDGE_CURVE('',#3238,#3237,#430,.T.);
#4131=EDGE_CURVE('',#3012,#3239,#1865,.T.);
#4132=EDGE_CURVE('',#3239,#3238,#431,.T.);
#4133=EDGE_CURVE('',#3011,#3240,#1866,.T.);
#4134=EDGE_CURVE('',#3240,#3239,#432,.T.);
#4135=EDGE_CURVE('',#3010,#3241,#1867,.T.);
#4136=EDGE_CURVE('',#3241,#3240,#433,.T.);
#4137=EDGE_CURVE('',#3009,#3242,#1868,.T.);
#4138=EDGE_CURVE('',#3242,#3241,#434,.T.);
#4139=EDGE_CURVE('',#3008,#3243,#1869,.T.);
#4140=EDGE_CURVE('',#3243,#3242,#435,.T.);
#4141=EDGE_CURVE('',#3225,#3243,#436,.T.);
#4142=EDGE_CURVE('',#3026,#3244,#1870,.T.);
#4143=EDGE_CURVE('',#3244,#3245,#437,.T.);
#4144=EDGE_CURVE('',#3027,#3245,#1871,.T.);
#4145=EDGE_CURVE('',#3043,#3246,#1872,.T.);
#4146=EDGE_CURVE('',#3246,#3244,#438,.T.);
#4147=EDGE_CURVE('',#3042,#3247,#1873,.T.);
#4148=EDGE_CURVE('',#3247,#3246,#439,.T.);
#4149=EDGE_CURVE('',#3041,#3248,#1874,.T.);
#4150=EDGE_CURVE('',#3248,#3247,#440,.T.);
#4151=EDGE_CURVE('',#3040,#3249,#1875,.T.);
#4152=EDGE_CURVE('',#3249,#3248,#441,.T.);
#4153=EDGE_CURVE('',#3039,#3250,#1876,.T.);
#4154=EDGE_CURVE('',#3250,#3249,#442,.T.);
#4155=EDGE_CURVE('',#3038,#3251,#1877,.T.);
#4156=EDGE_CURVE('',#3251,#3250,#443,.T.);
#4157=EDGE_CURVE('',#3037,#3252,#1878,.T.);
#4158=EDGE_CURVE('',#3252,#3251,#444,.T.);
#4159=EDGE_CURVE('',#3036,#3253,#1879,.T.);
#4160=EDGE_CURVE('',#3253,#3252,#1880,.T.);
#4161=EDGE_CURVE('',#3035,#3254,#1881,.T.);
#4162=EDGE_CURVE('',#3254,#3253,#445,.T.);
#4163=EDGE_CURVE('',#3034,#3255,#1882,.T.);
#4164=EDGE_CURVE('',#3255,#3254,#446,.T.);
#4165=EDGE_CURVE('',#3033,#3256,#1883,.T.);
#4166=EDGE_CURVE('',#3256,#3255,#447,.T.);
#4167=EDGE_CURVE('',#3032,#3257,#1884,.T.);
#4168=EDGE_CURVE('',#3257,#3256,#448,.T.);
#4169=EDGE_CURVE('',#3031,#3258,#1885,.T.);
#4170=EDGE_CURVE('',#3258,#3257,#1886,.T.);
#4171=EDGE_CURVE('',#3030,#3259,#1887,.T.);
#4172=EDGE_CURVE('',#3259,#3258,#1888,.T.);
#4173=EDGE_CURVE('',#3029,#3260,#1889,.T.);
#4174=EDGE_CURVE('',#3260,#3259,#449,.T.);
#4175=EDGE_CURVE('',#3028,#3261,#1890,.T.);
#4176=EDGE_CURVE('',#3261,#3260,#450,.T.);
#4177=EDGE_CURVE('',#3245,#3261,#451,.T.);
#4178=EDGE_CURVE('',#3044,#3262,#1891,.T.);
#4179=EDGE_CURVE('',#3262,#3263,#452,.T.);
#4180=EDGE_CURVE('',#3045,#3263,#1892,.T.);
#4181=EDGE_CURVE('',#3061,#3264,#1893,.T.);
#4182=EDGE_CURVE('',#3264,#3262,#453,.T.);
#4183=EDGE_CURVE('',#3060,#3265,#1894,.T.);
#4184=EDGE_CURVE('',#3265,#3264,#454,.T.);
#4185=EDGE_CURVE('',#3059,#3266,#1895,.T.);
#4186=EDGE_CURVE('',#3266,#3265,#1896,.T.);
#4187=EDGE_CURVE('',#3058,#3267,#1897,.T.);
#4188=EDGE_CURVE('',#3267,#3266,#1898,.T.);
#4189=EDGE_CURVE('',#3057,#3268,#1899,.T.);
#4190=EDGE_CURVE('',#3268,#3267,#1900,.T.);
#4191=EDGE_CURVE('',#3056,#3269,#1901,.T.);
#4192=EDGE_CURVE('',#3269,#3268,#1902,.T.);
#4193=EDGE_CURVE('',#3055,#3270,#1903,.T.);
#4194=EDGE_CURVE('',#3270,#3269,#1904,.T.);
#4195=EDGE_CURVE('',#3054,#3271,#1905,.T.);
#4196=EDGE_CURVE('',#3271,#3270,#1906,.T.);
#4197=EDGE_CURVE('',#3053,#3272,#1907,.T.);
#4198=EDGE_CURVE('',#3272,#3271,#455,.T.);
#4199=EDGE_CURVE('',#3052,#3273,#1908,.T.);
#4200=EDGE_CURVE('',#3273,#3272,#456,.T.);
#4201=EDGE_CURVE('',#3051,#3274,#1909,.T.);
#4202=EDGE_CURVE('',#3274,#3273,#457,.T.);
#4203=EDGE_CURVE('',#3050,#3275,#1910,.T.);
#4204=EDGE_CURVE('',#3275,#3274,#458,.T.);
#4205=EDGE_CURVE('',#3049,#3276,#1911,.T.);
#4206=EDGE_CURVE('',#3276,#3275,#1912,.T.);
#4207=EDGE_CURVE('',#3048,#3277,#1913,.T.);
#4208=EDGE_CURVE('',#3277,#3276,#1914,.T.);
#4209=EDGE_CURVE('',#3047,#3278,#1915,.T.);
#4210=EDGE_CURVE('',#3278,#3277,#1916,.T.);
#4211=EDGE_CURVE('',#3046,#3279,#1917,.T.);
#4212=EDGE_CURVE('',#3279,#3278,#459,.T.);
#4213=EDGE_CURVE('',#3263,#3279,#460,.T.);
#4214=EDGE_CURVE('',#3102,#3280,#1918,.T.);
#4215=EDGE_CURVE('',#3280,#3281,#549,.T.);
#4216=EDGE_CURVE('',#3281,#3081,#1919,.T.);
#4217=EDGE_CURVE('',#3282,#3066,#1920,.T.);
#4218=EDGE_CURVE('',#3283,#3282,#1921,.T.);
#4219=EDGE_CURVE('',#3065,#3283,#1922,.T.);
#4220=EDGE_CURVE('',#3283,#3284,#1923,.T.);
#4221=EDGE_CURVE('',#3285,#3284,#1924,.T.);
#4222=EDGE_CURVE('',#3067,#3285,#1925,.T.);
#4223=EDGE_CURVE('',#3068,#3286,#1926,.T.);
#4224=EDGE_CURVE('',#3286,#3285,#1927,.T.);
#4225=EDGE_CURVE('',#3069,#3287,#1928,.T.);
#4226=EDGE_CURVE('',#3288,#3286,#1929,.T.);
#4227=EDGE_CURVE('',#3287,#3288,#1930,.T.);
#4228=EDGE_CURVE('',#3289,#3287,#1931,.T.);
#4229=EDGE_CURVE('',#3289,#3070,#1932,.T.);
#4230=EDGE_CURVE('',#3289,#3290,#1933,.T.);
#4231=EDGE_CURVE('',#3290,#3291,#1934,.T.);
#4232=EDGE_CURVE('',#3291,#3071,#1935,.T.);
#4233=EDGE_CURVE('',#3291,#3292,#1936,.T.);
#4234=EDGE_CURVE('',#3292,#3072,#1937,.T.);
#4235=EDGE_CURVE('',#3292,#3293,#1938,.T.);
#4236=EDGE_CURVE('',#3282,#3293,#1939,.T.);
#4237=EDGE_CURVE('',#3294,#3074,#1940,.T.);
#4238=EDGE_CURVE('',#3295,#3294,#1941,.T.);
#4239=EDGE_CURVE('',#3073,#3295,#1942,.T.);
#4240=EDGE_CURVE('',#3295,#3296,#1943,.T.);
#4241=EDGE_CURVE('',#3297,#3296,#1944,.T.);
#4242=EDGE_CURVE('',#3075,#3297,#1945,.T.);
#4243=EDGE_CURVE('',#3076,#3298,#1946,.T.);
#4244=EDGE_CURVE('',#3298,#3297,#1947,.T.);
#4245=EDGE_CURVE('',#3077,#3299,#1948,.T.);
#4246=EDGE_CURVE('',#3300,#3298,#1949,.T.);
#4247=EDGE_CURVE('',#3299,#3300,#1950,.T.);
#4248=EDGE_CURVE('',#3301,#3299,#1951,.T.);
#4249=EDGE_CURVE('',#3301,#3078,#1952,.T.);
#4250=EDGE_CURVE('',#3301,#3302,#1953,.T.);
#4251=EDGE_CURVE('',#3302,#3303,#1954,.T.);
#4252=EDGE_CURVE('',#3303,#3079,#1955,.T.);
#4253=EDGE_CURVE('',#3303,#3304,#1956,.T.);
#4254=EDGE_CURVE('',#3304,#3080,#1957,.T.);
#4255=EDGE_CURVE('',#3304,#3305,#1958,.T.);
#4256=EDGE_CURVE('',#3294,#3305,#1959,.T.);
#4257=EDGE_CURVE('',#3281,#3306,#550,.T.);
#4258=EDGE_CURVE('',#3306,#3082,#1960,.T.);
#4259=EDGE_CURVE('',#3306,#3307,#1961,.T.);
#4260=EDGE_CURVE('',#3307,#3083,#1962,.T.);
#4261=EDGE_CURVE('',#3101,#3308,#1963,.T.);
#4262=EDGE_CURVE('',#3307,#3308,#551,.T.);
#4263=EDGE_CURVE('',#3309,#3310,#1964,.T.);
#4264=EDGE_CURVE('',#3311,#3309,#1965,.T.);
#4265=EDGE_CURVE('',#3312,#3311,#1966,.T.);
#4266=EDGE_CURVE('',#3310,#3312,#1967,.T.);
#4267=EDGE_CURVE('',#3093,#3313,#1968,.T.);
#4268=EDGE_CURVE('',#3094,#3314,#1969,.T.);
#4269=EDGE_CURVE('',#3313,#3314,#1970,.T.);
#4270=EDGE_CURVE('',#3096,#3315,#1971,.T.);
#4271=EDGE_CURVE('',#3314,#3315,#1972,.T.);
#4272=EDGE_CURVE('',#3095,#3316,#1973,.T.);
#4273=EDGE_CURVE('',#3315,#3316,#1974,.T.);
#4274=EDGE_CURVE('',#3316,#3313,#1975,.T.);
#4275=EDGE_CURVE('',#3317,#3318,#1976,.T.);
#4276=EDGE_CURVE('',#3318,#3319,#552,.T.);
#4277=EDGE_CURVE('',#3319,#3320,#1977,.T.);
#4278=EDGE_CURVE('',#3320,#3321,#553,.T.);
#4279=EDGE_CURVE('',#3321,#3322,#1978,.T.);
#4280=EDGE_CURVE('',#3322,#3323,#554,.T.);
#4281=EDGE_CURVE('',#3323,#3324,#1979,.T.);
#4282=EDGE_CURVE('',#3324,#3317,#555,.T.);
#4283=EDGE_CURVE('',#3325,#3326,#1980,.T.);
#4284=EDGE_CURVE('',#3327,#3325,#1981,.T.);
#4285=EDGE_CURVE('',#3328,#3327,#1982,.T.);
#4286=EDGE_CURVE('',#3326,#3328,#1983,.T.);
#4287=EDGE_CURVE('',#3329,#3329,#556,.T.);
#4288=EDGE_CURVE('',#3330,#3330,#557,.T.);
#4289=EDGE_CURVE('',#3331,#3331,#558,.T.);
#4290=EDGE_CURVE('',#3332,#3333,#1984,.T.);
#4291=EDGE_CURVE('',#3334,#3333,#559,.T.);
#4292=EDGE_CURVE('',#3335,#3334,#1985,.T.);
#4293=EDGE_CURVE('',#3332,#3335,#560,.T.);
#4294=EDGE_CURVE('',#3336,#3336,#561,.T.);
#4295=EDGE_CURVE('',#3337,#3308,#1986,.T.);
#4296=EDGE_CURVE('',#3100,#3337,#1987,.T.);
#4297=EDGE_CURVE('',#3280,#3337,#562,.T.);
#4298=EDGE_CURVE('',#3338,#3104,#191,.T.);
#4299=EDGE_CURVE('',#3105,#3338,#1988,.T.);
#4300=EDGE_CURVE('',#3339,#3340,#1989,.T.);
#4301=EDGE_CURVE('',#3339,#3341,#563,.T.);
#4302=EDGE_CURVE('',#3342,#3341,#1990,.T.);
#4303=EDGE_CURVE('',#3342,#3343,#564,.T.);
#4304=EDGE_CURVE('',#3344,#3343,#1991,.T.);
#4305=EDGE_CURVE('',#3345,#3344,#565,.T.);
#4306=EDGE_CURVE('',#3346,#3345,#1992,.T.);
#4307=EDGE_CURVE('',#3340,#3346,#566,.T.);
#4308=EDGE_CURVE('',#3347,#3347,#567,.T.);
#4309=EDGE_CURVE('',#3348,#3348,#568,.T.);
#4310=EDGE_CURVE('',#3349,#3349,#569,.T.);
#4311=EDGE_CURVE('',#3350,#3350,#570,.T.);
#4312=EDGE_CURVE('',#3338,#3107,#1993,.T.);
#4313=EDGE_CURVE('',#3351,#3352,#1994,.T.);
#4314=EDGE_CURVE('',#3353,#3351,#461,.T.);
#4315=EDGE_CURVE('',#3354,#3353,#462,.T.);
#4316=EDGE_CURVE('',#3355,#3354,#463,.T.);
#4317=EDGE_CURVE('',#3356,#3355,#464,.T.);
#4318=EDGE_CURVE('',#3357,#3356,#1995,.T.);
#4319=EDGE_CURVE('',#3352,#3357,#1996,.T.);
#4320=EDGE_CURVE('',#3358,#3359,#465,.T.);
#4321=EDGE_CURVE('',#3360,#3358,#466,.T.);
#4322=EDGE_CURVE('',#3361,#3360,#467,.T.);
#4323=EDGE_CURVE('',#3362,#3361,#468,.T.);
#4324=EDGE_CURVE('',#3363,#3362,#1997,.T.);
#4325=EDGE_CURVE('',#3359,#3363,#469,.T.);
#4326=EDGE_CURVE('',#3364,#3365,#470,.T.);
#4327=EDGE_CURVE('',#3366,#3364,#471,.T.);
#4328=EDGE_CURVE('',#3367,#3366,#472,.T.);
#4329=EDGE_CURVE('',#3368,#3367,#473,.T.);
#4330=EDGE_CURVE('',#3369,#3368,#1998,.T.);
#4331=EDGE_CURVE('',#3365,#3369,#474,.T.);
#4332=EDGE_CURVE('',#3370,#3371,#475,.T.);
#4333=EDGE_CURVE('',#3372,#3370,#476,.T.);
#4334=EDGE_CURVE('',#3373,#3372,#477,.T.);
#4335=EDGE_CURVE('',#3374,#3373,#478,.T.);
#4336=EDGE_CURVE('',#3375,#3374,#479,.T.);
#4337=EDGE_CURVE('',#3376,#3375,#480,.T.);
#4338=EDGE_CURVE('',#3377,#3376,#481,.T.);
#4339=EDGE_CURVE('',#3378,#3377,#482,.T.);
#4340=EDGE_CURVE('',#3379,#3378,#483,.T.);
#4341=EDGE_CURVE('',#3380,#3379,#484,.T.);
#4342=EDGE_CURVE('',#3371,#3380,#485,.T.);
#4343=EDGE_CURVE('',#3381,#3382,#486,.T.);
#4344=EDGE_CURVE('',#3383,#3381,#487,.T.);
#4345=EDGE_CURVE('',#3384,#3383,#488,.T.);
#4346=EDGE_CURVE('',#3385,#3384,#489,.T.);
#4347=EDGE_CURVE('',#3386,#3385,#490,.T.);
#4348=EDGE_CURVE('',#3387,#3386,#491,.T.);
#4349=EDGE_CURVE('',#3388,#3387,#492,.T.);
#4350=EDGE_CURVE('',#3389,#3388,#493,.T.);
#4351=EDGE_CURVE('',#3390,#3389,#494,.T.);
#4352=EDGE_CURVE('',#3391,#3390,#1999,.T.);
#4353=EDGE_CURVE('',#3392,#3391,#495,.T.);
#4354=EDGE_CURVE('',#3382,#3392,#496,.T.);
#4355=EDGE_CURVE('',#3393,#3394,#497,.T.);
#4356=EDGE_CURVE('',#3395,#3393,#498,.T.);
#4357=EDGE_CURVE('',#3396,#3395,#499,.T.);
#4358=EDGE_CURVE('',#3397,#3396,#500,.T.);
#4359=EDGE_CURVE('',#3398,#3397,#2000,.T.);
#4360=EDGE_CURVE('',#3394,#3398,#501,.T.);
#4361=EDGE_CURVE('',#3337,#3306,#571,.T.);
#4362=EDGE_CURVE('',#3284,#3293,#2001,.T.);
#4363=EDGE_CURVE('',#3290,#3288,#2002,.T.);
#4364=EDGE_CURVE('',#3296,#3305,#2003,.T.);
#4365=EDGE_CURVE('',#3302,#3300,#2004,.T.);
#4366=EDGE_CURVE('',#3399,#3309,#2005,.T.);
#4367=EDGE_CURVE('',#3400,#3310,#2006,.T.);
#4368=EDGE_CURVE('',#3400,#3399,#2007,.T.);
#4369=EDGE_CURVE('',#3401,#3312,#2008,.T.);
#4370=EDGE_CURVE('',#3401,#3400,#2009,.T.);
#4371=EDGE_CURVE('',#3402,#3311,#2010,.T.);
#4372=EDGE_CURVE('',#3402,#3401,#2011,.T.);
#4373=EDGE_CURVE('',#3399,#3402,#2012,.T.);
#4374=EDGE_CURVE('',#3317,#3403,#2013,.T.);
#4375=EDGE_CURVE('',#3403,#3404,#2014,.T.);
#4376=EDGE_CURVE('',#3318,#3404,#2015,.T.);
#4377=EDGE_CURVE('',#3324,#3405,#2016,.T.);
#4378=EDGE_CURVE('',#3405,#3403,#572,.T.);
#4379=EDGE_CURVE('',#3404,#3406,#573,.T.);
#4380=EDGE_CURVE('',#3319,#3406,#2017,.T.);
#4381=EDGE_CURVE('',#3323,#3407,#2018,.T.);
#4382=EDGE_CURVE('',#3407,#3405,#2019,.T.);
#4383=EDGE_CURVE('',#3406,#3408,#2020,.T.);
#4384=EDGE_CURVE('',#3320,#3408,#2021,.T.);
#4385=EDGE_CURVE('',#3322,#3409,#2022,.T.);
#4386=EDGE_CURVE('',#3409,#3407,#574,.T.);
#4387=EDGE_CURVE('',#3408,#3410,#575,.T.);
#4388=EDGE_CURVE('',#3321,#3410,#2023,.T.);
#4389=EDGE_CURVE('',#3410,#3409,#2024,.T.);
#4390=EDGE_CURVE('',#3325,#3399,#2025,.T.);
#4391=EDGE_CURVE('',#3326,#3402,#2026,.T.);
#4392=EDGE_CURVE('',#3327,#3400,#2027,.T.);
#4393=EDGE_CURVE('',#3328,#3401,#2028,.T.);
#4394=EDGE_CURVE('',#3332,#3411,#2029,.T.);
#4395=EDGE_CURVE('',#3411,#3412,#2030,.T.);
#4396=EDGE_CURVE('',#3333,#3412,#2031,.T.);
#4397=EDGE_CURVE('',#3335,#3413,#2032,.T.);
#4398=EDGE_CURVE('',#3411,#3413,#576,.T.);
#4399=EDGE_CURVE('',#3334,#3414,#2033,.T.);
#4400=EDGE_CURVE('',#3414,#3412,#577,.T.);
#4401=EDGE_CURVE('',#3413,#3414,#2034,.T.);
#4402=EDGE_CURVE('',#3339,#3406,#2035,.T.);
#4403=EDGE_CURVE('',#3340,#3408,#2036,.T.);
#4404=EDGE_CURVE('',#3341,#3404,#2037,.T.);
#4405=EDGE_CURVE('',#3346,#3410,#2038,.T.);
#4406=EDGE_CURVE('',#3342,#3403,#2039,.T.);
#4407=EDGE_CURVE('',#3345,#3409,#2040,.T.);
#4408=EDGE_CURVE('',#3343,#3405,#2041,.T.);
#4409=EDGE_CURVE('',#3344,#3407,#2042,.T.);
#4410=EDGE_CURVE('',#3415,#3351,#2043,.T.);
#4411=EDGE_CURVE('',#3416,#3352,#2044,.T.);
#4412=EDGE_CURVE('',#3415,#3416,#2045,.T.);
#4413=EDGE_CURVE('',#3417,#3353,#2046,.T.);
#4414=EDGE_CURVE('',#3417,#3415,#502,.T.);
#4415=EDGE_CURVE('',#3418,#3354,#2047,.T.);
#4416=EDGE_CURVE('',#3418,#3417,#503,.T.);
#4417=EDGE_CURVE('',#3419,#3355,#2048,.T.);
#4418=EDGE_CURVE('',#3419,#3418,#504,.T.);
#4419=EDGE_CURVE('',#3420,#3356,#2049,.T.);
#4420=EDGE_CURVE('',#3420,#3419,#505,.T.);
#4421=EDGE_CURVE('',#3421,#3357,#2050,.T.);
#4422=EDGE_CURVE('',#3421,#3420,#2051,.T.);
#4423=EDGE_CURVE('',#3416,#3421,#2052,.T.);
#4424=EDGE_CURVE('',#3422,#3358,#2053,.T.);
#4425=EDGE_CURVE('',#3423,#3359,#2054,.T.);
#4426=EDGE_CURVE('',#3422,#3423,#506,.T.);
#4427=EDGE_CURVE('',#3424,#3360,#2055,.T.);
#4428=EDGE_CURVE('',#3424,#3422,#507,.T.);
#4429=EDGE_CURVE('',#3425,#3361,#2056,.T.);
#4430=EDGE_CURVE('',#3425,#3424,#508,.T.);
#4431=EDGE_CURVE('',#3426,#3362,#2057,.T.);
#4432=EDGE_CURVE('',#3426,#3425,#509,.T.);
#4433=EDGE_CURVE('',#3427,#3363,#2058,.T.);
#4434=EDGE_CURVE('',#3427,#3426,#2059,.T.);
#4435=EDGE_CURVE('',#3423,#3427,#510,.T.);
#4436=EDGE_CURVE('',#3428,#3364,#2060,.T.);
#4437=EDGE_CURVE('',#3429,#3365,#2061,.T.);
#4438=EDGE_CURVE('',#3428,#3429,#511,.T.);
#4439=EDGE_CURVE('',#3430,#3366,#2062,.T.);
#4440=EDGE_CURVE('',#3430,#3428,#512,.T.);
#4441=EDGE_CURVE('',#3431,#3367,#2063,.T.);
#4442=EDGE_CURVE('',#3431,#3430,#513,.T.);
#4443=EDGE_CURVE('',#3432,#3368,#2064,.T.);
#4444=EDGE_CURVE('',#3432,#3431,#514,.T.);
#4445=EDGE_CURVE('',#3433,#3369,#2065,.T.);
#4446=EDGE_CURVE('',#3433,#3432,#2066,.T.);
#4447=EDGE_CURVE('',#3429,#3433,#515,.T.);
#4448=EDGE_CURVE('',#3434,#3370,#2067,.T.);
#4449=EDGE_CURVE('',#3435,#3371,#2068,.T.);
#4450=EDGE_CURVE('',#3434,#3435,#516,.T.);
#4451=EDGE_CURVE('',#3436,#3372,#2069,.T.);
#4452=EDGE_CURVE('',#3436,#3434,#517,.T.);
#4453=EDGE_CURVE('',#3437,#3373,#2070,.T.);
#4454=EDGE_CURVE('',#3437,#3436,#518,.T.);
#4455=EDGE_CURVE('',#3438,#3374,#2071,.T.);
#4456=EDGE_CURVE('',#3438,#3437,#519,.T.);
#4457=EDGE_CURVE('',#3439,#3375,#2072,.T.);
#4458=EDGE_CURVE('',#3439,#3438,#520,.T.);
#4459=EDGE_CURVE('',#3440,#3376,#2073,.T.);
#4460=EDGE_CURVE('',#3440,#3439,#521,.T.);
#4461=EDGE_CURVE('',#3441,#3377,#2074,.T.);
#4462=EDGE_CURVE('',#3441,#3440,#522,.T.);
#4463=EDGE_CURVE('',#3442,#3378,#2075,.T.);
#4464=EDGE_CURVE('',#3442,#3441,#523,.T.);
#4465=EDGE_CURVE('',#3443,#3379,#2076,.T.);
#4466=EDGE_CURVE('',#3443,#3442,#524,.T.);
#4467=EDGE_CURVE('',#3444,#3380,#2077,.T.);
#4468=EDGE_CURVE('',#3444,#3443,#525,.T.);
#4469=EDGE_CURVE('',#3435,#3444,#526,.T.);
#4470=EDGE_CURVE('',#3445,#3381,#2078,.T.);
#4471=EDGE_CURVE('',#3446,#3382,#2079,.T.);
#4472=EDGE_CURVE('',#3445,#3446,#527,.T.);
#4473=EDGE_CURVE('',#3447,#3383,#2080,.T.);
#4474=EDGE_CURVE('',#3447,#3445,#528,.T.);
#4475=EDGE_CURVE('',#3448,#3384,#2081,.T.);
#4476=EDGE_CURVE('',#3448,#3447,#529,.T.);
#4477=EDGE_CURVE('',#3449,#3385,#2082,.T.);
#4478=EDGE_CURVE('',#3449,#3448,#530,.T.);
#4479=EDGE_CURVE('',#3450,#3386,#2083,.T.);
#4480=EDGE_CURVE('',#3450,#3449,#531,.T.);
#4481=EDGE_CURVE('',#3451,#3387,#2084,.T.);
#4482=EDGE_CURVE('',#3451,#3450,#532,.T.);
#4483=EDGE_CURVE('',#3452,#3388,#2085,.T.);
#4484=EDGE_CURVE('',#3452,#3451,#533,.T.);
#4485=EDGE_CURVE('',#3453,#3389,#2086,.T.);
#4486=EDGE_CURVE('',#3453,#3452,#534,.T.);
#4487=EDGE_CURVE('',#3454,#3390,#2087,.T.);
#4488=EDGE_CURVE('',#3454,#3453,#535,.T.);
#4489=EDGE_CURVE('',#3455,#3391,#2088,.T.);
#4490=EDGE_CURVE('',#3455,#3454,#2089,.T.);
#4491=EDGE_CURVE('',#3456,#3392,#2090,.T.);
#4492=EDGE_CURVE('',#3456,#3455,#536,.T.);
#4493=EDGE_CURVE('',#3446,#3456,#537,.T.);
#4494=EDGE_CURVE('',#3457,#3393,#2091,.T.);
#4495=EDGE_CURVE('',#3458,#3394,#2092,.T.);
#4496=EDGE_CURVE('',#3457,#3458,#538,.T.);
#4497=EDGE_CURVE('',#3459,#3395,#2093,.T.);
#4498=EDGE_CURVE('',#3459,#3457,#539,.T.);
#4499=EDGE_CURVE('',#3460,#3396,#2094,.T.);
#4500=EDGE_CURVE('',#3460,#3459,#540,.T.);
#4501=EDGE_CURVE('',#3461,#3397,#2095,.T.);
#4502=EDGE_CURVE('',#3461,#3460,#541,.T.);
#4503=EDGE_CURVE('',#3462,#3398,#2096,.T.);
#4504=EDGE_CURVE('',#3462,#3461,#2097,.T.);
#4505=EDGE_CURVE('',#3458,#3462,#542,.T.);
#4506=ORIENTED_EDGE('',*,*,#3463,.F.);
#4507=ORIENTED_EDGE('',*,*,#3464,.F.);
#4508=ORIENTED_EDGE('',*,*,#3465,.F.);
#4509=ORIENTED_EDGE('',*,*,#3466,.T.);
#4510=ORIENTED_EDGE('',*,*,#3467,.F.);
#4511=ORIENTED_EDGE('',*,*,#3468,.F.);
#4512=ORIENTED_EDGE('',*,*,#3469,.T.);
#4513=ORIENTED_EDGE('',*,*,#3470,.T.);
#4514=ORIENTED_EDGE('',*,*,#3471,.T.);
#4515=ORIENTED_EDGE('',*,*,#3472,.F.);
#4516=ORIENTED_EDGE('',*,*,#3473,.T.);
#4517=ORIENTED_EDGE('',*,*,#3474,.T.);
#4518=ORIENTED_EDGE('',*,*,#3475,.T.);
#4519=ORIENTED_EDGE('',*,*,#3476,.F.);
#4520=ORIENTED_EDGE('',*,*,#3477,.F.);
#4521=ORIENTED_EDGE('',*,*,#3478,.F.);
#4522=ORIENTED_EDGE('',*,*,#3479,.F.);
#4523=ORIENTED_EDGE('',*,*,#3480,.T.);
#4524=ORIENTED_EDGE('',*,*,#3481,.T.);
#4525=ORIENTED_EDGE('',*,*,#3482,.T.);
#4526=ORIENTED_EDGE('',*,*,#3483,.F.);
#4527=ORIENTED_EDGE('',*,*,#3484,.F.);
#4528=ORIENTED_EDGE('',*,*,#3485,.F.);
#4529=ORIENTED_EDGE('',*,*,#3486,.F.);
#4530=ORIENTED_EDGE('',*,*,#3487,.F.);
#4531=ORIENTED_EDGE('',*,*,#3488,.F.);
#4532=ORIENTED_EDGE('',*,*,#3489,.F.);
#4533=ORIENTED_EDGE('',*,*,#3490,.F.);
#4534=ORIENTED_EDGE('',*,*,#3491,.F.);
#4535=ORIENTED_EDGE('',*,*,#3492,.T.);
#4536=ORIENTED_EDGE('',*,*,#3493,.T.);
#4537=ORIENTED_EDGE('',*,*,#3494,.T.);
#4538=ORIENTED_EDGE('',*,*,#3495,.F.);
#4539=ORIENTED_EDGE('',*,*,#3496,.F.);
#4540=ORIENTED_EDGE('',*,*,#3497,.F.);
#4541=ORIENTED_EDGE('',*,*,#3498,.F.);
#4542=ORIENTED_EDGE('',*,*,#3499,.F.);
#4543=ORIENTED_EDGE('',*,*,#3500,.F.);
#4544=ORIENTED_EDGE('',*,*,#3501,.F.);
#4545=ORIENTED_EDGE('',*,*,#3502,.F.);
#4546=ORIENTED_EDGE('',*,*,#3503,.F.);
#4547=ORIENTED_EDGE('',*,*,#3504,.T.);
#4548=ORIENTED_EDGE('',*,*,#3505,.F.);
#4549=ORIENTED_EDGE('',*,*,#3506,.F.);
#4550=ORIENTED_EDGE('',*,*,#3507,.F.);
#4551=ORIENTED_EDGE('',*,*,#3488,.T.);
#4552=ORIENTED_EDGE('',*,*,#3508,.T.);
#4553=ORIENTED_EDGE('',*,*,#3508,.F.);
#4554=ORIENTED_EDGE('',*,*,#3499,.T.);
#4555=ORIENTED_EDGE('',*,*,#3509,.T.);
#4556=ORIENTED_EDGE('',*,*,#3510,.F.);
#4557=ORIENTED_EDGE('',*,*,#3511,.F.);
#4558=ORIENTED_EDGE('',*,*,#3489,.T.);
#4559=ORIENTED_EDGE('',*,*,#3507,.T.);
#4560=ORIENTED_EDGE('',*,*,#3512,.F.);
#4561=ORIENTED_EDGE('',*,*,#3513,.F.);
#4562=ORIENTED_EDGE('',*,*,#3509,.F.);
#4563=ORIENTED_EDGE('',*,*,#3498,.T.);
#4564=ORIENTED_EDGE('',*,*,#3514,.T.);
#4565=ORIENTED_EDGE('',*,*,#3515,.T.);
#4566=ORIENTED_EDGE('',*,*,#3516,.F.);
#4567=ORIENTED_EDGE('',*,*,#3490,.T.);
#4568=ORIENTED_EDGE('',*,*,#3511,.T.);
#4569=ORIENTED_EDGE('',*,*,#3517,.F.);
#4570=ORIENTED_EDGE('',*,*,#3518,.T.);
#4571=ORIENTED_EDGE('',*,*,#3519,.F.);
#4572=ORIENTED_EDGE('',*,*,#3495,.T.);
#4573=ORIENTED_EDGE('',*,*,#3520,.T.);
#4574=ORIENTED_EDGE('',*,*,#3521,.T.);
#4575=ORIENTED_EDGE('',*,*,#3522,.F.);
#4576=ORIENTED_EDGE('',*,*,#3491,.T.);
#4577=ORIENTED_EDGE('',*,*,#3517,.T.);
#4578=ORIENTED_EDGE('',*,*,#3512,.T.);
#4579=ORIENTED_EDGE('',*,*,#3506,.T.);
#4580=ORIENTED_EDGE('',*,*,#3523,.F.);
#4581=ORIENTED_EDGE('',*,*,#3515,.F.);
#4582=ORIENTED_EDGE('',*,*,#3514,.F.);
#4583=ORIENTED_EDGE('',*,*,#3497,.T.);
#4584=ORIENTED_EDGE('',*,*,#3524,.F.);
#4585=ORIENTED_EDGE('',*,*,#3518,.F.);
#4586=ORIENTED_EDGE('',*,*,#3522,.T.);
#4587=ORIENTED_EDGE('',*,*,#3525,.T.);
#4588=ORIENTED_EDGE('',*,*,#3526,.F.);
#4589=ORIENTED_EDGE('',*,*,#3492,.F.);
#4590=ORIENTED_EDGE('',*,*,#3496,.T.);
#4591=ORIENTED_EDGE('',*,*,#3519,.T.);
#4592=ORIENTED_EDGE('',*,*,#3524,.T.);
#4593=ORIENTED_EDGE('',*,*,#3526,.T.);
#4594=ORIENTED_EDGE('',*,*,#3527,.T.);
#4595=ORIENTED_EDGE('',*,*,#3528,.F.);
#4596=ORIENTED_EDGE('',*,*,#3493,.F.);
#4597=ORIENTED_EDGE('',*,*,#3528,.T.);
#4598=ORIENTED_EDGE('',*,*,#3529,.T.);
#4599=ORIENTED_EDGE('',*,*,#3520,.F.);
#4600=ORIENTED_EDGE('',*,*,#3494,.F.);
#4601=ORIENTED_EDGE('',*,*,#3530,.T.);
#4602=ORIENTED_EDGE('',*,*,#3531,.T.);
#4603=ORIENTED_EDGE('',*,*,#3500,.T.);
#4604=ORIENTED_EDGE('',*,*,#3532,.F.);
#4605=ORIENTED_EDGE('',*,*,#3533,.T.);
#4606=ORIENTED_EDGE('',*,*,#3534,.T.);
#4607=ORIENTED_EDGE('',*,*,#3501,.T.);
#4608=ORIENTED_EDGE('',*,*,#3531,.F.);
#4609=ORIENTED_EDGE('',*,*,#3535,.T.);
#4610=ORIENTED_EDGE('',*,*,#3532,.T.);
#4611=ORIENTED_EDGE('',*,*,#3503,.T.);
#4612=ORIENTED_EDGE('',*,*,#3536,.F.);
#4613=ORIENTED_EDGE('',*,*,#3537,.T.);
#4614=ORIENTED_EDGE('',*,*,#3536,.T.);
#4615=ORIENTED_EDGE('',*,*,#3502,.T.);
#4616=ORIENTED_EDGE('',*,*,#3534,.F.);
#4617=ORIENTED_EDGE('',*,*,#3538,.T.);
#4618=ORIENTED_EDGE('',*,*,#3539,.F.);
#4619=ORIENTED_EDGE('',*,*,#3540,.F.);
#4620=ORIENTED_EDGE('',*,*,#3541,.F.);
#4621=ORIENTED_EDGE('',*,*,#3542,.F.);
#4622=ORIENTED_EDGE('',*,*,#3463,.T.);
#4623=ORIENTED_EDGE('',*,*,#3543,.T.);
#4624=ORIENTED_EDGE('',*,*,#3543,.F.);
#4625=ORIENTED_EDGE('',*,*,#3487,.T.);
#4626=ORIENTED_EDGE('',*,*,#3544,.T.);
#4627=ORIENTED_EDGE('',*,*,#3545,.F.);
#4628=ORIENTED_EDGE('',*,*,#3464,.T.);
#4629=ORIENTED_EDGE('',*,*,#3542,.T.);
#4630=ORIENTED_EDGE('',*,*,#3546,.F.);
#4631=ORIENTED_EDGE('',*,*,#3547,.T.);
#4632=ORIENTED_EDGE('',*,*,#3548,.F.);
#4633=ORIENTED_EDGE('',*,*,#3549,.F.);
#4634=ORIENTED_EDGE('',*,*,#3550,.F.);
#4635=ORIENTED_EDGE('',*,*,#3544,.F.);
#4636=ORIENTED_EDGE('',*,*,#3486,.T.);
#4637=ORIENTED_EDGE('',*,*,#3551,.T.);
#4638=ORIENTED_EDGE('',*,*,#3552,.T.);
#4639=ORIENTED_EDGE('',*,*,#3553,.F.);
#4640=ORIENTED_EDGE('',*,*,#3554,.F.);
#4641=ORIENTED_EDGE('',*,*,#3465,.T.);
#4642=ORIENTED_EDGE('',*,*,#3549,.T.);
#4643=ORIENTED_EDGE('',*,*,#3555,.F.);
#4644=ORIENTED_EDGE('',*,*,#3556,.T.);
#4645=ORIENTED_EDGE('',*,*,#3557,.F.);
#4646=ORIENTED_EDGE('',*,*,#3558,.F.);
#4647=ORIENTED_EDGE('',*,*,#3559,.F.);
#4648=ORIENTED_EDGE('',*,*,#3560,.F.);
#4649=ORIENTED_EDGE('',*,*,#3561,.F.);
#4650=ORIENTED_EDGE('',*,*,#3562,.F.);
#4651=ORIENTED_EDGE('',*,*,#3563,.F.);
#4652=ORIENTED_EDGE('',*,*,#3564,.F.);
#4653=ORIENTED_EDGE('',*,*,#3565,.F.);
#4654=ORIENTED_EDGE('',*,*,#3566,.F.);
#4655=ORIENTED_EDGE('',*,*,#3466,.F.);
#4656=ORIENTED_EDGE('',*,*,#3554,.T.);
#4657=ORIENTED_EDGE('',*,*,#3567,.F.);
#4658=ORIENTED_EDGE('',*,*,#3568,.F.);
#4659=ORIENTED_EDGE('',*,*,#3475,.F.);
#4660=ORIENTED_EDGE('',*,*,#3569,.T.);
#4661=ORIENTED_EDGE('',*,*,#3570,.F.);
#4662=ORIENTED_EDGE('',*,*,#3551,.F.);
#4663=ORIENTED_EDGE('',*,*,#3485,.T.);
#4664=ORIENTED_EDGE('',*,*,#3571,.F.);
#4665=ORIENTED_EDGE('',*,*,#3572,.F.);
#4666=ORIENTED_EDGE('',*,*,#3573,.F.);
#4667=ORIENTED_EDGE('',*,*,#3574,.F.);
#4668=ORIENTED_EDGE('',*,*,#3575,.T.);
#4669=ORIENTED_EDGE('',*,*,#3467,.T.);
#4670=ORIENTED_EDGE('',*,*,#3566,.T.);
#4671=ORIENTED_EDGE('',*,*,#3576,.T.);
#4672=ORIENTED_EDGE('',*,*,#3484,.T.);
#4673=ORIENTED_EDGE('',*,*,#3577,.T.);
#4674=ORIENTED_EDGE('',*,*,#3571,.T.);
#4675=ORIENTED_EDGE('',*,*,#3578,.F.);
#4676=ORIENTED_EDGE('',*,*,#3579,.T.);
#4677=ORIENTED_EDGE('',*,*,#3468,.T.);
#4678=ORIENTED_EDGE('',*,*,#3575,.F.);
#4679=ORIENTED_EDGE('',*,*,#3580,.T.);
#4680=ORIENTED_EDGE('',*,*,#3581,.F.);
#4681=ORIENTED_EDGE('',*,*,#3582,.F.);
#4682=ORIENTED_EDGE('',*,*,#3583,.F.);
#4683=ORIENTED_EDGE('',*,*,#3572,.T.);
#4684=ORIENTED_EDGE('',*,*,#3577,.F.);
#4685=ORIENTED_EDGE('',*,*,#3483,.T.);
#4686=ORIENTED_EDGE('',*,*,#3584,.T.);
#4687=ORIENTED_EDGE('',*,*,#3585,.T.);
#4688=ORIENTED_EDGE('',*,*,#3586,.F.);
#4689=ORIENTED_EDGE('',*,*,#3479,.T.);
#4690=ORIENTED_EDGE('',*,*,#3587,.T.);
#4691=ORIENTED_EDGE('',*,*,#3588,.T.);
#4692=ORIENTED_EDGE('',*,*,#3540,.T.);
#4693=ORIENTED_EDGE('',*,*,#3589,.F.);
#4694=ORIENTED_EDGE('',*,*,#3552,.F.);
#4695=ORIENTED_EDGE('',*,*,#3590,.T.);
#4696=ORIENTED_EDGE('',*,*,#3591,.T.);
#4697=ORIENTED_EDGE('',*,*,#3592,.T.);
#4698=ORIENTED_EDGE('',*,*,#3593,.T.);
#4699=ORIENTED_EDGE('',*,*,#3579,.F.);
#4700=ORIENTED_EDGE('',*,*,#3594,.F.);
#4701=ORIENTED_EDGE('',*,*,#3595,.F.);
#4702=ORIENTED_EDGE('',*,*,#3469,.F.);
#4703=ORIENTED_EDGE('',*,*,#3596,.T.);
#4704=ORIENTED_EDGE('',*,*,#3597,.T.);
#4705=ORIENTED_EDGE('',*,*,#3584,.F.);
#4706=ORIENTED_EDGE('',*,*,#3482,.F.);
#4707=ORIENTED_EDGE('',*,*,#3598,.T.);
#4708=ORIENTED_EDGE('',*,*,#3599,.F.);
#4709=ORIENTED_EDGE('',*,*,#3470,.F.);
#4710=ORIENTED_EDGE('',*,*,#3595,.T.);
#4711=ORIENTED_EDGE('',*,*,#3600,.T.);
#4712=ORIENTED_EDGE('',*,*,#3601,.T.);
#4713=ORIENTED_EDGE('',*,*,#3596,.F.);
#4714=ORIENTED_EDGE('',*,*,#3481,.F.);
#4715=ORIENTED_EDGE('',*,*,#3471,.F.);
#4716=ORIENTED_EDGE('',*,*,#3599,.T.);
#4717=ORIENTED_EDGE('',*,*,#3602,.T.);
#4718=ORIENTED_EDGE('',*,*,#3603,.F.);
#4719=ORIENTED_EDGE('',*,*,#3604,.F.);
#4720=ORIENTED_EDGE('',*,*,#3605,.F.);
#4721=ORIENTED_EDGE('',*,*,#3606,.F.);
#4722=ORIENTED_EDGE('',*,*,#3607,.F.);
#4723=ORIENTED_EDGE('',*,*,#3586,.T.);
#4724=ORIENTED_EDGE('',*,*,#3608,.T.);
#4725=ORIENTED_EDGE('',*,*,#3600,.F.);
#4726=ORIENTED_EDGE('',*,*,#3480,.F.);
#4727=ORIENTED_EDGE('',*,*,#3607,.T.);
#4728=ORIENTED_EDGE('',*,*,#3609,.F.);
#4729=ORIENTED_EDGE('',*,*,#3610,.F.);
#4730=ORIENTED_EDGE('',*,*,#3472,.T.);
#4731=ORIENTED_EDGE('',*,*,#3611,.T.);
#4732=ORIENTED_EDGE('',*,*,#3612,.T.);
#4733=ORIENTED_EDGE('',*,*,#3613,.F.);
#4734=ORIENTED_EDGE('',*,*,#3593,.F.);
#4735=ORIENTED_EDGE('',*,*,#3473,.F.);
#4736=ORIENTED_EDGE('',*,*,#3610,.T.);
#4737=ORIENTED_EDGE('',*,*,#3614,.T.);
#4738=ORIENTED_EDGE('',*,*,#3615,.F.);
#4739=ORIENTED_EDGE('',*,*,#3616,.F.);
#4740=ORIENTED_EDGE('',*,*,#3617,.T.);
#4741=ORIENTED_EDGE('',*,*,#3618,.T.);
#4742=ORIENTED_EDGE('',*,*,#3619,.F.);
#4743=ORIENTED_EDGE('',*,*,#3478,.T.);
#4744=ORIENTED_EDGE('',*,*,#3620,.T.);
#4745=ORIENTED_EDGE('',*,*,#3587,.F.);
#4746=ORIENTED_EDGE('',*,*,#3474,.F.);
#4747=ORIENTED_EDGE('',*,*,#3619,.T.);
#4748=ORIENTED_EDGE('',*,*,#3621,.F.);
#4749=ORIENTED_EDGE('',*,*,#3569,.F.);
#4750=ORIENTED_EDGE('',*,*,#3620,.F.);
#4751=ORIENTED_EDGE('',*,*,#3477,.T.);
#4752=ORIENTED_EDGE('',*,*,#3622,.T.);
#4753=ORIENTED_EDGE('',*,*,#3546,.T.);
#4754=ORIENTED_EDGE('',*,*,#3541,.T.);
#4755=ORIENTED_EDGE('',*,*,#3588,.F.);
#4756=ORIENTED_EDGE('',*,*,#3622,.F.);
#4757=ORIENTED_EDGE('',*,*,#3476,.T.);
#4758=ORIENTED_EDGE('',*,*,#3568,.T.);
#4759=ORIENTED_EDGE('',*,*,#3623,.F.);
#4760=ORIENTED_EDGE('',*,*,#3547,.F.);
#4761=ORIENTED_EDGE('',*,*,#3504,.F.);
#4762=ORIENTED_EDGE('',*,*,#3510,.T.);
#4763=ORIENTED_EDGE('',*,*,#3513,.T.);
#4764=ORIENTED_EDGE('',*,*,#3624,.F.);
#4765=ORIENTED_EDGE('',*,*,#3516,.T.);
#4766=ORIENTED_EDGE('',*,*,#3523,.T.);
#4767=ORIENTED_EDGE('',*,*,#3505,.T.);
#4768=ORIENTED_EDGE('',*,*,#3624,.T.);
#4769=ORIENTED_EDGE('',*,*,#3592,.F.);
#4770=ORIENTED_EDGE('',*,*,#3625,.T.);
#4771=ORIENTED_EDGE('',*,*,#3626,.T.);
#4772=ORIENTED_EDGE('',*,*,#3611,.F.);
#4773=ORIENTED_EDGE('',*,*,#3525,.F.);
#4774=ORIENTED_EDGE('',*,*,#3521,.F.);
#4775=ORIENTED_EDGE('',*,*,#3529,.F.);
#4776=ORIENTED_EDGE('',*,*,#3527,.F.);
#4777=ORIENTED_EDGE('',*,*,#3627,.T.);
#4778=ORIENTED_EDGE('',*,*,#3628,.T.);
#4779=ORIENTED_EDGE('',*,*,#3629,.T.);
#4780=ORIENTED_EDGE('',*,*,#3630,.T.);
#4781=ORIENTED_EDGE('',*,*,#3631,.T.);
#4782=ORIENTED_EDGE('',*,*,#3632,.T.);
#4783=ORIENTED_EDGE('',*,*,#3633,.T.);
#4784=ORIENTED_EDGE('',*,*,#3634,.T.);
#4785=ORIENTED_EDGE('',*,*,#3635,.T.);
#4786=ORIENTED_EDGE('',*,*,#3636,.T.);
#4787=ORIENTED_EDGE('',*,*,#3637,.T.);
#4788=ORIENTED_EDGE('',*,*,#3638,.T.);
#4789=ORIENTED_EDGE('',*,*,#3639,.T.);
#4790=ORIENTED_EDGE('',*,*,#3640,.T.);
#4791=ORIENTED_EDGE('',*,*,#3641,.T.);
#4792=ORIENTED_EDGE('',*,*,#3642,.T.);
#4793=ORIENTED_EDGE('',*,*,#3643,.T.);
#4794=ORIENTED_EDGE('',*,*,#3644,.T.);
#4795=ORIENTED_EDGE('',*,*,#3645,.T.);
#4796=ORIENTED_EDGE('',*,*,#3646,.T.);
#4797=ORIENTED_EDGE('',*,*,#3647,.T.);
#4798=ORIENTED_EDGE('',*,*,#3648,.T.);
#4799=ORIENTED_EDGE('',*,*,#3649,.T.);
#4800=ORIENTED_EDGE('',*,*,#3650,.T.);
#4801=ORIENTED_EDGE('',*,*,#3651,.T.);
#4802=ORIENTED_EDGE('',*,*,#3652,.T.);
#4803=ORIENTED_EDGE('',*,*,#3653,.T.);
#4804=ORIENTED_EDGE('',*,*,#3654,.T.);
#4805=ORIENTED_EDGE('',*,*,#3655,.T.);
#4806=ORIENTED_EDGE('',*,*,#3656,.T.);
#4807=ORIENTED_EDGE('',*,*,#3657,.T.);
#4808=ORIENTED_EDGE('',*,*,#3658,.T.);
#4809=ORIENTED_EDGE('',*,*,#3659,.T.);
#4810=ORIENTED_EDGE('',*,*,#3660,.T.);
#4811=ORIENTED_EDGE('',*,*,#3661,.T.);
#4812=ORIENTED_EDGE('',*,*,#3662,.T.);
#4813=ORIENTED_EDGE('',*,*,#3663,.T.);
#4814=ORIENTED_EDGE('',*,*,#3664,.T.);
#4815=ORIENTED_EDGE('',*,*,#3665,.T.);
#4816=ORIENTED_EDGE('',*,*,#3666,.T.);
#4817=ORIENTED_EDGE('',*,*,#3667,.T.);
#4818=ORIENTED_EDGE('',*,*,#3668,.T.);
#4819=ORIENTED_EDGE('',*,*,#3669,.T.);
#4820=ORIENTED_EDGE('',*,*,#3670,.T.);
#4821=ORIENTED_EDGE('',*,*,#3671,.T.);
#4822=ORIENTED_EDGE('',*,*,#3672,.T.);
#4823=ORIENTED_EDGE('',*,*,#3673,.T.);
#4824=ORIENTED_EDGE('',*,*,#3674,.T.);
#4825=ORIENTED_EDGE('',*,*,#3675,.T.);
#4826=ORIENTED_EDGE('',*,*,#3676,.T.);
#4827=ORIENTED_EDGE('',*,*,#3677,.T.);
#4828=ORIENTED_EDGE('',*,*,#3678,.T.);
#4829=ORIENTED_EDGE('',*,*,#3679,.T.);
#4830=ORIENTED_EDGE('',*,*,#3680,.T.);
#4831=ORIENTED_EDGE('',*,*,#3681,.T.);
#4832=ORIENTED_EDGE('',*,*,#3682,.T.);
#4833=ORIENTED_EDGE('',*,*,#3683,.T.);
#4834=ORIENTED_EDGE('',*,*,#3684,.T.);
#4835=ORIENTED_EDGE('',*,*,#3685,.T.);
#4836=ORIENTED_EDGE('',*,*,#3686,.T.);
#4837=ORIENTED_EDGE('',*,*,#3687,.T.);
#4838=ORIENTED_EDGE('',*,*,#3688,.T.);
#4839=ORIENTED_EDGE('',*,*,#3689,.T.);
#4840=ORIENTED_EDGE('',*,*,#3690,.T.);
#4841=ORIENTED_EDGE('',*,*,#3691,.T.);
#4842=ORIENTED_EDGE('',*,*,#3692,.T.);
#4843=ORIENTED_EDGE('',*,*,#3693,.T.);
#4844=ORIENTED_EDGE('',*,*,#3694,.T.);
#4845=ORIENTED_EDGE('',*,*,#3695,.T.);
#4846=ORIENTED_EDGE('',*,*,#3696,.T.);
#4847=ORIENTED_EDGE('',*,*,#3697,.T.);
#4848=ORIENTED_EDGE('',*,*,#3698,.T.);
#4849=ORIENTED_EDGE('',*,*,#3699,.T.);
#4850=ORIENTED_EDGE('',*,*,#3700,.T.);
#4851=ORIENTED_EDGE('',*,*,#3701,.T.);
#4852=ORIENTED_EDGE('',*,*,#3702,.T.);
#4853=ORIENTED_EDGE('',*,*,#3703,.T.);
#4854=ORIENTED_EDGE('',*,*,#3704,.T.);
#4855=ORIENTED_EDGE('',*,*,#3705,.T.);
#4856=ORIENTED_EDGE('',*,*,#3706,.T.);
#4857=ORIENTED_EDGE('',*,*,#3707,.T.);
#4858=ORIENTED_EDGE('',*,*,#3708,.T.);
#4859=ORIENTED_EDGE('',*,*,#3709,.T.);
#4860=ORIENTED_EDGE('',*,*,#3710,.T.);
#4861=ORIENTED_EDGE('',*,*,#3711,.T.);
#4862=ORIENTED_EDGE('',*,*,#3712,.T.);
#4863=ORIENTED_EDGE('',*,*,#3713,.T.);
#4864=ORIENTED_EDGE('',*,*,#3714,.T.);
#4865=ORIENTED_EDGE('',*,*,#3715,.T.);
#4866=ORIENTED_EDGE('',*,*,#3716,.T.);
#4867=ORIENTED_EDGE('',*,*,#3717,.T.);
#4868=ORIENTED_EDGE('',*,*,#3718,.T.);
#4869=ORIENTED_EDGE('',*,*,#3719,.T.);
#4870=ORIENTED_EDGE('',*,*,#3720,.T.);
#4871=ORIENTED_EDGE('',*,*,#3721,.T.);
#4872=ORIENTED_EDGE('',*,*,#3722,.T.);
#4873=ORIENTED_EDGE('',*,*,#3723,.T.);
#4874=ORIENTED_EDGE('',*,*,#3724,.T.);
#4875=ORIENTED_EDGE('',*,*,#3725,.T.);
#4876=ORIENTED_EDGE('',*,*,#3726,.T.);
#4877=ORIENTED_EDGE('',*,*,#3727,.T.);
#4878=ORIENTED_EDGE('',*,*,#3728,.T.);
#4879=ORIENTED_EDGE('',*,*,#3530,.F.);
#4880=ORIENTED_EDGE('',*,*,#3535,.F.);
#4881=ORIENTED_EDGE('',*,*,#3537,.F.);
#4882=ORIENTED_EDGE('',*,*,#3533,.F.);
#4883=ORIENTED_EDGE('',*,*,#3608,.F.);
#4884=ORIENTED_EDGE('',*,*,#3585,.F.);
#4885=ORIENTED_EDGE('',*,*,#3597,.F.);
#4886=ORIENTED_EDGE('',*,*,#3601,.F.);
#4887=ORIENTED_EDGE('',*,*,#3729,.T.);
#4888=ORIENTED_EDGE('',*,*,#3730,.T.);
#4889=ORIENTED_EDGE('',*,*,#3731,.T.);
#4890=ORIENTED_EDGE('',*,*,#3732,.T.);
#4891=ORIENTED_EDGE('',*,*,#3733,.T.);
#4892=ORIENTED_EDGE('',*,*,#3734,.T.);
#4893=ORIENTED_EDGE('',*,*,#3735,.T.);
#4894=ORIENTED_EDGE('',*,*,#3736,.T.);
#4895=ORIENTED_EDGE('',*,*,#3737,.T.);
#4896=ORIENTED_EDGE('',*,*,#3738,.T.);
#4897=ORIENTED_EDGE('',*,*,#3739,.T.);
#4898=ORIENTED_EDGE('',*,*,#3740,.T.);
#4899=ORIENTED_EDGE('',*,*,#3741,.T.);
#4900=ORIENTED_EDGE('',*,*,#3742,.T.);
#4901=ORIENTED_EDGE('',*,*,#3743,.T.);
#4902=ORIENTED_EDGE('',*,*,#3744,.T.);
#4903=ORIENTED_EDGE('',*,*,#3745,.T.);
#4904=ORIENTED_EDGE('',*,*,#3746,.T.);
#4905=ORIENTED_EDGE('',*,*,#3747,.T.);
#4906=ORIENTED_EDGE('',*,*,#3748,.T.);
#4907=ORIENTED_EDGE('',*,*,#3749,.T.);
#4908=ORIENTED_EDGE('',*,*,#3750,.T.);
#4909=ORIENTED_EDGE('',*,*,#3751,.T.);
#4910=ORIENTED_EDGE('',*,*,#3752,.T.);
#4911=ORIENTED_EDGE('',*,*,#3753,.T.);
#4912=ORIENTED_EDGE('',*,*,#3754,.T.);
#4913=ORIENTED_EDGE('',*,*,#3755,.T.);
#4914=ORIENTED_EDGE('',*,*,#3756,.T.);
#4915=ORIENTED_EDGE('',*,*,#3757,.T.);
#4916=ORIENTED_EDGE('',*,*,#3758,.T.);
#4917=ORIENTED_EDGE('',*,*,#3759,.T.);
#4918=ORIENTED_EDGE('',*,*,#3760,.T.);
#4919=ORIENTED_EDGE('',*,*,#3761,.T.);
#4920=ORIENTED_EDGE('',*,*,#3762,.T.);
#4921=ORIENTED_EDGE('',*,*,#3763,.T.);
#4922=ORIENTED_EDGE('',*,*,#3764,.T.);
#4923=ORIENTED_EDGE('',*,*,#3765,.T.);
#4924=ORIENTED_EDGE('',*,*,#3766,.T.);
#4925=ORIENTED_EDGE('',*,*,#3767,.T.);
#4926=ORIENTED_EDGE('',*,*,#3768,.T.);
#4927=ORIENTED_EDGE('',*,*,#3769,.T.);
#4928=ORIENTED_EDGE('',*,*,#3770,.T.);
#4929=ORIENTED_EDGE('',*,*,#3771,.T.);
#4930=ORIENTED_EDGE('',*,*,#3772,.T.);
#4931=ORIENTED_EDGE('',*,*,#3773,.T.);
#4932=ORIENTED_EDGE('',*,*,#3774,.T.);
#4933=ORIENTED_EDGE('',*,*,#3775,.T.);
#4934=ORIENTED_EDGE('',*,*,#3776,.T.);
#4935=ORIENTED_EDGE('',*,*,#3777,.T.);
#4936=ORIENTED_EDGE('',*,*,#3778,.T.);
#4937=ORIENTED_EDGE('',*,*,#3779,.T.);
#4938=ORIENTED_EDGE('',*,*,#3780,.T.);
#4939=ORIENTED_EDGE('',*,*,#3781,.T.);
#4940=ORIENTED_EDGE('',*,*,#3782,.T.);
#4941=ORIENTED_EDGE('',*,*,#3783,.T.);
#4942=ORIENTED_EDGE('',*,*,#3784,.T.);
#4943=ORIENTED_EDGE('',*,*,#3785,.T.);
#4944=ORIENTED_EDGE('',*,*,#3786,.T.);
#4945=ORIENTED_EDGE('',*,*,#3787,.T.);
#4946=ORIENTED_EDGE('',*,*,#3788,.T.);
#4947=ORIENTED_EDGE('',*,*,#3789,.T.);
#4948=ORIENTED_EDGE('',*,*,#3790,.T.);
#4949=ORIENTED_EDGE('',*,*,#3791,.T.);
#4950=ORIENTED_EDGE('',*,*,#3792,.T.);
#4951=ORIENTED_EDGE('',*,*,#3793,.T.);
#4952=ORIENTED_EDGE('',*,*,#3794,.T.);
#4953=ORIENTED_EDGE('',*,*,#3795,.T.);
#4954=ORIENTED_EDGE('',*,*,#3796,.T.);
#4955=ORIENTED_EDGE('',*,*,#3797,.T.);
#4956=ORIENTED_EDGE('',*,*,#3798,.T.);
#4957=ORIENTED_EDGE('',*,*,#3799,.T.);
#4958=ORIENTED_EDGE('',*,*,#3538,.F.);
#4959=ORIENTED_EDGE('',*,*,#3545,.T.);
#4960=ORIENTED_EDGE('',*,*,#3550,.T.);
#4961=ORIENTED_EDGE('',*,*,#3800,.F.);
#4962=ORIENTED_EDGE('',*,*,#3553,.T.);
#4963=ORIENTED_EDGE('',*,*,#3589,.T.);
#4964=ORIENTED_EDGE('',*,*,#3539,.T.);
#4965=ORIENTED_EDGE('',*,*,#3800,.T.);
#4966=ORIENTED_EDGE('',*,*,#3623,.T.);
#4967=ORIENTED_EDGE('',*,*,#3567,.T.);
#4968=ORIENTED_EDGE('',*,*,#3555,.T.);
#4969=ORIENTED_EDGE('',*,*,#3548,.T.);
#4970=ORIENTED_EDGE('',*,*,#3801,.F.);
#4971=ORIENTED_EDGE('',*,*,#3598,.F.);
#4972=ORIENTED_EDGE('',*,*,#3594,.T.);
#4973=ORIENTED_EDGE('',*,*,#3578,.T.);
#4974=ORIENTED_EDGE('',*,*,#3802,.F.);
#4975=ORIENTED_EDGE('',*,*,#3803,.F.);
#4976=ORIENTED_EDGE('',*,*,#3804,.F.);
#4977=ORIENTED_EDGE('',*,*,#3556,.F.);
#4978=ORIENTED_EDGE('',*,*,#3621,.T.);
#4979=ORIENTED_EDGE('',*,*,#3618,.F.);
#4980=ORIENTED_EDGE('',*,*,#3805,.F.);
#4981=ORIENTED_EDGE('',*,*,#3602,.F.);
#4982=ORIENTED_EDGE('',*,*,#3806,.F.);
#4983=ORIENTED_EDGE('',*,*,#3807,.F.);
#4984=ORIENTED_EDGE('',*,*,#3808,.F.);
#4985=ORIENTED_EDGE('',*,*,#3809,.F.);
#4986=ORIENTED_EDGE('',*,*,#3810,.F.);
#4987=ORIENTED_EDGE('',*,*,#3811,.T.);
#4988=ORIENTED_EDGE('',*,*,#3812,.T.);
#4989=ORIENTED_EDGE('',*,*,#3813,.T.);
#4990=ORIENTED_EDGE('',*,*,#3814,.F.);
#4991=ORIENTED_EDGE('',*,*,#3815,.F.);
#4992=ORIENTED_EDGE('',*,*,#3816,.F.);
#4993=ORIENTED_EDGE('',*,*,#3817,.F.);
#4994=ORIENTED_EDGE('',*,*,#3818,.F.);
#4995=ORIENTED_EDGE('',*,*,#3819,.T.);
#4996=ORIENTED_EDGE('',*,*,#3820,.T.);
#4997=ORIENTED_EDGE('',*,*,#3821,.T.);
#4998=ORIENTED_EDGE('',*,*,#3822,.F.);
#4999=ORIENTED_EDGE('',*,*,#3823,.T.);
#5000=ORIENTED_EDGE('',*,*,#3824,.T.);
#5001=ORIENTED_EDGE('',*,*,#3825,.T.);
#5002=ORIENTED_EDGE('',*,*,#3826,.F.);
#5003=ORIENTED_EDGE('',*,*,#3581,.T.);
#5004=ORIENTED_EDGE('',*,*,#3827,.T.);
#5005=ORIENTED_EDGE('',*,*,#3828,.F.);
#5006=ORIENTED_EDGE('',*,*,#3829,.F.);
#5007=ORIENTED_EDGE('',*,*,#3830,.T.);
#5008=ORIENTED_EDGE('',*,*,#3831,.F.);
#5009=ORIENTED_EDGE('',*,*,#3832,.F.);
#5010=ORIENTED_EDGE('',*,*,#3557,.T.);
#5011=ORIENTED_EDGE('',*,*,#3804,.T.);
#5012=ORIENTED_EDGE('',*,*,#3833,.F.);
#5013=ORIENTED_EDGE('',*,*,#3558,.T.);
#5014=ORIENTED_EDGE('',*,*,#3832,.T.);
#5015=ORIENTED_EDGE('',*,*,#3834,.F.);
#5016=ORIENTED_EDGE('',*,*,#3835,.F.);
#5017=ORIENTED_EDGE('',*,*,#3563,.T.);
#5018=ORIENTED_EDGE('',*,*,#3836,.T.);
#5019=ORIENTED_EDGE('',*,*,#3837,.F.);
#5020=ORIENTED_EDGE('',*,*,#3838,.F.);
#5021=ORIENTED_EDGE('',*,*,#3559,.T.);
#5022=ORIENTED_EDGE('',*,*,#3833,.T.);
#5023=ORIENTED_EDGE('',*,*,#3839,.F.);
#5024=ORIENTED_EDGE('',*,*,#3840,.F.);
#5025=ORIENTED_EDGE('',*,*,#3841,.F.);
#5026=ORIENTED_EDGE('',*,*,#3842,.F.);
#5027=ORIENTED_EDGE('',*,*,#3843,.F.);
#5028=ORIENTED_EDGE('',*,*,#3844,.F.);
#5029=ORIENTED_EDGE('',*,*,#3560,.T.);
#5030=ORIENTED_EDGE('',*,*,#3838,.T.);
#5031=ORIENTED_EDGE('',*,*,#3845,.F.);
#5032=ORIENTED_EDGE('',*,*,#3846,.F.);
#5033=ORIENTED_EDGE('',*,*,#3561,.T.);
#5034=ORIENTED_EDGE('',*,*,#3844,.T.);
#5035=ORIENTED_EDGE('',*,*,#3847,.F.);
#5036=ORIENTED_EDGE('',*,*,#3836,.F.);
#5037=ORIENTED_EDGE('',*,*,#3562,.T.);
#5038=ORIENTED_EDGE('',*,*,#3846,.T.);
#5039=ORIENTED_EDGE('',*,*,#3848,.F.);
#5040=ORIENTED_EDGE('',*,*,#3576,.F.);
#5041=ORIENTED_EDGE('',*,*,#3565,.T.);
#5042=ORIENTED_EDGE('',*,*,#3829,.T.);
#5043=ORIENTED_EDGE('',*,*,#3849,.F.);
#5044=ORIENTED_EDGE('',*,*,#3830,.F.);
#5045=ORIENTED_EDGE('',*,*,#3564,.T.);
#5046=ORIENTED_EDGE('',*,*,#3835,.T.);
#5047=ORIENTED_EDGE('',*,*,#3850,.F.);
#5048=ORIENTED_EDGE('',*,*,#3570,.T.);
#5049=ORIENTED_EDGE('',*,*,#3851,.F.);
#5050=ORIENTED_EDGE('',*,*,#3852,.F.);
#5051=ORIENTED_EDGE('',*,*,#3573,.T.);
#5052=ORIENTED_EDGE('',*,*,#3849,.T.);
#5053=ORIENTED_EDGE('',*,*,#3828,.T.);
#5054=ORIENTED_EDGE('',*,*,#3574,.T.);
#5055=ORIENTED_EDGE('',*,*,#3852,.T.);
#5056=ORIENTED_EDGE('',*,*,#3827,.F.);
#5057=ORIENTED_EDGE('',*,*,#3580,.F.);
#5058=ORIENTED_EDGE('',*,*,#3853,.F.);
#5059=ORIENTED_EDGE('',*,*,#3854,.F.);
#5060=ORIENTED_EDGE('',*,*,#3855,.T.);
#5061=ORIENTED_EDGE('',*,*,#3856,.T.);
#5062=ORIENTED_EDGE('',*,*,#3582,.T.);
#5063=ORIENTED_EDGE('',*,*,#3826,.T.);
#5064=ORIENTED_EDGE('',*,*,#3857,.T.);
#5065=ORIENTED_EDGE('',*,*,#3858,.F.);
#5066=ORIENTED_EDGE('',*,*,#3802,.T.);
#5067=ORIENTED_EDGE('',*,*,#3583,.T.);
#5068=ORIENTED_EDGE('',*,*,#3856,.F.);
#5069=ORIENTED_EDGE('',*,*,#3590,.F.);
#5070=ORIENTED_EDGE('',*,*,#3613,.T.);
#5071=ORIENTED_EDGE('',*,*,#3859,.T.);
#5072=ORIENTED_EDGE('',*,*,#3860,.F.);
#5073=ORIENTED_EDGE('',*,*,#3861,.F.);
#5074=ORIENTED_EDGE('',*,*,#3862,.T.);
#5075=ORIENTED_EDGE('',*,*,#3863,.T.);
#5076=ORIENTED_EDGE('',*,*,#3591,.F.);
#5077=ORIENTED_EDGE('',*,*,#3609,.T.);
#5078=ORIENTED_EDGE('',*,*,#3606,.T.);
#5079=ORIENTED_EDGE('',*,*,#3864,.F.);
#5080=ORIENTED_EDGE('',*,*,#3614,.F.);
#5081=ORIENTED_EDGE('',*,*,#3615,.T.);
#5082=ORIENTED_EDGE('',*,*,#3864,.T.);
#5083=ORIENTED_EDGE('',*,*,#3605,.T.);
#5084=ORIENTED_EDGE('',*,*,#3865,.T.);
#5085=ORIENTED_EDGE('',*,*,#3604,.T.);
#5086=ORIENTED_EDGE('',*,*,#3866,.T.);
#5087=ORIENTED_EDGE('',*,*,#3616,.T.);
#5088=ORIENTED_EDGE('',*,*,#3865,.F.);
#5089=ORIENTED_EDGE('',*,*,#3603,.T.);
#5090=ORIENTED_EDGE('',*,*,#3805,.T.);
#5091=ORIENTED_EDGE('',*,*,#3617,.F.);
#5092=ORIENTED_EDGE('',*,*,#3866,.F.);
#5093=ORIENTED_EDGE('',*,*,#3859,.F.);
#5094=ORIENTED_EDGE('',*,*,#3612,.F.);
#5095=ORIENTED_EDGE('',*,*,#3626,.F.);
#5096=ORIENTED_EDGE('',*,*,#3867,.F.);
#5097=ORIENTED_EDGE('',*,*,#3863,.F.);
#5098=ORIENTED_EDGE('',*,*,#3868,.T.);
#5099=ORIENTED_EDGE('',*,*,#3869,.T.);
#5100=ORIENTED_EDGE('',*,*,#3625,.F.);
#5101=ORIENTED_EDGE('',*,*,#3870,.T.);
#5102=ORIENTED_EDGE('',*,*,#3871,.T.);
#5103=ORIENTED_EDGE('',*,*,#3872,.F.);
#5104=ORIENTED_EDGE('',*,*,#3627,.F.);
#5105=ORIENTED_EDGE('',*,*,#3873,.T.);
#5106=ORIENTED_EDGE('',*,*,#3874,.T.);
#5107=ORIENTED_EDGE('',*,*,#3870,.F.);
#5108=ORIENTED_EDGE('',*,*,#3640,.F.);
#5109=ORIENTED_EDGE('',*,*,#3872,.T.);
#5110=ORIENTED_EDGE('',*,*,#3875,.T.);
#5111=ORIENTED_EDGE('',*,*,#3876,.F.);
#5112=ORIENTED_EDGE('',*,*,#3628,.F.);
#5113=ORIENTED_EDGE('',*,*,#3877,.T.);
#5114=ORIENTED_EDGE('',*,*,#3878,.T.);
#5115=ORIENTED_EDGE('',*,*,#3873,.F.);
#5116=ORIENTED_EDGE('',*,*,#3639,.F.);
#5117=ORIENTED_EDGE('',*,*,#3876,.T.);
#5118=ORIENTED_EDGE('',*,*,#3879,.T.);
#5119=ORIENTED_EDGE('',*,*,#3880,.F.);
#5120=ORIENTED_EDGE('',*,*,#3629,.F.);
#5121=ORIENTED_EDGE('',*,*,#3881,.T.);
#5122=ORIENTED_EDGE('',*,*,#3882,.T.);
#5123=ORIENTED_EDGE('',*,*,#3877,.F.);
#5124=ORIENTED_EDGE('',*,*,#3638,.F.);
#5125=ORIENTED_EDGE('',*,*,#3880,.T.);
#5126=ORIENTED_EDGE('',*,*,#3883,.T.);
#5127=ORIENTED_EDGE('',*,*,#3884,.F.);
#5128=ORIENTED_EDGE('',*,*,#3630,.F.);
#5129=ORIENTED_EDGE('',*,*,#3885,.T.);
#5130=ORIENTED_EDGE('',*,*,#3886,.T.);
#5131=ORIENTED_EDGE('',*,*,#3881,.F.);
#5132=ORIENTED_EDGE('',*,*,#3637,.F.);
#5133=ORIENTED_EDGE('',*,*,#3884,.T.);
#5134=ORIENTED_EDGE('',*,*,#3887,.T.);
#5135=ORIENTED_EDGE('',*,*,#3888,.F.);
#5136=ORIENTED_EDGE('',*,*,#3631,.F.);
#5137=ORIENTED_EDGE('',*,*,#3889,.T.);
#5138=ORIENTED_EDGE('',*,*,#3890,.T.);
#5139=ORIENTED_EDGE('',*,*,#3885,.F.);
#5140=ORIENTED_EDGE('',*,*,#3636,.F.);
#5141=ORIENTED_EDGE('',*,*,#3888,.T.);
#5142=ORIENTED_EDGE('',*,*,#3891,.T.);
#5143=ORIENTED_EDGE('',*,*,#3892,.F.);
#5144=ORIENTED_EDGE('',*,*,#3632,.F.);
#5145=ORIENTED_EDGE('',*,*,#3893,.T.);
#5146=ORIENTED_EDGE('',*,*,#3894,.T.);
#5147=ORIENTED_EDGE('',*,*,#3889,.F.);
#5148=ORIENTED_EDGE('',*,*,#3635,.F.);
#5149=ORIENTED_EDGE('',*,*,#3892,.T.);
#5150=ORIENTED_EDGE('',*,*,#3895,.T.);
#5151=ORIENTED_EDGE('',*,*,#3896,.F.);
#5152=ORIENTED_EDGE('',*,*,#3633,.F.);
#5153=ORIENTED_EDGE('',*,*,#3896,.T.);
#5154=ORIENTED_EDGE('',*,*,#3897,.T.);
#5155=ORIENTED_EDGE('',*,*,#3893,.F.);
#5156=ORIENTED_EDGE('',*,*,#3634,.F.);
#5157=ORIENTED_EDGE('',*,*,#3898,.T.);
#5158=ORIENTED_EDGE('',*,*,#3899,.T.);
#5159=ORIENTED_EDGE('',*,*,#3900,.F.);
#5160=ORIENTED_EDGE('',*,*,#3641,.F.);
#5161=ORIENTED_EDGE('',*,*,#3901,.T.);
#5162=ORIENTED_EDGE('',*,*,#3902,.T.);
#5163=ORIENTED_EDGE('',*,*,#3898,.F.);
#5164=ORIENTED_EDGE('',*,*,#3658,.F.);
#5165=ORIENTED_EDGE('',*,*,#3900,.T.);
#5166=ORIENTED_EDGE('',*,*,#3903,.T.);
#5167=ORIENTED_EDGE('',*,*,#3904,.F.);
#5168=ORIENTED_EDGE('',*,*,#3642,.F.);
#5169=ORIENTED_EDGE('',*,*,#3905,.T.);
#5170=ORIENTED_EDGE('',*,*,#3906,.T.);
#5171=ORIENTED_EDGE('',*,*,#3901,.F.);
#5172=ORIENTED_EDGE('',*,*,#3657,.F.);
#5173=ORIENTED_EDGE('',*,*,#3904,.T.);
#5174=ORIENTED_EDGE('',*,*,#3907,.T.);
#5175=ORIENTED_EDGE('',*,*,#3908,.F.);
#5176=ORIENTED_EDGE('',*,*,#3643,.F.);
#5177=ORIENTED_EDGE('',*,*,#3909,.T.);
#5178=ORIENTED_EDGE('',*,*,#3910,.T.);
#5179=ORIENTED_EDGE('',*,*,#3905,.F.);
#5180=ORIENTED_EDGE('',*,*,#3656,.F.);
#5181=ORIENTED_EDGE('',*,*,#3908,.T.);
#5182=ORIENTED_EDGE('',*,*,#3911,.T.);
#5183=ORIENTED_EDGE('',*,*,#3912,.F.);
#5184=ORIENTED_EDGE('',*,*,#3644,.F.);
#5185=ORIENTED_EDGE('',*,*,#3913,.T.);
#5186=ORIENTED_EDGE('',*,*,#3914,.T.);
#5187=ORIENTED_EDGE('',*,*,#3909,.F.);
#5188=ORIENTED_EDGE('',*,*,#3655,.F.);
#5189=ORIENTED_EDGE('',*,*,#3912,.T.);
#5190=ORIENTED_EDGE('',*,*,#3915,.T.);
#5191=ORIENTED_EDGE('',*,*,#3916,.F.);
#5192=ORIENTED_EDGE('',*,*,#3645,.F.);
#5193=ORIENTED_EDGE('',*,*,#3917,.T.);
#5194=ORIENTED_EDGE('',*,*,#3918,.T.);
#5195=ORIENTED_EDGE('',*,*,#3913,.F.);
#5196=ORIENTED_EDGE('',*,*,#3654,.F.);
#5197=ORIENTED_EDGE('',*,*,#3916,.T.);
#5198=ORIENTED_EDGE('',*,*,#3919,.T.);
#5199=ORIENTED_EDGE('',*,*,#3920,.F.);
#5200=ORIENTED_EDGE('',*,*,#3646,.F.);
#5201=ORIENTED_EDGE('',*,*,#3921,.T.);
#5202=ORIENTED_EDGE('',*,*,#3922,.T.);
#5203=ORIENTED_EDGE('',*,*,#3917,.F.);
#5204=ORIENTED_EDGE('',*,*,#3653,.F.);
#5205=ORIENTED_EDGE('',*,*,#3920,.T.);
#5206=ORIENTED_EDGE('',*,*,#3923,.T.);
#5207=ORIENTED_EDGE('',*,*,#3924,.F.);
#5208=ORIENTED_EDGE('',*,*,#3647,.F.);
#5209=ORIENTED_EDGE('',*,*,#3925,.T.);
#5210=ORIENTED_EDGE('',*,*,#3926,.T.);
#5211=ORIENTED_EDGE('',*,*,#3921,.F.);
#5212=ORIENTED_EDGE('',*,*,#3652,.F.);
#5213=ORIENTED_EDGE('',*,*,#3924,.T.);
#5214=ORIENTED_EDGE('',*,*,#3927,.T.);
#5215=ORIENTED_EDGE('',*,*,#3928,.F.);
#5216=ORIENTED_EDGE('',*,*,#3648,.F.);
#5217=ORIENTED_EDGE('',*,*,#3929,.T.);
#5218=ORIENTED_EDGE('',*,*,#3930,.T.);
#5219=ORIENTED_EDGE('',*,*,#3925,.F.);
#5220=ORIENTED_EDGE('',*,*,#3651,.F.);
#5221=ORIENTED_EDGE('',*,*,#3928,.T.);
#5222=ORIENTED_EDGE('',*,*,#3931,.T.);
#5223=ORIENTED_EDGE('',*,*,#3932,.F.);
#5224=ORIENTED_EDGE('',*,*,#3649,.F.);
#5225=ORIENTED_EDGE('',*,*,#3932,.T.);
#5226=ORIENTED_EDGE('',*,*,#3933,.T.);
#5227=ORIENTED_EDGE('',*,*,#3929,.F.);
#5228=ORIENTED_EDGE('',*,*,#3650,.F.);
#5229=ORIENTED_EDGE('',*,*,#3934,.T.);
#5230=ORIENTED_EDGE('',*,*,#3935,.T.);
#5231=ORIENTED_EDGE('',*,*,#3936,.F.);
#5232=ORIENTED_EDGE('',*,*,#3659,.F.);
#5233=ORIENTED_EDGE('',*,*,#3937,.T.);
#5234=ORIENTED_EDGE('',*,*,#3938,.T.);
#5235=ORIENTED_EDGE('',*,*,#3934,.F.);
#5236=ORIENTED_EDGE('',*,*,#3689,.F.);
#5237=ORIENTED_EDGE('',*,*,#3936,.T.);
#5238=ORIENTED_EDGE('',*,*,#3939,.T.);
#5239=ORIENTED_EDGE('',*,*,#3940,.F.);
#5240=ORIENTED_EDGE('',*,*,#3660,.F.);
#5241=ORIENTED_EDGE('',*,*,#3941,.T.);
#5242=ORIENTED_EDGE('',*,*,#3942,.T.);
#5243=ORIENTED_EDGE('',*,*,#3937,.F.);
#5244=ORIENTED_EDGE('',*,*,#3688,.F.);
#5245=ORIENTED_EDGE('',*,*,#3940,.T.);
#5246=ORIENTED_EDGE('',*,*,#3943,.T.);
#5247=ORIENTED_EDGE('',*,*,#3944,.F.);
#5248=ORIENTED_EDGE('',*,*,#3661,.F.);
#5249=ORIENTED_EDGE('',*,*,#3945,.T.);
#5250=ORIENTED_EDGE('',*,*,#3946,.T.);
#5251=ORIENTED_EDGE('',*,*,#3941,.F.);
#5252=ORIENTED_EDGE('',*,*,#3687,.F.);
#5253=ORIENTED_EDGE('',*,*,#3944,.T.);
#5254=ORIENTED_EDGE('',*,*,#3947,.T.);
#5255=ORIENTED_EDGE('',*,*,#3948,.F.);
#5256=ORIENTED_EDGE('',*,*,#3662,.F.);
#5257=ORIENTED_EDGE('',*,*,#3949,.T.);
#5258=ORIENTED_EDGE('',*,*,#3950,.T.);
#5259=ORIENTED_EDGE('',*,*,#3945,.F.);
#5260=ORIENTED_EDGE('',*,*,#3686,.F.);
#5261=ORIENTED_EDGE('',*,*,#3948,.T.);
#5262=ORIENTED_EDGE('',*,*,#3951,.T.);
#5263=ORIENTED_EDGE('',*,*,#3952,.F.);
#5264=ORIENTED_EDGE('',*,*,#3663,.F.);
#5265=ORIENTED_EDGE('',*,*,#3953,.T.);
#5266=ORIENTED_EDGE('',*,*,#3954,.T.);
#5267=ORIENTED_EDGE('',*,*,#3949,.F.);
#5268=ORIENTED_EDGE('',*,*,#3685,.F.);
#5269=ORIENTED_EDGE('',*,*,#3952,.T.);
#5270=ORIENTED_EDGE('',*,*,#3955,.T.);
#5271=ORIENTED_EDGE('',*,*,#3956,.F.);
#5272=ORIENTED_EDGE('',*,*,#3664,.F.);
#5273=ORIENTED_EDGE('',*,*,#3957,.T.);
#5274=ORIENTED_EDGE('',*,*,#3958,.T.);
#5275=ORIENTED_EDGE('',*,*,#3953,.F.);
#5276=ORIENTED_EDGE('',*,*,#3684,.F.);
#5277=ORIENTED_EDGE('',*,*,#3956,.T.);
#5278=ORIENTED_EDGE('',*,*,#3959,.T.);
#5279=ORIENTED_EDGE('',*,*,#3960,.F.);
#5280=ORIENTED_EDGE('',*,*,#3665,.F.);
#5281=ORIENTED_EDGE('',*,*,#3961,.T.);
#5282=ORIENTED_EDGE('',*,*,#3962,.T.);
#5283=ORIENTED_EDGE('',*,*,#3957,.F.);
#5284=ORIENTED_EDGE('',*,*,#3683,.F.);
#5285=ORIENTED_EDGE('',*,*,#3960,.T.);
#5286=ORIENTED_EDGE('',*,*,#3963,.T.);
#5287=ORIENTED_EDGE('',*,*,#3964,.F.);
#5288=ORIENTED_EDGE('',*,*,#3666,.F.);
#5289=ORIENTED_EDGE('',*,*,#3965,.T.);
#5290=ORIENTED_EDGE('',*,*,#3966,.T.);
#5291=ORIENTED_EDGE('',*,*,#3961,.F.);
#5292=ORIENTED_EDGE('',*,*,#3682,.F.);
#5293=ORIENTED_EDGE('',*,*,#3964,.T.);
#5294=ORIENTED_EDGE('',*,*,#3967,.T.);
#5295=ORIENTED_EDGE('',*,*,#3968,.F.);
#5296=ORIENTED_EDGE('',*,*,#3667,.F.);
#5297=ORIENTED_EDGE('',*,*,#3969,.T.);
#5298=ORIENTED_EDGE('',*,*,#3970,.T.);
#5299=ORIENTED_EDGE('',*,*,#3965,.F.);
#5300=ORIENTED_EDGE('',*,*,#3681,.F.);
#5301=ORIENTED_EDGE('',*,*,#3968,.T.);
#5302=ORIENTED_EDGE('',*,*,#3971,.T.);
#5303=ORIENTED_EDGE('',*,*,#3972,.F.);
#5304=ORIENTED_EDGE('',*,*,#3668,.F.);
#5305=ORIENTED_EDGE('',*,*,#3973,.T.);
#5306=ORIENTED_EDGE('',*,*,#3974,.T.);
#5307=ORIENTED_EDGE('',*,*,#3969,.F.);
#5308=ORIENTED_EDGE('',*,*,#3680,.F.);
#5309=ORIENTED_EDGE('',*,*,#3972,.T.);
#5310=ORIENTED_EDGE('',*,*,#3975,.T.);
#5311=ORIENTED_EDGE('',*,*,#3976,.F.);
#5312=ORIENTED_EDGE('',*,*,#3669,.F.);
#5313=ORIENTED_EDGE('',*,*,#3977,.T.);
#5314=ORIENTED_EDGE('',*,*,#3978,.T.);
#5315=ORIENTED_EDGE('',*,*,#3973,.F.);
#5316=ORIENTED_EDGE('',*,*,#3679,.F.);
#5317=ORIENTED_EDGE('',*,*,#3976,.T.);
#5318=ORIENTED_EDGE('',*,*,#3979,.T.);
#5319=ORIENTED_EDGE('',*,*,#3980,.F.);
#5320=ORIENTED_EDGE('',*,*,#3670,.F.);
#5321=ORIENTED_EDGE('',*,*,#3981,.T.);
#5322=ORIENTED_EDGE('',*,*,#3982,.T.);
#5323=ORIENTED_EDGE('',*,*,#3977,.F.);
#5324=ORIENTED_EDGE('',*,*,#3678,.F.);
#5325=ORIENTED_EDGE('',*,*,#3980,.T.);
#5326=ORIENTED_EDGE('',*,*,#3983,.T.);
#5327=ORIENTED_EDGE('',*,*,#3984,.F.);
#5328=ORIENTED_EDGE('',*,*,#3671,.F.);
#5329=ORIENTED_EDGE('',*,*,#3985,.T.);
#5330=ORIENTED_EDGE('',*,*,#3986,.T.);
#5331=ORIENTED_EDGE('',*,*,#3981,.F.);
#5332=ORIENTED_EDGE('',*,*,#3677,.F.);
#5333=ORIENTED_EDGE('',*,*,#3984,.T.);
#5334=ORIENTED_EDGE('',*,*,#3987,.T.);
#5335=ORIENTED_EDGE('',*,*,#3988,.F.);
#5336=ORIENTED_EDGE('',*,*,#3672,.F.);
#5337=ORIENTED_EDGE('',*,*,#3989,.T.);
#5338=ORIENTED_EDGE('',*,*,#3990,.T.);
#5339=ORIENTED_EDGE('',*,*,#3985,.F.);
#5340=ORIENTED_EDGE('',*,*,#3676,.F.);
#5341=ORIENTED_EDGE('',*,*,#3988,.T.);
#5342=ORIENTED_EDGE('',*,*,#3991,.T.);
#5343=ORIENTED_EDGE('',*,*,#3992,.F.);
#5344=ORIENTED_EDGE('',*,*,#3673,.F.);
#5345=ORIENTED_EDGE('',*,*,#3993,.T.);
#5346=ORIENTED_EDGE('',*,*,#3994,.T.);
#5347=ORIENTED_EDGE('',*,*,#3989,.F.);
#5348=ORIENTED_EDGE('',*,*,#3675,.F.);
#5349=ORIENTED_EDGE('',*,*,#3992,.T.);
#5350=ORIENTED_EDGE('',*,*,#3995,.T.);
#5351=ORIENTED_EDGE('',*,*,#3993,.F.);
#5352=ORIENTED_EDGE('',*,*,#3674,.F.);
#5353=ORIENTED_EDGE('',*,*,#3996,.T.);
#5354=ORIENTED_EDGE('',*,*,#3997,.T.);
#5355=ORIENTED_EDGE('',*,*,#3998,.F.);
#5356=ORIENTED_EDGE('',*,*,#3690,.F.);
#5357=ORIENTED_EDGE('',*,*,#3999,.T.);
#5358=ORIENTED_EDGE('',*,*,#4000,.T.);
#5359=ORIENTED_EDGE('',*,*,#3996,.F.);
#5360=ORIENTED_EDGE('',*,*,#3707,.F.);
#5361=ORIENTED_EDGE('',*,*,#3998,.T.);
#5362=ORIENTED_EDGE('',*,*,#4001,.T.);
#5363=ORIENTED_EDGE('',*,*,#4002,.F.);
#5364=ORIENTED_EDGE('',*,*,#3691,.F.);
#5365=ORIENTED_EDGE('',*,*,#4003,.T.);
#5366=ORIENTED_EDGE('',*,*,#4004,.T.);
#5367=ORIENTED_EDGE('',*,*,#3999,.F.);
#5368=ORIENTED_EDGE('',*,*,#3706,.F.);
#5369=ORIENTED_EDGE('',*,*,#4002,.T.);
#5370=ORIENTED_EDGE('',*,*,#4005,.T.);
#5371=ORIENTED_EDGE('',*,*,#4006,.F.);
#5372=ORIENTED_EDGE('',*,*,#3692,.F.);
#5373=ORIENTED_EDGE('',*,*,#4007,.T.);
#5374=ORIENTED_EDGE('',*,*,#4008,.T.);
#5375=ORIENTED_EDGE('',*,*,#4003,.F.);
#5376=ORIENTED_EDGE('',*,*,#3705,.F.);
#5377=ORIENTED_EDGE('',*,*,#4006,.T.);
#5378=ORIENTED_EDGE('',*,*,#4009,.T.);
#5379=ORIENTED_EDGE('',*,*,#4010,.F.);
#5380=ORIENTED_EDGE('',*,*,#3693,.F.);
#5381=ORIENTED_EDGE('',*,*,#4011,.T.);
#5382=ORIENTED_EDGE('',*,*,#4012,.T.);
#5383=ORIENTED_EDGE('',*,*,#4007,.F.);
#5384=ORIENTED_EDGE('',*,*,#3704,.F.);
#5385=ORIENTED_EDGE('',*,*,#4010,.T.);
#5386=ORIENTED_EDGE('',*,*,#4013,.T.);
#5387=ORIENTED_EDGE('',*,*,#4014,.F.);
#5388=ORIENTED_EDGE('',*,*,#3694,.F.);
#5389=ORIENTED_EDGE('',*,*,#4015,.T.);
#5390=ORIENTED_EDGE('',*,*,#4016,.T.);
#5391=ORIENTED_EDGE('',*,*,#4011,.F.);
#5392=ORIENTED_EDGE('',*,*,#3703,.F.);
#5393=ORIENTED_EDGE('',*,*,#4014,.T.);
#5394=ORIENTED_EDGE('',*,*,#4017,.T.);
#5395=ORIENTED_EDGE('',*,*,#4018,.F.);
#5396=ORIENTED_EDGE('',*,*,#3695,.F.);
#5397=ORIENTED_EDGE('',*,*,#4019,.T.);
#5398=ORIENTED_EDGE('',*,*,#4020,.T.);
#5399=ORIENTED_EDGE('',*,*,#4015,.F.);
#5400=ORIENTED_EDGE('',*,*,#3702,.F.);
#5401=ORIENTED_EDGE('',*,*,#4018,.T.);
#5402=ORIENTED_EDGE('',*,*,#4021,.T.);
#5403=ORIENTED_EDGE('',*,*,#4022,.F.);
#5404=ORIENTED_EDGE('',*,*,#3696,.F.);
#5405=ORIENTED_EDGE('',*,*,#4023,.T.);
#5406=ORIENTED_EDGE('',*,*,#4024,.T.);
#5407=ORIENTED_EDGE('',*,*,#4019,.F.);
#5408=ORIENTED_EDGE('',*,*,#3701,.F.);
#5409=ORIENTED_EDGE('',*,*,#4022,.T.);
#5410=ORIENTED_EDGE('',*,*,#4025,.T.);
#5411=ORIENTED_EDGE('',*,*,#4026,.F.);
#5412=ORIENTED_EDGE('',*,*,#3697,.F.);
#5413=ORIENTED_EDGE('',*,*,#4027,.T.);
#5414=ORIENTED_EDGE('',*,*,#4028,.T.);
#5415=ORIENTED_EDGE('',*,*,#4023,.F.);
#5416=ORIENTED_EDGE('',*,*,#3700,.F.);
#5417=ORIENTED_EDGE('',*,*,#4026,.T.);
#5418=ORIENTED_EDGE('',*,*,#4029,.T.);
#5419=ORIENTED_EDGE('',*,*,#4030,.F.);
#5420=ORIENTED_EDGE('',*,*,#3698,.F.);
#5421=ORIENTED_EDGE('',*,*,#4030,.T.);
#5422=ORIENTED_EDGE('',*,*,#4031,.T.);
#5423=ORIENTED_EDGE('',*,*,#4027,.F.);
#5424=ORIENTED_EDGE('',*,*,#3699,.F.);
#5425=ORIENTED_EDGE('',*,*,#4032,.T.);
#5426=ORIENTED_EDGE('',*,*,#4033,.T.);
#5427=ORIENTED_EDGE('',*,*,#4034,.F.);
#5428=ORIENTED_EDGE('',*,*,#3708,.F.);
#5429=ORIENTED_EDGE('',*,*,#4035,.T.);
#5430=ORIENTED_EDGE('',*,*,#4036,.T.);
#5431=ORIENTED_EDGE('',*,*,#4032,.F.);
#5432=ORIENTED_EDGE('',*,*,#3728,.F.);
#5433=ORIENTED_EDGE('',*,*,#4034,.T.);
#5434=ORIENTED_EDGE('',*,*,#4037,.T.);
#5435=ORIENTED_EDGE('',*,*,#4038,.F.);
#5436=ORIENTED_EDGE('',*,*,#3709,.F.);
#5437=ORIENTED_EDGE('',*,*,#4039,.T.);
#5438=ORIENTED_EDGE('',*,*,#4040,.T.);
#5439=ORIENTED_EDGE('',*,*,#4035,.F.);
#5440=ORIENTED_EDGE('',*,*,#3727,.F.);
#5441=ORIENTED_EDGE('',*,*,#4038,.T.);
#5442=ORIENTED_EDGE('',*,*,#4041,.T.);
#5443=ORIENTED_EDGE('',*,*,#4042,.F.);
#5444=ORIENTED_EDGE('',*,*,#3710,.F.);
#5445=ORIENTED_EDGE('',*,*,#4043,.T.);
#5446=ORIENTED_EDGE('',*,*,#4044,.T.);
#5447=ORIENTED_EDGE('',*,*,#4039,.F.);
#5448=ORIENTED_EDGE('',*,*,#3726,.F.);
#5449=ORIENTED_EDGE('',*,*,#4042,.T.);
#5450=ORIENTED_EDGE('',*,*,#4045,.T.);
#5451=ORIENTED_EDGE('',*,*,#4046,.F.);
#5452=ORIENTED_EDGE('',*,*,#3711,.F.);
#5453=ORIENTED_EDGE('',*,*,#4047,.T.);
#5454=ORIENTED_EDGE('',*,*,#4048,.T.);
#5455=ORIENTED_EDGE('',*,*,#4043,.F.);
#5456=ORIENTED_EDGE('',*,*,#3725,.F.);
#5457=ORIENTED_EDGE('',*,*,#4046,.T.);
#5458=ORIENTED_EDGE('',*,*,#4049,.T.);
#5459=ORIENTED_EDGE('',*,*,#4050,.F.);
#5460=ORIENTED_EDGE('',*,*,#3712,.F.);
#5461=ORIENTED_EDGE('',*,*,#4051,.T.);
#5462=ORIENTED_EDGE('',*,*,#4052,.T.);
#5463=ORIENTED_EDGE('',*,*,#4047,.F.);
#5464=ORIENTED_EDGE('',*,*,#3724,.F.);
#5465=ORIENTED_EDGE('',*,*,#4050,.T.);
#5466=ORIENTED_EDGE('',*,*,#4053,.T.);
#5467=ORIENTED_EDGE('',*,*,#4054,.F.);
#5468=ORIENTED_EDGE('',*,*,#3713,.F.);
#5469=ORIENTED_EDGE('',*,*,#4055,.T.);
#5470=ORIENTED_EDGE('',*,*,#4056,.T.);
#5471=ORIENTED_EDGE('',*,*,#4051,.F.);
#5472=ORIENTED_EDGE('',*,*,#3723,.F.);
#5473=ORIENTED_EDGE('',*,*,#4054,.T.);
#5474=ORIENTED_EDGE('',*,*,#4057,.T.);
#5475=ORIENTED_EDGE('',*,*,#4058,.F.);
#5476=ORIENTED_EDGE('',*,*,#3714,.F.);
#5477=ORIENTED_EDGE('',*,*,#4059,.T.);
#5478=ORIENTED_EDGE('',*,*,#4060,.T.);
#5479=ORIENTED_EDGE('',*,*,#4055,.F.);
#5480=ORIENTED_EDGE('',*,*,#3722,.F.);
#5481=ORIENTED_EDGE('',*,*,#4058,.T.);
#5482=ORIENTED_EDGE('',*,*,#4061,.T.);
#5483=ORIENTED_EDGE('',*,*,#4062,.F.);
#5484=ORIENTED_EDGE('',*,*,#3715,.F.);
#5485=ORIENTED_EDGE('',*,*,#4063,.T.);
#5486=ORIENTED_EDGE('',*,*,#4064,.T.);
#5487=ORIENTED_EDGE('',*,*,#4059,.F.);
#5488=ORIENTED_EDGE('',*,*,#3721,.F.);
#5489=ORIENTED_EDGE('',*,*,#4062,.T.);
#5490=ORIENTED_EDGE('',*,*,#4065,.T.);
#5491=ORIENTED_EDGE('',*,*,#4066,.F.);
#5492=ORIENTED_EDGE('',*,*,#3716,.F.);
#5493=ORIENTED_EDGE('',*,*,#4067,.T.);
#5494=ORIENTED_EDGE('',*,*,#4068,.T.);
#5495=ORIENTED_EDGE('',*,*,#4063,.F.);
#5496=ORIENTED_EDGE('',*,*,#3720,.F.);
#5497=ORIENTED_EDGE('',*,*,#4066,.T.);
#5498=ORIENTED_EDGE('',*,*,#4069,.T.);
#5499=ORIENTED_EDGE('',*,*,#4070,.F.);
#5500=ORIENTED_EDGE('',*,*,#3717,.F.);
#5501=ORIENTED_EDGE('',*,*,#4071,.T.);
#5502=ORIENTED_EDGE('',*,*,#4072,.T.);
#5503=ORIENTED_EDGE('',*,*,#4067,.F.);
#5504=ORIENTED_EDGE('',*,*,#3719,.F.);
#5505=ORIENTED_EDGE('',*,*,#4070,.T.);
#5506=ORIENTED_EDGE('',*,*,#4073,.T.);
#5507=ORIENTED_EDGE('',*,*,#4071,.F.);
#5508=ORIENTED_EDGE('',*,*,#3718,.F.);
#5509=ORIENTED_EDGE('',*,*,#3729,.F.);
#5510=ORIENTED_EDGE('',*,*,#3801,.T.);
#5511=ORIENTED_EDGE('',*,*,#4074,.T.);
#5512=ORIENTED_EDGE('',*,*,#4075,.T.);
#5513=ORIENTED_EDGE('',*,*,#4076,.F.);
#5514=ORIENTED_EDGE('',*,*,#3730,.F.);
#5515=ORIENTED_EDGE('',*,*,#4077,.T.);
#5516=ORIENTED_EDGE('',*,*,#4078,.T.);
#5517=ORIENTED_EDGE('',*,*,#4074,.F.);
#5518=ORIENTED_EDGE('',*,*,#3743,.F.);
#5519=ORIENTED_EDGE('',*,*,#4079,.T.);
#5520=ORIENTED_EDGE('',*,*,#4080,.T.);
#5521=ORIENTED_EDGE('',*,*,#4077,.F.);
#5522=ORIENTED_EDGE('',*,*,#3742,.F.);
#5523=ORIENTED_EDGE('',*,*,#4081,.T.);
#5524=ORIENTED_EDGE('',*,*,#4082,.T.);
#5525=ORIENTED_EDGE('',*,*,#4079,.F.);
#5526=ORIENTED_EDGE('',*,*,#3741,.F.);
#5527=ORIENTED_EDGE('',*,*,#4083,.T.);
#5528=ORIENTED_EDGE('',*,*,#4084,.T.);
#5529=ORIENTED_EDGE('',*,*,#4081,.F.);
#5530=ORIENTED_EDGE('',*,*,#3740,.F.);
#5531=ORIENTED_EDGE('',*,*,#4085,.T.);
#5532=ORIENTED_EDGE('',*,*,#4086,.T.);
#5533=ORIENTED_EDGE('',*,*,#4083,.F.);
#5534=ORIENTED_EDGE('',*,*,#3739,.F.);
#5535=ORIENTED_EDGE('',*,*,#4087,.T.);
#5536=ORIENTED_EDGE('',*,*,#4088,.T.);
#5537=ORIENTED_EDGE('',*,*,#4085,.F.);
#5538=ORIENTED_EDGE('',*,*,#3738,.F.);
#5539=ORIENTED_EDGE('',*,*,#4089,.T.);
#5540=ORIENTED_EDGE('',*,*,#4090,.T.);
#5541=ORIENTED_EDGE('',*,*,#4087,.F.);
#5542=ORIENTED_EDGE('',*,*,#3737,.F.);
#5543=ORIENTED_EDGE('',*,*,#4091,.T.);
#5544=ORIENTED_EDGE('',*,*,#4092,.T.);
#5545=ORIENTED_EDGE('',*,*,#4089,.F.);
#5546=ORIENTED_EDGE('',*,*,#3736,.F.);
#5547=ORIENTED_EDGE('',*,*,#4093,.T.);
#5548=ORIENTED_EDGE('',*,*,#4094,.T.);
#5549=ORIENTED_EDGE('',*,*,#4091,.F.);
#5550=ORIENTED_EDGE('',*,*,#3735,.F.);
#5551=ORIENTED_EDGE('',*,*,#4095,.T.);
#5552=ORIENTED_EDGE('',*,*,#4096,.T.);
#5553=ORIENTED_EDGE('',*,*,#4093,.F.);
#5554=ORIENTED_EDGE('',*,*,#3734,.F.);
#5555=ORIENTED_EDGE('',*,*,#4097,.T.);
#5556=ORIENTED_EDGE('',*,*,#4098,.T.);
#5557=ORIENTED_EDGE('',*,*,#4095,.F.);
#5558=ORIENTED_EDGE('',*,*,#3733,.F.);
#5559=ORIENTED_EDGE('',*,*,#4099,.T.);
#5560=ORIENTED_EDGE('',*,*,#4100,.T.);
#5561=ORIENTED_EDGE('',*,*,#4097,.F.);
#5562=ORIENTED_EDGE('',*,*,#3732,.F.);
#5563=ORIENTED_EDGE('',*,*,#4076,.T.);
#5564=ORIENTED_EDGE('',*,*,#4101,.T.);
#5565=ORIENTED_EDGE('',*,*,#4099,.F.);
#5566=ORIENTED_EDGE('',*,*,#3731,.F.);
#5567=ORIENTED_EDGE('',*,*,#4102,.T.);
#5568=ORIENTED_EDGE('',*,*,#4103,.T.);
#5569=ORIENTED_EDGE('',*,*,#4104,.F.);
#5570=ORIENTED_EDGE('',*,*,#3744,.F.);
#5571=ORIENTED_EDGE('',*,*,#4105,.T.);
#5572=ORIENTED_EDGE('',*,*,#4106,.T.);
#5573=ORIENTED_EDGE('',*,*,#4102,.F.);
#5574=ORIENTED_EDGE('',*,*,#3763,.F.);
#5575=ORIENTED_EDGE('',*,*,#4107,.T.);
#5576=ORIENTED_EDGE('',*,*,#4108,.T.);
#5577=ORIENTED_EDGE('',*,*,#4105,.F.);
#5578=ORIENTED_EDGE('',*,*,#3762,.F.);
#5579=ORIENTED_EDGE('',*,*,#4109,.T.);
#5580=ORIENTED_EDGE('',*,*,#4110,.T.);
#5581=ORIENTED_EDGE('',*,*,#4107,.F.);
#5582=ORIENTED_EDGE('',*,*,#3761,.F.);
#5583=ORIENTED_EDGE('',*,*,#4111,.T.);
#5584=ORIENTED_EDGE('',*,*,#4112,.T.);
#5585=ORIENTED_EDGE('',*,*,#4109,.F.);
#5586=ORIENTED_EDGE('',*,*,#3760,.F.);
#5587=ORIENTED_EDGE('',*,*,#4113,.T.);
#5588=ORIENTED_EDGE('',*,*,#4114,.T.);
#5589=ORIENTED_EDGE('',*,*,#4111,.F.);
#5590=ORIENTED_EDGE('',*,*,#3759,.F.);
#5591=ORIENTED_EDGE('',*,*,#4115,.T.);
#5592=ORIENTED_EDGE('',*,*,#4116,.T.);
#5593=ORIENTED_EDGE('',*,*,#4113,.F.);
#5594=ORIENTED_EDGE('',*,*,#3758,.F.);
#5595=ORIENTED_EDGE('',*,*,#4117,.T.);
#5596=ORIENTED_EDGE('',*,*,#4118,.T.);
#5597=ORIENTED_EDGE('',*,*,#4115,.F.);
#5598=ORIENTED_EDGE('',*,*,#3757,.F.);
#5599=ORIENTED_EDGE('',*,*,#4119,.T.);
#5600=ORIENTED_EDGE('',*,*,#4120,.T.);
#5601=ORIENTED_EDGE('',*,*,#4117,.F.);
#5602=ORIENTED_EDGE('',*,*,#3756,.F.);
#5603=ORIENTED_EDGE('',*,*,#4121,.T.);
#5604=ORIENTED_EDGE('',*,*,#4122,.T.);
#5605=ORIENTED_EDGE('',*,*,#4119,.F.);
#5606=ORIENTED_EDGE('',*,*,#3755,.F.);
#5607=ORIENTED_EDGE('',*,*,#4123,.T.);
#5608=ORIENTED_EDGE('',*,*,#4124,.T.);
#5609=ORIENTED_EDGE('',*,*,#4121,.F.);
#5610=ORIENTED_EDGE('',*,*,#3754,.F.);
#5611=ORIENTED_EDGE('',*,*,#4125,.T.);
#5612=ORIENTED_EDGE('',*,*,#4126,.T.);
#5613=ORIENTED_EDGE('',*,*,#4123,.F.);
#5614=ORIENTED_EDGE('',*,*,#3753,.F.);
#5615=ORIENTED_EDGE('',*,*,#4127,.T.);
#5616=ORIENTED_EDGE('',*,*,#4128,.T.);
#5617=ORIENTED_EDGE('',*,*,#4125,.F.);
#5618=ORIENTED_EDGE('',*,*,#3752,.F.);
#5619=ORIENTED_EDGE('',*,*,#4129,.T.);
#5620=ORIENTED_EDGE('',*,*,#4130,.T.);
#5621=ORIENTED_EDGE('',*,*,#4127,.F.);
#5622=ORIENTED_EDGE('',*,*,#3751,.F.);
#5623=ORIENTED_EDGE('',*,*,#4131,.T.);
#5624=ORIENTED_EDGE('',*,*,#4132,.T.);
#5625=ORIENTED_EDGE('',*,*,#4129,.F.);
#5626=ORIENTED_EDGE('',*,*,#3750,.F.);
#5627=ORIENTED_EDGE('',*,*,#4133,.T.);
#5628=ORIENTED_EDGE('',*,*,#4134,.T.);
#5629=ORIENTED_EDGE('',*,*,#4131,.F.);
#5630=ORIENTED_EDGE('',*,*,#3749,.F.);
#5631=ORIENTED_EDGE('',*,*,#4135,.T.);
#5632=ORIENTED_EDGE('',*,*,#4136,.T.);
#5633=ORIENTED_EDGE('',*,*,#4133,.F.);
#5634=ORIENTED_EDGE('',*,*,#3748,.F.);
#5635=ORIENTED_EDGE('',*,*,#4137,.T.);
#5636=ORIENTED_EDGE('',*,*,#4138,.T.);
#5637=ORIENTED_EDGE('',*,*,#4135,.F.);
#5638=ORIENTED_EDGE('',*,*,#3747,.F.);
#5639=ORIENTED_EDGE('',*,*,#4139,.T.);
#5640=ORIENTED_EDGE('',*,*,#4140,.T.);
#5641=ORIENTED_EDGE('',*,*,#4137,.F.);
#5642=ORIENTED_EDGE('',*,*,#3746,.F.);
#5643=ORIENTED_EDGE('',*,*,#4104,.T.);
#5644=ORIENTED_EDGE('',*,*,#4141,.T.);
#5645=ORIENTED_EDGE('',*,*,#4139,.F.);
#5646=ORIENTED_EDGE('',*,*,#3745,.F.);
#5647=ORIENTED_EDGE('',*,*,#4142,.T.);
#5648=ORIENTED_EDGE('',*,*,#4143,.T.);
#5649=ORIENTED_EDGE('',*,*,#4144,.F.);
#5650=ORIENTED_EDGE('',*,*,#3764,.F.);
#5651=ORIENTED_EDGE('',*,*,#4145,.T.);
#5652=ORIENTED_EDGE('',*,*,#4146,.T.);
#5653=ORIENTED_EDGE('',*,*,#4142,.F.);
#5654=ORIENTED_EDGE('',*,*,#3781,.F.);
#5655=ORIENTED_EDGE('',*,*,#4147,.T.);
#5656=ORIENTED_EDGE('',*,*,#4148,.T.);
#5657=ORIENTED_EDGE('',*,*,#4145,.F.);
#5658=ORIENTED_EDGE('',*,*,#3780,.F.);
#5659=ORIENTED_EDGE('',*,*,#4149,.T.);
#5660=ORIENTED_EDGE('',*,*,#4150,.T.);
#5661=ORIENTED_EDGE('',*,*,#4147,.F.);
#5662=ORIENTED_EDGE('',*,*,#3779,.F.);
#5663=ORIENTED_EDGE('',*,*,#4151,.T.);
#5664=ORIENTED_EDGE('',*,*,#4152,.T.);
#5665=ORIENTED_EDGE('',*,*,#4149,.F.);
#5666=ORIENTED_EDGE('',*,*,#3778,.F.);
#5667=ORIENTED_EDGE('',*,*,#4153,.T.);
#5668=ORIENTED_EDGE('',*,*,#4154,.T.);
#5669=ORIENTED_EDGE('',*,*,#4151,.F.);
#5670=ORIENTED_EDGE('',*,*,#3777,.F.);
#5671=ORIENTED_EDGE('',*,*,#4155,.T.);
#5672=ORIENTED_EDGE('',*,*,#4156,.T.);
#5673=ORIENTED_EDGE('',*,*,#4153,.F.);
#5674=ORIENTED_EDGE('',*,*,#3776,.F.);
#5675=ORIENTED_EDGE('',*,*,#4157,.T.);
#5676=ORIENTED_EDGE('',*,*,#4158,.T.);
#5677=ORIENTED_EDGE('',*,*,#4155,.F.);
#5678=ORIENTED_EDGE('',*,*,#3775,.F.);
#5679=ORIENTED_EDGE('',*,*,#4159,.T.);
#5680=ORIENTED_EDGE('',*,*,#4160,.T.);
#5681=ORIENTED_EDGE('',*,*,#4157,.F.);
#5682=ORIENTED_EDGE('',*,*,#3774,.F.);
#5683=ORIENTED_EDGE('',*,*,#4161,.T.);
#5684=ORIENTED_EDGE('',*,*,#4162,.T.);
#5685=ORIENTED_EDGE('',*,*,#4159,.F.);
#5686=ORIENTED_EDGE('',*,*,#3773,.F.);
#5687=ORIENTED_EDGE('',*,*,#4163,.T.);
#5688=ORIENTED_EDGE('',*,*,#4164,.T.);
#5689=ORIENTED_EDGE('',*,*,#4161,.F.);
#5690=ORIENTED_EDGE('',*,*,#3772,.F.);
#5691=ORIENTED_EDGE('',*,*,#4165,.T.);
#5692=ORIENTED_EDGE('',*,*,#4166,.T.);
#5693=ORIENTED_EDGE('',*,*,#4163,.F.);
#5694=ORIENTED_EDGE('',*,*,#3771,.F.);
#5695=ORIENTED_EDGE('',*,*,#4167,.T.);
#5696=ORIENTED_EDGE('',*,*,#4168,.T.);
#5697=ORIENTED_EDGE('',*,*,#4165,.F.);
#5698=ORIENTED_EDGE('',*,*,#3770,.F.);
#5699=ORIENTED_EDGE('',*,*,#4169,.T.);
#5700=ORIENTED_EDGE('',*,*,#4170,.T.);
#5701=ORIENTED_EDGE('',*,*,#4167,.F.);
#5702=ORIENTED_EDGE('',*,*,#3769,.F.);
#5703=ORIENTED_EDGE('',*,*,#4171,.T.);
#5704=ORIENTED_EDGE('',*,*,#4172,.T.);
#5705=ORIENTED_EDGE('',*,*,#4169,.F.);
#5706=ORIENTED_EDGE('',*,*,#3768,.F.);
#5707=ORIENTED_EDGE('',*,*,#4173,.T.);
#5708=ORIENTED_EDGE('',*,*,#4174,.T.);
#5709=ORIENTED_EDGE('',*,*,#4171,.F.);
#5710=ORIENTED_EDGE('',*,*,#3767,.F.);
#5711=ORIENTED_EDGE('',*,*,#4175,.T.);
#5712=ORIENTED_EDGE('',*,*,#4176,.T.);
#5713=ORIENTED_EDGE('',*,*,#4173,.F.);
#5714=ORIENTED_EDGE('',*,*,#3766,.F.);
#5715=ORIENTED_EDGE('',*,*,#4144,.T.);
#5716=ORIENTED_EDGE('',*,*,#4177,.T.);
#5717=ORIENTED_EDGE('',*,*,#4175,.F.);
#5718=ORIENTED_EDGE('',*,*,#3765,.F.);
#5719=ORIENTED_EDGE('',*,*,#4178,.T.);
#5720=ORIENTED_EDGE('',*,*,#4179,.T.);
#5721=ORIENTED_EDGE('',*,*,#4180,.F.);
#5722=ORIENTED_EDGE('',*,*,#3782,.F.);
#5723=ORIENTED_EDGE('',*,*,#4181,.T.);
#5724=ORIENTED_EDGE('',*,*,#4182,.T.);
#5725=ORIENTED_EDGE('',*,*,#4178,.F.);
#5726=ORIENTED_EDGE('',*,*,#3799,.F.);
#5727=ORIENTED_EDGE('',*,*,#4183,.T.);
#5728=ORIENTED_EDGE('',*,*,#4184,.T.);
#5729=ORIENTED_EDGE('',*,*,#4181,.F.);
#5730=ORIENTED_EDGE('',*,*,#3798,.F.);
#5731=ORIENTED_EDGE('',*,*,#4185,.T.);
#5732=ORIENTED_EDGE('',*,*,#4186,.T.);
#5733=ORIENTED_EDGE('',*,*,#4183,.F.);
#5734=ORIENTED_EDGE('',*,*,#3797,.F.);
#5735=ORIENTED_EDGE('',*,*,#4187,.T.);
#5736=ORIENTED_EDGE('',*,*,#4188,.T.);
#5737=ORIENTED_EDGE('',*,*,#4185,.F.);
#5738=ORIENTED_EDGE('',*,*,#3796,.F.);
#5739=ORIENTED_EDGE('',*,*,#4189,.T.);
#5740=ORIENTED_EDGE('',*,*,#4190,.T.);
#5741=ORIENTED_EDGE('',*,*,#4187,.F.);
#5742=ORIENTED_EDGE('',*,*,#3795,.F.);
#5743=ORIENTED_EDGE('',*,*,#4191,.T.);
#5744=ORIENTED_EDGE('',*,*,#4192,.T.);
#5745=ORIENTED_EDGE('',*,*,#4189,.F.);
#5746=ORIENTED_EDGE('',*,*,#3794,.F.);
#5747=ORIENTED_EDGE('',*,*,#4193,.T.);
#5748=ORIENTED_EDGE('',*,*,#4194,.T.);
#5749=ORIENTED_EDGE('',*,*,#4191,.F.);
#5750=ORIENTED_EDGE('',*,*,#3793,.F.);
#5751=ORIENTED_EDGE('',*,*,#4195,.T.);
#5752=ORIENTED_EDGE('',*,*,#4196,.T.);
#5753=ORIENTED_EDGE('',*,*,#4193,.F.);
#5754=ORIENTED_EDGE('',*,*,#3792,.F.);
#5755=ORIENTED_EDGE('',*,*,#4197,.T.);
#5756=ORIENTED_EDGE('',*,*,#4198,.T.);
#5757=ORIENTED_EDGE('',*,*,#4195,.F.);
#5758=ORIENTED_EDGE('',*,*,#3791,.F.);
#5759=ORIENTED_EDGE('',*,*,#4199,.T.);
#5760=ORIENTED_EDGE('',*,*,#4200,.T.);
#5761=ORIENTED_EDGE('',*,*,#4197,.F.);
#5762=ORIENTED_EDGE('',*,*,#3790,.F.);
#5763=ORIENTED_EDGE('',*,*,#4201,.T.);
#5764=ORIENTED_EDGE('',*,*,#4202,.T.);
#5765=ORIENTED_EDGE('',*,*,#4199,.F.);
#5766=ORIENTED_EDGE('',*,*,#3789,.F.);
#5767=ORIENTED_EDGE('',*,*,#4203,.T.);
#5768=ORIENTED_EDGE('',*,*,#4204,.T.);
#5769=ORIENTED_EDGE('',*,*,#4201,.F.);
#5770=ORIENTED_EDGE('',*,*,#3788,.F.);
#5771=ORIENTED_EDGE('',*,*,#4205,.T.);
#5772=ORIENTED_EDGE('',*,*,#4206,.T.);
#5773=ORIENTED_EDGE('',*,*,#4203,.F.);
#5774=ORIENTED_EDGE('',*,*,#3787,.F.);
#5775=ORIENTED_EDGE('',*,*,#4207,.T.);
#5776=ORIENTED_EDGE('',*,*,#4208,.T.);
#5777=ORIENTED_EDGE('',*,*,#4205,.F.);
#5778=ORIENTED_EDGE('',*,*,#3786,.F.);
#5779=ORIENTED_EDGE('',*,*,#4209,.T.);
#5780=ORIENTED_EDGE('',*,*,#4210,.T.);
#5781=ORIENTED_EDGE('',*,*,#4207,.F.);
#5782=ORIENTED_EDGE('',*,*,#3785,.F.);
#5783=ORIENTED_EDGE('',*,*,#4211,.T.);
#5784=ORIENTED_EDGE('',*,*,#4212,.T.);
#5785=ORIENTED_EDGE('',*,*,#4209,.F.);
#5786=ORIENTED_EDGE('',*,*,#3784,.F.);
#5787=ORIENTED_EDGE('',*,*,#4180,.T.);
#5788=ORIENTED_EDGE('',*,*,#4213,.T.);
#5789=ORIENTED_EDGE('',*,*,#4211,.F.);
#5790=ORIENTED_EDGE('',*,*,#3783,.F.);
#5791=ORIENTED_EDGE('',*,*,#3822,.T.);
#5792=ORIENTED_EDGE('',*,*,#3803,.T.);
#5793=ORIENTED_EDGE('',*,*,#3858,.T.);
#5794=ORIENTED_EDGE('',*,*,#3855,.F.);
#5795=ORIENTED_EDGE('',*,*,#4214,.T.);
#5796=ORIENTED_EDGE('',*,*,#4215,.T.);
#5797=ORIENTED_EDGE('',*,*,#4216,.T.);
#5798=ORIENTED_EDGE('',*,*,#4217,.F.);
#5799=ORIENTED_EDGE('',*,*,#4218,.F.);
#5800=ORIENTED_EDGE('',*,*,#4219,.F.);
#5801=ORIENTED_EDGE('',*,*,#3806,.T.);
#5802=ORIENTED_EDGE('',*,*,#4219,.T.);
#5803=ORIENTED_EDGE('',*,*,#4220,.T.);
#5804=ORIENTED_EDGE('',*,*,#4221,.F.);
#5805=ORIENTED_EDGE('',*,*,#4222,.F.);
#5806=ORIENTED_EDGE('',*,*,#3807,.T.);
#5807=ORIENTED_EDGE('',*,*,#4223,.F.);
#5808=ORIENTED_EDGE('',*,*,#3808,.T.);
#5809=ORIENTED_EDGE('',*,*,#4222,.T.);
#5810=ORIENTED_EDGE('',*,*,#4224,.F.);
#5811=ORIENTED_EDGE('',*,*,#4225,.F.);
#5812=ORIENTED_EDGE('',*,*,#3809,.T.);
#5813=ORIENTED_EDGE('',*,*,#4223,.T.);
#5814=ORIENTED_EDGE('',*,*,#4226,.F.);
#5815=ORIENTED_EDGE('',*,*,#4227,.F.);
#5816=ORIENTED_EDGE('',*,*,#4225,.T.);
#5817=ORIENTED_EDGE('',*,*,#4228,.F.);
#5818=ORIENTED_EDGE('',*,*,#4229,.T.);
#5819=ORIENTED_EDGE('',*,*,#3810,.T.);
#5820=ORIENTED_EDGE('',*,*,#4229,.F.);
#5821=ORIENTED_EDGE('',*,*,#4230,.T.);
#5822=ORIENTED_EDGE('',*,*,#4231,.T.);
#5823=ORIENTED_EDGE('',*,*,#4232,.T.);
#5824=ORIENTED_EDGE('',*,*,#3811,.F.);
#5825=ORIENTED_EDGE('',*,*,#4232,.F.);
#5826=ORIENTED_EDGE('',*,*,#4233,.T.);
#5827=ORIENTED_EDGE('',*,*,#4234,.T.);
#5828=ORIENTED_EDGE('',*,*,#3812,.F.);
#5829=ORIENTED_EDGE('',*,*,#4217,.T.);
#5830=ORIENTED_EDGE('',*,*,#3813,.F.);
#5831=ORIENTED_EDGE('',*,*,#4234,.F.);
#5832=ORIENTED_EDGE('',*,*,#4235,.T.);
#5833=ORIENTED_EDGE('',*,*,#4236,.F.);
#5834=ORIENTED_EDGE('',*,*,#4237,.F.);
#5835=ORIENTED_EDGE('',*,*,#4238,.F.);
#5836=ORIENTED_EDGE('',*,*,#4239,.F.);
#5837=ORIENTED_EDGE('',*,*,#3814,.T.);
#5838=ORIENTED_EDGE('',*,*,#4239,.T.);
#5839=ORIENTED_EDGE('',*,*,#4240,.T.);
#5840=ORIENTED_EDGE('',*,*,#4241,.F.);
#5841=ORIENTED_EDGE('',*,*,#4242,.F.);
#5842=ORIENTED_EDGE('',*,*,#3815,.T.);
#5843=ORIENTED_EDGE('',*,*,#4243,.F.);
#5844=ORIENTED_EDGE('',*,*,#3816,.T.);
#5845=ORIENTED_EDGE('',*,*,#4242,.T.);
#5846=ORIENTED_EDGE('',*,*,#4244,.F.);
#5847=ORIENTED_EDGE('',*,*,#4245,.F.);
#5848=ORIENTED_EDGE('',*,*,#3817,.T.);
#5849=ORIENTED_EDGE('',*,*,#4243,.T.);
#5850=ORIENTED_EDGE('',*,*,#4246,.F.);
#5851=ORIENTED_EDGE('',*,*,#4247,.F.);
#5852=ORIENTED_EDGE('',*,*,#4245,.T.);
#5853=ORIENTED_EDGE('',*,*,#4248,.F.);
#5854=ORIENTED_EDGE('',*,*,#4249,.T.);
#5855=ORIENTED_EDGE('',*,*,#3818,.T.);
#5856=ORIENTED_EDGE('',*,*,#4249,.F.);
#5857=ORIENTED_EDGE('',*,*,#4250,.T.);
#5858=ORIENTED_EDGE('',*,*,#4251,.T.);
#5859=ORIENTED_EDGE('',*,*,#4252,.T.);
#5860=ORIENTED_EDGE('',*,*,#3819,.F.);
#5861=ORIENTED_EDGE('',*,*,#4252,.F.);
#5862=ORIENTED_EDGE('',*,*,#4253,.T.);
#5863=ORIENTED_EDGE('',*,*,#4254,.T.);
#5864=ORIENTED_EDGE('',*,*,#3820,.F.);
#5865=ORIENTED_EDGE('',*,*,#4237,.T.);
#5866=ORIENTED_EDGE('',*,*,#3821,.F.);
#5867=ORIENTED_EDGE('',*,*,#4254,.F.);
#5868=ORIENTED_EDGE('',*,*,#4255,.T.);
#5869=ORIENTED_EDGE('',*,*,#4256,.F.);
#5870=ORIENTED_EDGE('',*,*,#4257,.T.);
#5871=ORIENTED_EDGE('',*,*,#4258,.T.);
#5872=ORIENTED_EDGE('',*,*,#3823,.F.);
#5873=ORIENTED_EDGE('',*,*,#4216,.F.);
#5874=ORIENTED_EDGE('',*,*,#4259,.T.);
#5875=ORIENTED_EDGE('',*,*,#4260,.T.);
#5876=ORIENTED_EDGE('',*,*,#3824,.F.);
#5877=ORIENTED_EDGE('',*,*,#4258,.F.);
#5878=ORIENTED_EDGE('',*,*,#4261,.F.);
#5879=ORIENTED_EDGE('',*,*,#3857,.F.);
#5880=ORIENTED_EDGE('',*,*,#3825,.F.);
#5881=ORIENTED_EDGE('',*,*,#4260,.F.);
#5882=ORIENTED_EDGE('',*,*,#4262,.T.);
#5883=ORIENTED_EDGE('',*,*,#3831,.T.);
#5884=ORIENTED_EDGE('',*,*,#3850,.T.);
#5885=ORIENTED_EDGE('',*,*,#3839,.T.);
#5886=ORIENTED_EDGE('',*,*,#3834,.T.);
#5887=ORIENTED_EDGE('',*,*,#4263,.F.);
#5888=ORIENTED_EDGE('',*,*,#4264,.F.);
#5889=ORIENTED_EDGE('',*,*,#4265,.F.);
#5890=ORIENTED_EDGE('',*,*,#4266,.F.);
#5891=ORIENTED_EDGE('',*,*,#3847,.T.);
#5892=ORIENTED_EDGE('',*,*,#3845,.T.);
#5893=ORIENTED_EDGE('',*,*,#3837,.T.);
#5894=ORIENTED_EDGE('',*,*,#3848,.T.);
#5895=ORIENTED_EDGE('',*,*,#4267,.F.);
#5896=ORIENTED_EDGE('',*,*,#3840,.T.);
#5897=ORIENTED_EDGE('',*,*,#4268,.T.);
#5898=ORIENTED_EDGE('',*,*,#4269,.F.);
#5899=ORIENTED_EDGE('',*,*,#4268,.F.);
#5900=ORIENTED_EDGE('',*,*,#3843,.T.);
#5901=ORIENTED_EDGE('',*,*,#4270,.T.);
#5902=ORIENTED_EDGE('',*,*,#4271,.F.);
#5903=ORIENTED_EDGE('',*,*,#4270,.F.);
#5904=ORIENTED_EDGE('',*,*,#3842,.T.);
#5905=ORIENTED_EDGE('',*,*,#4272,.T.);
#5906=ORIENTED_EDGE('',*,*,#4273,.F.);
#5907=ORIENTED_EDGE('',*,*,#4272,.F.);
#5908=ORIENTED_EDGE('',*,*,#3841,.T.);
#5909=ORIENTED_EDGE('',*,*,#4267,.T.);
#5910=ORIENTED_EDGE('',*,*,#4274,.F.);
#5911=ORIENTED_EDGE('',*,*,#4275,.T.);
#5912=ORIENTED_EDGE('',*,*,#4276,.T.);
#5913=ORIENTED_EDGE('',*,*,#4277,.T.);
#5914=ORIENTED_EDGE('',*,*,#4278,.T.);
#5915=ORIENTED_EDGE('',*,*,#4279,.T.);
#5916=ORIENTED_EDGE('',*,*,#4280,.T.);
#5917=ORIENTED_EDGE('',*,*,#4281,.T.);
#5918=ORIENTED_EDGE('',*,*,#4282,.T.);
#5919=ORIENTED_EDGE('',*,*,#4283,.F.);
#5920=ORIENTED_EDGE('',*,*,#4284,.F.);
#5921=ORIENTED_EDGE('',*,*,#4285,.F.);
#5922=ORIENTED_EDGE('',*,*,#4286,.F.);
#5923=ORIENTED_EDGE('',*,*,#4287,.T.);
#5924=ORIENTED_EDGE('',*,*,#3851,.T.);
#5925=ORIENTED_EDGE('',*,*,#4288,.T.);
#5926=ORIENTED_EDGE('',*,*,#4289,.T.);
#5927=ORIENTED_EDGE('',*,*,#4290,.T.);
#5928=ORIENTED_EDGE('',*,*,#4291,.F.);
#5929=ORIENTED_EDGE('',*,*,#4292,.F.);
#5930=ORIENTED_EDGE('',*,*,#4293,.F.);
#5931=ORIENTED_EDGE('',*,*,#4294,.T.);
#5932=ORIENTED_EDGE('',*,*,#4295,.F.);
#5933=ORIENTED_EDGE('',*,*,#4296,.F.);
#5934=ORIENTED_EDGE('',*,*,#3853,.T.);
#5935=ORIENTED_EDGE('',*,*,#4261,.T.);
#5936=ORIENTED_EDGE('',*,*,#3854,.T.);
#5937=ORIENTED_EDGE('',*,*,#4296,.T.);
#5938=ORIENTED_EDGE('',*,*,#4297,.F.);
#5939=ORIENTED_EDGE('',*,*,#4214,.F.);
#5940=ORIENTED_EDGE('',*,*,#3861,.T.);
#5941=ORIENTED_EDGE('',*,*,#3860,.T.);
#5942=ORIENTED_EDGE('',*,*,#4298,.F.);
#5943=ORIENTED_EDGE('',*,*,#4299,.F.);
#5944=ORIENTED_EDGE('',*,*,#4300,.F.);
#5945=ORIENTED_EDGE('',*,*,#4301,.T.);
#5946=ORIENTED_EDGE('',*,*,#4302,.F.);
#5947=ORIENTED_EDGE('',*,*,#4303,.T.);
#5948=ORIENTED_EDGE('',*,*,#4304,.F.);
#5949=ORIENTED_EDGE('',*,*,#4305,.F.);
#5950=ORIENTED_EDGE('',*,*,#4306,.F.);
#5951=ORIENTED_EDGE('',*,*,#4307,.F.);
#5952=ORIENTED_EDGE('',*,*,#4308,.F.);
#5953=ORIENTED_EDGE('',*,*,#4309,.F.);
#5954=ORIENTED_EDGE('',*,*,#4310,.F.);
#5955=ORIENTED_EDGE('',*,*,#4311,.F.);
#5956=ORIENTED_EDGE('',*,*,#4299,.T.);
#5957=ORIENTED_EDGE('',*,*,#4312,.T.);
#5958=ORIENTED_EDGE('',*,*,#3868,.F.);
#5959=ORIENTED_EDGE('',*,*,#3862,.F.);
#5960=ORIENTED_EDGE('',*,*,#4298,.T.);
#5961=ORIENTED_EDGE('',*,*,#3867,.T.);
#5962=ORIENTED_EDGE('',*,*,#3869,.F.);
#5963=ORIENTED_EDGE('',*,*,#4312,.F.);
#5964=ORIENTED_EDGE('',*,*,#3875,.F.);
#5965=ORIENTED_EDGE('',*,*,#3871,.F.);
#5966=ORIENTED_EDGE('',*,*,#3874,.F.);
#5967=ORIENTED_EDGE('',*,*,#3878,.F.);
#5968=ORIENTED_EDGE('',*,*,#3882,.F.);
#5969=ORIENTED_EDGE('',*,*,#3886,.F.);
#5970=ORIENTED_EDGE('',*,*,#3890,.F.);
#5971=ORIENTED_EDGE('',*,*,#3894,.F.);
#5972=ORIENTED_EDGE('',*,*,#3897,.F.);
#5973=ORIENTED_EDGE('',*,*,#3895,.F.);
#5974=ORIENTED_EDGE('',*,*,#3891,.F.);
#5975=ORIENTED_EDGE('',*,*,#3887,.F.);
#5976=ORIENTED_EDGE('',*,*,#3883,.F.);
#5977=ORIENTED_EDGE('',*,*,#3879,.F.);
#5978=ORIENTED_EDGE('',*,*,#4313,.F.);
#5979=ORIENTED_EDGE('',*,*,#4314,.F.);
#5980=ORIENTED_EDGE('',*,*,#4315,.F.);
#5981=ORIENTED_EDGE('',*,*,#4316,.F.);
#5982=ORIENTED_EDGE('',*,*,#4317,.F.);
#5983=ORIENTED_EDGE('',*,*,#4318,.F.);
#5984=ORIENTED_EDGE('',*,*,#4319,.F.);
#5985=ORIENTED_EDGE('',*,*,#3903,.F.);
#5986=ORIENTED_EDGE('',*,*,#3899,.F.);
#5987=ORIENTED_EDGE('',*,*,#3902,.F.);
#5988=ORIENTED_EDGE('',*,*,#3906,.F.);
#5989=ORIENTED_EDGE('',*,*,#3910,.F.);
#5990=ORIENTED_EDGE('',*,*,#3914,.F.);
#5991=ORIENTED_EDGE('',*,*,#3918,.F.);
#5992=ORIENTED_EDGE('',*,*,#3922,.F.);
#5993=ORIENTED_EDGE('',*,*,#3926,.F.);
#5994=ORIENTED_EDGE('',*,*,#3930,.F.);
#5995=ORIENTED_EDGE('',*,*,#3933,.F.);
#5996=ORIENTED_EDGE('',*,*,#3931,.F.);
#5997=ORIENTED_EDGE('',*,*,#3927,.F.);
#5998=ORIENTED_EDGE('',*,*,#3923,.F.);
#5999=ORIENTED_EDGE('',*,*,#3919,.F.);
#6000=ORIENTED_EDGE('',*,*,#3915,.F.);
#6001=ORIENTED_EDGE('',*,*,#3911,.F.);
#6002=ORIENTED_EDGE('',*,*,#3907,.F.);
#6003=ORIENTED_EDGE('',*,*,#4320,.F.);
#6004=ORIENTED_EDGE('',*,*,#4321,.F.);
#6005=ORIENTED_EDGE('',*,*,#4322,.F.);
#6006=ORIENTED_EDGE('',*,*,#4323,.F.);
#6007=ORIENTED_EDGE('',*,*,#4324,.F.);
#6008=ORIENTED_EDGE('',*,*,#4325,.F.);
#6009=ORIENTED_EDGE('',*,*,#3939,.F.);
#6010=ORIENTED_EDGE('',*,*,#3935,.F.);
#6011=ORIENTED_EDGE('',*,*,#3938,.F.);
#6012=ORIENTED_EDGE('',*,*,#3942,.F.);
#6013=ORIENTED_EDGE('',*,*,#3946,.F.);
#6014=ORIENTED_EDGE('',*,*,#3950,.F.);
#6015=ORIENTED_EDGE('',*,*,#3954,.F.);
#6016=ORIENTED_EDGE('',*,*,#3958,.F.);
#6017=ORIENTED_EDGE('',*,*,#3962,.F.);
#6018=ORIENTED_EDGE('',*,*,#3966,.F.);
#6019=ORIENTED_EDGE('',*,*,#3970,.F.);
#6020=ORIENTED_EDGE('',*,*,#3974,.F.);
#6021=ORIENTED_EDGE('',*,*,#3978,.F.);
#6022=ORIENTED_EDGE('',*,*,#3982,.F.);
#6023=ORIENTED_EDGE('',*,*,#3986,.F.);
#6024=ORIENTED_EDGE('',*,*,#3990,.F.);
#6025=ORIENTED_EDGE('',*,*,#3994,.F.);
#6026=ORIENTED_EDGE('',*,*,#3995,.F.);
#6027=ORIENTED_EDGE('',*,*,#3991,.F.);
#6028=ORIENTED_EDGE('',*,*,#3987,.F.);
#6029=ORIENTED_EDGE('',*,*,#3983,.F.);
#6030=ORIENTED_EDGE('',*,*,#3979,.F.);
#6031=ORIENTED_EDGE('',*,*,#3975,.F.);
#6032=ORIENTED_EDGE('',*,*,#3971,.F.);
#6033=ORIENTED_EDGE('',*,*,#3967,.F.);
#6034=ORIENTED_EDGE('',*,*,#3963,.F.);
#6035=ORIENTED_EDGE('',*,*,#3959,.F.);
#6036=ORIENTED_EDGE('',*,*,#3955,.F.);
#6037=ORIENTED_EDGE('',*,*,#3951,.F.);
#6038=ORIENTED_EDGE('',*,*,#3947,.F.);
#6039=ORIENTED_EDGE('',*,*,#3943,.F.);
#6040=ORIENTED_EDGE('',*,*,#4001,.F.);
#6041=ORIENTED_EDGE('',*,*,#3997,.F.);
#6042=ORIENTED_EDGE('',*,*,#4000,.F.);
#6043=ORIENTED_EDGE('',*,*,#4004,.F.);
#6044=ORIENTED_EDGE('',*,*,#4008,.F.);
#6045=ORIENTED_EDGE('',*,*,#4012,.F.);
#6046=ORIENTED_EDGE('',*,*,#4016,.F.);
#6047=ORIENTED_EDGE('',*,*,#4020,.F.);
#6048=ORIENTED_EDGE('',*,*,#4024,.F.);
#6049=ORIENTED_EDGE('',*,*,#4028,.F.);
#6050=ORIENTED_EDGE('',*,*,#4031,.F.);
#6051=ORIENTED_EDGE('',*,*,#4029,.F.);
#6052=ORIENTED_EDGE('',*,*,#4025,.F.);
#6053=ORIENTED_EDGE('',*,*,#4021,.F.);
#6054=ORIENTED_EDGE('',*,*,#4017,.F.);
#6055=ORIENTED_EDGE('',*,*,#4013,.F.);
#6056=ORIENTED_EDGE('',*,*,#4009,.F.);
#6057=ORIENTED_EDGE('',*,*,#4005,.F.);
#6058=ORIENTED_EDGE('',*,*,#4326,.F.);
#6059=ORIENTED_EDGE('',*,*,#4327,.F.);
#6060=ORIENTED_EDGE('',*,*,#4328,.F.);
#6061=ORIENTED_EDGE('',*,*,#4329,.F.);
#6062=ORIENTED_EDGE('',*,*,#4330,.F.);
#6063=ORIENTED_EDGE('',*,*,#4331,.F.);
#6064=ORIENTED_EDGE('',*,*,#4037,.F.);
#6065=ORIENTED_EDGE('',*,*,#4033,.F.);
#6066=ORIENTED_EDGE('',*,*,#4036,.F.);
#6067=ORIENTED_EDGE('',*,*,#4040,.F.);
#6068=ORIENTED_EDGE('',*,*,#4044,.F.);
#6069=ORIENTED_EDGE('',*,*,#4048,.F.);
#6070=ORIENTED_EDGE('',*,*,#4052,.F.);
#6071=ORIENTED_EDGE('',*,*,#4056,.F.);
#6072=ORIENTED_EDGE('',*,*,#4060,.F.);
#6073=ORIENTED_EDGE('',*,*,#4064,.F.);
#6074=ORIENTED_EDGE('',*,*,#4068,.F.);
#6075=ORIENTED_EDGE('',*,*,#4072,.F.);
#6076=ORIENTED_EDGE('',*,*,#4073,.F.);
#6077=ORIENTED_EDGE('',*,*,#4069,.F.);
#6078=ORIENTED_EDGE('',*,*,#4065,.F.);
#6079=ORIENTED_EDGE('',*,*,#4061,.F.);
#6080=ORIENTED_EDGE('',*,*,#4057,.F.);
#6081=ORIENTED_EDGE('',*,*,#4053,.F.);
#6082=ORIENTED_EDGE('',*,*,#4049,.F.);
#6083=ORIENTED_EDGE('',*,*,#4045,.F.);
#6084=ORIENTED_EDGE('',*,*,#4041,.F.);
#6085=ORIENTED_EDGE('',*,*,#4101,.F.);
#6086=ORIENTED_EDGE('',*,*,#4075,.F.);
#6087=ORIENTED_EDGE('',*,*,#4078,.F.);
#6088=ORIENTED_EDGE('',*,*,#4080,.F.);
#6089=ORIENTED_EDGE('',*,*,#4082,.F.);
#6090=ORIENTED_EDGE('',*,*,#4084,.F.);
#6091=ORIENTED_EDGE('',*,*,#4086,.F.);
#6092=ORIENTED_EDGE('',*,*,#4088,.F.);
#6093=ORIENTED_EDGE('',*,*,#4090,.F.);
#6094=ORIENTED_EDGE('',*,*,#4092,.F.);
#6095=ORIENTED_EDGE('',*,*,#4094,.F.);
#6096=ORIENTED_EDGE('',*,*,#4096,.F.);
#6097=ORIENTED_EDGE('',*,*,#4098,.F.);
#6098=ORIENTED_EDGE('',*,*,#4100,.F.);
#6099=ORIENTED_EDGE('',*,*,#4332,.F.);
#6100=ORIENTED_EDGE('',*,*,#4333,.F.);
#6101=ORIENTED_EDGE('',*,*,#4334,.F.);
#6102=ORIENTED_EDGE('',*,*,#4335,.F.);
#6103=ORIENTED_EDGE('',*,*,#4336,.F.);
#6104=ORIENTED_EDGE('',*,*,#4337,.F.);
#6105=ORIENTED_EDGE('',*,*,#4338,.F.);
#6106=ORIENTED_EDGE('',*,*,#4339,.F.);
#6107=ORIENTED_EDGE('',*,*,#4340,.F.);
#6108=ORIENTED_EDGE('',*,*,#4341,.F.);
#6109=ORIENTED_EDGE('',*,*,#4342,.F.);
#6110=ORIENTED_EDGE('',*,*,#4141,.F.);
#6111=ORIENTED_EDGE('',*,*,#4103,.F.);
#6112=ORIENTED_EDGE('',*,*,#4106,.F.);
#6113=ORIENTED_EDGE('',*,*,#4108,.F.);
#6114=ORIENTED_EDGE('',*,*,#4110,.F.);
#6115=ORIENTED_EDGE('',*,*,#4112,.F.);
#6116=ORIENTED_EDGE('',*,*,#4114,.F.);
#6117=ORIENTED_EDGE('',*,*,#4116,.F.);
#6118=ORIENTED_EDGE('',*,*,#4118,.F.);
#6119=ORIENTED_EDGE('',*,*,#4120,.F.);
#6120=ORIENTED_EDGE('',*,*,#4122,.F.);
#6121=ORIENTED_EDGE('',*,*,#4124,.F.);
#6122=ORIENTED_EDGE('',*,*,#4126,.F.);
#6123=ORIENTED_EDGE('',*,*,#4128,.F.);
#6124=ORIENTED_EDGE('',*,*,#4130,.F.);
#6125=ORIENTED_EDGE('',*,*,#4132,.F.);
#6126=ORIENTED_EDGE('',*,*,#4134,.F.);
#6127=ORIENTED_EDGE('',*,*,#4136,.F.);
#6128=ORIENTED_EDGE('',*,*,#4138,.F.);
#6129=ORIENTED_EDGE('',*,*,#4140,.F.);
#6130=ORIENTED_EDGE('',*,*,#4343,.F.);
#6131=ORIENTED_EDGE('',*,*,#4344,.F.);
#6132=ORIENTED_EDGE('',*,*,#4345,.F.);
#6133=ORIENTED_EDGE('',*,*,#4346,.F.);
#6134=ORIENTED_EDGE('',*,*,#4347,.F.);
#6135=ORIENTED_EDGE('',*,*,#4348,.F.);
#6136=ORIENTED_EDGE('',*,*,#4349,.F.);
#6137=ORIENTED_EDGE('',*,*,#4350,.F.);
#6138=ORIENTED_EDGE('',*,*,#4351,.F.);
#6139=ORIENTED_EDGE('',*,*,#4352,.F.);
#6140=ORIENTED_EDGE('',*,*,#4353,.F.);
#6141=ORIENTED_EDGE('',*,*,#4354,.F.);
#6142=ORIENTED_EDGE('',*,*,#4177,.F.);
#6143=ORIENTED_EDGE('',*,*,#4143,.F.);
#6144=ORIENTED_EDGE('',*,*,#4146,.F.);
#6145=ORIENTED_EDGE('',*,*,#4148,.F.);
#6146=ORIENTED_EDGE('',*,*,#4150,.F.);
#6147=ORIENTED_EDGE('',*,*,#4152,.F.);
#6148=ORIENTED_EDGE('',*,*,#4154,.F.);
#6149=ORIENTED_EDGE('',*,*,#4156,.F.);
#6150=ORIENTED_EDGE('',*,*,#4158,.F.);
#6151=ORIENTED_EDGE('',*,*,#4160,.F.);
#6152=ORIENTED_EDGE('',*,*,#4162,.F.);
#6153=ORIENTED_EDGE('',*,*,#4164,.F.);
#6154=ORIENTED_EDGE('',*,*,#4166,.F.);
#6155=ORIENTED_EDGE('',*,*,#4168,.F.);
#6156=ORIENTED_EDGE('',*,*,#4170,.F.);
#6157=ORIENTED_EDGE('',*,*,#4172,.F.);
#6158=ORIENTED_EDGE('',*,*,#4174,.F.);
#6159=ORIENTED_EDGE('',*,*,#4176,.F.);
#6160=ORIENTED_EDGE('',*,*,#4355,.F.);
#6161=ORIENTED_EDGE('',*,*,#4356,.F.);
#6162=ORIENTED_EDGE('',*,*,#4357,.F.);
#6163=ORIENTED_EDGE('',*,*,#4358,.F.);
#6164=ORIENTED_EDGE('',*,*,#4359,.F.);
#6165=ORIENTED_EDGE('',*,*,#4360,.F.);
#6166=ORIENTED_EDGE('',*,*,#4213,.F.);
#6167=ORIENTED_EDGE('',*,*,#4179,.F.);
#6168=ORIENTED_EDGE('',*,*,#4182,.F.);
#6169=ORIENTED_EDGE('',*,*,#4184,.F.);
#6170=ORIENTED_EDGE('',*,*,#4186,.F.);
#6171=ORIENTED_EDGE('',*,*,#4188,.F.);
#6172=ORIENTED_EDGE('',*,*,#4190,.F.);
#6173=ORIENTED_EDGE('',*,*,#4192,.F.);
#6174=ORIENTED_EDGE('',*,*,#4194,.F.);
#6175=ORIENTED_EDGE('',*,*,#4196,.F.);
#6176=ORIENTED_EDGE('',*,*,#4198,.F.);
#6177=ORIENTED_EDGE('',*,*,#4200,.F.);
#6178=ORIENTED_EDGE('',*,*,#4202,.F.);
#6179=ORIENTED_EDGE('',*,*,#4204,.F.);
#6180=ORIENTED_EDGE('',*,*,#4206,.F.);
#6181=ORIENTED_EDGE('',*,*,#4208,.F.);
#6182=ORIENTED_EDGE('',*,*,#4210,.F.);
#6183=ORIENTED_EDGE('',*,*,#4212,.F.);
#6184=ORIENTED_EDGE('',*,*,#4297,.T.);
#6185=ORIENTED_EDGE('',*,*,#4361,.T.);
#6186=ORIENTED_EDGE('',*,*,#4257,.F.);
#6187=ORIENTED_EDGE('',*,*,#4215,.F.);
#6188=ORIENTED_EDGE('',*,*,#4220,.F.);
#6189=ORIENTED_EDGE('',*,*,#4218,.T.);
#6190=ORIENTED_EDGE('',*,*,#4236,.T.);
#6191=ORIENTED_EDGE('',*,*,#4362,.F.);
#6192=ORIENTED_EDGE('',*,*,#4226,.T.);
#6193=ORIENTED_EDGE('',*,*,#4224,.T.);
#6194=ORIENTED_EDGE('',*,*,#4221,.T.);
#6195=ORIENTED_EDGE('',*,*,#4362,.T.);
#6196=ORIENTED_EDGE('',*,*,#4235,.F.);
#6197=ORIENTED_EDGE('',*,*,#4233,.F.);
#6198=ORIENTED_EDGE('',*,*,#4231,.F.);
#6199=ORIENTED_EDGE('',*,*,#4363,.T.);
#6200=ORIENTED_EDGE('',*,*,#4230,.F.);
#6201=ORIENTED_EDGE('',*,*,#4228,.T.);
#6202=ORIENTED_EDGE('',*,*,#4227,.T.);
#6203=ORIENTED_EDGE('',*,*,#4363,.F.);
#6204=ORIENTED_EDGE('',*,*,#4240,.F.);
#6205=ORIENTED_EDGE('',*,*,#4238,.T.);
#6206=ORIENTED_EDGE('',*,*,#4256,.T.);
#6207=ORIENTED_EDGE('',*,*,#4364,.F.);
#6208=ORIENTED_EDGE('',*,*,#4246,.T.);
#6209=ORIENTED_EDGE('',*,*,#4244,.T.);
#6210=ORIENTED_EDGE('',*,*,#4241,.T.);
#6211=ORIENTED_EDGE('',*,*,#4364,.T.);
#6212=ORIENTED_EDGE('',*,*,#4255,.F.);
#6213=ORIENTED_EDGE('',*,*,#4253,.F.);
#6214=ORIENTED_EDGE('',*,*,#4251,.F.);
#6215=ORIENTED_EDGE('',*,*,#4365,.T.);
#6216=ORIENTED_EDGE('',*,*,#4250,.F.);
#6217=ORIENTED_EDGE('',*,*,#4248,.T.);
#6218=ORIENTED_EDGE('',*,*,#4247,.T.);
#6219=ORIENTED_EDGE('',*,*,#4365,.F.);
#6220=ORIENTED_EDGE('',*,*,#4259,.F.);
#6221=ORIENTED_EDGE('',*,*,#4361,.F.);
#6222=ORIENTED_EDGE('',*,*,#4295,.T.);
#6223=ORIENTED_EDGE('',*,*,#4262,.F.);
#6224=ORIENTED_EDGE('',*,*,#4366,.T.);
#6225=ORIENTED_EDGE('',*,*,#4263,.T.);
#6226=ORIENTED_EDGE('',*,*,#4367,.F.);
#6227=ORIENTED_EDGE('',*,*,#4368,.T.);
#6228=ORIENTED_EDGE('',*,*,#4367,.T.);
#6229=ORIENTED_EDGE('',*,*,#4266,.T.);
#6230=ORIENTED_EDGE('',*,*,#4369,.F.);
#6231=ORIENTED_EDGE('',*,*,#4370,.T.);
#6232=ORIENTED_EDGE('',*,*,#4369,.T.);
#6233=ORIENTED_EDGE('',*,*,#4265,.T.);
#6234=ORIENTED_EDGE('',*,*,#4371,.F.);
#6235=ORIENTED_EDGE('',*,*,#4372,.T.);
#6236=ORIENTED_EDGE('',*,*,#4371,.T.);
#6237=ORIENTED_EDGE('',*,*,#4264,.T.);
#6238=ORIENTED_EDGE('',*,*,#4366,.F.);
#6239=ORIENTED_EDGE('',*,*,#4373,.T.);
#6240=ORIENTED_EDGE('',*,*,#4269,.T.);
#6241=ORIENTED_EDGE('',*,*,#4271,.T.);
#6242=ORIENTED_EDGE('',*,*,#4273,.T.);
#6243=ORIENTED_EDGE('',*,*,#4274,.T.);
#6244=ORIENTED_EDGE('',*,*,#4374,.T.);
#6245=ORIENTED_EDGE('',*,*,#4375,.T.);
#6246=ORIENTED_EDGE('',*,*,#4376,.F.);
#6247=ORIENTED_EDGE('',*,*,#4275,.F.);
#6248=ORIENTED_EDGE('',*,*,#4377,.T.);
#6249=ORIENTED_EDGE('',*,*,#4378,.T.);
#6250=ORIENTED_EDGE('',*,*,#4374,.F.);
#6251=ORIENTED_EDGE('',*,*,#4282,.F.);
#6252=ORIENTED_EDGE('',*,*,#4376,.T.);
#6253=ORIENTED_EDGE('',*,*,#4379,.T.);
#6254=ORIENTED_EDGE('',*,*,#4380,.F.);
#6255=ORIENTED_EDGE('',*,*,#4276,.F.);
#6256=ORIENTED_EDGE('',*,*,#4381,.T.);
#6257=ORIENTED_EDGE('',*,*,#4382,.T.);
#6258=ORIENTED_EDGE('',*,*,#4377,.F.);
#6259=ORIENTED_EDGE('',*,*,#4281,.F.);
#6260=ORIENTED_EDGE('',*,*,#4380,.T.);
#6261=ORIENTED_EDGE('',*,*,#4383,.T.);
#6262=ORIENTED_EDGE('',*,*,#4384,.F.);
#6263=ORIENTED_EDGE('',*,*,#4277,.F.);
#6264=ORIENTED_EDGE('',*,*,#4385,.T.);
#6265=ORIENTED_EDGE('',*,*,#4386,.T.);
#6266=ORIENTED_EDGE('',*,*,#4381,.F.);
#6267=ORIENTED_EDGE('',*,*,#4280,.F.);
#6268=ORIENTED_EDGE('',*,*,#4384,.T.);
#6269=ORIENTED_EDGE('',*,*,#4387,.T.);
#6270=ORIENTED_EDGE('',*,*,#4388,.F.);
#6271=ORIENTED_EDGE('',*,*,#4278,.F.);
#6272=ORIENTED_EDGE('',*,*,#4388,.T.);
#6273=ORIENTED_EDGE('',*,*,#4389,.T.);
#6274=ORIENTED_EDGE('',*,*,#4385,.F.);
#6275=ORIENTED_EDGE('',*,*,#4279,.F.);
#6276=ORIENTED_EDGE('',*,*,#4390,.F.);
#6277=ORIENTED_EDGE('',*,*,#4283,.T.);
#6278=ORIENTED_EDGE('',*,*,#4391,.T.);
#6279=ORIENTED_EDGE('',*,*,#4373,.F.);
#6280=ORIENTED_EDGE('',*,*,#4392,.F.);
#6281=ORIENTED_EDGE('',*,*,#4284,.T.);
#6282=ORIENTED_EDGE('',*,*,#4390,.T.);
#6283=ORIENTED_EDGE('',*,*,#4368,.F.);
#6284=ORIENTED_EDGE('',*,*,#4391,.F.);
#6285=ORIENTED_EDGE('',*,*,#4286,.T.);
#6286=ORIENTED_EDGE('',*,*,#4393,.T.);
#6287=ORIENTED_EDGE('',*,*,#4372,.F.);
#6288=ORIENTED_EDGE('',*,*,#4393,.F.);
#6289=ORIENTED_EDGE('',*,*,#4285,.T.);
#6290=ORIENTED_EDGE('',*,*,#4392,.T.);
#6291=ORIENTED_EDGE('',*,*,#4370,.F.);
#6292=ORIENTED_EDGE('',*,*,#4308,.T.);
#6293=ORIENTED_EDGE('',*,*,#4287,.F.);
#6294=ORIENTED_EDGE('',*,*,#4309,.T.);
#6295=ORIENTED_EDGE('',*,*,#4288,.F.);
#6296=ORIENTED_EDGE('',*,*,#4310,.T.);
#6297=ORIENTED_EDGE('',*,*,#4289,.F.);
#6298=ORIENTED_EDGE('',*,*,#4394,.T.);
#6299=ORIENTED_EDGE('',*,*,#4395,.T.);
#6300=ORIENTED_EDGE('',*,*,#4396,.F.);
#6301=ORIENTED_EDGE('',*,*,#4290,.F.);
#6302=ORIENTED_EDGE('',*,*,#4394,.F.);
#6303=ORIENTED_EDGE('',*,*,#4293,.T.);
#6304=ORIENTED_EDGE('',*,*,#4397,.T.);
#6305=ORIENTED_EDGE('',*,*,#4398,.F.);
#6306=ORIENTED_EDGE('',*,*,#4399,.F.);
#6307=ORIENTED_EDGE('',*,*,#4291,.T.);
#6308=ORIENTED_EDGE('',*,*,#4396,.T.);
#6309=ORIENTED_EDGE('',*,*,#4400,.F.);
#6310=ORIENTED_EDGE('',*,*,#4397,.F.);
#6311=ORIENTED_EDGE('',*,*,#4292,.T.);
#6312=ORIENTED_EDGE('',*,*,#4399,.T.);
#6313=ORIENTED_EDGE('',*,*,#4401,.F.);
#6314=ORIENTED_EDGE('',*,*,#4311,.T.);
#6315=ORIENTED_EDGE('',*,*,#4294,.F.);
#6316=ORIENTED_EDGE('',*,*,#4402,.F.);
#6317=ORIENTED_EDGE('',*,*,#4300,.T.);
#6318=ORIENTED_EDGE('',*,*,#4403,.T.);
#6319=ORIENTED_EDGE('',*,*,#4383,.F.);
#6320=ORIENTED_EDGE('',*,*,#4402,.T.);
#6321=ORIENTED_EDGE('',*,*,#4379,.F.);
#6322=ORIENTED_EDGE('',*,*,#4404,.F.);
#6323=ORIENTED_EDGE('',*,*,#4301,.F.);
#6324=ORIENTED_EDGE('',*,*,#4403,.F.);
#6325=ORIENTED_EDGE('',*,*,#4307,.T.);
#6326=ORIENTED_EDGE('',*,*,#4405,.T.);
#6327=ORIENTED_EDGE('',*,*,#4387,.F.);
#6328=ORIENTED_EDGE('',*,*,#4406,.F.);
#6329=ORIENTED_EDGE('',*,*,#4302,.T.);
#6330=ORIENTED_EDGE('',*,*,#4404,.T.);
#6331=ORIENTED_EDGE('',*,*,#4375,.F.);
#6332=ORIENTED_EDGE('',*,*,#4405,.F.);
#6333=ORIENTED_EDGE('',*,*,#4306,.T.);
#6334=ORIENTED_EDGE('',*,*,#4407,.T.);
#6335=ORIENTED_EDGE('',*,*,#4389,.F.);
#6336=ORIENTED_EDGE('',*,*,#4406,.T.);
#6337=ORIENTED_EDGE('',*,*,#4378,.F.);
#6338=ORIENTED_EDGE('',*,*,#4408,.F.);
#6339=ORIENTED_EDGE('',*,*,#4303,.F.);
#6340=ORIENTED_EDGE('',*,*,#4407,.F.);
#6341=ORIENTED_EDGE('',*,*,#4305,.T.);
#6342=ORIENTED_EDGE('',*,*,#4409,.T.);
#6343=ORIENTED_EDGE('',*,*,#4386,.F.);
#6344=ORIENTED_EDGE('',*,*,#4409,.F.);
#6345=ORIENTED_EDGE('',*,*,#4304,.T.);
#6346=ORIENTED_EDGE('',*,*,#4408,.T.);
#6347=ORIENTED_EDGE('',*,*,#4382,.F.);
#6348=ORIENTED_EDGE('',*,*,#4410,.T.);
#6349=ORIENTED_EDGE('',*,*,#4313,.T.);
#6350=ORIENTED_EDGE('',*,*,#4411,.F.);
#6351=ORIENTED_EDGE('',*,*,#4412,.F.);
#6352=ORIENTED_EDGE('',*,*,#4413,.T.);
#6353=ORIENTED_EDGE('',*,*,#4314,.T.);
#6354=ORIENTED_EDGE('',*,*,#4410,.F.);
#6355=ORIENTED_EDGE('',*,*,#4414,.F.);
#6356=ORIENTED_EDGE('',*,*,#4415,.T.);
#6357=ORIENTED_EDGE('',*,*,#4315,.T.);
#6358=ORIENTED_EDGE('',*,*,#4413,.F.);
#6359=ORIENTED_EDGE('',*,*,#4416,.F.);
#6360=ORIENTED_EDGE('',*,*,#4417,.T.);
#6361=ORIENTED_EDGE('',*,*,#4316,.T.);
#6362=ORIENTED_EDGE('',*,*,#4415,.F.);
#6363=ORIENTED_EDGE('',*,*,#4418,.F.);
#6364=ORIENTED_EDGE('',*,*,#4419,.T.);
#6365=ORIENTED_EDGE('',*,*,#4317,.T.);
#6366=ORIENTED_EDGE('',*,*,#4417,.F.);
#6367=ORIENTED_EDGE('',*,*,#4420,.F.);
#6368=ORIENTED_EDGE('',*,*,#4421,.T.);
#6369=ORIENTED_EDGE('',*,*,#4318,.T.);
#6370=ORIENTED_EDGE('',*,*,#4419,.F.);
#6371=ORIENTED_EDGE('',*,*,#4422,.F.);
#6372=ORIENTED_EDGE('',*,*,#4411,.T.);
#6373=ORIENTED_EDGE('',*,*,#4319,.T.);
#6374=ORIENTED_EDGE('',*,*,#4421,.F.);
#6375=ORIENTED_EDGE('',*,*,#4423,.F.);
#6376=ORIENTED_EDGE('',*,*,#4424,.T.);
#6377=ORIENTED_EDGE('',*,*,#4320,.T.);
#6378=ORIENTED_EDGE('',*,*,#4425,.F.);
#6379=ORIENTED_EDGE('',*,*,#4426,.F.);
#6380=ORIENTED_EDGE('',*,*,#4427,.T.);
#6381=ORIENTED_EDGE('',*,*,#4321,.T.);
#6382=ORIENTED_EDGE('',*,*,#4424,.F.);
#6383=ORIENTED_EDGE('',*,*,#4428,.F.);
#6384=ORIENTED_EDGE('',*,*,#4429,.T.);
#6385=ORIENTED_EDGE('',*,*,#4322,.T.);
#6386=ORIENTED_EDGE('',*,*,#4427,.F.);
#6387=ORIENTED_EDGE('',*,*,#4430,.F.);
#6388=ORIENTED_EDGE('',*,*,#4431,.T.);
#6389=ORIENTED_EDGE('',*,*,#4323,.T.);
#6390=ORIENTED_EDGE('',*,*,#4429,.F.);
#6391=ORIENTED_EDGE('',*,*,#4432,.F.);
#6392=ORIENTED_EDGE('',*,*,#4433,.T.);
#6393=ORIENTED_EDGE('',*,*,#4324,.T.);
#6394=ORIENTED_EDGE('',*,*,#4431,.F.);
#6395=ORIENTED_EDGE('',*,*,#4434,.F.);
#6396=ORIENTED_EDGE('',*,*,#4425,.T.);
#6397=ORIENTED_EDGE('',*,*,#4325,.T.);
#6398=ORIENTED_EDGE('',*,*,#4433,.F.);
#6399=ORIENTED_EDGE('',*,*,#4435,.F.);
#6400=ORIENTED_EDGE('',*,*,#4436,.T.);
#6401=ORIENTED_EDGE('',*,*,#4326,.T.);
#6402=ORIENTED_EDGE('',*,*,#4437,.F.);
#6403=ORIENTED_EDGE('',*,*,#4438,.F.);
#6404=ORIENTED_EDGE('',*,*,#4439,.T.);
#6405=ORIENTED_EDGE('',*,*,#4327,.T.);
#6406=ORIENTED_EDGE('',*,*,#4436,.F.);
#6407=ORIENTED_EDGE('',*,*,#4440,.F.);
#6408=ORIENTED_EDGE('',*,*,#4441,.T.);
#6409=ORIENTED_EDGE('',*,*,#4328,.T.);
#6410=ORIENTED_EDGE('',*,*,#4439,.F.);
#6411=ORIENTED_EDGE('',*,*,#4442,.F.);
#6412=ORIENTED_EDGE('',*,*,#4443,.T.);
#6413=ORIENTED_EDGE('',*,*,#4329,.T.);
#6414=ORIENTED_EDGE('',*,*,#4441,.F.);
#6415=ORIENTED_EDGE('',*,*,#4444,.F.);
#6416=ORIENTED_EDGE('',*,*,#4445,.T.);
#6417=ORIENTED_EDGE('',*,*,#4330,.T.);
#6418=ORIENTED_EDGE('',*,*,#4443,.F.);
#6419=ORIENTED_EDGE('',*,*,#4446,.F.);
#6420=ORIENTED_EDGE('',*,*,#4437,.T.);
#6421=ORIENTED_EDGE('',*,*,#4331,.T.);
#6422=ORIENTED_EDGE('',*,*,#4445,.F.);
#6423=ORIENTED_EDGE('',*,*,#4447,.F.);
#6424=ORIENTED_EDGE('',*,*,#4448,.T.);
#6425=ORIENTED_EDGE('',*,*,#4332,.T.);
#6426=ORIENTED_EDGE('',*,*,#4449,.F.);
#6427=ORIENTED_EDGE('',*,*,#4450,.F.);
#6428=ORIENTED_EDGE('',*,*,#4451,.T.);
#6429=ORIENTED_EDGE('',*,*,#4333,.T.);
#6430=ORIENTED_EDGE('',*,*,#4448,.F.);
#6431=ORIENTED_EDGE('',*,*,#4452,.F.);
#6432=ORIENTED_EDGE('',*,*,#4453,.T.);
#6433=ORIENTED_EDGE('',*,*,#4334,.T.);
#6434=ORIENTED_EDGE('',*,*,#4451,.F.);
#6435=ORIENTED_EDGE('',*,*,#4454,.F.);
#6436=ORIENTED_EDGE('',*,*,#4455,.T.);
#6437=ORIENTED_EDGE('',*,*,#4335,.T.);
#6438=ORIENTED_EDGE('',*,*,#4453,.F.);
#6439=ORIENTED_EDGE('',*,*,#4456,.F.);
#6440=ORIENTED_EDGE('',*,*,#4457,.T.);
#6441=ORIENTED_EDGE('',*,*,#4336,.T.);
#6442=ORIENTED_EDGE('',*,*,#4455,.F.);
#6443=ORIENTED_EDGE('',*,*,#4458,.F.);
#6444=ORIENTED_EDGE('',*,*,#4459,.T.);
#6445=ORIENTED_EDGE('',*,*,#4337,.T.);
#6446=ORIENTED_EDGE('',*,*,#4457,.F.);
#6447=ORIENTED_EDGE('',*,*,#4460,.F.);
#6448=ORIENTED_EDGE('',*,*,#4461,.T.);
#6449=ORIENTED_EDGE('',*,*,#4338,.T.);
#6450=ORIENTED_EDGE('',*,*,#4459,.F.);
#6451=ORIENTED_EDGE('',*,*,#4462,.F.);
#6452=ORIENTED_EDGE('',*,*,#4463,.T.);
#6453=ORIENTED_EDGE('',*,*,#4339,.T.);
#6454=ORIENTED_EDGE('',*,*,#4461,.F.);
#6455=ORIENTED_EDGE('',*,*,#4464,.F.);
#6456=ORIENTED_EDGE('',*,*,#4465,.T.);
#6457=ORIENTED_EDGE('',*,*,#4340,.T.);
#6458=ORIENTED_EDGE('',*,*,#4463,.F.);
#6459=ORIENTED_EDGE('',*,*,#4466,.F.);
#6460=ORIENTED_EDGE('',*,*,#4467,.T.);
#6461=ORIENTED_EDGE('',*,*,#4341,.T.);
#6462=ORIENTED_EDGE('',*,*,#4465,.F.);
#6463=ORIENTED_EDGE('',*,*,#4468,.F.);
#6464=ORIENTED_EDGE('',*,*,#4449,.T.);
#6465=ORIENTED_EDGE('',*,*,#4342,.T.);
#6466=ORIENTED_EDGE('',*,*,#4467,.F.);
#6467=ORIENTED_EDGE('',*,*,#4469,.F.);
#6468=ORIENTED_EDGE('',*,*,#4470,.T.);
#6469=ORIENTED_EDGE('',*,*,#4343,.T.);
#6470=ORIENTED_EDGE('',*,*,#4471,.F.);
#6471=ORIENTED_EDGE('',*,*,#4472,.F.);
#6472=ORIENTED_EDGE('',*,*,#4473,.T.);
#6473=ORIENTED_EDGE('',*,*,#4344,.T.);
#6474=ORIENTED_EDGE('',*,*,#4470,.F.);
#6475=ORIENTED_EDGE('',*,*,#4474,.F.);
#6476=ORIENTED_EDGE('',*,*,#4475,.T.);
#6477=ORIENTED_EDGE('',*,*,#4345,.T.);
#6478=ORIENTED_EDGE('',*,*,#4473,.F.);
#6479=ORIENTED_EDGE('',*,*,#4476,.F.);
#6480=ORIENTED_EDGE('',*,*,#4477,.T.);
#6481=ORIENTED_EDGE('',*,*,#4346,.T.);
#6482=ORIENTED_EDGE('',*,*,#4475,.F.);
#6483=ORIENTED_EDGE('',*,*,#4478,.F.);
#6484=ORIENTED_EDGE('',*,*,#4479,.T.);
#6485=ORIENTED_EDGE('',*,*,#4347,.T.);
#6486=ORIENTED_EDGE('',*,*,#4477,.F.);
#6487=ORIENTED_EDGE('',*,*,#4480,.F.);
#6488=ORIENTED_EDGE('',*,*,#4481,.T.);
#6489=ORIENTED_EDGE('',*,*,#4348,.T.);
#6490=ORIENTED_EDGE('',*,*,#4479,.F.);
#6491=ORIENTED_EDGE('',*,*,#4482,.F.);
#6492=ORIENTED_EDGE('',*,*,#4483,.T.);
#6493=ORIENTED_EDGE('',*,*,#4349,.T.);
#6494=ORIENTED_EDGE('',*,*,#4481,.F.);
#6495=ORIENTED_EDGE('',*,*,#4484,.F.);
#6496=ORIENTED_EDGE('',*,*,#4485,.T.);
#6497=ORIENTED_EDGE('',*,*,#4350,.T.);
#6498=ORIENTED_EDGE('',*,*,#4483,.F.);
#6499=ORIENTED_EDGE('',*,*,#4486,.F.);
#6500=ORIENTED_EDGE('',*,*,#4487,.T.);
#6501=ORIENTED_EDGE('',*,*,#4351,.T.);
#6502=ORIENTED_EDGE('',*,*,#4485,.F.);
#6503=ORIENTED_EDGE('',*,*,#4488,.F.);
#6504=ORIENTED_EDGE('',*,*,#4489,.T.);
#6505=ORIENTED_EDGE('',*,*,#4352,.T.);
#6506=ORIENTED_EDGE('',*,*,#4487,.F.);
#6507=ORIENTED_EDGE('',*,*,#4490,.F.);
#6508=ORIENTED_EDGE('',*,*,#4491,.T.);
#6509=ORIENTED_EDGE('',*,*,#4353,.T.);
#6510=ORIENTED_EDGE('',*,*,#4489,.F.);
#6511=ORIENTED_EDGE('',*,*,#4492,.F.);
#6512=ORIENTED_EDGE('',*,*,#4471,.T.);
#6513=ORIENTED_EDGE('',*,*,#4354,.T.);
#6514=ORIENTED_EDGE('',*,*,#4491,.F.);
#6515=ORIENTED_EDGE('',*,*,#4493,.F.);
#6516=ORIENTED_EDGE('',*,*,#4494,.T.);
#6517=ORIENTED_EDGE('',*,*,#4355,.T.);
#6518=ORIENTED_EDGE('',*,*,#4495,.F.);
#6519=ORIENTED_EDGE('',*,*,#4496,.F.);
#6520=ORIENTED_EDGE('',*,*,#4497,.T.);
#6521=ORIENTED_EDGE('',*,*,#4356,.T.);
#6522=ORIENTED_EDGE('',*,*,#4494,.F.);
#6523=ORIENTED_EDGE('',*,*,#4498,.F.);
#6524=ORIENTED_EDGE('',*,*,#4499,.T.);
#6525=ORIENTED_EDGE('',*,*,#4357,.T.);
#6526=ORIENTED_EDGE('',*,*,#4497,.F.);
#6527=ORIENTED_EDGE('',*,*,#4500,.F.);
#6528=ORIENTED_EDGE('',*,*,#4501,.T.);
#6529=ORIENTED_EDGE('',*,*,#4358,.T.);
#6530=ORIENTED_EDGE('',*,*,#4499,.F.);
#6531=ORIENTED_EDGE('',*,*,#4502,.F.);
#6532=ORIENTED_EDGE('',*,*,#4503,.T.);
#6533=ORIENTED_EDGE('',*,*,#4359,.T.);
#6534=ORIENTED_EDGE('',*,*,#4501,.F.);
#6535=ORIENTED_EDGE('',*,*,#4504,.F.);
#6536=ORIENTED_EDGE('',*,*,#4495,.T.);
#6537=ORIENTED_EDGE('',*,*,#4360,.T.);
#6538=ORIENTED_EDGE('',*,*,#4503,.F.);
#6539=ORIENTED_EDGE('',*,*,#4505,.F.);
#6540=ORIENTED_EDGE('',*,*,#4398,.T.);
#6541=ORIENTED_EDGE('',*,*,#4401,.T.);
#6542=ORIENTED_EDGE('',*,*,#4400,.T.);
#6543=ORIENTED_EDGE('',*,*,#4395,.F.);
#6544=ORIENTED_EDGE('',*,*,#4414,.T.);
#6545=ORIENTED_EDGE('',*,*,#4412,.T.);
#6546=ORIENTED_EDGE('',*,*,#4423,.T.);
#6547=ORIENTED_EDGE('',*,*,#4422,.T.);
#6548=ORIENTED_EDGE('',*,*,#4420,.T.);
#6549=ORIENTED_EDGE('',*,*,#4418,.T.);
#6550=ORIENTED_EDGE('',*,*,#4416,.T.);
#6551=ORIENTED_EDGE('',*,*,#4428,.T.);
#6552=ORIENTED_EDGE('',*,*,#4426,.T.);
#6553=ORIENTED_EDGE('',*,*,#4435,.T.);
#6554=ORIENTED_EDGE('',*,*,#4434,.T.);
#6555=ORIENTED_EDGE('',*,*,#4432,.T.);
#6556=ORIENTED_EDGE('',*,*,#4430,.T.);
#6557=ORIENTED_EDGE('',*,*,#4440,.T.);
#6558=ORIENTED_EDGE('',*,*,#4438,.T.);
#6559=ORIENTED_EDGE('',*,*,#4447,.T.);
#6560=ORIENTED_EDGE('',*,*,#4446,.T.);
#6561=ORIENTED_EDGE('',*,*,#4444,.T.);
#6562=ORIENTED_EDGE('',*,*,#4442,.T.);
#6563=ORIENTED_EDGE('',*,*,#4452,.T.);
#6564=ORIENTED_EDGE('',*,*,#4450,.T.);
#6565=ORIENTED_EDGE('',*,*,#4469,.T.);
#6566=ORIENTED_EDGE('',*,*,#4468,.T.);
#6567=ORIENTED_EDGE('',*,*,#4466,.T.);
#6568=ORIENTED_EDGE('',*,*,#4464,.T.);
#6569=ORIENTED_EDGE('',*,*,#4462,.T.);
#6570=ORIENTED_EDGE('',*,*,#4460,.T.);
#6571=ORIENTED_EDGE('',*,*,#4458,.T.);
#6572=ORIENTED_EDGE('',*,*,#4456,.T.);
#6573=ORIENTED_EDGE('',*,*,#4454,.T.);
#6574=ORIENTED_EDGE('',*,*,#4474,.T.);
#6575=ORIENTED_EDGE('',*,*,#4472,.T.);
#6576=ORIENTED_EDGE('',*,*,#4493,.T.);
#6577=ORIENTED_EDGE('',*,*,#4492,.T.);
#6578=ORIENTED_EDGE('',*,*,#4490,.T.);
#6579=ORIENTED_EDGE('',*,*,#4488,.T.);
#6580=ORIENTED_EDGE('',*,*,#4486,.T.);
#6581=ORIENTED_EDGE('',*,*,#4484,.T.);
#6582=ORIENTED_EDGE('',*,*,#4482,.T.);
#6583=ORIENTED_EDGE('',*,*,#4480,.T.);
#6584=ORIENTED_EDGE('',*,*,#4478,.T.);
#6585=ORIENTED_EDGE('',*,*,#4476,.T.);
#6586=ORIENTED_EDGE('',*,*,#4498,.T.);
#6587=ORIENTED_EDGE('',*,*,#4496,.T.);
#6588=ORIENTED_EDGE('',*,*,#4505,.T.);
#6589=ORIENTED_EDGE('',*,*,#4504,.T.);
#6590=ORIENTED_EDGE('',*,*,#4502,.T.);
#6591=ORIENTED_EDGE('',*,*,#4500,.T.);
#6592=PLANE('',#7159);
#6593=PLANE('',#7160);
#6594=PLANE('',#7161);
#6595=PLANE('',#7162);
#6596=PLANE('',#7163);
#6597=PLANE('',#7164);
#6598=PLANE('',#7165);
#6599=PLANE('',#7166);
#6600=PLANE('',#7167);
#6601=PLANE('',#7168);
#6602=PLANE('',#7169);
#6603=PLANE('',#7170);
#6604=PLANE('',#7171);
#6605=PLANE('',#7172);
#6606=PLANE('',#7173);
#6607=PLANE('',#7174);
#6608=PLANE('',#7175);
#6609=PLANE('',#7176);
#6610=PLANE('',#7177);
#6611=PLANE('',#7178);
#6612=PLANE('',#7179);
#6613=PLANE('',#7180);
#6614=PLANE('',#7182);
#6615=PLANE('',#7183);
#6616=PLANE('',#7184);
#6617=PLANE('',#7185);
#6618=PLANE('',#7186);
#6619=PLANE('',#7187);
#6620=PLANE('',#7188);
#6621=PLANE('',#7189);
#6622=PLANE('',#7190);
#6623=PLANE('',#7191);
#6624=PLANE('',#7192);
#6625=PLANE('',#7193);
#6626=PLANE('',#7194);
#6627=PLANE('',#7195);
#6628=PLANE('',#7196);
#6629=PLANE('',#7197);
#6630=PLANE('',#7198);
#6631=PLANE('',#7199);
#6632=PLANE('',#7200);
#6633=PLANE('',#7201);
#6634=PLANE('',#7203);
#6635=PLANE('',#7204);
#6636=PLANE('',#7205);
#6637=PLANE('',#7207);
#6638=PLANE('',#7208);
#6639=PLANE('',#7210);
#6640=PLANE('',#7211);
#6641=PLANE('',#7212);
#6642=PLANE('',#7213);
#6643=PLANE('',#7214);
#6644=PLANE('',#7215);
#6645=PLANE('',#7216);
#6646=PLANE('',#7219);
#6647=PLANE('',#7220);
#6648=PLANE('',#7221);
#6649=PLANE('',#7223);
#6650=PLANE('',#7224);
#6651=PLANE('',#7228);
#6652=PLANE('',#7229);
#6653=PLANE('',#7230);
#6654=PLANE('',#7231);
#6655=PLANE('',#7232);
#6656=PLANE('',#7235);
#6657=PLANE('',#7236);
#6658=PLANE('',#7237);
#6659=PLANE('',#7238);
#6660=PLANE('',#7239);
#6661=PLANE('',#7240);
#6662=PLANE('',#7241);
#6663=PLANE('',#7242);
#6664=PLANE('',#7243);
#6665=PLANE('',#7244);
#6666=PLANE('',#7245);
#6667=PLANE('',#7246);
#6668=PLANE('',#7247);
#6669=PLANE('',#7248);
#6670=PLANE('',#7249);
#6671=PLANE('',#7250);
#6672=PLANE('',#7251);
#6673=PLANE('',#7252);
#6674=PLANE('',#7253);
#6675=PLANE('',#7254);
#6676=PLANE('',#7255);
#6677=PLANE('',#7256);
#6678=PLANE('',#7257);
#6679=PLANE('',#7258);
#6680=PLANE('',#7259);
#6681=PLANE('',#7260);
#6682=PLANE('',#7261);
#6683=PLANE('',#7262);
#6684=PLANE('',#7264);
#6685=PLANE('',#7265);
#6686=PLANE('',#7266);
#6687=PLANE('',#7267);
#6688=PLANE('',#7268);
#6689=PLANE('',#7269);
#6690=PLANE('',#7270);
#6691=PLANE('',#7271);
#6692=PLANE('',#7272);
#6693=PLANE('',#7273);
#6694=PLANE('',#7274);
#6695=PLANE('',#7275);
#6696=PLANE('',#7276);
#6697=PLANE('',#7277);
#6698=PLANE('',#7278);
#6699=PLANE('',#7279);
#6700=PLANE('',#7280);
#6701=PLANE('',#7281);
#6702=PLANE('',#7282);
#6703=PLANE('',#7283);
#6704=PLANE('',#7285);
#6705=PLANE('',#7286);
#6706=PLANE('',#7287);
#6707=PLANE('',#7288);
#6708=PLANE('',#7289);
#6709=PLANE('',#7290);
#6710=PLANE('',#7291);
#6711=PLANE('',#7292);
#6712=PLANE('',#7293);
#6713=PLANE('',#7294);
#6714=PLANE('',#7295);
#6715=PLANE('',#7296);
#6716=PLANE('',#7297);
#6717=PLANE('',#7298);
#6718=PLANE('',#7299);
#6719=PLANE('',#7300);
#6720=PLANE('',#7303);
#6721=PLANE('',#7304);
#6722=PLANE('',#7306);
#6723=PLANE('',#7307);
#6724=PLANE('',#7308);
#6725=PLANE('',#7309);
#6726=PLANE('',#7310);
#6727=PLANE('',#7311);
#6728=PLANE('',#7312);
#6729=PLANE('',#7323);
#6730=PLANE('',#7328);
#6731=PLANE('',#7338);
#6732=PLANE('',#7339);
#6733=PLANE('',#7340);
#6734=PLANE('',#7341);
#6735=PLANE('',#7342);
#6736=PLANE('',#7343);
#6737=PLANE('',#7344);
#6738=PLANE('',#7345);
#6739=PLANE('',#7346);
#6740=PLANE('',#7349);
#6741=PLANE('',#7350);
#6742=PLANE('',#7351);
#6743=PLANE('',#7352);
#6744=PLANE('',#7353);
#6745=PLANE('',#7354);
#6746=PLANE('',#7356);
#6747=PLANE('',#7357);
#6748=PLANE('',#7358);
#6749=PLANE('',#7359);
#6750=PLANE('',#7360);
#6751=PLANE('',#7361);
#6752=PLANE('',#7366);
#6753=PLANE('',#7367);
#6754=PLANE('',#7372);
#6755=PLANE('',#7373);
#6756=PLANE('',#7374);
#6757=PLANE('',#7375);
#6758=PLANE('',#7376);
#6759=PLANE('',#7380);
#6760=PLANE('',#7385);
#6761=PLANE('',#7387);
#6762=PLANE('',#7390);
#6763=PLANE('',#7391);
#6764=PLANE('',#7394);
#6765=PLANE('',#7395);
#6766=PLANE('',#7396);
#6767=PLANE('',#7397);
#6768=PLANE('',#7398);
#6769=PLANE('',#7399);
#6770=PLANE('',#7400);
#6771=PLANE('',#7401);
#6772=PLANE('',#7402);
#6773=PLANE('',#7403);
#6774=PLANE('',#7404);
#6775=PLANE('',#7405);
#6776=PLANE('',#7406);
#6777=PLANE('',#7407);
#6778=PLANE('',#7408);
#6779=ADVANCED_FACE('',(#625,#578,#579),#6592,.T.);
#6780=ADVANCED_FACE('',(#626),#6593,.F.);
#6781=ADVANCED_FACE('',(#627),#6594,.T.);
#6782=ADVANCED_FACE('',(#628),#6595,.F.);
#6783=ADVANCED_FACE('',(#629),#6596,.F.);
#6784=ADVANCED_FACE('',(#630),#6597,.F.);
#6785=ADVANCED_FACE('',(#631),#6598,.T.);
#6786=ADVANCED_FACE('',(#632),#6599,.F.);
#6787=ADVANCED_FACE('',(#633),#6600,.T.);
#6788=ADVANCED_FACE('',(#634),#6601,.F.);
#6789=ADVANCED_FACE('',(#635),#6602,.T.);
#6790=ADVANCED_FACE('',(#636),#6603,.T.);
#6791=ADVANCED_FACE('',(#637),#6604,.F.);
#6792=ADVANCED_FACE('',(#638),#6605,.F.);
#6793=ADVANCED_FACE('',(#639),#6606,.F.);
#6794=ADVANCED_FACE('',(#640),#6607,.F.);
#6795=ADVANCED_FACE('',(#641),#6608,.F.);
#6796=ADVANCED_FACE('',(#642),#6609,.T.);
#6797=ADVANCED_FACE('',(#643),#6610,.F.);
#6798=ADVANCED_FACE('',(#644),#6611,.F.);
#6799=ADVANCED_FACE('',(#645),#6612,.F.);
#6800=ADVANCED_FACE('',(#646,#580),#6613,.F.);
#6801=ADVANCED_FACE('',(#647),#6614,.F.);
#6802=ADVANCED_FACE('',(#648),#6615,.T.);
#6803=ADVANCED_FACE('',(#649),#6616,.F.);
#6804=ADVANCED_FACE('',(#650),#6617,.T.);
#6805=ADVANCED_FACE('',(#651),#6618,.T.);
#6806=ADVANCED_FACE('',(#652,#581),#6619,.T.);
#6807=ADVANCED_FACE('',(#653),#6620,.T.);
#6808=ADVANCED_FACE('',(#654),#6621,.T.);
#6809=ADVANCED_FACE('',(#655),#6622,.T.);
#6810=ADVANCED_FACE('',(#656),#6623,.F.);
#6811=ADVANCED_FACE('',(#657),#6624,.T.);
#6812=ADVANCED_FACE('',(#658),#6625,.F.);
#6813=ADVANCED_FACE('',(#659,#582),#6626,.T.);
#6814=ADVANCED_FACE('',(#660),#6627,.F.);
#6815=ADVANCED_FACE('',(#661),#6628,.T.);
#6816=ADVANCED_FACE('',(#662),#6629,.F.);
#6817=ADVANCED_FACE('',(#663),#6630,.F.);
#6818=ADVANCED_FACE('',(#664),#6631,.F.);
#6819=ADVANCED_FACE('',(#665),#6632,.T.);
#6820=ADVANCED_FACE('',(#666,#583,#584,#585,#586,#587,#588,#589,#590,#591,
#592,#593,#594,#595),#6633,.T.);
#6821=ADVANCED_FACE('',(#667),#6634,.F.);
#6822=ADVANCED_FACE('',(#668),#6635,.T.);
#6823=ADVANCED_FACE('',(#669,#596),#6636,.T.);
#6824=ADVANCED_FACE('',(#670,#597,#598),#6637,.T.);
#6825=ADVANCED_FACE('',(#671),#6638,.T.);
#6826=ADVANCED_FACE('',(#672),#6639,.F.);
#6827=ADVANCED_FACE('',(#673,#599),#6640,.T.);
#6828=ADVANCED_FACE('',(#674),#6641,.F.);
#6829=ADVANCED_FACE('',(#675),#6642,.F.);
#6830=ADVANCED_FACE('',(#676),#6643,.F.);
#6831=ADVANCED_FACE('',(#677),#6644,.F.);
#6832=ADVANCED_FACE('',(#678),#6645,.F.);
#6833=ADVANCED_FACE('',(#679,#600),#192,.F.);
#6834=ADVANCED_FACE('',(#680),#6646,.T.);
#6835=ADVANCED_FACE('',(#681),#6647,.F.);
#6836=ADVANCED_FACE('',(#682),#6648,.T.);
#6837=ADVANCED_FACE('',(#683),#6649,.T.);
#6838=ADVANCED_FACE('',(#684),#6650,.T.);
#6839=ADVANCED_FACE('',(#685),#193,.F.);
#6840=ADVANCED_FACE('',(#686),#6651,.F.);
#6841=ADVANCED_FACE('',(#687),#6652,.F.);
#6842=ADVANCED_FACE('',(#688),#6653,.F.);
#6843=ADVANCED_FACE('',(#689),#6654,.F.);
#6844=ADVANCED_FACE('',(#690),#6655,.F.);
#6845=ADVANCED_FACE('',(#691),#194,.F.);
#6846=ADVANCED_FACE('',(#692),#6656,.T.);
#6847=ADVANCED_FACE('',(#693),#6657,.T.);
#6848=ADVANCED_FACE('',(#694),#22,.T.);
#6849=ADVANCED_FACE('',(#695),#6658,.T.);
#6850=ADVANCED_FACE('',(#696),#23,.T.);
#6851=ADVANCED_FACE('',(#697),#6659,.T.);
#6852=ADVANCED_FACE('',(#698),#24,.T.);
#6853=ADVANCED_FACE('',(#699),#6660,.T.);
#6854=ADVANCED_FACE('',(#700),#25,.T.);
#6855=ADVANCED_FACE('',(#701),#6661,.T.);
#6856=ADVANCED_FACE('',(#702),#26,.T.);
#6857=ADVANCED_FACE('',(#703),#6662,.T.);
#6858=ADVANCED_FACE('',(#704),#27,.T.);
#6859=ADVANCED_FACE('',(#705),#6663,.T.);
#6860=ADVANCED_FACE('',(#706),#28,.T.);
#6861=ADVANCED_FACE('',(#707),#29,.T.);
#6862=ADVANCED_FACE('',(#708),#30,.T.);
#6863=ADVANCED_FACE('',(#709),#31,.T.);
#6864=ADVANCED_FACE('',(#710),#32,.T.);
#6865=ADVANCED_FACE('',(#711),#33,.T.);
#6866=ADVANCED_FACE('',(#712),#34,.T.);
#6867=ADVANCED_FACE('',(#713),#35,.T.);
#6868=ADVANCED_FACE('',(#714),#6664,.T.);
#6869=ADVANCED_FACE('',(#715),#36,.T.);
#6870=ADVANCED_FACE('',(#716),#6665,.T.);
#6871=ADVANCED_FACE('',(#717),#37,.T.);
#6872=ADVANCED_FACE('',(#718),#38,.T.);
#6873=ADVANCED_FACE('',(#719),#39,.T.);
#6874=ADVANCED_FACE('',(#720),#40,.T.);
#6875=ADVANCED_FACE('',(#721),#6666,.T.);
#6876=ADVANCED_FACE('',(#722),#41,.T.);
#6877=ADVANCED_FACE('',(#723),#42,.T.);
#6878=ADVANCED_FACE('',(#724),#43,.T.);
#6879=ADVANCED_FACE('',(#725),#44,.T.);
#6880=ADVANCED_FACE('',(#726),#45,.T.);
#6881=ADVANCED_FACE('',(#727),#46,.T.);
#6882=ADVANCED_FACE('',(#728),#47,.T.);
#6883=ADVANCED_FACE('',(#729),#48,.T.);
#6884=ADVANCED_FACE('',(#730),#49,.T.);
#6885=ADVANCED_FACE('',(#731),#50,.T.);
#6886=ADVANCED_FACE('',(#732),#51,.T.);
#6887=ADVANCED_FACE('',(#733),#52,.T.);
#6888=ADVANCED_FACE('',(#734),#53,.T.);
#6889=ADVANCED_FACE('',(#735),#54,.T.);
#6890=ADVANCED_FACE('',(#736),#6667,.T.);
#6891=ADVANCED_FACE('',(#737),#55,.T.);
#6892=ADVANCED_FACE('',(#738),#56,.T.);
#6893=ADVANCED_FACE('',(#739),#57,.T.);
#6894=ADVANCED_FACE('',(#740),#58,.T.);
#6895=ADVANCED_FACE('',(#741),#59,.T.);
#6896=ADVANCED_FACE('',(#742),#60,.T.);
#6897=ADVANCED_FACE('',(#743),#6668,.T.);
#6898=ADVANCED_FACE('',(#744),#61,.T.);
#6899=ADVANCED_FACE('',(#745),#62,.T.);
#6900=ADVANCED_FACE('',(#746),#63,.T.);
#6901=ADVANCED_FACE('',(#747),#64,.T.);
#6902=ADVANCED_FACE('',(#748),#65,.T.);
#6903=ADVANCED_FACE('',(#749),#66,.T.);
#6904=ADVANCED_FACE('',(#750),#67,.T.);
#6905=ADVANCED_FACE('',(#751),#68,.T.);
#6906=ADVANCED_FACE('',(#752),#69,.T.);
#6907=ADVANCED_FACE('',(#753),#70,.T.);
#6908=ADVANCED_FACE('',(#754),#71,.T.);
#6909=ADVANCED_FACE('',(#755),#72,.T.);
#6910=ADVANCED_FACE('',(#756),#73,.T.);
#6911=ADVANCED_FACE('',(#757),#74,.T.);
#6912=ADVANCED_FACE('',(#758),#75,.T.);
#6913=ADVANCED_FACE('',(#759),#76,.T.);
#6914=ADVANCED_FACE('',(#760),#77,.T.);
#6915=ADVANCED_FACE('',(#761),#78,.T.);
#6916=ADVANCED_FACE('',(#762),#79,.T.);
#6917=ADVANCED_FACE('',(#763),#6669,.T.);
#6918=ADVANCED_FACE('',(#764),#80,.T.);
#6919=ADVANCED_FACE('',(#765),#6670,.T.);
#6920=ADVANCED_FACE('',(#766),#81,.T.);
#6921=ADVANCED_FACE('',(#767),#82,.T.);
#6922=ADVANCED_FACE('',(#768),#83,.T.);
#6923=ADVANCED_FACE('',(#769),#84,.T.);
#6924=ADVANCED_FACE('',(#770),#6671,.T.);
#6925=ADVANCED_FACE('',(#771),#85,.T.);
#6926=ADVANCED_FACE('',(#772),#86,.T.);
#6927=ADVANCED_FACE('',(#773),#87,.T.);
#6928=ADVANCED_FACE('',(#774),#88,.T.);
#6929=ADVANCED_FACE('',(#775),#89,.T.);
#6930=ADVANCED_FACE('',(#776),#6672,.T.);
#6931=ADVANCED_FACE('',(#777),#90,.T.);
#6932=ADVANCED_FACE('',(#778),#6673,.T.);
#6933=ADVANCED_FACE('',(#779),#6674,.T.);
#6934=ADVANCED_FACE('',(#780),#6675,.T.);
#6935=ADVANCED_FACE('',(#781),#91,.T.);
#6936=ADVANCED_FACE('',(#782),#6676,.T.);
#6937=ADVANCED_FACE('',(#783),#92,.T.);
#6938=ADVANCED_FACE('',(#784),#6677,.T.);
#6939=ADVANCED_FACE('',(#785),#93,.T.);
#6940=ADVANCED_FACE('',(#786),#6678,.T.);
#6941=ADVANCED_FACE('',(#787),#94,.T.);
#6942=ADVANCED_FACE('',(#788),#6679,.T.);
#6943=ADVANCED_FACE('',(#789),#95,.T.);
#6944=ADVANCED_FACE('',(#790),#6680,.T.);
#6945=ADVANCED_FACE('',(#791),#6681,.T.);
#6946=ADVANCED_FACE('',(#792),#6682,.T.);
#6947=ADVANCED_FACE('',(#793),#6683,.T.);
#6948=ADVANCED_FACE('',(#794,#601),#195,.F.);
#6949=ADVANCED_FACE('',(#795),#96,.T.);
#6950=ADVANCED_FACE('',(#796),#97,.T.);
#6951=ADVANCED_FACE('',(#797),#98,.T.);
#6952=ADVANCED_FACE('',(#798),#99,.T.);
#6953=ADVANCED_FACE('',(#799),#100,.T.);
#6954=ADVANCED_FACE('',(#800),#101,.T.);
#6955=ADVANCED_FACE('',(#801),#102,.T.);
#6956=ADVANCED_FACE('',(#802),#103,.T.);
#6957=ADVANCED_FACE('',(#803),#104,.T.);
#6958=ADVANCED_FACE('',(#804),#105,.T.);
#6959=ADVANCED_FACE('',(#805),#106,.T.);
#6960=ADVANCED_FACE('',(#806),#107,.T.);
#6961=ADVANCED_FACE('',(#807),#108,.T.);
#6962=ADVANCED_FACE('',(#808),#109,.T.);
#6963=ADVANCED_FACE('',(#809),#110,.T.);
#6964=ADVANCED_FACE('',(#810),#111,.T.);
#6965=ADVANCED_FACE('',(#811),#112,.T.);
#6966=ADVANCED_FACE('',(#812),#6684,.T.);
#6967=ADVANCED_FACE('',(#813),#6685,.T.);
#6968=ADVANCED_FACE('',(#814),#6686,.T.);
#6969=ADVANCED_FACE('',(#815),#6687,.T.);
#6970=ADVANCED_FACE('',(#816),#6688,.T.);
#6971=ADVANCED_FACE('',(#817),#6689,.T.);
#6972=ADVANCED_FACE('',(#818),#113,.T.);
#6973=ADVANCED_FACE('',(#819),#114,.T.);
#6974=ADVANCED_FACE('',(#820),#6690,.T.);
#6975=ADVANCED_FACE('',(#821),#115,.T.);
#6976=ADVANCED_FACE('',(#822),#116,.T.);
#6977=ADVANCED_FACE('',(#823),#117,.T.);
#6978=ADVANCED_FACE('',(#824),#118,.T.);
#6979=ADVANCED_FACE('',(#825),#119,.T.);
#6980=ADVANCED_FACE('',(#826),#120,.T.);
#6981=ADVANCED_FACE('',(#827),#121,.T.);
#6982=ADVANCED_FACE('',(#828),#122,.T.);
#6983=ADVANCED_FACE('',(#829),#123,.T.);
#6984=ADVANCED_FACE('',(#830),#124,.T.);
#6985=ADVANCED_FACE('',(#831),#125,.T.);
#6986=ADVANCED_FACE('',(#832),#126,.T.);
#6987=ADVANCED_FACE('',(#833),#127,.T.);
#6988=ADVANCED_FACE('',(#834),#128,.T.);
#6989=ADVANCED_FACE('',(#835),#129,.T.);
#6990=ADVANCED_FACE('',(#836),#130,.T.);
#6991=ADVANCED_FACE('',(#837),#6691,.T.);
#6992=ADVANCED_FACE('',(#838),#131,.T.);
#6993=ADVANCED_FACE('',(#839),#132,.T.);
#6994=ADVANCED_FACE('',(#840),#133,.T.);
#6995=ADVANCED_FACE('',(#841),#134,.T.);
#6996=ADVANCED_FACE('',(#842),#6692,.T.);
#6997=ADVANCED_FACE('',(#843),#6693,.T.);
#6998=ADVANCED_FACE('',(#844),#135,.T.);
#6999=ADVANCED_FACE('',(#845),#136,.T.);
#7000=ADVANCED_FACE('',(#846),#137,.T.);
#7001=ADVANCED_FACE('',(#847),#138,.T.);
#7002=ADVANCED_FACE('',(#848),#139,.T.);
#7003=ADVANCED_FACE('',(#849),#140,.T.);
#7004=ADVANCED_FACE('',(#850),#6694,.T.);
#7005=ADVANCED_FACE('',(#851),#6695,.T.);
#7006=ADVANCED_FACE('',(#852),#6696,.T.);
#7007=ADVANCED_FACE('',(#853),#6697,.T.);
#7008=ADVANCED_FACE('',(#854),#6698,.T.);
#7009=ADVANCED_FACE('',(#855),#6699,.T.);
#7010=ADVANCED_FACE('',(#856),#141,.T.);
#7011=ADVANCED_FACE('',(#857),#142,.T.);
#7012=ADVANCED_FACE('',(#858),#143,.T.);
#7013=ADVANCED_FACE('',(#859),#144,.T.);
#7014=ADVANCED_FACE('',(#860),#6700,.T.);
#7015=ADVANCED_FACE('',(#861),#6701,.T.);
#7016=ADVANCED_FACE('',(#862),#6702,.T.);
#7017=ADVANCED_FACE('',(#863),#145,.T.);
#7018=ADVANCED_FACE('',(#864),#146,.T.);
#7019=ADVANCED_FACE('',(#865),#6703,.T.);
#7020=ADVANCED_FACE('',(#866),#6704,.F.);
#7021=ADVANCED_FACE('',(#867),#6705,.F.);
#7022=ADVANCED_FACE('',(#868),#6706,.F.);
#7023=ADVANCED_FACE('',(#869),#6707,.F.);
#7024=ADVANCED_FACE('',(#870),#6708,.F.);
#7025=ADVANCED_FACE('',(#871),#6709,.F.);
#7026=ADVANCED_FACE('',(#872),#6710,.F.);
#7027=ADVANCED_FACE('',(#873),#6711,.F.);
#7028=ADVANCED_FACE('',(#874),#6712,.F.);
#7029=ADVANCED_FACE('',(#875),#6713,.F.);
#7030=ADVANCED_FACE('',(#876),#6714,.F.);
#7031=ADVANCED_FACE('',(#877),#6715,.F.);
#7032=ADVANCED_FACE('',(#878),#6716,.F.);
#7033=ADVANCED_FACE('',(#879),#6717,.F.);
#7034=ADVANCED_FACE('',(#880),#6718,.F.);
#7035=ADVANCED_FACE('',(#881),#6719,.F.);
#7036=ADVANCED_FACE('',(#882),#196,.F.);
#7037=ADVANCED_FACE('',(#883),#6720,.T.);
#7038=ADVANCED_FACE('',(#884),#6721,.T.);
#7039=ADVANCED_FACE('',(#885,#602),#6722,.T.);
#7040=ADVANCED_FACE('',(#886),#6723,.T.);
#7041=ADVANCED_FACE('',(#887),#6724,.F.);
#7042=ADVANCED_FACE('',(#888),#6725,.F.);
#7043=ADVANCED_FACE('',(#889),#6726,.F.);
#7044=ADVANCED_FACE('',(#890),#6727,.F.);
#7045=ADVANCED_FACE('',(#891,#603,#604,#605,#606,#607,#608,#609),#6728,
 .F.);
#7046=ADVANCED_FACE('',(#892),#6729,.T.);
#7047=ADVANCED_FACE('',(#893),#197,.F.);
#7048=ADVANCED_FACE('',(#894),#198,.F.);
#7049=ADVANCED_FACE('',(#895,#610,#611,#612,#613,#614),#6730,.T.);
#7050=ADVANCED_FACE('',(#896),#199,.F.);
#7051=ADVANCED_FACE('',(#897,#615),#6731,.T.);
#7052=ADVANCED_FACE('',(#898,#616),#6732,.T.);
#7053=ADVANCED_FACE('',(#899),#6733,.T.);
#7054=ADVANCED_FACE('',(#900,#617),#6734,.T.);
#7055=ADVANCED_FACE('',(#901),#6735,.T.);
#7056=ADVANCED_FACE('',(#902,#618),#6736,.T.);
#7057=ADVANCED_FACE('',(#903,#619),#6737,.T.);
#7058=ADVANCED_FACE('',(#904,#620),#6738,.T.);
#7059=ADVANCED_FACE('',(#905),#6739,.T.);
#7060=ADVANCED_FACE('',(#906),#21,.F.);
#7061=ADVANCED_FACE('',(#907),#6740,.T.);
#7062=ADVANCED_FACE('',(#908),#6741,.F.);
#7063=ADVANCED_FACE('',(#909),#6742,.T.);
#7064=ADVANCED_FACE('',(#910),#6743,.T.);
#7065=ADVANCED_FACE('',(#911),#6744,.F.);
#7066=ADVANCED_FACE('',(#912),#6745,.T.);
#7067=ADVANCED_FACE('',(#913),#200,.T.);
#7068=ADVANCED_FACE('',(#914),#6746,.F.);
#7069=ADVANCED_FACE('',(#915),#6747,.F.);
#7070=ADVANCED_FACE('',(#916),#6748,.F.);
#7071=ADVANCED_FACE('',(#917),#6749,.F.);
#7072=ADVANCED_FACE('',(#918),#6750,.T.);
#7073=ADVANCED_FACE('',(#919),#6751,.T.);
#7074=ADVANCED_FACE('',(#920),#17,.T.);
#7075=ADVANCED_FACE('',(#921),#18,.T.);
#7076=ADVANCED_FACE('',(#922),#6752,.T.);
#7077=ADVANCED_FACE('',(#923),#6753,.T.);
#7078=ADVANCED_FACE('',(#924),#19,.T.);
#7079=ADVANCED_FACE('',(#925),#20,.T.);
#7080=ADVANCED_FACE('',(#926),#6754,.T.);
#7081=ADVANCED_FACE('',(#927),#6755,.T.);
#7082=ADVANCED_FACE('',(#928),#6756,.T.);
#7083=ADVANCED_FACE('',(#929),#6757,.T.);
#7084=ADVANCED_FACE('',(#930),#6758,.T.);
#7085=ADVANCED_FACE('',(#931,#621),#201,.F.);
#7086=ADVANCED_FACE('',(#932,#622),#202,.F.);
#7087=ADVANCED_FACE('',(#933,#623),#203,.F.);
#7088=ADVANCED_FACE('',(#934),#6759,.T.);
#7089=ADVANCED_FACE('',(#935),#204,.F.);
#7090=ADVANCED_FACE('',(#936),#205,.F.);
#7091=ADVANCED_FACE('',(#937),#6760,.F.);
#7092=ADVANCED_FACE('',(#938,#624),#206,.F.);
#7093=ADVANCED_FACE('',(#939),#6761,.F.);
#7094=ADVANCED_FACE('',(#940),#207,.T.);
#7095=ADVANCED_FACE('',(#941),#208,.T.);
#7096=ADVANCED_FACE('',(#942),#6762,.F.);
#7097=ADVANCED_FACE('',(#943),#6763,.F.);
#7098=ADVANCED_FACE('',(#944),#209,.T.);
#7099=ADVANCED_FACE('',(#945),#210,.T.);
#7100=ADVANCED_FACE('',(#946),#6764,.F.);
#7101=ADVANCED_FACE('',(#947),#6765,.T.);
#7102=ADVANCED_FACE('',(#948),#147,.T.);
#7103=ADVANCED_FACE('',(#949),#148,.T.);
#7104=ADVANCED_FACE('',(#950),#149,.T.);
#7105=ADVANCED_FACE('',(#951),#150,.T.);
#7106=ADVANCED_FACE('',(#952),#6766,.T.);
#7107=ADVANCED_FACE('',(#953),#6767,.T.);
#7108=ADVANCED_FACE('',(#954),#151,.T.);
#7109=ADVANCED_FACE('',(#955),#152,.T.);
#7110=ADVANCED_FACE('',(#956),#153,.T.);
#7111=ADVANCED_FACE('',(#957),#154,.T.);
#7112=ADVANCED_FACE('',(#958),#6768,.T.);
#7113=ADVANCED_FACE('',(#959),#155,.T.);
#7114=ADVANCED_FACE('',(#960),#156,.T.);
#7115=ADVANCED_FACE('',(#961),#157,.T.);
#7116=ADVANCED_FACE('',(#962),#158,.T.);
#7117=ADVANCED_FACE('',(#963),#159,.T.);
#7118=ADVANCED_FACE('',(#964),#6769,.T.);
#7119=ADVANCED_FACE('',(#965),#160,.T.);
#7120=ADVANCED_FACE('',(#966),#161,.T.);
#7121=ADVANCED_FACE('',(#967),#162,.T.);
#7122=ADVANCED_FACE('',(#968),#163,.T.);
#7123=ADVANCED_FACE('',(#969),#164,.T.);
#7124=ADVANCED_FACE('',(#970),#165,.T.);
#7125=ADVANCED_FACE('',(#971),#166,.T.);
#7126=ADVANCED_FACE('',(#972),#167,.T.);
#7127=ADVANCED_FACE('',(#973),#168,.T.);
#7128=ADVANCED_FACE('',(#974),#169,.T.);
#7129=ADVANCED_FACE('',(#975),#170,.T.);
#7130=ADVANCED_FACE('',(#976),#171,.T.);
#7131=ADVANCED_FACE('',(#977),#172,.T.);
#7132=ADVANCED_FACE('',(#978),#173,.T.);
#7133=ADVANCED_FACE('',(#979),#174,.T.);
#7134=ADVANCED_FACE('',(#980),#175,.T.);
#7135=ADVANCED_FACE('',(#981),#176,.T.);
#7136=ADVANCED_FACE('',(#982),#177,.T.);
#7137=ADVANCED_FACE('',(#983),#178,.T.);
#7138=ADVANCED_FACE('',(#984),#179,.T.);
#7139=ADVANCED_FACE('',(#985),#180,.T.);
#7140=ADVANCED_FACE('',(#986),#6770,.T.);
#7141=ADVANCED_FACE('',(#987),#181,.T.);
#7142=ADVANCED_FACE('',(#988),#182,.T.);
#7143=ADVANCED_FACE('',(#989),#183,.T.);
#7144=ADVANCED_FACE('',(#990),#184,.T.);
#7145=ADVANCED_FACE('',(#991),#185,.T.);
#7146=ADVANCED_FACE('',(#992),#186,.T.);
#7147=ADVANCED_FACE('',(#993),#6771,.T.);
#7148=ADVANCED_FACE('',(#994),#187,.T.);
#7149=ADVANCED_FACE('',(#995),#6772,.F.);
#7150=ADVANCED_FACE('',(#996),#6773,.T.);
#7151=ADVANCED_FACE('',(#997),#6774,.T.);
#7152=ADVANCED_FACE('',(#998),#6775,.T.);
#7153=ADVANCED_FACE('',(#999),#6776,.T.);
#7154=ADVANCED_FACE('',(#1000),#6777,.T.);
#7155=ADVANCED_FACE('',(#1001),#6778,.T.);
#7156=CLOSED_SHELL('',(#6779,#6780,#6781,#6782,#6783,#6784,#6785,#6786,
#6787,#6788,#6789,#6790,#6791,#6792,#6793,#6794,#6795,#6796,#6797,#6798,
#6799,#6800,#6801,#6802,#6803,#6804,#6805,#6806,#6807,#6808,#6809,#6810,
#6811,#6812,#6813,#6814,#6815,#6816,#6817,#6818,#6819,#6820,#6821,#6822,
#6823,#6824,#6825,#6826,#6827,#6828,#6829,#6830,#6831,#6832,#6833,#6834,
#6835,#6836,#6837,#6838,#6839,#6840,#6841,#6842,#6843,#6844,#6845,#6846,
#6847,#6848,#6849,#6850,#6851,#6852,#6853,#6854,#6855,#6856,#6857,#6858,
#6859,#6860,#6861,#6862,#6863,#6864,#6865,#6866,#6867,#6868,#6869,#6870,
#6871,#6872,#6873,#6874,#6875,#6876,#6877,#6878,#6879,#6880,#6881,#6882,
#6883,#6884,#6885,#6886,#6887,#6888,#6889,#6890,#6891,#6892,#6893,#6894,
#6895,#6896,#6897,#6898,#6899,#6900,#6901,#6902,#6903,#6904,#6905,#6906,
#6907,#6908,#6909,#6910,#6911,#6912,#6913,#6914,#6915,#6916,#6917,#6918,
#6919,#6920,#6921,#6922,#6923,#6924,#6925,#6926,#6927,#6928,#6929,#6930,
#6931,#6932,#6933,#6934,#6935,#6936,#6937,#6938,#6939,#6940,#6941,#6942,
#6943,#6944,#6945,#6946,#6947,#6948,#6949,#6950,#6951,#6952,#6953,#6954,
#6955,#6956,#6957,#6958,#6959,#6960,#6961,#6962,#6963,#6964,#6965,#6966,
#6967,#6968,#6969,#6970,#6971,#6972,#6973,#6974,#6975,#6976,#6977,#6978,
#6979,#6980,#6981,#6982,#6983,#6984,#6985,#6986,#6987,#6988,#6989,#6990,
#6991,#6992,#6993,#6994,#6995,#6996,#6997,#6998,#6999,#7000,#7001,#7002,
#7003,#7004,#7005,#7006,#7007,#7008,#7009,#7010,#7011,#7012,#7013,#7014,
#7015,#7016,#7017,#7018,#7019,#7020,#7021,#7022,#7023,#7024,#7025,#7026,
#7027,#7028,#7029,#7030,#7031,#7032,#7033,#7034,#7035,#7036,#7037,#7038,
#7039,#7040,#7041,#7042,#7043,#7044,#7045,#7046,#7047,#7048,#7049,#7050,
#7051,#7052,#7053,#7054,#7055,#7056,#7057,#7058,#7059,#7060,#7061,#7062,
#7063,#7064,#7065,#7066,#7067,#7068,#7069,#7070,#7071,#7072,#7073,#7074,
#7075,#7076,#7077,#7078,#7079,#7080,#7081,#7082,#7083,#7084,#7085,#7086,
#7087,#7088,#7089,#7090,#7091,#7092,#7093,#7094,#7095,#7096,#7097,#7098,
#7099,#7100,#7101,#7102,#7103,#7104,#7105,#7106,#7107,#7108,#7109,#7110,
#7111,#7112,#7113,#7114,#7115,#7116,#7117,#7118,#7119,#7120,#7121,#7122,
#7123,#7124,#7125,#7126,#7127,#7128,#7129,#7130,#7131,#7132,#7133,#7134,
#7135,#7136,#7137,#7138,#7139,#7140,#7141,#7142,#7143,#7144,#7145,#7146,
#7147,#7148,#7149,#7150,#7151,#7152,#7153,#7154,#7155));
#7157=MANIFOLD_SOLID_BREP('Volumenk\X\F6rper1',#7156);
#7158=AXIS2_PLACEMENT_3D('placement',#8583,#7409,#7410);
#7159=AXIS2_PLACEMENT_3D('',#8584,#7411,#7412);
#7160=AXIS2_PLACEMENT_3D('',#8667,#7454,#7455);
#7161=AXIS2_PLACEMENT_3D('',#8677,#7461,#7462);
#7162=AXIS2_PLACEMENT_3D('',#8681,#7465,#7466);
#7163=AXIS2_PLACEMENT_3D('',#8685,#7469,#7470);
#7164=AXIS2_PLACEMENT_3D('',#8693,#7475,#7476);
#7165=AXIS2_PLACEMENT_3D('',#8695,#7478,#7479);
#7166=AXIS2_PLACEMENT_3D('',#8705,#7486,#7487);
#7167=AXIS2_PLACEMENT_3D('',#8707,#7489,#7490);
#7168=AXIS2_PLACEMENT_3D('',#8711,#7493,#7494);
#7169=AXIS2_PLACEMENT_3D('',#8712,#7495,#7496);
#7170=AXIS2_PLACEMENT_3D('',#8716,#7499,#7500);
#7171=AXIS2_PLACEMENT_3D('',#8718,#7502,#7503);
#7172=AXIS2_PLACEMENT_3D('',#8724,#7507,#7508);
#7173=AXIS2_PLACEMENT_3D('',#8728,#7511,#7512);
#7174=AXIS2_PLACEMENT_3D('',#8732,#7515,#7516);
#7175=AXIS2_PLACEMENT_3D('',#8734,#7518,#7519);
#7176=AXIS2_PLACEMENT_3D('',#8746,#7526,#7527);
#7177=AXIS2_PLACEMENT_3D('',#8750,#7530,#7531);
#7178=AXIS2_PLACEMENT_3D('',#8758,#7536,#7537);
#7179=AXIS2_PLACEMENT_3D('',#8766,#7542,#7543);
#7180=AXIS2_PLACEMENT_3D('',#8770,#7546,#7547);
#7181=AXIS2_PLACEMENT_3D('',#8798,#7562,#7563);
#7182=AXIS2_PLACEMENT_3D('',#8799,#7564,#7565);
#7183=AXIS2_PLACEMENT_3D('',#8803,#7568,#7569);
#7184=AXIS2_PLACEMENT_3D('',#8811,#7574,#7575);
#7185=AXIS2_PLACEMENT_3D('',#8813,#7577,#7578);
#7186=AXIS2_PLACEMENT_3D('',#8825,#7585,#7586);
#7187=AXIS2_PLACEMENT_3D('',#8835,#7593,#7594);
#7188=AXIS2_PLACEMENT_3D('',#8847,#7601,#7602);
#7189=AXIS2_PLACEMENT_3D('',#8851,#7605,#7606);
#7190=AXIS2_PLACEMENT_3D('',#8855,#7609,#7610);
#7191=AXIS2_PLACEMENT_3D('',#8859,#7613,#7614);
#7192=AXIS2_PLACEMENT_3D('',#8871,#7621,#7622);
#7193=AXIS2_PLACEMENT_3D('',#8873,#7624,#7625);
#7194=AXIS2_PLACEMENT_3D('',#8877,#7628,#7629);
#7195=AXIS2_PLACEMENT_3D('',#8894,#7639,#7640);
#7196=AXIS2_PLACEMENT_3D('',#8896,#7642,#7643);
#7197=AXIS2_PLACEMENT_3D('',#8898,#7645,#7646);
#7198=AXIS2_PLACEMENT_3D('',#8900,#7648,#7649);
#7199=AXIS2_PLACEMENT_3D('',#8902,#7651,#7652);
#7200=AXIS2_PLACEMENT_3D('',#8904,#7654,#7655);
#7201=AXIS2_PLACEMENT_3D('',#8905,#7656,#7657);
#7202=AXIS2_PLACEMENT_3D('',#9262,#7688,#7689);
#7203=AXIS2_PLACEMENT_3D('',#9505,#7709,#7710);
#7204=AXIS2_PLACEMENT_3D('',#9507,#7712,#7713);
#7205=AXIS2_PLACEMENT_3D('',#9508,#7714,#7715);
#7206=AXIS2_PLACEMENT_3D('',#9510,#7716,#7717);
#7207=AXIS2_PLACEMENT_3D('',#9511,#7718,#7719);
#7208=AXIS2_PLACEMENT_3D('',#9550,#7740,#7741);
#7209=AXIS2_PLACEMENT_3D('',#9554,#7743,#7744);
#7210=AXIS2_PLACEMENT_3D('',#9570,#7754,#7755);
#7211=AXIS2_PLACEMENT_3D('',#9574,#7758,#7759);
#7212=AXIS2_PLACEMENT_3D('',#9591,#7769,#7770);
#7213=AXIS2_PLACEMENT_3D('',#9595,#7773,#7774);
#7214=AXIS2_PLACEMENT_3D('',#9599,#7777,#7778);
#7215=AXIS2_PLACEMENT_3D('',#9601,#7780,#7781);
#7216=AXIS2_PLACEMENT_3D('',#9603,#7783,#7784);
#7217=AXIS2_PLACEMENT_3D('',#9605,#7786,#7787);
#7218=AXIS2_PLACEMENT_3D('',#9607,#7788,#7789);
#7219=AXIS2_PLACEMENT_3D('',#9608,#7790,#7791);
#7220=AXIS2_PLACEMENT_3D('',#9610,#7793,#7794);
#7221=AXIS2_PLACEMENT_3D('',#9611,#7795,#7796);
#7222=AXIS2_PLACEMENT_3D('',#9616,#7798,#7799);
#7223=AXIS2_PLACEMENT_3D('',#9621,#7803,#7804);
#7224=AXIS2_PLACEMENT_3D('',#9623,#7806,#7807);
#7225=AXIS2_PLACEMENT_3D('',#9627,#7810,#7811);
#7226=AXIS2_PLACEMENT_3D('',#9629,#7812,#7813);
#7227=AXIS2_PLACEMENT_3D('',#9632,#7815,#7816);
#7228=AXIS2_PLACEMENT_3D('',#9633,#7817,#7818);
#7229=AXIS2_PLACEMENT_3D('',#9635,#7820,#7821);
#7230=AXIS2_PLACEMENT_3D('',#9637,#7823,#7824);
#7231=AXIS2_PLACEMENT_3D('',#9639,#7826,#7827);
#7232=AXIS2_PLACEMENT_3D('',#9640,#7828,#7829);
#7233=AXIS2_PLACEMENT_3D('',#9642,#7831,#7832);
#7234=AXIS2_PLACEMENT_3D('',#9645,#7834,#7835);
#7235=AXIS2_PLACEMENT_3D('',#9646,#7836,#7837);
#7236=AXIS2_PLACEMENT_3D('',#9652,#7841,#7842);
#7237=AXIS2_PLACEMENT_3D('',#9667,#7846,#7847);
#7238=AXIS2_PLACEMENT_3D('',#9682,#7851,#7852);
#7239=AXIS2_PLACEMENT_3D('',#9697,#7856,#7857);
#7240=AXIS2_PLACEMENT_3D('',#9712,#7861,#7862);
#7241=AXIS2_PLACEMENT_3D('',#9727,#7866,#7867);
#7242=AXIS2_PLACEMENT_3D('',#9742,#7871,#7872);
#7243=AXIS2_PLACEMENT_3D('',#9834,#7883,#7884);
#7244=AXIS2_PLACEMENT_3D('',#9849,#7888,#7889);
#7245=AXIS2_PLACEMENT_3D('',#9897,#7896,#7897);
#7246=AXIS2_PLACEMENT_3D('',#10055,#7914,#7915);
#7247=AXIS2_PLACEMENT_3D('',#10125,#7924,#7925);
#7248=AXIS2_PLACEMENT_3D('',#10338,#7947,#7948);
#7249=AXIS2_PLACEMENT_3D('',#10353,#7952,#7953);
#7250=AXIS2_PLACEMENT_3D('',#10401,#7960,#7961);
#7251=AXIS2_PLACEMENT_3D('',#10460,#7969,#7970);
#7252=AXIS2_PLACEMENT_3D('',#10475,#7974,#7975);
#7253=AXIS2_PLACEMENT_3D('',#10479,#7978,#7979);
#7254=AXIS2_PLACEMENT_3D('',#10483,#7982,#7983);
#7255=AXIS2_PLACEMENT_3D('',#10498,#7987,#7988);
#7256=AXIS2_PLACEMENT_3D('',#10513,#7992,#7993);
#7257=AXIS2_PLACEMENT_3D('',#10528,#7997,#7998);
#7258=AXIS2_PLACEMENT_3D('',#10543,#8002,#8003);
#7259=AXIS2_PLACEMENT_3D('',#10558,#8007,#8008);
#7260=AXIS2_PLACEMENT_3D('',#10562,#8011,#8012);
#7261=AXIS2_PLACEMENT_3D('',#10566,#8015,#8016);
#7262=AXIS2_PLACEMENT_3D('',#10570,#8019,#8020);
#7263=AXIS2_PLACEMENT_3D('',#10572,#8022,#8023);
#7264=AXIS2_PLACEMENT_3D('',#10762,#8042,#8043);
#7265=AXIS2_PLACEMENT_3D('',#10766,#8046,#8047);
#7266=AXIS2_PLACEMENT_3D('',#10770,#8050,#8051);
#7267=AXIS2_PLACEMENT_3D('',#10774,#8054,#8055);
#7268=AXIS2_PLACEMENT_3D('',#10778,#8058,#8059);
#7269=AXIS2_PLACEMENT_3D('',#10782,#8062,#8063);
#7270=AXIS2_PLACEMENT_3D('',#10808,#8068,#8069);
#7271=AXIS2_PLACEMENT_3D('',#10988,#8088,#8089);
#7272=AXIS2_PLACEMENT_3D('',#11036,#8096,#8097);
#7273=AXIS2_PLACEMENT_3D('',#11040,#8100,#8101);
#7274=AXIS2_PLACEMENT_3D('',#11110,#8110,#8111);
#7275=AXIS2_PLACEMENT_3D('',#11114,#8114,#8115);
#7276=AXIS2_PLACEMENT_3D('',#11118,#8118,#8119);
#7277=AXIS2_PLACEMENT_3D('',#11122,#8122,#8123);
#7278=AXIS2_PLACEMENT_3D('',#11126,#8126,#8127);
#7279=AXIS2_PLACEMENT_3D('',#11130,#8130,#8131);
#7280=AXIS2_PLACEMENT_3D('',#11178,#8138,#8139);
#7281=AXIS2_PLACEMENT_3D('',#11182,#8142,#8143);
#7282=AXIS2_PLACEMENT_3D('',#11186,#8146,#8147);
#7283=AXIS2_PLACEMENT_3D('',#11210,#8151,#8152);
#7284=AXIS2_PLACEMENT_3D('',#11214,#8154,#8155);
#7285=AXIS2_PLACEMENT_3D('',#11216,#8157,#8158);
#7286=AXIS2_PLACEMENT_3D('',#11222,#8162,#8163);
#7287=AXIS2_PLACEMENT_3D('',#11228,#8167,#8168);
#7288=AXIS2_PLACEMENT_3D('',#11232,#8171,#8172);
#7289=AXIS2_PLACEMENT_3D('',#11238,#8176,#8177);
#7290=AXIS2_PLACEMENT_3D('',#11242,#8180,#8181);
#7291=AXIS2_PLACEMENT_3D('',#11248,#8185,#8186);
#7292=AXIS2_PLACEMENT_3D('',#11252,#8189,#8190);
#7293=AXIS2_PLACEMENT_3D('',#11256,#8193,#8194);
#7294=AXIS2_PLACEMENT_3D('',#11262,#8198,#8199);
#7295=AXIS2_PLACEMENT_3D('',#11268,#8203,#8204);
#7296=AXIS2_PLACEMENT_3D('',#11272,#8207,#8208);
#7297=AXIS2_PLACEMENT_3D('',#11278,#8212,#8213);
#7298=AXIS2_PLACEMENT_3D('',#11282,#8216,#8217);
#7299=AXIS2_PLACEMENT_3D('',#11288,#8221,#8222);
#7300=AXIS2_PLACEMENT_3D('',#11292,#8225,#8226);
#7301=AXIS2_PLACEMENT_3D('',#11296,#8229,#8230);
#7302=AXIS2_PLACEMENT_3D('',#11298,#8231,#8232);
#7303=AXIS2_PLACEMENT_3D('',#11300,#8234,#8235);
#7304=AXIS2_PLACEMENT_3D('',#11304,#8238,#8239);
#7305=AXIS2_PLACEMENT_3D('',#11307,#8241,#8242);
#7306=AXIS2_PLACEMENT_3D('',#11308,#8243,#8244);
#7307=AXIS2_PLACEMENT_3D('',#11317,#8249,#8250);
#7308=AXIS2_PLACEMENT_3D('',#11318,#8251,#8252);
#7309=AXIS2_PLACEMENT_3D('',#11324,#8256,#8257);
#7310=AXIS2_PLACEMENT_3D('',#11328,#8260,#8261);
#7311=AXIS2_PLACEMENT_3D('',#11332,#8264,#8265);
#7312=AXIS2_PLACEMENT_3D('',#11334,#8267,#8268);
#7313=AXIS2_PLACEMENT_3D('',#11339,#8270,#8271);
#7314=AXIS2_PLACEMENT_3D('',#11343,#8273,#8274);
#7315=AXIS2_PLACEMENT_3D('',#11347,#8276,#8277);
#7316=AXIS2_PLACEMENT_3D('',#11350,#8279,#8280);
#7317=AXIS2_PLACEMENT_3D('',#11360,#8285,#8286);
#7318=AXIS2_PLACEMENT_3D('',#11362,#8287,#8288);
#7319=AXIS2_PLACEMENT_3D('',#11364,#8289,#8290);
#7320=AXIS2_PLACEMENT_3D('',#11369,#8292,#8293);
#7321=AXIS2_PLACEMENT_3D('',#11372,#8295,#8296);
#7322=AXIS2_PLACEMENT_3D('',#11374,#8297,#8298);
#7323=AXIS2_PLACEMENT_3D('',#11375,#8299,#8300);
#7324=AXIS2_PLACEMENT_3D('',#11379,#8303,#8304);
#7325=AXIS2_PLACEMENT_3D('',#11380,#8305,#8306);
#7326=AXIS2_PLACEMENT_3D('',#11381,#8307,#8308);
#7327=AXIS2_PLACEMENT_3D('',#11383,#8309,#8310);
#7328=AXIS2_PLACEMENT_3D('',#11385,#8312,#8313);
#7329=AXIS2_PLACEMENT_3D('',#11390,#8315,#8316);
#7330=AXIS2_PLACEMENT_3D('',#11394,#8318,#8319);
#7331=AXIS2_PLACEMENT_3D('',#11398,#8321,#8322);
#7332=AXIS2_PLACEMENT_3D('',#11401,#8324,#8325);
#7333=AXIS2_PLACEMENT_3D('',#11403,#8326,#8327);
#7334=AXIS2_PLACEMENT_3D('',#11405,#8328,#8329);
#7335=AXIS2_PLACEMENT_3D('',#11407,#8330,#8331);
#7336=AXIS2_PLACEMENT_3D('',#11409,#8332,#8333);
#7337=AXIS2_PLACEMENT_3D('',#11411,#8335,#8336);
#7338=AXIS2_PLACEMENT_3D('',#11412,#8337,#8338);
#7339=AXIS2_PLACEMENT_3D('',#11435,#8342,#8343);
#7340=AXIS2_PLACEMENT_3D('',#11458,#8345,#8346);
#7341=AXIS2_PLACEMENT_3D('',#11459,#8347,#8348);
#7342=AXIS2_PLACEMENT_3D('',#11482,#8350,#8351);
#7343=AXIS2_PLACEMENT_3D('',#11483,#8352,#8353);
#7344=AXIS2_PLACEMENT_3D('',#11528,#8354,#8355);
#7345=AXIS2_PLACEMENT_3D('',#11575,#8357,#8358);
#7346=AXIS2_PLACEMENT_3D('',#11598,#8360,#8361);
#7347=AXIS2_PLACEMENT_3D('',#11599,#8362,#8363);
#7348=AXIS2_PLACEMENT_3D('',#11600,#8364,#8365);
#7349=AXIS2_PLACEMENT_3D('',#11601,#8366,#8367);
#7350=AXIS2_PLACEMENT_3D('',#11603,#8369,#8370);
#7351=AXIS2_PLACEMENT_3D('',#11605,#8372,#8373);
#7352=AXIS2_PLACEMENT_3D('',#11606,#8374,#8375);
#7353=AXIS2_PLACEMENT_3D('',#11608,#8377,#8378);
#7354=AXIS2_PLACEMENT_3D('',#11610,#8380,#8381);
#7355=AXIS2_PLACEMENT_3D('',#11611,#8382,#8383);
#7356=AXIS2_PLACEMENT_3D('',#11612,#8384,#8385);
#7357=AXIS2_PLACEMENT_3D('',#11618,#8389,#8390);
#7358=AXIS2_PLACEMENT_3D('',#11622,#8393,#8394);
#7359=AXIS2_PLACEMENT_3D('',#11626,#8397,#8398);
#7360=AXIS2_PLACEMENT_3D('',#11628,#8400,#8401);
#7361=AXIS2_PLACEMENT_3D('',#11629,#8402,#8403);
#7362=AXIS2_PLACEMENT_3D('',#11635,#8407,#8408);
#7363=AXIS2_PLACEMENT_3D('',#11638,#8410,#8411);
#7364=AXIS2_PLACEMENT_3D('',#11639,#8412,#8413);
#7365=AXIS2_PLACEMENT_3D('',#11641,#8414,#8415);
#7366=AXIS2_PLACEMENT_3D('',#11643,#8417,#8418);
#7367=AXIS2_PLACEMENT_3D('',#11647,#8421,#8422);
#7368=AXIS2_PLACEMENT_3D('',#11651,#8425,#8426);
#7369=AXIS2_PLACEMENT_3D('',#11654,#8428,#8429);
#7370=AXIS2_PLACEMENT_3D('',#11655,#8430,#8431);
#7371=AXIS2_PLACEMENT_3D('',#11657,#8432,#8433);
#7372=AXIS2_PLACEMENT_3D('',#11659,#8435,#8436);
#7373=AXIS2_PLACEMENT_3D('',#11661,#8438,#8439);
#7374=AXIS2_PLACEMENT_3D('',#11664,#8442,#8443);
#7375=AXIS2_PLACEMENT_3D('',#11666,#8445,#8446);
#7376=AXIS2_PLACEMENT_3D('',#11668,#8448,#8449);
#7377=AXIS2_PLACEMENT_3D('',#11669,#8450,#8451);
#7378=AXIS2_PLACEMENT_3D('',#11670,#8452,#8453);
#7379=AXIS2_PLACEMENT_3D('',#11671,#8454,#8455);
#7380=AXIS2_PLACEMENT_3D('',#11672,#8456,#8457);
#7381=AXIS2_PLACEMENT_3D('',#11678,#8461,#8462);
#7382=AXIS2_PLACEMENT_3D('',#11681,#8464,#8465);
#7383=AXIS2_PLACEMENT_3D('',#11682,#8466,#8467);
#7384=AXIS2_PLACEMENT_3D('',#11685,#8469,#8470);
#7385=AXIS2_PLACEMENT_3D('',#11686,#8471,#8472);
#7386=AXIS2_PLACEMENT_3D('',#11688,#8474,#8475);
#7387=AXIS2_PLACEMENT_3D('',#11689,#8476,#8477);
#7388=AXIS2_PLACEMENT_3D('',#11692,#8480,#8481);
#7389=AXIS2_PLACEMENT_3D('',#11694,#8483,#8484);
#7390=AXIS2_PLACEMENT_3D('',#11696,#8486,#8487);
#7391=AXIS2_PLACEMENT_3D('',#11698,#8489,#8490);
#7392=AXIS2_PLACEMENT_3D('',#11700,#8492,#8493);
#7393=AXIS2_PLACEMENT_3D('',#11702,#8495,#8496);
#7394=AXIS2_PLACEMENT_3D('',#11704,#8498,#8499);
#7395=AXIS2_PLACEMENT_3D('',#11705,#8500,#8501);
#7396=AXIS2_PLACEMENT_3D('',#11755,#8509,#8510);
#7397=AXIS2_PLACEMENT_3D('',#11759,#8513,#8514);
#7398=AXIS2_PLACEMENT_3D('',#11807,#8521,#8522);
#7399=AXIS2_PLACEMENT_3D('',#11866,#8530,#8531);
#7400=AXIS2_PLACEMENT_3D('',#12101,#8555,#8556);
#7401=AXIS2_PLACEMENT_3D('',#12171,#8565,#8566);
#7402=AXIS2_PLACEMENT_3D('',#12184,#8569,#8570);
#7403=AXIS2_PLACEMENT_3D('',#12185,#8571,#8572);
#7404=AXIS2_PLACEMENT_3D('',#12186,#8573,#8574);
#7405=AXIS2_PLACEMENT_3D('',#12187,#8575,#8576);
#7406=AXIS2_PLACEMENT_3D('',#12188,#8577,#8578);
#7407=AXIS2_PLACEMENT_3D('',#12189,#8579,#8580);
#7408=AXIS2_PLACEMENT_3D('',#12190,#8581,#8582);
#7409=DIRECTION('axis',(0.,0.,1.));
#7410=DIRECTION('refdir',(1.,0.,0.));
#7411=DIRECTION('center_axis',(0.,0.,1.));
#7412=DIRECTION('ref_axis',(1.,0.,0.));
#7413=DIRECTION('',(0.,1.,0.));
#7414=DIRECTION('',(-1.,0.,0.));
#7415=DIRECTION('',(0.,1.,0.));
#7416=DIRECTION('',(1.,0.,0.));
#7417=DIRECTION('',(0.,1.,0.));
#7418=DIRECTION('',(-1.,0.,0.));
#7419=DIRECTION('',(0.,1.,0.));
#7420=DIRECTION('',(-1.,0.,0.));
#7421=DIRECTION('',(-0.707106781186547,0.707106781186547,0.));
#7422=DIRECTION('',(0.,-1.,0.));
#7423=DIRECTION('',(-1.,0.,0.));
#7424=DIRECTION('',(0.,-1.,0.));
#7425=DIRECTION('',(1.,0.,0.));
#7426=DIRECTION('',(0.,-1.,0.));
#7427=DIRECTION('',(1.,0.,0.));
#7428=DIRECTION('',(0.,-1.,0.));
#7429=DIRECTION('',(1.,0.,0.));
#7430=DIRECTION('',(0.,-1.,0.));
#7431=DIRECTION('',(-1.,0.,0.));
#7432=DIRECTION('',(0.,1.,0.));
#7433=DIRECTION('',(1.,0.,0.));
#7434=DIRECTION('',(0.,1.,0.));
#7435=DIRECTION('',(1.,0.,0.));
#7436=DIRECTION('',(0.,-1.,0.));
#7437=DIRECTION('',(-1.,0.,0.));
#7438=DIRECTION('',(0.,1.,0.));
#7439=DIRECTION('',(1.,0.,0.));
#7440=DIRECTION('',(0.,-1.,0.));
#7441=DIRECTION('',(1.,0.,0.));
#7442=DIRECTION('',(0.,-1.,0.));
#7443=DIRECTION('',(-1.,0.,0.));
#7444=DIRECTION('',(0.,1.,0.));
#7445=DIRECTION('',(1.,0.,0.));
#7446=DIRECTION('',(0.,1.,0.));
#7447=DIRECTION('',(1.,0.,0.));
#7448=DIRECTION('',(0.,-1.,0.));
#7449=DIRECTION('',(-1.,0.,0.));
#7450=DIRECTION('',(0.,-1.,0.));
#7451=DIRECTION('',(-1.,0.,0.));
#7452=DIRECTION('',(0.,1.,0.));
#7453=DIRECTION('',(1.,0.,0.));
#7454=DIRECTION('center_axis',(-1.,0.,0.));
#7455=DIRECTION('ref_axis',(0.,1.,0.));
#7456=DIRECTION('',(0.,0.,1.));
#7457=DIRECTION('',(0.,1.,0.));
#7458=DIRECTION('',(0.,0.,1.));
#7459=DIRECTION('',(0.,0.894427190999916,0.447213595499958));
#7460=DIRECTION('',(0.,-0.707106781186548,0.707106781186548));
#7461=DIRECTION('center_axis',(0.,0.707106781186548,0.707106781186548));
#7462=DIRECTION('ref_axis',(-1.,0.,0.));
#7463=DIRECTION('',(0.,-0.707106781186548,0.707106781186548));
#7464=DIRECTION('',(-1.,0.,0.));
#7465=DIRECTION('center_axis',(0.,0.447213595499958,-0.894427190999916));
#7466=DIRECTION('ref_axis',(-1.,0.,0.));
#7467=DIRECTION('',(0.,0.894427190999916,0.447213595499958));
#7468=DIRECTION('',(1.,0.,0.));
#7469=DIRECTION('center_axis',(1.,0.,0.));
#7470=DIRECTION('ref_axis',(0.,-1.,0.));
#7471=DIRECTION('',(0.,0.,1.));
#7472=DIRECTION('',(0.,0.894427190999916,0.447213595499958));
#7473=DIRECTION('',(0.,0.,1.));
#7474=DIRECTION('',(0.,-1.,0.));
#7475=DIRECTION('center_axis',(1.,0.,0.));
#7476=DIRECTION('ref_axis',(0.,-1.,0.));
#7477=DIRECTION('',(0.,0.,1.));
#7478=DIRECTION('center_axis',(0.,-1.,0.));
#7479=DIRECTION('ref_axis',(0.,0.,-1.));
#7480=DIRECTION('',(1.,0.,0.));
#7481=DIRECTION('',(0.,0.,1.));
#7482=DIRECTION('',(0.,0.,-1.));
#7483=DIRECTION('',(1.,0.,0.));
#7484=DIRECTION('',(0.,0.,-1.));
#7485=DIRECTION('',(1.,0.,0.));
#7486=DIRECTION('center_axis',(0.,0.447213595499958,-0.894427190999916));
#7487=DIRECTION('ref_axis',(-1.,0.,0.));
#7488=DIRECTION('',(0.,-0.894427190999916,-0.447213595499958));
#7489=DIRECTION('center_axis',(-1.,0.,0.));
#7490=DIRECTION('ref_axis',(0.,-1.,0.));
#7491=DIRECTION('',(0.,-1.,0.));
#7492=DIRECTION('',(0.,0.,-1.));
#7493=DIRECTION('center_axis',(-1.,0.,0.));
#7494=DIRECTION('ref_axis',(0.,1.,0.));
#7495=DIRECTION('center_axis',(0.,1.,0.));
#7496=DIRECTION('ref_axis',(-1.,0.,0.));
#7497=DIRECTION('',(-1.,0.,0.));
#7498=DIRECTION('',(0.,0.,-1.));
#7499=DIRECTION('center_axis',(1.,0.,0.));
#7500=DIRECTION('ref_axis',(0.,1.,0.));
#7501=DIRECTION('',(0.,1.,0.));
#7502=DIRECTION('center_axis',(-1.,0.,0.));
#7503=DIRECTION('ref_axis',(0.,1.,0.));
#7504=DIRECTION('',(0.,1.,0.));
#7505=DIRECTION('',(0.,0.,1.));
#7506=DIRECTION('',(0.,0.,1.));
#7507=DIRECTION('center_axis',(0.,1.,0.));
#7508=DIRECTION('ref_axis',(1.,0.,0.));
#7509=DIRECTION('',(1.,0.,0.));
#7510=DIRECTION('',(0.,0.,1.));
#7511=DIRECTION('center_axis',(0.,-1.,0.));
#7512=DIRECTION('ref_axis',(-1.,0.,0.));
#7513=DIRECTION('',(-1.,0.,0.));
#7514=DIRECTION('',(0.,0.,1.));
#7515=DIRECTION('center_axis',(1.,0.,0.));
#7516=DIRECTION('ref_axis',(0.,-1.,0.));
#7517=DIRECTION('',(0.,-1.,0.));
#7518=DIRECTION('center_axis',(-1.,0.,0.));
#7519=DIRECTION('ref_axis',(0.,1.,0.));
#7520=DIRECTION('',(0.,0.,1.));
#7521=DIRECTION('',(0.,1.,0.));
#7522=DIRECTION('',(0.,0.,1.));
#7523=DIRECTION('',(0.,0.894427190999916,0.447213595499958));
#7524=DIRECTION('',(0.,0.,1.));
#7525=DIRECTION('',(0.,-0.707106781186548,0.707106781186548));
#7526=DIRECTION('center_axis',(0.,0.707106781186548,0.707106781186548));
#7527=DIRECTION('ref_axis',(-1.,0.,0.));
#7528=DIRECTION('',(0.,-0.707106781186548,0.707106781186548));
#7529=DIRECTION('',(-1.,0.,0.));
#7530=DIRECTION('center_axis',(0.,-1.,0.));
#7531=DIRECTION('ref_axis',(-1.,0.,0.));
#7532=DIRECTION('',(1.,0.,0.));
#7533=DIRECTION('',(0.,0.,1.));
#7534=DIRECTION('',(-1.,0.,0.));
#7535=DIRECTION('',(0.,0.,1.));
#7536=DIRECTION('center_axis',(1.,0.,0.));
#7537=DIRECTION('ref_axis',(0.,-1.,0.));
#7538=DIRECTION('',(0.,0.,1.));
#7539=DIRECTION('',(0.,0.894427190999916,0.447213595499958));
#7540=DIRECTION('',(0.,0.,1.));
#7541=DIRECTION('',(0.,-1.,0.));
#7542=DIRECTION('center_axis',(-1.,0.,0.));
#7543=DIRECTION('ref_axis',(0.,1.,0.));
#7544=DIRECTION('',(0.,0.,1.));
#7545=DIRECTION('',(0.,1.,0.));
#7546=DIRECTION('center_axis',(0.,-1.,0.));
#7547=DIRECTION('ref_axis',(0.,0.,-1.));
#7548=DIRECTION('',(1.,0.,0.));
#7549=DIRECTION('',(0.,0.,1.));
#7550=DIRECTION('',(1.,0.,0.));
#7551=DIRECTION('',(0.,0.,1.));
#7552=DIRECTION('',(1.,0.,0.));
#7553=DIRECTION('',(0.,0.,1.));
#7554=DIRECTION('',(-1.,0.,0.));
#7555=DIRECTION('',(0.,0.,1.));
#7556=DIRECTION('',(-1.,0.,0.));
#7557=DIRECTION('',(-1.,0.,0.));
#7558=DIRECTION('',(0.,0.,1.));
#7559=DIRECTION('',(1.,0.,0.));
#7560=DIRECTION('',(0.,0.,1.));
#7561=DIRECTION('',(0.,0.,1.));
#7562=DIRECTION('center_axis',(0.,1.,0.));
#7563=DIRECTION('ref_axis',(-1.,0.,0.));
#7564=DIRECTION('center_axis',(0.,0.447213595499958,-0.894427190999916));
#7565=DIRECTION('ref_axis',(-1.,0.,0.));
#7566=DIRECTION('',(0.,-0.894427190999916,-0.447213595499958));
#7567=DIRECTION('',(1.,0.,0.));
#7568=DIRECTION('center_axis',(1.,0.,0.));
#7569=DIRECTION('ref_axis',(0.,0.,1.));
#7570=DIRECTION('',(0.,0.,-1.));
#7571=DIRECTION('',(0.,1.,0.));
#7572=DIRECTION('',(0.,0.,-1.));
#7573=DIRECTION('',(0.,1.,-2.2E-016));
#7574=DIRECTION('center_axis',(-1.,0.,0.));
#7575=DIRECTION('ref_axis',(0.,1.,0.));
#7576=DIRECTION('',(0.,0.,1.));
#7577=DIRECTION('center_axis',(0.,1.,0.));
#7578=DIRECTION('ref_axis',(0.,0.,1.));
#7579=DIRECTION('',(-1.,0.,0.));
#7580=DIRECTION('',(0.,0.,-1.));
#7581=DIRECTION('',(-1.,0.,0.));
#7582=DIRECTION('',(0.,0.,-1.));
#7583=DIRECTION('',(-1.,0.,0.));
#7584=DIRECTION('',(0.,0.,-1.));
#7585=DIRECTION('center_axis',(0.,-1.,0.));
#7586=DIRECTION('ref_axis',(0.,0.,-1.));
#7587=DIRECTION('',(0.,0.,-1.));
#7588=DIRECTION('',(1.,0.,0.));
#7589=DIRECTION('',(0.,0.,-1.));
#7590=DIRECTION('',(0.,0.,1.));
#7591=DIRECTION('',(1.,0.,0.));
#7592=DIRECTION('',(1.,0.,0.));
#7593=DIRECTION('center_axis',(1.,0.,0.));
#7594=DIRECTION('ref_axis',(0.,0.,1.));
#7595=DIRECTION('',(0.,-1.,0.));
#7596=DIRECTION('',(0.,0.,-1.));
#7597=DIRECTION('',(0.,1.,0.));
#7598=DIRECTION('',(0.,0.,1.));
#7599=DIRECTION('',(0.,-1.,0.));
#7600=DIRECTION('',(0.,0.,1.));
#7601=DIRECTION('center_axis',(1.,0.,0.));
#7602=DIRECTION('ref_axis',(0.,1.,0.));
#7603=DIRECTION('',(0.,0.,-1.));
#7604=DIRECTION('',(0.,1.,0.));
#7605=DIRECTION('center_axis',(0.,-1.,0.));
#7606=DIRECTION('ref_axis',(0.,0.,-1.));
#7607=DIRECTION('',(-1.,0.,0.));
#7608=DIRECTION('',(0.,0.,1.));
#7609=DIRECTION('center_axis',(0.,1.,0.));
#7610=DIRECTION('ref_axis',(-1.,0.,0.));
#7611=DIRECTION('',(0.,0.,-1.));
#7612=DIRECTION('',(-1.,0.,0.));
#7613=DIRECTION('center_axis',(0.707106781186548,0.707106781186548,0.));
#7614=DIRECTION('ref_axis',(0.,0.,-1.));
#7615=DIRECTION('',(-0.707106781186547,0.707106781186547,0.));
#7616=DIRECTION('',(0.,0.,1.));
#7617=DIRECTION('',(-0.707106781186547,0.707106781186547,0.));
#7618=DIRECTION('',(0.,0.,1.));
#7619=DIRECTION('',(0.707106781186547,-0.707106781186547,0.));
#7620=DIRECTION('',(0.,0.,1.));
#7621=DIRECTION('center_axis',(-1.,0.,0.));
#7622=DIRECTION('ref_axis',(0.,-1.,0.));
#7623=DIRECTION('',(0.,-1.,0.));
#7624=DIRECTION('center_axis',(1.,0.,0.));
#7625=DIRECTION('ref_axis',(0.,0.,1.));
#7626=DIRECTION('',(0.,-1.,0.));
#7627=DIRECTION('',(0.,0.,1.));
#7628=DIRECTION('center_axis',(0.,1.,0.));
#7629=DIRECTION('ref_axis',(0.,0.,1.));
#7630=DIRECTION('',(-1.,0.,0.));
#7631=DIRECTION('',(0.,0.,1.));
#7632=DIRECTION('',(-1.,0.,0.));
#7633=DIRECTION('',(1.,0.,0.));
#7634=DIRECTION('',(0.,0.,-1.));
#7635=DIRECTION('',(1.,0.,0.));
#7636=DIRECTION('',(0.,0.,1.));
#7637=DIRECTION('',(-1.,0.,0.));
#7638=DIRECTION('',(0.,0.,1.));
#7639=DIRECTION('center_axis',(1.,0.,0.));
#7640=DIRECTION('ref_axis',(0.,-1.,0.));
#7641=DIRECTION('',(0.,0.894427190999916,0.447213595499958));
#7642=DIRECTION('center_axis',(1.,0.,0.));
#7643=DIRECTION('ref_axis',(0.,0.,1.));
#7644=DIRECTION('',(0.,1.,0.));
#7645=DIRECTION('center_axis',(0.,0.447213595499958,-0.894427190999916));
#7646=DIRECTION('ref_axis',(-1.,0.,0.));
#7647=DIRECTION('',(0.,0.894427190999916,0.447213595499958));
#7648=DIRECTION('center_axis',(1.,0.,0.));
#7649=DIRECTION('ref_axis',(0.,-1.,0.));
#7650=DIRECTION('',(0.,-1.,0.));
#7651=DIRECTION('center_axis',(0.,-1.,0.));
#7652=DIRECTION('ref_axis',(-1.,0.,0.));
#7653=DIRECTION('',(-1.,0.,0.));
#7654=DIRECTION('center_axis',(0.,0.,1.));
#7655=DIRECTION('ref_axis',(1.,0.,0.));
#7656=DIRECTION('center_axis',(0.,0.,-1.));
#7657=DIRECTION('ref_axis',(0.,1.,0.));
#7658=DIRECTION('',(-1.,0.,0.));
#7659=DIRECTION('',(0.,1.,0.));
#7660=DIRECTION('',(1.,0.,0.));
#7661=DIRECTION('',(0.520899941501019,0.853617742871032,0.));
#7662=DIRECTION('',(-1.,0.,0.));
#7663=DIRECTION('',(-0.506072568085228,-0.862490901883389,0.));
#7664=DIRECTION('',(-1.,0.,0.));
#7665=DIRECTION('',(0.,1.,0.));
#7666=DIRECTION('',(-1.,0.,0.));
#7667=DIRECTION('',(0.,-1.,0.));
#7668=DIRECTION('',(0.,1.,0.));
#7669=DIRECTION('',(-1.,0.,0.));
#7670=DIRECTION('',(0.,1.,0.));
#7671=DIRECTION('',(0.,-1.,0.));
#7672=DIRECTION('',(-0.388057000058043,0.921635375138103,0.));
#7673=DIRECTION('',(0.,1.,0.));
#7674=DIRECTION('',(-1.,0.,0.));
#7675=DIRECTION('',(0.,1.,0.));
#7676=DIRECTION('',(0.,1.,0.));
#7677=DIRECTION('',(0.,-1.,0.));
#7678=DIRECTION('',(-1.,0.,0.));
#7679=DIRECTION('',(0.,-1.,0.));
#7680=DIRECTION('',(0.923945120736768,-0.382525049985904,0.));
#7681=DIRECTION('',(0.265156483020949,-0.964205392803816,0.));
#7682=DIRECTION('',(1.,0.,0.));
#7683=DIRECTION('',(0.,1.,0.));
#7684=DIRECTION('',(1.,0.,0.));
#7685=DIRECTION('',(0.,1.,0.));
#7686=DIRECTION('',(-1.,0.,0.));
#7687=DIRECTION('',(0.,1.,0.));
#7688=DIRECTION('center_axis',(0.,0.,1.));
#7689=DIRECTION('ref_axis',(1.,0.,0.));
#7690=DIRECTION('',(-1.,0.,0.));
#7691=DIRECTION('',(0.,1.,0.));
#7692=DIRECTION('',(-1.,0.,0.));
#7693=DIRECTION('',(0.,-1.,0.));
#7694=DIRECTION('',(1.,0.,0.));
#7695=DIRECTION('',(0.134785119956017,0.990874851552123,0.));
#7696=DIRECTION('',(1.,0.,0.));
#7697=DIRECTION('',(0.,1.,0.));
#7698=DIRECTION('',(-1.,0.,0.));
#7699=DIRECTION('',(0.,1.,0.));
#7700=DIRECTION('',(0.,1.,0.));
#7701=DIRECTION('',(-1.,0.,0.));
#7702=DIRECTION('',(0.,-1.,0.));
#7703=DIRECTION('',(0.,1.,0.));
#7704=DIRECTION('',(-1.,0.,0.));
#7705=DIRECTION('',(0.,-1.,0.));
#7706=DIRECTION('',(1.,0.,0.));
#7707=DIRECTION('',(0.156541326523003,0.987671409473018,0.));
#7708=DIRECTION('',(1.,0.,0.));
#7709=DIRECTION('center_axis',(0.,-1.,0.));
#7710=DIRECTION('ref_axis',(-1.,0.,0.));
#7711=DIRECTION('',(-1.,0.,0.));
#7712=DIRECTION('center_axis',(0.,0.,1.));
#7713=DIRECTION('ref_axis',(1.,0.,0.));
#7714=DIRECTION('center_axis',(0.,0.,1.));
#7715=DIRECTION('ref_axis',(1.,0.,0.));
#7716=DIRECTION('center_axis',(0.,0.,1.));
#7717=DIRECTION('ref_axis',(1.,0.,0.));
#7718=DIRECTION('center_axis',(0.,0.,-1.));
#7719=DIRECTION('ref_axis',(-1.,0.,0.));
#7720=DIRECTION('',(0.,-1.,0.));
#7721=DIRECTION('',(1.,0.,0.));
#7722=DIRECTION('',(0.,1.,-2.2E-016));
#7723=DIRECTION('',(0.,1.,0.));
#7724=DIRECTION('',(-1.,0.,0.));
#7725=DIRECTION('',(0.,-1.,0.));
#7726=DIRECTION('',(1.,0.,0.));
#7727=DIRECTION('',(0.,1.,0.));
#7728=DIRECTION('',(-1.,0.,0.));
#7729=DIRECTION('',(0.,1.,0.));
#7730=DIRECTION('',(1.,0.,0.));
#7731=DIRECTION('',(0.,-1.,0.));
#7732=DIRECTION('',(-1.,0.,0.));
#7733=DIRECTION('',(0.,-1.,0.));
#7734=DIRECTION('',(1.,0.,0.));
#7735=DIRECTION('',(0.,1.,0.));
#7736=DIRECTION('',(-1.,0.,0.));
#7737=DIRECTION('',(0.,1.,0.));
#7738=DIRECTION('',(1.,0.,0.));
#7739=DIRECTION('',(0.,-1.,0.));
#7740=DIRECTION('center_axis',(-1.,-3.8E-016,0.));
#7741=DIRECTION('ref_axis',(0.,-1.,0.));
#7742=DIRECTION('',(0.,0.,1.));
#7743=DIRECTION('center_axis',(1.,0.,0.));
#7744=DIRECTION('ref_axis',(0.,0.,-1.));
#7745=DIRECTION('',(0.,1.,-2.2E-016));
#7746=DIRECTION('',(0.,0.,-1.));
#7747=DIRECTION('',(0.,1.,-2.2E-016));
#7748=DIRECTION('',(0.,1.,0.));
#7749=DIRECTION('',(0.,0.,1.));
#7750=DIRECTION('',(0.,1.,-2.2E-016));
#7751=DIRECTION('',(0.,-1.,2.2E-016));
#7752=DIRECTION('',(0.,0.,-1.));
#7753=DIRECTION('',(0.,-1.,2.2E-016));
#7754=DIRECTION('center_axis',(0.,2.2E-016,1.));
#7755=DIRECTION('ref_axis',(1.,0.,0.));
#7756=DIRECTION('',(0.,-1.,2.2E-016));
#7757=DIRECTION('',(1.,0.,0.));
#7758=DIRECTION('center_axis',(1.,0.,0.));
#7759=DIRECTION('ref_axis',(0.,0.,1.));
#7760=DIRECTION('',(0.,-1.,2.2E-016));
#7761=DIRECTION('',(9.E-017,1.,-2.2E-016));
#7762=DIRECTION('',(0.,0.,-1.));
#7763=DIRECTION('',(9.E-017,1.,-2.2E-016));
#7764=DIRECTION('',(0.,0.,1.));
#7765=DIRECTION('',(0.,-1.,0.));
#7766=DIRECTION('',(0.,0.,1.));
#7767=DIRECTION('',(0.,1.,0.));
#7768=DIRECTION('',(0.,0.,-1.));
#7769=DIRECTION('center_axis',(9.E-017,-2.2E-016,-1.));
#7770=DIRECTION('ref_axis',(1.,0.,0.));
#7771=DIRECTION('',(9.E-017,1.,-2.2E-016));
#7772=DIRECTION('',(1.,0.,0.));
#7773=DIRECTION('center_axis',(1.,-9.E-017,9.E-017));
#7774=DIRECTION('ref_axis',(-9.00000000000001E-017,0.,1.));
#7775=DIRECTION('',(9.E-017,1.,-2.2E-016));
#7776=DIRECTION('',(0.,0.,1.));
#7777=DIRECTION('center_axis',(-9.E-017,2.2E-016,1.));
#7778=DIRECTION('ref_axis',(-1.,0.,0.));
#7779=DIRECTION('',(-1.,0.,0.));
#7780=DIRECTION('center_axis',(0.,2.2E-016,1.));
#7781=DIRECTION('ref_axis',(-1.,0.,0.));
#7782=DIRECTION('',(-1.,0.,0.));
#7783=DIRECTION('center_axis',(0.,-2.2E-016,-1.));
#7784=DIRECTION('ref_axis',(-1.,0.,0.));
#7785=DIRECTION('',(-1.,0.,0.));
#7786=DIRECTION('center_axis',(9.E-017,1.,-2.2E-016));
#7787=DIRECTION('ref_axis',(-1.,9.E-017,-9.E-017));
#7788=DIRECTION('center_axis',(0.,1.,0.));
#7789=DIRECTION('ref_axis',(-1.,0.,0.));
#7790=DIRECTION('center_axis',(0.,1.,0.));
#7791=DIRECTION('ref_axis',(0.,0.,1.));
#7792=DIRECTION('',(-1.,0.,0.));
#7793=DIRECTION('center_axis',(0.,0.,-1.));
#7794=DIRECTION('ref_axis',(0.,1.,0.));
#7795=DIRECTION('center_axis',(0.,0.,-1.));
#7796=DIRECTION('ref_axis',(-1.,0.,0.));
#7797=DIRECTION('',(0.,1.,-2.2E-016));
#7798=DIRECTION('center_axis',(0.,-2.2E-016,-1.));
#7799=DIRECTION('ref_axis',(0.,-1.,2.2E-016));
#7800=DIRECTION('',(1.,0.,0.));
#7801=DIRECTION('',(0.,-1.,0.));
#7802=DIRECTION('',(1.,0.,0.));
#7803=DIRECTION('center_axis',(1.,0.,0.));
#7804=DIRECTION('ref_axis',(0.,0.,1.));
#7805=DIRECTION('',(0.,0.,-1.));
#7806=DIRECTION('center_axis',(0.,0.,1.));
#7807=DIRECTION('ref_axis',(0.,-1.,0.));
#7808=DIRECTION('',(0.,-1.,0.));
#7809=DIRECTION('',(-1.,0.,0.));
#7810=DIRECTION('center_axis',(0.,0.,-1.));
#7811=DIRECTION('ref_axis',(0.,-1.,0.));
#7812=DIRECTION('center_axis',(0.707106781186548,0.,-0.707106781186548));
#7813=DIRECTION('ref_axis',(-0.707106781186548,0.,-0.707106781186548));
#7814=DIRECTION('',(0.,0.,-1.));
#7815=DIRECTION('center_axis',(-0.707106781186548,0.,-0.707106781186548));
#7816=DIRECTION('ref_axis',(-0.707106781186548,0.,0.707106781186548));
#7817=DIRECTION('center_axis',(0.,0.,-1.));
#7818=DIRECTION('ref_axis',(0.,-1.,0.));
#7819=DIRECTION('',(0.,-1.,0.));
#7820=DIRECTION('center_axis',(1.,0.,0.));
#7821=DIRECTION('ref_axis',(0.,0.,1.));
#7822=DIRECTION('',(0.,1.,0.));
#7823=DIRECTION('center_axis',(0.,0.,1.));
#7824=DIRECTION('ref_axis',(0.,1.,0.));
#7825=DIRECTION('',(0.,1.,0.));
#7826=DIRECTION('center_axis',(1.,0.,0.));
#7827=DIRECTION('ref_axis',(0.,0.,1.));
#7828=DIRECTION('center_axis',(1.,0.,0.));
#7829=DIRECTION('ref_axis',(0.,0.,1.));
#7830=DIRECTION('',(0.,0.,-1.));
#7831=DIRECTION('center_axis',(-1.,0.,0.));
#7832=DIRECTION('ref_axis',(0.,-1.,2.4E-016));
#7833=DIRECTION('',(-1.,0.,0.));
#7834=DIRECTION('center_axis',(-0.707106781186548,0.,0.707106781186548));
#7835=DIRECTION('ref_axis',(-0.707106781186548,0.,-0.707106781186548));
#7836=DIRECTION('center_axis',(0.,1.,-1.2E-016));
#7837=DIRECTION('ref_axis',(1.,0.,0.));
#7838=DIRECTION('',(0.,1.2E-016,1.));
#7839=DIRECTION('',(1.,0.,0.));
#7840=DIRECTION('',(0.,1.2E-016,1.));
#7841=DIRECTION('center_axis',(1.,0.,0.));
#7842=DIRECTION('ref_axis',(0.,-1.,1.2E-016));
#7843=DIRECTION('',(0.,1.2E-016,1.));
#7844=DIRECTION('',(0.,-1.,0.));
#7845=DIRECTION('',(0.,1.2E-016,1.));
#7846=DIRECTION('center_axis',(0.,-1.,1.2E-016));
#7847=DIRECTION('ref_axis',(-1.,0.,0.));
#7848=DIRECTION('',(0.,1.2E-016,1.));
#7849=DIRECTION('',(-1.,0.,0.));
#7850=DIRECTION('',(0.,1.2E-016,1.));
#7851=DIRECTION('center_axis',(-1.,0.,0.));
#7852=DIRECTION('ref_axis',(0.,1.,-1.2E-016));
#7853=DIRECTION('',(0.,1.2E-016,1.));
#7854=DIRECTION('',(0.,1.,0.));
#7855=DIRECTION('',(0.,1.2E-016,1.));
#7856=DIRECTION('center_axis',(0.,-1.,1.2E-016));
#7857=DIRECTION('ref_axis',(-1.,0.,0.));
#7858=DIRECTION('',(0.,1.2E-016,1.));
#7859=DIRECTION('',(-1.,0.,0.));
#7860=DIRECTION('',(0.,1.2E-016,1.));
#7861=DIRECTION('center_axis',(0.862490901883389,-0.506072568085228,6.00000000000271E-017));
#7862=DIRECTION('ref_axis',(-0.50607256808523,-0.862490901883388,1.1000000000005E-016));
#7863=DIRECTION('',(0.,1.2E-016,1.));
#7864=DIRECTION('',(-0.506072568085228,-0.862490901883389,0.));
#7865=DIRECTION('',(0.,1.2E-016,1.));
#7866=DIRECTION('center_axis',(0.,-1.,1.2E-016));
#7867=DIRECTION('ref_axis',(-1.,0.,0.));
#7868=DIRECTION('',(0.,1.2E-016,1.));
#7869=DIRECTION('',(-1.,0.,0.));
#7870=DIRECTION('',(0.,1.2E-016,1.));
#7871=DIRECTION('center_axis',(-0.853617742871032,0.520899941501019,-6.00000000000022E-017));
#7872=DIRECTION('ref_axis',(0.52089994150102,0.853617742871031,-1.00000000000004E-016));
#7873=DIRECTION('',(0.520899941501019,0.853617742871032,0.));
#7874=DIRECTION('',(0.,1.2E-016,1.));
#7875=DIRECTION('',(0.,1.2E-016,1.));
#7876=DIRECTION('',(0.,1.2E-016,1.));
#7877=DIRECTION('',(0.,1.2E-016,1.));
#7878=DIRECTION('',(0.,1.2E-016,1.));
#7879=DIRECTION('',(0.,1.2E-016,1.));
#7880=DIRECTION('',(0.,1.2E-016,1.));
#7881=DIRECTION('',(0.,1.2E-016,1.));
#7882=DIRECTION('',(0.,1.2E-016,1.));
#7883=DIRECTION('center_axis',(-1.,0.,0.));
#7884=DIRECTION('ref_axis',(0.,1.,-1.2E-016));
#7885=DIRECTION('',(0.,1.,0.));
#7886=DIRECTION('',(0.,1.2E-016,1.));
#7887=DIRECTION('',(0.,1.2E-016,1.));
#7888=DIRECTION('center_axis',(0.,-1.,1.2E-016));
#7889=DIRECTION('ref_axis',(-1.,0.,0.));
#7890=DIRECTION('',(-1.,0.,0.));
#7891=DIRECTION('',(0.,1.2E-016,1.));
#7892=DIRECTION('',(0.,1.2E-016,1.));
#7893=DIRECTION('',(0.,1.2E-016,1.));
#7894=DIRECTION('',(0.,1.2E-016,1.));
#7895=DIRECTION('',(0.,1.2E-016,1.));
#7896=DIRECTION('center_axis',(-1.,0.,0.));
#7897=DIRECTION('ref_axis',(0.,1.,-1.2E-016));
#7898=DIRECTION('',(0.,1.2E-016,1.));
#7899=DIRECTION('',(0.,1.,0.));
#7900=DIRECTION('',(0.,1.2E-016,1.));
#7901=DIRECTION('',(0.,1.2E-016,1.));
#7902=DIRECTION('',(0.,1.2E-016,1.));
#7903=DIRECTION('',(0.,1.2E-016,1.));
#7904=DIRECTION('',(0.,1.2E-016,1.));
#7905=DIRECTION('',(0.,1.2E-016,1.));
#7906=DIRECTION('',(0.,1.2E-016,1.));
#7907=DIRECTION('',(0.,1.2E-016,1.));
#7908=DIRECTION('',(0.,1.2E-016,1.));
#7909=DIRECTION('',(0.,1.2E-016,1.));
#7910=DIRECTION('',(0.,1.2E-016,1.));
#7911=DIRECTION('',(0.,1.2E-016,1.));
#7912=DIRECTION('',(0.,1.2E-016,1.));
#7913=DIRECTION('',(0.,1.2E-016,1.));
#7914=DIRECTION('center_axis',(1.,0.,0.));
#7915=DIRECTION('ref_axis',(0.,-1.,1.2E-016));
#7916=DIRECTION('',(0.,-1.,0.));
#7917=DIRECTION('',(0.,1.2E-016,1.));
#7918=DIRECTION('',(0.,1.2E-016,1.));
#7919=DIRECTION('',(0.,1.2E-016,1.));
#7920=DIRECTION('',(0.,1.2E-016,1.));
#7921=DIRECTION('',(0.,1.2E-016,1.));
#7922=DIRECTION('',(0.,1.2E-016,1.));
#7923=DIRECTION('',(0.,1.2E-016,1.));
#7924=DIRECTION('center_axis',(-0.921635375138103,-0.388057000058043,5.00000000000056E-017));
#7925=DIRECTION('ref_axis',(-0.388057000058041,0.921635375138104,-1.10000000000013E-016));
#7926=DIRECTION('',(0.,1.2E-016,1.));
#7927=DIRECTION('',(-0.388057000058043,0.921635375138103,0.));
#7928=DIRECTION('',(0.,1.2E-016,1.));
#7929=DIRECTION('',(0.,1.2E-016,1.));
#7930=DIRECTION('',(0.,1.2E-016,1.));
#7931=DIRECTION('',(0.,1.2E-016,1.));
#7932=DIRECTION('',(0.,1.2E-016,1.));
#7933=DIRECTION('',(0.,1.2E-016,1.));
#7934=DIRECTION('',(0.,1.2E-016,1.));
#7935=DIRECTION('',(0.,1.2E-016,1.));
#7936=DIRECTION('',(0.,1.2E-016,1.));
#7937=DIRECTION('',(0.,1.2E-016,1.));
#7938=DIRECTION('',(0.,1.2E-016,1.));
#7939=DIRECTION('',(0.,1.2E-016,1.));
#7940=DIRECTION('',(0.,1.2E-016,1.));
#7941=DIRECTION('',(0.,1.2E-016,1.));
#7942=DIRECTION('',(0.,1.2E-016,1.));
#7943=DIRECTION('',(0.,1.2E-016,1.));
#7944=DIRECTION('',(0.,1.2E-016,1.));
#7945=DIRECTION('',(0.,1.2E-016,1.));
#7946=DIRECTION('',(0.,1.2E-016,1.));
#7947=DIRECTION('center_axis',(-1.,0.,0.));
#7948=DIRECTION('ref_axis',(0.,1.,-1.2E-016));
#7949=DIRECTION('',(0.,1.,0.));
#7950=DIRECTION('',(0.,1.2E-016,1.));
#7951=DIRECTION('',(0.,1.2E-016,1.));
#7952=DIRECTION('center_axis',(0.,-1.,1.2E-016));
#7953=DIRECTION('ref_axis',(-1.,0.,0.));
#7954=DIRECTION('',(-1.,0.,0.));
#7955=DIRECTION('',(0.,1.2E-016,1.));
#7956=DIRECTION('',(0.,1.2E-016,1.));
#7957=DIRECTION('',(0.,1.2E-016,1.));
#7958=DIRECTION('',(0.,1.2E-016,1.));
#7959=DIRECTION('',(0.,1.2E-016,1.));
#7960=DIRECTION('center_axis',(-1.,0.,0.));
#7961=DIRECTION('ref_axis',(0.,1.,-1.2E-016));
#7962=DIRECTION('',(0.,1.2E-016,1.));
#7963=DIRECTION('',(0.,1.,0.));
#7964=DIRECTION('',(0.,1.2E-016,1.));
#7965=DIRECTION('',(0.,1.2E-016,1.));
#7966=DIRECTION('',(0.,1.2E-016,1.));
#7967=DIRECTION('',(0.,1.2E-016,1.));
#7968=DIRECTION('',(0.,1.2E-016,1.));
#7969=DIRECTION('center_axis',(-1.,0.,0.));
#7970=DIRECTION('ref_axis',(0.,1.,-1.2E-016));
#7971=DIRECTION('',(0.,1.2E-016,1.));
#7972=DIRECTION('',(0.,1.,0.));
#7973=DIRECTION('',(0.,1.2E-016,1.));
#7974=DIRECTION('center_axis',(0.,-1.,1.2E-016));
#7975=DIRECTION('ref_axis',(-1.,0.,0.));
#7976=DIRECTION('',(0.,1.2E-016,1.));
#7977=DIRECTION('',(-1.,0.,0.));
#7978=DIRECTION('center_axis',(-1.,0.,0.));
#7979=DIRECTION('ref_axis',(0.,1.,-1.2E-016));
#7980=DIRECTION('',(0.,1.,0.));
#7981=DIRECTION('',(0.,1.2E-016,1.));
#7982=DIRECTION('center_axis',(-1.,0.,0.));
#7983=DIRECTION('ref_axis',(0.,1.,-1.2E-016));
#7984=DIRECTION('',(0.,1.2E-016,1.));
#7985=DIRECTION('',(0.,1.,0.));
#7986=DIRECTION('',(0.,1.2E-016,1.));
#7987=DIRECTION('center_axis',(0.,1.,-1.2E-016));
#7988=DIRECTION('ref_axis',(1.,0.,0.));
#7989=DIRECTION('',(0.,1.2E-016,1.));
#7990=DIRECTION('',(1.,0.,0.));
#7991=DIRECTION('',(0.,1.2E-016,1.));
#7992=DIRECTION('center_axis',(-1.,0.,0.));
#7993=DIRECTION('ref_axis',(0.,1.,-1.2E-016));
#7994=DIRECTION('',(0.,1.2E-016,1.));
#7995=DIRECTION('',(0.,1.,0.));
#7996=DIRECTION('',(0.,1.2E-016,1.));
#7997=DIRECTION('center_axis',(0.,1.,-1.2E-016));
#7998=DIRECTION('ref_axis',(1.,0.,0.));
#7999=DIRECTION('',(0.,1.2E-016,1.));
#8000=DIRECTION('',(1.,0.,0.));
#8001=DIRECTION('',(0.,1.2E-016,1.));
#8002=DIRECTION('center_axis',(0.964205392803816,0.265156483020949,-2.99999999999943E-017));
#8003=DIRECTION('ref_axis',(0.265156483020952,-0.964205392803815,1.19999999999977E-016));
#8004=DIRECTION('',(0.,1.2E-016,1.));
#8005=DIRECTION('',(0.265156483020949,-0.964205392803816,0.));
#8006=DIRECTION('',(0.,1.2E-016,1.));
#8007=DIRECTION('center_axis',(0.382525049985904,0.923945120736768,-1.09999999999972E-016));
#8008=DIRECTION('ref_axis',(0.923945120736768,-0.382525049985905,4.99999999999875E-017));
#8009=DIRECTION('',(0.,1.2E-016,1.));
#8010=DIRECTION('',(0.923945120736768,-0.382525049985904,0.));
#8011=DIRECTION('center_axis',(1.,0.,0.));
#8012=DIRECTION('ref_axis',(0.,-1.,1.2E-016));
#8013=DIRECTION('',(0.,-1.,0.));
#8014=DIRECTION('',(0.,1.2E-016,1.));
#8015=DIRECTION('center_axis',(1.,0.,0.));
#8016=DIRECTION('ref_axis',(0.,-1.,1.2E-016));
#8017=DIRECTION('',(0.,1.2E-016,1.));
#8018=DIRECTION('',(0.,-1.,0.));
#8019=DIRECTION('center_axis',(0.,-1.,1.2E-016));
#8020=DIRECTION('ref_axis',(-1.,0.,0.));
#8021=DIRECTION('',(-1.,0.,0.));
#8022=DIRECTION('center_axis',(0.,0.,1.));
#8023=DIRECTION('ref_axis',(1.,0.,0.));
#8024=DIRECTION('',(0.,1.2E-016,1.));
#8025=DIRECTION('',(0.,1.2E-016,1.));
#8026=DIRECTION('',(0.,1.2E-016,1.));
#8027=DIRECTION('',(0.,1.2E-016,1.));
#8028=DIRECTION('',(0.,1.2E-016,1.));
#8029=DIRECTION('',(0.,1.2E-016,1.));
#8030=DIRECTION('',(0.,1.2E-016,1.));
#8031=DIRECTION('',(0.,1.2E-016,1.));
#8032=DIRECTION('',(0.,1.2E-016,1.));
#8033=DIRECTION('',(0.,1.2E-016,1.));
#8034=DIRECTION('',(0.,1.2E-016,1.));
#8035=DIRECTION('',(0.,1.2E-016,1.));
#8036=DIRECTION('',(0.,1.2E-016,1.));
#8037=DIRECTION('',(0.,1.2E-016,1.));
#8038=DIRECTION('',(0.,1.2E-016,1.));
#8039=DIRECTION('',(0.,1.2E-016,1.));
#8040=DIRECTION('',(0.,1.2E-016,1.));
#8041=DIRECTION('',(0.,1.2E-016,1.));
#8042=DIRECTION('center_axis',(0.,1.,-1.2E-016));
#8043=DIRECTION('ref_axis',(1.,0.,0.));
#8044=DIRECTION('',(0.,1.2E-016,1.));
#8045=DIRECTION('',(1.,0.,0.));
#8046=DIRECTION('center_axis',(-0.990874851552123,0.134785119956017,-2.00000000000025E-017));
#8047=DIRECTION('ref_axis',(0.134785119956014,0.990874851552124,-1.20000000000015E-016));
#8048=DIRECTION('',(0.,1.2E-016,1.));
#8049=DIRECTION('',(0.134785119956017,0.990874851552123,0.));
#8050=DIRECTION('center_axis',(0.,1.,-1.2E-016));
#8051=DIRECTION('ref_axis',(1.,0.,0.));
#8052=DIRECTION('',(0.,1.2E-016,1.));
#8053=DIRECTION('',(1.,0.,0.));
#8054=DIRECTION('center_axis',(1.,0.,0.));
#8055=DIRECTION('ref_axis',(0.,-1.,1.2E-016));
#8056=DIRECTION('',(0.,1.2E-016,1.));
#8057=DIRECTION('',(0.,-1.,0.));
#8058=DIRECTION('center_axis',(0.,-1.,1.2E-016));
#8059=DIRECTION('ref_axis',(-1.,0.,0.));
#8060=DIRECTION('',(0.,1.2E-016,1.));
#8061=DIRECTION('',(-1.,0.,0.));
#8062=DIRECTION('center_axis',(-1.,0.,0.));
#8063=DIRECTION('ref_axis',(0.,1.,-1.2E-016));
#8064=DIRECTION('',(0.,1.2E-016,1.));
#8065=DIRECTION('',(0.,1.,0.));
#8066=DIRECTION('',(0.,1.2E-016,1.));
#8067=DIRECTION('',(0.,1.2E-016,1.));
#8068=DIRECTION('center_axis',(0.,-1.,1.2E-016));
#8069=DIRECTION('ref_axis',(-1.,0.,0.));
#8070=DIRECTION('',(0.,1.2E-016,1.));
#8071=DIRECTION('',(-1.,0.,0.));
#8072=DIRECTION('',(0.,1.2E-016,1.));
#8073=DIRECTION('',(0.,1.2E-016,1.));
#8074=DIRECTION('',(0.,1.2E-016,1.));
#8075=DIRECTION('',(0.,1.2E-016,1.));
#8076=DIRECTION('',(0.,1.2E-016,1.));
#8077=DIRECTION('',(0.,1.2E-016,1.));
#8078=DIRECTION('',(0.,1.2E-016,1.));
#8079=DIRECTION('',(0.,1.2E-016,1.));
#8080=DIRECTION('',(0.,1.2E-016,1.));
#8081=DIRECTION('',(0.,1.2E-016,1.));
#8082=DIRECTION('',(0.,1.2E-016,1.));
#8083=DIRECTION('',(0.,1.2E-016,1.));
#8084=DIRECTION('',(0.,1.2E-016,1.));
#8085=DIRECTION('',(0.,1.2E-016,1.));
#8086=DIRECTION('',(0.,1.2E-016,1.));
#8087=DIRECTION('',(0.,1.2E-016,1.));
#8088=DIRECTION('center_axis',(-1.,0.,0.));
#8089=DIRECTION('ref_axis',(0.,1.,-1.2E-016));
#8090=DIRECTION('',(0.,1.2E-016,1.));
#8091=DIRECTION('',(0.,1.,0.));
#8092=DIRECTION('',(0.,1.2E-016,1.));
#8093=DIRECTION('',(0.,1.2E-016,1.));
#8094=DIRECTION('',(0.,1.2E-016,1.));
#8095=DIRECTION('',(0.,1.2E-016,1.));
#8096=DIRECTION('center_axis',(0.,-1.,1.2E-016));
#8097=DIRECTION('ref_axis',(-1.,0.,0.));
#8098=DIRECTION('',(0.,1.2E-016,1.));
#8099=DIRECTION('',(-1.,0.,0.));
#8100=DIRECTION('center_axis',(-1.,0.,0.));
#8101=DIRECTION('ref_axis',(0.,1.,-1.2E-016));
#8102=DIRECTION('',(0.,1.2E-016,1.));
#8103=DIRECTION('',(0.,1.,0.));
#8104=DIRECTION('',(0.,1.2E-016,1.));
#8105=DIRECTION('',(0.,1.2E-016,1.));
#8106=DIRECTION('',(0.,1.2E-016,1.));
#8107=DIRECTION('',(0.,1.2E-016,1.));
#8108=DIRECTION('',(0.,1.2E-016,1.));
#8109=DIRECTION('',(0.,1.2E-016,1.));
#8110=DIRECTION('center_axis',(0.,1.,-1.2E-016));
#8111=DIRECTION('ref_axis',(1.,0.,0.));
#8112=DIRECTION('',(0.,1.2E-016,1.));
#8113=DIRECTION('',(1.,0.,0.));
#8114=DIRECTION('center_axis',(-0.987671409473018,0.156541326523003,-2.00000000000004E-017));
#8115=DIRECTION('ref_axis',(0.156541326523005,0.987671409473018,-1.20000000000002E-016));
#8116=DIRECTION('',(0.,1.2E-016,1.));
#8117=DIRECTION('',(0.156541326523003,0.987671409473018,0.));
#8118=DIRECTION('center_axis',(0.,1.,-1.2E-016));
#8119=DIRECTION('ref_axis',(1.,0.,0.));
#8120=DIRECTION('',(0.,1.2E-016,1.));
#8121=DIRECTION('',(1.,0.,0.));
#8122=DIRECTION('center_axis',(1.,0.,0.));
#8123=DIRECTION('ref_axis',(0.,-1.,1.2E-016));
#8124=DIRECTION('',(0.,1.2E-016,1.));
#8125=DIRECTION('',(0.,-1.,0.));
#8126=DIRECTION('center_axis',(0.,-1.,1.2E-016));
#8127=DIRECTION('ref_axis',(-1.,0.,0.));
#8128=DIRECTION('',(0.,1.2E-016,1.));
#8129=DIRECTION('',(-1.,0.,0.));
#8130=DIRECTION('center_axis',(-1.,0.,0.));
#8131=DIRECTION('ref_axis',(0.,1.,-1.2E-016));
#8132=DIRECTION('',(0.,1.2E-016,1.));
#8133=DIRECTION('',(0.,1.,0.));
#8134=DIRECTION('',(0.,1.2E-016,1.));
#8135=DIRECTION('',(0.,1.2E-016,1.));
#8136=DIRECTION('',(0.,1.2E-016,1.));
#8137=DIRECTION('',(0.,1.2E-016,1.));
#8138=DIRECTION('center_axis',(1.,0.,0.));
#8139=DIRECTION('ref_axis',(0.,-1.,1.2E-016));
#8140=DIRECTION('',(0.,1.2E-016,1.));
#8141=DIRECTION('',(0.,-1.,0.));
#8142=DIRECTION('center_axis',(0.,-1.,1.2E-016));
#8143=DIRECTION('ref_axis',(-1.,0.,0.));
#8144=DIRECTION('',(0.,1.2E-016,1.));
#8145=DIRECTION('',(-1.,0.,0.));
#8146=DIRECTION('center_axis',(-1.,0.,0.));
#8147=DIRECTION('ref_axis',(0.,1.,-1.2E-016));
#8148=DIRECTION('',(0.,1.2E-016,1.));
#8149=DIRECTION('',(0.,1.,0.));
#8150=DIRECTION('',(0.,1.2E-016,1.));
#8151=DIRECTION('center_axis',(0.,1.,0.));
#8152=DIRECTION('ref_axis',(0.,0.,1.));
#8153=DIRECTION('',(0.,2.2E-016,1.));
#8154=DIRECTION('center_axis',(0.,-1.,0.));
#8155=DIRECTION('ref_axis',(1.,0.,0.));
#8156=DIRECTION('',(-1.,0.,0.));
#8157=DIRECTION('center_axis',(0.,1.,0.));
#8158=DIRECTION('ref_axis',(-1.,0.,0.));
#8159=DIRECTION('',(0.,1.2E-016,1.));
#8160=DIRECTION('',(-1.,0.,0.));
#8161=DIRECTION('',(0.,0.,-1.));
#8162=DIRECTION('center_axis',(-1.,0.,0.));
#8163=DIRECTION('ref_axis',(0.,-1.,0.));
#8164=DIRECTION('',(0.,0.707106781186548,-0.707106781186548));
#8165=DIRECTION('',(0.,-1.,0.));
#8166=DIRECTION('',(0.,0.,-1.));
#8167=DIRECTION('center_axis',(0.,-1.,0.));
#8168=DIRECTION('ref_axis',(1.,0.,0.));
#8169=DIRECTION('',(0.,0.,-1.));
#8170=DIRECTION('',(1.,0.,0.));
#8171=DIRECTION('center_axis',(1.,0.,0.));
#8172=DIRECTION('ref_axis',(0.,1.,0.));
#8173=DIRECTION('',(0.,0.,-1.));
#8174=DIRECTION('',(0.,1.,0.));
#8175=DIRECTION('',(0.,0.707106781186548,-0.707106781186548));
#8176=DIRECTION('center_axis',(0.,1.,0.));
#8177=DIRECTION('ref_axis',(-1.,0.,0.));
#8178=DIRECTION('',(-1.,0.,0.));
#8179=DIRECTION('',(0.,1.2E-016,1.));
#8180=DIRECTION('center_axis',(-1.,0.,0.));
#8181=DIRECTION('ref_axis',(0.,1.,0.));
#8182=DIRECTION('',(0.,0.707106781186548,-0.707106781186548));
#8183=DIRECTION('',(0.,1.,0.));
#8184=DIRECTION('',(0.,1.2E-016,1.));
#8185=DIRECTION('center_axis',(0.,1.,-1.2E-016));
#8186=DIRECTION('ref_axis',(1.,0.,0.));
#8187=DIRECTION('',(1.,0.,0.));
#8188=DIRECTION('',(0.,1.2E-016,1.));
#8189=DIRECTION('center_axis',(1.,0.,0.));
#8190=DIRECTION('ref_axis',(0.,-1.,0.));
#8191=DIRECTION('',(0.,-1.,0.));
#8192=DIRECTION('',(0.,0.707106781186548,-0.707106781186548));
#8193=DIRECTION('center_axis',(0.,1.,0.));
#8194=DIRECTION('ref_axis',(-1.,0.,0.));
#8195=DIRECTION('',(0.,1.2E-016,1.));
#8196=DIRECTION('',(-1.,0.,0.));
#8197=DIRECTION('',(0.,0.,-1.));
#8198=DIRECTION('center_axis',(-1.,0.,0.));
#8199=DIRECTION('ref_axis',(0.,-1.,0.));
#8200=DIRECTION('',(0.,0.707106781186548,-0.707106781186548));
#8201=DIRECTION('',(0.,-1.,0.));
#8202=DIRECTION('',(0.,0.,-1.));
#8203=DIRECTION('center_axis',(0.,-1.,0.));
#8204=DIRECTION('ref_axis',(1.,0.,0.));
#8205=DIRECTION('',(0.,0.,-1.));
#8206=DIRECTION('',(1.,0.,0.));
#8207=DIRECTION('center_axis',(1.,0.,0.));
#8208=DIRECTION('ref_axis',(0.,1.,0.));
#8209=DIRECTION('',(0.,0.,-1.));
#8210=DIRECTION('',(0.,1.,0.));
#8211=DIRECTION('',(0.,0.707106781186548,-0.707106781186548));
#8212=DIRECTION('center_axis',(0.,1.,0.));
#8213=DIRECTION('ref_axis',(-1.,0.,0.));
#8214=DIRECTION('',(-1.,0.,0.));
#8215=DIRECTION('',(0.,1.2E-016,1.));
#8216=DIRECTION('center_axis',(-1.,0.,0.));
#8217=DIRECTION('ref_axis',(0.,1.,0.));
#8218=DIRECTION('',(0.,0.707106781186548,-0.707106781186548));
#8219=DIRECTION('',(0.,1.,0.));
#8220=DIRECTION('',(0.,1.2E-016,1.));
#8221=DIRECTION('center_axis',(0.,1.,-1.2E-016));
#8222=DIRECTION('ref_axis',(1.,0.,0.));
#8223=DIRECTION('',(1.,0.,0.));
#8224=DIRECTION('',(0.,1.2E-016,1.));
#8225=DIRECTION('center_axis',(1.,0.,0.));
#8226=DIRECTION('ref_axis',(0.,-1.,0.));
#8227=DIRECTION('',(0.,-1.,0.));
#8228=DIRECTION('',(0.,0.707106781186548,-0.707106781186548));
#8229=DIRECTION('center_axis',(-1.,0.,0.));
#8230=DIRECTION('ref_axis',(0.,-1.,0.));
#8231=DIRECTION('center_axis',(1.,0.,-6.E-017));
#8232=DIRECTION('ref_axis',(6.E-017,0.,1.));
#8233=DIRECTION('',(-1.,0.,0.));
#8234=DIRECTION('center_axis',(0.,2.2E-016,1.));
#8235=DIRECTION('ref_axis',(-1.,0.,0.));
#8236=DIRECTION('',(0.,1.,-2.2E-016));
#8237=DIRECTION('',(-1.,0.,0.));
#8238=DIRECTION('center_axis',(0.,1.,-3.6E-016));
#8239=DIRECTION('ref_axis',(0.,0.,1.));
#8240=DIRECTION('',(0.,0.,1.));
#8241=DIRECTION('center_axis',(0.,1.,-2.2E-016));
#8242=DIRECTION('ref_axis',(0.,2.2E-016,1.));
#8243=DIRECTION('center_axis',(0.,1.,0.));
#8244=DIRECTION('ref_axis',(0.,0.,1.));
#8245=DIRECTION('',(0.,0.,1.));
#8246=DIRECTION('',(-1.,0.,0.));
#8247=DIRECTION('',(0.,0.,-1.));
#8248=DIRECTION('',(1.,0.,0.));
#8249=DIRECTION('center_axis',(0.,1.,-2.4E-016));
#8250=DIRECTION('ref_axis',(0.,0.,1.));
#8251=DIRECTION('center_axis',(0.,0.,-1.));
#8252=DIRECTION('ref_axis',(0.,-1.,0.));
#8253=DIRECTION('',(1.,0.,0.));
#8254=DIRECTION('',(1.,0.,0.));
#8255=DIRECTION('',(0.,-1.,0.));
#8256=DIRECTION('center_axis',(0.,1.,0.));
#8257=DIRECTION('ref_axis',(0.,0.,-1.));
#8258=DIRECTION('',(1.,0.,0.));
#8259=DIRECTION('',(0.,0.,-1.));
#8260=DIRECTION('center_axis',(0.,0.,1.));
#8261=DIRECTION('ref_axis',(0.,1.,0.));
#8262=DIRECTION('',(1.,0.,0.));
#8263=DIRECTION('',(0.,1.,0.));
#8264=DIRECTION('center_axis',(0.,-1.,0.));
#8265=DIRECTION('ref_axis',(0.,0.,1.));
#8266=DIRECTION('',(0.,0.,1.));
#8267=DIRECTION('center_axis',(0.,1.,-2.4E-016));
#8268=DIRECTION('ref_axis',(0.,0.,1.));
#8269=DIRECTION('',(-1.,0.,0.));
#8270=DIRECTION('center_axis',(0.,-1.,2.4E-016));
#8271=DIRECTION('ref_axis',(0.,2.4E-016,1.));
#8272=DIRECTION('',(0.,-2.2E-016,-1.));
#8273=DIRECTION('center_axis',(0.,-1.,2.4E-016));
#8274=DIRECTION('ref_axis',(-1.,0.,0.));
#8275=DIRECTION('',(1.,0.,0.));
#8276=DIRECTION('center_axis',(0.,-1.,2.4E-016));
#8277=DIRECTION('ref_axis',(0.,-2.4E-016,-1.));
#8278=DIRECTION('',(0.,2.2E-016,1.));
#8279=DIRECTION('center_axis',(0.,-1.,2.4E-016));
#8280=DIRECTION('ref_axis',(1.,0.,0.));
#8281=DIRECTION('',(1.,0.,0.));
#8282=DIRECTION('',(0.,2.2E-016,-1.));
#8283=DIRECTION('',(-1.,0.,0.));
#8284=DIRECTION('',(0.,-2.2E-016,1.));
#8285=DIRECTION('center_axis',(0.,1.,0.));
#8286=DIRECTION('ref_axis',(-1.,0.,0.));
#8287=DIRECTION('center_axis',(0.,1.,0.));
#8288=DIRECTION('ref_axis',(-1.,0.,0.));
#8289=DIRECTION('center_axis',(0.,1.,0.));
#8290=DIRECTION('ref_axis',(-1.,0.,0.));
#8291=DIRECTION('',(0.,0.,-1.));
#8292=DIRECTION('center_axis',(0.,-1.,0.));
#8293=DIRECTION('ref_axis',(1.,0.,0.));
#8294=DIRECTION('',(3.6E-016,0.,-1.));
#8295=DIRECTION('center_axis',(0.,-1.,0.));
#8296=DIRECTION('ref_axis',(1.,0.,0.));
#8297=DIRECTION('center_axis',(0.,1.,0.));
#8298=DIRECTION('ref_axis',(-1.,0.,0.));
#8299=DIRECTION('center_axis',(1.,0.,0.));
#8300=DIRECTION('ref_axis',(0.,0.,1.));
#8301=DIRECTION('',(0.,1.,-2.2E-016));
#8302=DIRECTION('',(0.,2.2E-016,1.));
#8303=DIRECTION('center_axis',(0.,2.2E-016,1.));
#8304=DIRECTION('ref_axis',(0.,-1.,2.2E-016));
#8305=DIRECTION('center_axis',(0.,-2.2E-016,-1.));
#8306=DIRECTION('ref_axis',(0.,-1.,2.2E-016));
#8307=DIRECTION('center_axis',(-1.,0.,0.));
#8308=DIRECTION('ref_axis',(0.,-1.,2.4E-016));
#8309=DIRECTION('center_axis',(0.707106781186548,0.,0.707106781186548));
#8310=DIRECTION('ref_axis',(-0.707106781186548,0.,0.707106781186548));
#8311=DIRECTION('',(-1.,0.,0.));
#8312=DIRECTION('center_axis',(0.,1.,-2.4E-016));
#8313=DIRECTION('ref_axis',(0.,0.,1.));
#8314=DIRECTION('',(0.,0.,-1.));
#8315=DIRECTION('center_axis',(0.,1.,-2.2E-016));
#8316=DIRECTION('ref_axis',(0.,-2.2E-016,-1.));
#8317=DIRECTION('',(-1.,0.,0.));
#8318=DIRECTION('center_axis',(0.,1.,-2.2E-016));
#8319=DIRECTION('ref_axis',(0.,-2.2E-016,-1.));
#8320=DIRECTION('',(0.,0.,1.));
#8321=DIRECTION('center_axis',(0.,-1.,2.2E-016));
#8322=DIRECTION('ref_axis',(0.,-2.2E-016,-1.));
#8323=DIRECTION('',(1.,0.,0.));
#8324=DIRECTION('center_axis',(0.,-1.,2.2E-016));
#8325=DIRECTION('ref_axis',(0.,-2.2E-016,-1.));
#8326=DIRECTION('center_axis',(0.,1.,0.));
#8327=DIRECTION('ref_axis',(-1.,0.,0.));
#8328=DIRECTION('center_axis',(0.,1.,0.));
#8329=DIRECTION('ref_axis',(-1.,0.,0.));
#8330=DIRECTION('center_axis',(0.,1.,0.));
#8331=DIRECTION('ref_axis',(-1.,0.,0.));
#8332=DIRECTION('center_axis',(0.,1.,0.));
#8333=DIRECTION('ref_axis',(-1.,0.,0.));
#8334=DIRECTION('',(0.,0.,-1.));
#8335=DIRECTION('center_axis',(0.,0.,-1.));
#8336=DIRECTION('ref_axis',(0.,-1.,0.));
#8337=DIRECTION('center_axis',(0.,0.,-1.));
#8338=DIRECTION('ref_axis',(1.,0.,0.));
#8339=DIRECTION('',(-1.,0.,0.));
#8340=DIRECTION('',(1.,0.,0.));
#8341=DIRECTION('',(0.,1.,0.));
#8342=DIRECTION('center_axis',(0.,0.,-1.));
#8343=DIRECTION('ref_axis',(1.,0.,0.));
#8344=DIRECTION('',(1.,0.,0.));
#8345=DIRECTION('center_axis',(0.,0.,-1.));
#8346=DIRECTION('ref_axis',(1.,0.,0.));
#8347=DIRECTION('center_axis',(0.,0.,-1.));
#8348=DIRECTION('ref_axis',(1.,0.,0.));
#8349=DIRECTION('',(1.,0.,0.));
#8350=DIRECTION('center_axis',(0.,0.,-1.));
#8351=DIRECTION('ref_axis',(1.,0.,0.));
#8352=DIRECTION('center_axis',(0.,0.,-1.));
#8353=DIRECTION('ref_axis',(1.,0.,0.));
#8354=DIRECTION('center_axis',(0.,0.,-1.));
#8355=DIRECTION('ref_axis',(1.,0.,0.));
#8356=DIRECTION('',(0.,1.,0.));
#8357=DIRECTION('center_axis',(0.,0.,-1.));
#8358=DIRECTION('ref_axis',(1.,0.,0.));
#8359=DIRECTION('',(1.,0.,0.));
#8360=DIRECTION('center_axis',(0.,0.,-1.));
#8361=DIRECTION('ref_axis',(1.,0.,0.));
#8362=DIRECTION('center_axis',(0.,-1.,0.));
#8363=DIRECTION('ref_axis',(1.,0.,0.));
#8364=DIRECTION('center_axis',(0.,-1.,0.));
#8365=DIRECTION('ref_axis',(1.,0.,0.));
#8366=DIRECTION('center_axis',(0.,-0.707106781186548,-0.707106781186548));
#8367=DIRECTION('ref_axis',(-1.,0.,0.));
#8368=DIRECTION('',(-1.,0.,0.));
#8369=DIRECTION('center_axis',(0.,0.,1.));
#8370=DIRECTION('ref_axis',(1.,0.,0.));
#8371=DIRECTION('',(-1.,0.,0.));
#8372=DIRECTION('center_axis',(0.,-0.707106781186548,-0.707106781186548));
#8373=DIRECTION('ref_axis',(-1.,0.,0.));
#8374=DIRECTION('center_axis',(0.,-0.707106781186548,-0.707106781186548));
#8375=DIRECTION('ref_axis',(-1.,0.,0.));
#8376=DIRECTION('',(-1.,0.,0.));
#8377=DIRECTION('center_axis',(0.,0.,1.));
#8378=DIRECTION('ref_axis',(1.,0.,0.));
#8379=DIRECTION('',(-1.,0.,0.));
#8380=DIRECTION('center_axis',(0.,-0.707106781186548,-0.707106781186548));
#8381=DIRECTION('ref_axis',(-1.,0.,0.));
#8382=DIRECTION('center_axis',(0.,1.,-2.2E-016));
#8383=DIRECTION('ref_axis',(0.,2.2E-016,1.));
#8384=DIRECTION('center_axis',(-1.,0.,0.));
#8385=DIRECTION('ref_axis',(0.,0.,-1.));
#8386=DIRECTION('',(0.,1.,0.));
#8387=DIRECTION('',(0.,1.,0.));
#8388=DIRECTION('',(0.,2.2E-016,-1.));
#8389=DIRECTION('center_axis',(0.,0.,1.));
#8390=DIRECTION('ref_axis',(-1.,0.,0.));
#8391=DIRECTION('',(0.,1.,0.));
#8392=DIRECTION('',(-1.,0.,0.));
#8393=DIRECTION('center_axis',(1.,0.,0.));
#8394=DIRECTION('ref_axis',(0.,0.,1.));
#8395=DIRECTION('',(0.,1.,0.));
#8396=DIRECTION('',(0.,-2.2E-016,1.));
#8397=DIRECTION('center_axis',(0.,0.,-1.));
#8398=DIRECTION('ref_axis',(1.,0.,0.));
#8399=DIRECTION('',(1.,0.,0.));
#8400=DIRECTION('center_axis',(1.,0.,0.));
#8401=DIRECTION('ref_axis',(0.,0.,1.));
#8402=DIRECTION('center_axis',(-9.9999999999936E-018,-0.707106781186548,
0.707106781186548));
#8403=DIRECTION('ref_axis',(1.,0.,0.));
#8404=DIRECTION('',(0.,0.707106781186548,0.707106781186548));
#8405=DIRECTION('',(-1.,0.,0.));
#8406=DIRECTION('',(0.,0.707106781186548,0.707106781186548));
#8407=DIRECTION('center_axis',(0.,1.,-2.4E-016));
#8408=DIRECTION('ref_axis',(1.,0.,0.));
#8409=DIRECTION('',(0.707106781186547,0.707106781186547,-1.59999999999898E-016));
#8410=DIRECTION('center_axis',(0.,-1.,2.4E-016));
#8411=DIRECTION('ref_axis',(1.,0.,0.));
#8412=DIRECTION('center_axis',(0.,1.,-2.4E-016));
#8413=DIRECTION('ref_axis',(0.,2.4E-016,1.));
#8414=DIRECTION('center_axis',(0.,-1.,2.4E-016));
#8415=DIRECTION('ref_axis',(0.,2.4E-016,1.));
#8416=DIRECTION('',(-0.707106781186548,0.707106781186548,-1.29999999999917E-016));
#8417=DIRECTION('center_axis',(0.707106781186548,-0.707106781186548,2.59999999999834E-016));
#8418=DIRECTION('ref_axis',(0.,0.,-1.));
#8419=DIRECTION('',(0.707106781186547,0.707106781186547,-2.09999999999866E-016));
#8420=DIRECTION('',(0.,2.2E-016,1.));
#8421=DIRECTION('center_axis',(-0.707106781186548,-0.707106781186548,2.39999999999846E-016));
#8422=DIRECTION('ref_axis',(0.,0.,1.));
#8423=DIRECTION('',(0.,-2.2E-016,-1.));
#8424=DIRECTION('',(-0.707106781186548,0.707106781186548,-1.59999999999898E-016));
#8425=DIRECTION('center_axis',(0.,1.,-2.4E-016));
#8426=DIRECTION('ref_axis',(0.,-2.4E-016,-1.));
#8427=DIRECTION('',(0.,0.707106781186547,-0.707106781186547));
#8428=DIRECTION('center_axis',(0.,-1.,2.4E-016));
#8429=DIRECTION('ref_axis',(0.,-2.4E-016,-1.));
#8430=DIRECTION('center_axis',(0.,1.,-2.4E-016));
#8431=DIRECTION('ref_axis',(-1.,0.,0.));
#8432=DIRECTION('center_axis',(0.,-1.,2.4E-016));
#8433=DIRECTION('ref_axis',(-1.,0.,0.));
#8434=DIRECTION('',(-3.99999999999744E-017,0.707106781186548,-0.707106781186548));
#8435=DIRECTION('center_axis',(0.,-0.707106781186548,-0.707106781186548));
#8436=DIRECTION('ref_axis',(-1.,0.,0.));
#8437=DIRECTION('',(1.,0.,0.));
#8438=DIRECTION('center_axis',(-9.9999999999936E-018,-0.707106781186548,
0.707106781186548));
#8439=DIRECTION('ref_axis',(1.,0.,0.));
#8440=DIRECTION('',(0.577350269189626,0.577350269189626,0.577350269189626));
#8441=DIRECTION('',(-0.577350269189626,0.577350269189626,0.577350269189626));
#8442=DIRECTION('center_axis',(0.707106781186548,-0.707106781186548,2.59999999999834E-016));
#8443=DIRECTION('ref_axis',(0.,0.,-1.));
#8444=DIRECTION('',(0.577350269189626,0.577350269189626,-0.577350269189626));
#8445=DIRECTION('center_axis',(-0.707106781186548,-0.707106781186548,2.69999999999827E-016));
#8446=DIRECTION('ref_axis',(0.,0.,1.));
#8447=DIRECTION('',(-0.577350269189626,0.577350269189626,-0.577350269189626));
#8448=DIRECTION('center_axis',(0.,-0.707106781186548,-0.707106781186548));
#8449=DIRECTION('ref_axis',(-1.,0.,0.));
#8450=DIRECTION('center_axis',(0.,1.,-2.2E-016));
#8451=DIRECTION('ref_axis',(-1.,0.,0.));
#8452=DIRECTION('center_axis',(0.,1.,-2.2E-016));
#8453=DIRECTION('ref_axis',(-1.,0.,0.));
#8454=DIRECTION('center_axis',(0.,1.,-2.2E-016));
#8455=DIRECTION('ref_axis',(-1.,0.,0.));
#8456=DIRECTION('center_axis',(-1.,0.,0.));
#8457=DIRECTION('ref_axis',(0.,0.,-1.));
#8458=DIRECTION('',(0.,1.,-2.2E-016));
#8459=DIRECTION('',(0.,0.,-1.));
#8460=DIRECTION('',(0.,1.,-2.2E-016));
#8461=DIRECTION('center_axis',(0.,-1.,2.2E-016));
#8462=DIRECTION('ref_axis',(1.,0.,0.));
#8463=DIRECTION('',(0.,1.,-2.2E-016));
#8464=DIRECTION('center_axis',(0.,-1.,0.));
#8465=DIRECTION('ref_axis',(1.,0.,0.));
#8466=DIRECTION('center_axis',(0.,-1.,2.2E-016));
#8467=DIRECTION('ref_axis',(1.,0.,0.));
#8468=DIRECTION('',(0.,1.,-2.2E-016));
#8469=DIRECTION('center_axis',(0.,-1.,0.));
#8470=DIRECTION('ref_axis',(1.,0.,0.));
#8471=DIRECTION('center_axis',(-1.,0.,-3.6E-016));
#8472=DIRECTION('ref_axis',(0.,0.,-1.));
#8473=DIRECTION('',(3.6E-016,0.,-1.));
#8474=DIRECTION('center_axis',(0.,1.,-2.2E-016));
#8475=DIRECTION('ref_axis',(-1.,0.,0.));
#8476=DIRECTION('center_axis',(1.,0.,0.));
#8477=DIRECTION('ref_axis',(0.,0.,-1.));
#8478=DIRECTION('',(0.,-1.,2.2E-016));
#8479=DIRECTION('',(0.,-1.,2.2E-016));
#8480=DIRECTION('center_axis',(0.,-1.,2.2E-016));
#8481=DIRECTION('ref_axis',(-1.,0.,0.));
#8482=DIRECTION('',(0.,-1.,2.2E-016));
#8483=DIRECTION('center_axis',(0.,-1.,2.2E-016));
#8484=DIRECTION('ref_axis',(-1.,0.,0.));
#8485=DIRECTION('',(0.,-1.,2.2E-016));
#8486=DIRECTION('center_axis',(0.,-2.2E-016,-1.));
#8487=DIRECTION('ref_axis',(-1.,0.,0.));
#8488=DIRECTION('',(0.,-1.,2.2E-016));
#8489=DIRECTION('center_axis',(0.,2.2E-016,1.));
#8490=DIRECTION('ref_axis',(1.,0.,0.));
#8491=DIRECTION('',(0.,-1.,2.2E-016));
#8492=DIRECTION('center_axis',(0.,-1.,2.2E-016));
#8493=DIRECTION('ref_axis',(0.,2.2E-016,1.));
#8494=DIRECTION('',(0.,-1.,2.2E-016));
#8495=DIRECTION('center_axis',(0.,-1.,2.2E-016));
#8496=DIRECTION('ref_axis',(0.,-2.2E-016,-1.));
#8497=DIRECTION('',(0.,-1.,2.2E-016));
#8498=DIRECTION('center_axis',(-1.,0.,0.));
#8499=DIRECTION('ref_axis',(0.,0.,1.));
#8500=DIRECTION('center_axis',(0.,-1.,1.2E-016));
#8501=DIRECTION('ref_axis',(-1.,0.,0.));
#8502=DIRECTION('',(0.,1.2E-016,1.));
#8503=DIRECTION('',(0.,1.2E-016,1.));
#8504=DIRECTION('',(-1.,0.,0.));
#8505=DIRECTION('',(0.,1.2E-016,1.));
#8506=DIRECTION('',(0.,1.2E-016,1.));
#8507=DIRECTION('',(0.,1.2E-016,1.));
#8508=DIRECTION('',(0.,1.2E-016,1.));
#8509=DIRECTION('center_axis',(0.,1.,-1.2E-016));
#8510=DIRECTION('ref_axis',(1.,0.,0.));
#8511=DIRECTION('',(0.,1.2E-016,1.));
#8512=DIRECTION('',(1.,0.,0.));
#8513=DIRECTION('center_axis',(-1.,0.,0.));
#8514=DIRECTION('ref_axis',(0.,1.,-1.2E-016));
#8515=DIRECTION('',(0.,1.,0.));
#8516=DIRECTION('',(0.,1.2E-016,1.));
#8517=DIRECTION('',(0.,1.2E-016,1.));
#8518=DIRECTION('',(0.,1.2E-016,1.));
#8519=DIRECTION('',(0.,1.2E-016,1.));
#8520=DIRECTION('',(0.,1.2E-016,1.));
#8521=DIRECTION('center_axis',(0.,1.,-1.2E-016));
#8522=DIRECTION('ref_axis',(1.,0.,0.));
#8523=DIRECTION('',(0.,1.2E-016,1.));
#8524=DIRECTION('',(1.,0.,0.));
#8525=DIRECTION('',(0.,1.2E-016,1.));
#8526=DIRECTION('',(0.,1.2E-016,1.));
#8527=DIRECTION('',(0.,1.2E-016,1.));
#8528=DIRECTION('',(0.,1.2E-016,1.));
#8529=DIRECTION('',(0.,1.2E-016,1.));
#8530=DIRECTION('center_axis',(0.,1.,-1.2E-016));
#8531=DIRECTION('ref_axis',(1.,0.,0.));
#8532=DIRECTION('',(0.,1.2E-016,1.));
#8533=DIRECTION('',(1.,0.,0.));
#8534=DIRECTION('',(0.,1.2E-016,1.));
#8535=DIRECTION('',(0.,1.2E-016,1.));
#8536=DIRECTION('',(0.,1.2E-016,1.));
#8537=DIRECTION('',(0.,1.2E-016,1.));
#8538=DIRECTION('',(0.,1.2E-016,1.));
#8539=DIRECTION('',(0.,1.2E-016,1.));
#8540=DIRECTION('',(0.,1.2E-016,1.));
#8541=DIRECTION('',(0.,1.2E-016,1.));
#8542=DIRECTION('',(0.,1.2E-016,1.));
#8543=DIRECTION('',(0.,1.2E-016,1.));
#8544=DIRECTION('',(0.,1.2E-016,1.));
#8545=DIRECTION('',(0.,1.2E-016,1.));
#8546=DIRECTION('',(0.,1.2E-016,1.));
#8547=DIRECTION('',(0.,1.2E-016,1.));
#8548=DIRECTION('',(0.,1.2E-016,1.));
#8549=DIRECTION('',(0.,1.2E-016,1.));
#8550=DIRECTION('',(0.,1.2E-016,1.));
#8551=DIRECTION('',(0.,1.2E-016,1.));
#8552=DIRECTION('',(0.,1.2E-016,1.));
#8553=DIRECTION('',(0.,1.2E-016,1.));
#8554=DIRECTION('',(0.,1.2E-016,1.));
#8555=DIRECTION('center_axis',(-1.,0.,0.));
#8556=DIRECTION('ref_axis',(0.,1.,-1.2E-016));
#8557=DIRECTION('',(0.,1.2E-016,1.));
#8558=DIRECTION('',(0.,1.,0.));
#8559=DIRECTION('',(0.,1.2E-016,1.));
#8560=DIRECTION('',(0.,1.2E-016,1.));
#8561=DIRECTION('',(0.,1.2E-016,1.));
#8562=DIRECTION('',(0.,1.2E-016,1.));
#8563=DIRECTION('',(0.,1.2E-016,1.));
#8564=DIRECTION('',(0.,1.2E-016,1.));
#8565=DIRECTION('center_axis',(0.,1.,-1.2E-016));
#8566=DIRECTION('ref_axis',(1.,0.,0.));
#8567=DIRECTION('',(0.,1.2E-016,1.));
#8568=DIRECTION('',(1.,0.,0.));
#8569=DIRECTION('center_axis',(0.,1.,-3.2E-016));
#8570=DIRECTION('ref_axis',(0.,0.,1.));
#8571=DIRECTION('center_axis',(0.,0.,-1.));
#8572=DIRECTION('ref_axis',(0.,1.,0.));
#8573=DIRECTION('center_axis',(0.,0.,-1.));
#8574=DIRECTION('ref_axis',(0.,1.,0.));
#8575=DIRECTION('center_axis',(0.,0.,-1.));
#8576=DIRECTION('ref_axis',(0.,1.,0.));
#8577=DIRECTION('center_axis',(0.,0.,-1.));
#8578=DIRECTION('ref_axis',(0.,1.,0.));
#8579=DIRECTION('center_axis',(0.,0.,-1.));
#8580=DIRECTION('ref_axis',(0.,1.,0.));
#8581=DIRECTION('center_axis',(0.,0.,-1.));
#8582=DIRECTION('ref_axis',(0.,1.,0.));
#8583=CARTESIAN_POINT('',(0.,0.,0.));
#8584=CARTESIAN_POINT('Origin',(25.695172413793,-6.252528735632,1.5));
#8585=CARTESIAN_POINT('',(51.,-5.3,1.5));
#8586=CARTESIAN_POINT('',(51.,-2.6,1.5));
#8587=CARTESIAN_POINT('',(51.,-5.726264367816,1.5));
#8588=CARTESIAN_POINT('',(54.7,-5.3,1.5));
#8589=CARTESIAN_POINT('',(54.7,-5.3,1.5));
#8590=CARTESIAN_POINT('',(54.7,-12.5,1.5));
#8591=CARTESIAN_POINT('',(54.7,-12.5,1.5));
#8592=CARTESIAN_POINT('',(65.,-12.5,1.5));
#8593=CARTESIAN_POINT('',(68.,-12.5,1.5));
#8594=CARTESIAN_POINT('',(65.,-14.5,1.5));
#8595=CARTESIAN_POINT('',(65.,-14.5,1.5));
#8596=CARTESIAN_POINT('',(68.,-14.5,1.5));
#8597=CARTESIAN_POINT('',(68.,-14.5,1.5));
#8598=CARTESIAN_POINT('',(68.,-3.,1.5));
#8599=CARTESIAN_POINT('',(68.,-14.5,1.5));
#8600=CARTESIAN_POINT('',(65.,-3.,1.5));
#8601=CARTESIAN_POINT('',(68.,-3.,1.5));
#8602=CARTESIAN_POINT('',(63.,-1.,1.5));
#8603=CARTESIAN_POINT('',(55.486925287356,6.513074712644,1.5));
#8604=CARTESIAN_POINT('',(63.,0.,1.5));
#8605=CARTESIAN_POINT('',(63.,-12.,1.5));
#8606=CARTESIAN_POINT('',(-26.5,0.,1.5));
#8607=CARTESIAN_POINT('',(68.,0.,1.5));
#8608=CARTESIAN_POINT('',(-26.5,-12.5,1.5));
#8609=CARTESIAN_POINT('',(-26.5,-12.,1.5));
#8610=CARTESIAN_POINT('',(49.7,-12.5,1.5));
#8611=CARTESIAN_POINT('',(68.,-12.5,1.5));
#8612=CARTESIAN_POINT('',(49.7,-7.2,1.5));
#8613=CARTESIAN_POINT('',(49.7,-5.3,1.5));
#8614=CARTESIAN_POINT('',(49.,-7.2,1.5));
#8615=CARTESIAN_POINT('',(39.,-7.2,1.5));
#8616=CARTESIAN_POINT('',(49.,-5.2,1.5));
#8617=CARTESIAN_POINT('',(49.,-5.2,1.5));
#8618=CARTESIAN_POINT('',(46.5,-5.2,1.5));
#8619=CARTESIAN_POINT('',(41.,-5.2,1.5));
#8620=CARTESIAN_POINT('',(46.5,-7.2,1.5));
#8621=CARTESIAN_POINT('',(46.5,-5.2,1.5));
#8622=CARTESIAN_POINT('',(43.5,-7.2,1.5));
#8623=CARTESIAN_POINT('',(46.5,-7.2,1.5));
#8624=CARTESIAN_POINT('',(43.5,-5.2,1.5));
#8625=CARTESIAN_POINT('',(43.5,-7.2,1.5));
#8626=CARTESIAN_POINT('',(41.,-5.2,1.5));
#8627=CARTESIAN_POINT('',(41.,-5.2,1.5));
#8628=CARTESIAN_POINT('',(41.,-7.2,1.5));
#8629=CARTESIAN_POINT('',(41.,-7.2,1.5));
#8630=CARTESIAN_POINT('',(39.,-7.2,1.5));
#8631=CARTESIAN_POINT('',(39.,-7.2,1.5));
#8632=CARTESIAN_POINT('',(39.,-2.6,1.5));
#8633=CARTESIAN_POINT('',(39.,-9.85,1.5));
#8634=CARTESIAN_POINT('',(51.,-2.6,1.5));
#8635=CARTESIAN_POINT('',(1.,-7.2,1.5));
#8636=CARTESIAN_POINT('',(1.,-2.6,1.5));
#8637=CARTESIAN_POINT('',(1.,-5.726264367816,1.5));
#8638=CARTESIAN_POINT('',(-1.,-7.2,1.5));
#8639=CARTESIAN_POINT('',(-11.,-7.2,1.5));
#8640=CARTESIAN_POINT('',(-1.,-5.2,1.5));
#8641=CARTESIAN_POINT('',(-1.,-5.2,1.5));
#8642=CARTESIAN_POINT('',(-3.5,-5.2,1.5));
#8643=CARTESIAN_POINT('',(-9.,-5.2,1.5));
#8644=CARTESIAN_POINT('',(-3.5,-7.2,1.5));
#8645=CARTESIAN_POINT('',(-3.5,-5.2,1.5));
#8646=CARTESIAN_POINT('',(-6.5,-7.2,1.5));
#8647=CARTESIAN_POINT('',(-3.5,-7.2,1.5));
#8648=CARTESIAN_POINT('',(-6.5,-5.2,1.5));
#8649=CARTESIAN_POINT('',(-6.5,-7.2,1.5));
#8650=CARTESIAN_POINT('',(-9.,-5.2,1.5));
#8651=CARTESIAN_POINT('',(-9.,-5.2,1.5));
#8652=CARTESIAN_POINT('',(-9.,-7.2,1.5));
#8653=CARTESIAN_POINT('',(-9.,-7.2,1.5));
#8654=CARTESIAN_POINT('',(-11.,-7.2,1.5));
#8655=CARTESIAN_POINT('',(-11.,-7.2,1.5));
#8656=CARTESIAN_POINT('',(-11.,-2.6,1.5));
#8657=CARTESIAN_POINT('',(-11.,-9.85,1.5));
#8658=CARTESIAN_POINT('',(1.,-2.6,1.5));
#8659=CARTESIAN_POINT('',(60.5,-7.,1.5));
#8660=CARTESIAN_POINT('',(60.5,-8.5,1.5));
#8661=CARTESIAN_POINT('',(60.5,-7.375,1.5));
#8662=CARTESIAN_POINT('',(64.5,-7.,1.5));
#8663=CARTESIAN_POINT('',(40.25,-7.,1.5));
#8664=CARTESIAN_POINT('',(64.5,-8.5,1.5));
#8665=CARTESIAN_POINT('',(64.5,-6.625,1.5));
#8666=CARTESIAN_POINT('',(42.25,-8.5,1.5));
#8667=CARTESIAN_POINT('Origin',(1.,-5.2,1.5));
#8668=CARTESIAN_POINT('',(1.,-3.7,2.6));
#8669=CARTESIAN_POINT('',(1.,-3.7,2.7));
#8670=CARTESIAN_POINT('',(1.,-3.7,1.5));
#8671=CARTESIAN_POINT('',(1.,-5.2,2.7));
#8672=CARTESIAN_POINT('',(1.,-5.2,2.7));
#8673=CARTESIAN_POINT('',(1.,-5.2,2.5));
#8674=CARTESIAN_POINT('',(1.,-5.2,1.5));
#8675=CARTESIAN_POINT('',(1.,-5.9,2.15));
#8676=CARTESIAN_POINT('',(1.,-3.525,2.425));
#8677=CARTESIAN_POINT('Origin',(1.,-3.15,2.05));
#8678=CARTESIAN_POINT('',(-11.,-3.7,2.6));
#8679=CARTESIAN_POINT('',(-11.,-3.15,2.05));
#8680=CARTESIAN_POINT('',(1.,-3.7,2.6));
#8681=CARTESIAN_POINT('Origin',(-11.,-6.2,2.));
#8682=CARTESIAN_POINT('',(-1.,-5.2,2.5));
#8683=CARTESIAN_POINT('',(-1.,-5.9,2.15));
#8684=CARTESIAN_POINT('',(-11.,-5.2,2.5));
#8685=CARTESIAN_POINT('Origin',(-11.,-3.7,1.5));
#8686=CARTESIAN_POINT('',(-11.,-3.7,2.7));
#8687=CARTESIAN_POINT('',(-11.,-3.7,1.5));
#8688=CARTESIAN_POINT('',(-11.,-5.2,2.5));
#8689=CARTESIAN_POINT('',(-11.,-5.3,2.45));
#8690=CARTESIAN_POINT('',(-11.,-5.2,2.7));
#8691=CARTESIAN_POINT('',(-11.,-5.2,1.5));
#8692=CARTESIAN_POINT('',(-11.,-3.7,2.7));
#8693=CARTESIAN_POINT('Origin',(-1.,-5.2,1.5));
#8694=CARTESIAN_POINT('',(-1.,-5.2,1.5));
#8695=CARTESIAN_POINT('Origin',(-5.,-5.2,1.945238095238));
#8696=CARTESIAN_POINT('',(-9.,-5.2,2.5));
#8697=CARTESIAN_POINT('',(-11.,-5.2,2.5));
#8698=CARTESIAN_POINT('',(-9.,-5.2,1.5));
#8699=CARTESIAN_POINT('',(-6.5,-5.2,0.));
#8700=CARTESIAN_POINT('',(-6.5,-5.2,1.5));
#8701=CARTESIAN_POINT('',(-3.5,-5.2,0.));
#8702=CARTESIAN_POINT('',(-6.5,-5.2,0.));
#8703=CARTESIAN_POINT('',(-3.5,-5.2,1.5));
#8704=CARTESIAN_POINT('',(-11.,-5.2,2.7));
#8705=CARTESIAN_POINT('Origin',(-11.,-6.2,2.));
#8706=CARTESIAN_POINT('',(-9.,-6.7,1.75));
#8707=CARTESIAN_POINT('Origin',(-3.5,-5.2,1.5));
#8708=CARTESIAN_POINT('',(-3.5,-7.2,0.));
#8709=CARTESIAN_POINT('',(-3.5,-5.2,0.));
#8710=CARTESIAN_POINT('',(-3.5,-7.2,1.5));
#8711=CARTESIAN_POINT('Origin',(-9.,-7.2,1.5));
#8712=CARTESIAN_POINT('Origin',(-3.5,-7.2,1.5));
#8713=CARTESIAN_POINT('',(-6.5,-7.2,0.));
#8714=CARTESIAN_POINT('',(-3.5,-7.2,0.));
#8715=CARTESIAN_POINT('',(-6.5,-7.2,1.5));
#8716=CARTESIAN_POINT('Origin',(-6.5,-7.2,1.5));
#8717=CARTESIAN_POINT('',(-6.5,-7.2,0.));
#8718=CARTESIAN_POINT('Origin',(60.5,-8.5,0.));
#8719=CARTESIAN_POINT('',(60.5,-8.5,0.));
#8720=CARTESIAN_POINT('',(60.5,-7.,0.));
#8721=CARTESIAN_POINT('',(60.5,-8.5,0.));
#8722=CARTESIAN_POINT('',(60.5,-7.,0.));
#8723=CARTESIAN_POINT('',(60.5,-8.5,0.));
#8724=CARTESIAN_POINT('Origin',(60.5,-7.,0.));
#8725=CARTESIAN_POINT('',(64.5,-7.,0.));
#8726=CARTESIAN_POINT('',(60.5,-7.,0.));
#8727=CARTESIAN_POINT('',(64.5,-7.,0.));
#8728=CARTESIAN_POINT('Origin',(64.5,-8.5,0.));
#8729=CARTESIAN_POINT('',(64.5,-8.5,0.));
#8730=CARTESIAN_POINT('',(64.5,-8.5,0.));
#8731=CARTESIAN_POINT('',(64.5,-8.5,0.));
#8732=CARTESIAN_POINT('Origin',(64.5,-7.,0.));
#8733=CARTESIAN_POINT('',(64.5,-7.,0.));
#8734=CARTESIAN_POINT('Origin',(51.,-5.2,1.5));
#8735=CARTESIAN_POINT('',(51.,-3.7,2.6));
#8736=CARTESIAN_POINT('',(51.,-3.7,2.7));
#8737=CARTESIAN_POINT('',(51.,-3.7,1.5));
#8738=CARTESIAN_POINT('',(51.,-5.2,2.7));
#8739=CARTESIAN_POINT('',(51.,-5.2,2.7));
#8740=CARTESIAN_POINT('',(51.,-5.2,2.5));
#8741=CARTESIAN_POINT('',(51.,-5.2,1.5));
#8742=CARTESIAN_POINT('',(51.,-5.3,2.45));
#8743=CARTESIAN_POINT('',(51.,-5.9,2.15));
#8744=CARTESIAN_POINT('',(51.,-5.3,1.5));
#8745=CARTESIAN_POINT('',(51.,-3.525,2.425));
#8746=CARTESIAN_POINT('Origin',(51.,-3.15,2.05));
#8747=CARTESIAN_POINT('',(39.,-3.7,2.6));
#8748=CARTESIAN_POINT('',(39.,-3.15,2.05));
#8749=CARTESIAN_POINT('',(51.,-3.7,2.6));
#8750=CARTESIAN_POINT('Origin',(54.7,-5.3,1.5));
#8751=CARTESIAN_POINT('',(49.7,-5.3,2.45));
#8752=CARTESIAN_POINT('',(46.85,-5.3,2.45));
#8753=CARTESIAN_POINT('',(49.7,-5.3,4.));
#8754=CARTESIAN_POINT('',(49.7,-5.3,1.5));
#8755=CARTESIAN_POINT('',(54.7,-5.3,4.));
#8756=CARTESIAN_POINT('',(54.7,-5.3,4.));
#8757=CARTESIAN_POINT('',(54.7,-5.3,1.5));
#8758=CARTESIAN_POINT('Origin',(39.,-3.7,1.5));
#8759=CARTESIAN_POINT('',(39.,-3.7,2.7));
#8760=CARTESIAN_POINT('',(39.,-3.7,1.5));
#8761=CARTESIAN_POINT('',(39.,-5.2,2.5));
#8762=CARTESIAN_POINT('',(39.,-5.3,2.45));
#8763=CARTESIAN_POINT('',(39.,-5.2,2.7));
#8764=CARTESIAN_POINT('',(39.,-5.2,1.5));
#8765=CARTESIAN_POINT('',(39.,-3.7,2.7));
#8766=CARTESIAN_POINT('Origin',(54.7,-12.5,1.5));
#8767=CARTESIAN_POINT('',(54.7,-12.5,4.));
#8768=CARTESIAN_POINT('',(54.7,-12.5,1.5));
#8769=CARTESIAN_POINT('',(54.7,-12.5,4.));
#8770=CARTESIAN_POINT('Origin',(68.,-12.5,35.));
#8771=CARTESIAN_POINT('',(-26.5,-12.5,33.5));
#8772=CARTESIAN_POINT('',(62.7,-12.5,33.5));
#8773=CARTESIAN_POINT('',(68.,-12.5,33.5));
#8774=CARTESIAN_POINT('',(62.7,-12.5,30.5));
#8775=CARTESIAN_POINT('',(62.7,-12.5,4.5));
#8776=CARTESIAN_POINT('',(1.5,-12.5,30.5));
#8777=CARTESIAN_POINT('',(1.5,-12.5,30.5));
#8778=CARTESIAN_POINT('',(1.5,-12.5,25.));
#8779=CARTESIAN_POINT('',(1.5,-12.5,4.5));
#8780=CARTESIAN_POINT('',(-2.E-015,-12.5,25.));
#8781=CARTESIAN_POINT('',(0.,-12.5,25.));
#8782=CARTESIAN_POINT('',(-1.E-015,-12.5,10.));
#8783=CARTESIAN_POINT('',(0.,-12.5,10.));
#8784=CARTESIAN_POINT('',(1.5,-12.5,10.));
#8785=CARTESIAN_POINT('',(1.5,-12.5,10.));
#8786=CARTESIAN_POINT('',(1.5,-12.5,4.5));
#8787=CARTESIAN_POINT('',(1.5,-12.5,4.5));
#8788=CARTESIAN_POINT('',(62.7,-12.5,4.5));
#8789=CARTESIAN_POINT('',(62.7,-12.5,4.5));
#8790=CARTESIAN_POINT('',(65.,-12.5,4.5));
#8791=CARTESIAN_POINT('',(65.,-12.5,4.5));
#8792=CARTESIAN_POINT('',(65.,-12.5,26.25));
#8793=CARTESIAN_POINT('',(49.7,-12.5,4.));
#8794=CARTESIAN_POINT('',(49.7,-12.5,4.));
#8795=CARTESIAN_POINT('',(49.7,-12.5,1.5));
#8796=CARTESIAN_POINT('',(-26.5,-12.5,26.25));
#8797=CARTESIAN_POINT('',(-21.05,-12.5,17.5));
#8798=CARTESIAN_POINT('Origin',(-13.,-12.5,17.5));
#8799=CARTESIAN_POINT('Origin',(39.,-6.2,2.));
#8800=CARTESIAN_POINT('',(41.,-5.2,2.5));
#8801=CARTESIAN_POINT('',(41.,-6.7,1.75));
#8802=CARTESIAN_POINT('',(39.,-5.2,2.5));
#8803=CARTESIAN_POINT('Origin',(65.,-11.79721485411,17.647214854111));
#8804=CARTESIAN_POINT('',(65.,-8.8,10.5));
#8805=CARTESIAN_POINT('',(65.,-8.8,4.5));
#8806=CARTESIAN_POINT('',(65.,-8.8,33.5));
#8807=CARTESIAN_POINT('',(65.,-14.5,10.5));
#8808=CARTESIAN_POINT('',(65.,-14.5,10.5));
#8809=CARTESIAN_POINT('',(65.,-14.5,33.5));
#8810=CARTESIAN_POINT('',(65.,-12.5,4.5));
#8811=CARTESIAN_POINT('Origin',(41.,-7.2,1.5));
#8812=CARTESIAN_POINT('',(41.,-5.2,1.5));
#8813=CARTESIAN_POINT('Origin',(65.904959785523,-14.5,17.5));
#8814=CARTESIAN_POINT('',(68.,-14.5,33.5));
#8815=CARTESIAN_POINT('',(65.,-14.5,33.5));
#8816=CARTESIAN_POINT('',(68.,-14.5,33.5));
#8817=CARTESIAN_POINT('',(68.,-14.5,33.5));
#8818=CARTESIAN_POINT('',(62.7,-14.5,10.5));
#8819=CARTESIAN_POINT('',(65.,-14.5,10.5));
#8820=CARTESIAN_POINT('',(62.7,-14.5,24.5));
#8821=CARTESIAN_POINT('',(62.7,-14.5,24.5));
#8822=CARTESIAN_POINT('',(65.,-14.5,24.5));
#8823=CARTESIAN_POINT('',(65.,-14.5,24.5));
#8824=CARTESIAN_POINT('',(65.,-14.5,33.5));
#8825=CARTESIAN_POINT('Origin',(45.,-5.2,1.945238095238));
#8826=CARTESIAN_POINT('',(43.5,-5.2,0.));
#8827=CARTESIAN_POINT('',(43.5,-5.2,1.5));
#8828=CARTESIAN_POINT('',(46.5,-5.2,0.));
#8829=CARTESIAN_POINT('',(43.5,-5.2,0.));
#8830=CARTESIAN_POINT('',(46.5,-5.2,1.5));
#8831=CARTESIAN_POINT('',(49.,-5.2,2.5));
#8832=CARTESIAN_POINT('',(49.,-5.2,1.5));
#8833=CARTESIAN_POINT('',(39.,-5.2,2.5));
#8834=CARTESIAN_POINT('',(39.,-5.2,2.7));
#8835=CARTESIAN_POINT('Origin',(68.,-8.,17.5));
#8836=CARTESIAN_POINT('',(68.,0.,35.));
#8837=CARTESIAN_POINT('',(68.,-14.6,35.));
#8838=CARTESIAN_POINT('',(68.,0.,35.));
#8839=CARTESIAN_POINT('',(68.,-14.6,0.));
#8840=CARTESIAN_POINT('',(68.,-14.6,35.));
#8841=CARTESIAN_POINT('',(68.,0.,0.));
#8842=CARTESIAN_POINT('',(68.,-16.,0.));
#8843=CARTESIAN_POINT('',(68.,0.,0.));
#8844=CARTESIAN_POINT('',(68.,-3.,33.5));
#8845=CARTESIAN_POINT('',(68.,-3.,33.5));
#8846=CARTESIAN_POINT('',(68.,-3.,1.5));
#8847=CARTESIAN_POINT('Origin',(43.5,-7.2,1.5));
#8848=CARTESIAN_POINT('',(43.5,-7.2,0.));
#8849=CARTESIAN_POINT('',(43.5,-7.2,1.5));
#8850=CARTESIAN_POINT('',(43.5,-7.2,0.));
#8851=CARTESIAN_POINT('Origin',(65.5,-3.,17.5));
#8852=CARTESIAN_POINT('',(65.,-3.,33.5));
#8853=CARTESIAN_POINT('',(66.5,-3.,33.5));
#8854=CARTESIAN_POINT('',(65.,-3.,1.5));
#8855=CARTESIAN_POINT('Origin',(46.5,-7.2,1.5));
#8856=CARTESIAN_POINT('',(46.5,-7.2,0.));
#8857=CARTESIAN_POINT('',(46.5,-7.2,1.5));
#8858=CARTESIAN_POINT('',(46.5,-7.2,0.));
#8859=CARTESIAN_POINT('Origin',(64.,-2.,1.5));
#8860=CARTESIAN_POINT('',(63.,-1.,33.5));
#8861=CARTESIAN_POINT('',(54.5,7.5,33.5));
#8862=CARTESIAN_POINT('',(63.,-1.,22.5));
#8863=CARTESIAN_POINT('',(63.,-1.,1.5));
#8864=CARTESIAN_POINT('',(64.,-2.,22.5));
#8865=CARTESIAN_POINT('',(63.75,-1.75,22.5));
#8866=CARTESIAN_POINT('',(64.,-2.,12.5));
#8867=CARTESIAN_POINT('',(64.,-2.,12.5));
#8868=CARTESIAN_POINT('',(63.,-1.,12.5));
#8869=CARTESIAN_POINT('',(63.25,-1.25,12.5));
#8870=CARTESIAN_POINT('',(63.,-1.,1.5));
#8871=CARTESIAN_POINT('Origin',(46.5,-5.2,1.5));
#8872=CARTESIAN_POINT('',(46.5,-5.2,0.));
#8873=CARTESIAN_POINT('Origin',(63.,-8.,17.5));
#8874=CARTESIAN_POINT('',(63.,0.,12.5));
#8875=CARTESIAN_POINT('',(63.,0.,12.5));
#8876=CARTESIAN_POINT('',(63.,0.,0.));
#8877=CARTESIAN_POINT('Origin',(20.,0.,17.5));
#8878=CARTESIAN_POINT('',(-28.,0.,0.));
#8879=CARTESIAN_POINT('',(68.,0.,0.));
#8880=CARTESIAN_POINT('',(-28.,0.,35.));
#8881=CARTESIAN_POINT('',(-28.,0.,0.));
#8882=CARTESIAN_POINT('',(68.,0.,35.));
#8883=CARTESIAN_POINT('',(64.,0.,12.5));
#8884=CARTESIAN_POINT('',(63.,0.,12.5));
#8885=CARTESIAN_POINT('',(64.,0.,22.5));
#8886=CARTESIAN_POINT('',(64.,0.,22.5));
#8887=CARTESIAN_POINT('',(63.,0.,22.5));
#8888=CARTESIAN_POINT('',(63.,0.,22.5));
#8889=CARTESIAN_POINT('',(63.,0.,33.5));
#8890=CARTESIAN_POINT('',(63.,0.,0.));
#8891=CARTESIAN_POINT('',(-26.5,0.,33.5));
#8892=CARTESIAN_POINT('',(68.,0.,33.5));
#8893=CARTESIAN_POINT('',(-26.5,0.,0.));
#8894=CARTESIAN_POINT('Origin',(49.,-5.2,1.5));
#8895=CARTESIAN_POINT('',(49.,-5.9,2.15));
#8896=CARTESIAN_POINT('Origin',(-26.5,-8.,17.5));
#8897=CARTESIAN_POINT('',(-26.5,-4.,33.5));
#8898=CARTESIAN_POINT('Origin',(39.,-6.2,2.));
#8899=CARTESIAN_POINT('',(49.7,-5.94,2.13));
#8900=CARTESIAN_POINT('Origin',(49.7,-5.3,1.5));
#8901=CARTESIAN_POINT('',(49.7,-5.3,4.));
#8902=CARTESIAN_POINT('Origin',(1.,-3.7,1.5));
#8903=CARTESIAN_POINT('',(1.,-3.7,2.7));
#8904=CARTESIAN_POINT('Origin',(20.,-4.45,2.7));
#8905=CARTESIAN_POINT('Origin',(68.,-16.,0.));
#8906=CARTESIAN_POINT('',(-28.,-14.6,0.));
#8907=CARTESIAN_POINT('',(68.,-14.6,0.));
#8908=CARTESIAN_POINT('',(-28.,-16.,0.));
#8909=CARTESIAN_POINT('',(47.5000001,-13.5,0.));
#8910=CARTESIAN_POINT('',(48.309721309913,-13.5,0.));
#8911=CARTESIAN_POINT('',(47.5000001,-13.5,0.));
#8912=CARTESIAN_POINT('',(48.919506295335,-13.40857325072,0.));
#8913=CARTESIAN_POINT('Ctrl Pts',(48.309721309913,-13.5,3.7E-016));
#8914=CARTESIAN_POINT('Ctrl Pts',(48.678708190379,-13.5,3.7E-016));
#8915=CARTESIAN_POINT('Ctrl Pts',(48.919506295335,-13.40857325072,3.6E-016));
#8916=CARTESIAN_POINT('',(49.279336834694,-13.13032981049,0.));
#8917=CARTESIAN_POINT('Ctrl Pts',(48.919506295335,-13.40857325072,3.6E-016));
#8918=CARTESIAN_POINT('Ctrl Pts',(49.160441062099,-13.31728316326,3.5E-016));
#8919=CARTESIAN_POINT('Ctrl Pts',(49.279336834694,-13.13032981049,3.2E-016));
#8920=CARTESIAN_POINT('',(49.398232607289,-12.65406341107,0.));
#8921=CARTESIAN_POINT('Ctrl Pts',(49.279336834694,-13.13032981049,3.2E-016));
#8922=CARTESIAN_POINT('Ctrl Pts',(49.398232607289,-12.94351311953,3.E-016));
#8923=CARTESIAN_POINT('Ctrl Pts',(49.398232607289,-12.65406341107,2.6E-016));
#8924=CARTESIAN_POINT('',(49.312135668513,-12.25665087463,0.));
#8925=CARTESIAN_POINT('Ctrl Pts',(49.398232607289,-12.65406341107,2.6E-016));
#8926=CARTESIAN_POINT('Ctrl Pts',(49.398232607289,-12.41586188046,2.3E-016));
#8927=CARTESIAN_POINT('Ctrl Pts',(49.312135668513,-12.25665087463,2.2E-016));
#8928=CARTESIAN_POINT('',(49.086643686006,-11.99904336734,0.));
#8929=CARTESIAN_POINT('Ctrl Pts',(49.312135668513,-12.25665087463,2.2E-016));
#8930=CARTESIAN_POINT('Ctrl Pts',(49.226038729738,-12.09757653061,2.E-016));
#8931=CARTESIAN_POINT('Ctrl Pts',(49.086643686006,-11.99904336734,1.8E-016));
#8932=CARTESIAN_POINT('',(48.789404254519,-11.84707543731,0.));
#8933=CARTESIAN_POINT('Ctrl Pts',(49.086643686006,-11.99904336734,1.8E-016));
#8934=CARTESIAN_POINT('Ctrl Pts',(48.947248642274,-11.90051020408,1.7E-016));
#8935=CARTESIAN_POINT('Ctrl Pts',(48.789404254519,-11.84707543731,1.6E-016));
#8936=CARTESIAN_POINT('',(49.611425027114,-10.5,0.));
#8937=CARTESIAN_POINT('',(48.789404254519,-11.84707543731,0.));
#8938=CARTESIAN_POINT('',(49.205539458601,-10.5,0.));
#8939=CARTESIAN_POINT('',(49.611425027114,-10.5,0.));
#8940=CARTESIAN_POINT('',(48.471665551895,-11.75072886297,0.));
#8941=CARTESIAN_POINT('',(49.205539458601,-10.5,0.));
#8942=CARTESIAN_POINT('',(47.848487709329,-11.75072886297,0.));
#8943=CARTESIAN_POINT('',(48.471665551895,-11.75072886297,0.));
#8944=CARTESIAN_POINT('',(47.848487709329,-10.5,0.));
#8945=CARTESIAN_POINT('',(47.848487709329,-11.75072886297,0.));
#8946=CARTESIAN_POINT('',(47.5000001,-10.5,0.));
#8947=CARTESIAN_POINT('',(47.848487709329,-10.5,0.));
#8948=CARTESIAN_POINT('',(47.5000001,-10.5,0.));
#8949=CARTESIAN_POINT('',(50.378917738484,-12.64572704081,0.));
#8950=CARTESIAN_POINT('',(50.902742446939,-12.78935860058,0.));
#8951=CARTESIAN_POINT('Ctrl Pts',(50.378917738484,-12.64572704081,2.6E-016));
#8952=CARTESIAN_POINT('Ctrl Pts',(50.601403161224,-12.78935860058,2.8E-016));
#8953=CARTESIAN_POINT('Ctrl Pts',(50.902742446939,-12.78935860058,2.8E-016));
#8954=CARTESIAN_POINT('',(51.394724954227,-12.66185313411,0.));
#8955=CARTESIAN_POINT('Ctrl Pts',(50.902742446939,-12.78935860058,2.8E-016));
#8956=CARTESIAN_POINT('Ctrl Pts',(51.189732242857,-12.78935860058,2.8E-016));
#8957=CARTESIAN_POINT('Ctrl Pts',(51.394724954227,-12.66185313411,2.6E-016));
#8958=CARTESIAN_POINT('',(51.708363802624,-12.30530247813,0.));
#8959=CARTESIAN_POINT('Ctrl Pts',(51.394724954227,-12.66185313411,2.6E-016));
#8960=CARTESIAN_POINT('Ctrl Pts',(51.599717665598,-12.53448432944,2.5E-016));
#8961=CARTESIAN_POINT('Ctrl Pts',(51.708363802624,-12.30530247813,2.2E-016));
#8962=CARTESIAN_POINT('',(51.81700993965,-11.76999817784,0.));
#8963=CARTESIAN_POINT('Ctrl Pts',(51.708363802624,-12.30530247813,2.2E-016));
#8964=CARTESIAN_POINT('Ctrl Pts',(51.81700993965,-12.07625728863,1.9E-016));
#8965=CARTESIAN_POINT('Ctrl Pts',(51.81700993965,-11.76999817784,1.6E-016));
#8966=CARTESIAN_POINT('',(51.81700993965,-11.5583090379,0.));
#8967=CARTESIAN_POINT('',(51.81700993965,-11.76999817784,0.));
#8968=CARTESIAN_POINT('',(50.265215114577,-11.5583090379,0.));
#8969=CARTESIAN_POINT('',(51.81700993965,-11.5583090379,0.));
#8970=CARTESIAN_POINT('',(50.462008117493,-10.95631377551,0.));
#8971=CARTESIAN_POINT('Ctrl Pts',(50.265215114577,-11.5583090379,1.3E-016));
#8972=CARTESIAN_POINT('Ctrl Pts',(50.271364895918,-11.16308309037,8.E-017));
#8973=CARTESIAN_POINT('Ctrl Pts',(50.462008117493,-10.95631377551,6.E-017));
#8974=CARTESIAN_POINT('',(50.999089021283,-10.74954446064,0.));
#8975=CARTESIAN_POINT('Ctrl Pts',(50.462008117493,-10.95631377551,6.E-017));
#8976=CARTESIAN_POINT('Ctrl Pts',(50.652651339067,-10.74954446064,3.E-017));
#8977=CARTESIAN_POINT('Ctrl Pts',(50.999089021283,-10.74954446064,3.E-017));
#8978=CARTESIAN_POINT('',(51.376275610204,-10.7884930758,0.));
#8979=CARTESIAN_POINT('Ctrl Pts',(50.999089021283,-10.74954446064,3.E-017));
#8980=CARTESIAN_POINT('Ctrl Pts',(51.212281441108,-10.74954446064,3.E-017));
#8981=CARTESIAN_POINT('Ctrl Pts',(51.376275610204,-10.7884930758,4.E-017));
#8982=CARTESIAN_POINT('',(51.716563511079,-10.90328899416,0.));
#8983=CARTESIAN_POINT('Ctrl Pts',(51.376275610204,-10.7884930758,4.E-017));
#8984=CARTESIAN_POINT('Ctrl Pts',(51.5402697793,-10.82744169096,4.E-017));
#8985=CARTESIAN_POINT('Ctrl Pts',(51.716563511079,-10.90328899416,5.E-017));
#8986=CARTESIAN_POINT('',(51.716563511079,-10.60399963556,0.));
#8987=CARTESIAN_POINT('',(51.716563511079,-10.90328899416,0.));
#8988=CARTESIAN_POINT('',(51.379282169971,-10.49330357142,0.));
#8989=CARTESIAN_POINT('Ctrl Pts',(51.716563511079,-10.60399963556,1.E-017));
#8990=CARTESIAN_POINT('Ctrl Pts',(51.546419560641,-10.52815233236,0.));
#8991=CARTESIAN_POINT('Ctrl Pts',(51.379282169971,-10.49330357142,0.));
#8992=CARTESIAN_POINT('',(50.984739531487,-10.45845481049,0.));
#8993=CARTESIAN_POINT('Ctrl Pts',(51.379282169971,-10.49330357142,0.));
#8994=CARTESIAN_POINT('Ctrl Pts',(51.212281441108,-10.45845481049,-1.E-017));
#8995=CARTESIAN_POINT('Ctrl Pts',(50.984739531487,-10.45845481049,-1.E-017));
#8996=CARTESIAN_POINT('',(50.419916280758,-10.59074344023,0.));
#8997=CARTESIAN_POINT('Ctrl Pts',(50.984739531487,-10.45845481049,-1.E-017));
#8998=CARTESIAN_POINT('Ctrl Pts',(50.660851047522,-10.45845481049,-1.E-017));
#8999=CARTESIAN_POINT('Ctrl Pts',(50.419916280758,-10.59074344023,1.E-017));
#9000=CARTESIAN_POINT('',(50.045872913411,-10.97954628279,0.));
#9001=CARTESIAN_POINT('Ctrl Pts',(50.419916280758,-10.59074344023,1.E-017));
#9002=CARTESIAN_POINT('Ctrl Pts',(50.179118175802,-10.72316873177,3.E-017));
#9003=CARTESIAN_POINT('Ctrl Pts',(50.045872913411,-10.97954628279,6.E-017));
#9004=CARTESIAN_POINT('',(49.91262765102,-11.60750728863,0.));
#9005=CARTESIAN_POINT('Ctrl Pts',(50.045872913411,-10.97954628279,6.E-017));
#9006=CARTESIAN_POINT('Ctrl Pts',(49.91262765102,-11.23606049562,9.E-017));
#9007=CARTESIAN_POINT('Ctrl Pts',(49.91262765102,-11.60750728863,1.4E-016));
#9008=CARTESIAN_POINT('',(50.034529983382,-12.2362882653,0.));
#9009=CARTESIAN_POINT('Ctrl Pts',(49.91262765102,-11.60750728863,1.4E-016));
#9010=CARTESIAN_POINT('Ctrl Pts',(49.91262765102,-11.97061771137,1.8E-016));
#9011=CARTESIAN_POINT('Ctrl Pts',(50.034529983382,-12.2362882653,2.1E-016));
#9012=CARTESIAN_POINT('Ctrl Pts',(50.034529983382,-12.2362882653,2.1E-016));
#9013=CARTESIAN_POINT('Ctrl Pts',(50.156568977551,-12.50209548105,2.5E-016));
#9014=CARTESIAN_POINT('Ctrl Pts',(50.378917738484,-12.64572704081,2.6E-016));
#9015=CARTESIAN_POINT('',(53.769497184548,-11.4176840379,0.));
#9016=CARTESIAN_POINT('',(53.852587563557,-11.11497813411,0.));
#9017=CARTESIAN_POINT('Ctrl Pts',(53.769497184548,-11.4176840379,1.1E-016));
#9018=CARTESIAN_POINT('Ctrl Pts',(53.852587563557,-11.29974489795,1.E-016));
#9019=CARTESIAN_POINT('Ctrl Pts',(53.852587563557,-11.11497813411,8.E-017));
#9020=CARTESIAN_POINT('',(53.744898059184,-10.75282434402,0.));
#9021=CARTESIAN_POINT('Ctrl Pts',(53.852587563557,-11.11497813411,8.E-017));
#9022=CARTESIAN_POINT('Ctrl Pts',(53.852587563557,-10.89959912536,5.E-017));
#9023=CARTESIAN_POINT('Ctrl Pts',(53.744898059184,-10.75282434402,3.E-017));
#9024=CARTESIAN_POINT('',(53.437408992128,-10.53225218658,0.));
#9025=CARTESIAN_POINT('Ctrl Pts',(53.744898059184,-10.75282434402,3.E-017));
#9026=CARTESIAN_POINT('Ctrl Pts',(53.637345216618,-10.60618622449,1.E-017));
#9027=CARTESIAN_POINT('Ctrl Pts',(53.437408992128,-10.53225218658,0.));
#9028=CARTESIAN_POINT('',(52.960869269096,-10.45845481049,0.));
#9029=CARTESIAN_POINT('Ctrl Pts',(53.437408992128,-10.53225218658,0.));
#9030=CARTESIAN_POINT('Ctrl Pts',(53.237609429446,-10.45845481049,-1.E-017));
#9031=CARTESIAN_POINT('Ctrl Pts',(52.960869269096,-10.45845481049,-1.E-017));
#9032=CARTESIAN_POINT('',(52.552933773469,-10.49535349854,0.));
#9033=CARTESIAN_POINT('Ctrl Pts',(52.960869269096,-10.45845481049,-1.E-017));
#9034=CARTESIAN_POINT('Ctrl Pts',(52.72512765102,-10.45845481049,-1.E-017));
#9035=CARTESIAN_POINT('Ctrl Pts',(52.552933773469,-10.49535349854,0.));
#9036=CARTESIAN_POINT('',(52.251594487755,-10.59989978134,0.));
#9037=CARTESIAN_POINT('Ctrl Pts',(52.552933773469,-10.49535349854,0.));
#9038=CARTESIAN_POINT('Ctrl Pts',(52.380739895918,-10.53225218658,0.));
#9039=CARTESIAN_POINT('Ctrl Pts',(52.251594487755,-10.59989978134,1.E-017));
#9040=CARTESIAN_POINT('',(52.251594487755,-10.91353862973,0.));
#9041=CARTESIAN_POINT('',(52.251594487755,-10.59989978134,0.));
#9042=CARTESIAN_POINT('',(52.579582825948,-10.79054300291,0.));
#9043=CARTESIAN_POINT('Ctrl Pts',(52.251594487755,-10.91353862973,5.E-017));
#9044=CARTESIAN_POINT('Ctrl Pts',(52.388939604373,-10.84589103498,4.E-017));
#9045=CARTESIAN_POINT('Ctrl Pts',(52.579582825948,-10.79054300291,4.E-017));
#9046=CARTESIAN_POINT('',(52.969068977551,-10.73519497084,0.));
#9047=CARTESIAN_POINT('Ctrl Pts',(52.579582825948,-10.79054300291,4.E-017));
#9048=CARTESIAN_POINT('Ctrl Pts',(52.770226047522,-10.73519497084,3.E-017));
#9049=CARTESIAN_POINT('Ctrl Pts',(52.969068977551,-10.73519497084,3.E-017));
#9050=CARTESIAN_POINT('',(53.391353962974,-10.82962827988,0.));
#9051=CARTESIAN_POINT('Ctrl Pts',(52.969068977551,-10.73519497084,3.E-017));
#9052=CARTESIAN_POINT('Ctrl Pts',(53.260158627697,-10.73519497084,3.E-017));
#9053=CARTESIAN_POINT('Ctrl Pts',(53.391353962974,-10.82962827988,4.E-017));
#9054=CARTESIAN_POINT('',(53.522549298251,-11.08627915451,0.));
#9055=CARTESIAN_POINT('Ctrl Pts',(53.391353962974,-10.82962827988,4.E-017));
#9056=CARTESIAN_POINT('Ctrl Pts',(53.522549298251,-10.92406158892,5.E-017));
#9057=CARTESIAN_POINT('Ctrl Pts',(53.522549298251,-11.08627915451,7.E-017));
#9058=CARTESIAN_POINT('',(53.470207825948,-11.24945335277,0.));
#9059=CARTESIAN_POINT('Ctrl Pts',(53.522549298251,-11.08627915451,7.E-017));
#9060=CARTESIAN_POINT('Ctrl Pts',(53.522549298251,-11.17866253644,8.E-017));
#9061=CARTESIAN_POINT('Ctrl Pts',(53.470207825948,-11.24945335277,9.E-017));
#9062=CARTESIAN_POINT('',(53.29500738863,-11.38679846938,0.));
#9063=CARTESIAN_POINT('Ctrl Pts',(53.470207825948,-11.24945335277,9.E-017));
#9064=CARTESIAN_POINT('Ctrl Pts',(53.418003015452,-11.32024416909,1.E-016));
#9065=CARTESIAN_POINT('Ctrl Pts',(53.29500738863,-11.38679846938,1.1E-016));
#9066=CARTESIAN_POINT('',(52.954719487755,-11.53357325072,0.));
#9067=CARTESIAN_POINT('Ctrl Pts',(53.29500738863,-11.38679846938,1.1E-016));
#9068=CARTESIAN_POINT('Ctrl Pts',(53.172011761808,-11.45348943148,1.2E-016));
#9069=CARTESIAN_POINT('Ctrl Pts',(52.954719487755,-11.53357325072,1.3E-016));
#9070=CARTESIAN_POINT('',(52.582589385714,-11.69674744898,0.));
#9071=CARTESIAN_POINT('Ctrl Pts',(52.954719487755,-11.53357325072,1.3E-016));
#9072=CARTESIAN_POINT('Ctrl Pts',(52.739477140816,-11.61570699708,1.4E-016));
#9073=CARTESIAN_POINT('Ctrl Pts',(52.582589385714,-11.69674744898,1.5E-016));
#9074=CARTESIAN_POINT('',(52.340697986297,-11.89477040816,0.));
#9075=CARTESIAN_POINT('Ctrl Pts',(52.582589385714,-11.69674744898,1.5E-016));
#9076=CARTESIAN_POINT('Ctrl Pts',(52.42583829242,-11.77778790087,1.6E-016));
#9077=CARTESIAN_POINT('Ctrl Pts',(52.340697986297,-11.89477040816,1.7E-016));
#9078=CARTESIAN_POINT('',(52.255694341983,-12.1984329446,0.));
#9079=CARTESIAN_POINT('Ctrl Pts',(52.340697986297,-11.89477040816,1.7E-016));
#9080=CARTESIAN_POINT('Ctrl Pts',(52.255694341983,-12.01175291545,1.9E-016));
#9081=CARTESIAN_POINT('Ctrl Pts',(52.255694341983,-12.1984329446,2.1E-016));
#9082=CARTESIAN_POINT('',(52.48624281137,-12.6364340379,0.));
#9083=CARTESIAN_POINT('Ctrl Pts',(52.255694341983,-12.1984329446,2.1E-016));
#9084=CARTESIAN_POINT('Ctrl Pts',(52.255694341983,-12.48364613702,2.4E-016));
#9085=CARTESIAN_POINT('Ctrl Pts',(52.48624281137,-12.6364340379,2.6E-016));
#9086=CARTESIAN_POINT('',(53.092064604373,-12.78935860058,0.));
#9087=CARTESIAN_POINT('Ctrl Pts',(52.48624281137,-12.6364340379,2.6E-016));
#9088=CARTESIAN_POINT('Ctrl Pts',(52.716927942566,-12.78935860058,2.8E-016));
#9089=CARTESIAN_POINT('Ctrl Pts',(53.092064604373,-12.78935860058,2.8E-016));
#9090=CARTESIAN_POINT('',(53.472257753061,-12.74931669096,0.));
#9091=CARTESIAN_POINT('Ctrl Pts',(53.092064604373,-12.78935860058,2.8E-016));
#9092=CARTESIAN_POINT('Ctrl Pts',(53.29500738863,-12.78935860058,2.8E-016));
#9093=CARTESIAN_POINT('Ctrl Pts',(53.472257753061,-12.74931669096,2.8E-016));
#9094=CARTESIAN_POINT('',(53.803389312828,-12.64176384839,0.));
#9095=CARTESIAN_POINT('Ctrl Pts',(53.472257753061,-12.74931669096,2.8E-016));
#9096=CARTESIAN_POINT('Ctrl Pts',(53.6496447793,-12.70941144314,2.7E-016));
#9097=CARTESIAN_POINT('Ctrl Pts',(53.803389312828,-12.64176384839,2.6E-016));
#9098=CARTESIAN_POINT('',(53.688593394461,-12.36912354227,0.));
#9099=CARTESIAN_POINT('',(53.803389312828,-12.64176384839,0.));
#9100=CARTESIAN_POINT('',(53.391353962974,-12.46956997084,0.));
#9101=CARTESIAN_POINT('Ctrl Pts',(53.688593394461,-12.36912354227,2.3E-016));
#9102=CARTESIAN_POINT('Ctrl Pts',(53.549198350729,-12.42857142857,2.4E-016));
#9103=CARTESIAN_POINT('Ctrl Pts',(53.391353962974,-12.46956997084,2.4E-016));
#9104=CARTESIAN_POINT('',(53.069515406122,-12.51056851312,0.));
#9105=CARTESIAN_POINT('Ctrl Pts',(53.391353962974,-12.46956997084,2.4E-016));
#9106=CARTESIAN_POINT('Ctrl Pts',(53.233509575219,-12.51056851312,2.5E-016));
#9107=CARTESIAN_POINT('Ctrl Pts',(53.069515406122,-12.51056851312,2.5E-016));
#9108=CARTESIAN_POINT('',(52.70763493965,-12.43253462099,0.));
#9109=CARTESIAN_POINT('Ctrl Pts',(53.069515406122,-12.51056851312,2.5E-016));
#9110=CARTESIAN_POINT('Ctrl Pts',(52.833773788047,-12.51056851312,2.5E-016));
#9111=CARTESIAN_POINT('Ctrl Pts',(52.70763493965,-12.43253462099,2.4E-016));
#9112=CARTESIAN_POINT('',(52.581632753061,-12.21906887755,0.));
#9113=CARTESIAN_POINT('Ctrl Pts',(52.70763493965,-12.43253462099,2.4E-016));
#9114=CARTESIAN_POINT('Ctrl Pts',(52.581632753061,-12.35463739067,2.3E-016));
#9115=CARTESIAN_POINT('Ctrl Pts',(52.581632753061,-12.21906887755,2.1E-016));
#9116=CARTESIAN_POINT('',(52.639987344898,-12.04660167638,0.));
#9117=CARTESIAN_POINT('Ctrl Pts',(52.581632753061,-12.21906887755,2.1E-016));
#9118=CARTESIAN_POINT('Ctrl Pts',(52.581632753061,-12.11438593294,2.E-016));
#9119=CARTESIAN_POINT('Ctrl Pts',(52.639987344898,-12.04660167638,1.9E-016));
#9120=CARTESIAN_POINT('',(52.827624006706,-11.91936953352,0.));
#9121=CARTESIAN_POINT('Ctrl Pts',(52.639987344898,-12.04660167638,1.9E-016));
#9122=CARTESIAN_POINT('Ctrl Pts',(52.698478598542,-11.97895408163,1.8E-016));
#9123=CARTESIAN_POINT('Ctrl Pts',(52.827624006706,-11.91936953352,1.7E-016));
#9124=CARTESIAN_POINT('',(53.16791190758,-11.77983782798,0.));
#9125=CARTESIAN_POINT('Ctrl Pts',(52.827624006706,-11.91936953352,1.7E-016));
#9126=CARTESIAN_POINT('Ctrl Pts',(52.956769414869,-11.85992164723,1.7E-016));
#9127=CARTESIAN_POINT('Ctrl Pts',(53.16791190758,-11.77983782798,1.6E-016));
#9128=CARTESIAN_POINT('',(53.532798933819,-11.61871355685,0.));
#9129=CARTESIAN_POINT('Ctrl Pts',(53.16791190758,-11.77983782798,1.6E-016));
#9130=CARTESIAN_POINT('Ctrl Pts',(53.379054400292,-11.70180393586,1.5E-016));
#9131=CARTESIAN_POINT('Ctrl Pts',(53.532798933819,-11.61871355685,1.4E-016));
#9132=CARTESIAN_POINT('Ctrl Pts',(53.532798933819,-11.61871355685,1.4E-016));
#9133=CARTESIAN_POINT('Ctrl Pts',(53.686543467347,-11.53562317784,1.3E-016));
#9134=CARTESIAN_POINT('Ctrl Pts',(53.769497184548,-11.4176840379,1.1E-016));
#9135=CARTESIAN_POINT('',(54.743349225364,-12.64572704081,0.));
#9136=CARTESIAN_POINT('',(55.267173933819,-12.78935860058,0.));
#9137=CARTESIAN_POINT('Ctrl Pts',(54.743349225364,-12.64572704081,2.6E-016));
#9138=CARTESIAN_POINT('Ctrl Pts',(54.965834648105,-12.78935860058,2.8E-016));
#9139=CARTESIAN_POINT('Ctrl Pts',(55.267173933819,-12.78935860058,2.8E-016));
#9140=CARTESIAN_POINT('',(55.759156441108,-12.66185313411,0.));
#9141=CARTESIAN_POINT('Ctrl Pts',(55.267173933819,-12.78935860058,2.8E-016));
#9142=CARTESIAN_POINT('Ctrl Pts',(55.554163729738,-12.78935860058,2.8E-016));
#9143=CARTESIAN_POINT('Ctrl Pts',(55.759156441108,-12.66185313411,2.6E-016));
#9144=CARTESIAN_POINT('',(56.072795289504,-12.30530247813,0.));
#9145=CARTESIAN_POINT('Ctrl Pts',(55.759156441108,-12.66185313411,2.6E-016));
#9146=CARTESIAN_POINT('Ctrl Pts',(55.964149152478,-12.53448432944,2.5E-016));
#9147=CARTESIAN_POINT('Ctrl Pts',(56.072795289504,-12.30530247813,2.2E-016));
#9148=CARTESIAN_POINT('',(56.181441426531,-11.76999817784,0.));
#9149=CARTESIAN_POINT('Ctrl Pts',(56.072795289504,-12.30530247813,2.2E-016));
#9150=CARTESIAN_POINT('Ctrl Pts',(56.181441426531,-12.07625728863,1.9E-016));
#9151=CARTESIAN_POINT('Ctrl Pts',(56.181441426531,-11.76999817784,1.6E-016));
#9152=CARTESIAN_POINT('',(56.181441426531,-11.5583090379,0.));
#9153=CARTESIAN_POINT('',(56.181441426531,-11.76999817784,0.));
#9154=CARTESIAN_POINT('',(54.629646601458,-11.5583090379,0.));
#9155=CARTESIAN_POINT('',(56.181441426531,-11.5583090379,0.));
#9156=CARTESIAN_POINT('',(54.826439604373,-10.95631377551,0.));
#9157=CARTESIAN_POINT('Ctrl Pts',(54.629646601458,-11.5583090379,1.3E-016));
#9158=CARTESIAN_POINT('Ctrl Pts',(54.635796382799,-11.16308309037,8.E-017));
#9159=CARTESIAN_POINT('Ctrl Pts',(54.826439604373,-10.95631377551,6.E-017));
#9160=CARTESIAN_POINT('',(55.363520508163,-10.74954446064,0.));
#9161=CARTESIAN_POINT('Ctrl Pts',(54.826439604373,-10.95631377551,6.E-017));
#9162=CARTESIAN_POINT('Ctrl Pts',(55.017082825948,-10.74954446064,3.E-017));
#9163=CARTESIAN_POINT('Ctrl Pts',(55.363520508163,-10.74954446064,3.E-017));
#9164=CARTESIAN_POINT('',(55.740707097085,-10.7884930758,0.));
#9165=CARTESIAN_POINT('Ctrl Pts',(55.363520508163,-10.74954446064,3.E-017));
#9166=CARTESIAN_POINT('Ctrl Pts',(55.576712927988,-10.74954446064,3.E-017));
#9167=CARTESIAN_POINT('Ctrl Pts',(55.740707097085,-10.7884930758,4.E-017));
#9168=CARTESIAN_POINT('',(56.080994997959,-10.90328899416,0.));
#9169=CARTESIAN_POINT('Ctrl Pts',(55.740707097085,-10.7884930758,4.E-017));
#9170=CARTESIAN_POINT('Ctrl Pts',(55.904701266181,-10.82744169096,4.E-017));
#9171=CARTESIAN_POINT('Ctrl Pts',(56.080994997959,-10.90328899416,5.E-017));
#9172=CARTESIAN_POINT('',(56.080994997959,-10.60399963556,0.));
#9173=CARTESIAN_POINT('',(56.080994997959,-10.90328899416,0.));
#9174=CARTESIAN_POINT('',(55.743713656851,-10.49330357142,0.));
#9175=CARTESIAN_POINT('Ctrl Pts',(56.080994997959,-10.60399963556,1.E-017));
#9176=CARTESIAN_POINT('Ctrl Pts',(55.910851047522,-10.52815233236,0.));
#9177=CARTESIAN_POINT('Ctrl Pts',(55.743713656851,-10.49330357142,0.));
#9178=CARTESIAN_POINT('',(55.349171018367,-10.45845481049,0.));
#9179=CARTESIAN_POINT('Ctrl Pts',(55.743713656851,-10.49330357142,0.));
#9180=CARTESIAN_POINT('Ctrl Pts',(55.576712927988,-10.45845481049,-1.E-017));
#9181=CARTESIAN_POINT('Ctrl Pts',(55.349171018367,-10.45845481049,-1.E-017));
#9182=CARTESIAN_POINT('',(54.784347767638,-10.59074344023,0.));
#9183=CARTESIAN_POINT('Ctrl Pts',(55.349171018367,-10.45845481049,-1.E-017));
#9184=CARTESIAN_POINT('Ctrl Pts',(55.025282534402,-10.45845481049,-1.E-017));
#9185=CARTESIAN_POINT('Ctrl Pts',(54.784347767638,-10.59074344023,1.E-017));
#9186=CARTESIAN_POINT('',(54.410304400292,-10.97954628279,0.));
#9187=CARTESIAN_POINT('Ctrl Pts',(54.784347767638,-10.59074344023,1.E-017));
#9188=CARTESIAN_POINT('Ctrl Pts',(54.543549662682,-10.72316873177,3.E-017));
#9189=CARTESIAN_POINT('Ctrl Pts',(54.410304400292,-10.97954628279,6.E-017));
#9190=CARTESIAN_POINT('',(54.277059137901,-11.60750728863,0.));
#9191=CARTESIAN_POINT('Ctrl Pts',(54.410304400292,-10.97954628279,6.E-017));
#9192=CARTESIAN_POINT('Ctrl Pts',(54.277059137901,-11.23606049562,9.E-017));
#9193=CARTESIAN_POINT('Ctrl Pts',(54.277059137901,-11.60750728863,1.4E-016));
#9194=CARTESIAN_POINT('',(54.398961470262,-12.2362882653,0.));
#9195=CARTESIAN_POINT('Ctrl Pts',(54.277059137901,-11.60750728863,1.4E-016));
#9196=CARTESIAN_POINT('Ctrl Pts',(54.277059137901,-11.97061771137,1.8E-016));
#9197=CARTESIAN_POINT('Ctrl Pts',(54.398961470262,-12.2362882653,2.1E-016));
#9198=CARTESIAN_POINT('Ctrl Pts',(54.398961470262,-12.2362882653,2.1E-016));
#9199=CARTESIAN_POINT('Ctrl Pts',(54.521000464431,-12.50209548105,2.5E-016));
#9200=CARTESIAN_POINT('Ctrl Pts',(54.743349225364,-12.64572704081,2.6E-016));
#9201=CARTESIAN_POINT('',(57.229910814286,-10.84179118075,0.));
#9202=CARTESIAN_POINT('',(57.489294925073,-10.73724489795,0.));
#9203=CARTESIAN_POINT('Ctrl Pts',(57.229910814286,-10.84179118075,4.E-017));
#9204=CARTESIAN_POINT('Ctrl Pts',(57.32735068309,-10.73724489795,3.E-017));
#9205=CARTESIAN_POINT('Ctrl Pts',(57.489294925073,-10.73724489795,3.E-017));
#9206=CARTESIAN_POINT('',(57.661488802624,-10.75159438775,0.));
#9207=CARTESIAN_POINT('Ctrl Pts',(57.489294925073,-10.73724489795,3.E-017));
#9208=CARTESIAN_POINT('Ctrl Pts',(57.573341936735,-10.73724489795,3.E-017));
#9209=CARTESIAN_POINT('Ctrl Pts',(57.661488802624,-10.75159438775,3.E-017));
#9210=CARTESIAN_POINT('',(57.804983700583,-10.78644314868,0.));
#9211=CARTESIAN_POINT('Ctrl Pts',(57.661488802624,-10.75159438775,3.E-017));
#9212=CARTESIAN_POINT('Ctrl Pts',(57.749635668513,-10.76594387755,3.E-017));
#9213=CARTESIAN_POINT('Ctrl Pts',(57.804983700583,-10.78644314868,4.E-017));
#9214=CARTESIAN_POINT('',(57.804983700583,-10.52200255102,0.));
#9215=CARTESIAN_POINT('',(57.804983700583,-10.78644314868,0.));
#9216=CARTESIAN_POINT('',(57.639896237026,-10.47690415451,0.));
#9217=CARTESIAN_POINT('Ctrl Pts',(57.804983700583,-10.52200255102,0.));
#9218=CARTESIAN_POINT('Ctrl Pts',(57.745535814286,-10.49535349854,0.));
#9219=CARTESIAN_POINT('Ctrl Pts',(57.639896237026,-10.47690415451,0.));
#9220=CARTESIAN_POINT('',(57.433946893003,-10.45845481049,0.));
#9221=CARTESIAN_POINT('Ctrl Pts',(57.639896237026,-10.47690415451,0.));
#9222=CARTESIAN_POINT('Ctrl Pts',(57.534393321574,-10.45845481049,-1.E-017));
#9223=CARTESIAN_POINT('Ctrl Pts',(57.433946893003,-10.45845481049,-1.E-017));
#9224=CARTESIAN_POINT('',(57.110058409038,-10.52104591836,0.));
#9225=CARTESIAN_POINT('Ctrl Pts',(57.433946893003,-10.45845481049,-1.E-017));
#9226=CARTESIAN_POINT('Ctrl Pts',(57.255603234111,-10.45845481049,-1.E-017));
#9227=CARTESIAN_POINT('Ctrl Pts',(57.110058409038,-10.52104591836,0.));
#9228=CARTESIAN_POINT('',(56.877323350729,-10.73341836734,0.));
#9229=CARTESIAN_POINT('Ctrl Pts',(57.110058409038,-10.52104591836,0.));
#9230=CARTESIAN_POINT('Ctrl Pts',(56.964513583965,-10.58363702623,1.E-017));
#9231=CARTESIAN_POINT('Ctrl Pts',(56.877323350729,-10.73341836734,3.E-017));
#9232=CARTESIAN_POINT('',(56.7902697793,-11.14777696793,0.));
#9233=CARTESIAN_POINT('Ctrl Pts',(56.877323350729,-10.73341836734,3.E-017));
#9234=CARTESIAN_POINT('Ctrl Pts',(56.7902697793,-10.88319970845,5.E-017));
#9235=CARTESIAN_POINT('Ctrl Pts',(56.7902697793,-11.14777696793,8.E-017));
#9236=CARTESIAN_POINT('',(56.7902697793,-12.48132288629,0.));
#9237=CARTESIAN_POINT('',(56.7902697793,-11.14777696793,0.));
#9238=CARTESIAN_POINT('',(56.470481149563,-12.48132288629,0.));
#9239=CARTESIAN_POINT('',(56.7902697793,-12.48132288629,0.));
#9240=CARTESIAN_POINT('',(56.470481149563,-12.6473669825,0.));
#9241=CARTESIAN_POINT('',(56.470481149563,-12.48132288629,0.));
#9242=CARTESIAN_POINT('',(56.792319706414,-12.78061224489,0.));
#9243=CARTESIAN_POINT('',(56.470481149563,-12.6473669825,0.));
#9244=CARTESIAN_POINT('',(56.927614895918,-13.27259475218,0.));
#9245=CARTESIAN_POINT('',(56.792319706414,-12.78061224489,0.));
#9246=CARTESIAN_POINT('',(57.132607607289,-13.27259475218,0.));
#9247=CARTESIAN_POINT('',(56.927614895918,-13.27259475218,0.));
#9248=CARTESIAN_POINT('',(57.132607607289,-12.74781341107,0.));
#9249=CARTESIAN_POINT('',(57.132607607289,-13.27259475218,0.));
#9250=CARTESIAN_POINT('',(57.790634210787,-12.74781341107,0.));
#9251=CARTESIAN_POINT('',(57.132607607289,-12.74781341107,0.));
#9252=CARTESIAN_POINT('',(57.790634210787,-12.48132288629,0.));
#9253=CARTESIAN_POINT('',(57.790634210787,-12.74781341107,0.));
#9254=CARTESIAN_POINT('',(57.132607607289,-12.48132288629,0.));
#9255=CARTESIAN_POINT('',(57.790634210787,-12.48132288629,0.));
#9256=CARTESIAN_POINT('',(57.132607607289,-11.15788994169,0.));
#9257=CARTESIAN_POINT('',(57.132607607289,-12.48132288629,0.));
#9258=CARTESIAN_POINT('Ctrl Pts',(57.132607607289,-11.15788994169,8.E-017));
#9259=CARTESIAN_POINT('Ctrl Pts',(57.132607607289,-10.94647412536,5.E-017));
#9260=CARTESIAN_POINT('Ctrl Pts',(57.229910814286,-10.84179118075,4.E-017));
#9261=CARTESIAN_POINT('',(53.6,-7.7,0.));
#9262=CARTESIAN_POINT('Origin',(52.2,-7.7,0.));
#9263=CARTESIAN_POINT('',(57.596164458601,-5.317647594752,0.));
#9264=CARTESIAN_POINT('',(57.753052213703,-4.501093294461,0.));
#9265=CARTESIAN_POINT('Ctrl Pts',(57.596164458601,-5.317647594752,2.8E-016));
#9266=CARTESIAN_POINT('Ctrl Pts',(57.753052213703,-4.971483236152,2.4E-016));
#9267=CARTESIAN_POINT('Ctrl Pts',(57.753052213703,-4.501093294461,1.8E-016));
#9268=CARTESIAN_POINT('',(57.664905347813,-3.869305758017,0.));
#9269=CARTESIAN_POINT('Ctrl Pts',(57.753052213703,-4.501093294461,1.8E-016));
#9270=CARTESIAN_POINT('Ctrl Pts',(57.753052213703,-4.153835641399,1.4E-016));
#9271=CARTESIAN_POINT('Ctrl Pts',(57.664905347813,-3.869305758017,1.1E-016));
#9272=CARTESIAN_POINT('',(57.403471309913,-3.380329810496,0.));
#9273=CARTESIAN_POINT('Ctrl Pts',(57.664905347813,-3.869305758017,1.1E-016));
#9274=CARTESIAN_POINT('Ctrl Pts',(57.576758481924,-3.584775874636,7.E-017));
#9275=CARTESIAN_POINT('Ctrl Pts',(57.403471309913,-3.380329810496,5.E-017));
#9276=CARTESIAN_POINT('',(56.974079910496,-3.065051020408,0.));
#9277=CARTESIAN_POINT('Ctrl Pts',(57.403471309913,-3.380329810496,5.E-017));
#9278=CARTESIAN_POINT('Ctrl Pts',(57.230320799708,-3.176020408163,2.E-017));
#9279=CARTESIAN_POINT('Ctrl Pts',(56.974079910496,-3.065051020408,1.E-017));
#9280=CARTESIAN_POINT('',(56.379601047522,-2.954081632653,0.));
#9281=CARTESIAN_POINT('Ctrl Pts',(56.974079910496,-3.065051020408,1.E-017));
#9282=CARTESIAN_POINT('Ctrl Pts',(56.717839021283,-2.954081632653,-1.E-017));
#9283=CARTESIAN_POINT('Ctrl Pts',(56.379601047522,-2.954081632653,-1.E-017));
#9284=CARTESIAN_POINT('',(55.771729327405,-3.065051020408,0.));
#9285=CARTESIAN_POINT('Ctrl Pts',(56.379601047522,-2.954081632653,-1.E-017));
#9286=CARTESIAN_POINT('Ctrl Pts',(56.031113438192,-2.954081632653,-1.E-017));
#9287=CARTESIAN_POINT('Ctrl Pts',(55.771729327405,-3.065051020408,1.E-017));
#9288=CARTESIAN_POINT('',(55.341244633528,-3.381423104956,0.));
#9289=CARTESIAN_POINT('Ctrl Pts',(55.771729327405,-3.065051020408,1.E-017));
#9290=CARTESIAN_POINT('Ctrl Pts',(55.512481878426,-3.176020408163,2.E-017));
#9291=CARTESIAN_POINT('Ctrl Pts',(55.341244633528,-3.381423104956,5.E-017));
#9292=CARTESIAN_POINT('',(55.085003744315,-3.872312317784,0.));
#9293=CARTESIAN_POINT('Ctrl Pts',(55.341244633528,-3.381423104956,5.E-017));
#9294=CARTESIAN_POINT('Ctrl Pts',(55.170144050437,-3.586825801749,7.E-017));
#9295=CARTESIAN_POINT('Ctrl Pts',(55.085003744315,-3.872312317784,1.1E-016));
#9296=CARTESIAN_POINT('',(55.0000001,-4.505193148688,0.));
#9297=CARTESIAN_POINT('Ctrl Pts',(55.085003744315,-3.872312317784,1.1E-016));
#9298=CARTESIAN_POINT('Ctrl Pts',(55.0000001,-4.157935495627,1.4E-016));
#9299=CARTESIAN_POINT('Ctrl Pts',(55.0000001,-4.505193148688,1.8E-016));
#9300=CARTESIAN_POINT('',(55.151694706414,-5.312454446064,0.));
#9301=CARTESIAN_POINT('Ctrl Pts',(55.0000001,-4.505193148688,1.8E-016));
#9302=CARTESIAN_POINT('Ctrl Pts',(55.0000001,-4.96533345481,2.4E-016));
#9303=CARTESIAN_POINT('Ctrl Pts',(55.151694706414,-5.312454446064,2.8E-016));
#9304=CARTESIAN_POINT('',(55.611835012536,-5.852815233236,0.));
#9305=CARTESIAN_POINT('Ctrl Pts',(55.151694706414,-5.312454446064,2.8E-016));
#9306=CARTESIAN_POINT('Ctrl Pts',(55.303389312828,-5.659712099125,3.3E-016));
#9307=CARTESIAN_POINT('Ctrl Pts',(55.611835012536,-5.852815233236,3.5E-016));
#9308=CARTESIAN_POINT('',(56.385750828863,-6.045918367347,0.));
#9309=CARTESIAN_POINT('Ctrl Pts',(55.611835012536,-5.852815233236,3.5E-016));
#9310=CARTESIAN_POINT('Ctrl Pts',(55.920417374052,-6.045918367347,3.7E-016));
#9311=CARTESIAN_POINT('Ctrl Pts',(56.385750828863,-6.045918367347,3.7E-016));
#9312=CARTESIAN_POINT('',(57.134930858017,-5.85486516035,0.));
#9313=CARTESIAN_POINT('Ctrl Pts',(56.385750828863,-6.045918367347,3.7E-016));
#9314=CARTESIAN_POINT('Ctrl Pts',(56.830585012536,-6.045918367347,3.7E-016));
#9315=CARTESIAN_POINT('Ctrl Pts',(57.134930858017,-5.85486516035,3.5E-016));
#9316=CARTESIAN_POINT('Ctrl Pts',(57.134930858017,-5.85486516035,3.5E-016));
#9317=CARTESIAN_POINT('Ctrl Pts',(57.439413365306,-5.663811953353,3.3E-016));
#9318=CARTESIAN_POINT('Ctrl Pts',(57.596164458601,-5.317647594752,2.8E-016));
#9319=CARTESIAN_POINT('',(59.097667738484,-5.239067055394,0.));
#9320=CARTESIAN_POINT('',(59.420599589796,-5.289358600583,0.));
#9321=CARTESIAN_POINT('Ctrl Pts',(59.097667738484,-5.239067055394,2.7E-016));
#9322=CARTESIAN_POINT('Ctrl Pts',(59.234056222449,-5.289358600583,2.8E-016));
#9323=CARTESIAN_POINT('Ctrl Pts',(59.420599589796,-5.289358600583,2.8E-016));
#9324=CARTESIAN_POINT('',(60.090925755977,-5.000045553936,0.));
#9325=CARTESIAN_POINT('Ctrl Pts',(59.420599589796,-5.289358600583,2.8E-016));
#9326=CARTESIAN_POINT('Ctrl Pts',(59.840834648105,-5.289358600583,2.8E-016));
#9327=CARTESIAN_POINT('Ctrl Pts',(60.090925755977,-5.000045553936,2.4E-016));
#9328=CARTESIAN_POINT('',(60.341016863848,-4.13005648688,0.));
#9329=CARTESIAN_POINT('Ctrl Pts',(60.090925755977,-5.000045553936,2.4E-016));
#9330=CARTESIAN_POINT('Ctrl Pts',(60.341016863848,-4.710732507289,2.1E-016));
#9331=CARTESIAN_POINT('Ctrl Pts',(60.341016863848,-4.13005648688,1.4E-016));
#9332=CARTESIAN_POINT('',(60.226220945481,-3.48569606414,0.));
#9333=CARTESIAN_POINT('Ctrl Pts',(60.341016863848,-4.13005648688,1.4E-016));
#9334=CARTESIAN_POINT('Ctrl Pts',(60.341016863848,-3.746310131195,9.E-017));
#9335=CARTESIAN_POINT('Ctrl Pts',(60.226220945481,-3.48569606414,6.E-017));
#9336=CARTESIAN_POINT('',(59.903289094169,-3.091836734694,0.));
#9337=CARTESIAN_POINT('Ctrl Pts',(60.226220945481,-3.48569606414,6.E-017));
#9338=CARTESIAN_POINT('Ctrl Pts',(60.111425027114,-3.225218658892,3.E-017));
#9339=CARTESIAN_POINT('Ctrl Pts',(59.903289094169,-3.091836734694,1.E-017));
#9340=CARTESIAN_POINT('',(59.412399881341,-2.958454810496,0.));
#9341=CARTESIAN_POINT('Ctrl Pts',(59.903289094169,-3.091836734694,1.E-017));
#9342=CARTESIAN_POINT('Ctrl Pts',(59.695289823032,-2.958454810496,-1.E-017));
#9343=CARTESIAN_POINT('Ctrl Pts',(59.412399881341,-2.958454810496,-1.E-017));
#9344=CARTESIAN_POINT('',(59.098761032945,-3.005603134111,0.));
#9345=CARTESIAN_POINT('Ctrl Pts',(59.412399881341,-2.958454810496,-1.E-017));
#9346=CARTESIAN_POINT('Ctrl Pts',(59.234056222449,-2.958454810496,-1.E-017));
#9347=CARTESIAN_POINT('Ctrl Pts',(59.098761032945,-3.005603134111,0.));
#9348=CARTESIAN_POINT('',(58.867119269096,-3.13269861516,0.));
#9349=CARTESIAN_POINT('Ctrl Pts',(59.098761032945,-3.005603134111,0.));
#9350=CARTESIAN_POINT('Ctrl Pts',(58.96346584344,-3.052751457726,1.E-017));
#9351=CARTESIAN_POINT('Ctrl Pts',(58.867119269096,-3.13269861516,2.E-017));
#9352=CARTESIAN_POINT('',(58.707224954227,-3.306942419825,0.));
#9353=CARTESIAN_POINT('Ctrl Pts',(58.867119269096,-3.13269861516,2.E-017));
#9354=CARTESIAN_POINT('Ctrl Pts',(58.770772694752,-3.212645772595,3.E-017));
#9355=CARTESIAN_POINT('Ctrl Pts',(58.707224954227,-3.306942419825,4.E-017));
#9356=CARTESIAN_POINT('',(58.682625828863,-3.306942419825,0.));
#9357=CARTESIAN_POINT('',(58.707224954227,-3.306942419825,0.));
#9358=CARTESIAN_POINT('',(58.697931951312,-3.114112609329,0.));
#9359=CARTESIAN_POINT('Ctrl Pts',(58.682625828863,-3.306942419825,4.E-017));
#9360=CARTESIAN_POINT('Ctrl Pts',(58.688775610204,-3.226995262391,3.E-017));
#9361=CARTESIAN_POINT('Ctrl Pts',(58.697931951312,-3.114112609329,1.E-017));
#9362=CARTESIAN_POINT('',(58.707224954227,-2.917182944606,0.));
#9363=CARTESIAN_POINT('Ctrl Pts',(58.697931951312,-3.114112609329,1.E-017));
#9364=CARTESIAN_POINT('Ctrl Pts',(58.707224954227,-3.001366618076,0.));
#9365=CARTESIAN_POINT('Ctrl Pts',(58.707224954227,-2.917182944606,-1.E-017));
#9366=CARTESIAN_POINT('',(58.707224954227,-1.99416909621,0.));
#9367=CARTESIAN_POINT('',(58.707224954227,-2.917182944606,0.));
#9368=CARTESIAN_POINT('',(58.364887126239,-1.99416909621,0.));
#9369=CARTESIAN_POINT('',(58.707224954227,-1.99416909621,0.));
#9370=CARTESIAN_POINT('',(58.364887126239,-5.247813411079,0.));
#9371=CARTESIAN_POINT('',(58.364887126239,-1.99416909621,0.));
#9372=CARTESIAN_POINT('',(58.645727140816,-5.247813411079,0.));
#9373=CARTESIAN_POINT('',(58.364887126239,-5.247813411079,0.));
#9374=CARTESIAN_POINT('',(58.690825537318,-4.916271865889,0.));
#9375=CARTESIAN_POINT('',(58.645727140816,-5.247813411079,0.));
#9376=CARTESIAN_POINT('',(58.707224954227,-4.916271865889,0.));
#9377=CARTESIAN_POINT('',(58.690825537318,-4.916271865889,0.));
#9378=CARTESIAN_POINT('',(58.867119269096,-5.103771865889,0.));
#9379=CARTESIAN_POINT('Ctrl Pts',(58.707224954227,-4.916271865889,2.3E-016));
#9380=CARTESIAN_POINT('Ctrl Pts',(58.772822621866,-5.018768221574,2.5E-016));
#9381=CARTESIAN_POINT('Ctrl Pts',(58.867119269096,-5.103771865889,2.6E-016));
#9382=CARTESIAN_POINT('Ctrl Pts',(58.867119269096,-5.103771865889,2.6E-016));
#9383=CARTESIAN_POINT('Ctrl Pts',(58.961415916327,-5.188912172012,2.7E-016));
#9384=CARTESIAN_POINT('Ctrl Pts',(59.097667738484,-5.239067055394,2.7E-016));
#9385=CARTESIAN_POINT('',(61.277560231195,-5.145727040816,0.));
#9386=CARTESIAN_POINT('',(61.80138493965,-5.289358600583,0.));
#9387=CARTESIAN_POINT('Ctrl Pts',(61.277560231195,-5.145727040816,2.6E-016));
#9388=CARTESIAN_POINT('Ctrl Pts',(61.500045653936,-5.289358600583,2.8E-016));
#9389=CARTESIAN_POINT('Ctrl Pts',(61.80138493965,-5.289358600583,2.8E-016));
#9390=CARTESIAN_POINT('',(62.293367446939,-5.161853134111,0.));
#9391=CARTESIAN_POINT('Ctrl Pts',(61.80138493965,-5.289358600583,2.8E-016));
#9392=CARTESIAN_POINT('Ctrl Pts',(62.088374735569,-5.289358600583,2.8E-016));
#9393=CARTESIAN_POINT('Ctrl Pts',(62.293367446939,-5.161853134111,2.6E-016));
#9394=CARTESIAN_POINT('',(62.607006295335,-4.805302478134,0.));
#9395=CARTESIAN_POINT('Ctrl Pts',(62.293367446939,-5.161853134111,2.6E-016));
#9396=CARTESIAN_POINT('Ctrl Pts',(62.498360158309,-5.034484329446,2.5E-016));
#9397=CARTESIAN_POINT('Ctrl Pts',(62.607006295335,-4.805302478134,2.2E-016));
#9398=CARTESIAN_POINT('',(62.715652432362,-4.269998177843,0.));
#9399=CARTESIAN_POINT('Ctrl Pts',(62.607006295335,-4.805302478134,2.2E-016));
#9400=CARTESIAN_POINT('Ctrl Pts',(62.715652432362,-4.57625728863,1.9E-016));
#9401=CARTESIAN_POINT('Ctrl Pts',(62.715652432362,-4.269998177843,1.6E-016));
#9402=CARTESIAN_POINT('',(62.715652432362,-4.058309037901,0.));
#9403=CARTESIAN_POINT('',(62.715652432362,-4.269998177843,0.));
#9404=CARTESIAN_POINT('',(61.163857607289,-4.058309037901,0.));
#9405=CARTESIAN_POINT('',(62.715652432362,-4.058309037901,0.));
#9406=CARTESIAN_POINT('',(61.360650610204,-3.45631377551,0.));
#9407=CARTESIAN_POINT('Ctrl Pts',(61.163857607289,-4.058309037901,1.3E-016));
#9408=CARTESIAN_POINT('Ctrl Pts',(61.17000738863,-3.663083090379,8.E-017));
#9409=CARTESIAN_POINT('Ctrl Pts',(61.360650610204,-3.45631377551,6.E-017));
#9410=CARTESIAN_POINT('',(61.897731513994,-3.249544460641,0.));
#9411=CARTESIAN_POINT('Ctrl Pts',(61.360650610204,-3.45631377551,6.E-017));
#9412=CARTESIAN_POINT('Ctrl Pts',(61.551293831778,-3.249544460641,3.E-017));
#9413=CARTESIAN_POINT('Ctrl Pts',(61.897731513994,-3.249544460641,3.E-017));
#9414=CARTESIAN_POINT('',(62.274918102915,-3.288493075802,0.));
#9415=CARTESIAN_POINT('Ctrl Pts',(61.897731513994,-3.249544460641,3.E-017));
#9416=CARTESIAN_POINT('Ctrl Pts',(62.110923933819,-3.249544460641,3.E-017));
#9417=CARTESIAN_POINT('Ctrl Pts',(62.274918102915,-3.288493075802,4.E-017));
#9418=CARTESIAN_POINT('',(62.61520600379,-3.403288994169,0.));
#9419=CARTESIAN_POINT('Ctrl Pts',(62.274918102915,-3.288493075802,4.E-017));
#9420=CARTESIAN_POINT('Ctrl Pts',(62.438912272012,-3.327441690962,4.E-017));
#9421=CARTESIAN_POINT('Ctrl Pts',(62.61520600379,-3.403288994169,5.E-017));
#9422=CARTESIAN_POINT('',(62.61520600379,-3.103999635569,0.));
#9423=CARTESIAN_POINT('',(62.61520600379,-3.403288994169,0.));
#9424=CARTESIAN_POINT('',(62.277924662682,-2.993303571429,0.));
#9425=CARTESIAN_POINT('Ctrl Pts',(62.61520600379,-3.103999635569,1.E-017));
#9426=CARTESIAN_POINT('Ctrl Pts',(62.445062053353,-3.028152332362,0.));
#9427=CARTESIAN_POINT('Ctrl Pts',(62.277924662682,-2.993303571429,0.));
#9428=CARTESIAN_POINT('',(61.883382024198,-2.958454810496,0.));
#9429=CARTESIAN_POINT('Ctrl Pts',(62.277924662682,-2.993303571429,0.));
#9430=CARTESIAN_POINT('Ctrl Pts',(62.110923933819,-2.958454810496,-1.E-017));
#9431=CARTESIAN_POINT('Ctrl Pts',(61.883382024198,-2.958454810496,-1.E-017));
#9432=CARTESIAN_POINT('',(61.318558773469,-3.090743440233,0.));
#9433=CARTESIAN_POINT('Ctrl Pts',(61.883382024198,-2.958454810496,-1.E-017));
#9434=CARTESIAN_POINT('Ctrl Pts',(61.559493540233,-2.958454810496,-1.E-017));
#9435=CARTESIAN_POINT('Ctrl Pts',(61.318558773469,-3.090743440233,1.E-017));
#9436=CARTESIAN_POINT('',(60.944515406122,-3.479546282799,0.));
#9437=CARTESIAN_POINT('Ctrl Pts',(61.318558773469,-3.090743440233,1.E-017));
#9438=CARTESIAN_POINT('Ctrl Pts',(61.077760668513,-3.223168731778,3.E-017));
#9439=CARTESIAN_POINT('Ctrl Pts',(60.944515406122,-3.479546282799,6.E-017));
#9440=CARTESIAN_POINT('',(60.811270143732,-4.10750728863,0.));
#9441=CARTESIAN_POINT('Ctrl Pts',(60.944515406122,-3.479546282799,6.E-017));
#9442=CARTESIAN_POINT('Ctrl Pts',(60.811270143732,-3.736060495627,9.E-017));
#9443=CARTESIAN_POINT('Ctrl Pts',(60.811270143732,-4.10750728863,1.4E-016));
#9444=CARTESIAN_POINT('',(60.933172476093,-4.736288265306,0.));
#9445=CARTESIAN_POINT('Ctrl Pts',(60.811270143732,-4.10750728863,1.4E-016));
#9446=CARTESIAN_POINT('Ctrl Pts',(60.811270143732,-4.47061771137,1.8E-016));
#9447=CARTESIAN_POINT('Ctrl Pts',(60.933172476093,-4.736288265306,2.1E-016));
#9448=CARTESIAN_POINT('Ctrl Pts',(60.933172476093,-4.736288265306,2.1E-016));
#9449=CARTESIAN_POINT('Ctrl Pts',(61.055211470262,-5.00209548105,2.5E-016));
#9450=CARTESIAN_POINT('Ctrl Pts',(61.277560231195,-5.145727040816,2.6E-016));
#9451=CARTESIAN_POINT('',(64.072704181633,-5.247266763848,0.));
#9452=CARTESIAN_POINT('',(64.361743904665,-5.289358600583,0.));
#9453=CARTESIAN_POINT('Ctrl Pts',(64.072704181633,-5.247266763848,2.8E-016));
#9454=CARTESIAN_POINT('Ctrl Pts',(64.210049298251,-5.289358600583,2.8E-016));
#9455=CARTESIAN_POINT('Ctrl Pts',(64.361743904665,-5.289358600583,2.8E-016));
#9456=CARTESIAN_POINT('',(64.966472403207,-5.093385568513,0.));
#9457=CARTESIAN_POINT('Ctrl Pts',(64.361743904665,-5.289358600583,2.8E-016));
#9458=CARTESIAN_POINT('Ctrl Pts',(64.761479691837,-5.289358600583,2.8E-016));
#9459=CARTESIAN_POINT('Ctrl Pts',(64.966472403207,-5.093385568513,2.6E-016));
#9460=CARTESIAN_POINT('',(65.171465114577,-4.464741253644,0.));
#9461=CARTESIAN_POINT('Ctrl Pts',(64.966472403207,-5.093385568513,2.6E-016));
#9462=CARTESIAN_POINT('Ctrl Pts',(65.171465114577,-4.897549198251,2.3E-016));
#9463=CARTESIAN_POINT('Ctrl Pts',(65.171465114577,-4.464741253644,1.8E-016));
#9464=CARTESIAN_POINT('',(65.171465114577,-3.,0.));
#9465=CARTESIAN_POINT('',(65.171465114577,-4.464741253644,0.));
#9466=CARTESIAN_POINT('',(64.83527706793,-3.,0.));
#9467=CARTESIAN_POINT('',(65.171465114577,-3.,0.));
#9468=CARTESIAN_POINT('',(64.83527706793,-4.442328717201,0.));
#9469=CARTESIAN_POINT('',(64.83527706793,-3.,0.));
#9470=CARTESIAN_POINT('',(64.70708829242,-4.862837099125,0.));
#9471=CARTESIAN_POINT('Ctrl Pts',(64.83527706793,-4.442328717201,1.8E-016));
#9472=CARTESIAN_POINT('Ctrl Pts',(64.83527706793,-4.723305393586,2.1E-016));
#9473=CARTESIAN_POINT('Ctrl Pts',(64.70708829242,-4.862837099125,2.3E-016));
#9474=CARTESIAN_POINT('',(64.31459558105,-5.002368804665,0.));
#9475=CARTESIAN_POINT('Ctrl Pts',(64.70708829242,-4.862837099125,2.3E-016));
#9476=CARTESIAN_POINT('Ctrl Pts',(64.579036178717,-5.002368804665,2.5E-016));
#9477=CARTESIAN_POINT('Ctrl Pts',(64.31459558105,-5.002368804665,2.5E-016));
#9478=CARTESIAN_POINT('',(63.789814239942,-4.790952988338,0.));
#9479=CARTESIAN_POINT('Ctrl Pts',(64.31459558105,-5.002368804665,2.5E-016));
#9480=CARTESIAN_POINT('Ctrl Pts',(63.941508846356,-5.002368804665,2.5E-016));
#9481=CARTESIAN_POINT('Ctrl Pts',(63.789814239942,-4.790952988338,2.2E-016));
#9482=CARTESIAN_POINT('',(63.638119633528,-4.177614795918,0.));
#9483=CARTESIAN_POINT('Ctrl Pts',(63.789814239942,-4.790952988338,2.2E-016));
#9484=CARTESIAN_POINT('Ctrl Pts',(63.638119633528,-4.579673833819,1.9E-016));
#9485=CARTESIAN_POINT('Ctrl Pts',(63.638119633528,-4.177614795918,1.4E-016));
#9486=CARTESIAN_POINT('',(63.638119633528,-3.,0.));
#9487=CARTESIAN_POINT('',(63.638119633528,-4.177614795918,0.));
#9488=CARTESIAN_POINT('',(63.297831732653,-3.,0.));
#9489=CARTESIAN_POINT('',(63.638119633528,-3.,0.));
#9490=CARTESIAN_POINT('',(63.297831732653,-5.247813411079,0.));
#9491=CARTESIAN_POINT('',(63.297831732653,-3.,0.));
#9492=CARTESIAN_POINT('',(63.572521965889,-5.247813411079,0.));
#9493=CARTESIAN_POINT('',(63.297831732653,-5.247813411079,0.));
#9494=CARTESIAN_POINT('',(63.623770143732,-4.924471574344,0.));
#9495=CARTESIAN_POINT('',(63.572521965889,-5.247813411079,0.));
#9496=CARTESIAN_POINT('',(63.642219487755,-4.924471574344,0.));
#9497=CARTESIAN_POINT('',(63.623770143732,-4.924471574344,0.));
#9498=CARTESIAN_POINT('',(63.824663000875,-5.124271137026,0.));
#9499=CARTESIAN_POINT('Ctrl Pts',(63.642219487755,-4.924471574344,2.4E-016));
#9500=CARTESIAN_POINT('Ctrl Pts',(63.713966936735,-5.043367346939,2.5E-016));
#9501=CARTESIAN_POINT('Ctrl Pts',(63.824663000875,-5.124271137026,2.6E-016));
#9502=CARTESIAN_POINT('Ctrl Pts',(63.824663000875,-5.124271137026,2.6E-016));
#9503=CARTESIAN_POINT('Ctrl Pts',(63.935359065015,-5.205311588921,2.7E-016));
#9504=CARTESIAN_POINT('Ctrl Pts',(64.072704181633,-5.247266763848,2.8E-016));
#9505=CARTESIAN_POINT('Origin',(51.,-3.7,1.5));
#9506=CARTESIAN_POINT('',(51.,-3.7,2.7));
#9507=CARTESIAN_POINT('Origin',(20.,-4.45,2.7));
#9508=CARTESIAN_POINT('Origin',(52.2,-8.9,4.));
#9509=CARTESIAN_POINT('',(53.6,-7.7,4.));
#9510=CARTESIAN_POINT('Origin',(52.2,-7.7,4.));
#9511=CARTESIAN_POINT('Origin',(22.704566951056,-6.593529969449,33.5));
#9512=CARTESIAN_POINT('',(65.,-8.8,33.5));
#9513=CARTESIAN_POINT('',(65.,-3.,33.5));
#9514=CARTESIAN_POINT('',(62.7,-8.8,33.5));
#9515=CARTESIAN_POINT('',(62.7,-8.8,33.5));
#9516=CARTESIAN_POINT('',(62.7,-12.5,33.5));
#9517=CARTESIAN_POINT('',(63.,-4.,33.5));
#9518=CARTESIAN_POINT('',(50.,-7.5,33.5));
#9519=CARTESIAN_POINT('',(49.,-7.5,33.5));
#9520=CARTESIAN_POINT('',(50.,-7.5,33.5));
#9521=CARTESIAN_POINT('',(50.,-3.5,33.5));
#9522=CARTESIAN_POINT('',(50.,-3.5,33.5));
#9523=CARTESIAN_POINT('',(40.,-3.5,33.5));
#9524=CARTESIAN_POINT('',(40.,-3.5,33.5));
#9525=CARTESIAN_POINT('',(40.,-7.5,33.5));
#9526=CARTESIAN_POINT('',(40.,-7.5,33.5));
#9527=CARTESIAN_POINT('',(41.,-7.5,33.5));
#9528=CARTESIAN_POINT('',(50.,-7.5,33.5));
#9529=CARTESIAN_POINT('',(41.,-5.5,33.5));
#9530=CARTESIAN_POINT('',(41.,-7.5,33.5));
#9531=CARTESIAN_POINT('',(49.,-5.5,33.5));
#9532=CARTESIAN_POINT('',(41.,-5.5,33.5));
#9533=CARTESIAN_POINT('',(49.,-5.5,33.5));
#9534=CARTESIAN_POINT('',(0.,-7.5,33.5));
#9535=CARTESIAN_POINT('',(-1.,-7.5,33.5));
#9536=CARTESIAN_POINT('',(0.,-7.5,33.5));
#9537=CARTESIAN_POINT('',(0.,-3.5,33.5));
#9538=CARTESIAN_POINT('',(0.,-3.5,33.5));
#9539=CARTESIAN_POINT('',(-10.,-3.5,33.5));
#9540=CARTESIAN_POINT('',(-10.,-3.5,33.5));
#9541=CARTESIAN_POINT('',(-10.,-7.5,33.5));
#9542=CARTESIAN_POINT('',(-10.,-7.5,33.5));
#9543=CARTESIAN_POINT('',(-9.,-7.5,33.5));
#9544=CARTESIAN_POINT('',(0.,-7.5,33.5));
#9545=CARTESIAN_POINT('',(-9.,-5.5,33.5));
#9546=CARTESIAN_POINT('',(-9.,-7.5,33.5));
#9547=CARTESIAN_POINT('',(-1.,-5.5,33.5));
#9548=CARTESIAN_POINT('',(-9.,-5.5,33.5));
#9549=CARTESIAN_POINT('',(-1.,-5.5,33.5));
#9550=CARTESIAN_POINT('Origin',(62.7,-12.1027027027,19.353603603604));
#9551=CARTESIAN_POINT('',(62.7,-8.8,29.9));
#9552=CARTESIAN_POINT('',(62.7,-8.8,4.5));
#9553=CARTESIAN_POINT('',(62.7,-8.4,29.5));
#9554=CARTESIAN_POINT('Origin',(62.7,-8.4,29.9));
#9555=CARTESIAN_POINT('',(62.7,-5.3,29.5));
#9556=CARTESIAN_POINT('',(62.7,-8.8,29.5));
#9557=CARTESIAN_POINT('',(62.7,-5.3,24.5));
#9558=CARTESIAN_POINT('',(62.7,-5.3,29.5));
#9559=CARTESIAN_POINT('',(62.7,-8.8,24.5));
#9560=CARTESIAN_POINT('',(62.7,-8.8,10.5));
#9561=CARTESIAN_POINT('',(62.7,-14.5,10.5));
#9562=CARTESIAN_POINT('',(62.7,-8.8,4.5));
#9563=CARTESIAN_POINT('',(62.7,-8.8,4.5));
#9564=CARTESIAN_POINT('',(62.7,-12.5,4.5));
#9565=CARTESIAN_POINT('',(62.7,-15.,4.5));
#9566=CARTESIAN_POINT('',(62.7,-12.5,4.5));
#9567=CARTESIAN_POINT('',(62.7,-15.,30.5));
#9568=CARTESIAN_POINT('',(62.7,-15.,30.5));
#9569=CARTESIAN_POINT('',(62.7,-12.5,30.5));
#9570=CARTESIAN_POINT('Origin',(1.5,-12.5,30.5));
#9571=CARTESIAN_POINT('',(1.5,-15.,30.5));
#9572=CARTESIAN_POINT('',(1.5,-12.5,30.5));
#9573=CARTESIAN_POINT('',(1.5,-15.,30.5));
#9574=CARTESIAN_POINT('Origin',(1.5,-11.33450704225,17.5));
#9575=CARTESIAN_POINT('',(1.5,-15.,4.5));
#9576=CARTESIAN_POINT('',(1.5,-12.5,4.5));
#9577=CARTESIAN_POINT('',(1.5,-5.5,10.));
#9578=CARTESIAN_POINT('',(1.5,-12.5,10.));
#9579=CARTESIAN_POINT('',(1.5,-5.5,25.));
#9580=CARTESIAN_POINT('',(1.5,-5.5,25.));
#9581=CARTESIAN_POINT('',(1.5,-12.5,25.));
#9582=CARTESIAN_POINT('',(1.5,-15.,4.5));
#9583=CARTESIAN_POINT('',(1.5,-6.,20.5));
#9584=CARTESIAN_POINT('',(1.5,-8.,20.5));
#9585=CARTESIAN_POINT('',(1.5,-6.,20.5));
#9586=CARTESIAN_POINT('',(1.5,-6.,14.5));
#9587=CARTESIAN_POINT('',(1.5,-6.,14.5));
#9588=CARTESIAN_POINT('',(1.5,-8.,14.5));
#9589=CARTESIAN_POINT('',(1.5,-8.,14.5));
#9590=CARTESIAN_POINT('',(1.5,-8.,20.5));
#9591=CARTESIAN_POINT('Origin',(-2.16E-015,-12.5,25.));
#9592=CARTESIAN_POINT('',(-2.E-015,-5.5,25.));
#9593=CARTESIAN_POINT('',(-2.16E-015,-12.5,25.));
#9594=CARTESIAN_POINT('',(1.E-015,-5.5,25.));
#9595=CARTESIAN_POINT('Origin',(-8.7E-016,-12.5,10.));
#9596=CARTESIAN_POINT('',(0.,-5.5,10.));
#9597=CARTESIAN_POINT('',(-8.7E-016,-12.5,10.));
#9598=CARTESIAN_POINT('',(1.E-015,-5.5,10.));
#9599=CARTESIAN_POINT('Origin',(1.5,-12.5,10.));
#9600=CARTESIAN_POINT('',(1.5,-5.5,10.));
#9601=CARTESIAN_POINT('Origin',(65.,-12.5,4.5));
#9602=CARTESIAN_POINT('',(65.,-8.8,4.5));
#9603=CARTESIAN_POINT('Origin',(62.7,-12.5,4.5));
#9604=CARTESIAN_POINT('',(62.7,-15.,4.5));
#9605=CARTESIAN_POINT('Origin',(-13.,-12.5,17.5));
#9606=CARTESIAN_POINT('',(-21.05,-17.,17.5));
#9607=CARTESIAN_POINT('Origin',(-13.,-17.,17.5));
#9608=CARTESIAN_POINT('Origin',(63.85,-8.8,19.));
#9609=CARTESIAN_POINT('',(64.425,-8.8,10.5));
#9610=CARTESIAN_POINT('Origin',(65.,-14.5,10.5));
#9611=CARTESIAN_POINT('Origin',(63.728260869565,-10.02173913043,24.5));
#9612=CARTESIAN_POINT('',(64.2,-8.4,24.5));
#9613=CARTESIAN_POINT('',(64.2,-5.3,24.5));
#9614=CARTESIAN_POINT('',(64.2,-8.8,24.5));
#9615=CARTESIAN_POINT('',(64.6,-8.8,24.5));
#9616=CARTESIAN_POINT('Origin',(64.6,-8.4,24.5));
#9617=CARTESIAN_POINT('',(65.,-8.8,24.5));
#9618=CARTESIAN_POINT('',(64.425,-8.8,24.5));
#9619=CARTESIAN_POINT('',(65.,-6.8,24.5));
#9620=CARTESIAN_POINT('',(62.7,-5.3,24.5));
#9621=CARTESIAN_POINT('Origin',(65.,-11.79721485411,17.647214854111));
#9622=CARTESIAN_POINT('',(65.,-8.8,33.5));
#9623=CARTESIAN_POINT('Origin',(68.,0.,35.));
#9624=CARTESIAN_POINT('',(-28.,-14.6,35.));
#9625=CARTESIAN_POINT('',(-28.,0.,35.));
#9626=CARTESIAN_POINT('',(68.,-14.6,35.));
#9627=CARTESIAN_POINT('Origin',(69.4,-14.6,35.));
#9628=CARTESIAN_POINT('',(69.4,-16.,36.4));
#9629=CARTESIAN_POINT('Origin',(69.4,-14.6,36.4));
#9630=CARTESIAN_POINT('',(69.4,-16.,-1.4));
#9631=CARTESIAN_POINT('',(69.4,-16.,35.));
#9632=CARTESIAN_POINT('Origin',(69.4,-14.6,-1.4));
#9633=CARTESIAN_POINT('Origin',(63.,0.,12.5));
#9634=CARTESIAN_POINT('',(64.,0.,12.5));
#9635=CARTESIAN_POINT('Origin',(64.,-1.,17.5));
#9636=CARTESIAN_POINT('',(64.,-2.,22.5));
#9637=CARTESIAN_POINT('Origin',(63.,-2.,22.5));
#9638=CARTESIAN_POINT('',(63.,-2.,22.5));
#9639=CARTESIAN_POINT('Origin',(63.,-8.,17.5));
#9640=CARTESIAN_POINT('Origin',(-28.,-8.,17.5));
#9641=CARTESIAN_POINT('',(-28.,-14.6,35.));
#9642=CARTESIAN_POINT('Origin',(68.,-14.6,-1.4));
#9643=CARTESIAN_POINT('',(-29.4,-16.,-1.4));
#9644=CARTESIAN_POINT('',(68.,-16.,-1.4));
#9645=CARTESIAN_POINT('Origin',(-29.4,-14.6,-1.4));
#9646=CARTESIAN_POINT('Origin',(47.5000001,-13.5,3.7E-016));
#9647=CARTESIAN_POINT('',(47.5000001,-13.5,0.5));
#9648=CARTESIAN_POINT('',(47.5000001,-13.5,3.7E-016));
#9649=CARTESIAN_POINT('',(48.309721309913,-13.5,0.5));
#9650=CARTESIAN_POINT('',(47.5000001,-13.5,0.5));
#9651=CARTESIAN_POINT('',(48.309721309913,-13.5,3.7E-016));
#9652=CARTESIAN_POINT('Origin',(47.5000001,-10.5,0.));
#9653=CARTESIAN_POINT('',(47.5000001,-10.5,0.5));
#9654=CARTESIAN_POINT('',(47.5000001,-10.5,0.));
#9655=CARTESIAN_POINT('',(47.5000001,-10.5,0.5));
#9656=CARTESIAN_POINT('Ctrl Pts',(48.309721309913,-13.4999999999988,10000.));
#9657=CARTESIAN_POINT('Ctrl Pts',(48.309721309913,-13.5000000000012,-10000.));
#9658=CARTESIAN_POINT('Ctrl Pts',(48.678708190379,-13.4999999999988,10000.));
#9659=CARTESIAN_POINT('Ctrl Pts',(48.678708190379,-13.5000000000012,-10000.));
#9660=CARTESIAN_POINT('Ctrl Pts',(48.919506295335,-13.4085732507188,10000.));
#9661=CARTESIAN_POINT('Ctrl Pts',(48.919506295335,-13.4085732507212,-10000.));
#9662=CARTESIAN_POINT('',(48.919506295335,-13.40857325072,0.5));
#9663=CARTESIAN_POINT('Ctrl Pts',(48.309721309913,-13.5,0.5));
#9664=CARTESIAN_POINT('Ctrl Pts',(48.678708190379,-13.5,0.5));
#9665=CARTESIAN_POINT('Ctrl Pts',(48.919506295335,-13.40857325072,0.5));
#9666=CARTESIAN_POINT('',(48.919506295335,-13.40857325072,3.6E-016));
#9667=CARTESIAN_POINT('Origin',(47.848487709329,-10.5,0.));
#9668=CARTESIAN_POINT('',(47.848487709329,-10.5,0.5));
#9669=CARTESIAN_POINT('',(47.848487709329,-10.5,0.));
#9670=CARTESIAN_POINT('',(47.848487709329,-10.5,0.5));
#9671=CARTESIAN_POINT('Ctrl Pts',(48.919506295335,-13.4085732507188,10000.));
#9672=CARTESIAN_POINT('Ctrl Pts',(48.919506295335,-13.4085732507212,-10000.));
#9673=CARTESIAN_POINT('Ctrl Pts',(49.160441062099,-13.3172831632588,10000.));
#9674=CARTESIAN_POINT('Ctrl Pts',(49.160441062099,-13.3172831632612,-10000.));
#9675=CARTESIAN_POINT('Ctrl Pts',(49.279336834694,-13.1303298104888,10000.));
#9676=CARTESIAN_POINT('Ctrl Pts',(49.279336834694,-13.1303298104912,-10000.));
#9677=CARTESIAN_POINT('',(49.279336834694,-13.13032981049,0.5));
#9678=CARTESIAN_POINT('Ctrl Pts',(48.919506295335,-13.40857325072,0.5));
#9679=CARTESIAN_POINT('Ctrl Pts',(49.160441062099,-13.31728316326,0.5));
#9680=CARTESIAN_POINT('Ctrl Pts',(49.279336834694,-13.13032981049,0.5));
#9681=CARTESIAN_POINT('',(49.279336834694,-13.13032981049,3.2E-016));
#9682=CARTESIAN_POINT('Origin',(47.848487709329,-11.75072886297,1.5E-016));
#9683=CARTESIAN_POINT('',(47.848487709329,-11.75072886297,0.5));
#9684=CARTESIAN_POINT('',(47.848487709329,-11.75072886297,1.5E-016));
#9685=CARTESIAN_POINT('',(47.848487709329,-11.75072886297,0.5));
#9686=CARTESIAN_POINT('Ctrl Pts',(49.279336834694,-13.1303298104888,10000.));
#9687=CARTESIAN_POINT('Ctrl Pts',(49.279336834694,-13.1303298104912,-10000.));
#9688=CARTESIAN_POINT('Ctrl Pts',(49.398232607289,-12.9435131195288,10000.));
#9689=CARTESIAN_POINT('Ctrl Pts',(49.398232607289,-12.9435131195312,-10000.));
#9690=CARTESIAN_POINT('Ctrl Pts',(49.398232607289,-12.6540634110688,10000.));
#9691=CARTESIAN_POINT('Ctrl Pts',(49.398232607289,-12.6540634110712,-10000.));
#9692=CARTESIAN_POINT('',(49.398232607289,-12.65406341107,0.5));
#9693=CARTESIAN_POINT('Ctrl Pts',(49.279336834694,-13.13032981049,0.5));
#9694=CARTESIAN_POINT('Ctrl Pts',(49.398232607289,-12.94351311953,0.5));
#9695=CARTESIAN_POINT('Ctrl Pts',(49.398232607289,-12.65406341107,0.5));
#9696=CARTESIAN_POINT('',(49.398232607289,-12.65406341107,2.6E-016));
#9697=CARTESIAN_POINT('Origin',(48.471665551895,-11.75072886297,1.5E-016));
#9698=CARTESIAN_POINT('',(48.471665551895,-11.75072886297,0.5));
#9699=CARTESIAN_POINT('',(48.471665551895,-11.75072886297,1.5E-016));
#9700=CARTESIAN_POINT('',(48.471665551895,-11.75072886297,0.5));
#9701=CARTESIAN_POINT('Ctrl Pts',(49.398232607289,-12.6540634110688,10000.));
#9702=CARTESIAN_POINT('Ctrl Pts',(49.398232607289,-12.6540634110712,-10000.));
#9703=CARTESIAN_POINT('Ctrl Pts',(49.398232607289,-12.4158618804588,10000.));
#9704=CARTESIAN_POINT('Ctrl Pts',(49.398232607289,-12.4158618804612,-10000.));
#9705=CARTESIAN_POINT('Ctrl Pts',(49.312135668513,-12.2566508746288,10000.));
#9706=CARTESIAN_POINT('Ctrl Pts',(49.312135668513,-12.2566508746312,-10000.));
#9707=CARTESIAN_POINT('',(49.312135668513,-12.25665087463,0.5));
#9708=CARTESIAN_POINT('Ctrl Pts',(49.398232607289,-12.65406341107,0.5));
#9709=CARTESIAN_POINT('Ctrl Pts',(49.398232607289,-12.41586188046,0.5));
#9710=CARTESIAN_POINT('Ctrl Pts',(49.312135668513,-12.25665087463,0.5));
#9711=CARTESIAN_POINT('',(49.312135668513,-12.25665087463,2.2E-016));
#9712=CARTESIAN_POINT('Origin',(49.205539458601,-10.5,0.));
#9713=CARTESIAN_POINT('',(49.205539458601,-10.5,0.5));
#9714=CARTESIAN_POINT('',(49.205539458601,-10.5,0.));
#9715=CARTESIAN_POINT('',(49.205539458601,-10.5,0.5));
#9716=CARTESIAN_POINT('Ctrl Pts',(49.312135668513,-12.2566508746288,10000.));
#9717=CARTESIAN_POINT('Ctrl Pts',(49.312135668513,-12.2566508746312,-10000.));
#9718=CARTESIAN_POINT('Ctrl Pts',(49.226038729738,-12.0975765306088,10000.));
#9719=CARTESIAN_POINT('Ctrl Pts',(49.226038729738,-12.0975765306112,-10000.));
#9720=CARTESIAN_POINT('Ctrl Pts',(49.086643686006,-11.9990433673388,10000.));
#9721=CARTESIAN_POINT('Ctrl Pts',(49.086643686006,-11.9990433673412,-10000.));
#9722=CARTESIAN_POINT('',(49.086643686006,-11.99904336734,0.5));
#9723=CARTESIAN_POINT('Ctrl Pts',(49.312135668513,-12.25665087463,0.5));
#9724=CARTESIAN_POINT('Ctrl Pts',(49.226038729738,-12.09757653061,0.5));
#9725=CARTESIAN_POINT('Ctrl Pts',(49.086643686006,-11.99904336734,0.5));
#9726=CARTESIAN_POINT('',(49.086643686006,-11.99904336734,1.8E-016));
#9727=CARTESIAN_POINT('Origin',(49.611425027114,-10.5,0.));
#9728=CARTESIAN_POINT('',(49.611425027114,-10.5,0.5));
#9729=CARTESIAN_POINT('',(49.611425027114,-10.5,0.));
#9730=CARTESIAN_POINT('',(49.611425027114,-10.5,0.5));
#9731=CARTESIAN_POINT('Ctrl Pts',(49.086643686006,-11.9990433673388,10000.));
#9732=CARTESIAN_POINT('Ctrl Pts',(49.086643686006,-11.9990433673412,-10000.));
#9733=CARTESIAN_POINT('Ctrl Pts',(48.947248642274,-11.9005102040788,10000.));
#9734=CARTESIAN_POINT('Ctrl Pts',(48.947248642274,-11.9005102040812,-10000.));
#9735=CARTESIAN_POINT('Ctrl Pts',(48.789404254519,-11.8470754373088,10000.));
#9736=CARTESIAN_POINT('Ctrl Pts',(48.789404254519,-11.8470754373112,-10000.));
#9737=CARTESIAN_POINT('',(48.789404254519,-11.84707543731,0.5));
#9738=CARTESIAN_POINT('Ctrl Pts',(49.086643686006,-11.99904336734,0.5));
#9739=CARTESIAN_POINT('Ctrl Pts',(48.947248642274,-11.90051020408,0.5));
#9740=CARTESIAN_POINT('Ctrl Pts',(48.789404254519,-11.84707543731,0.5));
#9741=CARTESIAN_POINT('',(48.789404254519,-11.84707543731,1.6E-016));
#9742=CARTESIAN_POINT('Origin',(48.789404254519,-11.84707543731,1.6E-016));
#9743=CARTESIAN_POINT('',(48.789404254519,-11.84707543731,0.5));
#9744=CARTESIAN_POINT('Ctrl Pts',(50.378917738484,-12.6457270408088,10000.));
#9745=CARTESIAN_POINT('Ctrl Pts',(50.378917738484,-12.6457270408112,-10000.));
#9746=CARTESIAN_POINT('Ctrl Pts',(50.601403161224,-12.7893586005788,10000.));
#9747=CARTESIAN_POINT('Ctrl Pts',(50.601403161224,-12.7893586005812,-10000.));
#9748=CARTESIAN_POINT('Ctrl Pts',(50.902742446939,-12.7893586005788,10000.));
#9749=CARTESIAN_POINT('Ctrl Pts',(50.902742446939,-12.7893586005812,-10000.));
#9750=CARTESIAN_POINT('',(50.378917738484,-12.64572704081,0.5));
#9751=CARTESIAN_POINT('',(50.378917738484,-12.64572704081,2.6E-016));
#9752=CARTESIAN_POINT('',(50.902742446939,-12.78935860058,0.5));
#9753=CARTESIAN_POINT('Ctrl Pts',(50.378917738484,-12.64572704081,0.5));
#9754=CARTESIAN_POINT('Ctrl Pts',(50.601403161224,-12.78935860058,0.5));
#9755=CARTESIAN_POINT('Ctrl Pts',(50.902742446939,-12.78935860058,0.5));
#9756=CARTESIAN_POINT('',(50.902742446939,-12.78935860058,2.8E-016));
#9757=CARTESIAN_POINT('Ctrl Pts',(50.034529983382,-12.2362882652988,10000.));
#9758=CARTESIAN_POINT('Ctrl Pts',(50.034529983382,-12.2362882653012,-10000.));
#9759=CARTESIAN_POINT('Ctrl Pts',(50.156568977551,-12.5020954810488,10000.));
#9760=CARTESIAN_POINT('Ctrl Pts',(50.156568977551,-12.5020954810512,-10000.));
#9761=CARTESIAN_POINT('Ctrl Pts',(50.378917738484,-12.6457270408088,10000.));
#9762=CARTESIAN_POINT('Ctrl Pts',(50.378917738484,-12.6457270408112,-10000.));
#9763=CARTESIAN_POINT('',(50.034529983382,-12.2362882653,0.5));
#9764=CARTESIAN_POINT('',(50.034529983382,-12.2362882653,2.1E-016));
#9765=CARTESIAN_POINT('Ctrl Pts',(50.034529983382,-12.2362882653,0.5));
#9766=CARTESIAN_POINT('Ctrl Pts',(50.156568977551,-12.50209548105,0.5));
#9767=CARTESIAN_POINT('Ctrl Pts',(50.378917738484,-12.64572704081,0.5));
#9768=CARTESIAN_POINT('Ctrl Pts',(50.902742446939,-12.7893586005788,10000.));
#9769=CARTESIAN_POINT('Ctrl Pts',(50.902742446939,-12.7893586005812,-10000.));
#9770=CARTESIAN_POINT('Ctrl Pts',(51.189732242857,-12.7893586005788,10000.));
#9771=CARTESIAN_POINT('Ctrl Pts',(51.189732242857,-12.7893586005812,-10000.));
#9772=CARTESIAN_POINT('Ctrl Pts',(51.394724954227,-12.6618531341088,10000.));
#9773=CARTESIAN_POINT('Ctrl Pts',(51.394724954227,-12.6618531341112,-10000.));
#9774=CARTESIAN_POINT('',(51.394724954227,-12.66185313411,0.5));
#9775=CARTESIAN_POINT('Ctrl Pts',(50.902742446939,-12.78935860058,0.5));
#9776=CARTESIAN_POINT('Ctrl Pts',(51.189732242857,-12.78935860058,0.5));
#9777=CARTESIAN_POINT('Ctrl Pts',(51.394724954227,-12.66185313411,0.5));
#9778=CARTESIAN_POINT('',(51.394724954227,-12.66185313411,2.6E-016));
#9779=CARTESIAN_POINT('Ctrl Pts',(49.91262765102,-11.6075072886288,10000.));
#9780=CARTESIAN_POINT('Ctrl Pts',(49.91262765102,-11.6075072886312,-10000.));
#9781=CARTESIAN_POINT('Ctrl Pts',(49.91262765102,-11.9706177113688,10000.));
#9782=CARTESIAN_POINT('Ctrl Pts',(49.91262765102,-11.9706177113712,-10000.));
#9783=CARTESIAN_POINT('Ctrl Pts',(50.034529983382,-12.2362882652988,10000.));
#9784=CARTESIAN_POINT('Ctrl Pts',(50.034529983382,-12.2362882653012,-10000.));
#9785=CARTESIAN_POINT('',(49.91262765102,-11.60750728863,0.5));
#9786=CARTESIAN_POINT('',(49.91262765102,-11.60750728863,1.4E-016));
#9787=CARTESIAN_POINT('Ctrl Pts',(49.91262765102,-11.60750728863,0.5));
#9788=CARTESIAN_POINT('Ctrl Pts',(49.91262765102,-11.97061771137,0.5));
#9789=CARTESIAN_POINT('Ctrl Pts',(50.034529983382,-12.2362882653,0.5));
#9790=CARTESIAN_POINT('Ctrl Pts',(51.394724954227,-12.6618531341088,10000.));
#9791=CARTESIAN_POINT('Ctrl Pts',(51.394724954227,-12.6618531341112,-10000.));
#9792=CARTESIAN_POINT('Ctrl Pts',(51.599717665598,-12.5344843294388,10000.));
#9793=CARTESIAN_POINT('Ctrl Pts',(51.599717665598,-12.5344843294412,-10000.));
#9794=CARTESIAN_POINT('Ctrl Pts',(51.708363802624,-12.3053024781288,10000.));
#9795=CARTESIAN_POINT('Ctrl Pts',(51.708363802624,-12.3053024781312,-10000.));
#9796=CARTESIAN_POINT('',(51.708363802624,-12.30530247813,0.5));
#9797=CARTESIAN_POINT('Ctrl Pts',(51.394724954227,-12.66185313411,0.5));
#9798=CARTESIAN_POINT('Ctrl Pts',(51.599717665598,-12.53448432944,0.5));
#9799=CARTESIAN_POINT('Ctrl Pts',(51.708363802624,-12.30530247813,0.5));
#9800=CARTESIAN_POINT('',(51.708363802624,-12.30530247813,2.2E-016));
#9801=CARTESIAN_POINT('Ctrl Pts',(50.045872913411,-10.9795462827888,10000.));
#9802=CARTESIAN_POINT('Ctrl Pts',(50.045872913411,-10.9795462827912,-10000.));
#9803=CARTESIAN_POINT('Ctrl Pts',(49.91262765102,-11.2360604956188,10000.));
#9804=CARTESIAN_POINT('Ctrl Pts',(49.91262765102,-11.2360604956212,-10000.));
#9805=CARTESIAN_POINT('Ctrl Pts',(49.91262765102,-11.6075072886288,10000.));
#9806=CARTESIAN_POINT('Ctrl Pts',(49.91262765102,-11.6075072886312,-10000.));
#9807=CARTESIAN_POINT('',(50.045872913411,-10.97954628279,0.5));
#9808=CARTESIAN_POINT('',(50.045872913411,-10.97954628279,6.E-017));
#9809=CARTESIAN_POINT('Ctrl Pts',(50.045872913411,-10.97954628279,0.5));
#9810=CARTESIAN_POINT('Ctrl Pts',(49.91262765102,-11.23606049562,0.5));
#9811=CARTESIAN_POINT('Ctrl Pts',(49.91262765102,-11.60750728863,0.5));
#9812=CARTESIAN_POINT('Ctrl Pts',(51.708363802624,-12.3053024781288,10000.));
#9813=CARTESIAN_POINT('Ctrl Pts',(51.708363802624,-12.3053024781312,-10000.));
#9814=CARTESIAN_POINT('Ctrl Pts',(51.81700993965,-12.0762572886288,10000.));
#9815=CARTESIAN_POINT('Ctrl Pts',(51.81700993965,-12.0762572886312,-10000.));
#9816=CARTESIAN_POINT('Ctrl Pts',(51.81700993965,-11.7699981778388,10000.));
#9817=CARTESIAN_POINT('Ctrl Pts',(51.81700993965,-11.7699981778412,-10000.));
#9818=CARTESIAN_POINT('',(51.81700993965,-11.76999817784,0.5));
#9819=CARTESIAN_POINT('Ctrl Pts',(51.708363802624,-12.30530247813,0.5));
#9820=CARTESIAN_POINT('Ctrl Pts',(51.81700993965,-12.07625728863,0.5));
#9821=CARTESIAN_POINT('Ctrl Pts',(51.81700993965,-11.76999817784,0.5));
#9822=CARTESIAN_POINT('',(51.81700993965,-11.76999817784,1.6E-016));
#9823=CARTESIAN_POINT('Ctrl Pts',(50.419916280758,-10.5907434402288,10000.));
#9824=CARTESIAN_POINT('Ctrl Pts',(50.419916280758,-10.5907434402312,-10000.));
#9825=CARTESIAN_POINT('Ctrl Pts',(50.179118175802,-10.7231687317688,10000.));
#9826=CARTESIAN_POINT('Ctrl Pts',(50.179118175802,-10.7231687317712,-10000.));
#9827=CARTESIAN_POINT('Ctrl Pts',(50.045872913411,-10.9795462827888,10000.));
#9828=CARTESIAN_POINT('Ctrl Pts',(50.045872913411,-10.9795462827912,-10000.));
#9829=CARTESIAN_POINT('',(50.419916280758,-10.59074344023,0.5));
#9830=CARTESIAN_POINT('',(50.419916280758,-10.59074344023,1.E-017));
#9831=CARTESIAN_POINT('Ctrl Pts',(50.419916280758,-10.59074344023,0.5));
#9832=CARTESIAN_POINT('Ctrl Pts',(50.179118175802,-10.72316873177,0.5));
#9833=CARTESIAN_POINT('Ctrl Pts',(50.045872913411,-10.97954628279,0.5));
#9834=CARTESIAN_POINT('Origin',(51.81700993965,-11.76999817784,1.6E-016));
#9835=CARTESIAN_POINT('',(51.81700993965,-11.5583090379,0.5));
#9836=CARTESIAN_POINT('',(51.81700993965,-11.76999817784,0.5));
#9837=CARTESIAN_POINT('',(51.81700993965,-11.5583090379,1.3E-016));
#9838=CARTESIAN_POINT('Ctrl Pts',(50.984739531487,-10.4584548104888,10000.));
#9839=CARTESIAN_POINT('Ctrl Pts',(50.984739531487,-10.4584548104912,-10000.));
#9840=CARTESIAN_POINT('Ctrl Pts',(50.660851047522,-10.4584548104888,10000.));
#9841=CARTESIAN_POINT('Ctrl Pts',(50.660851047522,-10.4584548104912,-10000.));
#9842=CARTESIAN_POINT('Ctrl Pts',(50.419916280758,-10.5907434402288,10000.));
#9843=CARTESIAN_POINT('Ctrl Pts',(50.419916280758,-10.5907434402312,-10000.));
#9844=CARTESIAN_POINT('',(50.984739531487,-10.45845481049,0.5));
#9845=CARTESIAN_POINT('',(50.984739531487,-10.45845481049,-1.E-017));
#9846=CARTESIAN_POINT('Ctrl Pts',(50.984739531487,-10.45845481049,0.5));
#9847=CARTESIAN_POINT('Ctrl Pts',(50.660851047522,-10.45845481049,0.5));
#9848=CARTESIAN_POINT('Ctrl Pts',(50.419916280758,-10.59074344023,0.5));
#9849=CARTESIAN_POINT('Origin',(51.81700993965,-11.5583090379,1.3E-016));
#9850=CARTESIAN_POINT('',(50.265215114577,-11.5583090379,0.5));
#9851=CARTESIAN_POINT('',(51.81700993965,-11.5583090379,0.5));
#9852=CARTESIAN_POINT('',(50.265215114577,-11.5583090379,1.3E-016));
#9853=CARTESIAN_POINT('Ctrl Pts',(51.379282169971,-10.4933035714188,10000.));
#9854=CARTESIAN_POINT('Ctrl Pts',(51.379282169971,-10.4933035714212,-10000.));
#9855=CARTESIAN_POINT('Ctrl Pts',(51.212281441108,-10.4584548104888,10000.));
#9856=CARTESIAN_POINT('Ctrl Pts',(51.212281441108,-10.4584548104912,-10000.));
#9857=CARTESIAN_POINT('Ctrl Pts',(50.984739531487,-10.4584548104888,10000.));
#9858=CARTESIAN_POINT('Ctrl Pts',(50.984739531487,-10.4584548104912,-10000.));
#9859=CARTESIAN_POINT('',(51.379282169971,-10.49330357142,0.5));
#9860=CARTESIAN_POINT('',(51.379282169971,-10.49330357142,0.));
#9861=CARTESIAN_POINT('Ctrl Pts',(51.379282169971,-10.49330357142,0.5));
#9862=CARTESIAN_POINT('Ctrl Pts',(51.212281441108,-10.45845481049,0.5));
#9863=CARTESIAN_POINT('Ctrl Pts',(50.984739531487,-10.45845481049,0.5));
#9864=CARTESIAN_POINT('Ctrl Pts',(50.265215114577,-11.5583090378988,10000.));
#9865=CARTESIAN_POINT('Ctrl Pts',(50.265215114577,-11.5583090379012,-10000.));
#9866=CARTESIAN_POINT('Ctrl Pts',(50.271364895918,-11.1630830903688,10000.));
#9867=CARTESIAN_POINT('Ctrl Pts',(50.271364895918,-11.1630830903712,-10000.));
#9868=CARTESIAN_POINT('Ctrl Pts',(50.462008117493,-10.9563137755088,10000.));
#9869=CARTESIAN_POINT('Ctrl Pts',(50.462008117493,-10.9563137755112,-10000.));
#9870=CARTESIAN_POINT('',(50.462008117493,-10.95631377551,0.5));
#9871=CARTESIAN_POINT('Ctrl Pts',(50.265215114577,-11.5583090379,0.5));
#9872=CARTESIAN_POINT('Ctrl Pts',(50.271364895918,-11.16308309037,0.5));
#9873=CARTESIAN_POINT('Ctrl Pts',(50.462008117493,-10.95631377551,0.5));
#9874=CARTESIAN_POINT('',(50.462008117493,-10.95631377551,6.E-017));
#9875=CARTESIAN_POINT('Ctrl Pts',(51.716563511079,-10.6039996355588,10000.));
#9876=CARTESIAN_POINT('Ctrl Pts',(51.716563511079,-10.6039996355612,-10000.));
#9877=CARTESIAN_POINT('Ctrl Pts',(51.546419560641,-10.5281523323588,10000.));
#9878=CARTESIAN_POINT('Ctrl Pts',(51.546419560641,-10.5281523323612,-10000.));
#9879=CARTESIAN_POINT('Ctrl Pts',(51.379282169971,-10.4933035714188,10000.));
#9880=CARTESIAN_POINT('Ctrl Pts',(51.379282169971,-10.4933035714212,-10000.));
#9881=CARTESIAN_POINT('',(51.716563511079,-10.60399963556,0.5));
#9882=CARTESIAN_POINT('',(51.716563511079,-10.60399963556,1.E-017));
#9883=CARTESIAN_POINT('Ctrl Pts',(51.716563511079,-10.60399963556,0.5));
#9884=CARTESIAN_POINT('Ctrl Pts',(51.546419560641,-10.52815233236,0.5));
#9885=CARTESIAN_POINT('Ctrl Pts',(51.379282169971,-10.49330357142,0.5));
#9886=CARTESIAN_POINT('Ctrl Pts',(50.462008117493,-10.9563137755088,10000.));
#9887=CARTESIAN_POINT('Ctrl Pts',(50.462008117493,-10.9563137755112,-10000.));
#9888=CARTESIAN_POINT('Ctrl Pts',(50.652651339067,-10.7495444606388,10000.));
#9889=CARTESIAN_POINT('Ctrl Pts',(50.652651339067,-10.7495444606412,-10000.));
#9890=CARTESIAN_POINT('Ctrl Pts',(50.999089021283,-10.7495444606388,10000.));
#9891=CARTESIAN_POINT('Ctrl Pts',(50.999089021283,-10.7495444606412,-10000.));
#9892=CARTESIAN_POINT('',(50.999089021283,-10.74954446064,0.5));
#9893=CARTESIAN_POINT('Ctrl Pts',(50.462008117493,-10.95631377551,0.5));
#9894=CARTESIAN_POINT('Ctrl Pts',(50.652651339067,-10.74954446064,0.5));
#9895=CARTESIAN_POINT('Ctrl Pts',(50.999089021283,-10.74954446064,0.5));
#9896=CARTESIAN_POINT('',(50.999089021283,-10.74954446064,3.E-017));
#9897=CARTESIAN_POINT('Origin',(51.716563511079,-10.90328899416,5.E-017));
#9898=CARTESIAN_POINT('',(51.716563511079,-10.90328899416,0.5));
#9899=CARTESIAN_POINT('',(51.716563511079,-10.90328899416,5.E-017));
#9900=CARTESIAN_POINT('',(51.716563511079,-10.90328899416,0.5));
#9901=CARTESIAN_POINT('Ctrl Pts',(50.999089021283,-10.7495444606388,10000.));
#9902=CARTESIAN_POINT('Ctrl Pts',(50.999089021283,-10.7495444606412,-10000.));
#9903=CARTESIAN_POINT('Ctrl Pts',(51.212281441108,-10.7495444606388,10000.));
#9904=CARTESIAN_POINT('Ctrl Pts',(51.212281441108,-10.7495444606412,-10000.));
#9905=CARTESIAN_POINT('Ctrl Pts',(51.376275610204,-10.7884930757988,10000.));
#9906=CARTESIAN_POINT('Ctrl Pts',(51.376275610204,-10.7884930758012,-10000.));
#9907=CARTESIAN_POINT('',(51.376275610204,-10.7884930758,0.5));
#9908=CARTESIAN_POINT('Ctrl Pts',(50.999089021283,-10.74954446064,0.5));
#9909=CARTESIAN_POINT('Ctrl Pts',(51.212281441108,-10.74954446064,0.5));
#9910=CARTESIAN_POINT('Ctrl Pts',(51.376275610204,-10.7884930758,0.5));
#9911=CARTESIAN_POINT('',(51.376275610204,-10.7884930758,4.E-017));
#9912=CARTESIAN_POINT('Ctrl Pts',(51.376275610204,-10.7884930757988,10000.));
#9913=CARTESIAN_POINT('Ctrl Pts',(51.376275610204,-10.7884930758012,-10000.));
#9914=CARTESIAN_POINT('Ctrl Pts',(51.5402697793,-10.8274416909588,10000.));
#9915=CARTESIAN_POINT('Ctrl Pts',(51.5402697793,-10.8274416909612,-10000.));
#9916=CARTESIAN_POINT('Ctrl Pts',(51.716563511079,-10.9032889941588,10000.));
#9917=CARTESIAN_POINT('Ctrl Pts',(51.716563511079,-10.9032889941612,-10000.));
#9918=CARTESIAN_POINT('Ctrl Pts',(51.376275610204,-10.7884930758,0.5));
#9919=CARTESIAN_POINT('Ctrl Pts',(51.5402697793,-10.82744169096,0.5));
#9920=CARTESIAN_POINT('Ctrl Pts',(51.716563511079,-10.90328899416,0.5));
#9921=CARTESIAN_POINT('Ctrl Pts',(53.769497184548,-11.4176840378988,10000.));
#9922=CARTESIAN_POINT('Ctrl Pts',(53.769497184548,-11.4176840379012,-10000.));
#9923=CARTESIAN_POINT('Ctrl Pts',(53.852587563557,-11.2997448979488,10000.));
#9924=CARTESIAN_POINT('Ctrl Pts',(53.852587563557,-11.2997448979512,-10000.));
#9925=CARTESIAN_POINT('Ctrl Pts',(53.852587563557,-11.1149781341088,10000.));
#9926=CARTESIAN_POINT('Ctrl Pts',(53.852587563557,-11.1149781341112,-10000.));
#9927=CARTESIAN_POINT('',(53.769497184548,-11.4176840379,0.5));
#9928=CARTESIAN_POINT('',(53.769497184548,-11.4176840379,1.1E-016));
#9929=CARTESIAN_POINT('',(53.852587563557,-11.11497813411,0.5));
#9930=CARTESIAN_POINT('Ctrl Pts',(53.769497184548,-11.4176840379,0.5));
#9931=CARTESIAN_POINT('Ctrl Pts',(53.852587563557,-11.29974489795,0.5));
#9932=CARTESIAN_POINT('Ctrl Pts',(53.852587563557,-11.11497813411,0.5));
#9933=CARTESIAN_POINT('',(53.852587563557,-11.11497813411,8.E-017));
#9934=CARTESIAN_POINT('Ctrl Pts',(53.532798933819,-11.6187135568488,10000.));
#9935=CARTESIAN_POINT('Ctrl Pts',(53.532798933819,-11.6187135568512,-10000.));
#9936=CARTESIAN_POINT('Ctrl Pts',(53.686543467347,-11.5356231778388,10000.));
#9937=CARTESIAN_POINT('Ctrl Pts',(53.686543467347,-11.5356231778412,-10000.));
#9938=CARTESIAN_POINT('Ctrl Pts',(53.769497184548,-11.4176840378988,10000.));
#9939=CARTESIAN_POINT('Ctrl Pts',(53.769497184548,-11.4176840379012,-10000.));
#9940=CARTESIAN_POINT('',(53.532798933819,-11.61871355685,0.5));
#9941=CARTESIAN_POINT('',(53.532798933819,-11.61871355685,1.4E-016));
#9942=CARTESIAN_POINT('Ctrl Pts',(53.532798933819,-11.61871355685,0.5));
#9943=CARTESIAN_POINT('Ctrl Pts',(53.686543467347,-11.53562317784,0.5));
#9944=CARTESIAN_POINT('Ctrl Pts',(53.769497184548,-11.4176840379,0.5));
#9945=CARTESIAN_POINT('Ctrl Pts',(53.852587563557,-11.1149781341088,10000.));
#9946=CARTESIAN_POINT('Ctrl Pts',(53.852587563557,-11.1149781341112,-10000.));
#9947=CARTESIAN_POINT('Ctrl Pts',(53.852587563557,-10.8995991253588,10000.));
#9948=CARTESIAN_POINT('Ctrl Pts',(53.852587563557,-10.8995991253612,-10000.));
#9949=CARTESIAN_POINT('Ctrl Pts',(53.744898059184,-10.7528243440188,10000.));
#9950=CARTESIAN_POINT('Ctrl Pts',(53.744898059184,-10.7528243440212,-10000.));
#9951=CARTESIAN_POINT('',(53.744898059184,-10.75282434402,0.5));
#9952=CARTESIAN_POINT('Ctrl Pts',(53.852587563557,-11.11497813411,0.5));
#9953=CARTESIAN_POINT('Ctrl Pts',(53.852587563557,-10.89959912536,0.5));
#9954=CARTESIAN_POINT('Ctrl Pts',(53.744898059184,-10.75282434402,0.5));
#9955=CARTESIAN_POINT('',(53.744898059184,-10.75282434402,3.E-017));
#9956=CARTESIAN_POINT('Ctrl Pts',(53.16791190758,-11.7798378279788,10000.));
#9957=CARTESIAN_POINT('Ctrl Pts',(53.16791190758,-11.7798378279812,-10000.));
#9958=CARTESIAN_POINT('Ctrl Pts',(53.379054400292,-11.7018039358588,10000.));
#9959=CARTESIAN_POINT('Ctrl Pts',(53.379054400292,-11.7018039358612,-10000.));
#9960=CARTESIAN_POINT('Ctrl Pts',(53.532798933819,-11.6187135568488,10000.));
#9961=CARTESIAN_POINT('Ctrl Pts',(53.532798933819,-11.6187135568512,-10000.));
#9962=CARTESIAN_POINT('',(53.16791190758,-11.77983782798,0.5));
#9963=CARTESIAN_POINT('',(53.16791190758,-11.77983782798,1.6E-016));
#9964=CARTESIAN_POINT('Ctrl Pts',(53.16791190758,-11.77983782798,0.5));
#9965=CARTESIAN_POINT('Ctrl Pts',(53.379054400292,-11.70180393586,0.5));
#9966=CARTESIAN_POINT('Ctrl Pts',(53.532798933819,-11.61871355685,0.5));
#9967=CARTESIAN_POINT('Ctrl Pts',(53.744898059184,-10.7528243440188,10000.));
#9968=CARTESIAN_POINT('Ctrl Pts',(53.744898059184,-10.7528243440212,-10000.));
#9969=CARTESIAN_POINT('Ctrl Pts',(53.637345216618,-10.6061862244888,10000.));
#9970=CARTESIAN_POINT('Ctrl Pts',(53.637345216618,-10.6061862244912,-10000.));
#9971=CARTESIAN_POINT('Ctrl Pts',(53.437408992128,-10.5322521865788,10000.));
#9972=CARTESIAN_POINT('Ctrl Pts',(53.437408992128,-10.5322521865812,-10000.));
#9973=CARTESIAN_POINT('',(53.437408992128,-10.53225218658,0.5));
#9974=CARTESIAN_POINT('Ctrl Pts',(53.744898059184,-10.75282434402,0.5));
#9975=CARTESIAN_POINT('Ctrl Pts',(53.637345216618,-10.60618622449,0.5));
#9976=CARTESIAN_POINT('Ctrl Pts',(53.437408992128,-10.53225218658,0.5));
#9977=CARTESIAN_POINT('',(53.437408992128,-10.53225218658,0.));
#9978=CARTESIAN_POINT('Ctrl Pts',(52.827624006706,-11.9193695335188,10000.));
#9979=CARTESIAN_POINT('Ctrl Pts',(52.827624006706,-11.9193695335212,-10000.));
#9980=CARTESIAN_POINT('Ctrl Pts',(52.956769414869,-11.8599216472288,10000.));
#9981=CARTESIAN_POINT('Ctrl Pts',(52.956769414869,-11.8599216472312,-10000.));
#9982=CARTESIAN_POINT('Ctrl Pts',(53.16791190758,-11.7798378279788,10000.));
#9983=CARTESIAN_POINT('Ctrl Pts',(53.16791190758,-11.7798378279812,-10000.));
#9984=CARTESIAN_POINT('',(52.827624006706,-11.91936953352,0.5));
#9985=CARTESIAN_POINT('',(52.827624006706,-11.91936953352,1.7E-016));
#9986=CARTESIAN_POINT('Ctrl Pts',(52.827624006706,-11.91936953352,0.5));
#9987=CARTESIAN_POINT('Ctrl Pts',(52.956769414869,-11.85992164723,0.5));
#9988=CARTESIAN_POINT('Ctrl Pts',(53.16791190758,-11.77983782798,0.5));
#9989=CARTESIAN_POINT('Ctrl Pts',(53.437408992128,-10.5322521865788,10000.));
#9990=CARTESIAN_POINT('Ctrl Pts',(53.437408992128,-10.5322521865812,-10000.));
#9991=CARTESIAN_POINT('Ctrl Pts',(53.237609429446,-10.4584548104888,10000.));
#9992=CARTESIAN_POINT('Ctrl Pts',(53.237609429446,-10.4584548104912,-10000.));
#9993=CARTESIAN_POINT('Ctrl Pts',(52.960869269096,-10.4584548104888,10000.));
#9994=CARTESIAN_POINT('Ctrl Pts',(52.960869269096,-10.4584548104912,-10000.));
#9995=CARTESIAN_POINT('',(52.960869269096,-10.45845481049,0.5));
#9996=CARTESIAN_POINT('Ctrl Pts',(53.437408992128,-10.53225218658,0.5));
#9997=CARTESIAN_POINT('Ctrl Pts',(53.237609429446,-10.45845481049,0.5));
#9998=CARTESIAN_POINT('Ctrl Pts',(52.960869269096,-10.45845481049,0.5));
#9999=CARTESIAN_POINT('',(52.960869269096,-10.45845481049,-1.E-017));
#10000=CARTESIAN_POINT('Ctrl Pts',(52.639987344898,-12.0466016763788,10000.));
#10001=CARTESIAN_POINT('Ctrl Pts',(52.639987344898,-12.0466016763812,-10000.));
#10002=CARTESIAN_POINT('Ctrl Pts',(52.698478598542,-11.9789540816288,10000.));
#10003=CARTESIAN_POINT('Ctrl Pts',(52.698478598542,-11.9789540816312,-10000.));
#10004=CARTESIAN_POINT('Ctrl Pts',(52.827624006706,-11.9193695335188,10000.));
#10005=CARTESIAN_POINT('Ctrl Pts',(52.827624006706,-11.9193695335212,-10000.));
#10006=CARTESIAN_POINT('',(52.639987344898,-12.04660167638,0.5));
#10007=CARTESIAN_POINT('',(52.639987344898,-12.04660167638,1.9E-016));
#10008=CARTESIAN_POINT('Ctrl Pts',(52.639987344898,-12.04660167638,0.5));
#10009=CARTESIAN_POINT('Ctrl Pts',(52.698478598542,-11.97895408163,0.5));
#10010=CARTESIAN_POINT('Ctrl Pts',(52.827624006706,-11.91936953352,0.5));
#10011=CARTESIAN_POINT('Ctrl Pts',(52.960869269096,-10.4584548104888,10000.));
#10012=CARTESIAN_POINT('Ctrl Pts',(52.960869269096,-10.4584548104912,-10000.));
#10013=CARTESIAN_POINT('Ctrl Pts',(52.72512765102,-10.4584548104888,10000.));
#10014=CARTESIAN_POINT('Ctrl Pts',(52.72512765102,-10.4584548104912,-10000.));
#10015=CARTESIAN_POINT('Ctrl Pts',(52.552933773469,-10.4953534985388,10000.));
#10016=CARTESIAN_POINT('Ctrl Pts',(52.552933773469,-10.4953534985412,-10000.));
#10017=CARTESIAN_POINT('',(52.552933773469,-10.49535349854,0.5));
#10018=CARTESIAN_POINT('Ctrl Pts',(52.960869269096,-10.45845481049,0.5));
#10019=CARTESIAN_POINT('Ctrl Pts',(52.72512765102,-10.45845481049,0.5));
#10020=CARTESIAN_POINT('Ctrl Pts',(52.552933773469,-10.49535349854,0.5));
#10021=CARTESIAN_POINT('',(52.552933773469,-10.49535349854,0.));
#10022=CARTESIAN_POINT('Ctrl Pts',(52.581632753061,-12.2190688775488,10000.));
#10023=CARTESIAN_POINT('Ctrl Pts',(52.581632753061,-12.2190688775512,-10000.));
#10024=CARTESIAN_POINT('Ctrl Pts',(52.581632753061,-12.1143859329388,10000.));
#10025=CARTESIAN_POINT('Ctrl Pts',(52.581632753061,-12.1143859329412,-10000.));
#10026=CARTESIAN_POINT('Ctrl Pts',(52.639987344898,-12.0466016763788,10000.));
#10027=CARTESIAN_POINT('Ctrl Pts',(52.639987344898,-12.0466016763812,-10000.));
#10028=CARTESIAN_POINT('',(52.581632753061,-12.21906887755,0.5));
#10029=CARTESIAN_POINT('',(52.581632753061,-12.21906887755,2.1E-016));
#10030=CARTESIAN_POINT('Ctrl Pts',(52.581632753061,-12.21906887755,0.5));
#10031=CARTESIAN_POINT('Ctrl Pts',(52.581632753061,-12.11438593294,0.5));
#10032=CARTESIAN_POINT('Ctrl Pts',(52.639987344898,-12.04660167638,0.5));
#10033=CARTESIAN_POINT('Ctrl Pts',(52.552933773469,-10.4953534985388,10000.));
#10034=CARTESIAN_POINT('Ctrl Pts',(52.552933773469,-10.4953534985412,-10000.));
#10035=CARTESIAN_POINT('Ctrl Pts',(52.380739895918,-10.5322521865788,10000.));
#10036=CARTESIAN_POINT('Ctrl Pts',(52.380739895918,-10.5322521865812,-10000.));
#10037=CARTESIAN_POINT('Ctrl Pts',(52.251594487755,-10.5998997813388,10000.));
#10038=CARTESIAN_POINT('Ctrl Pts',(52.251594487755,-10.5998997813412,-10000.));
#10039=CARTESIAN_POINT('',(52.251594487755,-10.59989978134,0.5));
#10040=CARTESIAN_POINT('Ctrl Pts',(52.552933773469,-10.49535349854,0.5));
#10041=CARTESIAN_POINT('Ctrl Pts',(52.380739895918,-10.53225218658,0.5));
#10042=CARTESIAN_POINT('Ctrl Pts',(52.251594487755,-10.59989978134,0.5));
#10043=CARTESIAN_POINT('',(52.251594487755,-10.59989978134,1.E-017));
#10044=CARTESIAN_POINT('Ctrl Pts',(52.70763493965,-12.4325346209888,10000.));
#10045=CARTESIAN_POINT('Ctrl Pts',(52.70763493965,-12.4325346209912,-10000.));
#10046=CARTESIAN_POINT('Ctrl Pts',(52.581632753061,-12.3546373906688,10000.));
#10047=CARTESIAN_POINT('Ctrl Pts',(52.581632753061,-12.3546373906712,-10000.));
#10048=CARTESIAN_POINT('Ctrl Pts',(52.581632753061,-12.2190688775488,10000.));
#10049=CARTESIAN_POINT('Ctrl Pts',(52.581632753061,-12.2190688775512,-10000.));
#10050=CARTESIAN_POINT('',(52.70763493965,-12.43253462099,0.5));
#10051=CARTESIAN_POINT('',(52.70763493965,-12.43253462099,2.4E-016));
#10052=CARTESIAN_POINT('Ctrl Pts',(52.70763493965,-12.43253462099,0.5));
#10053=CARTESIAN_POINT('Ctrl Pts',(52.581632753061,-12.35463739067,0.5));
#10054=CARTESIAN_POINT('Ctrl Pts',(52.581632753061,-12.21906887755,0.5));
#10055=CARTESIAN_POINT('Origin',(52.251594487755,-10.59989978134,1.E-017));
#10056=CARTESIAN_POINT('',(52.251594487755,-10.91353862973,0.5));
#10057=CARTESIAN_POINT('',(52.251594487755,-10.59989978134,0.5));
#10058=CARTESIAN_POINT('',(52.251594487755,-10.91353862973,5.E-017));
#10059=CARTESIAN_POINT('Ctrl Pts',(53.069515406122,-12.5105685131188,10000.));
#10060=CARTESIAN_POINT('Ctrl Pts',(53.069515406122,-12.5105685131212,-10000.));
#10061=CARTESIAN_POINT('Ctrl Pts',(52.833773788047,-12.5105685131188,10000.));
#10062=CARTESIAN_POINT('Ctrl Pts',(52.833773788047,-12.5105685131212,-10000.));
#10063=CARTESIAN_POINT('Ctrl Pts',(52.70763493965,-12.4325346209888,10000.));
#10064=CARTESIAN_POINT('Ctrl Pts',(52.70763493965,-12.4325346209912,-10000.));
#10065=CARTESIAN_POINT('',(53.069515406122,-12.51056851312,0.5));
#10066=CARTESIAN_POINT('',(53.069515406122,-12.51056851312,2.5E-016));
#10067=CARTESIAN_POINT('Ctrl Pts',(53.069515406122,-12.51056851312,0.5));
#10068=CARTESIAN_POINT('Ctrl Pts',(52.833773788047,-12.51056851312,0.5));
#10069=CARTESIAN_POINT('Ctrl Pts',(52.70763493965,-12.43253462099,0.5));
#10070=CARTESIAN_POINT('Ctrl Pts',(52.251594487755,-10.9135386297288,10000.));
#10071=CARTESIAN_POINT('Ctrl Pts',(52.251594487755,-10.9135386297312,-10000.));
#10072=CARTESIAN_POINT('Ctrl Pts',(52.388939604373,-10.8458910349788,10000.));
#10073=CARTESIAN_POINT('Ctrl Pts',(52.388939604373,-10.8458910349812,-10000.));
#10074=CARTESIAN_POINT('Ctrl Pts',(52.579582825948,-10.7905430029088,10000.));
#10075=CARTESIAN_POINT('Ctrl Pts',(52.579582825948,-10.7905430029112,-10000.));
#10076=CARTESIAN_POINT('',(52.579582825948,-10.79054300291,0.5));
#10077=CARTESIAN_POINT('Ctrl Pts',(52.251594487755,-10.91353862973,0.5));
#10078=CARTESIAN_POINT('Ctrl Pts',(52.388939604373,-10.84589103498,0.5));
#10079=CARTESIAN_POINT('Ctrl Pts',(52.579582825948,-10.79054300291,0.5));
#10080=CARTESIAN_POINT('',(52.579582825948,-10.79054300291,4.E-017));
#10081=CARTESIAN_POINT('Ctrl Pts',(53.391353962974,-12.4695699708388,10000.));
#10082=CARTESIAN_POINT('Ctrl Pts',(53.391353962974,-12.4695699708412,-10000.));
#10083=CARTESIAN_POINT('Ctrl Pts',(53.233509575219,-12.5105685131188,10000.));
#10084=CARTESIAN_POINT('Ctrl Pts',(53.233509575219,-12.5105685131212,-10000.));
#10085=CARTESIAN_POINT('Ctrl Pts',(53.069515406122,-12.5105685131188,10000.));
#10086=CARTESIAN_POINT('Ctrl Pts',(53.069515406122,-12.5105685131212,-10000.));
#10087=CARTESIAN_POINT('',(53.391353962974,-12.46956997084,0.5));
#10088=CARTESIAN_POINT('',(53.391353962974,-12.46956997084,2.4E-016));
#10089=CARTESIAN_POINT('Ctrl Pts',(53.391353962974,-12.46956997084,0.5));
#10090=CARTESIAN_POINT('Ctrl Pts',(53.233509575219,-12.51056851312,0.5));
#10091=CARTESIAN_POINT('Ctrl Pts',(53.069515406122,-12.51056851312,0.5));
#10092=CARTESIAN_POINT('Ctrl Pts',(52.579582825948,-10.7905430029088,10000.));
#10093=CARTESIAN_POINT('Ctrl Pts',(52.579582825948,-10.7905430029112,-10000.));
#10094=CARTESIAN_POINT('Ctrl Pts',(52.770226047522,-10.7351949708388,10000.));
#10095=CARTESIAN_POINT('Ctrl Pts',(52.770226047522,-10.7351949708412,-10000.));
#10096=CARTESIAN_POINT('Ctrl Pts',(52.969068977551,-10.7351949708388,10000.));
#10097=CARTESIAN_POINT('Ctrl Pts',(52.969068977551,-10.7351949708412,-10000.));
#10098=CARTESIAN_POINT('',(52.969068977551,-10.73519497084,0.5));
#10099=CARTESIAN_POINT('Ctrl Pts',(52.579582825948,-10.79054300291,0.5));
#10100=CARTESIAN_POINT('Ctrl Pts',(52.770226047522,-10.73519497084,0.5));
#10101=CARTESIAN_POINT('Ctrl Pts',(52.969068977551,-10.73519497084,0.5));
#10102=CARTESIAN_POINT('',(52.969068977551,-10.73519497084,3.E-017));
#10103=CARTESIAN_POINT('Ctrl Pts',(53.688593394461,-12.3691235422688,10000.));
#10104=CARTESIAN_POINT('Ctrl Pts',(53.688593394461,-12.3691235422712,-10000.));
#10105=CARTESIAN_POINT('Ctrl Pts',(53.549198350729,-12.4285714285688,10000.));
#10106=CARTESIAN_POINT('Ctrl Pts',(53.549198350729,-12.4285714285712,-10000.));
#10107=CARTESIAN_POINT('Ctrl Pts',(53.391353962974,-12.4695699708388,10000.));
#10108=CARTESIAN_POINT('Ctrl Pts',(53.391353962974,-12.4695699708412,-10000.));
#10109=CARTESIAN_POINT('',(53.688593394461,-12.36912354227,0.5));
#10110=CARTESIAN_POINT('',(53.688593394461,-12.36912354227,2.3E-016));
#10111=CARTESIAN_POINT('Ctrl Pts',(53.688593394461,-12.36912354227,0.5));
#10112=CARTESIAN_POINT('Ctrl Pts',(53.549198350729,-12.42857142857,0.5));
#10113=CARTESIAN_POINT('Ctrl Pts',(53.391353962974,-12.46956997084,0.5));
#10114=CARTESIAN_POINT('Ctrl Pts',(52.969068977551,-10.7351949708388,10000.));
#10115=CARTESIAN_POINT('Ctrl Pts',(52.969068977551,-10.7351949708412,-10000.));
#10116=CARTESIAN_POINT('Ctrl Pts',(53.260158627697,-10.7351949708388,10000.));
#10117=CARTESIAN_POINT('Ctrl Pts',(53.260158627697,-10.7351949708412,-10000.));
#10118=CARTESIAN_POINT('Ctrl Pts',(53.391353962974,-10.8296282798788,10000.));
#10119=CARTESIAN_POINT('Ctrl Pts',(53.391353962974,-10.8296282798812,-10000.));
#10120=CARTESIAN_POINT('',(53.391353962974,-10.82962827988,0.5));
#10121=CARTESIAN_POINT('Ctrl Pts',(52.969068977551,-10.73519497084,0.5));
#10122=CARTESIAN_POINT('Ctrl Pts',(53.260158627697,-10.73519497084,0.5));
#10123=CARTESIAN_POINT('Ctrl Pts',(53.391353962974,-10.82962827988,0.5));
#10124=CARTESIAN_POINT('',(53.391353962974,-10.82962827988,4.E-017));
#10125=CARTESIAN_POINT('Origin',(53.803389312828,-12.64176384839,2.6E-016));
#10126=CARTESIAN_POINT('',(53.803389312828,-12.64176384839,0.5));
#10127=CARTESIAN_POINT('',(53.803389312828,-12.64176384839,2.6E-016));
#10128=CARTESIAN_POINT('',(53.803389312828,-12.64176384839,0.5));
#10129=CARTESIAN_POINT('Ctrl Pts',(53.391353962974,-10.8296282798788,10000.));
#10130=CARTESIAN_POINT('Ctrl Pts',(53.391353962974,-10.8296282798812,-10000.));
#10131=CARTESIAN_POINT('Ctrl Pts',(53.522549298251,-10.9240615889188,10000.));
#10132=CARTESIAN_POINT('Ctrl Pts',(53.522549298251,-10.9240615889212,-10000.));
#10133=CARTESIAN_POINT('Ctrl Pts',(53.522549298251,-11.0862791545088,10000.));
#10134=CARTESIAN_POINT('Ctrl Pts',(53.522549298251,-11.0862791545112,-10000.));
#10135=CARTESIAN_POINT('',(53.522549298251,-11.08627915451,0.5));
#10136=CARTESIAN_POINT('Ctrl Pts',(53.391353962974,-10.82962827988,0.5));
#10137=CARTESIAN_POINT('Ctrl Pts',(53.522549298251,-10.92406158892,0.5));
#10138=CARTESIAN_POINT('Ctrl Pts',(53.522549298251,-11.08627915451,0.5));
#10139=CARTESIAN_POINT('',(53.522549298251,-11.08627915451,7.E-017));
#10140=CARTESIAN_POINT('Ctrl Pts',(53.472257753061,-12.7493166909588,10000.));
#10141=CARTESIAN_POINT('Ctrl Pts',(53.472257753061,-12.7493166909612,-10000.));
#10142=CARTESIAN_POINT('Ctrl Pts',(53.6496447793,-12.7094114431388,10000.));
#10143=CARTESIAN_POINT('Ctrl Pts',(53.6496447793,-12.7094114431412,-10000.));
#10144=CARTESIAN_POINT('Ctrl Pts',(53.803389312828,-12.6417638483888,10000.));
#10145=CARTESIAN_POINT('Ctrl Pts',(53.803389312828,-12.6417638483912,-10000.));
#10146=CARTESIAN_POINT('',(53.472257753061,-12.74931669096,0.5));
#10147=CARTESIAN_POINT('',(53.472257753061,-12.74931669096,2.8E-016));
#10148=CARTESIAN_POINT('Ctrl Pts',(53.472257753061,-12.74931669096,0.5));
#10149=CARTESIAN_POINT('Ctrl Pts',(53.6496447793,-12.70941144314,0.5));
#10150=CARTESIAN_POINT('Ctrl Pts',(53.803389312828,-12.64176384839,0.5));
#10151=CARTESIAN_POINT('Ctrl Pts',(53.522549298251,-11.0862791545088,10000.));
#10152=CARTESIAN_POINT('Ctrl Pts',(53.522549298251,-11.0862791545112,-10000.));
#10153=CARTESIAN_POINT('Ctrl Pts',(53.522549298251,-11.1786625364388,10000.));
#10154=CARTESIAN_POINT('Ctrl Pts',(53.522549298251,-11.1786625364412,-10000.));
#10155=CARTESIAN_POINT('Ctrl Pts',(53.470207825948,-11.2494533527688,10000.));
#10156=CARTESIAN_POINT('Ctrl Pts',(53.470207825948,-11.2494533527712,-10000.));
#10157=CARTESIAN_POINT('',(53.470207825948,-11.24945335277,0.5));
#10158=CARTESIAN_POINT('Ctrl Pts',(53.522549298251,-11.08627915451,0.5));
#10159=CARTESIAN_POINT('Ctrl Pts',(53.522549298251,-11.17866253644,0.5));
#10160=CARTESIAN_POINT('Ctrl Pts',(53.470207825948,-11.24945335277,0.5));
#10161=CARTESIAN_POINT('',(53.470207825948,-11.24945335277,9.E-017));
#10162=CARTESIAN_POINT('Ctrl Pts',(53.092064604373,-12.7893586005788,10000.));
#10163=CARTESIAN_POINT('Ctrl Pts',(53.092064604373,-12.7893586005812,-10000.));
#10164=CARTESIAN_POINT('Ctrl Pts',(53.29500738863,-12.7893586005788,10000.));
#10165=CARTESIAN_POINT('Ctrl Pts',(53.29500738863,-12.7893586005812,-10000.));
#10166=CARTESIAN_POINT('Ctrl Pts',(53.472257753061,-12.7493166909588,10000.));
#10167=CARTESIAN_POINT('Ctrl Pts',(53.472257753061,-12.7493166909612,-10000.));
#10168=CARTESIAN_POINT('',(53.092064604373,-12.78935860058,0.5));
#10169=CARTESIAN_POINT('',(53.092064604373,-12.78935860058,2.8E-016));
#10170=CARTESIAN_POINT('Ctrl Pts',(53.092064604373,-12.78935860058,0.5));
#10171=CARTESIAN_POINT('Ctrl Pts',(53.29500738863,-12.78935860058,0.5));
#10172=CARTESIAN_POINT('Ctrl Pts',(53.472257753061,-12.74931669096,0.5));
#10173=CARTESIAN_POINT('Ctrl Pts',(53.470207825948,-11.2494533527688,10000.));
#10174=CARTESIAN_POINT('Ctrl Pts',(53.470207825948,-11.2494533527712,-10000.));
#10175=CARTESIAN_POINT('Ctrl Pts',(53.418003015452,-11.3202441690888,10000.));
#10176=CARTESIAN_POINT('Ctrl Pts',(53.418003015452,-11.3202441690912,-10000.));
#10177=CARTESIAN_POINT('Ctrl Pts',(53.29500738863,-11.3867984693788,10000.));
#10178=CARTESIAN_POINT('Ctrl Pts',(53.29500738863,-11.3867984693812,-10000.));
#10179=CARTESIAN_POINT('',(53.29500738863,-11.38679846938,0.5));
#10180=CARTESIAN_POINT('Ctrl Pts',(53.470207825948,-11.24945335277,0.5));
#10181=CARTESIAN_POINT('Ctrl Pts',(53.418003015452,-11.32024416909,0.5));
#10182=CARTESIAN_POINT('Ctrl Pts',(53.29500738863,-11.38679846938,0.5));
#10183=CARTESIAN_POINT('',(53.29500738863,-11.38679846938,1.1E-016));
#10184=CARTESIAN_POINT('Ctrl Pts',(52.48624281137,-12.6364340378988,10000.));
#10185=CARTESIAN_POINT('Ctrl Pts',(52.48624281137,-12.6364340379012,-10000.));
#10186=CARTESIAN_POINT('Ctrl Pts',(52.716927942566,-12.7893586005788,10000.));
#10187=CARTESIAN_POINT('Ctrl Pts',(52.716927942566,-12.7893586005812,-10000.));
#10188=CARTESIAN_POINT('Ctrl Pts',(53.092064604373,-12.7893586005788,10000.));
#10189=CARTESIAN_POINT('Ctrl Pts',(53.092064604373,-12.7893586005812,-10000.));
#10190=CARTESIAN_POINT('',(52.48624281137,-12.6364340379,0.5));
#10191=CARTESIAN_POINT('',(52.48624281137,-12.6364340379,2.6E-016));
#10192=CARTESIAN_POINT('Ctrl Pts',(52.48624281137,-12.6364340379,0.5));
#10193=CARTESIAN_POINT('Ctrl Pts',(52.716927942566,-12.78935860058,0.5));
#10194=CARTESIAN_POINT('Ctrl Pts',(53.092064604373,-12.78935860058,0.5));
#10195=CARTESIAN_POINT('Ctrl Pts',(53.29500738863,-11.3867984693788,10000.));
#10196=CARTESIAN_POINT('Ctrl Pts',(53.29500738863,-11.3867984693812,-10000.));
#10197=CARTESIAN_POINT('Ctrl Pts',(53.172011761808,-11.4534894314788,10000.));
#10198=CARTESIAN_POINT('Ctrl Pts',(53.172011761808,-11.4534894314812,-10000.));
#10199=CARTESIAN_POINT('Ctrl Pts',(52.954719487755,-11.5335732507188,10000.));
#10200=CARTESIAN_POINT('Ctrl Pts',(52.954719487755,-11.5335732507212,-10000.));
#10201=CARTESIAN_POINT('',(52.954719487755,-11.53357325072,0.5));
#10202=CARTESIAN_POINT('Ctrl Pts',(53.29500738863,-11.38679846938,0.5));
#10203=CARTESIAN_POINT('Ctrl Pts',(53.172011761808,-11.45348943148,0.5));
#10204=CARTESIAN_POINT('Ctrl Pts',(52.954719487755,-11.53357325072,0.5));
#10205=CARTESIAN_POINT('',(52.954719487755,-11.53357325072,1.3E-016));
#10206=CARTESIAN_POINT('Ctrl Pts',(52.255694341983,-12.1984329445988,10000.));
#10207=CARTESIAN_POINT('Ctrl Pts',(52.255694341983,-12.1984329446012,-10000.));
#10208=CARTESIAN_POINT('Ctrl Pts',(52.255694341983,-12.4836461370188,10000.));
#10209=CARTESIAN_POINT('Ctrl Pts',(52.255694341983,-12.4836461370212,-10000.));
#10210=CARTESIAN_POINT('Ctrl Pts',(52.48624281137,-12.6364340378988,10000.));
#10211=CARTESIAN_POINT('Ctrl Pts',(52.48624281137,-12.6364340379012,-10000.));
#10212=CARTESIAN_POINT('',(52.255694341983,-12.1984329446,0.5));
#10213=CARTESIAN_POINT('',(52.255694341983,-12.1984329446,2.1E-016));
#10214=CARTESIAN_POINT('Ctrl Pts',(52.255694341983,-12.1984329446,0.5));
#10215=CARTESIAN_POINT('Ctrl Pts',(52.255694341983,-12.48364613702,0.5));
#10216=CARTESIAN_POINT('Ctrl Pts',(52.48624281137,-12.6364340379,0.5));
#10217=CARTESIAN_POINT('Ctrl Pts',(52.954719487755,-11.5335732507188,10000.));
#10218=CARTESIAN_POINT('Ctrl Pts',(52.954719487755,-11.5335732507212,-10000.));
#10219=CARTESIAN_POINT('Ctrl Pts',(52.739477140816,-11.6157069970788,10000.));
#10220=CARTESIAN_POINT('Ctrl Pts',(52.739477140816,-11.6157069970812,-10000.));
#10221=CARTESIAN_POINT('Ctrl Pts',(52.582589385714,-11.6967474489788,10000.));
#10222=CARTESIAN_POINT('Ctrl Pts',(52.582589385714,-11.6967474489812,-10000.));
#10223=CARTESIAN_POINT('',(52.582589385714,-11.69674744898,0.5));
#10224=CARTESIAN_POINT('Ctrl Pts',(52.954719487755,-11.53357325072,0.5));
#10225=CARTESIAN_POINT('Ctrl Pts',(52.739477140816,-11.61570699708,0.5));
#10226=CARTESIAN_POINT('Ctrl Pts',(52.582589385714,-11.69674744898,0.5));
#10227=CARTESIAN_POINT('',(52.582589385714,-11.69674744898,1.5E-016));
#10228=CARTESIAN_POINT('Ctrl Pts',(52.340697986297,-11.8947704081588,10000.));
#10229=CARTESIAN_POINT('Ctrl Pts',(52.340697986297,-11.8947704081612,-10000.));
#10230=CARTESIAN_POINT('Ctrl Pts',(52.255694341983,-12.0117529154488,10000.));
#10231=CARTESIAN_POINT('Ctrl Pts',(52.255694341983,-12.0117529154512,-10000.));
#10232=CARTESIAN_POINT('Ctrl Pts',(52.255694341983,-12.1984329445988,10000.));
#10233=CARTESIAN_POINT('Ctrl Pts',(52.255694341983,-12.1984329446012,-10000.));
#10234=CARTESIAN_POINT('',(52.340697986297,-11.89477040816,0.5));
#10235=CARTESIAN_POINT('',(52.340697986297,-11.89477040816,1.7E-016));
#10236=CARTESIAN_POINT('Ctrl Pts',(52.340697986297,-11.89477040816,0.5));
#10237=CARTESIAN_POINT('Ctrl Pts',(52.255694341983,-12.01175291545,0.5));
#10238=CARTESIAN_POINT('Ctrl Pts',(52.255694341983,-12.1984329446,0.5));
#10239=CARTESIAN_POINT('Ctrl Pts',(52.582589385714,-11.6967474489788,10000.));
#10240=CARTESIAN_POINT('Ctrl Pts',(52.582589385714,-11.6967474489812,-10000.));
#10241=CARTESIAN_POINT('Ctrl Pts',(52.42583829242,-11.7777879008688,10000.));
#10242=CARTESIAN_POINT('Ctrl Pts',(52.42583829242,-11.7777879008712,-10000.));
#10243=CARTESIAN_POINT('Ctrl Pts',(52.340697986297,-11.8947704081588,10000.));
#10244=CARTESIAN_POINT('Ctrl Pts',(52.340697986297,-11.8947704081612,-10000.));
#10245=CARTESIAN_POINT('Ctrl Pts',(52.582589385714,-11.69674744898,0.5));
#10246=CARTESIAN_POINT('Ctrl Pts',(52.42583829242,-11.77778790087,0.5));
#10247=CARTESIAN_POINT('Ctrl Pts',(52.340697986297,-11.89477040816,0.5));
#10248=CARTESIAN_POINT('Ctrl Pts',(54.743349225364,-12.6457270408088,10000.));
#10249=CARTESIAN_POINT('Ctrl Pts',(54.743349225364,-12.6457270408112,-10000.));
#10250=CARTESIAN_POINT('Ctrl Pts',(54.965834648105,-12.7893586005788,10000.));
#10251=CARTESIAN_POINT('Ctrl Pts',(54.965834648105,-12.7893586005812,-10000.));
#10252=CARTESIAN_POINT('Ctrl Pts',(55.267173933819,-12.7893586005788,10000.));
#10253=CARTESIAN_POINT('Ctrl Pts',(55.267173933819,-12.7893586005812,-10000.));
#10254=CARTESIAN_POINT('',(54.743349225364,-12.64572704081,0.5));
#10255=CARTESIAN_POINT('',(54.743349225364,-12.64572704081,2.6E-016));
#10256=CARTESIAN_POINT('',(55.267173933819,-12.78935860058,0.5));
#10257=CARTESIAN_POINT('Ctrl Pts',(54.743349225364,-12.64572704081,0.5));
#10258=CARTESIAN_POINT('Ctrl Pts',(54.965834648105,-12.78935860058,0.5));
#10259=CARTESIAN_POINT('Ctrl Pts',(55.267173933819,-12.78935860058,0.5));
#10260=CARTESIAN_POINT('',(55.267173933819,-12.78935860058,2.8E-016));
#10261=CARTESIAN_POINT('Ctrl Pts',(54.398961470262,-12.2362882652988,10000.));
#10262=CARTESIAN_POINT('Ctrl Pts',(54.398961470262,-12.2362882653012,-10000.));
#10263=CARTESIAN_POINT('Ctrl Pts',(54.521000464431,-12.5020954810488,10000.));
#10264=CARTESIAN_POINT('Ctrl Pts',(54.521000464431,-12.5020954810512,-10000.));
#10265=CARTESIAN_POINT('Ctrl Pts',(54.743349225364,-12.6457270408088,10000.));
#10266=CARTESIAN_POINT('Ctrl Pts',(54.743349225364,-12.6457270408112,-10000.));
#10267=CARTESIAN_POINT('',(54.398961470262,-12.2362882653,0.5));
#10268=CARTESIAN_POINT('',(54.398961470262,-12.2362882653,2.1E-016));
#10269=CARTESIAN_POINT('Ctrl Pts',(54.398961470262,-12.2362882653,0.5));
#10270=CARTESIAN_POINT('Ctrl Pts',(54.521000464431,-12.50209548105,0.5));
#10271=CARTESIAN_POINT('Ctrl Pts',(54.743349225364,-12.64572704081,0.5));
#10272=CARTESIAN_POINT('Ctrl Pts',(55.267173933819,-12.7893586005788,10000.));
#10273=CARTESIAN_POINT('Ctrl Pts',(55.267173933819,-12.7893586005812,-10000.));
#10274=CARTESIAN_POINT('Ctrl Pts',(55.554163729738,-12.7893586005788,10000.));
#10275=CARTESIAN_POINT('Ctrl Pts',(55.554163729738,-12.7893586005812,-10000.));
#10276=CARTESIAN_POINT('Ctrl Pts',(55.759156441108,-12.6618531341088,10000.));
#10277=CARTESIAN_POINT('Ctrl Pts',(55.759156441108,-12.6618531341112,-10000.));
#10278=CARTESIAN_POINT('',(55.759156441108,-12.66185313411,0.5));
#10279=CARTESIAN_POINT('Ctrl Pts',(55.267173933819,-12.78935860058,0.5));
#10280=CARTESIAN_POINT('Ctrl Pts',(55.554163729738,-12.78935860058,0.5));
#10281=CARTESIAN_POINT('Ctrl Pts',(55.759156441108,-12.66185313411,0.5));
#10282=CARTESIAN_POINT('',(55.759156441108,-12.66185313411,2.6E-016));
#10283=CARTESIAN_POINT('Ctrl Pts',(54.277059137901,-11.6075072886288,10000.));
#10284=CARTESIAN_POINT('Ctrl Pts',(54.277059137901,-11.6075072886312,-10000.));
#10285=CARTESIAN_POINT('Ctrl Pts',(54.277059137901,-11.9706177113688,10000.));
#10286=CARTESIAN_POINT('Ctrl Pts',(54.277059137901,-11.9706177113712,-10000.));
#10287=CARTESIAN_POINT('Ctrl Pts',(54.398961470262,-12.2362882652988,10000.));
#10288=CARTESIAN_POINT('Ctrl Pts',(54.398961470262,-12.2362882653012,-10000.));
#10289=CARTESIAN_POINT('',(54.277059137901,-11.60750728863,0.5));
#10290=CARTESIAN_POINT('',(54.277059137901,-11.60750728863,1.4E-016));
#10291=CARTESIAN_POINT('Ctrl Pts',(54.277059137901,-11.60750728863,0.5));
#10292=CARTESIAN_POINT('Ctrl Pts',(54.277059137901,-11.97061771137,0.5));
#10293=CARTESIAN_POINT('Ctrl Pts',(54.398961470262,-12.2362882653,0.5));
#10294=CARTESIAN_POINT('Ctrl Pts',(55.759156441108,-12.6618531341088,10000.));
#10295=CARTESIAN_POINT('Ctrl Pts',(55.759156441108,-12.6618531341112,-10000.));
#10296=CARTESIAN_POINT('Ctrl Pts',(55.964149152478,-12.5344843294388,10000.));
#10297=CARTESIAN_POINT('Ctrl Pts',(55.964149152478,-12.5344843294412,-10000.));
#10298=CARTESIAN_POINT('Ctrl Pts',(56.072795289504,-12.3053024781288,10000.));
#10299=CARTESIAN_POINT('Ctrl Pts',(56.072795289504,-12.3053024781312,-10000.));
#10300=CARTESIAN_POINT('',(56.072795289504,-12.30530247813,0.5));
#10301=CARTESIAN_POINT('Ctrl Pts',(55.759156441108,-12.66185313411,0.5));
#10302=CARTESIAN_POINT('Ctrl Pts',(55.964149152478,-12.53448432944,0.5));
#10303=CARTESIAN_POINT('Ctrl Pts',(56.072795289504,-12.30530247813,0.5));
#10304=CARTESIAN_POINT('',(56.072795289504,-12.30530247813,2.2E-016));
#10305=CARTESIAN_POINT('Ctrl Pts',(54.410304400292,-10.9795462827888,10000.));
#10306=CARTESIAN_POINT('Ctrl Pts',(54.410304400292,-10.9795462827912,-10000.));
#10307=CARTESIAN_POINT('Ctrl Pts',(54.277059137901,-11.2360604956188,10000.));
#10308=CARTESIAN_POINT('Ctrl Pts',(54.277059137901,-11.2360604956212,-10000.));
#10309=CARTESIAN_POINT('Ctrl Pts',(54.277059137901,-11.6075072886288,10000.));
#10310=CARTESIAN_POINT('Ctrl Pts',(54.277059137901,-11.6075072886312,-10000.));
#10311=CARTESIAN_POINT('',(54.410304400292,-10.97954628279,0.5));
#10312=CARTESIAN_POINT('',(54.410304400292,-10.97954628279,6.E-017));
#10313=CARTESIAN_POINT('Ctrl Pts',(54.410304400292,-10.97954628279,0.5));
#10314=CARTESIAN_POINT('Ctrl Pts',(54.277059137901,-11.23606049562,0.5));
#10315=CARTESIAN_POINT('Ctrl Pts',(54.277059137901,-11.60750728863,0.5));
#10316=CARTESIAN_POINT('Ctrl Pts',(56.072795289504,-12.3053024781288,10000.));
#10317=CARTESIAN_POINT('Ctrl Pts',(56.072795289504,-12.3053024781312,-10000.));
#10318=CARTESIAN_POINT('Ctrl Pts',(56.181441426531,-12.0762572886288,10000.));
#10319=CARTESIAN_POINT('Ctrl Pts',(56.181441426531,-12.0762572886312,-10000.));
#10320=CARTESIAN_POINT('Ctrl Pts',(56.181441426531,-11.7699981778388,10000.));
#10321=CARTESIAN_POINT('Ctrl Pts',(56.181441426531,-11.7699981778412,-10000.));
#10322=CARTESIAN_POINT('',(56.181441426531,-11.76999817784,0.5));
#10323=CARTESIAN_POINT('Ctrl Pts',(56.072795289504,-12.30530247813,0.5));
#10324=CARTESIAN_POINT('Ctrl Pts',(56.181441426531,-12.07625728863,0.5));
#10325=CARTESIAN_POINT('Ctrl Pts',(56.181441426531,-11.76999817784,0.5));
#10326=CARTESIAN_POINT('',(56.181441426531,-11.76999817784,1.6E-016));
#10327=CARTESIAN_POINT('Ctrl Pts',(54.784347767638,-10.5907434402288,10000.));
#10328=CARTESIAN_POINT('Ctrl Pts',(54.784347767638,-10.5907434402312,-10000.));
#10329=CARTESIAN_POINT('Ctrl Pts',(54.543549662682,-10.7231687317688,10000.));
#10330=CARTESIAN_POINT('Ctrl Pts',(54.543549662682,-10.7231687317712,-10000.));
#10331=CARTESIAN_POINT('Ctrl Pts',(54.410304400292,-10.9795462827888,10000.));
#10332=CARTESIAN_POINT('Ctrl Pts',(54.410304400292,-10.9795462827912,-10000.));
#10333=CARTESIAN_POINT('',(54.784347767638,-10.59074344023,0.5));
#10334=CARTESIAN_POINT('',(54.784347767638,-10.59074344023,1.E-017));
#10335=CARTESIAN_POINT('Ctrl Pts',(54.784347767638,-10.59074344023,0.5));
#10336=CARTESIAN_POINT('Ctrl Pts',(54.543549662682,-10.72316873177,0.5));
#10337=CARTESIAN_POINT('Ctrl Pts',(54.410304400292,-10.97954628279,0.5));
#10338=CARTESIAN_POINT('Origin',(56.181441426531,-11.76999817784,1.6E-016));
#10339=CARTESIAN_POINT('',(56.181441426531,-11.5583090379,0.5));
#10340=CARTESIAN_POINT('',(56.181441426531,-11.76999817784,0.5));
#10341=CARTESIAN_POINT('',(56.181441426531,-11.5583090379,1.3E-016));
#10342=CARTESIAN_POINT('Ctrl Pts',(55.349171018367,-10.4584548104888,10000.));
#10343=CARTESIAN_POINT('Ctrl Pts',(55.349171018367,-10.4584548104912,-10000.));
#10344=CARTESIAN_POINT('Ctrl Pts',(55.025282534402,-10.4584548104888,10000.));
#10345=CARTESIAN_POINT('Ctrl Pts',(55.025282534402,-10.4584548104912,-10000.));
#10346=CARTESIAN_POINT('Ctrl Pts',(54.784347767638,-10.5907434402288,10000.));
#10347=CARTESIAN_POINT('Ctrl Pts',(54.784347767638,-10.5907434402312,-10000.));
#10348=CARTESIAN_POINT('',(55.349171018367,-10.45845481049,0.5));
#10349=CARTESIAN_POINT('',(55.349171018367,-10.45845481049,-1.E-017));
#10350=CARTESIAN_POINT('Ctrl Pts',(55.349171018367,-10.45845481049,0.5));
#10351=CARTESIAN_POINT('Ctrl Pts',(55.025282534402,-10.45845481049,0.5));
#10352=CARTESIAN_POINT('Ctrl Pts',(54.784347767638,-10.59074344023,0.5));
#10353=CARTESIAN_POINT('Origin',(56.181441426531,-11.5583090379,1.3E-016));
#10354=CARTESIAN_POINT('',(54.629646601458,-11.5583090379,0.5));
#10355=CARTESIAN_POINT('',(56.181441426531,-11.5583090379,0.5));
#10356=CARTESIAN_POINT('',(54.629646601458,-11.5583090379,1.3E-016));
#10357=CARTESIAN_POINT('Ctrl Pts',(55.743713656851,-10.4933035714188,10000.));
#10358=CARTESIAN_POINT('Ctrl Pts',(55.743713656851,-10.4933035714212,-10000.));
#10359=CARTESIAN_POINT('Ctrl Pts',(55.576712927988,-10.4584548104888,10000.));
#10360=CARTESIAN_POINT('Ctrl Pts',(55.576712927988,-10.4584548104912,-10000.));
#10361=CARTESIAN_POINT('Ctrl Pts',(55.349171018367,-10.4584548104888,10000.));
#10362=CARTESIAN_POINT('Ctrl Pts',(55.349171018367,-10.4584548104912,-10000.));
#10363=CARTESIAN_POINT('',(55.743713656851,-10.49330357142,0.5));
#10364=CARTESIAN_POINT('',(55.743713656851,-10.49330357142,0.));
#10365=CARTESIAN_POINT('Ctrl Pts',(55.743713656851,-10.49330357142,0.5));
#10366=CARTESIAN_POINT('Ctrl Pts',(55.576712927988,-10.45845481049,0.5));
#10367=CARTESIAN_POINT('Ctrl Pts',(55.349171018367,-10.45845481049,0.5));
#10368=CARTESIAN_POINT('Ctrl Pts',(54.629646601458,-11.5583090378988,10000.));
#10369=CARTESIAN_POINT('Ctrl Pts',(54.629646601458,-11.5583090379012,-10000.));
#10370=CARTESIAN_POINT('Ctrl Pts',(54.635796382799,-11.1630830903688,10000.));
#10371=CARTESIAN_POINT('Ctrl Pts',(54.635796382799,-11.1630830903712,-10000.));
#10372=CARTESIAN_POINT('Ctrl Pts',(54.826439604373,-10.9563137755088,10000.));
#10373=CARTESIAN_POINT('Ctrl Pts',(54.826439604373,-10.9563137755112,-10000.));
#10374=CARTESIAN_POINT('',(54.826439604373,-10.95631377551,0.5));
#10375=CARTESIAN_POINT('Ctrl Pts',(54.629646601458,-11.5583090379,0.5));
#10376=CARTESIAN_POINT('Ctrl Pts',(54.635796382799,-11.16308309037,0.5));
#10377=CARTESIAN_POINT('Ctrl Pts',(54.826439604373,-10.95631377551,0.5));
#10378=CARTESIAN_POINT('',(54.826439604373,-10.95631377551,6.E-017));
#10379=CARTESIAN_POINT('Ctrl Pts',(56.080994997959,-10.6039996355588,10000.));
#10380=CARTESIAN_POINT('Ctrl Pts',(56.080994997959,-10.6039996355612,-10000.));
#10381=CARTESIAN_POINT('Ctrl Pts',(55.910851047522,-10.5281523323588,10000.));
#10382=CARTESIAN_POINT('Ctrl Pts',(55.910851047522,-10.5281523323612,-10000.));
#10383=CARTESIAN_POINT('Ctrl Pts',(55.743713656851,-10.4933035714188,10000.));
#10384=CARTESIAN_POINT('Ctrl Pts',(55.743713656851,-10.4933035714212,-10000.));
#10385=CARTESIAN_POINT('',(56.080994997959,-10.60399963556,0.5));
#10386=CARTESIAN_POINT('',(56.080994997959,-10.60399963556,1.E-017));
#10387=CARTESIAN_POINT('Ctrl Pts',(56.080994997959,-10.60399963556,0.5));
#10388=CARTESIAN_POINT('Ctrl Pts',(55.910851047522,-10.52815233236,0.5));
#10389=CARTESIAN_POINT('Ctrl Pts',(55.743713656851,-10.49330357142,0.5));
#10390=CARTESIAN_POINT('Ctrl Pts',(54.826439604373,-10.9563137755088,10000.));
#10391=CARTESIAN_POINT('Ctrl Pts',(54.826439604373,-10.9563137755112,-10000.));
#10392=CARTESIAN_POINT('Ctrl Pts',(55.017082825948,-10.7495444606388,10000.));
#10393=CARTESIAN_POINT('Ctrl Pts',(55.017082825948,-10.7495444606412,-10000.));
#10394=CARTESIAN_POINT('Ctrl Pts',(55.363520508163,-10.7495444606388,10000.));
#10395=CARTESIAN_POINT('Ctrl Pts',(55.363520508163,-10.7495444606412,-10000.));
#10396=CARTESIAN_POINT('',(55.363520508163,-10.74954446064,0.5));
#10397=CARTESIAN_POINT('Ctrl Pts',(54.826439604373,-10.95631377551,0.5));
#10398=CARTESIAN_POINT('Ctrl Pts',(55.017082825948,-10.74954446064,0.5));
#10399=CARTESIAN_POINT('Ctrl Pts',(55.363520508163,-10.74954446064,0.5));
#10400=CARTESIAN_POINT('',(55.363520508163,-10.74954446064,3.E-017));
#10401=CARTESIAN_POINT('Origin',(56.080994997959,-10.90328899416,5.E-017));
#10402=CARTESIAN_POINT('',(56.080994997959,-10.90328899416,0.5));
#10403=CARTESIAN_POINT('',(56.080994997959,-10.90328899416,5.E-017));
#10404=CARTESIAN_POINT('',(56.080994997959,-10.90328899416,0.5));
#10405=CARTESIAN_POINT('Ctrl Pts',(55.363520508163,-10.7495444606388,10000.));
#10406=CARTESIAN_POINT('Ctrl Pts',(55.363520508163,-10.7495444606412,-10000.));
#10407=CARTESIAN_POINT('Ctrl Pts',(55.576712927988,-10.7495444606388,10000.));
#10408=CARTESIAN_POINT('Ctrl Pts',(55.576712927988,-10.7495444606412,-10000.));
#10409=CARTESIAN_POINT('Ctrl Pts',(55.740707097085,-10.7884930757988,10000.));
#10410=CARTESIAN_POINT('Ctrl Pts',(55.740707097085,-10.7884930758012,-10000.));
#10411=CARTESIAN_POINT('',(55.740707097085,-10.7884930758,0.5));
#10412=CARTESIAN_POINT('Ctrl Pts',(55.363520508163,-10.74954446064,0.5));
#10413=CARTESIAN_POINT('Ctrl Pts',(55.576712927988,-10.74954446064,0.5));
#10414=CARTESIAN_POINT('Ctrl Pts',(55.740707097085,-10.7884930758,0.5));
#10415=CARTESIAN_POINT('',(55.740707097085,-10.7884930758,4.E-017));
#10416=CARTESIAN_POINT('Ctrl Pts',(55.740707097085,-10.7884930757988,10000.));
#10417=CARTESIAN_POINT('Ctrl Pts',(55.740707097085,-10.7884930758012,-10000.));
#10418=CARTESIAN_POINT('Ctrl Pts',(55.904701266181,-10.8274416909588,10000.));
#10419=CARTESIAN_POINT('Ctrl Pts',(55.904701266181,-10.8274416909612,-10000.));
#10420=CARTESIAN_POINT('Ctrl Pts',(56.080994997959,-10.9032889941588,10000.));
#10421=CARTESIAN_POINT('Ctrl Pts',(56.080994997959,-10.9032889941612,-10000.));
#10422=CARTESIAN_POINT('Ctrl Pts',(55.740707097085,-10.7884930758,0.5));
#10423=CARTESIAN_POINT('Ctrl Pts',(55.904701266181,-10.82744169096,0.5));
#10424=CARTESIAN_POINT('Ctrl Pts',(56.080994997959,-10.90328899416,0.5));
#10425=CARTESIAN_POINT('Ctrl Pts',(57.229910814286,-10.8417911807488,10000.));
#10426=CARTESIAN_POINT('Ctrl Pts',(57.229910814286,-10.8417911807512,-10000.));
#10427=CARTESIAN_POINT('Ctrl Pts',(57.32735068309,-10.7372448979488,10000.));
#10428=CARTESIAN_POINT('Ctrl Pts',(57.32735068309,-10.7372448979512,-10000.));
#10429=CARTESIAN_POINT('Ctrl Pts',(57.489294925073,-10.7372448979488,10000.));
#10430=CARTESIAN_POINT('Ctrl Pts',(57.489294925073,-10.7372448979512,-10000.));
#10431=CARTESIAN_POINT('',(57.229910814286,-10.84179118075,0.5));
#10432=CARTESIAN_POINT('',(57.229910814286,-10.84179118075,4.E-017));
#10433=CARTESIAN_POINT('',(57.489294925073,-10.73724489795,0.5));
#10434=CARTESIAN_POINT('Ctrl Pts',(57.229910814286,-10.84179118075,0.5));
#10435=CARTESIAN_POINT('Ctrl Pts',(57.32735068309,-10.73724489795,0.5));
#10436=CARTESIAN_POINT('Ctrl Pts',(57.489294925073,-10.73724489795,0.5));
#10437=CARTESIAN_POINT('',(57.489294925073,-10.73724489795,3.E-017));
#10438=CARTESIAN_POINT('Ctrl Pts',(57.132607607289,-11.1578899416888,10000.));
#10439=CARTESIAN_POINT('Ctrl Pts',(57.132607607289,-11.1578899416912,-10000.));
#10440=CARTESIAN_POINT('Ctrl Pts',(57.132607607289,-10.9464741253588,10000.));
#10441=CARTESIAN_POINT('Ctrl Pts',(57.132607607289,-10.9464741253612,-10000.));
#10442=CARTESIAN_POINT('Ctrl Pts',(57.229910814286,-10.8417911807488,10000.));
#10443=CARTESIAN_POINT('Ctrl Pts',(57.229910814286,-10.8417911807512,-10000.));
#10444=CARTESIAN_POINT('',(57.132607607289,-11.15788994169,0.5));
#10445=CARTESIAN_POINT('',(57.132607607289,-11.15788994169,8.E-017));
#10446=CARTESIAN_POINT('Ctrl Pts',(57.132607607289,-11.15788994169,0.5));
#10447=CARTESIAN_POINT('Ctrl Pts',(57.132607607289,-10.94647412536,0.5));
#10448=CARTESIAN_POINT('Ctrl Pts',(57.229910814286,-10.84179118075,0.5));
#10449=CARTESIAN_POINT('Ctrl Pts',(57.489294925073,-10.7372448979488,10000.));
#10450=CARTESIAN_POINT('Ctrl Pts',(57.489294925073,-10.7372448979512,-10000.));
#10451=CARTESIAN_POINT('Ctrl Pts',(57.573341936735,-10.7372448979488,10000.));
#10452=CARTESIAN_POINT('Ctrl Pts',(57.573341936735,-10.7372448979512,-10000.));
#10453=CARTESIAN_POINT('Ctrl Pts',(57.661488802624,-10.7515943877488,10000.));
#10454=CARTESIAN_POINT('Ctrl Pts',(57.661488802624,-10.7515943877512,-10000.));
#10455=CARTESIAN_POINT('',(57.661488802624,-10.75159438775,0.5));
#10456=CARTESIAN_POINT('Ctrl Pts',(57.489294925073,-10.73724489795,0.5));
#10457=CARTESIAN_POINT('Ctrl Pts',(57.573341936735,-10.73724489795,0.5));
#10458=CARTESIAN_POINT('Ctrl Pts',(57.661488802624,-10.75159438775,0.5));
#10459=CARTESIAN_POINT('',(57.661488802624,-10.75159438775,3.E-017));
#10460=CARTESIAN_POINT('Origin',(57.132607607289,-12.48132288629,2.4E-016));
#10461=CARTESIAN_POINT('',(57.132607607289,-12.48132288629,0.5));
#10462=CARTESIAN_POINT('',(57.132607607289,-12.48132288629,2.4E-016));
#10463=CARTESIAN_POINT('',(57.132607607289,-12.48132288629,0.5));
#10464=CARTESIAN_POINT('Ctrl Pts',(57.661488802624,-10.7515943877488,10000.));
#10465=CARTESIAN_POINT('Ctrl Pts',(57.661488802624,-10.7515943877512,-10000.));
#10466=CARTESIAN_POINT('Ctrl Pts',(57.749635668513,-10.7659438775488,10000.));
#10467=CARTESIAN_POINT('Ctrl Pts',(57.749635668513,-10.7659438775512,-10000.));
#10468=CARTESIAN_POINT('Ctrl Pts',(57.804983700583,-10.7864431486788,10000.));
#10469=CARTESIAN_POINT('Ctrl Pts',(57.804983700583,-10.7864431486812,-10000.));
#10470=CARTESIAN_POINT('',(57.804983700583,-10.78644314868,0.5));
#10471=CARTESIAN_POINT('Ctrl Pts',(57.661488802624,-10.75159438775,0.5));
#10472=CARTESIAN_POINT('Ctrl Pts',(57.749635668513,-10.76594387755,0.5));
#10473=CARTESIAN_POINT('Ctrl Pts',(57.804983700583,-10.78644314868,0.5));
#10474=CARTESIAN_POINT('',(57.804983700583,-10.78644314868,4.E-017));
#10475=CARTESIAN_POINT('Origin',(57.790634210787,-12.48132288629,2.4E-016));
#10476=CARTESIAN_POINT('',(57.790634210787,-12.48132288629,0.5));
#10477=CARTESIAN_POINT('',(57.790634210787,-12.48132288629,2.4E-016));
#10478=CARTESIAN_POINT('',(57.790634210787,-12.48132288629,0.5));
#10479=CARTESIAN_POINT('Origin',(57.804983700583,-10.78644314868,4.E-017));
#10480=CARTESIAN_POINT('',(57.804983700583,-10.52200255102,0.5));
#10481=CARTESIAN_POINT('',(57.804983700583,-10.78644314868,0.5));
#10482=CARTESIAN_POINT('',(57.804983700583,-10.52200255102,0.));
#10483=CARTESIAN_POINT('Origin',(57.790634210787,-12.74781341107,2.8E-016));
#10484=CARTESIAN_POINT('',(57.790634210787,-12.74781341107,0.5));
#10485=CARTESIAN_POINT('',(57.790634210787,-12.74781341107,2.8E-016));
#10486=CARTESIAN_POINT('',(57.790634210787,-12.74781341107,0.5));
#10487=CARTESIAN_POINT('Ctrl Pts',(57.804983700583,-10.5220025510188,10000.));
#10488=CARTESIAN_POINT('Ctrl Pts',(57.804983700583,-10.5220025510212,-10000.));
#10489=CARTESIAN_POINT('Ctrl Pts',(57.745535814286,-10.4953534985388,10000.));
#10490=CARTESIAN_POINT('Ctrl Pts',(57.745535814286,-10.4953534985412,-10000.));
#10491=CARTESIAN_POINT('Ctrl Pts',(57.639896237026,-10.4769041545088,10000.));
#10492=CARTESIAN_POINT('Ctrl Pts',(57.639896237026,-10.4769041545112,-10000.));
#10493=CARTESIAN_POINT('',(57.639896237026,-10.47690415451,0.5));
#10494=CARTESIAN_POINT('Ctrl Pts',(57.804983700583,-10.52200255102,0.5));
#10495=CARTESIAN_POINT('Ctrl Pts',(57.745535814286,-10.49535349854,0.5));
#10496=CARTESIAN_POINT('Ctrl Pts',(57.639896237026,-10.47690415451,0.5));
#10497=CARTESIAN_POINT('',(57.639896237026,-10.47690415451,0.));
#10498=CARTESIAN_POINT('Origin',(57.132607607289,-12.74781341107,2.8E-016));
#10499=CARTESIAN_POINT('',(57.132607607289,-12.74781341107,0.5));
#10500=CARTESIAN_POINT('',(57.132607607289,-12.74781341107,2.8E-016));
#10501=CARTESIAN_POINT('',(57.132607607289,-12.74781341107,0.5));
#10502=CARTESIAN_POINT('Ctrl Pts',(57.639896237026,-10.4769041545088,10000.));
#10503=CARTESIAN_POINT('Ctrl Pts',(57.639896237026,-10.4769041545112,-10000.));
#10504=CARTESIAN_POINT('Ctrl Pts',(57.534393321574,-10.4584548104888,10000.));
#10505=CARTESIAN_POINT('Ctrl Pts',(57.534393321574,-10.4584548104912,-10000.));
#10506=CARTESIAN_POINT('Ctrl Pts',(57.433946893003,-10.4584548104888,10000.));
#10507=CARTESIAN_POINT('Ctrl Pts',(57.433946893003,-10.4584548104912,-10000.));
#10508=CARTESIAN_POINT('',(57.433946893003,-10.45845481049,0.5));
#10509=CARTESIAN_POINT('Ctrl Pts',(57.639896237026,-10.47690415451,0.5));
#10510=CARTESIAN_POINT('Ctrl Pts',(57.534393321574,-10.45845481049,0.5));
#10511=CARTESIAN_POINT('Ctrl Pts',(57.433946893003,-10.45845481049,0.5));
#10512=CARTESIAN_POINT('',(57.433946893003,-10.45845481049,-1.E-017));
#10513=CARTESIAN_POINT('Origin',(57.132607607289,-13.27259475218,3.4E-016));
#10514=CARTESIAN_POINT('',(57.132607607289,-13.27259475218,0.5));
#10515=CARTESIAN_POINT('',(57.132607607289,-13.27259475218,3.4E-016));
#10516=CARTESIAN_POINT('',(57.132607607289,-13.27259475218,0.5));
#10517=CARTESIAN_POINT('Ctrl Pts',(57.433946893003,-10.4584548104888,10000.));
#10518=CARTESIAN_POINT('Ctrl Pts',(57.433946893003,-10.4584548104912,-10000.));
#10519=CARTESIAN_POINT('Ctrl Pts',(57.255603234111,-10.4584548104888,10000.));
#10520=CARTESIAN_POINT('Ctrl Pts',(57.255603234111,-10.4584548104912,-10000.));
#10521=CARTESIAN_POINT('Ctrl Pts',(57.110058409038,-10.5210459183588,10000.));
#10522=CARTESIAN_POINT('Ctrl Pts',(57.110058409038,-10.5210459183612,-10000.));
#10523=CARTESIAN_POINT('',(57.110058409038,-10.52104591836,0.5));
#10524=CARTESIAN_POINT('Ctrl Pts',(57.433946893003,-10.45845481049,0.5));
#10525=CARTESIAN_POINT('Ctrl Pts',(57.255603234111,-10.45845481049,0.5));
#10526=CARTESIAN_POINT('Ctrl Pts',(57.110058409038,-10.52104591836,0.5));
#10527=CARTESIAN_POINT('',(57.110058409038,-10.52104591836,0.));
#10528=CARTESIAN_POINT('Origin',(56.927614895918,-13.27259475218,3.4E-016));
#10529=CARTESIAN_POINT('',(56.927614895918,-13.27259475218,0.5));
#10530=CARTESIAN_POINT('',(56.927614895918,-13.27259475218,3.4E-016));
#10531=CARTESIAN_POINT('',(56.927614895918,-13.27259475218,0.5));
#10532=CARTESIAN_POINT('Ctrl Pts',(57.110058409038,-10.5210459183588,10000.));
#10533=CARTESIAN_POINT('Ctrl Pts',(57.110058409038,-10.5210459183612,-10000.));
#10534=CARTESIAN_POINT('Ctrl Pts',(56.964513583965,-10.5836370262288,10000.));
#10535=CARTESIAN_POINT('Ctrl Pts',(56.964513583965,-10.5836370262312,-10000.));
#10536=CARTESIAN_POINT('Ctrl Pts',(56.877323350729,-10.7334183673388,10000.));
#10537=CARTESIAN_POINT('Ctrl Pts',(56.877323350729,-10.7334183673412,-10000.));
#10538=CARTESIAN_POINT('',(56.877323350729,-10.73341836734,0.5));
#10539=CARTESIAN_POINT('Ctrl Pts',(57.110058409038,-10.52104591836,0.5));
#10540=CARTESIAN_POINT('Ctrl Pts',(56.964513583965,-10.58363702623,0.5));
#10541=CARTESIAN_POINT('Ctrl Pts',(56.877323350729,-10.73341836734,0.5));
#10542=CARTESIAN_POINT('',(56.877323350729,-10.73341836734,3.E-017));
#10543=CARTESIAN_POINT('Origin',(56.792319706414,-12.78061224489,2.8E-016));
#10544=CARTESIAN_POINT('',(56.792319706414,-12.78061224489,0.5));
#10545=CARTESIAN_POINT('',(56.792319706414,-12.78061224489,2.8E-016));
#10546=CARTESIAN_POINT('',(56.792319706414,-12.78061224489,0.5));
#10547=CARTESIAN_POINT('Ctrl Pts',(56.877323350729,-10.7334183673388,10000.));
#10548=CARTESIAN_POINT('Ctrl Pts',(56.877323350729,-10.7334183673412,-10000.));
#10549=CARTESIAN_POINT('Ctrl Pts',(56.7902697793,-10.8831997084488,10000.));
#10550=CARTESIAN_POINT('Ctrl Pts',(56.7902697793,-10.8831997084512,-10000.));
#10551=CARTESIAN_POINT('Ctrl Pts',(56.7902697793,-11.1477769679288,10000.));
#10552=CARTESIAN_POINT('Ctrl Pts',(56.7902697793,-11.1477769679312,-10000.));
#10553=CARTESIAN_POINT('',(56.7902697793,-11.14777696793,0.5));
#10554=CARTESIAN_POINT('Ctrl Pts',(56.877323350729,-10.73341836734,0.5));
#10555=CARTESIAN_POINT('Ctrl Pts',(56.7902697793,-10.88319970845,0.5));
#10556=CARTESIAN_POINT('Ctrl Pts',(56.7902697793,-11.14777696793,0.5));
#10557=CARTESIAN_POINT('',(56.7902697793,-11.14777696793,8.E-017));
#10558=CARTESIAN_POINT('Origin',(56.470481149563,-12.6473669825,2.6E-016));
#10559=CARTESIAN_POINT('',(56.470481149563,-12.6473669825,0.5));
#10560=CARTESIAN_POINT('',(56.470481149563,-12.6473669825,2.6E-016));
#10561=CARTESIAN_POINT('',(56.470481149563,-12.6473669825,0.5));
#10562=CARTESIAN_POINT('Origin',(56.7902697793,-11.14777696793,8.E-017));
#10563=CARTESIAN_POINT('',(56.7902697793,-12.48132288629,0.5));
#10564=CARTESIAN_POINT('',(56.7902697793,-11.14777696793,0.5));
#10565=CARTESIAN_POINT('',(56.7902697793,-12.48132288629,2.4E-016));
#10566=CARTESIAN_POINT('Origin',(56.470481149563,-12.48132288629,2.4E-016));
#10567=CARTESIAN_POINT('',(56.470481149563,-12.48132288629,0.5));
#10568=CARTESIAN_POINT('',(56.470481149563,-12.48132288629,2.4E-016));
#10569=CARTESIAN_POINT('',(56.470481149563,-12.48132288629,0.5));
#10570=CARTESIAN_POINT('Origin',(56.7902697793,-12.48132288629,2.4E-016));
#10571=CARTESIAN_POINT('',(56.7902697793,-12.48132288629,0.5));
#10572=CARTESIAN_POINT('Origin',(52.2,-7.7,4.));
#10573=CARTESIAN_POINT('Ctrl Pts',(57.596164458601,-5.3176475947508,10000.));
#10574=CARTESIAN_POINT('Ctrl Pts',(57.596164458601,-5.3176475947532,-10000.));
#10575=CARTESIAN_POINT('Ctrl Pts',(57.753052213703,-4.9714832361508,10000.));
#10576=CARTESIAN_POINT('Ctrl Pts',(57.753052213703,-4.9714832361532,-10000.));
#10577=CARTESIAN_POINT('Ctrl Pts',(57.753052213703,-4.5010932944598,10000.));
#10578=CARTESIAN_POINT('Ctrl Pts',(57.753052213703,-4.5010932944622,-10000.));
#10579=CARTESIAN_POINT('',(57.596164458601,-5.317647594752,0.5));
#10580=CARTESIAN_POINT('',(57.596164458601,-5.317647594752,2.8E-016));
#10581=CARTESIAN_POINT('',(57.753052213703,-4.501093294461,0.5));
#10582=CARTESIAN_POINT('Ctrl Pts',(57.596164458601,-5.317647594752,0.5));
#10583=CARTESIAN_POINT('Ctrl Pts',(57.753052213703,-4.971483236152,0.5));
#10584=CARTESIAN_POINT('Ctrl Pts',(57.753052213703,-4.501093294461,0.5));
#10585=CARTESIAN_POINT('',(57.753052213703,-4.501093294461,1.8E-016));
#10586=CARTESIAN_POINT('Ctrl Pts',(57.134930858017,-5.8548651603488,10000.));
#10587=CARTESIAN_POINT('Ctrl Pts',(57.134930858017,-5.8548651603512,-10000.));
#10588=CARTESIAN_POINT('Ctrl Pts',(57.439413365306,-5.6638119533518,10000.));
#10589=CARTESIAN_POINT('Ctrl Pts',(57.439413365306,-5.6638119533542,-10000.));
#10590=CARTESIAN_POINT('Ctrl Pts',(57.596164458601,-5.3176475947508,10000.));
#10591=CARTESIAN_POINT('Ctrl Pts',(57.596164458601,-5.3176475947532,-10000.));
#10592=CARTESIAN_POINT('',(57.134930858017,-5.85486516035,0.5));
#10593=CARTESIAN_POINT('',(57.134930858017,-5.85486516035,3.5E-016));
#10594=CARTESIAN_POINT('Ctrl Pts',(57.134930858017,-5.85486516035,0.5));
#10595=CARTESIAN_POINT('Ctrl Pts',(57.439413365306,-5.663811953353,0.5));
#10596=CARTESIAN_POINT('Ctrl Pts',(57.596164458601,-5.317647594752,0.5));
#10597=CARTESIAN_POINT('Ctrl Pts',(56.385750828863,-6.0459183673458,10000.));
#10598=CARTESIAN_POINT('Ctrl Pts',(56.385750828863,-6.0459183673482,-10000.));
#10599=CARTESIAN_POINT('Ctrl Pts',(56.830585012536,-6.0459183673458,10000.));
#10600=CARTESIAN_POINT('Ctrl Pts',(56.830585012536,-6.0459183673482,-10000.));
#10601=CARTESIAN_POINT('Ctrl Pts',(57.134930858017,-5.8548651603488,10000.));
#10602=CARTESIAN_POINT('Ctrl Pts',(57.134930858017,-5.8548651603512,-10000.));
#10603=CARTESIAN_POINT('',(56.385750828863,-6.045918367347,0.5));
#10604=CARTESIAN_POINT('',(56.385750828863,-6.045918367347,3.7E-016));
#10605=CARTESIAN_POINT('Ctrl Pts',(56.385750828863,-6.045918367347,0.5));
#10606=CARTESIAN_POINT('Ctrl Pts',(56.830585012536,-6.045918367347,0.5));
#10607=CARTESIAN_POINT('Ctrl Pts',(57.134930858017,-5.85486516035,0.5));
#10608=CARTESIAN_POINT('Ctrl Pts',(55.611835012536,-5.8528152332348,10000.));
#10609=CARTESIAN_POINT('Ctrl Pts',(55.611835012536,-5.8528152332372,-10000.));
#10610=CARTESIAN_POINT('Ctrl Pts',(55.920417374052,-6.0459183673458,10000.));
#10611=CARTESIAN_POINT('Ctrl Pts',(55.920417374052,-6.0459183673482,-10000.));
#10612=CARTESIAN_POINT('Ctrl Pts',(56.385750828863,-6.0459183673458,10000.));
#10613=CARTESIAN_POINT('Ctrl Pts',(56.385750828863,-6.0459183673482,-10000.));
#10614=CARTESIAN_POINT('',(55.611835012536,-5.852815233236,0.5));
#10615=CARTESIAN_POINT('',(55.611835012536,-5.852815233236,3.5E-016));
#10616=CARTESIAN_POINT('Ctrl Pts',(55.611835012536,-5.852815233236,0.5));
#10617=CARTESIAN_POINT('Ctrl Pts',(55.920417374052,-6.045918367347,0.5));
#10618=CARTESIAN_POINT('Ctrl Pts',(56.385750828863,-6.045918367347,0.5));
#10619=CARTESIAN_POINT('Ctrl Pts',(55.151694706414,-5.3124544460628,10000.));
#10620=CARTESIAN_POINT('Ctrl Pts',(55.151694706414,-5.3124544460652,-10000.));
#10621=CARTESIAN_POINT('Ctrl Pts',(55.303389312828,-5.6597120991238,10000.));
#10622=CARTESIAN_POINT('Ctrl Pts',(55.303389312828,-5.6597120991262,-10000.));
#10623=CARTESIAN_POINT('Ctrl Pts',(55.611835012536,-5.8528152332348,10000.));
#10624=CARTESIAN_POINT('Ctrl Pts',(55.611835012536,-5.8528152332372,-10000.));
#10625=CARTESIAN_POINT('',(55.151694706414,-5.312454446064,0.5));
#10626=CARTESIAN_POINT('',(55.151694706414,-5.312454446064,2.8E-016));
#10627=CARTESIAN_POINT('Ctrl Pts',(55.151694706414,-5.312454446064,0.5));
#10628=CARTESIAN_POINT('Ctrl Pts',(55.303389312828,-5.659712099125,0.5));
#10629=CARTESIAN_POINT('Ctrl Pts',(55.611835012536,-5.852815233236,0.5));
#10630=CARTESIAN_POINT('Ctrl Pts',(55.0000001,-4.5051931486868,10000.));
#10631=CARTESIAN_POINT('Ctrl Pts',(55.0000001,-4.5051931486892,-10000.));
#10632=CARTESIAN_POINT('Ctrl Pts',(55.0000001,-4.9653334548088,10000.));
#10633=CARTESIAN_POINT('Ctrl Pts',(55.0000001,-4.9653334548112,-10000.));
#10634=CARTESIAN_POINT('Ctrl Pts',(55.151694706414,-5.3124544460628,10000.));
#10635=CARTESIAN_POINT('Ctrl Pts',(55.151694706414,-5.3124544460652,-10000.));
#10636=CARTESIAN_POINT('',(55.0000001,-4.505193148688,0.5));
#10637=CARTESIAN_POINT('',(55.0000001,-4.505193148688,1.8E-016));
#10638=CARTESIAN_POINT('Ctrl Pts',(55.0000001,-4.505193148688,0.5));
#10639=CARTESIAN_POINT('Ctrl Pts',(55.0000001,-4.96533345481,0.5));
#10640=CARTESIAN_POINT('Ctrl Pts',(55.151694706414,-5.312454446064,0.5));
#10641=CARTESIAN_POINT('Ctrl Pts',(55.085003744315,-3.8723123177828,10000.));
#10642=CARTESIAN_POINT('Ctrl Pts',(55.085003744315,-3.8723123177852,-10000.));
#10643=CARTESIAN_POINT('Ctrl Pts',(55.0000001,-4.1579354956258,10000.));
#10644=CARTESIAN_POINT('Ctrl Pts',(55.0000001,-4.1579354956282,-10000.));
#10645=CARTESIAN_POINT('Ctrl Pts',(55.0000001,-4.5051931486868,10000.));
#10646=CARTESIAN_POINT('Ctrl Pts',(55.0000001,-4.5051931486892,-10000.));
#10647=CARTESIAN_POINT('',(55.085003744315,-3.872312317784,0.5));
#10648=CARTESIAN_POINT('',(55.085003744315,-3.872312317784,1.1E-016));
#10649=CARTESIAN_POINT('Ctrl Pts',(55.085003744315,-3.872312317784,0.5));
#10650=CARTESIAN_POINT('Ctrl Pts',(55.0000001,-4.157935495627,0.5));
#10651=CARTESIAN_POINT('Ctrl Pts',(55.0000001,-4.505193148688,0.5));
#10652=CARTESIAN_POINT('Ctrl Pts',(55.341244633528,-3.3814231049548,10000.));
#10653=CARTESIAN_POINT('Ctrl Pts',(55.341244633528,-3.3814231049572,-10000.));
#10654=CARTESIAN_POINT('Ctrl Pts',(55.170144050437,-3.5868258017478,10000.));
#10655=CARTESIAN_POINT('Ctrl Pts',(55.170144050437,-3.5868258017502,-10000.));
#10656=CARTESIAN_POINT('Ctrl Pts',(55.085003744315,-3.8723123177828,10000.));
#10657=CARTESIAN_POINT('Ctrl Pts',(55.085003744315,-3.8723123177852,-10000.));
#10658=CARTESIAN_POINT('',(55.341244633528,-3.381423104956,0.5));
#10659=CARTESIAN_POINT('',(55.341244633528,-3.381423104956,5.E-017));
#10660=CARTESIAN_POINT('Ctrl Pts',(55.341244633528,-3.381423104956,0.5));
#10661=CARTESIAN_POINT('Ctrl Pts',(55.170144050437,-3.586825801749,0.5));
#10662=CARTESIAN_POINT('Ctrl Pts',(55.085003744315,-3.872312317784,0.5));
#10663=CARTESIAN_POINT('Ctrl Pts',(55.771729327405,-3.0650510204068,10000.));
#10664=CARTESIAN_POINT('Ctrl Pts',(55.771729327405,-3.0650510204092,-10000.));
#10665=CARTESIAN_POINT('Ctrl Pts',(55.512481878426,-3.1760204081618,10000.));
#10666=CARTESIAN_POINT('Ctrl Pts',(55.512481878426,-3.1760204081642,-10000.));
#10667=CARTESIAN_POINT('Ctrl Pts',(55.341244633528,-3.3814231049548,10000.));
#10668=CARTESIAN_POINT('Ctrl Pts',(55.341244633528,-3.3814231049572,-10000.));
#10669=CARTESIAN_POINT('',(55.771729327405,-3.065051020408,0.5));
#10670=CARTESIAN_POINT('',(55.771729327405,-3.065051020408,1.E-017));
#10671=CARTESIAN_POINT('Ctrl Pts',(55.771729327405,-3.065051020408,0.5));
#10672=CARTESIAN_POINT('Ctrl Pts',(55.512481878426,-3.176020408163,0.5));
#10673=CARTESIAN_POINT('Ctrl Pts',(55.341244633528,-3.381423104956,0.5));
#10674=CARTESIAN_POINT('Ctrl Pts',(56.379601047522,-2.9540816326518,10000.));
#10675=CARTESIAN_POINT('Ctrl Pts',(56.379601047522,-2.9540816326542,-10000.));
#10676=CARTESIAN_POINT('Ctrl Pts',(56.031113438192,-2.9540816326518,10000.));
#10677=CARTESIAN_POINT('Ctrl Pts',(56.031113438192,-2.9540816326542,-10000.));
#10678=CARTESIAN_POINT('Ctrl Pts',(55.771729327405,-3.0650510204068,10000.));
#10679=CARTESIAN_POINT('Ctrl Pts',(55.771729327405,-3.0650510204092,-10000.));
#10680=CARTESIAN_POINT('',(56.379601047522,-2.954081632653,0.5));
#10681=CARTESIAN_POINT('',(56.379601047522,-2.954081632653,-1.E-017));
#10682=CARTESIAN_POINT('Ctrl Pts',(56.379601047522,-2.954081632653,0.5));
#10683=CARTESIAN_POINT('Ctrl Pts',(56.031113438192,-2.954081632653,0.5));
#10684=CARTESIAN_POINT('Ctrl Pts',(55.771729327405,-3.065051020408,0.5));
#10685=CARTESIAN_POINT('Ctrl Pts',(56.974079910496,-3.0650510204068,10000.));
#10686=CARTESIAN_POINT('Ctrl Pts',(56.974079910496,-3.0650510204092,-10000.));
#10687=CARTESIAN_POINT('Ctrl Pts',(56.717839021283,-2.9540816326518,10000.));
#10688=CARTESIAN_POINT('Ctrl Pts',(56.717839021283,-2.9540816326542,-10000.));
#10689=CARTESIAN_POINT('Ctrl Pts',(56.379601047522,-2.9540816326518,10000.));
#10690=CARTESIAN_POINT('Ctrl Pts',(56.379601047522,-2.9540816326542,-10000.));
#10691=CARTESIAN_POINT('',(56.974079910496,-3.065051020408,0.5));
#10692=CARTESIAN_POINT('',(56.974079910496,-3.065051020408,1.E-017));
#10693=CARTESIAN_POINT('Ctrl Pts',(56.974079910496,-3.065051020408,0.5));
#10694=CARTESIAN_POINT('Ctrl Pts',(56.717839021283,-2.954081632653,0.5));
#10695=CARTESIAN_POINT('Ctrl Pts',(56.379601047522,-2.954081632653,0.5));
#10696=CARTESIAN_POINT('Ctrl Pts',(57.403471309913,-3.3803298104948,10000.));
#10697=CARTESIAN_POINT('Ctrl Pts',(57.403471309913,-3.3803298104972,-10000.));
#10698=CARTESIAN_POINT('Ctrl Pts',(57.230320799708,-3.1760204081618,10000.));
#10699=CARTESIAN_POINT('Ctrl Pts',(57.230320799708,-3.1760204081642,-10000.));
#10700=CARTESIAN_POINT('Ctrl Pts',(56.974079910496,-3.0650510204068,10000.));
#10701=CARTESIAN_POINT('Ctrl Pts',(56.974079910496,-3.0650510204092,-10000.));
#10702=CARTESIAN_POINT('',(57.403471309913,-3.380329810496,0.5));
#10703=CARTESIAN_POINT('',(57.403471309913,-3.380329810496,5.E-017));
#10704=CARTESIAN_POINT('Ctrl Pts',(57.403471309913,-3.380329810496,0.5));
#10705=CARTESIAN_POINT('Ctrl Pts',(57.230320799708,-3.176020408163,0.5));
#10706=CARTESIAN_POINT('Ctrl Pts',(56.974079910496,-3.065051020408,0.5));
#10707=CARTESIAN_POINT('Ctrl Pts',(57.664905347813,-3.8693057580158,10000.));
#10708=CARTESIAN_POINT('Ctrl Pts',(57.664905347813,-3.8693057580182,-10000.));
#10709=CARTESIAN_POINT('Ctrl Pts',(57.576758481924,-3.5847758746348,10000.));
#10710=CARTESIAN_POINT('Ctrl Pts',(57.576758481924,-3.5847758746372,-10000.));
#10711=CARTESIAN_POINT('Ctrl Pts',(57.403471309913,-3.3803298104948,10000.));
#10712=CARTESIAN_POINT('Ctrl Pts',(57.403471309913,-3.3803298104972,-10000.));
#10713=CARTESIAN_POINT('',(57.664905347813,-3.869305758017,0.5));
#10714=CARTESIAN_POINT('',(57.664905347813,-3.869305758017,1.1E-016));
#10715=CARTESIAN_POINT('Ctrl Pts',(57.664905347813,-3.869305758017,0.5));
#10716=CARTESIAN_POINT('Ctrl Pts',(57.576758481924,-3.584775874636,0.5));
#10717=CARTESIAN_POINT('Ctrl Pts',(57.403471309913,-3.380329810496,0.5));
#10718=CARTESIAN_POINT('Ctrl Pts',(57.753052213703,-4.5010932944598,10000.));
#10719=CARTESIAN_POINT('Ctrl Pts',(57.753052213703,-4.5010932944622,-10000.));
#10720=CARTESIAN_POINT('Ctrl Pts',(57.753052213703,-4.1538356413978,10000.));
#10721=CARTESIAN_POINT('Ctrl Pts',(57.753052213703,-4.1538356414002,-10000.));
#10722=CARTESIAN_POINT('Ctrl Pts',(57.664905347813,-3.8693057580158,10000.));
#10723=CARTESIAN_POINT('Ctrl Pts',(57.664905347813,-3.8693057580182,-10000.));
#10724=CARTESIAN_POINT('Ctrl Pts',(57.753052213703,-4.501093294461,0.5));
#10725=CARTESIAN_POINT('Ctrl Pts',(57.753052213703,-4.153835641399,0.5));
#10726=CARTESIAN_POINT('Ctrl Pts',(57.664905347813,-3.869305758017,0.5));
#10727=CARTESIAN_POINT('Ctrl Pts',(59.097667738484,-5.2390670553928,10000.));
#10728=CARTESIAN_POINT('Ctrl Pts',(59.097667738484,-5.2390670553952,-10000.));
#10729=CARTESIAN_POINT('Ctrl Pts',(59.234056222449,-5.2893586005818,10000.));
#10730=CARTESIAN_POINT('Ctrl Pts',(59.234056222449,-5.2893586005842,-10000.));
#10731=CARTESIAN_POINT('Ctrl Pts',(59.420599589796,-5.2893586005818,10000.));
#10732=CARTESIAN_POINT('Ctrl Pts',(59.420599589796,-5.2893586005842,-10000.));
#10733=CARTESIAN_POINT('',(59.097667738484,-5.239067055394,0.5));
#10734=CARTESIAN_POINT('',(59.097667738484,-5.239067055394,2.7E-016));
#10735=CARTESIAN_POINT('',(59.420599589796,-5.289358600583,0.5));
#10736=CARTESIAN_POINT('Ctrl Pts',(59.097667738484,-5.239067055394,0.5));
#10737=CARTESIAN_POINT('Ctrl Pts',(59.234056222449,-5.289358600583,0.5));
#10738=CARTESIAN_POINT('Ctrl Pts',(59.420599589796,-5.289358600583,0.5));
#10739=CARTESIAN_POINT('',(59.420599589796,-5.289358600583,2.8E-016));
#10740=CARTESIAN_POINT('Ctrl Pts',(58.867119269096,-5.1037718658878,10000.));
#10741=CARTESIAN_POINT('Ctrl Pts',(58.867119269096,-5.1037718658902,-10000.));
#10742=CARTESIAN_POINT('Ctrl Pts',(58.961415916327,-5.1889121720108,10000.));
#10743=CARTESIAN_POINT('Ctrl Pts',(58.961415916327,-5.1889121720132,-10000.));
#10744=CARTESIAN_POINT('Ctrl Pts',(59.097667738484,-5.2390670553928,10000.));
#10745=CARTESIAN_POINT('Ctrl Pts',(59.097667738484,-5.2390670553952,-10000.));
#10746=CARTESIAN_POINT('',(58.867119269096,-5.103771865889,0.5));
#10747=CARTESIAN_POINT('',(58.867119269096,-5.103771865889,2.6E-016));
#10748=CARTESIAN_POINT('Ctrl Pts',(58.867119269096,-5.103771865889,0.5));
#10749=CARTESIAN_POINT('Ctrl Pts',(58.961415916327,-5.188912172012,0.5));
#10750=CARTESIAN_POINT('Ctrl Pts',(59.097667738484,-5.239067055394,0.5));
#10751=CARTESIAN_POINT('Ctrl Pts',(58.707224954227,-4.9162718658878,10000.));
#10752=CARTESIAN_POINT('Ctrl Pts',(58.707224954227,-4.9162718658902,-10000.));
#10753=CARTESIAN_POINT('Ctrl Pts',(58.772822621866,-5.0187682215728,10000.));
#10754=CARTESIAN_POINT('Ctrl Pts',(58.772822621866,-5.0187682215752,-10000.));
#10755=CARTESIAN_POINT('Ctrl Pts',(58.867119269096,-5.1037718658878,10000.));
#10756=CARTESIAN_POINT('Ctrl Pts',(58.867119269096,-5.1037718658902,-10000.));
#10757=CARTESIAN_POINT('',(58.707224954227,-4.916271865889,0.5));
#10758=CARTESIAN_POINT('',(58.707224954227,-4.916271865889,2.3E-016));
#10759=CARTESIAN_POINT('Ctrl Pts',(58.707224954227,-4.916271865889,0.5));
#10760=CARTESIAN_POINT('Ctrl Pts',(58.772822621866,-5.018768221574,0.5));
#10761=CARTESIAN_POINT('Ctrl Pts',(58.867119269096,-5.103771865889,0.5));
#10762=CARTESIAN_POINT('Origin',(58.690825537318,-4.916271865889,2.3E-016));
#10763=CARTESIAN_POINT('',(58.690825537318,-4.916271865889,0.5));
#10764=CARTESIAN_POINT('',(58.690825537318,-4.916271865889,2.3E-016));
#10765=CARTESIAN_POINT('',(58.690825537318,-4.916271865889,0.5));
#10766=CARTESIAN_POINT('Origin',(58.645727140816,-5.247813411079,2.8E-016));
#10767=CARTESIAN_POINT('',(58.645727140816,-5.247813411079,0.5));
#10768=CARTESIAN_POINT('',(58.645727140816,-5.247813411079,2.8E-016));
#10769=CARTESIAN_POINT('',(58.645727140816,-5.247813411079,0.5));
#10770=CARTESIAN_POINT('Origin',(58.364887126239,-5.247813411079,2.8E-016));
#10771=CARTESIAN_POINT('',(58.364887126239,-5.247813411079,0.5));
#10772=CARTESIAN_POINT('',(58.364887126239,-5.247813411079,2.8E-016));
#10773=CARTESIAN_POINT('',(58.364887126239,-5.247813411079,0.5));
#10774=CARTESIAN_POINT('Origin',(58.364887126239,-1.99416909621,-1.2E-016));
#10775=CARTESIAN_POINT('',(58.364887126239,-1.99416909621,0.5));
#10776=CARTESIAN_POINT('',(58.364887126239,-1.99416909621,-1.2E-016));
#10777=CARTESIAN_POINT('',(58.364887126239,-1.99416909621,0.5));
#10778=CARTESIAN_POINT('Origin',(58.707224954227,-1.99416909621,-1.2E-016));
#10779=CARTESIAN_POINT('',(58.707224954227,-1.99416909621,0.5));
#10780=CARTESIAN_POINT('',(58.707224954227,-1.99416909621,-1.2E-016));
#10781=CARTESIAN_POINT('',(58.707224954227,-1.99416909621,0.5));
#10782=CARTESIAN_POINT('Origin',(58.707224954227,-2.917182944606,-1.E-017));
#10783=CARTESIAN_POINT('',(58.707224954227,-2.917182944606,0.5));
#10784=CARTESIAN_POINT('',(58.707224954227,-2.917182944606,-1.E-017));
#10785=CARTESIAN_POINT('',(58.707224954227,-2.917182944606,0.5));
#10786=CARTESIAN_POINT('Ctrl Pts',(58.697931951312,-3.1141126093278,10000.));
#10787=CARTESIAN_POINT('Ctrl Pts',(58.697931951312,-3.1141126093302,-10000.));
#10788=CARTESIAN_POINT('Ctrl Pts',(58.707224954227,-3.0013666180748,10000.));
#10789=CARTESIAN_POINT('Ctrl Pts',(58.707224954227,-3.0013666180772,-10000.));
#10790=CARTESIAN_POINT('Ctrl Pts',(58.707224954227,-2.9171829446048,10000.));
#10791=CARTESIAN_POINT('Ctrl Pts',(58.707224954227,-2.9171829446072,-10000.));
#10792=CARTESIAN_POINT('',(58.697931951312,-3.114112609329,0.5));
#10793=CARTESIAN_POINT('',(58.697931951312,-3.114112609329,1.E-017));
#10794=CARTESIAN_POINT('Ctrl Pts',(58.697931951312,-3.114112609329,0.5));
#10795=CARTESIAN_POINT('Ctrl Pts',(58.707224954227,-3.001366618076,0.5));
#10796=CARTESIAN_POINT('Ctrl Pts',(58.707224954227,-2.917182944606,0.5));
#10797=CARTESIAN_POINT('Ctrl Pts',(58.682625828863,-3.3069424198238,10000.));
#10798=CARTESIAN_POINT('Ctrl Pts',(58.682625828863,-3.3069424198262,-10000.));
#10799=CARTESIAN_POINT('Ctrl Pts',(58.688775610204,-3.2269952623898,10000.));
#10800=CARTESIAN_POINT('Ctrl Pts',(58.688775610204,-3.2269952623922,-10000.));
#10801=CARTESIAN_POINT('Ctrl Pts',(58.697931951312,-3.1141126093278,10000.));
#10802=CARTESIAN_POINT('Ctrl Pts',(58.697931951312,-3.1141126093302,-10000.));
#10803=CARTESIAN_POINT('',(58.682625828863,-3.306942419825,0.5));
#10804=CARTESIAN_POINT('',(58.682625828863,-3.306942419825,4.E-017));
#10805=CARTESIAN_POINT('Ctrl Pts',(58.682625828863,-3.306942419825,0.5));
#10806=CARTESIAN_POINT('Ctrl Pts',(58.688775610204,-3.226995262391,0.5));
#10807=CARTESIAN_POINT('Ctrl Pts',(58.697931951312,-3.114112609329,0.5));
#10808=CARTESIAN_POINT('Origin',(58.707224954227,-3.306942419825,4.E-017));
#10809=CARTESIAN_POINT('',(58.707224954227,-3.306942419825,0.5));
#10810=CARTESIAN_POINT('',(58.707224954227,-3.306942419825,4.E-017));
#10811=CARTESIAN_POINT('',(58.707224954227,-3.306942419825,0.5));
#10812=CARTESIAN_POINT('Ctrl Pts',(58.867119269096,-3.1326986151588,10000.));
#10813=CARTESIAN_POINT('Ctrl Pts',(58.867119269096,-3.1326986151612,-10000.));
#10814=CARTESIAN_POINT('Ctrl Pts',(58.770772694752,-3.2126457725938,10000.));
#10815=CARTESIAN_POINT('Ctrl Pts',(58.770772694752,-3.2126457725962,-10000.));
#10816=CARTESIAN_POINT('Ctrl Pts',(58.707224954227,-3.3069424198238,10000.));
#10817=CARTESIAN_POINT('Ctrl Pts',(58.707224954227,-3.3069424198262,-10000.));
#10818=CARTESIAN_POINT('',(58.867119269096,-3.13269861516,0.5));
#10819=CARTESIAN_POINT('',(58.867119269096,-3.13269861516,2.E-017));
#10820=CARTESIAN_POINT('Ctrl Pts',(58.867119269096,-3.13269861516,0.5));
#10821=CARTESIAN_POINT('Ctrl Pts',(58.770772694752,-3.212645772595,0.5));
#10822=CARTESIAN_POINT('Ctrl Pts',(58.707224954227,-3.306942419825,0.5));
#10823=CARTESIAN_POINT('Ctrl Pts',(59.098761032945,-3.0056031341098,10000.));
#10824=CARTESIAN_POINT('Ctrl Pts',(59.098761032945,-3.0056031341122,-10000.));
#10825=CARTESIAN_POINT('Ctrl Pts',(58.96346584344,-3.0527514577248,10000.));
#10826=CARTESIAN_POINT('Ctrl Pts',(58.96346584344,-3.0527514577272,-10000.));
#10827=CARTESIAN_POINT('Ctrl Pts',(58.867119269096,-3.1326986151588,10000.));
#10828=CARTESIAN_POINT('Ctrl Pts',(58.867119269096,-3.1326986151612,-10000.));
#10829=CARTESIAN_POINT('',(59.098761032945,-3.005603134111,0.5));
#10830=CARTESIAN_POINT('',(59.098761032945,-3.005603134111,0.));
#10831=CARTESIAN_POINT('Ctrl Pts',(59.098761032945,-3.005603134111,0.5));
#10832=CARTESIAN_POINT('Ctrl Pts',(58.96346584344,-3.052751457726,0.5));
#10833=CARTESIAN_POINT('Ctrl Pts',(58.867119269096,-3.13269861516,0.5));
#10834=CARTESIAN_POINT('Ctrl Pts',(59.412399881341,-2.9584548104948,10000.));
#10835=CARTESIAN_POINT('Ctrl Pts',(59.412399881341,-2.9584548104972,-10000.));
#10836=CARTESIAN_POINT('Ctrl Pts',(59.234056222449,-2.9584548104948,10000.));
#10837=CARTESIAN_POINT('Ctrl Pts',(59.234056222449,-2.9584548104972,-10000.));
#10838=CARTESIAN_POINT('Ctrl Pts',(59.098761032945,-3.0056031341098,10000.));
#10839=CARTESIAN_POINT('Ctrl Pts',(59.098761032945,-3.0056031341122,-10000.));
#10840=CARTESIAN_POINT('',(59.412399881341,-2.958454810496,0.5));
#10841=CARTESIAN_POINT('',(59.412399881341,-2.958454810496,-1.E-017));
#10842=CARTESIAN_POINT('Ctrl Pts',(59.412399881341,-2.958454810496,0.5));
#10843=CARTESIAN_POINT('Ctrl Pts',(59.234056222449,-2.958454810496,0.5));
#10844=CARTESIAN_POINT('Ctrl Pts',(59.098761032945,-3.005603134111,0.5));
#10845=CARTESIAN_POINT('Ctrl Pts',(59.903289094169,-3.0918367346928,10000.));
#10846=CARTESIAN_POINT('Ctrl Pts',(59.903289094169,-3.0918367346952,-10000.));
#10847=CARTESIAN_POINT('Ctrl Pts',(59.695289823032,-2.9584548104948,10000.));
#10848=CARTESIAN_POINT('Ctrl Pts',(59.695289823032,-2.9584548104972,-10000.));
#10849=CARTESIAN_POINT('Ctrl Pts',(59.412399881341,-2.9584548104948,10000.));
#10850=CARTESIAN_POINT('Ctrl Pts',(59.412399881341,-2.9584548104972,-10000.));
#10851=CARTESIAN_POINT('',(59.903289094169,-3.091836734694,0.5));
#10852=CARTESIAN_POINT('',(59.903289094169,-3.091836734694,1.E-017));
#10853=CARTESIAN_POINT('Ctrl Pts',(59.903289094169,-3.091836734694,0.5));
#10854=CARTESIAN_POINT('Ctrl Pts',(59.695289823032,-2.958454810496,0.5));
#10855=CARTESIAN_POINT('Ctrl Pts',(59.412399881341,-2.958454810496,0.5));
#10856=CARTESIAN_POINT('Ctrl Pts',(60.226220945481,-3.4856960641388,10000.));
#10857=CARTESIAN_POINT('Ctrl Pts',(60.226220945481,-3.4856960641412,-10000.));
#10858=CARTESIAN_POINT('Ctrl Pts',(60.111425027114,-3.2252186588908,10000.));
#10859=CARTESIAN_POINT('Ctrl Pts',(60.111425027114,-3.2252186588932,-10000.));
#10860=CARTESIAN_POINT('Ctrl Pts',(59.903289094169,-3.0918367346928,10000.));
#10861=CARTESIAN_POINT('Ctrl Pts',(59.903289094169,-3.0918367346952,-10000.));
#10862=CARTESIAN_POINT('',(60.226220945481,-3.48569606414,0.5));
#10863=CARTESIAN_POINT('',(60.226220945481,-3.48569606414,6.E-017));
#10864=CARTESIAN_POINT('Ctrl Pts',(60.226220945481,-3.48569606414,0.5));
#10865=CARTESIAN_POINT('Ctrl Pts',(60.111425027114,-3.225218658892,0.5));
#10866=CARTESIAN_POINT('Ctrl Pts',(59.903289094169,-3.091836734694,0.5));
#10867=CARTESIAN_POINT('Ctrl Pts',(60.341016863848,-4.1300564868788,10000.));
#10868=CARTESIAN_POINT('Ctrl Pts',(60.341016863848,-4.1300564868812,-10000.));
#10869=CARTESIAN_POINT('Ctrl Pts',(60.341016863848,-3.7463101311938,10000.));
#10870=CARTESIAN_POINT('Ctrl Pts',(60.341016863848,-3.7463101311962,-10000.));
#10871=CARTESIAN_POINT('Ctrl Pts',(60.226220945481,-3.4856960641388,10000.));
#10872=CARTESIAN_POINT('Ctrl Pts',(60.226220945481,-3.4856960641412,-10000.));
#10873=CARTESIAN_POINT('',(60.341016863848,-4.13005648688,0.5));
#10874=CARTESIAN_POINT('',(60.341016863848,-4.13005648688,1.4E-016));
#10875=CARTESIAN_POINT('Ctrl Pts',(60.341016863848,-4.13005648688,0.5));
#10876=CARTESIAN_POINT('Ctrl Pts',(60.341016863848,-3.746310131195,0.5));
#10877=CARTESIAN_POINT('Ctrl Pts',(60.226220945481,-3.48569606414,0.5));
#10878=CARTESIAN_POINT('Ctrl Pts',(60.090925755977,-5.0000455539348,10000.));
#10879=CARTESIAN_POINT('Ctrl Pts',(60.090925755977,-5.0000455539372,-10000.));
#10880=CARTESIAN_POINT('Ctrl Pts',(60.341016863848,-4.7107325072878,10000.));
#10881=CARTESIAN_POINT('Ctrl Pts',(60.341016863848,-4.7107325072902,-10000.));
#10882=CARTESIAN_POINT('Ctrl Pts',(60.341016863848,-4.1300564868788,10000.));
#10883=CARTESIAN_POINT('Ctrl Pts',(60.341016863848,-4.1300564868812,-10000.));
#10884=CARTESIAN_POINT('',(60.090925755977,-5.000045553936,0.5));
#10885=CARTESIAN_POINT('',(60.090925755977,-5.000045553936,2.4E-016));
#10886=CARTESIAN_POINT('Ctrl Pts',(60.090925755977,-5.000045553936,0.5));
#10887=CARTESIAN_POINT('Ctrl Pts',(60.341016863848,-4.710732507289,0.5));
#10888=CARTESIAN_POINT('Ctrl Pts',(60.341016863848,-4.13005648688,0.5));
#10889=CARTESIAN_POINT('Ctrl Pts',(59.420599589796,-5.2893586005818,10000.));
#10890=CARTESIAN_POINT('Ctrl Pts',(59.420599589796,-5.2893586005842,-10000.));
#10891=CARTESIAN_POINT('Ctrl Pts',(59.840834648105,-5.2893586005818,10000.));
#10892=CARTESIAN_POINT('Ctrl Pts',(59.840834648105,-5.2893586005842,-10000.));
#10893=CARTESIAN_POINT('Ctrl Pts',(60.090925755977,-5.0000455539348,10000.));
#10894=CARTESIAN_POINT('Ctrl Pts',(60.090925755977,-5.0000455539372,-10000.));
#10895=CARTESIAN_POINT('Ctrl Pts',(59.420599589796,-5.289358600583,0.5));
#10896=CARTESIAN_POINT('Ctrl Pts',(59.840834648105,-5.289358600583,0.5));
#10897=CARTESIAN_POINT('Ctrl Pts',(60.090925755977,-5.000045553936,0.5));
#10898=CARTESIAN_POINT('Ctrl Pts',(61.277560231195,-5.1457270408148,10000.));
#10899=CARTESIAN_POINT('Ctrl Pts',(61.277560231195,-5.1457270408172,-10000.));
#10900=CARTESIAN_POINT('Ctrl Pts',(61.500045653936,-5.2893586005818,10000.));
#10901=CARTESIAN_POINT('Ctrl Pts',(61.500045653936,-5.2893586005842,-10000.));
#10902=CARTESIAN_POINT('Ctrl Pts',(61.80138493965,-5.2893586005818,10000.));
#10903=CARTESIAN_POINT('Ctrl Pts',(61.80138493965,-5.2893586005842,-10000.));
#10904=CARTESIAN_POINT('',(61.277560231195,-5.145727040816,0.5));
#10905=CARTESIAN_POINT('',(61.277560231195,-5.145727040816,2.6E-016));
#10906=CARTESIAN_POINT('',(61.80138493965,-5.289358600583,0.5));
#10907=CARTESIAN_POINT('Ctrl Pts',(61.277560231195,-5.145727040816,0.5));
#10908=CARTESIAN_POINT('Ctrl Pts',(61.500045653936,-5.289358600583,0.5));
#10909=CARTESIAN_POINT('Ctrl Pts',(61.80138493965,-5.289358600583,0.5));
#10910=CARTESIAN_POINT('',(61.80138493965,-5.289358600583,2.8E-016));
#10911=CARTESIAN_POINT('Ctrl Pts',(60.933172476093,-4.7362882653048,10000.));
#10912=CARTESIAN_POINT('Ctrl Pts',(60.933172476093,-4.7362882653072,-10000.));
#10913=CARTESIAN_POINT('Ctrl Pts',(61.055211470262,-5.0020954810488,10000.));
#10914=CARTESIAN_POINT('Ctrl Pts',(61.055211470262,-5.0020954810512,-10000.));
#10915=CARTESIAN_POINT('Ctrl Pts',(61.277560231195,-5.1457270408148,10000.));
#10916=CARTESIAN_POINT('Ctrl Pts',(61.277560231195,-5.1457270408172,-10000.));
#10917=CARTESIAN_POINT('',(60.933172476093,-4.736288265306,0.5));
#10918=CARTESIAN_POINT('',(60.933172476093,-4.736288265306,2.1E-016));
#10919=CARTESIAN_POINT('Ctrl Pts',(60.933172476093,-4.736288265306,0.5));
#10920=CARTESIAN_POINT('Ctrl Pts',(61.055211470262,-5.00209548105,0.5));
#10921=CARTESIAN_POINT('Ctrl Pts',(61.277560231195,-5.145727040816,0.5));
#10922=CARTESIAN_POINT('Ctrl Pts',(60.811270143732,-4.1075072886288,10000.));
#10923=CARTESIAN_POINT('Ctrl Pts',(60.811270143732,-4.1075072886312,-10000.));
#10924=CARTESIAN_POINT('Ctrl Pts',(60.811270143732,-4.4706177113688,10000.));
#10925=CARTESIAN_POINT('Ctrl Pts',(60.811270143732,-4.4706177113712,-10000.));
#10926=CARTESIAN_POINT('Ctrl Pts',(60.933172476093,-4.7362882653048,10000.));
#10927=CARTESIAN_POINT('Ctrl Pts',(60.933172476093,-4.7362882653072,-10000.));
#10928=CARTESIAN_POINT('',(60.811270143732,-4.10750728863,0.5));
#10929=CARTESIAN_POINT('',(60.811270143732,-4.10750728863,1.4E-016));
#10930=CARTESIAN_POINT('Ctrl Pts',(60.811270143732,-4.10750728863,0.5));
#10931=CARTESIAN_POINT('Ctrl Pts',(60.811270143732,-4.47061771137,0.5));
#10932=CARTESIAN_POINT('Ctrl Pts',(60.933172476093,-4.736288265306,0.5));
#10933=CARTESIAN_POINT('Ctrl Pts',(60.944515406122,-3.4795462827978,10000.));
#10934=CARTESIAN_POINT('Ctrl Pts',(60.944515406122,-3.4795462828002,-10000.));
#10935=CARTESIAN_POINT('Ctrl Pts',(60.811270143732,-3.7360604956258,10000.));
#10936=CARTESIAN_POINT('Ctrl Pts',(60.811270143732,-3.7360604956282,-10000.));
#10937=CARTESIAN_POINT('Ctrl Pts',(60.811270143732,-4.1075072886288,10000.));
#10938=CARTESIAN_POINT('Ctrl Pts',(60.811270143732,-4.1075072886312,-10000.));
#10939=CARTESIAN_POINT('',(60.944515406122,-3.479546282799,0.5));
#10940=CARTESIAN_POINT('',(60.944515406122,-3.479546282799,6.E-017));
#10941=CARTESIAN_POINT('Ctrl Pts',(60.944515406122,-3.479546282799,0.5));
#10942=CARTESIAN_POINT('Ctrl Pts',(60.811270143732,-3.736060495627,0.5));
#10943=CARTESIAN_POINT('Ctrl Pts',(60.811270143732,-4.10750728863,0.5));
#10944=CARTESIAN_POINT('Ctrl Pts',(61.318558773469,-3.0907434402318,10000.));
#10945=CARTESIAN_POINT('Ctrl Pts',(61.318558773469,-3.0907434402342,-10000.));
#10946=CARTESIAN_POINT('Ctrl Pts',(61.077760668513,-3.2231687317768,10000.));
#10947=CARTESIAN_POINT('Ctrl Pts',(61.077760668513,-3.2231687317792,-10000.));
#10948=CARTESIAN_POINT('Ctrl Pts',(60.944515406122,-3.4795462827978,10000.));
#10949=CARTESIAN_POINT('Ctrl Pts',(60.944515406122,-3.4795462828002,-10000.));
#10950=CARTESIAN_POINT('',(61.318558773469,-3.090743440233,0.5));
#10951=CARTESIAN_POINT('',(61.318558773469,-3.090743440233,1.E-017));
#10952=CARTESIAN_POINT('Ctrl Pts',(61.318558773469,-3.090743440233,0.5));
#10953=CARTESIAN_POINT('Ctrl Pts',(61.077760668513,-3.223168731778,0.5));
#10954=CARTESIAN_POINT('Ctrl Pts',(60.944515406122,-3.479546282799,0.5));
#10955=CARTESIAN_POINT('Ctrl Pts',(61.883382024198,-2.9584548104948,10000.));
#10956=CARTESIAN_POINT('Ctrl Pts',(61.883382024198,-2.9584548104972,-10000.));
#10957=CARTESIAN_POINT('Ctrl Pts',(61.559493540233,-2.9584548104948,10000.));
#10958=CARTESIAN_POINT('Ctrl Pts',(61.559493540233,-2.9584548104972,-10000.));
#10959=CARTESIAN_POINT('Ctrl Pts',(61.318558773469,-3.0907434402318,10000.));
#10960=CARTESIAN_POINT('Ctrl Pts',(61.318558773469,-3.0907434402342,-10000.));
#10961=CARTESIAN_POINT('',(61.883382024198,-2.958454810496,0.5));
#10962=CARTESIAN_POINT('',(61.883382024198,-2.958454810496,-1.E-017));
#10963=CARTESIAN_POINT('Ctrl Pts',(61.883382024198,-2.958454810496,0.5));
#10964=CARTESIAN_POINT('Ctrl Pts',(61.559493540233,-2.958454810496,0.5));
#10965=CARTESIAN_POINT('Ctrl Pts',(61.318558773469,-3.090743440233,0.5));
#10966=CARTESIAN_POINT('Ctrl Pts',(62.277924662682,-2.9933035714278,10000.));
#10967=CARTESIAN_POINT('Ctrl Pts',(62.277924662682,-2.9933035714302,-10000.));
#10968=CARTESIAN_POINT('Ctrl Pts',(62.110923933819,-2.9584548104948,10000.));
#10969=CARTESIAN_POINT('Ctrl Pts',(62.110923933819,-2.9584548104972,-10000.));
#10970=CARTESIAN_POINT('Ctrl Pts',(61.883382024198,-2.9584548104948,10000.));
#10971=CARTESIAN_POINT('Ctrl Pts',(61.883382024198,-2.9584548104972,-10000.));
#10972=CARTESIAN_POINT('',(62.277924662682,-2.993303571429,0.5));
#10973=CARTESIAN_POINT('',(62.277924662682,-2.993303571429,0.));
#10974=CARTESIAN_POINT('Ctrl Pts',(62.277924662682,-2.993303571429,0.5));
#10975=CARTESIAN_POINT('Ctrl Pts',(62.110923933819,-2.958454810496,0.5));
#10976=CARTESIAN_POINT('Ctrl Pts',(61.883382024198,-2.958454810496,0.5));
#10977=CARTESIAN_POINT('Ctrl Pts',(62.61520600379,-3.1039996355678,10000.));
#10978=CARTESIAN_POINT('Ctrl Pts',(62.61520600379,-3.1039996355702,-10000.));
#10979=CARTESIAN_POINT('Ctrl Pts',(62.445062053353,-3.0281523323608,10000.));
#10980=CARTESIAN_POINT('Ctrl Pts',(62.445062053353,-3.0281523323632,-10000.));
#10981=CARTESIAN_POINT('Ctrl Pts',(62.277924662682,-2.9933035714278,10000.));
#10982=CARTESIAN_POINT('Ctrl Pts',(62.277924662682,-2.9933035714302,-10000.));
#10983=CARTESIAN_POINT('',(62.61520600379,-3.103999635569,0.5));
#10984=CARTESIAN_POINT('',(62.61520600379,-3.103999635569,1.E-017));
#10985=CARTESIAN_POINT('Ctrl Pts',(62.61520600379,-3.103999635569,0.5));
#10986=CARTESIAN_POINT('Ctrl Pts',(62.445062053353,-3.028152332362,0.5));
#10987=CARTESIAN_POINT('Ctrl Pts',(62.277924662682,-2.993303571429,0.5));
#10988=CARTESIAN_POINT('Origin',(62.61520600379,-3.403288994169,5.E-017));
#10989=CARTESIAN_POINT('',(62.61520600379,-3.403288994169,0.5));
#10990=CARTESIAN_POINT('',(62.61520600379,-3.403288994169,5.E-017));
#10991=CARTESIAN_POINT('',(62.61520600379,-3.403288994169,0.5));
#10992=CARTESIAN_POINT('Ctrl Pts',(62.274918102915,-3.2884930758008,10000.));
#10993=CARTESIAN_POINT('Ctrl Pts',(62.274918102915,-3.2884930758032,-10000.));
#10994=CARTESIAN_POINT('Ctrl Pts',(62.438912272012,-3.3274416909608,10000.));
#10995=CARTESIAN_POINT('Ctrl Pts',(62.438912272012,-3.3274416909632,-10000.));
#10996=CARTESIAN_POINT('Ctrl Pts',(62.61520600379,-3.4032889941678,10000.));
#10997=CARTESIAN_POINT('Ctrl Pts',(62.61520600379,-3.4032889941702,-10000.));
#10998=CARTESIAN_POINT('',(62.274918102915,-3.288493075802,0.5));
#10999=CARTESIAN_POINT('',(62.274918102915,-3.288493075802,4.E-017));
#11000=CARTESIAN_POINT('Ctrl Pts',(62.274918102915,-3.288493075802,0.5));
#11001=CARTESIAN_POINT('Ctrl Pts',(62.438912272012,-3.327441690962,0.5));
#11002=CARTESIAN_POINT('Ctrl Pts',(62.61520600379,-3.403288994169,0.5));
#11003=CARTESIAN_POINT('Ctrl Pts',(61.897731513994,-3.2495444606398,10000.));
#11004=CARTESIAN_POINT('Ctrl Pts',(61.897731513994,-3.2495444606422,-10000.));
#11005=CARTESIAN_POINT('Ctrl Pts',(62.110923933819,-3.2495444606398,10000.));
#11006=CARTESIAN_POINT('Ctrl Pts',(62.110923933819,-3.2495444606422,-10000.));
#11007=CARTESIAN_POINT('Ctrl Pts',(62.274918102915,-3.2884930758008,10000.));
#11008=CARTESIAN_POINT('Ctrl Pts',(62.274918102915,-3.2884930758032,-10000.));
#11009=CARTESIAN_POINT('',(61.897731513994,-3.249544460641,0.5));
#11010=CARTESIAN_POINT('',(61.897731513994,-3.249544460641,3.E-017));
#11011=CARTESIAN_POINT('Ctrl Pts',(61.897731513994,-3.249544460641,0.5));
#11012=CARTESIAN_POINT('Ctrl Pts',(62.110923933819,-3.249544460641,0.5));
#11013=CARTESIAN_POINT('Ctrl Pts',(62.274918102915,-3.288493075802,0.5));
#11014=CARTESIAN_POINT('Ctrl Pts',(61.360650610204,-3.4563137755088,10000.));
#11015=CARTESIAN_POINT('Ctrl Pts',(61.360650610204,-3.4563137755112,-10000.));
#11016=CARTESIAN_POINT('Ctrl Pts',(61.551293831778,-3.2495444606398,10000.));
#11017=CARTESIAN_POINT('Ctrl Pts',(61.551293831778,-3.2495444606422,-10000.));
#11018=CARTESIAN_POINT('Ctrl Pts',(61.897731513994,-3.2495444606398,10000.));
#11019=CARTESIAN_POINT('Ctrl Pts',(61.897731513994,-3.2495444606422,-10000.));
#11020=CARTESIAN_POINT('',(61.360650610204,-3.45631377551,0.5));
#11021=CARTESIAN_POINT('',(61.360650610204,-3.45631377551,6.E-017));
#11022=CARTESIAN_POINT('Ctrl Pts',(61.360650610204,-3.45631377551,0.5));
#11023=CARTESIAN_POINT('Ctrl Pts',(61.551293831778,-3.249544460641,0.5));
#11024=CARTESIAN_POINT('Ctrl Pts',(61.897731513994,-3.249544460641,0.5));
#11025=CARTESIAN_POINT('Ctrl Pts',(61.163857607289,-4.0583090378998,10000.));
#11026=CARTESIAN_POINT('Ctrl Pts',(61.163857607289,-4.0583090379022,-10000.));
#11027=CARTESIAN_POINT('Ctrl Pts',(61.17000738863,-3.6630830903778,10000.));
#11028=CARTESIAN_POINT('Ctrl Pts',(61.17000738863,-3.6630830903802,-10000.));
#11029=CARTESIAN_POINT('Ctrl Pts',(61.360650610204,-3.4563137755088,10000.));
#11030=CARTESIAN_POINT('Ctrl Pts',(61.360650610204,-3.4563137755112,-10000.));
#11031=CARTESIAN_POINT('',(61.163857607289,-4.058309037901,0.5));
#11032=CARTESIAN_POINT('',(61.163857607289,-4.058309037901,1.3E-016));
#11033=CARTESIAN_POINT('Ctrl Pts',(61.163857607289,-4.058309037901,0.5));
#11034=CARTESIAN_POINT('Ctrl Pts',(61.17000738863,-3.663083090379,0.5));
#11035=CARTESIAN_POINT('Ctrl Pts',(61.360650610204,-3.45631377551,0.5));
#11036=CARTESIAN_POINT('Origin',(62.715652432362,-4.058309037901,1.3E-016));
#11037=CARTESIAN_POINT('',(62.715652432362,-4.058309037901,0.5));
#11038=CARTESIAN_POINT('',(62.715652432362,-4.058309037901,1.3E-016));
#11039=CARTESIAN_POINT('',(62.715652432362,-4.058309037901,0.5));
#11040=CARTESIAN_POINT('Origin',(62.715652432362,-4.269998177843,1.6E-016));
#11041=CARTESIAN_POINT('',(62.715652432362,-4.269998177843,0.5));
#11042=CARTESIAN_POINT('',(62.715652432362,-4.269998177843,1.6E-016));
#11043=CARTESIAN_POINT('',(62.715652432362,-4.269998177843,0.5));
#11044=CARTESIAN_POINT('Ctrl Pts',(62.607006295335,-4.8053024781328,10000.));
#11045=CARTESIAN_POINT('Ctrl Pts',(62.607006295335,-4.8053024781352,-10000.));
#11046=CARTESIAN_POINT('Ctrl Pts',(62.715652432362,-4.5762572886288,10000.));
#11047=CARTESIAN_POINT('Ctrl Pts',(62.715652432362,-4.5762572886312,-10000.));
#11048=CARTESIAN_POINT('Ctrl Pts',(62.715652432362,-4.2699981778418,10000.));
#11049=CARTESIAN_POINT('Ctrl Pts',(62.715652432362,-4.2699981778442,-10000.));
#11050=CARTESIAN_POINT('',(62.607006295335,-4.805302478134,0.5));
#11051=CARTESIAN_POINT('',(62.607006295335,-4.805302478134,2.2E-016));
#11052=CARTESIAN_POINT('Ctrl Pts',(62.607006295335,-4.805302478134,0.5));
#11053=CARTESIAN_POINT('Ctrl Pts',(62.715652432362,-4.57625728863,0.5));
#11054=CARTESIAN_POINT('Ctrl Pts',(62.715652432362,-4.269998177843,0.5));
#11055=CARTESIAN_POINT('Ctrl Pts',(62.293367446939,-5.1618531341098,10000.));
#11056=CARTESIAN_POINT('Ctrl Pts',(62.293367446939,-5.1618531341122,-10000.));
#11057=CARTESIAN_POINT('Ctrl Pts',(62.498360158309,-5.0344843294448,10000.));
#11058=CARTESIAN_POINT('Ctrl Pts',(62.498360158309,-5.0344843294472,-10000.));
#11059=CARTESIAN_POINT('Ctrl Pts',(62.607006295335,-4.8053024781328,10000.));
#11060=CARTESIAN_POINT('Ctrl Pts',(62.607006295335,-4.8053024781352,-10000.));
#11061=CARTESIAN_POINT('',(62.293367446939,-5.161853134111,0.5));
#11062=CARTESIAN_POINT('',(62.293367446939,-5.161853134111,2.6E-016));
#11063=CARTESIAN_POINT('Ctrl Pts',(62.293367446939,-5.161853134111,0.5));
#11064=CARTESIAN_POINT('Ctrl Pts',(62.498360158309,-5.034484329446,0.5));
#11065=CARTESIAN_POINT('Ctrl Pts',(62.607006295335,-4.805302478134,0.5));
#11066=CARTESIAN_POINT('Ctrl Pts',(61.80138493965,-5.2893586005818,10000.));
#11067=CARTESIAN_POINT('Ctrl Pts',(61.80138493965,-5.2893586005842,-10000.));
#11068=CARTESIAN_POINT('Ctrl Pts',(62.088374735569,-5.2893586005818,10000.));
#11069=CARTESIAN_POINT('Ctrl Pts',(62.088374735569,-5.2893586005842,-10000.));
#11070=CARTESIAN_POINT('Ctrl Pts',(62.293367446939,-5.1618531341098,10000.));
#11071=CARTESIAN_POINT('Ctrl Pts',(62.293367446939,-5.1618531341122,-10000.));
#11072=CARTESIAN_POINT('Ctrl Pts',(61.80138493965,-5.289358600583,0.5));
#11073=CARTESIAN_POINT('Ctrl Pts',(62.088374735569,-5.289358600583,0.5));
#11074=CARTESIAN_POINT('Ctrl Pts',(62.293367446939,-5.161853134111,0.5));
#11075=CARTESIAN_POINT('Ctrl Pts',(64.072704181633,-5.2472667638468,10000.));
#11076=CARTESIAN_POINT('Ctrl Pts',(64.072704181633,-5.2472667638492,-10000.));
#11077=CARTESIAN_POINT('Ctrl Pts',(64.210049298251,-5.2893586005818,10000.));
#11078=CARTESIAN_POINT('Ctrl Pts',(64.210049298251,-5.2893586005842,-10000.));
#11079=CARTESIAN_POINT('Ctrl Pts',(64.361743904665,-5.2893586005818,10000.));
#11080=CARTESIAN_POINT('Ctrl Pts',(64.361743904665,-5.2893586005842,-10000.));
#11081=CARTESIAN_POINT('',(64.072704181633,-5.247266763848,0.5));
#11082=CARTESIAN_POINT('',(64.072704181633,-5.247266763848,2.8E-016));
#11083=CARTESIAN_POINT('',(64.361743904665,-5.289358600583,0.5));
#11084=CARTESIAN_POINT('Ctrl Pts',(64.072704181633,-5.247266763848,0.5));
#11085=CARTESIAN_POINT('Ctrl Pts',(64.210049298251,-5.289358600583,0.5));
#11086=CARTESIAN_POINT('Ctrl Pts',(64.361743904665,-5.289358600583,0.5));
#11087=CARTESIAN_POINT('',(64.361743904665,-5.289358600583,2.8E-016));
#11088=CARTESIAN_POINT('Ctrl Pts',(63.824663000875,-5.1242711370248,10000.));
#11089=CARTESIAN_POINT('Ctrl Pts',(63.824663000875,-5.1242711370272,-10000.));
#11090=CARTESIAN_POINT('Ctrl Pts',(63.935359065015,-5.2053115889198,10000.));
#11091=CARTESIAN_POINT('Ctrl Pts',(63.935359065015,-5.2053115889222,-10000.));
#11092=CARTESIAN_POINT('Ctrl Pts',(64.072704181633,-5.2472667638468,10000.));
#11093=CARTESIAN_POINT('Ctrl Pts',(64.072704181633,-5.2472667638492,-10000.));
#11094=CARTESIAN_POINT('',(63.824663000875,-5.124271137026,0.5));
#11095=CARTESIAN_POINT('',(63.824663000875,-5.124271137026,2.6E-016));
#11096=CARTESIAN_POINT('Ctrl Pts',(63.824663000875,-5.124271137026,0.5));
#11097=CARTESIAN_POINT('Ctrl Pts',(63.935359065015,-5.205311588921,0.5));
#11098=CARTESIAN_POINT('Ctrl Pts',(64.072704181633,-5.247266763848,0.5));
#11099=CARTESIAN_POINT('Ctrl Pts',(63.642219487755,-4.9244715743428,10000.));
#11100=CARTESIAN_POINT('Ctrl Pts',(63.642219487755,-4.9244715743452,-10000.));
#11101=CARTESIAN_POINT('Ctrl Pts',(63.713966936735,-5.0433673469378,10000.));
#11102=CARTESIAN_POINT('Ctrl Pts',(63.713966936735,-5.0433673469402,-10000.));
#11103=CARTESIAN_POINT('Ctrl Pts',(63.824663000875,-5.1242711370248,10000.));
#11104=CARTESIAN_POINT('Ctrl Pts',(63.824663000875,-5.1242711370272,-10000.));
#11105=CARTESIAN_POINT('',(63.642219487755,-4.924471574344,0.5));
#11106=CARTESIAN_POINT('',(63.642219487755,-4.924471574344,2.4E-016));
#11107=CARTESIAN_POINT('Ctrl Pts',(63.642219487755,-4.924471574344,0.5));
#11108=CARTESIAN_POINT('Ctrl Pts',(63.713966936735,-5.043367346939,0.5));
#11109=CARTESIAN_POINT('Ctrl Pts',(63.824663000875,-5.124271137026,0.5));
#11110=CARTESIAN_POINT('Origin',(63.623770143732,-4.924471574344,2.4E-016));
#11111=CARTESIAN_POINT('',(63.623770143732,-4.924471574344,0.5));
#11112=CARTESIAN_POINT('',(63.623770143732,-4.924471574344,2.4E-016));
#11113=CARTESIAN_POINT('',(63.623770143732,-4.924471574344,0.5));
#11114=CARTESIAN_POINT('Origin',(63.572521965889,-5.247813411079,2.8E-016));
#11115=CARTESIAN_POINT('',(63.572521965889,-5.247813411079,0.5));
#11116=CARTESIAN_POINT('',(63.572521965889,-5.247813411079,2.8E-016));
#11117=CARTESIAN_POINT('',(63.572521965889,-5.247813411079,0.5));
#11118=CARTESIAN_POINT('Origin',(63.297831732653,-5.247813411079,2.8E-016));
#11119=CARTESIAN_POINT('',(63.297831732653,-5.247813411079,0.5));
#11120=CARTESIAN_POINT('',(63.297831732653,-5.247813411079,2.8E-016));
#11121=CARTESIAN_POINT('',(63.297831732653,-5.247813411079,0.5));
#11122=CARTESIAN_POINT('Origin',(63.297831732653,-3.,0.));
#11123=CARTESIAN_POINT('',(63.297831732653,-3.,0.5));
#11124=CARTESIAN_POINT('',(63.297831732653,-3.,0.));
#11125=CARTESIAN_POINT('',(63.297831732653,-3.,0.5));
#11126=CARTESIAN_POINT('Origin',(63.638119633528,-3.,0.));
#11127=CARTESIAN_POINT('',(63.638119633528,-3.,0.5));
#11128=CARTESIAN_POINT('',(63.638119633528,-3.,0.));
#11129=CARTESIAN_POINT('',(63.638119633528,-3.,0.5));
#11130=CARTESIAN_POINT('Origin',(63.638119633528,-4.177614795918,1.4E-016));
#11131=CARTESIAN_POINT('',(63.638119633528,-4.177614795918,0.5));
#11132=CARTESIAN_POINT('',(63.638119633528,-4.177614795918,1.4E-016));
#11133=CARTESIAN_POINT('',(63.638119633528,-4.177614795918,0.5));
#11134=CARTESIAN_POINT('Ctrl Pts',(63.789814239942,-4.7909529883368,10000.));
#11135=CARTESIAN_POINT('Ctrl Pts',(63.789814239942,-4.7909529883392,-10000.));
#11136=CARTESIAN_POINT('Ctrl Pts',(63.638119633528,-4.5796738338178,10000.));
#11137=CARTESIAN_POINT('Ctrl Pts',(63.638119633528,-4.5796738338202,-10000.));
#11138=CARTESIAN_POINT('Ctrl Pts',(63.638119633528,-4.1776147959168,10000.));
#11139=CARTESIAN_POINT('Ctrl Pts',(63.638119633528,-4.1776147959192,-10000.));
#11140=CARTESIAN_POINT('',(63.789814239942,-4.790952988338,0.5));
#11141=CARTESIAN_POINT('',(63.789814239942,-4.790952988338,2.2E-016));
#11142=CARTESIAN_POINT('Ctrl Pts',(63.789814239942,-4.790952988338,0.5));
#11143=CARTESIAN_POINT('Ctrl Pts',(63.638119633528,-4.579673833819,0.5));
#11144=CARTESIAN_POINT('Ctrl Pts',(63.638119633528,-4.177614795918,0.5));
#11145=CARTESIAN_POINT('Ctrl Pts',(64.31459558105,-5.0023688046638,10000.));
#11146=CARTESIAN_POINT('Ctrl Pts',(64.31459558105,-5.0023688046662,-10000.));
#11147=CARTESIAN_POINT('Ctrl Pts',(63.941508846356,-5.0023688046638,10000.));
#11148=CARTESIAN_POINT('Ctrl Pts',(63.941508846356,-5.0023688046662,-10000.));
#11149=CARTESIAN_POINT('Ctrl Pts',(63.789814239942,-4.7909529883368,10000.));
#11150=CARTESIAN_POINT('Ctrl Pts',(63.789814239942,-4.7909529883392,-10000.));
#11151=CARTESIAN_POINT('',(64.31459558105,-5.002368804665,0.5));
#11152=CARTESIAN_POINT('',(64.31459558105,-5.002368804665,2.5E-016));
#11153=CARTESIAN_POINT('Ctrl Pts',(64.31459558105,-5.002368804665,0.5));
#11154=CARTESIAN_POINT('Ctrl Pts',(63.941508846356,-5.002368804665,0.5));
#11155=CARTESIAN_POINT('Ctrl Pts',(63.789814239942,-4.790952988338,0.5));
#11156=CARTESIAN_POINT('Ctrl Pts',(64.70708829242,-4.8628370991238,10000.));
#11157=CARTESIAN_POINT('Ctrl Pts',(64.70708829242,-4.8628370991262,-10000.));
#11158=CARTESIAN_POINT('Ctrl Pts',(64.579036178717,-5.0023688046638,10000.));
#11159=CARTESIAN_POINT('Ctrl Pts',(64.579036178717,-5.0023688046662,-10000.));
#11160=CARTESIAN_POINT('Ctrl Pts',(64.31459558105,-5.0023688046638,10000.));
#11161=CARTESIAN_POINT('Ctrl Pts',(64.31459558105,-5.0023688046662,-10000.));
#11162=CARTESIAN_POINT('',(64.70708829242,-4.862837099125,0.5));
#11163=CARTESIAN_POINT('',(64.70708829242,-4.862837099125,2.3E-016));
#11164=CARTESIAN_POINT('Ctrl Pts',(64.70708829242,-4.862837099125,0.5));
#11165=CARTESIAN_POINT('Ctrl Pts',(64.579036178717,-5.002368804665,0.5));
#11166=CARTESIAN_POINT('Ctrl Pts',(64.31459558105,-5.002368804665,0.5));
#11167=CARTESIAN_POINT('Ctrl Pts',(64.83527706793,-4.4423287171998,10000.));
#11168=CARTESIAN_POINT('Ctrl Pts',(64.83527706793,-4.4423287172022,-10000.));
#11169=CARTESIAN_POINT('Ctrl Pts',(64.83527706793,-4.7233053935848,10000.));
#11170=CARTESIAN_POINT('Ctrl Pts',(64.83527706793,-4.7233053935872,-10000.));
#11171=CARTESIAN_POINT('Ctrl Pts',(64.70708829242,-4.8628370991238,10000.));
#11172=CARTESIAN_POINT('Ctrl Pts',(64.70708829242,-4.8628370991262,-10000.));
#11173=CARTESIAN_POINT('',(64.83527706793,-4.442328717201,0.5));
#11174=CARTESIAN_POINT('',(64.83527706793,-4.442328717201,1.8E-016));
#11175=CARTESIAN_POINT('Ctrl Pts',(64.83527706793,-4.442328717201,0.5));
#11176=CARTESIAN_POINT('Ctrl Pts',(64.83527706793,-4.723305393586,0.5));
#11177=CARTESIAN_POINT('Ctrl Pts',(64.70708829242,-4.862837099125,0.5));
#11178=CARTESIAN_POINT('Origin',(64.83527706793,-3.,0.));
#11179=CARTESIAN_POINT('',(64.83527706793,-3.,0.5));
#11180=CARTESIAN_POINT('',(64.83527706793,-3.,0.));
#11181=CARTESIAN_POINT('',(64.83527706793,-3.,0.5));
#11182=CARTESIAN_POINT('Origin',(65.171465114577,-3.,0.));
#11183=CARTESIAN_POINT('',(65.171465114577,-3.,0.5));
#11184=CARTESIAN_POINT('',(65.171465114577,-3.,0.));
#11185=CARTESIAN_POINT('',(65.171465114577,-3.,0.5));
#11186=CARTESIAN_POINT('Origin',(65.171465114577,-4.464741253644,1.8E-016));
#11187=CARTESIAN_POINT('',(65.171465114577,-4.464741253644,0.5));
#11188=CARTESIAN_POINT('',(65.171465114577,-4.464741253644,1.8E-016));
#11189=CARTESIAN_POINT('',(65.171465114577,-4.464741253644,0.5));
#11190=CARTESIAN_POINT('Ctrl Pts',(64.966472403207,-5.0933855685118,10000.));
#11191=CARTESIAN_POINT('Ctrl Pts',(64.966472403207,-5.0933855685142,-10000.));
#11192=CARTESIAN_POINT('Ctrl Pts',(65.171465114577,-4.8975491982498,10000.));
#11193=CARTESIAN_POINT('Ctrl Pts',(65.171465114577,-4.8975491982522,-10000.));
#11194=CARTESIAN_POINT('Ctrl Pts',(65.171465114577,-4.4647412536428,10000.));
#11195=CARTESIAN_POINT('Ctrl Pts',(65.171465114577,-4.4647412536452,-10000.));
#11196=CARTESIAN_POINT('',(64.966472403207,-5.093385568513,0.5));
#11197=CARTESIAN_POINT('',(64.966472403207,-5.093385568513,2.6E-016));
#11198=CARTESIAN_POINT('Ctrl Pts',(64.966472403207,-5.093385568513,0.5));
#11199=CARTESIAN_POINT('Ctrl Pts',(65.171465114577,-4.897549198251,0.5));
#11200=CARTESIAN_POINT('Ctrl Pts',(65.171465114577,-4.464741253644,0.5));
#11201=CARTESIAN_POINT('Ctrl Pts',(64.361743904665,-5.2893586005818,10000.));
#11202=CARTESIAN_POINT('Ctrl Pts',(64.361743904665,-5.2893586005842,-10000.));
#11203=CARTESIAN_POINT('Ctrl Pts',(64.761479691837,-5.2893586005818,10000.));
#11204=CARTESIAN_POINT('Ctrl Pts',(64.761479691837,-5.2893586005842,-10000.));
#11205=CARTESIAN_POINT('Ctrl Pts',(64.966472403207,-5.0933855685118,10000.));
#11206=CARTESIAN_POINT('Ctrl Pts',(64.966472403207,-5.0933855685142,-10000.));
#11207=CARTESIAN_POINT('Ctrl Pts',(64.361743904665,-5.289358600583,0.5));
#11208=CARTESIAN_POINT('Ctrl Pts',(64.761479691837,-5.289358600583,0.5));
#11209=CARTESIAN_POINT('Ctrl Pts',(64.966472403207,-5.093385568513,0.5));
#11210=CARTESIAN_POINT('Origin',(63.85,-8.8,19.));
#11211=CARTESIAN_POINT('',(64.6,-8.8,28.5));
#11212=CARTESIAN_POINT('',(64.6,-8.8,24.5));
#11213=CARTESIAN_POINT('',(63.2,-8.8,29.9));
#11214=CARTESIAN_POINT('Origin',(63.2,-8.8,28.5));
#11215=CARTESIAN_POINT('',(63.2,-8.8,29.9));
#11216=CARTESIAN_POINT('Origin',(50.,-7.5,33.5));
#11217=CARTESIAN_POINT('',(49.,-7.5,33.3));
#11218=CARTESIAN_POINT('',(49.,-7.5,31.5));
#11219=CARTESIAN_POINT('',(50.,-7.5,33.3));
#11220=CARTESIAN_POINT('',(50.,-7.5,33.3));
#11221=CARTESIAN_POINT('',(50.,-7.5,33.5));
#11222=CARTESIAN_POINT('Origin',(50.,-3.5,33.5));
#11223=CARTESIAN_POINT('',(50.,-5.7,31.5));
#11224=CARTESIAN_POINT('',(50.,-6.1,31.9));
#11225=CARTESIAN_POINT('',(50.,-3.5,31.5));
#11226=CARTESIAN_POINT('',(50.,-3.5,31.5));
#11227=CARTESIAN_POINT('',(50.,-3.5,33.5));
#11228=CARTESIAN_POINT('Origin',(40.,-3.5,33.5));
#11229=CARTESIAN_POINT('',(40.,-3.5,31.5));
#11230=CARTESIAN_POINT('',(40.,-3.5,33.5));
#11231=CARTESIAN_POINT('',(40.,-3.5,31.5));
#11232=CARTESIAN_POINT('Origin',(40.,-7.5,33.5));
#11233=CARTESIAN_POINT('',(40.,-7.5,33.3));
#11234=CARTESIAN_POINT('',(40.,-7.5,33.5));
#11235=CARTESIAN_POINT('',(40.,-5.7,31.5));
#11236=CARTESIAN_POINT('',(40.,-7.5,31.5));
#11237=CARTESIAN_POINT('',(40.,-7.1,32.9));
#11238=CARTESIAN_POINT('Origin',(50.,-7.5,33.5));
#11239=CARTESIAN_POINT('',(41.,-7.5,33.3));
#11240=CARTESIAN_POINT('',(41.,-7.5,33.3));
#11241=CARTESIAN_POINT('',(41.,-7.5,31.5));
#11242=CARTESIAN_POINT('Origin',(41.,-7.5,31.5));
#11243=CARTESIAN_POINT('',(41.,-5.7,31.5));
#11244=CARTESIAN_POINT('',(41.,-6.6,32.4));
#11245=CARTESIAN_POINT('',(41.,-5.5,31.5));
#11246=CARTESIAN_POINT('',(41.,-7.5,31.5));
#11247=CARTESIAN_POINT('',(41.,-5.5,31.5));
#11248=CARTESIAN_POINT('Origin',(41.,-5.5,31.5));
#11249=CARTESIAN_POINT('',(49.,-5.5,31.5));
#11250=CARTESIAN_POINT('',(41.,-5.5,31.5));
#11251=CARTESIAN_POINT('',(49.,-5.5,31.5));
#11252=CARTESIAN_POINT('Origin',(49.,-5.5,31.5));
#11253=CARTESIAN_POINT('',(49.,-5.7,31.5));
#11254=CARTESIAN_POINT('',(49.,-5.5,31.5));
#11255=CARTESIAN_POINT('',(49.,-6.1,31.9));
#11256=CARTESIAN_POINT('Origin',(0.,-7.5,33.5));
#11257=CARTESIAN_POINT('',(-1.,-7.5,33.3));
#11258=CARTESIAN_POINT('',(-1.,-7.5,31.5));
#11259=CARTESIAN_POINT('',(0.,-7.5,33.3));
#11260=CARTESIAN_POINT('',(0.,-7.5,33.3));
#11261=CARTESIAN_POINT('',(0.,-7.5,33.5));
#11262=CARTESIAN_POINT('Origin',(0.,-3.5,33.5));
#11263=CARTESIAN_POINT('',(0.,-5.7,31.5));
#11264=CARTESIAN_POINT('',(0.,-6.1,31.9));
#11265=CARTESIAN_POINT('',(0.,-3.5,31.5));
#11266=CARTESIAN_POINT('',(0.,-3.5,31.5));
#11267=CARTESIAN_POINT('',(0.,-3.5,33.5));
#11268=CARTESIAN_POINT('Origin',(-10.,-3.5,33.5));
#11269=CARTESIAN_POINT('',(-10.,-3.5,31.5));
#11270=CARTESIAN_POINT('',(-10.,-3.5,33.5));
#11271=CARTESIAN_POINT('',(-10.,-3.5,31.5));
#11272=CARTESIAN_POINT('Origin',(-10.,-7.5,33.5));
#11273=CARTESIAN_POINT('',(-10.,-7.5,33.3));
#11274=CARTESIAN_POINT('',(-10.,-7.5,33.5));
#11275=CARTESIAN_POINT('',(-10.,-5.7,31.5));
#11276=CARTESIAN_POINT('',(-10.,-7.5,31.5));
#11277=CARTESIAN_POINT('',(-10.,-7.1,32.9));
#11278=CARTESIAN_POINT('Origin',(0.,-7.5,33.5));
#11279=CARTESIAN_POINT('',(-9.,-7.5,33.3));
#11280=CARTESIAN_POINT('',(-9.,-7.5,33.3));
#11281=CARTESIAN_POINT('',(-9.,-7.5,31.5));
#11282=CARTESIAN_POINT('Origin',(-9.,-7.5,31.5));
#11283=CARTESIAN_POINT('',(-9.,-5.7,31.5));
#11284=CARTESIAN_POINT('',(-9.,-6.6,32.4));
#11285=CARTESIAN_POINT('',(-9.,-5.5,31.5));
#11286=CARTESIAN_POINT('',(-9.,-7.5,31.5));
#11287=CARTESIAN_POINT('',(-9.,-5.5,31.5));
#11288=CARTESIAN_POINT('Origin',(-9.,-5.5,31.5));
#11289=CARTESIAN_POINT('',(-1.,-5.5,31.5));
#11290=CARTESIAN_POINT('',(-9.,-5.5,31.5));
#11291=CARTESIAN_POINT('',(-1.,-5.5,31.5));
#11292=CARTESIAN_POINT('Origin',(-1.,-5.5,31.5));
#11293=CARTESIAN_POINT('',(-1.,-5.7,31.5));
#11294=CARTESIAN_POINT('',(-1.,-5.5,31.5));
#11295=CARTESIAN_POINT('',(-1.,-6.1,31.9));
#11296=CARTESIAN_POINT('Origin',(63.2,-8.4,29.9));
#11297=CARTESIAN_POINT('',(63.2,-8.4,29.5));
#11298=CARTESIAN_POINT('Origin',(63.2,-8.4,29.9));
#11299=CARTESIAN_POINT('',(63.2,-8.4,29.5));
#11300=CARTESIAN_POINT('Origin',(64.2,-8.8,29.5));
#11301=CARTESIAN_POINT('',(63.2,-5.3,29.5));
#11302=CARTESIAN_POINT('',(63.2,-8.8,29.5));
#11303=CARTESIAN_POINT('',(64.2,-5.3,29.5));
#11304=CARTESIAN_POINT('Origin',(63.45,-5.3,27.));
#11305=CARTESIAN_POINT('',(64.2,-5.3,28.5));
#11306=CARTESIAN_POINT('',(64.2,-5.3,24.5));
#11307=CARTESIAN_POINT('Origin',(63.2,-5.3,28.5));
#11308=CARTESIAN_POINT('Origin',(32.1,-15.,17.5));
#11309=CARTESIAN_POINT('',(6.2,-15.,5.));
#11310=CARTESIAN_POINT('',(6.2,-15.,30.));
#11311=CARTESIAN_POINT('',(6.2,-15.,23.75));
#11312=CARTESIAN_POINT('',(51.2,-15.,5.));
#11313=CARTESIAN_POINT('',(19.15,-15.,5.));
#11314=CARTESIAN_POINT('',(51.2,-15.,30.));
#11315=CARTESIAN_POINT('',(51.2,-15.,11.25));
#11316=CARTESIAN_POINT('',(41.65,-15.,30.));
#11317=CARTESIAN_POINT('Origin',(0.75,-5.5,17.5));
#11318=CARTESIAN_POINT('Origin',(1.5,-6.,20.5));
#11319=CARTESIAN_POINT('',(3.5,-6.,20.5));
#11320=CARTESIAN_POINT('',(1.5,-6.,20.5));
#11321=CARTESIAN_POINT('',(3.5,-8.,20.5));
#11322=CARTESIAN_POINT('',(1.5,-8.,20.5));
#11323=CARTESIAN_POINT('',(3.5,-6.,20.5));
#11324=CARTESIAN_POINT('Origin',(1.5,-8.,20.5));
#11325=CARTESIAN_POINT('',(3.5,-8.,14.5));
#11326=CARTESIAN_POINT('',(1.5,-8.,14.5));
#11327=CARTESIAN_POINT('',(3.5,-8.,20.5));
#11328=CARTESIAN_POINT('Origin',(1.5,-8.,14.5));
#11329=CARTESIAN_POINT('',(3.5,-6.,14.5));
#11330=CARTESIAN_POINT('',(1.5,-6.,14.5));
#11331=CARTESIAN_POINT('',(3.5,-8.,14.5));
#11332=CARTESIAN_POINT('Origin',(1.5,-6.,14.5));
#11333=CARTESIAN_POINT('',(3.5,-6.,14.5));
#11334=CARTESIAN_POINT('Origin',(20.,-17.,17.5));
#11335=CARTESIAN_POINT('',(75.,-17.,46.2));
#11336=CARTESIAN_POINT('',(-35.,-17.,46.2));
#11337=CARTESIAN_POINT('',(75.,-17.,46.2));
#11338=CARTESIAN_POINT('',(-39.2,-17.,42.));
#11339=CARTESIAN_POINT('Origin',(-35.,-17.,42.));
#11340=CARTESIAN_POINT('',(-39.2,-17.,-7.));
#11341=CARTESIAN_POINT('',(-39.2,-17.,42.));
#11342=CARTESIAN_POINT('',(-35.,-17.,-11.2));
#11343=CARTESIAN_POINT('Origin',(-35.,-17.,-7.));
#11344=CARTESIAN_POINT('',(75.,-17.,-11.2));
#11345=CARTESIAN_POINT('',(-35.,-17.,-11.2));
#11346=CARTESIAN_POINT('',(79.2,-17.,-7.));
#11347=CARTESIAN_POINT('Origin',(75.,-17.,-7.));
#11348=CARTESIAN_POINT('',(79.2,-17.,42.));
#11349=CARTESIAN_POINT('',(79.2,-17.,-7.));
#11350=CARTESIAN_POINT('Origin',(75.,-17.,42.));
#11351=CARTESIAN_POINT('',(4.4,-17.,3.2));
#11352=CARTESIAN_POINT('',(53.,-17.,3.2));
#11353=CARTESIAN_POINT('',(6.2,-17.,3.2));
#11354=CARTESIAN_POINT('',(4.4,-17.,31.8));
#11355=CARTESIAN_POINT('',(4.4,-17.,30.));
#11356=CARTESIAN_POINT('',(53.,-17.,31.8));
#11357=CARTESIAN_POINT('',(51.2,-17.,31.8));
#11358=CARTESIAN_POINT('',(53.,-17.,5.));
#11359=CARTESIAN_POINT('',(-35.5,-17.,-5.));
#11360=CARTESIAN_POINT('Origin',(-33.,-17.,-5.));
#11361=CARTESIAN_POINT('',(-35.5,-17.,40.));
#11362=CARTESIAN_POINT('Origin',(-33.,-17.,40.));
#11363=CARTESIAN_POINT('',(70.5,-17.,-5.));
#11364=CARTESIAN_POINT('Origin',(73.,-17.,-5.));
#11365=CARTESIAN_POINT('',(64.1,-17.,27.5));
#11366=CARTESIAN_POINT('',(64.1,-17.,7.5));
#11367=CARTESIAN_POINT('',(64.1,-17.,27.5));
#11368=CARTESIAN_POINT('',(56.1,-17.,7.5));
#11369=CARTESIAN_POINT('Origin',(60.1,-17.,7.5));
#11370=CARTESIAN_POINT('',(56.1,-17.,27.5));
#11371=CARTESIAN_POINT('',(56.1,-17.,27.5));
#11372=CARTESIAN_POINT('Origin',(60.1,-17.,27.5));
#11373=CARTESIAN_POINT('',(70.5,-17.,40.));
#11374=CARTESIAN_POINT('Origin',(73.,-17.,40.));
#11375=CARTESIAN_POINT('Origin',(64.2,-8.8,24.5));
#11376=CARTESIAN_POINT('',(64.2,-8.4,28.5));
#11377=CARTESIAN_POINT('',(64.2,-8.8,28.5));
#11378=CARTESIAN_POINT('',(64.2,-8.4,24.5));
#11379=CARTESIAN_POINT('Origin',(64.6,-8.4,24.5));
#11380=CARTESIAN_POINT('Origin',(64.6,-8.4,28.5));
#11381=CARTESIAN_POINT('Origin',(68.,-14.6,36.4));
#11382=CARTESIAN_POINT('',(-29.4,-16.,36.4));
#11383=CARTESIAN_POINT('Origin',(-29.4,-14.6,36.4));
#11384=CARTESIAN_POINT('',(68.,-16.,36.4));
#11385=CARTESIAN_POINT('Origin',(20.,-16.,17.5));
#11386=CARTESIAN_POINT('',(-40.,-16.,42.));
#11387=CARTESIAN_POINT('',(-40.,-16.,-7.));
#11388=CARTESIAN_POINT('',(-40.,-16.,47.));
#11389=CARTESIAN_POINT('',(-35.,-16.,47.));
#11390=CARTESIAN_POINT('Origin',(-35.,-16.,42.));
#11391=CARTESIAN_POINT('',(75.,-16.,47.));
#11392=CARTESIAN_POINT('',(80.,-16.,47.));
#11393=CARTESIAN_POINT('',(80.,-16.,42.));
#11394=CARTESIAN_POINT('Origin',(75.,-16.,42.));
#11395=CARTESIAN_POINT('',(80.,-16.,-7.));
#11396=CARTESIAN_POINT('',(80.,-16.,-12.));
#11397=CARTESIAN_POINT('',(75.,-16.,-12.));
#11398=CARTESIAN_POINT('Origin',(75.,-16.,-7.));
#11399=CARTESIAN_POINT('',(-35.,-16.,-12.));
#11400=CARTESIAN_POINT('',(-40.,-16.,-12.));
#11401=CARTESIAN_POINT('Origin',(-35.,-16.,-7.));
#11402=CARTESIAN_POINT('',(-35.5,-16.,-5.));
#11403=CARTESIAN_POINT('Origin',(-33.,-16.,-5.));
#11404=CARTESIAN_POINT('',(-35.5,-16.,40.));
#11405=CARTESIAN_POINT('Origin',(-33.,-16.,40.));
#11406=CARTESIAN_POINT('',(70.5,-16.,-5.));
#11407=CARTESIAN_POINT('Origin',(73.,-16.,-5.));
#11408=CARTESIAN_POINT('',(70.5,-16.,40.));
#11409=CARTESIAN_POINT('Origin',(73.,-16.,40.));
#11410=CARTESIAN_POINT('',(-29.4,-16.,35.));
#11411=CARTESIAN_POINT('Origin',(-29.4,-14.6,35.));
#11412=CARTESIAN_POINT('Origin',(48.384815301271,-12.06271838635,0.5));
#11413=CARTESIAN_POINT('',(48.289222038776,-13.19866071428,0.5));
#11414=CARTESIAN_POINT('',(47.848487709329,-13.19866071428,0.5));
#11415=CARTESIAN_POINT('',(48.289222038776,-13.19866071428,0.5));
#11416=CARTESIAN_POINT('',(48.853908627697,-13.07129190962,0.5));
#11417=CARTESIAN_POINT('Ctrl Pts',(48.853908627697,-13.07129190962,0.5));
#11418=CARTESIAN_POINT('Ctrl Pts',(48.670508481924,-13.19866071428,0.5));
#11419=CARTESIAN_POINT('Ctrl Pts',(48.289222038776,-13.19866071428,0.5));
#11420=CARTESIAN_POINT('',(49.037445435277,-12.63766399416,0.5));
#11421=CARTESIAN_POINT('Ctrl Pts',(49.037445435277,-12.63766399416,0.5));
#11422=CARTESIAN_POINT('Ctrl Pts',(49.037445435277,-12.94392310495,0.5));
#11423=CARTESIAN_POINT('Ctrl Pts',(48.853908627697,-13.07129190962,0.5));
#11424=CARTESIAN_POINT('',(48.864158263265,-12.19583637026,0.5));
#11425=CARTESIAN_POINT('Ctrl Pts',(48.864158263265,-12.19583637026,0.5));
#11426=CARTESIAN_POINT('Ctrl Pts',(49.037445435277,-12.34589103498,0.5));
#11427=CARTESIAN_POINT('Ctrl Pts',(49.037445435277,-12.63766399416,0.5));
#11428=CARTESIAN_POINT('',(48.324070799708,-12.04591836734,0.5));
#11429=CARTESIAN_POINT('Ctrl Pts',(48.324070799708,-12.04591836734,0.5));
#11430=CARTESIAN_POINT('Ctrl Pts',(48.691007753061,-12.04591836734,0.5));
#11431=CARTESIAN_POINT('Ctrl Pts',(48.864158263265,-12.19583637026,0.5));
#11432=CARTESIAN_POINT('',(47.848487709329,-12.04591836734,0.5));
#11433=CARTESIAN_POINT('',(47.848487709329,-12.04591836734,0.5));
#11434=CARTESIAN_POINT('',(47.848487709329,-13.19866071428,0.5));
#11435=CARTESIAN_POINT('Origin',(50.861213055926,-11.63550737924,0.5));
#11436=CARTESIAN_POINT('',(50.898642592711,-12.51056851312,0.5));
#11437=CARTESIAN_POINT('',(50.464058044606,-12.33140488338,0.5));
#11438=CARTESIAN_POINT('Ctrl Pts',(50.898642592711,-12.51056851312,0.5));
#11439=CARTESIAN_POINT('Ctrl Pts',(50.626002286589,-12.51056851312,0.5));
#11440=CARTESIAN_POINT('Ctrl Pts',(50.464058044606,-12.33140488338,0.5));
#11441=CARTESIAN_POINT('',(51.214331368222,-12.42501822157,0.5));
#11442=CARTESIAN_POINT('Ctrl Pts',(51.214331368222,-12.42501822157,0.5));
#11443=CARTESIAN_POINT('Ctrl Pts',(51.091335741399,-12.51056851312,0.5));
#11444=CARTESIAN_POINT('Ctrl Pts',(50.898642592711,-12.51056851312,0.5));
#11445=CARTESIAN_POINT('',(51.397731513994,-12.18613338192,0.5));
#11446=CARTESIAN_POINT('Ctrl Pts',(51.397731513994,-12.18613338192,0.5));
#11447=CARTESIAN_POINT('Ctrl Pts',(51.337326995044,-12.33960459183,0.5));
#11448=CARTESIAN_POINT('Ctrl Pts',(51.214331368222,-12.42501822157,0.5));
#11449=CARTESIAN_POINT('',(51.460322621866,-11.83094934402,0.5));
#11450=CARTESIAN_POINT('Ctrl Pts',(51.460322621866,-11.83094934402,0.5));
#11451=CARTESIAN_POINT('Ctrl Pts',(51.458272694752,-12.03279883381,0.5));
#11452=CARTESIAN_POINT('Ctrl Pts',(51.397731513994,-12.18613338192,0.5));
#11453=CARTESIAN_POINT('',(50.271364895918,-11.83094934402,0.5));
#11454=CARTESIAN_POINT('',(50.271364895918,-11.83094934402,0.5));
#11455=CARTESIAN_POINT('Ctrl Pts',(50.464058044606,-12.33140488338,0.5));
#11456=CARTESIAN_POINT('Ctrl Pts',(50.302113802624,-12.15224125364,0.5));
#11457=CARTESIAN_POINT('Ctrl Pts',(50.271364895918,-11.83094934402,0.5));
#11458=CARTESIAN_POINT('Origin',(53.038841258326,-11.61224210081,0.5));
#11459=CARTESIAN_POINT('Origin',(55.225644542807,-11.63550737924,0.5));
#11460=CARTESIAN_POINT('',(55.263074079592,-12.51056851312,0.5));
#11461=CARTESIAN_POINT('',(54.828489531487,-12.33140488338,0.5));
#11462=CARTESIAN_POINT('Ctrl Pts',(55.263074079592,-12.51056851312,0.5));
#11463=CARTESIAN_POINT('Ctrl Pts',(54.990433773469,-12.51056851312,0.5));
#11464=CARTESIAN_POINT('Ctrl Pts',(54.828489531487,-12.33140488338,0.5));
#11465=CARTESIAN_POINT('',(55.578762855102,-12.42501822157,0.5));
#11466=CARTESIAN_POINT('Ctrl Pts',(55.578762855102,-12.42501822157,0.5));
#11467=CARTESIAN_POINT('Ctrl Pts',(55.45576722828,-12.51056851312,0.5));
#11468=CARTESIAN_POINT('Ctrl Pts',(55.263074079592,-12.51056851312,0.5));
#11469=CARTESIAN_POINT('',(55.762163000875,-12.18613338192,0.5));
#11470=CARTESIAN_POINT('Ctrl Pts',(55.762163000875,-12.18613338192,0.5));
#11471=CARTESIAN_POINT('Ctrl Pts',(55.701758481924,-12.33960459183,0.5));
#11472=CARTESIAN_POINT('Ctrl Pts',(55.578762855102,-12.42501822157,0.5));
#11473=CARTESIAN_POINT('',(55.824754108746,-11.83094934402,0.5));
#11474=CARTESIAN_POINT('Ctrl Pts',(55.824754108746,-11.83094934402,0.5));
#11475=CARTESIAN_POINT('Ctrl Pts',(55.822704181633,-12.03279883381,0.5));
#11476=CARTESIAN_POINT('Ctrl Pts',(55.762163000875,-12.18613338192,0.5));
#11477=CARTESIAN_POINT('',(54.635796382799,-11.83094934402,0.5));
#11478=CARTESIAN_POINT('',(54.635796382799,-11.83094934402,0.5));
#11479=CARTESIAN_POINT('Ctrl Pts',(54.828489531487,-12.33140488338,0.5));
#11480=CARTESIAN_POINT('Ctrl Pts',(54.666545289504,-12.15224125364,0.5));
#11481=CARTESIAN_POINT('Ctrl Pts',(54.635796382799,-11.83094934402,0.5));
#11482=CARTESIAN_POINT('Origin',(57.134256086373,-11.87521411674,0.5));
#11483=CARTESIAN_POINT('Origin',(56.375685046801,-4.497672377996,0.5));
#11484=CARTESIAN_POINT('',(55.366937053353,-4.501093294461,0.5));
#11485=CARTESIAN_POINT('',(55.475583190379,-3.839103498542,0.5));
#11486=CARTESIAN_POINT('Ctrl Pts',(55.366937053353,-4.501093294461,0.5));
#11487=CARTESIAN_POINT('Ctrl Pts',(55.366937053353,-4.118713556851,0.5));
#11488=CARTESIAN_POINT('Ctrl Pts',(55.475583190379,-3.839103498542,0.5));
#11489=CARTESIAN_POINT('',(55.476539823032,-5.161853134111,0.5));
#11490=CARTESIAN_POINT('Ctrl Pts',(55.476539823032,-5.161853134111,0.5));
#11491=CARTESIAN_POINT('Ctrl Pts',(55.366937053353,-4.885386297376,0.5));
#11492=CARTESIAN_POINT('Ctrl Pts',(55.366937053353,-4.501093294461,0.5));
#11493=CARTESIAN_POINT('',(55.811771237026,-5.588374635569,0.5));
#11494=CARTESIAN_POINT('Ctrl Pts',(55.811771237026,-5.588374635569,0.5));
#11495=CARTESIAN_POINT('Ctrl Pts',(55.586279254519,-5.438319970845,0.5));
#11496=CARTESIAN_POINT('Ctrl Pts',(55.476539823032,-5.161853134111,0.5));
#11497=CARTESIAN_POINT('',(56.385750828863,-5.738429300292,0.5));
#11498=CARTESIAN_POINT('Ctrl Pts',(56.385750828863,-5.738429300292,0.5));
#11499=CARTESIAN_POINT('Ctrl Pts',(56.037263219534,-5.738429300292,0.5));
#11500=CARTESIAN_POINT('Ctrl Pts',(55.811771237026,-5.588374635569,0.5));
#11501=CARTESIAN_POINT('',(57.143130566472,-5.410577623907,0.5));
#11502=CARTESIAN_POINT('Ctrl Pts',(57.143130566472,-5.410577623907,0.5));
#11503=CARTESIAN_POINT('Ctrl Pts',(56.900282534402,-5.738429300292,0.5));
#11504=CARTESIAN_POINT('Ctrl Pts',(56.385750828863,-5.738429300292,0.5));
#11505=CARTESIAN_POINT('',(57.38611526035,-4.501093294461,0.5));
#11506=CARTESIAN_POINT('Ctrl Pts',(57.38611526035,-4.501093294461,0.5));
#11507=CARTESIAN_POINT('Ctrl Pts',(57.38611526035,-5.082725947522,0.5));
#11508=CARTESIAN_POINT('Ctrl Pts',(57.143130566472,-5.410577623907,0.5));
#11509=CARTESIAN_POINT('',(57.279519050437,-3.839103498542,0.5));
#11510=CARTESIAN_POINT('Ctrl Pts',(57.279519050437,-3.839103498542,0.5));
#11511=CARTESIAN_POINT('Ctrl Pts',(57.38611526035,-4.118713556851,0.5));
#11512=CARTESIAN_POINT('Ctrl Pts',(57.38611526035,-4.501093294461,0.5));
#11513=CARTESIAN_POINT('',(56.950437417784,-3.407525510204,0.5));
#11514=CARTESIAN_POINT('Ctrl Pts',(56.950437417784,-3.407525510204,0.5));
#11515=CARTESIAN_POINT('Ctrl Pts',(57.172922840525,-3.559630102041,0.5));
#11516=CARTESIAN_POINT('Ctrl Pts',(57.279519050437,-3.839103498542,0.5));
#11517=CARTESIAN_POINT('',(56.379601047522,-3.255420918367,0.5));
#11518=CARTESIAN_POINT('Ctrl Pts',(56.379601047522,-3.255420918367,0.5));
#11519=CARTESIAN_POINT('Ctrl Pts',(56.728088656851,-3.255420918367,0.5));
#11520=CARTESIAN_POINT('Ctrl Pts',(56.950437417784,-3.407525510204,0.5));
#11521=CARTESIAN_POINT('',(55.808628015452,-3.407525510204,0.5));
#11522=CARTESIAN_POINT('Ctrl Pts',(55.808628015452,-3.407525510204,0.5));
#11523=CARTESIAN_POINT('Ctrl Pts',(56.033163365306,-3.255420918367,0.5));
#11524=CARTESIAN_POINT('Ctrl Pts',(56.379601047522,-3.255420918367,0.5));
#11525=CARTESIAN_POINT('Ctrl Pts',(55.475583190379,-3.839103498542,0.5));
#11526=CARTESIAN_POINT('Ctrl Pts',(55.584229327405,-3.559630102041,0.5));
#11527=CARTESIAN_POINT('Ctrl Pts',(55.808628015452,-3.407525510204,0.5));
#11528=CARTESIAN_POINT('Origin',(59.151193449647,-3.88795550604,0.5));
#11529=CARTESIAN_POINT('',(59.361151703499,-5.002368804665,0.5));
#11530=CARTESIAN_POINT('',(58.98492174723,-4.912035349854,0.5));
#11531=CARTESIAN_POINT('Ctrl Pts',(59.361151703499,-5.002368804665,0.5));
#11532=CARTESIAN_POINT('Ctrl Pts',(59.127460012536,-5.002368804665,0.5));
#11533=CARTESIAN_POINT('Ctrl Pts',(58.98492174723,-4.912035349854,0.5));
#11534=CARTESIAN_POINT('',(59.835641499417,-4.767310495627,0.5));
#11535=CARTESIAN_POINT('Ctrl Pts',(59.835641499417,-4.767310495627,0.5));
#11536=CARTESIAN_POINT('Ctrl Pts',(59.680940333236,-5.002368804665,0.5));
#11537=CARTESIAN_POINT('Ctrl Pts',(59.361151703499,-5.002368804665,0.5));
#11538=CARTESIAN_POINT('',(59.990479327405,-4.134156341108,0.5));
#11539=CARTESIAN_POINT('Ctrl Pts',(59.990479327405,-4.134156341108,0.5));
#11540=CARTESIAN_POINT('Ctrl Pts',(59.990479327405,-4.532388848397,0.5));
#11541=CARTESIAN_POINT('Ctrl Pts',(59.835641499417,-4.767310495627,0.5));
#11542=CARTESIAN_POINT('',(59.921738438192,-3.66923287172,0.5));
#11543=CARTESIAN_POINT('Ctrl Pts',(59.921738438192,-3.66923287172,0.5));
#11544=CARTESIAN_POINT('Ctrl Pts',(59.990479327405,-3.871492346939,0.5));
#11545=CARTESIAN_POINT('Ctrl Pts',(59.990479327405,-4.134156341108,0.5));
#11546=CARTESIAN_POINT('',(59.713739167055,-3.354227405248,0.5));
#11547=CARTESIAN_POINT('Ctrl Pts',(59.713739167055,-3.354227405248,0.5));
#11548=CARTESIAN_POINT('Ctrl Pts',(59.853134210787,-3.467110058309,0.5));
#11549=CARTESIAN_POINT('Ctrl Pts',(59.921738438192,-3.66923287172,0.5));
#11550=CARTESIAN_POINT('',(59.365251557726,-3.241344752187,0.5));
#11551=CARTESIAN_POINT('Ctrl Pts',(59.365251557726,-3.241344752187,0.5));
#11552=CARTESIAN_POINT('Ctrl Pts',(59.574344123324,-3.241344752187,0.5));
#11553=CARTESIAN_POINT('Ctrl Pts',(59.713739167055,-3.354227405248,0.5));
#11554=CARTESIAN_POINT('',(58.976722038776,-3.343977769679,0.5));
#11555=CARTESIAN_POINT('Ctrl Pts',(58.976722038776,-3.343977769679,0.5));
#11556=CARTESIAN_POINT('Ctrl Pts',(59.121310231195,-3.241344752187,0.5));
#11557=CARTESIAN_POINT('Ctrl Pts',(59.365251557726,-3.241344752187,0.5));
#11558=CARTESIAN_POINT('',(58.769679400292,-3.643540451895,0.5));
#11559=CARTESIAN_POINT('Ctrl Pts',(58.769679400292,-3.643540451895,0.5));
#11560=CARTESIAN_POINT('Ctrl Pts',(58.832270508163,-3.446610787172,0.5));
#11561=CARTESIAN_POINT('Ctrl Pts',(58.976722038776,-3.343977769679,0.5));
#11562=CARTESIAN_POINT('',(58.707224954227,-4.125956632653,0.5));
#11563=CARTESIAN_POINT('Ctrl Pts',(58.707224954227,-4.125956632653,0.5));
#11564=CARTESIAN_POINT('Ctrl Pts',(58.707224954227,-3.840606778426,0.5));
#11565=CARTESIAN_POINT('Ctrl Pts',(58.769679400292,-3.643540451895,0.5));
#11566=CARTESIAN_POINT('',(58.707224954227,-4.191690962099,0.5));
#11567=CARTESIAN_POINT('',(58.707224954227,-4.191690962099,0.5));
#11568=CARTESIAN_POINT('',(58.776922476093,-4.642128279883,0.5));
#11569=CARTESIAN_POINT('Ctrl Pts',(58.776922476093,-4.642128279883,0.5));
#11570=CARTESIAN_POINT('Ctrl Pts',(58.711324808455,-4.462554664723,0.5));
#11571=CARTESIAN_POINT('Ctrl Pts',(58.707224954227,-4.191690962099,0.5));
#11572=CARTESIAN_POINT('Ctrl Pts',(58.98492174723,-4.912035349854,0.5));
#11573=CARTESIAN_POINT('Ctrl Pts',(58.842520143732,-4.821701895044,0.5));
#11574=CARTESIAN_POINT('Ctrl Pts',(58.776922476093,-4.642128279883,0.5));
#11575=CARTESIAN_POINT('Origin',(61.759855548638,-4.135507379243,0.5));
#11576=CARTESIAN_POINT('',(61.797285085423,-5.01056851312,0.5));
#11577=CARTESIAN_POINT('',(61.362700537318,-4.831404883382,0.5));
#11578=CARTESIAN_POINT('Ctrl Pts',(61.797285085423,-5.01056851312,0.5));
#11579=CARTESIAN_POINT('Ctrl Pts',(61.5246447793,-5.01056851312,0.5));
#11580=CARTESIAN_POINT('Ctrl Pts',(61.362700537318,-4.831404883382,0.5));
#11581=CARTESIAN_POINT('',(62.112973860933,-4.925018221574,0.5));
#11582=CARTESIAN_POINT('Ctrl Pts',(62.112973860933,-4.925018221574,0.5));
#11583=CARTESIAN_POINT('Ctrl Pts',(61.989978234111,-5.01056851312,0.5));
#11584=CARTESIAN_POINT('Ctrl Pts',(61.797285085423,-5.01056851312,0.5));
#11585=CARTESIAN_POINT('',(62.296374006706,-4.686133381924,0.5));
#11586=CARTESIAN_POINT('Ctrl Pts',(62.296374006706,-4.686133381924,0.5));
#11587=CARTESIAN_POINT('Ctrl Pts',(62.235969487755,-4.839604591837,0.5));
#11588=CARTESIAN_POINT('Ctrl Pts',(62.112973860933,-4.925018221574,0.5));
#11589=CARTESIAN_POINT('',(62.358965114577,-4.330949344023,0.5));
#11590=CARTESIAN_POINT('Ctrl Pts',(62.358965114577,-4.330949344023,0.5));
#11591=CARTESIAN_POINT('Ctrl Pts',(62.356915187464,-4.532798833819,0.5));
#11592=CARTESIAN_POINT('Ctrl Pts',(62.296374006706,-4.686133381924,0.5));
#11593=CARTESIAN_POINT('',(61.17000738863,-4.330949344023,0.5));
#11594=CARTESIAN_POINT('',(61.17000738863,-4.330949344023,0.5));
#11595=CARTESIAN_POINT('Ctrl Pts',(61.362700537318,-4.831404883382,0.5));
#11596=CARTESIAN_POINT('Ctrl Pts',(61.200756295335,-4.652241253644,0.5));
#11597=CARTESIAN_POINT('Ctrl Pts',(61.17000738863,-4.330949344023,0.5));
#11598=CARTESIAN_POINT('Origin',(64.196134789418,-4.24409073093,0.5));
#11599=CARTESIAN_POINT('Origin',(63.2,-8.4,28.5));
#11600=CARTESIAN_POINT('Origin',(63.2,-8.4,28.5));
#11601=CARTESIAN_POINT('Origin',(50.,-6.6,32.4));
#11602=CARTESIAN_POINT('',(50.,-5.7,31.5));
#11603=CARTESIAN_POINT('Origin',(20.,-5.5,31.5));
#11604=CARTESIAN_POINT('',(41.,-5.7,31.5));
#11605=CARTESIAN_POINT('Origin',(41.,-6.6,32.4));
#11606=CARTESIAN_POINT('Origin',(0.,-6.6,32.4));
#11607=CARTESIAN_POINT('',(0.,-5.7,31.5));
#11608=CARTESIAN_POINT('Origin',(20.,-5.5,31.5));
#11609=CARTESIAN_POINT('',(-9.,-5.7,31.5));
#11610=CARTESIAN_POINT('Origin',(-9.,-6.6,32.4));
#11611=CARTESIAN_POINT('Origin',(63.2,-8.8,28.5));
#11612=CARTESIAN_POINT('Origin',(6.2,-17.,30.));
#11613=CARTESIAN_POINT('',(6.2,-15.2,5.));
#11614=CARTESIAN_POINT('',(6.2,-17.,5.));
#11615=CARTESIAN_POINT('',(6.2,-15.2,30.));
#11616=CARTESIAN_POINT('',(6.2,-17.,30.));
#11617=CARTESIAN_POINT('',(6.2,-15.2,30.));
#11618=CARTESIAN_POINT('Origin',(51.2,-17.,30.));
#11619=CARTESIAN_POINT('',(51.2,-15.2,30.));
#11620=CARTESIAN_POINT('',(51.2,-17.,30.));
#11621=CARTESIAN_POINT('',(51.2,-15.2,30.));
#11622=CARTESIAN_POINT('Origin',(51.2,-17.,5.));
#11623=CARTESIAN_POINT('',(51.2,-15.2,5.));
#11624=CARTESIAN_POINT('',(51.2,-17.,5.));
#11625=CARTESIAN_POINT('',(51.2,-15.2,5.));
#11626=CARTESIAN_POINT('Origin',(6.2,-17.,5.));
#11627=CARTESIAN_POINT('',(6.2,-15.2,5.));
#11628=CARTESIAN_POINT('Origin',(3.5,-7.,17.5));
#11629=CARTESIAN_POINT('Origin',(75.,-16.6,46.6));
#11630=CARTESIAN_POINT('',(75.,-16.2,47.));
#11631=CARTESIAN_POINT('',(75.,-16.6,46.6));
#11632=CARTESIAN_POINT('',(-35.,-16.2,47.));
#11633=CARTESIAN_POINT('',(75.,-16.2,47.));
#11634=CARTESIAN_POINT('',(-35.,-16.6,46.6));
#11635=CARTESIAN_POINT('Origin',(75.,-16.2,42.));
#11636=CARTESIAN_POINT('',(80.,-16.2,42.));
#11637=CARTESIAN_POINT('',(79.6,-16.6,42.));
#11638=CARTESIAN_POINT('Origin',(75.,-16.2,42.));
#11639=CARTESIAN_POINT('Origin',(-35.,-16.2,42.));
#11640=CARTESIAN_POINT('',(-40.,-16.2,42.));
#11641=CARTESIAN_POINT('Origin',(-35.,-16.2,42.));
#11642=CARTESIAN_POINT('',(-40.,-16.2,42.));
#11643=CARTESIAN_POINT('Origin',(79.6,-16.6,-7.));
#11644=CARTESIAN_POINT('',(80.,-16.2,-7.));
#11645=CARTESIAN_POINT('',(80.,-16.2,-7.));
#11646=CARTESIAN_POINT('',(80.,-16.2,-7.));
#11647=CARTESIAN_POINT('Origin',(-39.6,-16.6,42.));
#11648=CARTESIAN_POINT('',(-40.,-16.2,-7.));
#11649=CARTESIAN_POINT('',(-40.,-16.2,42.));
#11650=CARTESIAN_POINT('',(-39.6,-16.6,-7.));
#11651=CARTESIAN_POINT('Origin',(75.,-16.2,-7.));
#11652=CARTESIAN_POINT('',(75.,-16.2,-12.));
#11653=CARTESIAN_POINT('',(75.,-16.6,-11.6));
#11654=CARTESIAN_POINT('Origin',(75.,-16.2,-7.));
#11655=CARTESIAN_POINT('Origin',(-35.,-16.2,-7.));
#11656=CARTESIAN_POINT('',(-35.,-16.2,-12.));
#11657=CARTESIAN_POINT('Origin',(-35.,-16.2,-7.));
#11658=CARTESIAN_POINT('',(-35.,-16.2,-12.));
#11659=CARTESIAN_POINT('Origin',(-35.,-16.6,-11.6));
#11660=CARTESIAN_POINT('',(-35.,-16.2,-12.));
#11661=CARTESIAN_POINT('Origin',(6.2,-16.1,4.1));
#11662=CARTESIAN_POINT('',(9.766666666667,-11.63333333333,8.566666666667));
#11663=CARTESIAN_POINT('',(44.3,-8.3,11.9));
#11664=CARTESIAN_POINT('Origin',(5.3,-16.1,30.));
#11665=CARTESIAN_POINT('',(13.1,-8.3,23.1));
#11666=CARTESIAN_POINT('Origin',(52.1,-16.1,5.));
#11667=CARTESIAN_POINT('',(47.633333333333,-11.63333333333,26.433333333333));
#11668=CARTESIAN_POINT('Origin',(51.2,-16.1,30.9));
#11669=CARTESIAN_POINT('Origin',(-33.,-16.,-5.));
#11670=CARTESIAN_POINT('Origin',(-33.,-16.,40.));
#11671=CARTESIAN_POINT('Origin',(73.,-16.,-5.));
#11672=CARTESIAN_POINT('Origin',(64.1,-17.,27.5));
#11673=CARTESIAN_POINT('',(64.1,-16.5,27.5));
#11674=CARTESIAN_POINT('',(64.1,-17.,27.5));
#11675=CARTESIAN_POINT('',(64.1,-16.5,7.5));
#11676=CARTESIAN_POINT('',(64.1,-16.5,27.5));
#11677=CARTESIAN_POINT('',(64.1,-17.,7.5));
#11678=CARTESIAN_POINT('Origin',(60.1,-17.,27.5));
#11679=CARTESIAN_POINT('',(56.1,-16.5,27.5));
#11680=CARTESIAN_POINT('',(56.1,-17.,27.5));
#11681=CARTESIAN_POINT('Origin',(60.1,-16.5,27.5));
#11682=CARTESIAN_POINT('Origin',(60.1,-17.,7.5));
#11683=CARTESIAN_POINT('',(56.1,-16.5,7.5));
#11684=CARTESIAN_POINT('',(56.1,-17.,7.5));
#11685=CARTESIAN_POINT('Origin',(60.1,-16.5,7.5));
#11686=CARTESIAN_POINT('Origin',(56.1,-17.,27.5));
#11687=CARTESIAN_POINT('',(56.1,-16.5,27.5));
#11688=CARTESIAN_POINT('Origin',(73.,-16.,40.));
#11689=CARTESIAN_POINT('Origin',(-40.,-16.,47.));
#11690=CARTESIAN_POINT('',(-40.,-16.,42.));
#11691=CARTESIAN_POINT('',(-40.,-16.,-7.));
#11692=CARTESIAN_POINT('Origin',(-35.,-16.,42.));
#11693=CARTESIAN_POINT('',(-35.,-16.,47.));
#11694=CARTESIAN_POINT('Origin',(-35.,-16.,-7.));
#11695=CARTESIAN_POINT('',(-35.,-16.,-12.));
#11696=CARTESIAN_POINT('Origin',(80.,-16.,47.));
#11697=CARTESIAN_POINT('',(75.,-16.,47.));
#11698=CARTESIAN_POINT('Origin',(-40.,-16.,-12.));
#11699=CARTESIAN_POINT('',(75.,-16.,-12.));
#11700=CARTESIAN_POINT('Origin',(75.,-16.,42.));
#11701=CARTESIAN_POINT('',(80.,-16.,42.));
#11702=CARTESIAN_POINT('Origin',(75.,-16.,-7.));
#11703=CARTESIAN_POINT('',(80.,-16.,-7.));
#11704=CARTESIAN_POINT('Origin',(80.,-16.,-12.));
#11705=CARTESIAN_POINT('Origin',(48.289222038776,-13.19866071428,3.3E-016));
#11706=CARTESIAN_POINT('',(48.289222038776,-13.19866071428,0.));
#11707=CARTESIAN_POINT('',(48.289222038776,-13.19866071428,3.3E-016));
#11708=CARTESIAN_POINT('',(47.848487709329,-13.19866071428,0.));
#11709=CARTESIAN_POINT('',(47.848487709329,-13.19866071428,3.3E-016));
#11710=CARTESIAN_POINT('',(48.289222038776,-13.19866071428,0.));
#11711=CARTESIAN_POINT('Ctrl Pts',(48.853908627697,-13.0712919096188,10000.));
#11712=CARTESIAN_POINT('Ctrl Pts',(48.853908627697,-13.0712919096212,-10000.));
#11713=CARTESIAN_POINT('Ctrl Pts',(48.670508481924,-13.1986607142788,10000.));
#11714=CARTESIAN_POINT('Ctrl Pts',(48.670508481924,-13.1986607142812,-10000.));
#11715=CARTESIAN_POINT('Ctrl Pts',(48.289222038776,-13.1986607142788,10000.));
#11716=CARTESIAN_POINT('Ctrl Pts',(48.289222038776,-13.1986607142812,-10000.));
#11717=CARTESIAN_POINT('',(48.853908627697,-13.07129190962,0.));
#11718=CARTESIAN_POINT('',(48.853908627697,-13.07129190962,3.1E-016));
#11719=CARTESIAN_POINT('Ctrl Pts',(48.853908627697,-13.07129190962,3.1E-016));
#11720=CARTESIAN_POINT('Ctrl Pts',(48.670508481924,-13.19866071428,3.3E-016));
#11721=CARTESIAN_POINT('Ctrl Pts',(48.289222038776,-13.19866071428,3.3E-016));
#11722=CARTESIAN_POINT('Ctrl Pts',(49.037445435277,-12.6376639941588,10000.));
#11723=CARTESIAN_POINT('Ctrl Pts',(49.037445435277,-12.6376639941612,-10000.));
#11724=CARTESIAN_POINT('Ctrl Pts',(49.037445435277,-12.9439231049488,10000.));
#11725=CARTESIAN_POINT('Ctrl Pts',(49.037445435277,-12.9439231049512,-10000.));
#11726=CARTESIAN_POINT('Ctrl Pts',(48.853908627697,-13.0712919096188,10000.));
#11727=CARTESIAN_POINT('Ctrl Pts',(48.853908627697,-13.0712919096212,-10000.));
#11728=CARTESIAN_POINT('',(49.037445435277,-12.63766399416,0.));
#11729=CARTESIAN_POINT('',(49.037445435277,-12.63766399416,2.6E-016));
#11730=CARTESIAN_POINT('Ctrl Pts',(49.037445435277,-12.63766399416,2.6E-016));
#11731=CARTESIAN_POINT('Ctrl Pts',(49.037445435277,-12.94392310495,3.E-016));
#11732=CARTESIAN_POINT('Ctrl Pts',(48.853908627697,-13.07129190962,3.1E-016));
#11733=CARTESIAN_POINT('Ctrl Pts',(48.864158263265,-12.1958363702588,10000.));
#11734=CARTESIAN_POINT('Ctrl Pts',(48.864158263265,-12.1958363702612,-10000.));
#11735=CARTESIAN_POINT('Ctrl Pts',(49.037445435277,-12.3458910349788,10000.));
#11736=CARTESIAN_POINT('Ctrl Pts',(49.037445435277,-12.3458910349812,-10000.));
#11737=CARTESIAN_POINT('Ctrl Pts',(49.037445435277,-12.6376639941588,10000.));
#11738=CARTESIAN_POINT('Ctrl Pts',(49.037445435277,-12.6376639941612,-10000.));
#11739=CARTESIAN_POINT('',(48.864158263265,-12.19583637026,0.));
#11740=CARTESIAN_POINT('',(48.864158263265,-12.19583637026,2.1E-016));
#11741=CARTESIAN_POINT('Ctrl Pts',(48.864158263265,-12.19583637026,2.1E-016));
#11742=CARTESIAN_POINT('Ctrl Pts',(49.037445435277,-12.34589103498,2.3E-016));
#11743=CARTESIAN_POINT('Ctrl Pts',(49.037445435277,-12.63766399416,2.6E-016));
#11744=CARTESIAN_POINT('Ctrl Pts',(48.324070799708,-12.0459183673388,10000.));
#11745=CARTESIAN_POINT('Ctrl Pts',(48.324070799708,-12.0459183673412,-10000.));
#11746=CARTESIAN_POINT('Ctrl Pts',(48.691007753061,-12.0459183673388,10000.));
#11747=CARTESIAN_POINT('Ctrl Pts',(48.691007753061,-12.0459183673412,-10000.));
#11748=CARTESIAN_POINT('Ctrl Pts',(48.864158263265,-12.1958363702588,10000.));
#11749=CARTESIAN_POINT('Ctrl Pts',(48.864158263265,-12.1958363702612,-10000.));
#11750=CARTESIAN_POINT('',(48.324070799708,-12.04591836734,0.));
#11751=CARTESIAN_POINT('',(48.324070799708,-12.04591836734,1.9E-016));
#11752=CARTESIAN_POINT('Ctrl Pts',(48.324070799708,-12.04591836734,1.9E-016));
#11753=CARTESIAN_POINT('Ctrl Pts',(48.691007753061,-12.04591836734,1.9E-016));
#11754=CARTESIAN_POINT('Ctrl Pts',(48.864158263265,-12.19583637026,2.1E-016));
#11755=CARTESIAN_POINT('Origin',(47.848487709329,-12.04591836734,1.9E-016));
#11756=CARTESIAN_POINT('',(47.848487709329,-12.04591836734,0.));
#11757=CARTESIAN_POINT('',(47.848487709329,-12.04591836734,1.9E-016));
#11758=CARTESIAN_POINT('',(47.848487709329,-12.04591836734,0.));
#11759=CARTESIAN_POINT('Origin',(47.848487709329,-13.19866071428,3.3E-016));
#11760=CARTESIAN_POINT('',(47.848487709329,-13.19866071428,0.));
#11761=CARTESIAN_POINT('Ctrl Pts',(50.898642592711,-12.5105685131188,10000.));
#11762=CARTESIAN_POINT('Ctrl Pts',(50.898642592711,-12.5105685131212,-10000.));
#11763=CARTESIAN_POINT('Ctrl Pts',(50.626002286589,-12.5105685131188,10000.));
#11764=CARTESIAN_POINT('Ctrl Pts',(50.626002286589,-12.5105685131212,-10000.));
#11765=CARTESIAN_POINT('Ctrl Pts',(50.464058044606,-12.3314048833788,10000.));
#11766=CARTESIAN_POINT('Ctrl Pts',(50.464058044606,-12.3314048833812,-10000.));
#11767=CARTESIAN_POINT('',(50.898642592711,-12.51056851312,0.));
#11768=CARTESIAN_POINT('',(50.898642592711,-12.51056851312,2.5E-016));
#11769=CARTESIAN_POINT('',(50.464058044606,-12.33140488338,0.));
#11770=CARTESIAN_POINT('',(50.464058044606,-12.33140488338,2.2E-016));
#11771=CARTESIAN_POINT('Ctrl Pts',(50.898642592711,-12.51056851312,2.5E-016));
#11772=CARTESIAN_POINT('Ctrl Pts',(50.626002286589,-12.51056851312,2.5E-016));
#11773=CARTESIAN_POINT('Ctrl Pts',(50.464058044606,-12.33140488338,2.2E-016));
#11774=CARTESIAN_POINT('Ctrl Pts',(51.214331368222,-12.4250182215688,10000.));
#11775=CARTESIAN_POINT('Ctrl Pts',(51.214331368222,-12.4250182215712,-10000.));
#11776=CARTESIAN_POINT('Ctrl Pts',(51.091335741399,-12.5105685131188,10000.));
#11777=CARTESIAN_POINT('Ctrl Pts',(51.091335741399,-12.5105685131212,-10000.));
#11778=CARTESIAN_POINT('Ctrl Pts',(50.898642592711,-12.5105685131188,10000.));
#11779=CARTESIAN_POINT('Ctrl Pts',(50.898642592711,-12.5105685131212,-10000.));
#11780=CARTESIAN_POINT('',(51.214331368222,-12.42501822157,0.));
#11781=CARTESIAN_POINT('',(51.214331368222,-12.42501822157,2.4E-016));
#11782=CARTESIAN_POINT('Ctrl Pts',(51.214331368222,-12.42501822157,2.4E-016));
#11783=CARTESIAN_POINT('Ctrl Pts',(51.091335741399,-12.51056851312,2.5E-016));
#11784=CARTESIAN_POINT('Ctrl Pts',(50.898642592711,-12.51056851312,2.5E-016));
#11785=CARTESIAN_POINT('Ctrl Pts',(51.397731513994,-12.1861333819188,10000.));
#11786=CARTESIAN_POINT('Ctrl Pts',(51.397731513994,-12.1861333819212,-10000.));
#11787=CARTESIAN_POINT('Ctrl Pts',(51.337326995044,-12.3396045918288,10000.));
#11788=CARTESIAN_POINT('Ctrl Pts',(51.337326995044,-12.3396045918312,-10000.));
#11789=CARTESIAN_POINT('Ctrl Pts',(51.214331368222,-12.4250182215688,10000.));
#11790=CARTESIAN_POINT('Ctrl Pts',(51.214331368222,-12.4250182215712,-10000.));
#11791=CARTESIAN_POINT('',(51.397731513994,-12.18613338192,0.));
#11792=CARTESIAN_POINT('',(51.397731513994,-12.18613338192,2.1E-016));
#11793=CARTESIAN_POINT('Ctrl Pts',(51.397731513994,-12.18613338192,2.1E-016));
#11794=CARTESIAN_POINT('Ctrl Pts',(51.337326995044,-12.33960459183,2.3E-016));
#11795=CARTESIAN_POINT('Ctrl Pts',(51.214331368222,-12.42501822157,2.4E-016));
#11796=CARTESIAN_POINT('Ctrl Pts',(51.460322621866,-11.8309493440188,10000.));
#11797=CARTESIAN_POINT('Ctrl Pts',(51.460322621866,-11.8309493440212,-10000.));
#11798=CARTESIAN_POINT('Ctrl Pts',(51.458272694752,-12.0327988338088,10000.));
#11799=CARTESIAN_POINT('Ctrl Pts',(51.458272694752,-12.0327988338112,-10000.));
#11800=CARTESIAN_POINT('Ctrl Pts',(51.397731513994,-12.1861333819188,10000.));
#11801=CARTESIAN_POINT('Ctrl Pts',(51.397731513994,-12.1861333819212,-10000.));
#11802=CARTESIAN_POINT('',(51.460322621866,-11.83094934402,0.));
#11803=CARTESIAN_POINT('',(51.460322621866,-11.83094934402,1.6E-016));
#11804=CARTESIAN_POINT('Ctrl Pts',(51.460322621866,-11.83094934402,1.6E-016));
#11805=CARTESIAN_POINT('Ctrl Pts',(51.458272694752,-12.03279883381,1.9E-016));
#11806=CARTESIAN_POINT('Ctrl Pts',(51.397731513994,-12.18613338192,2.1E-016));
#11807=CARTESIAN_POINT('Origin',(50.271364895918,-11.83094934402,1.6E-016));
#11808=CARTESIAN_POINT('',(50.271364895918,-11.83094934402,0.));
#11809=CARTESIAN_POINT('',(50.271364895918,-11.83094934402,1.6E-016));
#11810=CARTESIAN_POINT('',(50.271364895918,-11.83094934402,0.));
#11811=CARTESIAN_POINT('Ctrl Pts',(50.464058044606,-12.3314048833788,10000.));
#11812=CARTESIAN_POINT('Ctrl Pts',(50.464058044606,-12.3314048833812,-10000.));
#11813=CARTESIAN_POINT('Ctrl Pts',(50.302113802624,-12.1522412536388,10000.));
#11814=CARTESIAN_POINT('Ctrl Pts',(50.302113802624,-12.1522412536412,-10000.));
#11815=CARTESIAN_POINT('Ctrl Pts',(50.271364895918,-11.8309493440188,10000.));
#11816=CARTESIAN_POINT('Ctrl Pts',(50.271364895918,-11.8309493440212,-10000.));
#11817=CARTESIAN_POINT('Ctrl Pts',(50.464058044606,-12.33140488338,2.2E-016));
#11818=CARTESIAN_POINT('Ctrl Pts',(50.302113802624,-12.15224125364,2.E-016));
#11819=CARTESIAN_POINT('Ctrl Pts',(50.271364895918,-11.83094934402,1.6E-016));
#11820=CARTESIAN_POINT('Ctrl Pts',(55.263074079592,-12.5105685131188,10000.));
#11821=CARTESIAN_POINT('Ctrl Pts',(55.263074079592,-12.5105685131212,-10000.));
#11822=CARTESIAN_POINT('Ctrl Pts',(54.990433773469,-12.5105685131188,10000.));
#11823=CARTESIAN_POINT('Ctrl Pts',(54.990433773469,-12.5105685131212,-10000.));
#11824=CARTESIAN_POINT('Ctrl Pts',(54.828489531487,-12.3314048833788,10000.));
#11825=CARTESIAN_POINT('Ctrl Pts',(54.828489531487,-12.3314048833812,-10000.));
#11826=CARTESIAN_POINT('',(55.263074079592,-12.51056851312,0.));
#11827=CARTESIAN_POINT('',(55.263074079592,-12.51056851312,2.5E-016));
#11828=CARTESIAN_POINT('',(54.828489531487,-12.33140488338,0.));
#11829=CARTESIAN_POINT('',(54.828489531487,-12.33140488338,2.2E-016));
#11830=CARTESIAN_POINT('Ctrl Pts',(55.263074079592,-12.51056851312,2.5E-016));
#11831=CARTESIAN_POINT('Ctrl Pts',(54.990433773469,-12.51056851312,2.5E-016));
#11832=CARTESIAN_POINT('Ctrl Pts',(54.828489531487,-12.33140488338,2.2E-016));
#11833=CARTESIAN_POINT('Ctrl Pts',(55.578762855102,-12.4250182215688,10000.));
#11834=CARTESIAN_POINT('Ctrl Pts',(55.578762855102,-12.4250182215712,-10000.));
#11835=CARTESIAN_POINT('Ctrl Pts',(55.45576722828,-12.5105685131188,10000.));
#11836=CARTESIAN_POINT('Ctrl Pts',(55.45576722828,-12.5105685131212,-10000.));
#11837=CARTESIAN_POINT('Ctrl Pts',(55.263074079592,-12.5105685131188,10000.));
#11838=CARTESIAN_POINT('Ctrl Pts',(55.263074079592,-12.5105685131212,-10000.));
#11839=CARTESIAN_POINT('',(55.578762855102,-12.42501822157,0.));
#11840=CARTESIAN_POINT('',(55.578762855102,-12.42501822157,2.4E-016));
#11841=CARTESIAN_POINT('Ctrl Pts',(55.578762855102,-12.42501822157,2.4E-016));
#11842=CARTESIAN_POINT('Ctrl Pts',(55.45576722828,-12.51056851312,2.5E-016));
#11843=CARTESIAN_POINT('Ctrl Pts',(55.263074079592,-12.51056851312,2.5E-016));
#11844=CARTESIAN_POINT('Ctrl Pts',(55.762163000875,-12.1861333819188,10000.));
#11845=CARTESIAN_POINT('Ctrl Pts',(55.762163000875,-12.1861333819212,-10000.));
#11846=CARTESIAN_POINT('Ctrl Pts',(55.701758481924,-12.3396045918288,10000.));
#11847=CARTESIAN_POINT('Ctrl Pts',(55.701758481924,-12.3396045918312,-10000.));
#11848=CARTESIAN_POINT('Ctrl Pts',(55.578762855102,-12.4250182215688,10000.));
#11849=CARTESIAN_POINT('Ctrl Pts',(55.578762855102,-12.4250182215712,-10000.));
#11850=CARTESIAN_POINT('',(55.762163000875,-12.18613338192,0.));
#11851=CARTESIAN_POINT('',(55.762163000875,-12.18613338192,2.1E-016));
#11852=CARTESIAN_POINT('Ctrl Pts',(55.762163000875,-12.18613338192,2.1E-016));
#11853=CARTESIAN_POINT('Ctrl Pts',(55.701758481924,-12.33960459183,2.3E-016));
#11854=CARTESIAN_POINT('Ctrl Pts',(55.578762855102,-12.42501822157,2.4E-016));
#11855=CARTESIAN_POINT('Ctrl Pts',(55.824754108746,-11.8309493440188,10000.));
#11856=CARTESIAN_POINT('Ctrl Pts',(55.824754108746,-11.8309493440212,-10000.));
#11857=CARTESIAN_POINT('Ctrl Pts',(55.822704181633,-12.0327988338088,10000.));
#11858=CARTESIAN_POINT('Ctrl Pts',(55.822704181633,-12.0327988338112,-10000.));
#11859=CARTESIAN_POINT('Ctrl Pts',(55.762163000875,-12.1861333819188,10000.));
#11860=CARTESIAN_POINT('Ctrl Pts',(55.762163000875,-12.1861333819212,-10000.));
#11861=CARTESIAN_POINT('',(55.824754108746,-11.83094934402,0.));
#11862=CARTESIAN_POINT('',(55.824754108746,-11.83094934402,1.6E-016));
#11863=CARTESIAN_POINT('Ctrl Pts',(55.824754108746,-11.83094934402,1.6E-016));
#11864=CARTESIAN_POINT('Ctrl Pts',(55.822704181633,-12.03279883381,1.9E-016));
#11865=CARTESIAN_POINT('Ctrl Pts',(55.762163000875,-12.18613338192,2.1E-016));
#11866=CARTESIAN_POINT('Origin',(54.635796382799,-11.83094934402,1.6E-016));
#11867=CARTESIAN_POINT('',(54.635796382799,-11.83094934402,0.));
#11868=CARTESIAN_POINT('',(54.635796382799,-11.83094934402,1.6E-016));
#11869=CARTESIAN_POINT('',(54.635796382799,-11.83094934402,0.));
#11870=CARTESIAN_POINT('Ctrl Pts',(54.828489531487,-12.3314048833788,10000.));
#11871=CARTESIAN_POINT('Ctrl Pts',(54.828489531487,-12.3314048833812,-10000.));
#11872=CARTESIAN_POINT('Ctrl Pts',(54.666545289504,-12.1522412536388,10000.));
#11873=CARTESIAN_POINT('Ctrl Pts',(54.666545289504,-12.1522412536412,-10000.));
#11874=CARTESIAN_POINT('Ctrl Pts',(54.635796382799,-11.8309493440188,10000.));
#11875=CARTESIAN_POINT('Ctrl Pts',(54.635796382799,-11.8309493440212,-10000.));
#11876=CARTESIAN_POINT('Ctrl Pts',(54.828489531487,-12.33140488338,2.2E-016));
#11877=CARTESIAN_POINT('Ctrl Pts',(54.666545289504,-12.15224125364,2.E-016));
#11878=CARTESIAN_POINT('Ctrl Pts',(54.635796382799,-11.83094934402,1.6E-016));
#11879=CARTESIAN_POINT('Ctrl Pts',(55.366937053353,-4.5010932944598,10000.));
#11880=CARTESIAN_POINT('Ctrl Pts',(55.366937053353,-4.5010932944622,-10000.));
#11881=CARTESIAN_POINT('Ctrl Pts',(55.366937053353,-4.1187135568498,10000.));
#11882=CARTESIAN_POINT('Ctrl Pts',(55.366937053353,-4.1187135568522,-10000.));
#11883=CARTESIAN_POINT('Ctrl Pts',(55.475583190379,-3.8391034985408,10000.));
#11884=CARTESIAN_POINT('Ctrl Pts',(55.475583190379,-3.8391034985432,-10000.));
#11885=CARTESIAN_POINT('',(55.366937053353,-4.501093294461,0.));
#11886=CARTESIAN_POINT('',(55.366937053353,-4.501093294461,1.8E-016));
#11887=CARTESIAN_POINT('',(55.475583190379,-3.839103498542,0.));
#11888=CARTESIAN_POINT('',(55.475583190379,-3.839103498542,1.E-016));
#11889=CARTESIAN_POINT('Ctrl Pts',(55.366937053353,-4.501093294461,1.8E-016));
#11890=CARTESIAN_POINT('Ctrl Pts',(55.366937053353,-4.118713556851,1.4E-016));
#11891=CARTESIAN_POINT('Ctrl Pts',(55.475583190379,-3.839103498542,1.E-016));
#11892=CARTESIAN_POINT('Ctrl Pts',(55.476539823032,-5.1618531341098,10000.));
#11893=CARTESIAN_POINT('Ctrl Pts',(55.476539823032,-5.1618531341122,-10000.));
#11894=CARTESIAN_POINT('Ctrl Pts',(55.366937053353,-4.8853862973748,10000.));
#11895=CARTESIAN_POINT('Ctrl Pts',(55.366937053353,-4.8853862973772,-10000.));
#11896=CARTESIAN_POINT('Ctrl Pts',(55.366937053353,-4.5010932944598,10000.));
#11897=CARTESIAN_POINT('Ctrl Pts',(55.366937053353,-4.5010932944622,-10000.));
#11898=CARTESIAN_POINT('',(55.476539823032,-5.161853134111,0.));
#11899=CARTESIAN_POINT('',(55.476539823032,-5.161853134111,2.6E-016));
#11900=CARTESIAN_POINT('Ctrl Pts',(55.476539823032,-5.161853134111,2.6E-016));
#11901=CARTESIAN_POINT('Ctrl Pts',(55.366937053353,-4.885386297376,2.3E-016));
#11902=CARTESIAN_POINT('Ctrl Pts',(55.366937053353,-4.501093294461,1.8E-016));
#11903=CARTESIAN_POINT('Ctrl Pts',(55.811771237026,-5.5883746355678,10000.));
#11904=CARTESIAN_POINT('Ctrl Pts',(55.811771237026,-5.5883746355702,-10000.));
#11905=CARTESIAN_POINT('Ctrl Pts',(55.586279254519,-5.4383199708438,10000.));
#11906=CARTESIAN_POINT('Ctrl Pts',(55.586279254519,-5.4383199708462,-10000.));
#11907=CARTESIAN_POINT('Ctrl Pts',(55.476539823032,-5.1618531341098,10000.));
#11908=CARTESIAN_POINT('Ctrl Pts',(55.476539823032,-5.1618531341122,-10000.));
#11909=CARTESIAN_POINT('',(55.811771237026,-5.588374635569,0.));
#11910=CARTESIAN_POINT('',(55.811771237026,-5.588374635569,3.2E-016));
#11911=CARTESIAN_POINT('Ctrl Pts',(55.811771237026,-5.588374635569,3.2E-016));
#11912=CARTESIAN_POINT('Ctrl Pts',(55.586279254519,-5.438319970845,3.E-016));
#11913=CARTESIAN_POINT('Ctrl Pts',(55.476539823032,-5.161853134111,2.6E-016));
#11914=CARTESIAN_POINT('Ctrl Pts',(56.385750828863,-5.7384293002908,10000.));
#11915=CARTESIAN_POINT('Ctrl Pts',(56.385750828863,-5.7384293002932,-10000.));
#11916=CARTESIAN_POINT('Ctrl Pts',(56.037263219534,-5.7384293002908,10000.));
#11917=CARTESIAN_POINT('Ctrl Pts',(56.037263219534,-5.7384293002932,-10000.));
#11918=CARTESIAN_POINT('Ctrl Pts',(55.811771237026,-5.5883746355678,10000.));
#11919=CARTESIAN_POINT('Ctrl Pts',(55.811771237026,-5.5883746355702,-10000.));
#11920=CARTESIAN_POINT('',(56.385750828863,-5.738429300292,0.));
#11921=CARTESIAN_POINT('',(56.385750828863,-5.738429300292,3.4E-016));
#11922=CARTESIAN_POINT('Ctrl Pts',(56.385750828863,-5.738429300292,3.4E-016));
#11923=CARTESIAN_POINT('Ctrl Pts',(56.037263219534,-5.738429300292,3.4E-016));
#11924=CARTESIAN_POINT('Ctrl Pts',(55.811771237026,-5.588374635569,3.2E-016));
#11925=CARTESIAN_POINT('Ctrl Pts',(57.143130566472,-5.4105776239058,10000.));
#11926=CARTESIAN_POINT('Ctrl Pts',(57.143130566472,-5.4105776239082,-10000.));
#11927=CARTESIAN_POINT('Ctrl Pts',(56.900282534402,-5.7384293002908,10000.));
#11928=CARTESIAN_POINT('Ctrl Pts',(56.900282534402,-5.7384293002932,-10000.));
#11929=CARTESIAN_POINT('Ctrl Pts',(56.385750828863,-5.7384293002908,10000.));
#11930=CARTESIAN_POINT('Ctrl Pts',(56.385750828863,-5.7384293002932,-10000.));
#11931=CARTESIAN_POINT('',(57.143130566472,-5.410577623907,0.));
#11932=CARTESIAN_POINT('',(57.143130566472,-5.410577623907,3.E-016));
#11933=CARTESIAN_POINT('Ctrl Pts',(57.143130566472,-5.410577623907,3.E-016));
#11934=CARTESIAN_POINT('Ctrl Pts',(56.900282534402,-5.738429300292,3.4E-016));
#11935=CARTESIAN_POINT('Ctrl Pts',(56.385750828863,-5.738429300292,3.4E-016));
#11936=CARTESIAN_POINT('Ctrl Pts',(57.38611526035,-4.5010932944598,10000.));
#11937=CARTESIAN_POINT('Ctrl Pts',(57.38611526035,-4.5010932944622,-10000.));
#11938=CARTESIAN_POINT('Ctrl Pts',(57.38611526035,-5.0827259475208,10000.));
#11939=CARTESIAN_POINT('Ctrl Pts',(57.38611526035,-5.0827259475232,-10000.));
#11940=CARTESIAN_POINT('Ctrl Pts',(57.143130566472,-5.4105776239058,10000.));
#11941=CARTESIAN_POINT('Ctrl Pts',(57.143130566472,-5.4105776239082,-10000.));
#11942=CARTESIAN_POINT('',(57.38611526035,-4.501093294461,0.));
#11943=CARTESIAN_POINT('',(57.38611526035,-4.501093294461,1.8E-016));
#11944=CARTESIAN_POINT('Ctrl Pts',(57.38611526035,-4.501093294461,1.8E-016));
#11945=CARTESIAN_POINT('Ctrl Pts',(57.38611526035,-5.082725947522,2.6E-016));
#11946=CARTESIAN_POINT('Ctrl Pts',(57.143130566472,-5.410577623907,3.E-016));
#11947=CARTESIAN_POINT('Ctrl Pts',(57.279519050437,-3.8391034985408,10000.));
#11948=CARTESIAN_POINT('Ctrl Pts',(57.279519050437,-3.8391034985432,-10000.));
#11949=CARTESIAN_POINT('Ctrl Pts',(57.38611526035,-4.1187135568498,10000.));
#11950=CARTESIAN_POINT('Ctrl Pts',(57.38611526035,-4.1187135568522,-10000.));
#11951=CARTESIAN_POINT('Ctrl Pts',(57.38611526035,-4.5010932944598,10000.));
#11952=CARTESIAN_POINT('Ctrl Pts',(57.38611526035,-4.5010932944622,-10000.));
#11953=CARTESIAN_POINT('',(57.279519050437,-3.839103498542,0.));
#11954=CARTESIAN_POINT('',(57.279519050437,-3.839103498542,1.E-016));
#11955=CARTESIAN_POINT('Ctrl Pts',(57.279519050437,-3.839103498542,1.E-016));
#11956=CARTESIAN_POINT('Ctrl Pts',(57.38611526035,-4.118713556851,1.4E-016));
#11957=CARTESIAN_POINT('Ctrl Pts',(57.38611526035,-4.501093294461,1.8E-016));
#11958=CARTESIAN_POINT('Ctrl Pts',(56.950437417784,-3.4075255102028,10000.));
#11959=CARTESIAN_POINT('Ctrl Pts',(56.950437417784,-3.4075255102052,-10000.));
#11960=CARTESIAN_POINT('Ctrl Pts',(57.172922840525,-3.5596301020398,10000.));
#11961=CARTESIAN_POINT('Ctrl Pts',(57.172922840525,-3.5596301020422,-10000.));
#11962=CARTESIAN_POINT('Ctrl Pts',(57.279519050437,-3.8391034985408,10000.));
#11963=CARTESIAN_POINT('Ctrl Pts',(57.279519050437,-3.8391034985432,-10000.));
#11964=CARTESIAN_POINT('',(56.950437417784,-3.407525510204,0.));
#11965=CARTESIAN_POINT('',(56.950437417784,-3.407525510204,5.E-017));
#11966=CARTESIAN_POINT('Ctrl Pts',(56.950437417784,-3.407525510204,5.E-017));
#11967=CARTESIAN_POINT('Ctrl Pts',(57.172922840525,-3.559630102041,7.E-017));
#11968=CARTESIAN_POINT('Ctrl Pts',(57.279519050437,-3.839103498542,1.E-016));
#11969=CARTESIAN_POINT('Ctrl Pts',(56.379601047522,-3.2554209183658,10000.));
#11970=CARTESIAN_POINT('Ctrl Pts',(56.379601047522,-3.2554209183682,-10000.));
#11971=CARTESIAN_POINT('Ctrl Pts',(56.728088656851,-3.2554209183658,10000.));
#11972=CARTESIAN_POINT('Ctrl Pts',(56.728088656851,-3.2554209183682,-10000.));
#11973=CARTESIAN_POINT('Ctrl Pts',(56.950437417784,-3.4075255102028,10000.));
#11974=CARTESIAN_POINT('Ctrl Pts',(56.950437417784,-3.4075255102052,-10000.));
#11975=CARTESIAN_POINT('',(56.379601047522,-3.255420918367,0.));
#11976=CARTESIAN_POINT('',(56.379601047522,-3.255420918367,3.E-017));
#11977=CARTESIAN_POINT('Ctrl Pts',(56.379601047522,-3.255420918367,3.E-017));
#11978=CARTESIAN_POINT('Ctrl Pts',(56.728088656851,-3.255420918367,3.E-017));
#11979=CARTESIAN_POINT('Ctrl Pts',(56.950437417784,-3.407525510204,5.E-017));
#11980=CARTESIAN_POINT('Ctrl Pts',(55.808628015452,-3.4075255102028,10000.));
#11981=CARTESIAN_POINT('Ctrl Pts',(55.808628015452,-3.4075255102052,-10000.));
#11982=CARTESIAN_POINT('Ctrl Pts',(56.033163365306,-3.2554209183658,10000.));
#11983=CARTESIAN_POINT('Ctrl Pts',(56.033163365306,-3.2554209183682,-10000.));
#11984=CARTESIAN_POINT('Ctrl Pts',(56.379601047522,-3.2554209183658,10000.));
#11985=CARTESIAN_POINT('Ctrl Pts',(56.379601047522,-3.2554209183682,-10000.));
#11986=CARTESIAN_POINT('',(55.808628015452,-3.407525510204,0.));
#11987=CARTESIAN_POINT('',(55.808628015452,-3.407525510204,5.E-017));
#11988=CARTESIAN_POINT('Ctrl Pts',(55.808628015452,-3.407525510204,5.E-017));
#11989=CARTESIAN_POINT('Ctrl Pts',(56.033163365306,-3.255420918367,3.E-017));
#11990=CARTESIAN_POINT('Ctrl Pts',(56.379601047522,-3.255420918367,3.E-017));
#11991=CARTESIAN_POINT('Ctrl Pts',(55.475583190379,-3.8391034985408,10000.));
#11992=CARTESIAN_POINT('Ctrl Pts',(55.475583190379,-3.8391034985432,-10000.));
#11993=CARTESIAN_POINT('Ctrl Pts',(55.584229327405,-3.5596301020398,10000.));
#11994=CARTESIAN_POINT('Ctrl Pts',(55.584229327405,-3.5596301020422,-10000.));
#11995=CARTESIAN_POINT('Ctrl Pts',(55.808628015452,-3.4075255102028,10000.));
#11996=CARTESIAN_POINT('Ctrl Pts',(55.808628015452,-3.4075255102052,-10000.));
#11997=CARTESIAN_POINT('Ctrl Pts',(55.475583190379,-3.839103498542,1.E-016));
#11998=CARTESIAN_POINT('Ctrl Pts',(55.584229327405,-3.559630102041,7.E-017));
#11999=CARTESIAN_POINT('Ctrl Pts',(55.808628015452,-3.407525510204,5.E-017));
#12000=CARTESIAN_POINT('Ctrl Pts',(59.361151703499,-5.0023688046638,10000.));
#12001=CARTESIAN_POINT('Ctrl Pts',(59.361151703499,-5.0023688046662,-10000.));
#12002=CARTESIAN_POINT('Ctrl Pts',(59.127460012536,-5.0023688046638,10000.));
#12003=CARTESIAN_POINT('Ctrl Pts',(59.127460012536,-5.0023688046662,-10000.));
#12004=CARTESIAN_POINT('Ctrl Pts',(58.98492174723,-4.9120353498528,10000.));
#12005=CARTESIAN_POINT('Ctrl Pts',(58.98492174723,-4.9120353498552,-10000.));
#12006=CARTESIAN_POINT('',(59.361151703499,-5.002368804665,0.));
#12007=CARTESIAN_POINT('',(59.361151703499,-5.002368804665,2.5E-016));
#12008=CARTESIAN_POINT('',(58.98492174723,-4.912035349854,0.));
#12009=CARTESIAN_POINT('',(58.98492174723,-4.912035349854,2.3E-016));
#12010=CARTESIAN_POINT('Ctrl Pts',(59.361151703499,-5.002368804665,2.5E-016));
#12011=CARTESIAN_POINT('Ctrl Pts',(59.127460012536,-5.002368804665,2.5E-016));
#12012=CARTESIAN_POINT('Ctrl Pts',(58.98492174723,-4.912035349854,2.3E-016));
#12013=CARTESIAN_POINT('Ctrl Pts',(59.835641499417,-4.7673104956258,10000.));
#12014=CARTESIAN_POINT('Ctrl Pts',(59.835641499417,-4.7673104956282,-10000.));
#12015=CARTESIAN_POINT('Ctrl Pts',(59.680940333236,-5.0023688046638,10000.));
#12016=CARTESIAN_POINT('Ctrl Pts',(59.680940333236,-5.0023688046662,-10000.));
#12017=CARTESIAN_POINT('Ctrl Pts',(59.361151703499,-5.0023688046638,10000.));
#12018=CARTESIAN_POINT('Ctrl Pts',(59.361151703499,-5.0023688046662,-10000.));
#12019=CARTESIAN_POINT('',(59.835641499417,-4.767310495627,0.));
#12020=CARTESIAN_POINT('',(59.835641499417,-4.767310495627,2.2E-016));
#12021=CARTESIAN_POINT('Ctrl Pts',(59.835641499417,-4.767310495627,2.2E-016));
#12022=CARTESIAN_POINT('Ctrl Pts',(59.680940333236,-5.002368804665,2.5E-016));
#12023=CARTESIAN_POINT('Ctrl Pts',(59.361151703499,-5.002368804665,2.5E-016));
#12024=CARTESIAN_POINT('Ctrl Pts',(59.990479327405,-4.1341563411068,10000.));
#12025=CARTESIAN_POINT('Ctrl Pts',(59.990479327405,-4.1341563411092,-10000.));
#12026=CARTESIAN_POINT('Ctrl Pts',(59.990479327405,-4.5323888483958,10000.));
#12027=CARTESIAN_POINT('Ctrl Pts',(59.990479327405,-4.5323888483982,-10000.));
#12028=CARTESIAN_POINT('Ctrl Pts',(59.835641499417,-4.7673104956258,10000.));
#12029=CARTESIAN_POINT('Ctrl Pts',(59.835641499417,-4.7673104956282,-10000.));
#12030=CARTESIAN_POINT('',(59.990479327405,-4.134156341108,0.));
#12031=CARTESIAN_POINT('',(59.990479327405,-4.134156341108,1.4E-016));
#12032=CARTESIAN_POINT('Ctrl Pts',(59.990479327405,-4.134156341108,1.4E-016));
#12033=CARTESIAN_POINT('Ctrl Pts',(59.990479327405,-4.532388848397,1.9E-016));
#12034=CARTESIAN_POINT('Ctrl Pts',(59.835641499417,-4.767310495627,2.2E-016));
#12035=CARTESIAN_POINT('Ctrl Pts',(59.921738438192,-3.6692328717188,10000.));
#12036=CARTESIAN_POINT('Ctrl Pts',(59.921738438192,-3.6692328717212,-10000.));
#12037=CARTESIAN_POINT('Ctrl Pts',(59.990479327405,-3.8714923469378,10000.));
#12038=CARTESIAN_POINT('Ctrl Pts',(59.990479327405,-3.8714923469402,-10000.));
#12039=CARTESIAN_POINT('Ctrl Pts',(59.990479327405,-4.1341563411068,10000.));
#12040=CARTESIAN_POINT('Ctrl Pts',(59.990479327405,-4.1341563411092,-10000.));
#12041=CARTESIAN_POINT('',(59.921738438192,-3.66923287172,0.));
#12042=CARTESIAN_POINT('',(59.921738438192,-3.66923287172,8.E-017));
#12043=CARTESIAN_POINT('Ctrl Pts',(59.921738438192,-3.66923287172,8.E-017));
#12044=CARTESIAN_POINT('Ctrl Pts',(59.990479327405,-3.871492346939,1.1E-016));
#12045=CARTESIAN_POINT('Ctrl Pts',(59.990479327405,-4.134156341108,1.4E-016));
#12046=CARTESIAN_POINT('Ctrl Pts',(59.713739167055,-3.3542274052468,10000.));
#12047=CARTESIAN_POINT('Ctrl Pts',(59.713739167055,-3.3542274052492,-10000.));
#12048=CARTESIAN_POINT('Ctrl Pts',(59.853134210787,-3.4671100583078,10000.));
#12049=CARTESIAN_POINT('Ctrl Pts',(59.853134210787,-3.4671100583102,-10000.));
#12050=CARTESIAN_POINT('Ctrl Pts',(59.921738438192,-3.6692328717188,10000.));
#12051=CARTESIAN_POINT('Ctrl Pts',(59.921738438192,-3.6692328717212,-10000.));
#12052=CARTESIAN_POINT('',(59.713739167055,-3.354227405248,0.));
#12053=CARTESIAN_POINT('',(59.713739167055,-3.354227405248,4.E-017));
#12054=CARTESIAN_POINT('Ctrl Pts',(59.713739167055,-3.354227405248,4.E-017));
#12055=CARTESIAN_POINT('Ctrl Pts',(59.853134210787,-3.467110058309,6.E-017));
#12056=CARTESIAN_POINT('Ctrl Pts',(59.921738438192,-3.66923287172,8.E-017));
#12057=CARTESIAN_POINT('Ctrl Pts',(59.365251557726,-3.2413447521858,10000.));
#12058=CARTESIAN_POINT('Ctrl Pts',(59.365251557726,-3.2413447521882,-10000.));
#12059=CARTESIAN_POINT('Ctrl Pts',(59.574344123324,-3.2413447521858,10000.));
#12060=CARTESIAN_POINT('Ctrl Pts',(59.574344123324,-3.2413447521882,-10000.));
#12061=CARTESIAN_POINT('Ctrl Pts',(59.713739167055,-3.3542274052468,10000.));
#12062=CARTESIAN_POINT('Ctrl Pts',(59.713739167055,-3.3542274052492,-10000.));
#12063=CARTESIAN_POINT('',(59.365251557726,-3.241344752187,0.));
#12064=CARTESIAN_POINT('',(59.365251557726,-3.241344752187,3.E-017));
#12065=CARTESIAN_POINT('Ctrl Pts',(59.365251557726,-3.241344752187,3.E-017));
#12066=CARTESIAN_POINT('Ctrl Pts',(59.574344123324,-3.241344752187,3.E-017));
#12067=CARTESIAN_POINT('Ctrl Pts',(59.713739167055,-3.354227405248,4.E-017));
#12068=CARTESIAN_POINT('Ctrl Pts',(58.976722038776,-3.3439777696778,10000.));
#12069=CARTESIAN_POINT('Ctrl Pts',(58.976722038776,-3.3439777696802,-10000.));
#12070=CARTESIAN_POINT('Ctrl Pts',(59.121310231195,-3.2413447521858,10000.));
#12071=CARTESIAN_POINT('Ctrl Pts',(59.121310231195,-3.2413447521882,-10000.));
#12072=CARTESIAN_POINT('Ctrl Pts',(59.365251557726,-3.2413447521858,10000.));
#12073=CARTESIAN_POINT('Ctrl Pts',(59.365251557726,-3.2413447521882,-10000.));
#12074=CARTESIAN_POINT('',(58.976722038776,-3.343977769679,0.));
#12075=CARTESIAN_POINT('',(58.976722038776,-3.343977769679,4.E-017));
#12076=CARTESIAN_POINT('Ctrl Pts',(58.976722038776,-3.343977769679,4.E-017));
#12077=CARTESIAN_POINT('Ctrl Pts',(59.121310231195,-3.241344752187,3.E-017));
#12078=CARTESIAN_POINT('Ctrl Pts',(59.365251557726,-3.241344752187,3.E-017));
#12079=CARTESIAN_POINT('Ctrl Pts',(58.769679400292,-3.6435404518938,10000.));
#12080=CARTESIAN_POINT('Ctrl Pts',(58.769679400292,-3.6435404518962,-10000.));
#12081=CARTESIAN_POINT('Ctrl Pts',(58.832270508163,-3.4466107871708,10000.));
#12082=CARTESIAN_POINT('Ctrl Pts',(58.832270508163,-3.4466107871732,-10000.));
#12083=CARTESIAN_POINT('Ctrl Pts',(58.976722038776,-3.3439777696778,10000.));
#12084=CARTESIAN_POINT('Ctrl Pts',(58.976722038776,-3.3439777696802,-10000.));
#12085=CARTESIAN_POINT('',(58.769679400292,-3.643540451895,0.));
#12086=CARTESIAN_POINT('',(58.769679400292,-3.643540451895,8.E-017));
#12087=CARTESIAN_POINT('Ctrl Pts',(58.769679400292,-3.643540451895,8.E-017));
#12088=CARTESIAN_POINT('Ctrl Pts',(58.832270508163,-3.446610787172,5.E-017));
#12089=CARTESIAN_POINT('Ctrl Pts',(58.976722038776,-3.343977769679,4.E-017));
#12090=CARTESIAN_POINT('Ctrl Pts',(58.707224954227,-4.1259566326518,10000.));
#12091=CARTESIAN_POINT('Ctrl Pts',(58.707224954227,-4.1259566326542,-10000.));
#12092=CARTESIAN_POINT('Ctrl Pts',(58.707224954227,-3.8406067784248,10000.));
#12093=CARTESIAN_POINT('Ctrl Pts',(58.707224954227,-3.8406067784272,-10000.));
#12094=CARTESIAN_POINT('Ctrl Pts',(58.769679400292,-3.6435404518938,10000.));
#12095=CARTESIAN_POINT('Ctrl Pts',(58.769679400292,-3.6435404518962,-10000.));
#12096=CARTESIAN_POINT('',(58.707224954227,-4.125956632653,0.));
#12097=CARTESIAN_POINT('',(58.707224954227,-4.125956632653,1.4E-016));
#12098=CARTESIAN_POINT('Ctrl Pts',(58.707224954227,-4.125956632653,1.4E-016));
#12099=CARTESIAN_POINT('Ctrl Pts',(58.707224954227,-3.840606778426,1.E-016));
#12100=CARTESIAN_POINT('Ctrl Pts',(58.769679400292,-3.643540451895,8.E-017));
#12101=CARTESIAN_POINT('Origin',(58.707224954227,-4.191690962099,1.5E-016));
#12102=CARTESIAN_POINT('',(58.707224954227,-4.191690962099,0.));
#12103=CARTESIAN_POINT('',(58.707224954227,-4.191690962099,1.5E-016));
#12104=CARTESIAN_POINT('',(58.707224954227,-4.191690962099,0.));
#12105=CARTESIAN_POINT('Ctrl Pts',(58.776922476093,-4.6421282798818,10000.));
#12106=CARTESIAN_POINT('Ctrl Pts',(58.776922476093,-4.6421282798842,-10000.));
#12107=CARTESIAN_POINT('Ctrl Pts',(58.711324808455,-4.4625546647218,10000.));
#12108=CARTESIAN_POINT('Ctrl Pts',(58.711324808455,-4.4625546647242,-10000.));
#12109=CARTESIAN_POINT('Ctrl Pts',(58.707224954227,-4.1916909620978,10000.));
#12110=CARTESIAN_POINT('Ctrl Pts',(58.707224954227,-4.1916909621002,-10000.));
#12111=CARTESIAN_POINT('',(58.776922476093,-4.642128279883,0.));
#12112=CARTESIAN_POINT('',(58.776922476093,-4.642128279883,2.E-016));
#12113=CARTESIAN_POINT('Ctrl Pts',(58.776922476093,-4.642128279883,2.E-016));
#12114=CARTESIAN_POINT('Ctrl Pts',(58.711324808455,-4.462554664723,1.8E-016));
#12115=CARTESIAN_POINT('Ctrl Pts',(58.707224954227,-4.191690962099,1.5E-016));
#12116=CARTESIAN_POINT('Ctrl Pts',(58.98492174723,-4.9120353498528,10000.));
#12117=CARTESIAN_POINT('Ctrl Pts',(58.98492174723,-4.9120353498552,-10000.));
#12118=CARTESIAN_POINT('Ctrl Pts',(58.842520143732,-4.8217018950428,10000.));
#12119=CARTESIAN_POINT('Ctrl Pts',(58.842520143732,-4.8217018950452,-10000.));
#12120=CARTESIAN_POINT('Ctrl Pts',(58.776922476093,-4.6421282798818,10000.));
#12121=CARTESIAN_POINT('Ctrl Pts',(58.776922476093,-4.6421282798842,-10000.));
#12122=CARTESIAN_POINT('Ctrl Pts',(58.98492174723,-4.912035349854,2.3E-016));
#12123=CARTESIAN_POINT('Ctrl Pts',(58.842520143732,-4.821701895044,2.2E-016));
#12124=CARTESIAN_POINT('Ctrl Pts',(58.776922476093,-4.642128279883,2.E-016));
#12125=CARTESIAN_POINT('Ctrl Pts',(61.797285085423,-5.0105685131188,10000.));
#12126=CARTESIAN_POINT('Ctrl Pts',(61.797285085423,-5.0105685131212,-10000.));
#12127=CARTESIAN_POINT('Ctrl Pts',(61.5246447793,-5.0105685131188,10000.));
#12128=CARTESIAN_POINT('Ctrl Pts',(61.5246447793,-5.0105685131212,-10000.));
#12129=CARTESIAN_POINT('Ctrl Pts',(61.362700537318,-4.8314048833808,10000.));
#12130=CARTESIAN_POINT('Ctrl Pts',(61.362700537318,-4.8314048833832,-10000.));
#12131=CARTESIAN_POINT('',(61.797285085423,-5.01056851312,0.));
#12132=CARTESIAN_POINT('',(61.797285085423,-5.01056851312,2.5E-016));
#12133=CARTESIAN_POINT('',(61.362700537318,-4.831404883382,0.));
#12134=CARTESIAN_POINT('',(61.362700537318,-4.831404883382,2.2E-016));
#12135=CARTESIAN_POINT('Ctrl Pts',(61.797285085423,-5.01056851312,2.5E-016));
#12136=CARTESIAN_POINT('Ctrl Pts',(61.5246447793,-5.01056851312,2.5E-016));
#12137=CARTESIAN_POINT('Ctrl Pts',(61.362700537318,-4.831404883382,2.2E-016));
#12138=CARTESIAN_POINT('Ctrl Pts',(62.112973860933,-4.9250182215728,10000.));
#12139=CARTESIAN_POINT('Ctrl Pts',(62.112973860933,-4.9250182215752,-10000.));
#12140=CARTESIAN_POINT('Ctrl Pts',(61.989978234111,-5.0105685131188,10000.));
#12141=CARTESIAN_POINT('Ctrl Pts',(61.989978234111,-5.0105685131212,-10000.));
#12142=CARTESIAN_POINT('Ctrl Pts',(61.797285085423,-5.0105685131188,10000.));
#12143=CARTESIAN_POINT('Ctrl Pts',(61.797285085423,-5.0105685131212,-10000.));
#12144=CARTESIAN_POINT('',(62.112973860933,-4.925018221574,0.));
#12145=CARTESIAN_POINT('',(62.112973860933,-4.925018221574,2.4E-016));
#12146=CARTESIAN_POINT('Ctrl Pts',(62.112973860933,-4.925018221574,2.4E-016));
#12147=CARTESIAN_POINT('Ctrl Pts',(61.989978234111,-5.01056851312,2.5E-016));
#12148=CARTESIAN_POINT('Ctrl Pts',(61.797285085423,-5.01056851312,2.5E-016));
#12149=CARTESIAN_POINT('Ctrl Pts',(62.296374006706,-4.6861333819228,10000.));
#12150=CARTESIAN_POINT('Ctrl Pts',(62.296374006706,-4.6861333819252,-10000.));
#12151=CARTESIAN_POINT('Ctrl Pts',(62.235969487755,-4.8396045918358,10000.));
#12152=CARTESIAN_POINT('Ctrl Pts',(62.235969487755,-4.8396045918382,-10000.));
#12153=CARTESIAN_POINT('Ctrl Pts',(62.112973860933,-4.9250182215728,10000.));
#12154=CARTESIAN_POINT('Ctrl Pts',(62.112973860933,-4.9250182215752,-10000.));
#12155=CARTESIAN_POINT('',(62.296374006706,-4.686133381924,0.));
#12156=CARTESIAN_POINT('',(62.296374006706,-4.686133381924,2.1E-016));
#12157=CARTESIAN_POINT('Ctrl Pts',(62.296374006706,-4.686133381924,2.1E-016));
#12158=CARTESIAN_POINT('Ctrl Pts',(62.235969487755,-4.839604591837,2.3E-016));
#12159=CARTESIAN_POINT('Ctrl Pts',(62.112973860933,-4.925018221574,2.4E-016));
#12160=CARTESIAN_POINT('Ctrl Pts',(62.358965114577,-4.3309493440218,10000.));
#12161=CARTESIAN_POINT('Ctrl Pts',(62.358965114577,-4.3309493440242,-10000.));
#12162=CARTESIAN_POINT('Ctrl Pts',(62.356915187464,-4.5327988338178,10000.));
#12163=CARTESIAN_POINT('Ctrl Pts',(62.356915187464,-4.5327988338202,-10000.));
#12164=CARTESIAN_POINT('Ctrl Pts',(62.296374006706,-4.6861333819228,10000.));
#12165=CARTESIAN_POINT('Ctrl Pts',(62.296374006706,-4.6861333819252,-10000.));
#12166=CARTESIAN_POINT('',(62.358965114577,-4.330949344023,0.));
#12167=CARTESIAN_POINT('',(62.358965114577,-4.330949344023,1.6E-016));
#12168=CARTESIAN_POINT('Ctrl Pts',(62.358965114577,-4.330949344023,1.6E-016));
#12169=CARTESIAN_POINT('Ctrl Pts',(62.356915187464,-4.532798833819,1.9E-016));
#12170=CARTESIAN_POINT('Ctrl Pts',(62.296374006706,-4.686133381924,2.1E-016));
#12171=CARTESIAN_POINT('Origin',(61.17000738863,-4.330949344023,1.6E-016));
#12172=CARTESIAN_POINT('',(61.17000738863,-4.330949344023,0.));
#12173=CARTESIAN_POINT('',(61.17000738863,-4.330949344023,1.6E-016));
#12174=CARTESIAN_POINT('',(61.17000738863,-4.330949344023,0.));
#12175=CARTESIAN_POINT('Ctrl Pts',(61.362700537318,-4.8314048833808,10000.));
#12176=CARTESIAN_POINT('Ctrl Pts',(61.362700537318,-4.8314048833832,-10000.));
#12177=CARTESIAN_POINT('Ctrl Pts',(61.200756295335,-4.6522412536428,10000.));
#12178=CARTESIAN_POINT('Ctrl Pts',(61.200756295335,-4.6522412536452,-10000.));
#12179=CARTESIAN_POINT('Ctrl Pts',(61.17000738863,-4.3309493440218,10000.));
#12180=CARTESIAN_POINT('Ctrl Pts',(61.17000738863,-4.3309493440242,-10000.));
#12181=CARTESIAN_POINT('Ctrl Pts',(61.362700537318,-4.831404883382,2.2E-016));
#12182=CARTESIAN_POINT('Ctrl Pts',(61.200756295335,-4.652241253644,2.E-016));
#12183=CARTESIAN_POINT('Ctrl Pts',(61.17000738863,-4.330949344023,1.6E-016));
#12184=CARTESIAN_POINT('Origin',(60.1,-16.5,17.5));
#12185=CARTESIAN_POINT('Origin',(68.,-16.,0.));
#12186=CARTESIAN_POINT('Origin',(68.,-16.,0.));
#12187=CARTESIAN_POINT('Origin',(68.,-16.,0.));
#12188=CARTESIAN_POINT('Origin',(68.,-16.,0.));
#12189=CARTESIAN_POINT('Origin',(68.,-16.,0.));
#12190=CARTESIAN_POINT('Origin',(68.,-16.,0.));
#12191=UNCERTAINTY_MEASURE_WITH_UNIT(LENGTH_MEASURE(0.01),#12195,
'DISTANCE_ACCURACY_VALUE',
'Maximum model space distance between geometric entities at asserted c
onnectivities');
#12192=UNCERTAINTY_MEASURE_WITH_UNIT(LENGTH_MEASURE(1.E-006),#12195,
'DISTANCE_ACCURACY_VALUE',
'Maximum model space distance between geometric entities at asserted c
onnectivities');
#12193=(
GEOMETRIC_REPRESENTATION_CONTEXT(3)
GLOBAL_UNCERTAINTY_ASSIGNED_CONTEXT((#12191))
GLOBAL_UNIT_ASSIGNED_CONTEXT((#12195,#12197,#12196))
REPRESENTATION_CONTEXT('','3D')
);
#12194=(
GEOMETRIC_REPRESENTATION_CONTEXT(3)
GLOBAL_UNCERTAINTY_ASSIGNED_CONTEXT((#12192))
GLOBAL_UNIT_ASSIGNED_CONTEXT((#12195,#12,#12196))
REPRESENTATION_CONTEXT('','3D')
);
#12195=(
LENGTH_UNIT()
NAMED_UNIT(*)
SI_UNIT(.MILLI.,.METRE.)
);
#12196=(
NAMED_UNIT(*)
SI_UNIT($,.STERADIAN.)
SOLID_ANGLE_UNIT()
);
#12197=(
NAMED_UNIT(*)
PLANE_ANGLE_UNIT()
SI_UNIT($,.RADIAN.)
);
#12198=SHAPE_DEFINITION_REPRESENTATION(#12199,#12200);
#12199=PRODUCT_DEFINITION_SHAPE('',$,#12202);
#12200=SHAPE_REPRESENTATION('',(#7158),#12193);
#12201=PRODUCT_DEFINITION_CONTEXT('part definition',#12206,'design');
#12202=PRODUCT_DEFINITION('Front 90 deg. insert','Front 90 deg. insert',
#12203,#12201);
#12203=PRODUCT_DEFINITION_FORMATION('',$,#12208);
#12204=PRODUCT_RELATED_PRODUCT_CATEGORY('Front 90 deg. insert',
'Front 90 deg. insert',(#12208));
#12205=APPLICATION_PROTOCOL_DEFINITION('international standard',
'automotive_design',2009,#12206);
#12206=APPLICATION_CONTEXT(
'Core Data for Automotive Mechanical Design Process');
#12207=PRODUCT_CONTEXT('part definition',#12206,'mechanical');
#12208=PRODUCT('Front 90 deg. insert','Front 90 deg. insert',$,(#12207));
#12209=PRESENTATION_STYLE_ASSIGNMENT((#12211));
#12210=PRESENTATION_STYLE_ASSIGNMENT((#12212));
#12211=SURFACE_STYLE_USAGE(.BOTH.,#12213);
#12212=SURFACE_STYLE_USAGE(.BOTH.,#12214);
#12213=SURFACE_SIDE_STYLE($,(#12215));
#12214=SURFACE_SIDE_STYLE($,(#12216));
#12215=SURFACE_STYLE_FILL_AREA(#12217);
#12216=SURFACE_STYLE_FILL_AREA(#12218);
#12217=FILL_AREA_STYLE($,(#12219));
#12218=FILL_AREA_STYLE($,(#12220));
#12219=FILL_AREA_STYLE_COLOUR($,#12221);
#12220=FILL_AREA_STYLE_COLOUR($,#12222);
#12221=COLOUR_RGB('',0.749019607843137,0.749019607843137,0.749019607843137);
#12222=COLOUR_RGB('',0.447058823529412,0.474509803921569,0.501960784313725);
ENDSEC;
END-ISO-10303-21;
